date,open,high,low,close,volume,wap,count
2021-10-19 13:30:00+00:00,171.71,172.73,171.29,171.49,4085500.0,171.96665,1262
2021-10-19 14:00:00+00:00,171.44,172.28,171.42,172.17,2117000.0,171.87955,811
2021-10-19 15:00:00+00:00,172.2,172.2,171.14,171.22,2096740.0,171.58175,782
2021-10-19 16:00:00+00:00,171.23,171.57,171.1,171.57,1703140.0,171.31825,556
2021-10-19 17:00:00+00:00,171.59,171.72,171.38,171.61,1426180.0,171.53275,378
2021-10-19 18:00:00+00:00,171.6,172.33,171.6,172.28,2118700.0,171.99545,678
2021-10-19 19:00:00+00:00,172.26,172.73,172.02,172.22,3860420.0,172.35965,1243
2021-10-20 13:30:00+00:00,172.65,173.14,171.66,171.99,3392180.0,172.5535,1137
2021-10-20 14:00:00+00:00,172.04,172.1,171.35,171.37,2610200.0,171.78575,902
2021-10-20 15:00:00+00:00,171.39,171.8,171.05,171.7,1816900.0,171.40185,654
2021-10-20 16:00:00+00:00,171.75,171.75,171.18,171.28,899200.0,171.42885,355
2021-10-20 17:00:00+00:00,171.3,171.31,170.02,170.6,2770260.0,170.52735,1079
2021-10-20 18:00:00+00:00,170.62,170.97,170.5,170.85,1175760.0,170.7763,451
2021-10-20 19:00:00+00:00,170.86,171.23,170.45,170.74,2677680.0,170.83285,1088
2021-10-21 13:30:00+00:00,170.71,171.72,170.15,171.22,3069880.0,170.95715,1031
2021-10-21 14:00:00+00:00,171.23,171.87,170.76,171.61,2320060.0,171.31585,897
2021-10-21 15:00:00+00:00,171.66,172.01,171.14,171.25,2015020.0,171.54095,818
2021-10-21 16:00:00+00:00,171.22,171.84,170.96,171.73,1191160.0,171.39205,456
2021-10-21 17:00:00+00:00,171.74,171.94,171.48,171.54,1309260.0,171.7581,499
2021-10-21 18:00:00+00:00,171.55,171.87,171.45,171.87,547840.0,171.6767,230
2021-10-21 19:00:00+00:00,171.9,172.0,171.35,171.75,2390120.0,171.78365,945
2021-10-22 13:30:00+00:00,171.06,171.49,169.48,170.07,3677740.0,170.5101,1199
2021-10-22 14:00:00+00:00,170.04,170.3,168.65,168.77,3467460.0,169.59065,1433
2021-10-22 15:00:00+00:00,168.74,169.35,166.85,167.5,4823500.0,167.89995,1753
2021-10-22 16:00:00+00:00,167.5,168.36,166.98,167.67,2810620.0,167.63345,1040
2021-10-22 17:00:00+00:00,167.67,167.97,167.07,167.12,2155840.0,167.5446,664
2021-10-22 18:00:00+00:00,167.14,168.0,167.09,167.34,1766480.0,167.5813,687
2021-10-22 19:00:00+00:00,167.3,167.33,166.57,166.78,4419940.0,166.94605,1858
2021-10-25 13:30:00+00:00,166.75,167.39,164.89,165.95,4840640.0,166.20295,1567
2021-10-25 14:00:00+00:00,165.9,166.2,165.16,165.54,2523800.0,165.65845,1011
2021-10-25 15:00:00+00:00,165.53,165.6,164.91,165.34,1958800.0,165.2667,774
2021-10-25 16:00:00+00:00,165.36,166.7,165.35,166.34,1938580.0,166.06635,671
2021-10-25 17:00:00+00:00,166.31,166.48,166.07,166.07,732920.0,166.25545,272
2021-10-25 18:00:00+00:00,166.03,166.67,165.94,166.32,1618040.0,166.3415,600
2021-10-25 19:00:00+00:00,166.33,166.39,165.55,166.12,2804680.0,165.93425,1093
2021-10-26 13:30:00+00:00,167.5,170.34,167.2,169.63,5865340.0,169.22875,1838
2021-10-26 14:00:00+00:00,169.66,170.81,169.66,170.41,3982260.0,170.35775,1351
2021-10-26 15:00:00+00:00,170.45,170.65,169.23,169.27,2727760.0,169.902,855
2021-10-26 16:00:00+00:00,169.21,169.33,167.85,168.21,2068820.0,168.7014,704
2021-10-26 17:00:00+00:00,168.21,168.8,168.0,168.69,1497360.0,168.39865,517
2021-10-26 18:00:00+00:00,168.68,169.2,168.62,169.04,1326360.0,168.9308,491
2021-10-26 19:00:00+00:00,169.06,169.55,168.65,168.79,2435600.0,169.0633,936
2021-10-27 13:30:00+00:00,169.41,170.6,169.06,170.02,2590680.0,169.85985,822
2021-10-27 14:00:00+00:00,170.04,170.04,168.57,169.33,3657600.0,169.2253,1287
2021-10-27 15:00:00+00:00,169.26,169.83,168.95,169.47,2046640.0,169.4001,734
2021-10-27 16:00:00+00:00,169.44,170.92,169.44,170.73,2404940.0,170.14275,900
2021-10-27 17:00:00+00:00,170.71,171.85,170.47,171.3,4093480.0,171.3337,1335
2021-10-27 18:00:00+00:00,171.32,171.4,170.45,170.49,2039360.0,171.08795,754
2021-10-27 19:00:00+00:00,170.48,170.71,169.45,169.67,3948380.0,169.9985,1564
2021-10-28 13:30:00+00:00,170.1,170.45,169.3,169.89,3993360.0,169.8273,1325
2021-10-28 14:00:00+00:00,169.95,172.3,169.84,171.74,6041640.0,171.28455,2283
2021-10-28 15:00:00+00:00,171.72,172.9,171.41,172.57,5245000.0,172.2674,1980
2021-10-28 16:00:00+00:00,172.56,173.95,172.55,172.96,6721780.0,173.414,2359
2021-10-28 17:00:00+00:00,172.98,173.89,172.95,173.58,3781620.0,173.5272,1285
2021-10-28 18:00:00+00:00,173.58,173.89,173.38,173.56,2925380.0,173.58085,1153
2021-10-28 19:00:00+00:00,173.53,173.53,171.54,172.23,8717880.0,172.4192,3357
2021-10-29 13:30:00+00:00,165.0,166.72,163.67,165.96,16109500.0,165.20505,5206
2021-10-29 14:00:00+00:00,165.93,166.62,165.1,165.94,8923140.0,165.8193,3095
2021-10-29 15:00:00+00:00,165.94,167.69,165.52,167.0,9140100.0,166.91175,3021
2021-10-29 16:00:00+00:00,167.02,167.8,166.9,167.28,4457100.0,167.3941,1390
2021-10-29 17:00:00+00:00,167.33,167.98,167.3,167.63,2906260.0,167.6011,1033
2021-10-29 18:00:00+00:00,167.58,167.71,167.05,167.37,2631140.0,167.41475,971
2021-10-29 19:00:00+00:00,167.35,168.74,166.89,168.62,7046580.0,167.8014,2858
2021-11-01 13:30:00+00:00,168.09,168.79,166.25,166.54,6533500.0,167.3396,2072
2021-11-01 14:00:00+00:00,166.5,167.5,166.46,166.96,4340540.0,166.8963,1484
2021-11-01 15:00:00+00:00,166.95,167.21,166.65,166.85,2374220.0,166.87645,841
2021-11-01 16:00:00+00:00,166.84,166.84,165.95,166.06,2643380.0,166.46825,890
2021-11-01 17:00:00+00:00,166.04,166.37,164.6,164.89,4376960.0,165.31045,1557
2021-11-01 18:00:00+00:00,164.91,165.34,164.9,164.96,3086260.0,165.08795,1112
2021-11-01 19:00:00+00:00,164.93,165.94,164.93,165.91,4998040.0,165.5402,1907
2021-11-02 13:30:00+00:00,165.75,166.55,165.01,166.01,3078240.0,165.8703,1005
2021-11-02 14:00:00+00:00,166.09,166.26,164.82,164.89,3446400.0,165.39255,1244
2021-11-02 15:00:00+00:00,164.94,164.97,164.18,164.57,2728900.0,164.5427,1068
2021-11-02 16:00:00+00:00,164.54,164.9,164.41,164.49,1547300.0,164.63105,681
2021-11-02 17:00:00+00:00,164.53,165.14,164.5,164.93,1346500.0,164.85175,554
2021-11-02 18:00:00+00:00,164.95,165.35,164.64,165.27,1911360.0,164.8731,791
2021-11-02 19:00:00+00:00,165.28,165.66,164.96,165.66,3928200.0,165.36455,1471
2021-11-03 13:30:00+00:00,165.45,166.35,164.88,166.15,3169560.0,165.6266,1036
2021-11-03 14:00:00+00:00,166.16,166.24,165.58,165.74,2094620.0,165.85815,901
2021-11-03 15:00:00+00:00,165.77,166.55,165.47,166.42,1901500.0,165.9071,707
2021-11-03 16:00:00+00:00,166.42,167.0,166.22,166.31,2189160.0,166.6436,820
2021-11-03 17:00:00+00:00,166.27,167.84,166.13,167.42,3383880.0,167.2404,1184
2021-11-03 18:00:00+00:00,167.36,168.7,166.95,168.61,5312020.0,167.8781,1787
2021-11-03 19:00:00+00:00,168.61,169.75,168.5,169.2,6990200.0,169.19275,2541
2021-11-04 13:30:00+00:00,168.5,172.2,168.25,172.0,7249180.0,170.26255,2481
2021-11-04 14:00:00+00:00,172.04,173.3,171.3,173.09,9881560.0,172.613,3471
2021-11-04 15:00:00+00:00,173.09,173.09,171.74,172.94,5190560.0,172.41395,1657
2021-11-04 16:00:00+00:00,172.96,173.42,172.73,173.27,3555580.0,173.11745,1234
2021-11-04 17:00:00+00:00,173.28,174.9,173.14,174.65,5909340.0,174.20285,1893
2021-11-04 18:00:00+00:00,174.64,174.93,173.82,173.84,5098420.0,174.5059,1840
2021-11-04 19:00:00+00:00,173.74,174.91,173.53,173.85,8039580.0,174.13665,3002
2021-11-05 13:30:00+00:00,173.85,176.35,173.85,176.35,8096480.0,175.3636,2649
2021-11-05 14:00:00+00:00,176.37,177.32,176.17,176.94,6485920.0,176.7075,2332
2021-11-05 15:00:00+00:00,176.94,177.45,176.48,177.34,3863280.0,177.03395,1271
2021-11-05 16:00:00+00:00,177.33,178.31,177.25,177.42,4493860.0,177.70665,1604
2021-11-05 17:00:00+00:00,177.4,177.55,176.49,177.35,5408440.0,177.11845,1789
2021-11-05 18:00:00+00:00,177.3,177.58,176.97,177.32,3049600.0,177.30675,1166
2021-11-05 19:00:00+00:00,177.32,177.32,175.36,175.83,5786900.0,176.0909,2227
2021-11-08 14:30:00+00:00,176.1,178.95,176.04,177.5,5381860.0,177.69475,1653
2021-11-08 15:00:00+00:00,177.6,177.64,175.79,176.19,3686940.0,176.71555,1166
2021-11-08 16:00:00+00:00,176.14,176.56,175.45,175.64,2336140.0,175.9708,768
2021-11-08 17:00:00+00:00,175.65,175.9,175.36,175.85,2022400.0,175.5431,596
2021-11-08 18:00:00+00:00,175.77,176.09,175.36,175.37,1644360.0,175.7926,508
2021-11-08 19:00:00+00:00,175.39,175.64,174.52,175.15,2808620.0,175.1198,956
2021-11-08 20:00:00+00:00,175.12,175.4,174.39,174.39,3528780.0,174.8754,1225
2021-11-09 14:30:00+00:00,175.76,176.9,175.26,175.9,5203400.0,176.1822,1590
2021-11-09 15:00:00+00:00,175.83,177.35,175.07,176.88,4939260.0,176.23775,1496
2021-11-09 16:00:00+00:00,176.89,178.77,176.63,178.28,3614440.0,177.76565,1218
2021-11-09 17:00:00+00:00,178.19,179.59,177.66,179.46,3630900.0,178.6275,1167
2021-11-09 18:00:00+00:00,179.5,179.69,178.79,179.15,4351000.0,179.26465,1345
2021-11-09 19:00:00+00:00,179.1,179.46,178.19,178.61,3113220.0,178.88295,1146
2021-11-09 20:00:00+00:00,178.66,179.0,178.16,178.88,5038840.0,178.6453,1990
2021-11-10 14:30:00+00:00,178.1,179.87,177.07,179.7,6177700.0,178.51545,2052
2021-11-10 15:00:00+00:00,179.7,180.27,179.18,179.95,3529760.0,179.74635,1260
2021-11-10 16:00:00+00:00,179.95,180.21,179.23,179.63,2994620.0,179.70635,956
2021-11-10 17:00:00+00:00,179.7,179.85,177.95,178.4,3016160.0,178.8744,1020
2021-11-10 18:00:00+00:00,178.38,178.55,176.0,176.37,3912440.0,176.9837,1268
2021-11-10 19:00:00+00:00,176.29,176.37,173.64,174.12,4280520.0,174.75025,1461
2021-11-10 20:00:00+00:00,174.1,174.93,173.19,174.11,5285220.0,174.0903,2036
2021-11-11 14:30:00+00:00,175.65,177.16,175.1,176.98,4376700.0,176.0408,1345
2021-11-11 15:00:00+00:00,177.03,177.15,175.27,175.53,3349660.0,175.984,1068
2021-11-11 16:00:00+00:00,175.54,176.12,175.09,175.69,1808400.0,175.70695,501
2021-11-11 17:00:00+00:00,175.7,175.85,174.4,174.9,1601940.0,175.05795,549
2021-11-11 18:00:00+00:00,174.72,174.9,174.45,174.6,1230980.0,174.64575,444
2021-11-11 19:00:00+00:00,174.51,174.67,173.93,173.95,1610360.0,174.31715,534
2021-11-11 20:00:00+00:00,173.9,174.01,173.37,173.62,2937160.0,173.6711,1145
2021-11-12 14:30:00+00:00,174.25,174.35,172.35,173.8,3839620.0,173.46475,1263
2021-11-12 15:00:00+00:00,173.61,174.85,173.61,174.78,2271620.0,174.2963,796
2021-11-12 16:00:00+00:00,174.78,176.14,174.78,175.92,2901180.0,175.7074,1093
2021-11-12 17:00:00+00:00,175.97,177.04,175.92,176.5,2937860.0,176.54035,1051
2021-11-12 18:00:00+00:00,176.37,176.37,175.82,176.06,1069920.0,176.14605,404
2021-11-12 19:00:00+00:00,176.01,176.01,175.31,175.8,1144660.0,175.6731,449
2021-11-12 20:00:00+00:00,175.79,176.49,175.36,176.3,2729340.0,176.0986,1066
2021-11-15 14:30:00+00:00,176.85,179.69,176.6,179.23,5213440.0,178.455,1505
2021-11-15 15:00:00+00:00,179.23,179.4,176.75,177.25,3851760.0,177.7367,1330
2021-11-15 16:00:00+00:00,177.22,177.63,176.29,176.62,2219000.0,177.0048,760
2021-11-15 17:00:00+00:00,176.57,177.3,176.57,176.98,1696820.0,176.99305,583
2021-11-15 18:00:00+00:00,176.98,177.78,176.94,177.39,1316080.0,177.43235,450
2021-11-15 19:00:00+00:00,177.39,178.37,177.16,177.6,2069920.0,177.8667,683
2021-11-15 20:00:00+00:00,177.65,177.8,176.85,177.28,2461840.0,177.3104,856
2021-11-16 14:30:00+00:00,176.93,178.83,176.92,177.0,3346780.0,177.7534,988
2021-11-16 15:00:00+00:00,177.0,177.57,176.26,177.23,2945560.0,177.04135,995
2021-11-16 16:00:00+00:00,177.23,178.3,177.19,177.86,2290140.0,177.8277,756
2021-11-16 17:00:00+00:00,177.89,178.15,177.7,177.91,1011200.0,177.98135,359
2021-11-16 18:00:00+00:00,177.9,177.91,177.14,177.39,1059520.0,177.4741,400
2021-11-16 19:00:00+00:00,177.34,177.37,176.96,177.15,1012080.0,177.151,372
2021-11-16 20:00:00+00:00,177.13,177.55,176.85,177.04,2445020.0,177.1075,1007
2021-11-17 14:30:00+00:00,178.3,179.15,178.0,178.42,5065980.0,178.5537,1549
2021-11-17 15:00:00+00:00,178.3,179.1,177.48,177.72,2937540.0,178.4039,1031
2021-11-17 16:00:00+00:00,177.64,178.96,177.56,178.94,1943640.0,178.2394,673
2021-11-17 17:00:00+00:00,178.9,179.36,178.53,178.63,3328020.0,178.99415,1012
2021-11-17 18:00:00+00:00,178.59,178.66,177.9,178.58,1770020.0,178.25185,619
2021-11-17 19:00:00+00:00,178.58,178.58,177.71,178.1,1259560.0,178.07335,462
2021-11-17 20:00:00+00:00,178.1,178.1,177.27,177.44,2884640.0,177.61305,1094
2021-11-18 14:30:00+00:00,178.27,179.33,178.05,179.18,4566640.0,178.79525,1246
2021-11-18 15:00:00+00:00,179.09,181.9,179.09,181.85,10623140.0,180.6995,3297
2021-11-18 16:00:00+00:00,181.85,183.65,181.1,183.24,8190120.0,182.5631,2538
2021-11-18 17:00:00+00:00,183.25,183.99,182.56,183.19,5514860.0,183.3867,1790
2021-11-18 18:00:00+00:00,183.13,184.13,183.13,184.01,4672820.0,183.636,1412
2021-11-18 19:00:00+00:00,184.01,184.21,183.15,183.46,4233100.0,183.6924,1377
2021-11-18 20:00:00+00:00,183.37,185.21,183.29,184.8,9421760.0,184.4959,3444
2021-11-19 14:30:00+00:00,185.63,187.85,185.26,187.75,11766000.0,186.5386,2896
2021-11-19 15:00:00+00:00,187.81,187.81,185.9,187.1,6824060.0,186.77255,2319
2021-11-19 16:00:00+00:00,187.1,188.11,187.02,187.72,4315780.0,187.66385,1538
2021-11-19 17:00:00+00:00,187.67,187.81,185.79,186.16,3132640.0,186.80235,1064
2021-11-19 18:00:00+00:00,186.2,186.4,184.13,185.67,4833700.0,185.21555,1553
2021-11-19 19:00:00+00:00,185.72,186.03,184.92,185.05,2984860.0,185.50505,1065
2021-11-19 20:00:00+00:00,185.16,185.17,183.79,183.84,5044780.0,184.33755,1904
2021-11-22 14:30:00+00:00,183.82,185.67,183.39,183.39,5993900.0,184.54315,1531
2021-11-22 15:00:00+00:00,183.51,183.71,179.92,180.1,8811780.0,181.6234,2941
2021-11-22 16:00:00+00:00,180.05,181.05,178.88,179.51,7086320.0,180.1585,2442
2021-11-22 17:00:00+00:00,179.38,180.22,178.38,179.4,5255520.0,179.25075,1732
2021-11-22 18:00:00+00:00,179.41,180.25,178.9,179.03,3452240.0,179.54885,1216
2021-11-22 19:00:00+00:00,179.13,180.8,179.07,180.64,2880880.0,180.15835,917
2021-11-22 20:00:00+00:00,180.62,181.16,178.46,178.64,5211560.0,179.72525,1762
2021-11-23 14:30:00+00:00,179.25,181.05,178.11,179.65,5912400.0,179.89345,1724
2021-11-23 15:00:00+00:00,179.65,179.75,177.25,177.41,5215020.0,178.3081,1509
2021-11-23 16:00:00+00:00,177.38,178.39,176.46,177.72,4560240.0,177.603,1393
2021-11-23 17:00:00+00:00,177.7,178.15,176.86,177.15,2725040.0,177.40085,795
2021-11-23 18:00:00+00:00,177.1,177.91,176.39,177.78,2648780.0,177.1392,849
2021-11-23 19:00:00+00:00,177.82,179.02,177.33,178.91,3255780.0,178.0359,997
2021-11-23 20:00:00+00:00,178.97,179.5,178.37,179.03,4058160.0,179.0496,1456
2021-11-24 14:30:00+00:00,178.12,178.5,176.84,177.8,2732280.0,177.6515,700
2021-11-24 15:00:00+00:00,177.73,178.94,177.08,178.6,3390140.0,178.2128,1160
2021-11-24 16:00:00+00:00,178.6,180.68,178.18,180.14,3679440.0,179.78745,1265
2021-11-24 17:00:00+00:00,180.09,180.26,179.36,179.78,1688160.0,179.8017,626
2021-11-24 18:00:00+00:00,179.87,180.0,178.69,178.7,1222520.0,179.39335,453
2021-11-24 19:00:00+00:00,178.73,179.24,178.0,178.68,1914780.0,178.5632,679
2021-11-24 20:00:00+00:00,178.67,179.33,178.4,178.95,2503280.0,178.9725,892
2021-11-26 14:30:00+00:00,180.16,181.68,177.78,179.48,7467760.0,179.5555,2309
2021-11-26 15:00:00+00:00,179.45,179.66,176.3,176.58,5734760.0,177.41565,2034
2021-11-26 16:00:00+00:00,176.56,177.01,175.76,176.53,3694700.0,176.4116,1281
2021-11-26 17:00:00+00:00,176.59,177.1,175.21,175.27,5363980.0,176.0874,2053
2021-11-29 14:30:00+00:00,177.3,178.3,176.58,178.25,5596960.0,177.3689,1572
2021-11-29 15:00:00+00:00,178.25,179.16,177.78,178.17,5129720.0,178.5498,1797
2021-11-29 16:00:00+00:00,178.14,179.14,178.04,178.81,2354480.0,178.704,685
2021-11-29 17:00:00+00:00,178.84,179.65,178.54,179.35,3070520.0,179.2025,891
2021-11-29 18:00:00+00:00,179.38,179.8,179.15,179.45,2063160.0,179.5219,647
2021-11-29 19:00:00+00:00,179.46,179.56,178.32,179.0,2715740.0,178.83995,821
2021-11-29 20:00:00+00:00,178.99,179.31,177.92,178.03,3919040.0,178.6221,1349
2021-11-30 14:30:00+00:00,178.18,179.2,177.85,178.52,3422220.0,178.39865,966
2021-11-30 15:00:00+00:00,178.44,179.29,175.46,175.51,6219920.0,177.7896,1961
2021-11-30 16:00:00+00:00,175.46,176.7,175.32,175.81,4742260.0,176.05095,1458
2021-11-30 17:00:00+00:00,175.74,175.74,174.6,175.21,3125520.0,175.2293,1031
2021-11-30 18:00:00+00:00,175.34,176.05,174.96,176.05,2657220.0,175.37355,830
2021-11-30 19:00:00+00:00,176.04,176.21,174.97,175.35,2558120.0,175.5762,845
2021-11-30 20:00:00+00:00,175.29,175.69,174.75,175.38,5158520.0,175.1859,1890
2021-12-01 14:30:00+00:00,177.25,177.9,176.05,176.66,4066120.0,176.971,1122
2021-12-01 15:00:00+00:00,176.8,177.43,176.33,177.02,3411440.0,176.8504,1140
2021-12-01 16:00:00+00:00,177.11,177.99,176.66,176.83,4389800.0,177.3996,1406
2021-12-01 17:00:00+00:00,176.81,177.11,175.17,175.2,3160360.0,176.40845,971
2021-12-01 18:00:00+00:00,175.18,175.63,174.33,174.75,4644740.0,175.06025,1356
2021-12-01 19:00:00+00:00,174.72,174.74,173.58,174.11,4393780.0,174.19335,1340
2021-12-01 20:00:00+00:00,174.15,174.15,172.08,172.19,6382700.0,173.05265,2402
2021-12-02 14:30:00+00:00,173.0,174.64,172.1,173.74,4318740.0,173.5481,1323
2021-12-02 15:00:00+00:00,173.75,174.37,171.3,172.35,5666620.0,172.59655,1813
2021-12-02 16:00:00+00:00,172.24,172.86,171.37,172.1,3157000.0,172.1839,1116
2021-12-02 17:00:00+00:00,172.11,173.78,171.91,172.64,3073320.0,172.9171,969
2021-12-02 18:00:00+00:00,172.5,172.87,171.65,172.6,2399940.0,172.2546,848
2021-12-02 19:00:00+00:00,172.62,172.62,171.43,171.64,1712260.0,171.98755,618
2021-12-02 20:00:00+00:00,171.72,172.7,171.19,171.87,4156760.0,171.8779,1611
2021-12-03 14:30:00+00:00,172.75,173.49,170.58,170.58,4166340.0,172.02235,1266
2021-12-03 15:00:00+00:00,170.74,171.09,168.96,169.22,5028200.0,170.07735,1777
2021-12-03 16:00:00+00:00,169.22,169.93,168.26,168.31,3746120.0,169.1545,1298
2021-12-03 17:00:00+00:00,168.36,169.15,168.18,168.83,2996400.0,168.6703,1083
2021-12-03 18:00:00+00:00,168.75,169.73,168.0,168.0,2905540.0,168.8271,944
2021-12-03 19:00:00+00:00,168.0,168.41,167.65,167.74,2381060.0,167.95575,800
2021-12-03 20:00:00+00:00,167.68,169.7,166.93,169.51,6504280.0,168.2304,2499
2021-12-06 14:30:00+00:00,169.63,170.25,166.93,168.3,4734180.0,168.36455,1512
2021-12-06 15:00:00+00:00,168.3,171.2,167.75,170.0,5756840.0,169.87645,1795
2021-12-06 16:00:00+00:00,170.2,171.4,169.79,170.8,2063180.0,170.5127,716
2021-12-06 17:00:00+00:00,170.85,173.07,170.72,172.97,3447820.0,172.2572,1114
2021-12-06 18:00:00+00:00,172.89,173.3,172.56,172.81,1944220.0,172.91285,710
2021-12-06 19:00:00+00:00,172.88,173.7,172.3,172.47,2587740.0,173.0856,893
2021-12-06 20:00:00+00:00,172.46,172.53,171.07,171.4,4977920.0,171.5739,1937
2021-12-07 14:30:00+00:00,174.64,175.2,173.33,174.96,4279640.0,174.46825,1296
2021-12-07 15:00:00+00:00,175.0,175.81,174.79,175.72,3698540.0,175.3717,1240
2021-12-07 16:00:00+00:00,175.74,177.04,175.66,176.75,3544520.0,176.4501,1103
2021-12-07 17:00:00+00:00,176.68,177.0,175.7,176.9,2846400.0,176.38265,818
2021-12-07 18:00:00+00:00,176.79,177.5,176.39,177.24,2640320.0,177.01145,813
2021-12-07 19:00:00+00:00,177.24,177.3,176.41,176.49,1831440.0,176.90885,654
2021-12-07 20:00:00+00:00,176.48,176.75,175.5,176.19,5390320.0,176.03595,2034
2021-12-08 14:30:00+00:00,176.04,176.63,174.9,175.75,3436300.0,175.8681,990
2021-12-08 15:00:00+00:00,175.71,176.35,175.1,175.2,2899680.0,175.58915,1103
2021-12-08 16:00:00+00:00,175.16,175.71,174.75,175.31,2028060.0,175.21085,772
2021-12-08 17:00:00+00:00,175.35,176.03,175.16,175.91,732780.0,175.5188,306
2021-12-08 18:00:00+00:00,175.89,177.18,175.79,176.48,1914960.0,176.38165,517
2021-12-08 19:00:00+00:00,176.48,176.52,176.05,176.35,1144800.0,176.25695,381
2021-12-08 20:00:00+00:00,176.34,176.5,175.95,176.08,2449440.0,176.20235,889
2021-12-09 14:30:00+00:00,175.75,176.97,175.1,175.5,2059120.0,176.16375,653
2021-12-09 15:00:00+00:00,175.45,175.95,174.47,175.1,2441580.0,175.07055,910
2021-12-09 16:00:00+00:00,175.15,176.02,175.01,175.64,1437080.0,175.5249,526
2021-12-09 17:00:00+00:00,175.55,176.1,175.5,176.05,1006860.0,175.7864,348
2021-12-09 18:00:00+00:00,176.06,176.06,174.71,175.11,1013700.0,175.46345,368
2021-12-09 19:00:00+00:00,175.12,175.43,174.73,174.76,1050580.0,175.11445,363
2021-12-09 20:00:00+00:00,174.76,175.05,174.14,174.16,3279940.0,174.42745,1280
2021-12-10 14:30:00+00:00,175.42,175.93,173.36,173.44,3024960.0,174.6824,927
2021-12-10 15:00:00+00:00,173.35,173.65,171.0,171.17,4149300.0,172.1095,1527
2021-12-10 16:00:00+00:00,171.14,172.08,170.5,172.06,4663780.0,171.1639,1455
2021-12-10 17:00:00+00:00,172.04,172.09,170.8,171.55,2377780.0,171.19275,821
2021-12-10 18:00:00+00:00,171.58,171.65,170.71,171.1,1788820.0,171.13455,628
2021-12-10 19:00:00+00:00,171.11,171.65,170.85,170.92,1745680.0,171.24735,590
2021-12-10 20:00:00+00:00,170.9,172.32,170.82,172.25,3078580.0,171.8054,1298
2021-12-13 14:30:00+00:00,172.0,172.1,170.33,170.55,2544140.0,171.2456,770
2021-12-13 15:00:00+00:00,170.42,171.2,169.7,170.33,3094480.0,170.3191,999
2021-12-13 16:00:00+00:00,170.28,170.4,169.44,169.55,2114140.0,169.783,698
2021-12-13 17:00:00+00:00,169.52,169.84,169.13,169.75,2272220.0,169.6103,590
2021-12-13 18:00:00+00:00,169.73,170.35,169.41,170.01,1418940.0,169.90605,437
2021-12-13 19:00:00+00:00,170.01,170.77,169.89,170.38,1451120.0,170.38335,430
2021-12-13 20:00:00+00:00,170.39,170.59,169.55,169.56,2858900.0,170.00875,983
2021-12-14 14:30:00+00:00,167.51,168.88,167.12,168.05,3473500.0,167.88115,1015
2021-12-14 15:00:00+00:00,168.0,168.75,167.24,167.44,2569040.0,167.80735,905
2021-12-14 16:00:00+00:00,167.38,167.73,166.51,167.05,2760520.0,167.11145,914
2021-12-14 17:00:00+00:00,167.15,167.27,166.44,166.92,2215660.0,166.7583,711
2021-12-14 18:00:00+00:00,166.96,167.3,166.87,167.0,1304300.0,167.03395,351
2021-12-14 19:00:00+00:00,166.94,168.3,166.93,168.09,1641700.0,167.75255,521
2021-12-14 20:00:00+00:00,168.12,169.5,168.08,169.09,3015060.0,168.86475,1080
2021-12-15 14:30:00+00:00,168.6,168.68,166.97,167.15,2187240.0,167.949,608
2021-12-15 15:00:00+00:00,167.09,167.14,166.1,166.11,3308840.0,166.68495,1209
2021-12-15 16:00:00+00:00,166.07,166.35,165.43,165.78,2840600.0,165.88535,843
2021-12-15 17:00:00+00:00,165.84,165.97,165.2,165.61,1998460.0,165.58235,783
2021-12-15 18:00:00+00:00,165.6,167.28,165.44,167.17,2318880.0,166.272,780
2021-12-15 19:00:00+00:00,167.1,169.2,166.15,168.73,5150440.0,168.17505,1637
2021-12-15 20:00:00+00:00,168.73,173.6,168.7,173.35,10484880.0,172.0195,3627
2021-12-16 14:30:00+00:00,173.37,174.17,171.12,171.37,3921020.0,172.8546,1170
2021-12-16 15:00:00+00:00,171.23,172.5,170.25,171.69,3122480.0,171.6391,1018
2021-12-16 16:00:00+00:00,171.7,171.71,169.4,169.57,3476500.0,170.31435,993
2021-12-16 17:00:00+00:00,169.49,170.0,169.0,169.04,1952220.0,169.51085,718
2021-12-16 18:00:00+00:00,169.13,169.98,169.05,169.45,1478680.0,169.58435,563
2021-12-16 19:00:00+00:00,169.49,169.69,168.33,168.78,1739660.0,168.98925,594
2021-12-16 20:00:00+00:00,168.72,169.87,168.16,168.8,4434020.0,169.01785,1555
2021-12-17 14:30:00+00:00,167.5,168.02,165.61,167.07,8859940.0,167.4457,1144
2021-12-17 15:00:00+00:00,166.81,170.13,166.15,169.44,3685300.0,168.0596,1307
2021-12-17 16:00:00+00:00,169.42,170.47,168.17,169.24,3064160.0,169.15385,981
2021-12-17 17:00:00+00:00,169.14,169.91,168.32,169.58,2044980.0,169.3955,748
2021-12-17 18:00:00+00:00,169.63,170.9,169.39,170.85,1921820.0,170.1449,623
2021-12-17 19:00:00+00:00,170.86,170.86,169.55,169.75,1725860.0,170.08525,684
2021-12-17 20:00:00+00:00,169.75,170.44,168.66,170.02,5136760.0,169.75325,1995
2021-12-20 14:30:00+00:00,166.85,167.8,166.01,167.35,4012720.0,166.84115,1179
2021-12-20 15:00:00+00:00,167.32,167.87,166.2,166.26,2439040.0,167.0881,788
2021-12-20 16:00:00+00:00,166.23,166.55,165.6,166.38,3184120.0,166.12905,997
2021-12-20 17:00:00+00:00,166.32,166.7,165.82,166.2,1387720.0,166.2984,462
2021-12-20 18:00:00+00:00,166.21,167.27,166.15,166.7,1306960.0,166.6969,402
2021-12-20 19:00:00+00:00,166.76,167.33,166.63,167.1,1498500.0,166.9843,449
2021-12-20 20:00:00+00:00,167.14,167.65,166.25,167.1,3283040.0,166.8661,1160
2021-12-21 14:30:00+00:00,167.85,168.38,166.2,166.5,2895660.0,167.229,892
2021-12-21 15:00:00+00:00,166.53,166.81,165.65,166.53,2280660.0,166.2976,793
2021-12-21 16:00:00+00:00,166.39,168.17,166.37,167.63,2603040.0,167.39105,847
2021-12-21 17:00:00+00:00,167.68,169.63,167.62,169.55,2864560.0,168.7223,889
2021-12-21 18:00:00+00:00,169.55,170.07,168.82,169.87,1590140.0,169.5845,606
2021-12-21 19:00:00+00:00,169.94,170.66,169.6,170.66,2454280.0,170.1834,844
2021-12-21 20:00:00+00:00,170.6,170.72,169.63,170.39,2832400.0,170.2134,1087
2021-12-22 14:30:00+00:00,169.27,171.27,168.5,170.56,3466580.0,170.0841,1055
2021-12-22 15:00:00+00:00,170.63,170.7,169.5,170.5,2849800.0,170.2016,934
2021-12-22 16:00:00+00:00,170.56,172.05,170.52,171.76,2529560.0,171.5572,856
2021-12-22 17:00:00+00:00,171.78,172.05,170.75,171.09,1932000.0,171.30605,616
2021-12-22 18:00:00+00:00,171.03,171.07,169.05,169.53,2715740.0,169.8739,1030
2021-12-22 19:00:00+00:00,169.48,170.22,169.35,170.22,1918460.0,169.7111,625
2021-12-22 20:00:00+00:00,170.19,171.09,169.86,171.05,3061720.0,170.51345,1129
2021-12-23 14:30:00+00:00,170.43,171.33,170.15,171.16,2506500.0,170.72675,706
2021-12-23 15:00:00+00:00,171.16,171.37,170.46,171.18,1499860.0,170.95845,536
2021-12-23 16:00:00+00:00,171.2,171.98,171.16,171.43,1844200.0,171.50195,659
2021-12-23 17:00:00+00:00,171.43,171.73,171.2,171.35,903880.0,171.43755,297
2021-12-23 18:00:00+00:00,171.39,171.87,171.3,171.55,980740.0,171.5792,320
2021-12-23 19:00:00+00:00,171.53,171.66,170.97,171.27,1070040.0,171.2457,392
2021-12-23 20:00:00+00:00,171.26,171.65,170.99,170.99,2818040.0,171.2917,1126
2021-12-27 14:30:00+00:00,171.04,172.94,170.7,171.1,5516800.0,171.84125,1657
2021-12-27 15:00:00+00:00,171.15,171.61,170.1,170.93,3224240.0,170.91365,1141
2021-12-27 16:00:00+00:00,170.96,171.25,170.16,170.26,2334040.0,170.6535,823
2021-12-27 17:00:00+00:00,170.25,170.46,169.4,170.16,2657980.0,170.0349,895
2021-12-27 18:00:00+00:00,170.13,170.36,169.86,170.09,1347860.0,170.0619,524
2021-12-27 19:00:00+00:00,170.08,170.08,169.6,169.9,1668600.0,169.8001,580
2021-12-27 20:00:00+00:00,169.86,169.95,169.22,169.69,2882420.0,169.6218,1168
2021-12-28 14:30:00+00:00,170.18,170.47,169.14,169.93,2684640.0,169.9412,785
2021-12-28 15:00:00+00:00,169.86,172.01,169.54,171.54,4221680.0,171.05435,1379
2021-12-28 16:00:00+00:00,171.52,172.18,170.62,171.29,3183720.0,171.4949,971
2021-12-28 17:00:00+00:00,171.4,171.6,170.58,170.97,2689360.0,171.0642,780
2021-12-28 18:00:00+00:00,170.8,170.99,170.44,170.78,993680.0,170.7037,339
2021-12-28 19:00:00+00:00,170.69,170.73,170.2,170.55,1415520.0,170.46425,480
2021-12-28 20:00:00+00:00,170.55,171.03,170.31,170.66,2086260.0,170.6981,846
2021-12-29 14:30:00+00:00,170.84,171.21,169.95,170.17,1813560.0,170.59565,507
2021-12-29 15:00:00+00:00,170.25,170.28,168.6,169.27,3123480.0,169.27635,990
2021-12-29 16:00:00+00:00,169.3,169.49,168.9,168.93,1191740.0,169.22385,438
2021-12-29 17:00:00+00:00,168.97,169.36,168.71,168.81,1241880.0,168.9409,435
2021-12-29 18:00:00+00:00,168.79,169.2,168.75,169.11,924100.0,168.95455,358
2021-12-29 19:00:00+00:00,169.09,169.47,169.04,169.4,726420.0,169.31125,240
2021-12-29 20:00:00+00:00,169.43,169.5,169.15,169.15,1724380.0,169.32265,631
2021-12-30 14:30:00+00:00,169.65,169.8,168.52,169.21,1448000.0,169.34305,426
2021-12-30 15:00:00+00:00,169.25,170.89,169.25,170.14,3196760.0,170.3484,1031
2021-12-30 16:00:00+00:00,170.16,170.42,169.8,170.14,1367700.0,170.1101,393
2021-12-30 17:00:00+00:00,170.16,170.34,169.65,169.9,1249380.0,169.95635,359
2021-12-30 18:00:00+00:00,169.89,170.49,169.8,170.1,1671580.0,170.17995,443
2021-12-30 19:00:00+00:00,170.08,170.08,169.59,169.78,1185020.0,169.80375,375
2021-12-30 20:00:00+00:00,169.75,169.77,168.55,168.65,2763780.0,169.03155,991
2021-12-31 14:30:00+00:00,168.96,169.35,168.35,168.35,1914720.0,168.80705,584
2021-12-31 15:00:00+00:00,168.34,168.37,167.65,167.83,2102140.0,167.9711,697
2021-12-31 16:00:00+00:00,167.81,168.23,167.51,167.94,1700780.0,167.8726,610
2021-12-31 17:00:00+00:00,167.91,167.91,167.51,167.75,1553100.0,167.66615,504
2021-12-31 18:00:00+00:00,167.8,167.97,167.35,167.4,1591360.0,167.60545,527
2021-12-31 19:00:00+00:00,167.41,167.54,167.12,167.18,1491680.0,167.3689,561
2021-12-31 20:00:00+00:00,167.16,167.33,166.56,166.74,5279120.0,166.96135,2081
2022-01-03 14:30:00+00:00,167.62,168.08,166.16,166.83,4422580.0,167.34845,1375
2022-01-03 15:00:00+00:00,166.81,170.19,166.7,170.07,5853340.0,168.97,1922
2022-01-03 16:00:00+00:00,170.11,170.7,169.86,170.23,4706160.0,170.25785,1337
2022-01-03 17:00:00+00:00,170.11,170.43,169.57,170.2,1685120.0,170.0415,507
2022-01-03 18:00:00+00:00,170.19,170.5,169.68,170.39,1782860.0,170.10065,495
2022-01-03 19:00:00+00:00,170.4,170.57,170.21,170.34,1544060.0,170.42155,556
2022-01-03 20:00:00+00:00,170.35,170.43,169.83,170.38,2535480.0,170.229,995
2022-01-04 14:30:00+00:00,170.44,171.4,169.52,170.11,4742360.0,170.5359,1436
2022-01-04 15:00:00+00:00,170.14,170.14,167.3,167.31,4594280.0,168.60105,1608
2022-01-04 16:00:00+00:00,167.28,167.73,166.35,166.96,4915540.0,166.9903,1696
2022-01-04 17:00:00+00:00,166.97,167.35,166.89,166.99,2460400.0,167.09465,790
2022-01-04 18:00:00+00:00,166.91,167.18,166.48,166.57,1939400.0,166.7746,692
2022-01-04 19:00:00+00:00,166.58,167.2,166.58,166.87,1744720.0,166.8872,656
2022-01-04 20:00:00+00:00,166.92,168.13,166.9,167.49,3800960.0,167.58895,1465
2022-01-05 14:30:00+00:00,166.69,167.05,164.56,166.4,3332120.0,166.00395,1050
2022-01-05 15:00:00+00:00,166.43,167.1,166.06,166.72,2134220.0,166.57925,808
2022-01-05 16:00:00+00:00,166.75,166.87,166.29,166.52,1597160.0,166.52435,547
2022-01-05 17:00:00+00:00,166.53,166.7,165.8,165.94,1850440.0,166.2614,698
2022-01-05 18:00:00+00:00,165.93,166.66,165.8,166.37,1518780.0,166.25155,600
2022-01-05 19:00:00+00:00,166.34,167.13,165.0,165.49,4712000.0,165.63465,1514
2022-01-05 20:00:00+00:00,165.43,165.57,164.36,164.4,5427120.0,164.95785,2125
2022-01-06 14:30:00+00:00,163.45,164.8,162.6,162.9,3589440.0,163.6451,951
2022-01-06 15:00:00+00:00,162.86,164.09,161.94,163.77,4372220.0,163.04695,1506
2022-01-06 16:00:00+00:00,163.85,164.41,163.18,163.77,1909940.0,163.7846,697
2022-01-06 17:00:00+00:00,163.7,164.12,163.18,163.54,1178240.0,163.59075,454
2022-01-06 18:00:00+00:00,163.64,163.96,163.35,163.66,1076700.0,163.6686,376
2022-01-06 19:00:00+00:00,163.67,163.91,163.05,163.56,930960.0,163.4264,395
2022-01-06 20:00:00+00:00,163.63,164.05,162.93,163.22,2517080.0,163.3545,993
2022-01-07 14:30:00+00:00,163.67,165.24,163.29,164.2,3482880.0,164.2821,1169
2022-01-07 15:00:00+00:00,164.05,164.18,162.05,162.25,2982220.0,163.1789,1055
2022-01-07 16:00:00+00:00,162.18,163.2,162.08,163.09,1911520.0,162.60475,722
2022-01-07 17:00:00+00:00,163.05,163.08,162.25,162.83,1141840.0,162.66125,483
2022-01-07 18:00:00+00:00,162.83,162.98,162.2,162.33,1114860.0,162.63,462
2022-01-07 19:00:00+00:00,162.33,162.88,162.03,162.73,1666140.0,162.4305,618
2022-01-07 20:00:00+00:00,162.69,163.25,162.44,162.59,3302040.0,162.78035,1250
2022-01-10 14:30:00+00:00,160.52,160.75,157.28,157.73,7997620.0,158.79155,2543
2022-01-10 15:00:00+00:00,157.59,157.84,156.3,157.22,7477600.0,157.0243,2735
2022-01-10 16:00:00+00:00,157.15,158.7,156.95,158.47,4233680.0,158.0017,1538
2022-01-10 17:00:00+00:00,158.45,158.55,157.26,158.39,2137720.0,157.8279,718
2022-01-10 18:00:00+00:00,158.33,159.65,158.21,159.45,2767040.0,158.91205,907
2022-01-10 19:00:00+00:00,159.42,160.91,159.37,160.25,3736340.0,160.32015,1156
2022-01-10 20:00:00+00:00,160.48,161.66,160.05,161.48,4722840.0,161.04155,1757
2022-01-11 14:30:00+00:00,161.5,162.7,160.7,162.03,2711640.0,161.74405,814
2022-01-11 15:00:00+00:00,162.0,163.38,161.87,162.95,3425180.0,162.7378,1230
2022-01-11 16:00:00+00:00,163.05,165.6,162.86,165.49,5246020.0,164.68955,1815
2022-01-11 17:00:00+00:00,165.55,166.35,165.21,165.4,4505020.0,165.72585,1419
2022-01-11 18:00:00+00:00,165.37,165.65,164.85,165.4,2015780.0,165.3279,619
2022-01-11 19:00:00+00:00,165.25,165.6,164.55,165.3,1788000.0,165.12555,638
2022-01-11 20:00:00+00:00,165.31,165.6,164.87,165.4,4043020.0,165.27465,1607
2022-01-12 14:30:00+00:00,166.66,166.66,165.29,166.0,3262220.0,166.0875,937
2022-01-12 15:00:00+00:00,166.02,166.88,164.86,165.05,3774780.0,165.9527,1263
2022-01-12 16:00:00+00:00,165.05,165.83,164.42,165.55,1501000.0,165.2012,508
2022-01-12 17:00:00+00:00,165.6,166.02,165.25,165.85,907420.0,165.68835,318
2022-01-12 18:00:00+00:00,165.87,165.93,165.35,165.6,1358340.0,165.61915,470
2022-01-12 19:00:00+00:00,165.56,165.65,165.06,165.53,1178180.0,165.38425,396
2022-01-12 20:00:00+00:00,165.5,165.69,164.89,165.29,2575460.0,165.2487,1031
2022-01-13 14:30:00+00:00,165.25,166.22,164.5,165.35,2312020.0,165.63445,676
2022-01-13 15:00:00+00:00,165.39,165.41,163.72,163.88,2920060.0,164.38015,1070
2022-01-13 16:00:00+00:00,163.88,164.41,163.57,163.86,1601340.0,163.9634,620
2022-01-13 17:00:00+00:00,163.83,163.86,161.57,162.4,3154560.0,162.40065,1124
2022-01-13 18:00:00+00:00,162.42,162.89,161.91,162.4,1396760.0,162.31975,488
2022-01-13 19:00:00+00:00,162.4,162.79,161.8,162.15,2231400.0,162.14545,752
2022-01-13 20:00:00+00:00,162.13,162.18,161.09,161.25,3828760.0,161.62855,1457
2022-01-14 14:30:00+00:00,160.32,162.25,159.8,161.7,3141000.0,161.0842,970
2022-01-14 15:00:00+00:00,161.76,161.87,160.26,160.49,2107740.0,160.98165,808
2022-01-14 16:00:00+00:00,160.58,161.58,159.86,161.43,2006800.0,160.70785,760
2022-01-14 17:00:00+00:00,161.4,161.55,160.23,160.23,982180.0,160.8829,389
2022-01-14 18:00:00+00:00,160.24,161.13,160.09,160.78,1518180.0,160.50525,614
2022-01-14 19:00:00+00:00,160.68,161.4,160.5,161.03,1115480.0,160.85325,423
2022-01-14 20:00:00+00:00,161.02,162.21,160.98,162.12,2759600.0,161.7838,1075
2022-01-18 14:30:00+00:00,159.1,159.65,157.88,159.13,4863420.0,158.7452,1420
2022-01-18 15:00:00+00:00,158.91,159.73,158.03,158.24,4085120.0,158.8822,1555
2022-01-18 16:00:00+00:00,158.24,158.58,157.76,158.33,2339640.0,158.1277,863
2022-01-18 17:00:00+00:00,158.37,158.91,157.72,157.95,1616380.0,158.19195,616
2022-01-18 18:00:00+00:00,157.8,158.14,157.66,157.97,1752740.0,157.8614,695
2022-01-18 19:00:00+00:00,158.12,159.29,158.04,159.1,1955240.0,158.645,655
2022-01-18 20:00:00+00:00,159.07,159.5,158.46,158.92,5003040.0,159.0213,1958
2022-01-19 14:30:00+00:00,158.76,159.25,157.92,158.55,3026660.0,158.5423,865
2022-01-19 15:00:00+00:00,158.54,158.77,156.93,157.25,3307020.0,157.8485,1204
2022-01-19 16:00:00+00:00,157.25,158.08,156.8,158.02,2305960.0,157.3053,802
2022-01-19 17:00:00+00:00,158.08,159.01,158.0,158.82,2249580.0,158.5998,794
2022-01-19 18:00:00+00:00,158.96,158.96,157.75,158.1,1438120.0,158.2657,506
2022-01-19 19:00:00+00:00,158.01,158.11,157.06,157.4,1910880.0,157.4583,728
2022-01-19 20:00:00+00:00,157.41,157.51,156.25,156.28,3357840.0,156.7668,1198
2022-01-20 14:30:00+00:00,156.77,158.0,156.7,157.49,3144300.0,157.37025,875
2022-01-20 15:00:00+00:00,157.56,157.83,156.79,157.2,3504900.0,157.35425,1189
2022-01-20 16:00:00+00:00,157.21,157.55,156.17,156.9,2706740.0,156.90905,907
2022-01-20 17:00:00+00:00,156.9,156.95,156.0,156.14,1787000.0,156.4147,674
2022-01-20 18:00:00+00:00,156.15,156.22,155.65,155.68,1684680.0,155.9203,536
2022-01-20 19:00:00+00:00,155.73,156.5,154.72,154.72,2633080.0,155.3621,902
2022-01-20 20:00:00+00:00,154.73,154.97,151.35,151.67,9834580.0,152.52595,3493
2022-01-21 14:30:00+00:00,149.83,150.9,147.55,147.59,10801440.0,149.3441,2652
2022-01-21 15:00:00+00:00,147.59,148.58,145.03,147.64,14768520.0,146.788,5191
2022-01-21 16:00:00+00:00,147.63,148.75,146.34,146.87,5936080.0,147.7898,2180
2022-01-21 17:00:00+00:00,146.87,147.15,145.53,145.84,3812720.0,146.271,1482
2022-01-21 18:00:00+00:00,145.9,146.26,145.22,145.73,5112760.0,145.79965,1731
2022-01-21 19:00:00+00:00,145.6,145.96,144.18,144.25,5762980.0,145.09745,2070
2022-01-21 20:00:00+00:00,144.18,144.43,142.07,142.56,19043320.0,143.17565,6987
2022-01-24 14:30:00+00:00,139.1,142.15,138.5,140.3,11825980.0,140.15635,3602
2022-01-24 15:00:00+00:00,140.4,141.5,139.0,140.63,8669500.0,140.21645,3176
2022-01-24 16:00:00+00:00,140.57,140.67,137.07,138.29,6334340.0,138.9993,2275
2022-01-24 17:00:00+00:00,138.19,138.52,135.35,137.45,8112940.0,136.4824,2847
2022-01-24 18:00:00+00:00,137.39,141.61,137.05,141.59,6295580.0,139.47675,2327
2022-01-24 19:00:00+00:00,141.59,142.1,138.39,140.43,4925860.0,140.1941,1808
2022-01-24 20:00:00+00:00,140.46,144.95,139.85,144.6,13377360.0,143.42675,4752
2022-01-25 14:30:00+00:00,142.24,143.6,139.78,140.36,4574880.0,141.82595,1386
2022-01-25 15:00:00+00:00,140.4,141.37,139.4,140.33,5049820.0,140.40805,1747
2022-01-25 16:00:00+00:00,140.26,140.79,138.45,138.73,4518540.0,139.46645,1566
2022-01-25 17:00:00+00:00,138.71,140.05,138.15,139.22,3680100.0,139.17535,1313
2022-01-25 18:00:00+00:00,139.05,141.0,138.35,140.98,4406800.0,139.8638,1333
2022-01-25 19:00:00+00:00,140.97,142.05,140.3,141.97,4505940.0,141.17275,1364
2022-01-25 20:00:00+00:00,141.95,141.95,139.68,140.0,6612280.0,140.33945,2456
2022-01-26 14:30:00+00:00,144.75,145.19,141.6,142.11,6178660.0,143.47215,1822
2022-01-26 15:00:00+00:00,142.2,143.2,139.96,140.55,5227760.0,141.14435,1993
2022-01-26 16:00:00+00:00,140.41,141.97,140.29,141.12,3038040.0,141.2392,1108
2022-01-26 17:00:00+00:00,141.17,143.18,141.0,142.98,3052740.0,142.44065,1129
2022-01-26 18:00:00+00:00,142.97,142.97,141.75,142.01,2302060.0,142.383,841
2022-01-26 19:00:00+00:00,142.01,143.85,139.31,139.91,7562000.0,141.3854,2661
2022-01-26 20:00:00+00:00,139.78,139.87,137.33,138.87,8117260.0,138.3788,2999
2022-01-27 14:30:00+00:00,140.8,142.47,139.55,142.15,5209980.0,141.0278,1610
2022-01-27 15:00:00+00:00,142.09,143.25,141.1,142.41,4977820.0,142.23015,1941
2022-01-27 16:00:00+00:00,142.55,144.24,142.5,143.07,4963460.0,143.40155,1879
2022-01-27 17:00:00+00:00,142.9,143.1,140.75,141.4,3135700.0,141.7793,1162
2022-01-27 18:00:00+00:00,141.37,141.66,139.73,140.91,3903060.0,140.4175,1153
2022-01-27 19:00:00+00:00,140.84,141.66,139.42,139.83,2712320.0,140.50865,978
2022-01-27 20:00:00+00:00,139.89,141.19,139.35,139.7,3653040.0,140.0963,1374
2022-01-28 14:30:00+00:00,140.86,141.03,138.56,138.98,4272940.0,139.7961,1373
2022-01-28 15:00:00+00:00,139.0,140.22,137.93,140.2,5105980.0,139.1653,1962
2022-01-28 16:00:00+00:00,140.25,141.64,139.59,141.47,3336800.0,140.74605,1298
2022-01-28 17:00:00+00:00,141.52,142.11,140.78,140.78,2449000.0,141.47035,972
2022-01-28 18:00:00+00:00,140.9,142.1,140.89,141.97,1909800.0,141.543,730
2022-01-28 19:00:00+00:00,141.85,142.22,140.18,141.35,2523840.0,140.97905,855
2022-01-28 20:00:00+00:00,141.47,144.0,141.23,143.94,5962340.0,142.7917,2313
2022-01-31 14:30:00+00:00,144.75,147.23,144.3,145.98,6308920.0,145.9582,2015
2022-01-31 15:00:00+00:00,145.98,147.8,145.66,147.74,4550640.0,146.9886,1808
2022-01-31 16:00:00+00:00,147.74,148.98,147.01,148.62,3199080.0,147.9327,1245
2022-01-31 17:00:00+00:00,148.7,148.9,147.92,148.53,2215200.0,148.36325,819
2022-01-31 18:00:00+00:00,148.44,148.62,147.63,148.1,1631460.0,148.06585,627
2022-01-31 19:00:00+00:00,148.08,149.25,148.01,148.9,2161980.0,148.90715,825
2022-01-31 20:00:00+00:00,148.85,150.36,147.88,149.57,5223560.0,149.09805,2071
2022-02-01 14:30:00+00:00,150.0,150.47,148.61,149.2,3865660.0,149.70035,1087
2022-02-01 15:00:00+00:00,149.35,150.02,147.63,149.2,3466320.0,149.1325,1337
2022-02-01 16:00:00+00:00,149.13,150.19,148.93,149.94,1912900.0,149.4848,710
2022-02-01 17:00:00+00:00,149.86,150.16,149.25,150.08,1555300.0,149.7463,580
2022-02-01 18:00:00+00:00,150.05,150.27,149.58,149.89,1540100.0,149.9764,502
2022-02-01 19:00:00+00:00,149.92,150.23,149.39,149.91,1319420.0,149.8583,424
2022-02-01 20:00:00+00:00,149.83,151.71,149.83,151.19,4376000.0,150.94505,1559
2022-02-02 14:30:00+00:00,155.05,155.08,151.3,152.59,7497100.0,153.3013,2132
2022-02-02 15:00:00+00:00,152.62,153.24,151.2,151.54,5532820.0,152.0516,2170
2022-02-02 16:00:00+00:00,151.5,151.65,149.28,150.46,5419760.0,150.1652,1665
2022-02-02 17:00:00+00:00,150.47,151.04,149.55,151.02,2560080.0,150.2144,916
2022-02-02 18:00:00+00:00,151.05,151.13,149.56,149.66,2185860.0,150.0708,866
2022-02-02 19:00:00+00:00,149.64,150.3,148.86,149.85,2686700.0,149.61245,963
2022-02-02 20:00:00+00:00,149.81,151.0,149.56,150.59,4961100.0,150.294,1754
2022-02-03 14:30:00+00:00,141.87,144.25,140.41,140.98,15955600.0,142.34625,4903
2022-02-03 15:00:00+00:00,140.95,142.72,139.83,140.35,16096440.0,141.06865,5627
2022-02-03 16:00:00+00:00,140.34,141.96,139.71,139.71,7988560.0,140.85275,2601
2022-02-03 17:00:00+00:00,139.72,141.14,139.5,140.41,6173420.0,140.2628,1997
2022-02-03 18:00:00+00:00,140.31,141.15,140.12,140.22,3360680.0,140.5239,1135
2022-02-03 19:00:00+00:00,140.22,140.82,138.33,138.9,7446100.0,139.6392,2600
2022-02-03 20:00:00+00:00,138.9,140.1,138.61,138.9,12106020.0,139.315,4286
2022-02-04 14:30:00+00:00,155.61,156.08,150.61,153.72,24129460.0,153.33045,7687
2022-02-04 15:00:00+00:00,153.8,157.09,153.66,155.71,20292740.0,155.64335,7335
2022-02-04 16:00:00+00:00,155.65,157.65,154.16,157.24,10678040.0,155.95575,3932
2022-02-04 17:00:00+00:00,157.22,159.0,156.78,158.97,8989760.0,157.686,3173
2022-02-04 18:00:00+00:00,159.0,160.83,158.88,160.78,11963940.0,159.8434,4088
2022-02-04 19:00:00+00:00,160.72,161.2,159.7,160.57,10128580.0,160.40315,3663
2022-02-04 20:00:00+00:00,160.6,161.14,157.5,157.6,15563480.0,159.3923,5982
2022-02-07 14:30:00+00:00,158.52,162.47,157.5,162.4,12281900.0,159.97105,3919
2022-02-07 15:00:00+00:00,162.48,162.69,160.38,160.54,9447340.0,161.62385,3100
2022-02-07 16:00:00+00:00,160.58,161.05,158.52,159.35,6319160.0,159.6142,2006
2022-02-07 17:00:00+00:00,159.28,160.61,158.89,159.04,4273060.0,159.6597,1422
2022-02-07 18:00:00+00:00,159.1,160.19,158.35,159.1,2899200.0,159.17105,1098
2022-02-07 19:00:00+00:00,159.06,160.51,158.92,159.54,2713720.0,159.74175,978
2022-02-07 20:00:00+00:00,159.56,160.47,157.25,157.93,5798700.0,158.7041,2257
2022-02-08 14:30:00+00:00,157.0,157.93,156.33,156.37,5222520.0,156.9967,1487
2022-02-08 15:00:00+00:00,156.45,158.7,155.55,158.11,5811440.0,156.70805,2015
2022-02-08 16:00:00+00:00,158.23,159.31,158.05,158.97,2499620.0,158.7772,944
2022-02-08 17:00:00+00:00,158.96,161.03,158.77,160.47,3715620.0,160.07125,1408
2022-02-08 18:00:00+00:00,160.48,160.57,159.5,160.29,2781900.0,160.054,923
2022-02-08 19:00:00+00:00,160.37,160.8,159.75,160.34,2691500.0,160.29485,939
2022-02-08 20:00:00+00:00,160.3,161.79,160.02,161.41,6262240.0,161.22845,2275
2022-02-09 14:30:00+00:00,162.93,163.83,161.65,161.96,5593640.0,162.7535,1778
2022-02-09 15:00:00+00:00,162.1,162.58,160.8,161.94,3690940.0,161.7317,1351
2022-02-09 16:00:00+00:00,162.04,162.54,161.4,161.73,2173500.0,161.93865,778
2022-02-09 17:00:00+00:00,161.55,162.13,160.95,162.01,2371420.0,161.56115,892
2022-02-09 18:00:00+00:00,161.98,162.55,160.95,161.6,2138100.0,161.4533,778
2022-02-09 19:00:00+00:00,161.65,162.0,160.9,160.9,1675740.0,161.49625,653
2022-02-09 20:00:00+00:00,160.9,161.3,160.25,161.21,5289980.0,160.9532,2019
2022-02-10 14:30:00+00:00,158.35,159.6,157.75,159.08,3792760.0,158.7962,1217
2022-02-10 15:00:00+00:00,159.18,160.72,158.83,159.66,4264520.0,159.78025,1553
2022-02-10 16:00:00+00:00,159.64,160.51,159.45,160.47,2168280.0,159.94595,768
2022-02-10 17:00:00+00:00,160.5,160.55,158.36,159.51,2741380.0,159.57135,1027
2022-02-10 18:00:00+00:00,159.55,159.75,158.17,159.2,2476180.0,158.8997,929
2022-02-10 19:00:00+00:00,159.24,159.76,158.41,158.91,2475580.0,159.1466,867
2022-02-10 20:00:00+00:00,158.87,159.53,157.95,159.05,3797940.0,158.8516,1417
2022-02-11 14:30:00+00:00,158.43,159.0,157.05,157.2,3439620.0,158.0586,1034
2022-02-11 15:00:00+00:00,157.26,158.11,156.26,156.79,4461060.0,157.07725,1607
2022-02-11 16:00:00+00:00,156.85,157.4,156.09,156.4,1869840.0,156.66135,747
2022-02-11 17:00:00+00:00,156.42,156.55,155.35,155.49,2226600.0,156.0045,734
2022-02-11 18:00:00+00:00,155.46,155.8,153.95,154.06,4045600.0,154.81155,1496
2022-02-11 19:00:00+00:00,154.0,154.75,153.12,153.55,5376880.0,153.8492,1898
2022-02-11 20:00:00+00:00,153.59,154.33,152.73,153.17,6333000.0,153.5517,2372
2022-02-14 14:30:00+00:00,151.75,154.49,151.65,153.98,4348620.0,152.9164,1169
2022-02-14 15:00:00+00:00,153.97,156.8,153.1,155.85,5022800.0,155.03725,1938
2022-02-14 16:00:00+00:00,155.93,158.25,155.72,157.93,4506540.0,157.35665,1619
2022-02-14 17:00:00+00:00,157.93,158.45,157.31,157.5,3059980.0,157.96355,1051
2022-02-14 18:00:00+00:00,157.53,158.44,154.85,155.0,3598180.0,156.68825,1116
2022-02-14 19:00:00+00:00,154.9,156.06,154.57,155.48,5371740.0,155.2387,1475
2022-02-14 20:00:00+00:00,155.48,156.35,154.57,155.13,5785740.0,155.3536,1630
2022-02-15 14:30:00+00:00,157.61,158.01,156.74,157.59,3698280.0,157.3809,1018
2022-02-15 15:00:00+00:00,157.61,157.79,155.43,155.83,3821060.0,156.46065,1345
2022-02-15 16:00:00+00:00,155.9,156.5,155.67,156.15,1383900.0,156.09265,494
2022-02-15 17:00:00+00:00,156.14,156.24,154.64,155.04,2380580.0,155.30905,851
2022-02-15 18:00:00+00:00,155.05,156.06,154.76,156.03,2083920.0,155.4653,724
2022-02-15 19:00:00+00:00,156.08,156.36,155.57,156.21,1380640.0,156.04,502
2022-02-15 20:00:00+00:00,156.23,156.58,155.49,156.51,3424880.0,156.1784,1342
2022-02-16 14:30:00+00:00,155.79,156.1,154.73,155.58,2649400.0,155.42875,767
2022-02-16 15:00:00+00:00,155.61,156.76,155.4,156.4,3168620.0,156.12615,1103
2022-02-16 16:00:00+00:00,156.48,157.9,156.25,157.9,4054860.0,157.3152,1501
2022-02-16 17:00:00+00:00,157.94,158.1,156.25,156.55,1949220.0,157.0463,676
2022-02-16 18:00:00+00:00,156.53,157.0,156.21,156.47,1157940.0,156.5772,418
2022-02-16 19:00:00+00:00,156.46,158.25,156.11,158.0,3201640.0,157.6734,1144
2022-02-16 20:00:00+00:00,158.1,158.83,157.92,158.11,3707220.0,158.41015,1481
2022-02-17 14:30:00+00:00,158.15,160.35,158.1,159.15,4430380.0,159.09785,1412
2022-02-17 15:00:00+00:00,159.2,160.25,157.56,158.1,4835780.0,158.86635,1701
2022-02-17 16:00:00+00:00,158.14,158.64,157.57,157.64,2174900.0,157.9838,787
2022-02-17 17:00:00+00:00,157.62,157.67,156.72,157.15,1821180.0,157.13045,724
2022-02-17 18:00:00+00:00,157.08,157.13,156.0,156.45,1836700.0,156.4124,650
2022-02-17 19:00:00+00:00,156.43,156.61,155.7,155.7,1607140.0,156.142,571
2022-02-17 20:00:00+00:00,155.66,155.88,154.5,154.63,4889560.0,155.12675,1866
2022-02-18 14:30:00+00:00,155.37,155.5,153.04,154.49,4176300.0,154.64165,809
2022-02-18 15:00:00+00:00,154.5,154.71,152.43,152.58,3130940.0,153.57145,1014
2022-02-18 16:00:00+00:00,152.58,152.68,151.35,151.55,2299880.0,152.10145,798
2022-02-18 17:00:00+00:00,151.54,152.58,151.14,151.39,2463980.0,151.79845,830
2022-02-18 18:00:00+00:00,151.45,152.25,150.89,152.05,1620240.0,151.471,620
2022-02-18 19:00:00+00:00,152.08,153.64,151.85,153.48,2729380.0,152.79515,968
2022-02-18 20:00:00+00:00,153.54,154.3,151.62,152.67,4721260.0,152.883,1800
2022-02-22 14:30:00+00:00,150.58,152.4,150.44,151.56,4307200.0,151.22245,1099
2022-02-22 15:00:00+00:00,151.62,152.98,150.9,150.96,2869460.0,151.96875,1032
2022-02-22 16:00:00+00:00,150.91,151.11,149.36,149.83,3572620.0,150.06835,1201
2022-02-22 17:00:00+00:00,149.79,150.33,149.75,150.0,2058980.0,149.99475,680
2022-02-22 18:00:00+00:00,149.99,150.3,148.87,148.98,2208160.0,149.6106,685
2022-02-22 19:00:00+00:00,148.92,151.42,148.49,150.94,3927680.0,149.91295,1279
2022-02-22 20:00:00+00:00,151.13,151.9,149.62,150.27,4285660.0,150.7262,1459
2022-02-23 14:30:00+00:00,151.65,151.76,149.97,150.25,3008000.0,150.9209,956
2022-02-23 15:00:00+00:00,150.22,150.22,147.7,148.09,4290520.0,148.86895,1491
2022-02-23 16:00:00+00:00,147.9,148.83,147.5,148.58,3071020.0,147.9954,1116
2022-02-23 17:00:00+00:00,148.58,149.05,147.62,147.76,1848340.0,148.4892,643
2022-02-23 18:00:00+00:00,147.72,147.79,146.64,147.02,2217600.0,147.0465,740
2022-02-23 19:00:00+00:00,146.99,147.27,145.89,145.97,2366240.0,146.4017,832
2022-02-23 20:00:00+00:00,145.89,146.14,144.65,144.83,6116560.0,145.3314,2322
2022-02-24 14:30:00+00:00,139.84,143.71,139.5,142.62,8544120.0,141.81625,2268
2022-02-24 15:00:00+00:00,142.48,146.93,141.0,146.34,7568120.0,144.34255,2566
2022-02-24 16:00:00+00:00,146.18,147.0,144.75,146.45,3897400.0,146.0236,1328
2022-02-24 17:00:00+00:00,146.53,146.61,145.0,146.12,2930280.0,145.8143,1024
2022-02-24 18:00:00+00:00,146.05,149.68,145.98,148.42,4954920.0,148.0015,1696
2022-02-24 19:00:00+00:00,148.45,150.18,147.75,149.45,3890900.0,149.15125,1303
2022-02-24 20:00:00+00:00,149.45,151.75,149.21,151.35,6912740.0,150.8034,2576
2022-02-25 14:30:00+00:00,150.55,151.18,149.29,149.86,4110580.0,150.24405,1276
2022-02-25 15:00:00+00:00,149.89,152.62,149.21,152.15,4738020.0,150.9766,1746
2022-02-25 16:00:00+00:00,152.33,153.86,151.65,153.65,3024300.0,152.86795,1119
2022-02-25 17:00:00+00:00,153.65,153.71,152.28,152.55,2224300.0,153.0603,853
2022-02-25 18:00:00+00:00,152.52,153.57,152.0,153.0,1848660.0,152.82045,677
2022-02-25 19:00:00+00:00,152.81,153.99,152.55,153.3,2157440.0,153.32075,667
2022-02-25 20:00:00+00:00,153.3,153.84,152.7,153.84,4063200.0,153.4146,1570
2022-02-28 14:30:00+00:00,152.43,153.5,151.41,152.68,2891420.0,152.3398,765
2022-02-28 15:00:00+00:00,152.74,154.09,150.99,153.6,3597860.0,152.48785,1292
2022-02-28 16:00:00+00:00,153.68,154.45,153.1,153.83,2022560.0,153.8756,780
2022-02-28 17:00:00+00:00,153.87,154.07,151.85,152.42,1724320.0,152.7239,631
2022-02-28 18:00:00+00:00,152.4,153.09,151.78,152.44,1881880.0,152.37845,676
2022-02-28 19:00:00+00:00,152.31,152.31,150.85,151.62,1977560.0,151.26565,697
2022-02-28 20:00:00+00:00,151.61,153.69,151.07,153.6,3794920.0,152.61745,1381
2022-03-01 14:30:00+00:00,152.73,153.4,152.0,153.17,2183000.0,152.7807,613
2022-03-01 15:00:00+00:00,153.23,154.1,152.51,152.95,2410000.0,153.3278,742
2022-03-01 16:00:00+00:00,152.85,153.45,151.71,151.89,1636980.0,152.5565,589
2022-03-01 17:00:00+00:00,151.83,152.65,151.53,152.5,1658860.0,152.13245,535
2022-03-01 18:00:00+00:00,152.42,152.73,151.32,151.63,1478240.0,151.7964,522
2022-03-01 19:00:00+00:00,151.63,152.05,150.95,151.09,1588220.0,151.49325,577
2022-03-01 20:00:00+00:00,151.13,152.25,149.98,151.14,3888980.0,150.96545,1413
2022-03-02 14:30:00+00:00,150.85,151.1,149.92,150.5,2247420.0,150.5807,625
2022-03-02 15:00:00+00:00,150.53,151.57,148.75,149.98,4110960.0,150.0901,1578
2022-03-02 16:00:00+00:00,149.95,152.28,149.57,151.66,2965020.0,151.48305,1058
2022-03-02 17:00:00+00:00,151.61,151.96,151.3,151.35,1255600.0,151.5998,450
2022-03-02 18:00:00+00:00,151.35,152.45,151.35,151.85,1552600.0,152.0111,543
2022-03-02 19:00:00+00:00,151.89,152.52,151.72,152.22,1473440.0,152.24335,560
2022-03-02 20:00:00+00:00,152.21,153.0,152.01,152.01,3040600.0,152.4821,1206
2022-03-03 14:30:00+00:00,153.6,153.93,151.55,151.83,3314700.0,152.57695,944
2022-03-03 15:00:00+00:00,152.0,152.04,149.4,149.4,3110920.0,150.38705,1170
2022-03-03 16:00:00+00:00,149.45,150.01,149.05,149.64,2281820.0,149.62905,779
2022-03-03 17:00:00+00:00,149.49,151.15,149.09,150.21,2943480.0,149.9647,1085
2022-03-03 18:00:00+00:00,150.15,150.86,149.67,149.87,1772300.0,150.2646,601
2022-03-03 19:00:00+00:00,149.88,150.35,147.44,147.66,4612280.0,148.80955,1468
2022-03-03 20:00:00+00:00,147.55,147.94,146.86,147.9,7001560.0,147.35305,2484
2022-03-04 14:30:00+00:00,147.16,147.85,145.0,145.75,4189980.0,146.40165,1425
2022-03-04 15:00:00+00:00,145.5,145.93,143.81,144.59,4504740.0,144.52115,1663
2022-03-04 16:00:00+00:00,144.52,145.09,144.13,144.48,2642360.0,144.5694,981
2022-03-04 17:00:00+00:00,144.59,145.79,144.35,145.47,2086140.0,145.15505,865
2022-03-04 18:00:00+00:00,145.52,146.3,144.94,145.08,1965780.0,145.84615,800
2022-03-04 19:00:00+00:00,145.17,145.5,144.63,144.75,1709660.0,145.07995,665
2022-03-04 20:00:00+00:00,144.67,145.87,144.64,145.55,3918120.0,145.2441,1530
2022-03-07 14:30:00+00:00,145.37,146.09,142.81,142.81,4709840.0,144.94475,1402
2022-03-07 15:00:00+00:00,142.75,142.94,140.0,140.49,6769500.0,141.00405,2334
2022-03-07 16:00:00+00:00,140.46,141.29,139.76,140.04,3208740.0,140.6157,1238
2022-03-07 17:00:00+00:00,140.09,140.58,139.28,139.28,3542240.0,139.9367,1329
2022-03-07 18:00:00+00:00,139.26,139.74,138.15,138.33,3552540.0,138.78805,1340
2022-03-07 19:00:00+00:00,138.36,138.96,137.61,137.86,3837880.0,138.1348,1287
2022-03-07 20:00:00+00:00,137.94,138.35,137.42,137.45,6508700.0,137.8932,2496
2022-03-08 14:30:00+00:00,136.68,138.67,135.16,136.59,7009400.0,137.0463,2299
2022-03-08 15:00:00+00:00,136.55,136.87,133.57,136.22,7329460.0,135.11375,2590
2022-03-08 16:00:00+00:00,136.43,137.21,134.67,135.24,3636760.0,135.77335,1346
2022-03-08 17:00:00+00:00,135.37,140.15,135.26,139.83,5676820.0,138.66505,2009
2022-03-08 18:00:00+00:00,139.98,140.7,136.99,137.01,4532720.0,139.00705,1513
2022-03-08 19:00:00+00:00,137.03,137.7,136.13,137.06,3737280.0,136.97295,1043
2022-03-08 20:00:00+00:00,137.05,138.01,135.66,136.02,4988560.0,136.47535,1611
2022-03-09 14:30:00+00:00,139.5,140.25,136.83,137.66,4982600.0,138.60475,1300
2022-03-09 15:00:00+00:00,137.68,139.65,137.25,139.54,4441960.0,138.64975,1606
2022-03-09 16:00:00+00:00,139.58,139.6,137.73,138.49,2929700.0,138.41755,937
2022-03-09 17:00:00+00:00,138.42,139.39,137.57,138.57,2573560.0,138.54795,943
2022-03-09 18:00:00+00:00,138.5,139.38,138.12,138.59,2186740.0,138.8607,792
2022-03-09 19:00:00+00:00,138.55,139.71,138.45,139.39,1766600.0,139.0893,649
2022-03-09 20:00:00+00:00,139.4,140.25,138.51,139.24,5627700.0,139.2946,2237
2022-03-10 14:30:00+00:00,145.68,147.19,143.98,147.18,14385920.0,145.6912,4282
2022-03-10 15:00:00+00:00,147.19,147.75,145.53,145.75,7125600.0,146.48625,2542
2022-03-10 16:00:00+00:00,145.7,146.87,145.44,146.61,4982500.0,146.11275,1813
2022-03-10 17:00:00+00:00,146.62,146.89,145.26,145.4,3513740.0,146.13135,1280
2022-03-10 18:00:00+00:00,145.44,147.68,145.32,147.29,4016860.0,146.4002,1556
2022-03-10 19:00:00+00:00,147.3,148.67,147.13,148.15,4908140.0,148.00085,1839
2022-03-10 20:00:00+00:00,148.18,148.35,146.79,146.91,8316940.0,147.6745,3289
2022-03-11 14:30:00+00:00,149.4,149.68,147.44,147.65,4931460.0,148.45775,1339
2022-03-11 15:00:00+00:00,147.58,148.62,146.85,148.55,3855500.0,147.47975,1256
2022-03-11 16:00:00+00:00,148.55,148.62,146.97,147.46,2132140.0,147.6574,790
2022-03-11 17:00:00+00:00,147.48,147.9,147.03,147.46,2019900.0,147.4162,775
2022-03-11 18:00:00+00:00,147.46,148.17,147.28,147.44,1637720.0,147.7833,615
2022-03-11 19:00:00+00:00,147.44,148.45,147.21,147.76,1940160.0,147.76685,763
2022-03-11 20:00:00+00:00,147.79,147.79,145.37,145.54,4905940.0,146.34005,1981
2022-03-14 13:30:00+00:00,145.96,147.45,145.51,145.97,4276820.0,146.39265,1275
2022-03-14 14:00:00+00:00,145.91,146.75,145.11,145.99,4024160.0,145.81425,1331
2022-03-14 15:00:00+00:00,146.05,146.2,142.58,142.74,4516460.0,144.01785,1500
2022-03-14 16:00:00+00:00,142.67,143.4,141.22,141.25,3659960.0,142.42965,1189
2022-03-14 17:00:00+00:00,141.25,142.84,140.88,142.29,3881380.0,141.63315,1238
2022-03-14 18:00:00+00:00,142.3,142.55,141.7,142.16,2024320.0,142.1306,671
2022-03-14 19:00:00+00:00,142.12,142.72,141.66,141.85,3906160.0,142.12095,1376
2022-03-15 13:30:00+00:00,142.89,144.44,142.0,144.17,4478560.0,142.99165,1347
2022-03-15 14:00:00+00:00,144.12,146.9,144.0,146.54,5611600.0,145.6508,1972
2022-03-15 15:00:00+00:00,146.65,147.51,145.58,146.27,3464360.0,146.75545,1276
2022-03-15 16:00:00+00:00,146.32,146.75,145.67,146.27,2733560.0,146.25275,965
2022-03-15 17:00:00+00:00,146.34,146.5,145.5,146.03,1751480.0,145.91185,624
2022-03-15 18:00:00+00:00,145.98,146.75,145.34,146.58,2241280.0,146.06165,815
2022-03-15 19:00:00+00:00,146.52,147.98,146.3,147.37,4497400.0,147.3438,1789
2022-03-16 13:30:00+00:00,148.5,149.1,147.77,148.83,4090360.0,148.5649,1134
2022-03-16 14:00:00+00:00,148.92,150.75,148.35,150.25,4195000.0,149.8557,1479
2022-03-16 15:00:00+00:00,150.25,151.13,149.82,150.8,2454080.0,150.56135,880
2022-03-16 16:00:00+00:00,150.81,150.95,149.15,149.45,1851320.0,150.0118,649
2022-03-16 17:00:00+00:00,149.38,150.7,148.88,150.56,1468980.0,149.7718,541
2022-03-16 18:00:00+00:00,150.51,150.63,147.35,150.07,5307400.0,148.77905,1747
2022-03-16 19:00:00+00:00,150.08,153.15,149.58,153.15,6558020.0,152.0372,2320
2022-03-17 13:30:00+00:00,152.64,154.75,152.14,154.5,3730300.0,153.30715,1155
2022-03-17 14:00:00+00:00,154.46,155.33,153.08,153.37,4099620.0,154.3085,1434
2022-03-17 15:00:00+00:00,153.32,154.8,152.82,154.48,2503540.0,154.0694,944
2022-03-17 16:00:00+00:00,154.54,155.55,154.43,155.3,1978900.0,155.05705,763
2022-03-17 17:00:00+00:00,155.28,157.15,154.77,156.8,3113860.0,155.89525,1035
2022-03-17 18:00:00+00:00,156.86,157.5,156.25,157.1,2847420.0,156.72275,1002
2022-03-17 19:00:00+00:00,157.08,157.38,156.08,157.37,5078880.0,156.87015,1901
2022-03-18 13:30:00+00:00,156.81,157.7,156.01,157.65,11279420.0,157.0249,1219
2022-03-18 14:00:00+00:00,157.65,157.96,156.37,157.41,3590800.0,157.21865,1220
2022-03-18 15:00:00+00:00,157.31,159.26,157.31,158.87,4022280.0,158.3259,1265
2022-03-18 16:00:00+00:00,158.88,159.72,158.67,159.44,2913260.0,159.24005,1010
2022-03-18 17:00:00+00:00,159.39,159.85,159.2,159.61,3133400.0,159.59865,1116
2022-03-18 18:00:00+00:00,159.69,160.0,158.92,159.92,2556160.0,159.54745,919
2022-03-18 19:00:00+00:00,159.93,161.59,159.84,161.25,7445480.0,160.824,2835
2022-03-21 13:30:00+00:00,160.99,161.95,160.0,160.01,4168740.0,160.9502,1080
2022-03-21 14:00:00+00:00,160.05,161.26,159.55,160.96,3852220.0,160.3262,1335
2022-03-21 15:00:00+00:00,160.97,163.08,160.8,162.69,4091860.0,162.18185,1413
2022-03-21 16:00:00+00:00,162.74,162.89,160.21,160.38,2358280.0,161.8152,732
2022-03-21 17:00:00+00:00,160.37,161.0,159.56,160.87,2269900.0,160.32105,684
2022-03-21 18:00:00+00:00,160.85,161.9,160.4,160.92,1499820.0,161.3383,535
2022-03-21 19:00:00+00:00,160.82,161.75,160.56,161.54,3078100.0,161.3314,1106
2022-03-22 13:30:00+00:00,161.82,163.35,161.7,162.8,3313380.0,162.453,825
2022-03-22 14:00:00+00:00,162.96,165.5,162.87,164.93,5229460.0,164.5563,1680
2022-03-22 15:00:00+00:00,165.0,166.17,164.76,164.87,4239560.0,165.5472,1452
2022-03-22 16:00:00+00:00,164.86,165.26,164.18,165.1,2470660.0,164.76345,814
2022-03-22 17:00:00+00:00,165.01,165.55,164.74,165.4,1635340.0,165.1927,464
2022-03-22 18:00:00+00:00,165.31,165.64,164.95,165.22,1767460.0,165.232,614
2022-03-22 19:00:00+00:00,165.23,165.6,164.6,164.89,3473840.0,165.11255,1360
2022-03-23 13:30:00+00:00,163.71,164.3,162.69,163.41,3622220.0,163.47225,920
2022-03-23 14:00:00+00:00,163.34,165.55,162.96,165.23,3708780.0,164.5226,1215
2022-03-23 15:00:00+00:00,165.24,166.07,164.88,165.91,2465940.0,165.7236,761
2022-03-23 16:00:00+00:00,165.96,166.37,165.0,165.48,2439360.0,165.55205,727
2022-03-23 17:00:00+00:00,165.53,165.55,164.13,164.99,1747620.0,164.808,540
2022-03-23 18:00:00+00:00,164.96,165.17,164.0,164.65,1253740.0,164.6161,415
2022-03-23 19:00:00+00:00,164.5,164.89,163.13,163.41,3231500.0,163.94135,1212
2022-03-24 13:30:00+00:00,163.75,164.12,160.78,160.88,4075680.0,162.4909,1303
2022-03-24 14:00:00+00:00,160.88,162.08,160.05,161.1,2666720.0,161.1016,991
2022-03-24 15:00:00+00:00,161.15,162.63,160.93,162.35,1695420.0,161.90725,686
2022-03-24 16:00:00+00:00,162.33,163.09,161.65,163.03,1761860.0,162.28785,645
2022-03-24 17:00:00+00:00,163.04,163.45,162.69,163.07,1292740.0,163.054,473
2022-03-24 18:00:00+00:00,163.11,163.64,162.15,162.69,1534000.0,162.7672,570
2022-03-24 19:00:00+00:00,162.75,163.66,162.5,163.64,2698780.0,163.282,1073
2022-03-25 13:30:00+00:00,164.0,164.98,163.6,164.41,2880080.0,164.31045,795
2022-03-25 14:00:00+00:00,164.36,165.37,163.39,164.75,3334640.0,164.3934,1064
2022-03-25 15:00:00+00:00,164.81,164.83,162.25,162.55,2876800.0,163.2163,956
2022-03-25 16:00:00+00:00,162.56,163.75,162.45,163.43,1485360.0,163.23875,483
2022-03-25 17:00:00+00:00,163.43,164.29,163.3,164.2,1706060.0,163.71185,519
2022-03-25 18:00:00+00:00,164.27,164.95,163.82,164.8,1621300.0,164.4163,493
2022-03-25 19:00:00+00:00,164.81,164.9,163.5,164.81,3928040.0,164.34965,1369
2022-03-28 13:30:00+00:00,164.97,168.33,164.9,166.82,4875220.0,166.72485,1326
2022-03-28 14:00:00+00:00,166.88,167.7,165.79,167.63,3190120.0,166.7172,1060
2022-03-28 15:00:00+00:00,167.63,167.75,165.75,165.94,1729160.0,166.5959,637
2022-03-28 16:00:00+00:00,165.9,166.63,165.34,166.49,1356840.0,166.05115,433
2022-03-28 17:00:00+00:00,166.48,167.56,166.34,167.06,1593080.0,167.0757,528
2022-03-28 18:00:00+00:00,167.03,168.64,166.91,168.61,2527560.0,167.6644,800
2022-03-28 19:00:00+00:00,168.63,169.04,168.27,169.02,4058500.0,168.68,1483
2022-03-29 13:30:00+00:00,170.38,170.83,168.34,169.25,6599280.0,169.7382,1612
2022-03-29 14:00:00+00:00,169.38,169.94,167.87,169.15,3523940.0,168.83805,1096
2022-03-29 15:00:00+00:00,169.18,169.7,168.59,169.15,1601900.0,169.24015,565
2022-03-29 16:00:00+00:00,169.11,169.57,168.56,168.82,1455380.0,169.0158,523
2022-03-29 17:00:00+00:00,168.79,169.55,168.46,169.53,1236140.0,168.9799,456
2022-03-29 18:00:00+00:00,169.5,169.95,169.15,169.88,1649020.0,169.57385,573
2022-03-29 19:00:00+00:00,169.85,170.3,168.83,169.32,4590060.0,169.58455,1823
2022-03-30 13:30:00+00:00,168.51,168.95,167.31,167.63,3204740.0,168.0195,910
2022-03-30 14:00:00+00:00,167.62,168.35,166.89,166.95,2693560.0,167.73875,973
2022-03-30 15:00:00+00:00,166.87,167.08,166.04,167.06,3572340.0,166.5308,1289
2022-03-30 16:00:00+00:00,167.03,167.66,166.75,167.59,1652740.0,167.19235,587
2022-03-30 17:00:00+00:00,167.56,167.79,166.9,166.9,1152720.0,167.3825,409
2022-03-30 18:00:00+00:00,166.96,167.3,166.52,166.65,1087020.0,166.8586,408
2022-03-30 19:00:00+00:00,166.63,166.72,165.5,166.35,3950340.0,166.00285,1439
2022-03-31 13:30:00+00:00,166.35,166.5,165.5,165.96,3222360.0,166.05965,781
2022-03-31 14:00:00+00:00,165.8,165.95,164.9,165.75,3063300.0,165.47785,1084
2022-03-31 15:00:00+00:00,165.68,165.81,164.89,165.27,1755160.0,165.2177,585
2022-03-31 16:00:00+00:00,165.22,165.35,164.51,164.7,1381860.0,164.89785,455
2022-03-31 17:00:00+00:00,164.64,165.65,164.64,165.32,1138300.0,165.12725,431
2022-03-31 18:00:00+00:00,165.29,165.6,164.82,165.54,894240.0,165.1698,351
2022-03-31 19:00:00+00:00,165.63,166.05,162.95,162.95,6166220.0,164.1901,2385
2022-04-01 13:30:00+00:00,164.15,164.28,162.32,163.31,3177260.0,163.48335,968
2022-04-01 14:00:00+00:00,163.31,165.83,163.11,165.64,3934980.0,164.5525,1371
2022-04-01 15:00:00+00:00,165.6,165.82,163.82,164.02,3096940.0,164.952,961
2022-04-01 16:00:00+00:00,163.83,164.47,163.26,163.54,2165960.0,163.799,727
2022-04-01 17:00:00+00:00,163.47,163.77,162.95,163.32,1903780.0,163.34605,749
2022-04-01 18:00:00+00:00,163.31,164.52,163.24,163.74,2056420.0,163.9658,768
2022-04-01 19:00:00+00:00,163.7,163.86,162.43,163.6,3951840.0,163.11305,1417
2022-04-04 13:30:00+00:00,164.13,166.47,163.21,166.43,4421820.0,165.1084,1195
2022-04-04 14:00:00+00:00,166.5,166.83,165.79,166.67,2762540.0,166.3525,948
2022-04-04 15:00:00+00:00,166.67,167.0,166.25,166.82,1758220.0,166.6843,617
2022-04-04 16:00:00+00:00,166.76,167.35,166.71,166.87,1686080.0,167.0187,631
2022-04-04 17:00:00+00:00,166.92,167.17,166.72,167.08,897620.0,166.98845,330
2022-04-04 18:00:00+00:00,167.06,167.45,166.45,167.12,1517620.0,167.01075,509
2022-04-04 19:00:00+00:00,167.13,168.39,166.91,168.37,4372900.0,167.74455,1599
2022-04-05 13:30:00+00:00,167.74,168.11,166.42,167.14,3207040.0,167.24695,886
2022-04-05 14:00:00+00:00,167.09,167.5,164.83,165.63,4313380.0,165.74875,1363
2022-04-05 15:00:00+00:00,165.64,165.66,164.75,165.22,1591440.0,165.1698,557
2022-04-05 16:00:00+00:00,165.24,165.38,164.5,164.98,1580380.0,164.8477,534
2022-04-05 17:00:00+00:00,165.03,165.43,164.3,164.6,1309360.0,164.77305,438
2022-04-05 18:00:00+00:00,164.65,164.86,164.15,164.22,1196800.0,164.47845,441
2022-04-05 19:00:00+00:00,164.22,164.37,163.27,164.06,4598420.0,163.6956,1755
2022-04-06 13:30:00+00:00,161.67,162.2,159.0,159.28,5348640.0,160.59515,1604
2022-04-06 14:00:00+00:00,159.21,159.4,158.15,158.86,4800700.0,158.74575,1737
2022-04-06 15:00:00+00:00,158.75,159.35,158.25,159.08,2762900.0,158.7586,1011
2022-04-06 16:00:00+00:00,159.12,159.24,158.27,158.9,2001900.0,158.55305,679
2022-04-06 17:00:00+00:00,158.9,160.1,158.76,159.4,1890200.0,159.44125,648
2022-04-06 18:00:00+00:00,159.4,160.67,157.25,160.0,5245780.0,158.59095,1669
2022-04-06 19:00:00+00:00,159.99,160.74,158.31,158.73,5736160.0,159.37945,1909
2022-04-07 13:30:00+00:00,158.4,160.08,158.25,159.39,2983040.0,158.99565,857
2022-04-07 14:00:00+00:00,159.41,159.81,157.6,157.97,3242840.0,158.52475,983
2022-04-07 15:00:00+00:00,158.03,158.5,155.83,156.11,3420440.0,157.1259,1120
2022-04-07 16:00:00+00:00,156.05,156.56,154.51,155.15,4752860.0,155.3157,1438
2022-04-07 17:00:00+00:00,155.15,156.61,155.09,156.4,3216380.0,155.8191,1036
2022-04-07 18:00:00+00:00,156.36,157.8,155.79,157.76,2772440.0,156.6384,853
2022-04-07 19:00:00+00:00,157.69,158.76,157.6,157.74,5281900.0,158.18785,1695
2022-04-08 13:30:00+00:00,156.75,157.37,154.9,155.24,2482020.0,156.1871,721
2022-04-08 14:00:00+00:00,155.1,156.47,155.1,156.44,3247760.0,155.8372,979
2022-04-08 15:00:00+00:00,156.4,156.8,155.57,156.11,1533480.0,156.324,534
2022-04-08 16:00:00+00:00,156.07,156.84,155.89,156.75,1003520.0,156.39705,441
2022-04-08 17:00:00+00:00,156.64,156.64,155.3,155.86,1071980.0,155.8738,390
2022-04-08 18:00:00+00:00,155.9,156.27,155.15,155.23,1615000.0,155.65475,591
2022-04-08 19:00:00+00:00,155.15,155.42,154.23,154.52,3673660.0,154.69125,1381
2022-04-11 13:30:00+00:00,152.71,154.0,152.05,153.33,4163040.0,153.0132,1115
2022-04-11 14:00:00+00:00,153.33,154.14,150.9,151.26,3843280.0,152.11805,1189
2022-04-11 15:00:00+00:00,151.18,152.24,151.06,151.69,2359740.0,151.74605,679
2022-04-11 16:00:00+00:00,151.65,152.03,151.01,151.97,1460420.0,151.42445,527
2022-04-11 17:00:00+00:00,152.02,152.82,151.5,151.77,2315100.0,152.28955,753
2022-04-11 18:00:00+00:00,151.81,152.57,151.35,152.03,1801200.0,151.90965,554
2022-04-11 19:00:00+00:00,152.1,152.51,150.53,151.12,2998820.0,151.26305,1157
2022-04-12 13:30:00+00:00,153.69,154.14,151.9,154.06,4684280.0,153.13175,1123
2022-04-12 14:00:00+00:00,154.05,155.1,153.01,153.66,3642000.0,154.21995,1156
2022-04-12 15:00:00+00:00,153.57,154.74,153.07,154.28,2560360.0,154.2816,655
2022-04-12 16:00:00+00:00,154.39,154.5,153.2,153.73,1478160.0,153.80525,452
2022-04-12 17:00:00+00:00,153.72,153.9,152.05,152.23,825020.0,153.06045,318
2022-04-12 18:00:00+00:00,152.17,152.52,150.57,151.29,2402680.0,151.3237,802
2022-04-12 19:00:00+00:00,151.25,151.57,150.38,150.77,3215940.0,150.8814,1119
2022-04-13 13:30:00+00:00,150.02,151.51,149.6,150.57,3660520.0,150.6723,780
2022-04-13 14:00:00+00:00,150.62,151.93,150.2,151.67,2622980.0,151.367,853
2022-04-13 15:00:00+00:00,151.71,153.74,151.71,153.42,2698640.0,153.155,837
2022-04-13 16:00:00+00:00,153.31,154.54,153.18,154.11,1443580.0,153.9292,551
2022-04-13 17:00:00+00:00,154.11,155.05,153.9,154.41,2025320.0,154.5156,723
2022-04-13 18:00:00+00:00,154.42,155.54,154.21,155.43,2208520.0,154.7982,792
2022-04-13 19:00:00+00:00,155.43,156.03,155.11,155.56,5429360.0,155.6752,2017
2022-04-14 13:30:00+00:00,155.39,155.9,153.8,153.82,4356240.0,154.9129,951
2022-04-14 14:00:00+00:00,153.87,154.21,152.65,153.45,3414720.0,153.39085,1070
2022-04-14 15:00:00+00:00,153.32,153.75,152.95,153.09,1532840.0,153.3586,470
2022-04-14 16:00:00+00:00,152.88,153.31,152.05,152.35,1891220.0,152.6906,573
2022-04-14 17:00:00+00:00,152.45,152.9,152.21,152.73,1084280.0,152.5172,429
2022-04-14 18:00:00+00:00,152.8,153.3,151.87,151.87,1414700.0,152.68185,507
2022-04-14 19:00:00+00:00,151.84,152.3,151.47,151.7,3060900.0,151.79435,1201
2022-04-18 13:30:00+00:00,151.52,153.45,151.52,152.27,3486500.0,152.30735,833
2022-04-18 14:00:00+00:00,152.26,154.04,151.98,152.83,3652280.0,153.22145,1105
2022-04-18 15:00:00+00:00,152.77,153.03,151.05,151.55,1978800.0,151.74465,713
2022-04-18 16:00:00+00:00,151.5,151.53,150.25,150.55,2184220.0,150.6906,612
2022-04-18 17:00:00+00:00,150.54,153.2,150.52,152.77,2321920.0,151.7759,701
2022-04-18 18:00:00+00:00,152.79,153.69,152.51,152.86,2046240.0,153.06175,542
2022-04-18 19:00:00+00:00,152.87,153.07,151.63,152.83,2594620.0,152.41815,856
2022-04-19 13:30:00+00:00,152.03,154.41,151.55,154.27,3204640.0,152.5979,761
2022-04-19 14:00:00+00:00,154.4,156.06,153.9,155.86,3334340.0,155.09695,1071
2022-04-19 15:00:00+00:00,155.89,157.87,155.65,157.59,3579040.0,157.00355,1214
2022-04-19 16:00:00+00:00,157.57,157.57,156.81,156.95,1663120.0,157.1902,627
2022-04-19 17:00:00+00:00,156.98,157.5,156.59,157.43,1499460.0,157.0583,534
2022-04-19 18:00:00+00:00,157.37,157.4,156.63,157.22,1536480.0,157.03255,568
2022-04-19 19:00:00+00:00,157.23,158.65,157.18,158.11,4993600.0,158.1619,1823
2022-04-20 13:30:00+00:00,157.57,157.6,154.17,154.65,5706520.0,155.9525,1608
2022-04-20 14:00:00+00:00,154.63,155.38,153.85,155.27,5291400.0,154.6851,1494
2022-04-20 15:00:00+00:00,155.25,155.25,153.9,154.28,2412340.0,154.43825,809
2022-04-20 16:00:00+00:00,154.35,155.3,153.6,154.93,1981880.0,154.42845,596
2022-04-20 17:00:00+00:00,155.0,155.59,154.72,154.97,2060080.0,155.2615,536
2022-04-20 18:00:00+00:00,155.0,155.17,153.65,154.11,2174600.0,154.26185,649
2022-04-20 19:00:00+00:00,154.05,154.92,153.82,154.03,2768480.0,154.3164,995
2022-04-21 13:30:00+00:00,154.71,156.74,154.41,154.75,3326820.0,155.6101,917
2022-04-21 14:00:00+00:00,154.85,155.0,152.6,153.19,2980640.0,153.687,1031
2022-04-21 15:00:00+00:00,153.03,153.91,151.37,151.58,2523500.0,152.8483,724
2022-04-21 16:00:00+00:00,151.62,151.85,150.42,150.48,2248440.0,151.1455,834
2022-04-21 17:00:00+00:00,150.47,151.33,149.69,150.1,2603040.0,150.49825,943
2022-04-21 18:00:00+00:00,150.01,150.01,148.5,148.89,3391800.0,149.16405,1173
2022-04-21 19:00:00+00:00,148.85,149.0,147.59,148.22,5007080.0,148.4068,1757
2022-04-22 13:30:00+00:00,148.3,149.42,147.69,148.25,3889160.0,148.49925,1141
2022-04-22 14:00:00+00:00,148.28,149.62,147.4,147.51,3532020.0,148.28195,1236
2022-04-22 15:00:00+00:00,147.56,148.2,146.03,146.09,1993320.0,147.15955,737
2022-04-22 16:00:00+00:00,146.0,146.14,145.27,145.36,4091400.0,145.6544,1392
2022-04-22 17:00:00+00:00,145.4,145.46,143.85,143.91,2884980.0,144.8192,982
2022-04-22 18:00:00+00:00,143.88,144.98,143.7,144.11,3055000.0,144.2118,1065
2022-04-22 19:00:00+00:00,144.12,145.75,144.0,144.3,5353820.0,144.80035,2106
2022-04-25 13:30:00+00:00,144.02,144.72,142.4,143.35,5829460.0,143.71425,1562
2022-04-25 14:00:00+00:00,143.33,145.6,143.22,143.87,4403800.0,144.533,1340
2022-04-25 15:00:00+00:00,143.94,144.14,142.61,142.76,2786300.0,143.4051,1093
2022-04-25 16:00:00+00:00,142.74,144.1,142.46,143.7,2235160.0,143.4541,782
2022-04-25 17:00:00+00:00,143.67,144.45,143.2,144.0,1221200.0,143.90625,467
2022-04-25 18:00:00+00:00,143.98,145.65,143.68,145.01,2304660.0,144.83075,808
2022-04-25 19:00:00+00:00,145.01,146.22,143.98,146.01,3795980.0,145.4175,1413
2022-04-26 13:30:00+00:00,144.77,144.86,141.45,141.71,3919860.0,143.4098,1021
2022-04-26 14:00:00+00:00,141.77,141.77,140.04,140.28,4509120.0,140.70165,1529
2022-04-26 15:00:00+00:00,140.16,140.24,138.93,139.29,4384240.0,139.53695,1607
2022-04-26 16:00:00+00:00,139.38,141.53,139.3,141.33,3175720.0,140.54565,1136
2022-04-26 17:00:00+00:00,141.39,141.39,139.97,140.75,1721260.0,140.4026,668
2022-04-26 18:00:00+00:00,140.73,141.6,140.47,141.37,2813600.0,141.11575,952
2022-04-26 19:00:00+00:00,141.37,141.51,139.39,139.45,4978780.0,139.97495,1947
2022-04-27 13:30:00+00:00,140.25,141.95,139.56,140.0,5553380.0,140.59395,1721
2022-04-27 14:00:00+00:00,139.97,140.73,135.78,138.56,6229220.0,138.0612,2334
2022-04-27 15:00:00+00:00,138.57,139.77,138.36,138.7,2544140.0,139.09135,904
2022-04-27 16:00:00+00:00,138.75,140.5,138.25,139.89,2525100.0,139.79025,720
2022-04-27 17:00:00+00:00,139.91,140.09,138.38,139.86,1957380.0,139.3414,706
2022-04-27 18:00:00+00:00,139.81,139.94,138.0,138.18,1529560.0,139.20245,619
2022-04-27 19:00:00+00:00,138.06,138.5,137.41,138.17,3385200.0,137.98865,1300
2022-04-28 13:30:00+00:00,141.98,142.9,140.41,141.68,4764520.0,141.4542,1580
2022-04-28 14:00:00+00:00,141.75,142.05,140.3,141.67,4200020.0,141.19725,1441
2022-04-28 15:00:00+00:00,141.6,142.44,140.76,141.24,3723620.0,141.77205,1255
2022-04-28 16:00:00+00:00,141.2,143.98,140.65,143.53,3809260.0,142.39295,1471
2022-04-28 17:00:00+00:00,143.63,144.9,143.35,144.84,2864000.0,144.31475,1048
2022-04-28 18:00:00+00:00,144.88,145.94,144.58,145.34,2007880.0,145.1224,802
2022-04-28 19:00:00+00:00,145.25,145.76,144.06,145.18,6195120.0,144.7463,2502
2022-04-29 13:30:00+00:00,129.85,130.76,126.05,127.17,27497260.0,128.2559,8596
2022-04-29 14:00:00+00:00,127.17,128.0,126.25,127.08,15151300.0,127.0464,5102
2022-04-29 15:00:00+00:00,127.05,127.9,126.26,126.48,9961880.0,126.9345,3417
2022-04-29 16:00:00+00:00,126.42,126.6,124.72,125.38,12345560.0,125.52115,3887
2022-04-29 17:00:00+00:00,125.33,125.94,124.51,124.53,6767600.0,125.105,2393
2022-04-29 18:00:00+00:00,124.56,124.63,121.63,122.62,12121920.0,122.8603,4024
2022-04-29 19:00:00+00:00,122.57,124.5,122.25,124.28,16778660.0,123.45565,5889
2022-05-02 13:30:00+00:00,122.24,123.0,118.38,121.9,14410160.0,120.8611,4319
2022-05-02 14:00:00+00:00,121.88,123.25,120.1,121.42,10725780.0,121.60385,3534
2022-05-02 15:00:00+00:00,121.45,121.9,120.0,120.84,6058280.0,120.82345,2097
2022-05-02 16:00:00+00:00,120.81,121.85,119.91,119.97,4750220.0,120.7789,1497
2022-05-02 17:00:00+00:00,119.95,121.5,119.76,121.32,4519260.0,120.61385,1516
2022-05-02 18:00:00+00:00,121.34,121.94,120.12,120.23,4852100.0,120.84725,1503
2022-05-02 19:00:00+00:00,120.24,124.67,120.24,124.46,13095460.0,123.04365,4330
2022-05-03 13:30:00+00:00,124.07,125.89,123.0,125.88,7054220.0,124.5253,2001
2022-05-03 14:00:00+00:00,125.9,126.22,123.64,124.51,5185240.0,124.8982,1889
2022-05-03 15:00:00+00:00,124.47,125.55,124.15,124.5,3713560.0,124.84885,1281
2022-05-03 16:00:00+00:00,124.47,124.67,123.2,124.07,3121580.0,123.76935,1078
2022-05-03 17:00:00+00:00,124.15,125.1,123.94,124.52,2559480.0,124.60405,882
2022-05-03 18:00:00+00:00,124.46,124.56,122.83,124.08,3649900.0,123.5715,1304
2022-05-03 19:00:00+00:00,124.03,124.43,123.31,124.3,4283880.0,123.98815,1694
2022-05-04 13:30:00+00:00,123.6,123.74,121.15,121.15,4310100.0,122.72345,1233
2022-05-04 14:00:00+00:00,121.24,121.4,119.18,119.81,7491660.0,120.2467,2769
2022-05-04 15:00:00+00:00,119.79,120.29,119.38,120.02,3474820.0,119.8182,1252
2022-05-04 16:00:00+00:00,120.03,122.46,119.98,122.11,4508840.0,121.4272,1616
2022-05-04 17:00:00+00:00,122.11,122.7,121.42,122.67,3129000.0,122.03655,1120
2022-05-04 18:00:00+00:00,122.57,124.12,119.63,123.81,8518280.0,122.02305,2850
2022-05-04 19:00:00+00:00,123.92,126.0,123.79,125.94,10685860.0,125.1489,4023
2022-05-05 13:30:00+00:00,123.11,123.5,120.0,120.1,7934060.0,121.68105,2360
2022-05-05 14:00:00+00:00,120.17,120.29,116.85,117.69,11873560.0,118.337,4029
2022-05-05 15:00:00+00:00,117.57,117.78,115.75,116.72,8350840.0,116.98955,2602
2022-05-05 16:00:00+00:00,116.69,117.6,116.33,117.36,5787140.0,116.9406,1996
2022-05-05 17:00:00+00:00,117.36,117.75,116.5,116.66,3754680.0,117.04925,1291
2022-05-05 18:00:00+00:00,116.64,117.13,115.7,116.34,5228940.0,116.285,1899
2022-05-05 19:00:00+00:00,116.44,116.6,115.07,116.41,12388880.0,115.8444,4600
2022-05-06 13:30:00+00:00,114.9,115.85,113.18,113.65,9049340.0,114.3812,2595
2022-05-06 14:00:00+00:00,113.58,117.7,113.57,117.44,10507940.0,115.53915,3795
2022-05-06 15:00:00+00:00,117.44,119.05,115.7,115.75,6843420.0,117.38985,2480
2022-05-06 16:00:00+00:00,115.64,117.2,115.43,116.76,4239540.0,116.27865,1447
2022-05-06 17:00:00+00:00,116.81,116.85,114.0,114.38,3824320.0,115.27205,1402
2022-05-06 18:00:00+00:00,114.31,114.87,113.75,114.17,3888240.0,114.20875,1450
2022-05-06 19:00:00+00:00,114.07,115.89,113.08,114.75,9057040.0,114.49345,3371
2022-05-09 13:30:00+00:00,111.31,114.0,111.02,112.36,7332640.0,112.48785,1913
2022-05-09 14:00:00+00:00,112.49,112.66,110.69,110.7,7930120.0,111.6554,2492
2022-05-09 15:00:00+00:00,110.7,111.75,110.37,111.45,5762740.0,110.96945,1929
2022-05-09 16:00:00+00:00,111.4,112.63,110.51,110.58,5673080.0,111.55235,1731
2022-05-09 17:00:00+00:00,110.56,110.94,109.39,109.47,4772780.0,110.15735,1686
2022-05-09 18:00:00+00:00,109.44,110.22,108.97,109.95,5926600.0,109.506,1938
2022-05-09 19:00:00+00:00,110.02,110.25,107.96,108.79,10882780.0,108.94265,3675
2022-05-10 13:30:00+00:00,111.25,112.64,109.05,110.86,8711920.0,110.6289,2398
2022-05-10 14:00:00+00:00,110.83,112.25,108.8,108.87,7315940.0,110.58495,2630
2022-05-10 15:00:00+00:00,108.79,109.1,107.17,108.41,5616640.0,108.1111,2000
2022-05-10 16:00:00+00:00,108.5,109.05,107.36,107.49,3351740.0,108.18285,1203
2022-05-10 17:00:00+00:00,107.41,110.39,107.3,110.39,5020200.0,108.96505,1669
2022-05-10 18:00:00+00:00,110.36,110.4,108.84,109.47,3946820.0,109.48335,1354
2022-05-10 19:00:00+00:00,109.58,110.22,108.18,108.86,6142120.0,109.0256,2198
2022-05-11 13:30:00+00:00,108.0,110.16,106.68,108.99,7261100.0,108.3504,2070
2022-05-11 14:00:00+00:00,108.92,109.75,107.79,108.25,6024620.0,108.72575,2108
2022-05-11 15:00:00+00:00,108.35,109.2,107.43,107.63,3768820.0,108.3015,1326
2022-05-11 16:00:00+00:00,107.6,107.85,105.78,105.8,4139820.0,107.01275,1484
2022-05-11 17:00:00+00:00,105.83,105.91,104.43,104.54,5483640.0,105.34545,1802
2022-05-11 18:00:00+00:00,104.55,106.81,104.5,105.7,5075100.0,105.66275,1731
2022-05-11 19:00:00+00:00,105.61,106.0,105.06,105.37,7042180.0,105.45185,2650
2022-05-12 13:30:00+00:00,102.67,106.44,102.44,104.65,9879700.0,103.9382,2972
2022-05-12 14:00:00+00:00,104.5,110.26,104.0,110.01,10626020.0,107.35125,3763
2022-05-12 15:00:00+00:00,110.05,110.78,107.32,107.35,7499660.0,109.3467,2711
2022-05-12 16:00:00+00:00,107.32,108.6,106.38,107.25,4647340.0,107.52815,1697
2022-05-12 17:00:00+00:00,107.28,107.42,104.53,105.1,4752980.0,105.74875,1814
2022-05-12 18:00:00+00:00,105.07,105.89,104.5,104.68,4110240.0,105.1334,1376
2022-05-12 19:00:00+00:00,104.72,107.25,104.51,106.9,9342180.0,106.258,3161
2022-05-13 13:30:00+00:00,109.07,111.5,107.8,110.76,7389560.0,109.6694,2241
2022-05-13 14:00:00+00:00,110.64,111.65,110.49,110.95,5103400.0,111.05465,1909
2022-05-13 15:00:00+00:00,110.9,111.91,110.56,111.61,4134540.0,111.2673,1612
2022-05-13 16:00:00+00:00,111.68,112.57,111.0,111.55,3408140.0,111.827,1165
2022-05-13 17:00:00+00:00,111.6,111.88,110.98,111.19,2888500.0,111.39635,1031
2022-05-13 18:00:00+00:00,111.14,111.98,110.36,111.84,3815640.0,110.97465,1390
2022-05-13 19:00:00+00:00,111.8,113.18,111.61,113.11,8389060.0,112.6373,3113
2022-05-16 13:30:00+00:00,113.1,113.99,111.61,111.7,6570120.0,112.67695,1939
2022-05-16 14:00:00+00:00,111.64,112.97,110.65,110.79,7969740.0,111.6736,2399
2022-05-16 15:00:00+00:00,110.73,111.9,110.4,111.8,4170040.0,111.155,1426
2022-05-16 16:00:00+00:00,111.78,112.07,110.52,110.64,2391760.0,111.2644,802
2022-05-16 17:00:00+00:00,110.6,111.55,110.35,111.33,2072780.0,111.05495,739
2022-05-16 18:00:00+00:00,111.23,112.6,111.14,112.16,2925740.0,112.0716,982
2022-05-16 19:00:00+00:00,112.16,112.21,110.43,110.85,4104220.0,110.97735,1435
2022-05-17 13:30:00+00:00,113.28,114.2,112.13,112.23,5207080.0,113.195,1427
2022-05-17 14:00:00+00:00,112.25,112.93,111.28,111.63,4370260.0,112.09395,1436
2022-05-17 15:00:00+00:00,111.63,112.54,111.47,112.22,2504560.0,112.05525,924
2022-05-17 16:00:00+00:00,112.23,112.93,111.9,112.44,3020380.0,112.49775,836
2022-05-17 17:00:00+00:00,112.46,113.5,112.02,113.1,2242540.0,113.1078,732
2022-05-17 18:00:00+00:00,113.17,114.9,112.01,114.48,4941080.0,113.4451,1678
2022-05-17 19:00:00+00:00,114.51,115.8,114.43,115.38,7042540.0,115.2087,2633
2022-05-18 13:30:00+00:00,111.33,112.85,109.85,110.2,7435420.0,111.57775,2324
2022-05-18 14:00:00+00:00,110.23,111.35,110.01,110.63,5324840.0,110.66175,1803
2022-05-18 15:00:00+00:00,110.65,110.65,108.68,109.02,5085660.0,109.57375,1736
2022-05-18 16:00:00+00:00,109.02,109.67,108.35,109.67,3805940.0,108.9445,1178
2022-05-18 17:00:00+00:00,109.69,109.69,107.39,107.7,4265240.0,108.4572,1350
2022-05-18 18:00:00+00:00,107.73,108.06,106.73,106.87,3827900.0,107.471,1373
2022-05-18 19:00:00+00:00,106.85,107.37,106.25,107.16,8751560.0,106.8648,3234
2022-05-19 13:30:00+00:00,106.25,108.71,106.19,108.65,8284540.0,107.32465,2491
2022-05-19 14:00:00+00:00,108.65,109.64,107.87,108.88,7735900.0,108.83705,2874
2022-05-19 15:00:00+00:00,108.9,110.03,108.17,109.36,3546840.0,109.2171,1358
2022-05-19 16:00:00+00:00,109.38,109.67,107.5,107.98,3643960.0,108.4755,1378
2022-05-19 17:00:00+00:00,107.99,108.78,107.1,108.66,2119940.0,107.7871,835
2022-05-19 18:00:00+00:00,108.7,109.25,107.89,108.98,2336400.0,108.57775,865
2022-05-19 19:00:00+00:00,108.9,109.3,107.17,107.29,5576180.0,107.79985,2083
2022-05-20 13:30:00+00:00,109.42,109.8,108.26,109.48,5125280.0,109.2235,1242
2022-05-20 14:00:00+00:00,109.33,109.9,108.12,108.2,5580960.0,109.08365,1828
2022-05-20 15:00:00+00:00,108.14,108.4,107.11,107.59,3181320.0,107.7465,1137
2022-05-20 16:00:00+00:00,107.51,107.73,105.57,105.96,5330240.0,106.2368,1600
2022-05-20 17:00:00+00:00,106.05,106.44,105.15,106.07,4609040.0,105.7306,1657
2022-05-20 18:00:00+00:00,106.04,106.23,105.01,105.61,3231140.0,105.5074,1224
2022-05-20 19:00:00+00:00,105.64,107.95,105.3,107.58,8688900.0,107.00765,3304
2022-05-23 13:30:00+00:00,108.4,108.82,105.25,105.36,6840100.0,107.83295,2145
2022-05-23 14:00:00+00:00,105.34,105.99,103.95,104.64,13042220.0,104.73545,4635
2022-05-23 15:00:00+00:00,104.7,106.18,104.59,105.6,5004920.0,105.4753,1987
2022-05-23 16:00:00+00:00,105.56,106.55,105.51,105.82,4407320.0,106.01675,1639
2022-05-23 17:00:00+00:00,105.81,106.25,104.86,106.06,3219640.0,105.5105,1290
2022-05-23 18:00:00+00:00,106.17,108.25,106.14,107.16,5039100.0,107.1761,1854
2022-05-23 19:00:00+00:00,107.19,107.83,106.71,107.56,6181280.0,107.199,2351
2022-05-24 13:30:00+00:00,104.03,105.4,102.83,103.37,9679140.0,103.9546,2793
2022-05-24 14:00:00+00:00,103.43,103.48,101.26,103.32,11008200.0,102.30415,3596
2022-05-24 15:00:00+00:00,103.32,104.29,102.99,103.91,4352160.0,103.539,1571
2022-05-24 16:00:00+00:00,103.87,104.85,102.85,103.5,4080080.0,103.7934,1355
2022-05-24 17:00:00+00:00,103.49,104.89,102.75,104.22,3270240.0,103.76085,1120
2022-05-24 18:00:00+00:00,104.29,105.22,103.02,103.51,3510320.0,104.078,1179
2022-05-24 19:00:00+00:00,103.48,104.91,103.28,104.1,5476300.0,104.12015,2061
2022-05-25 13:30:00+00:00,103.66,105.73,103.65,105.48,5211020.0,104.76525,1507
2022-05-25 14:00:00+00:00,105.47,108.07,104.55,107.18,8087560.0,106.60825,2748
2022-05-25 15:00:00+00:00,107.26,107.5,106.01,106.48,3115940.0,106.75565,1133
2022-05-25 16:00:00+00:00,106.45,106.73,105.76,106.64,1973680.0,106.32065,737
2022-05-25 17:00:00+00:00,106.58,106.85,106.0,106.31,1897020.0,106.4169,686
2022-05-25 18:00:00+00:00,106.32,107.43,105.35,107.27,4396480.0,106.7609,1585
2022-05-25 19:00:00+00:00,107.25,108.17,106.35,106.84,6597220.0,107.3151,2400
2022-05-26 13:30:00+00:00,108.19,110.47,107.45,109.85,6794160.0,109.14265,1846
2022-05-26 14:00:00+00:00,109.83,110.98,109.65,110.8,4234340.0,110.40495,1377
2022-05-26 15:00:00+00:00,110.92,111.2,110.45,111.0,2773280.0,110.8659,906
2022-05-26 16:00:00+00:00,110.95,112.48,110.86,112.26,3839540.0,111.98205,1318
2022-05-26 17:00:00+00:00,112.3,112.67,111.85,112.52,3913800.0,112.26015,1262
2022-05-26 18:00:00+00:00,112.52,112.52,111.38,111.62,3279940.0,111.8883,1188
2022-05-26 19:00:00+00:00,111.61,111.96,110.33,111.08,7439220.0,111.09315,2437
2022-05-27 13:30:00+00:00,113.55,114.55,113.04,114.23,8229620.0,113.7247,2350
2022-05-27 14:00:00+00:00,114.34,114.65,113.35,113.42,4582560.0,114.1241,1700
2022-05-27 15:00:00+00:00,113.42,113.67,112.63,113.5,4724900.0,113.1778,1585
2022-05-27 16:00:00+00:00,113.5,113.81,112.67,113.11,2516040.0,113.19465,830
2022-05-27 17:00:00+00:00,113.1,113.48,112.82,113.2,1659640.0,113.16435,620
2022-05-27 18:00:00+00:00,113.19,114.12,113.07,113.96,2557100.0,113.57865,835
2022-05-27 19:00:00+00:00,113.9,115.19,113.76,115.17,7280440.0,114.57655,2766
2022-05-31 13:30:00+00:00,116.3,118.5,116.07,116.75,9175100.0,116.9762,2776
2022-05-31 14:00:00+00:00,116.75,117.98,115.67,117.6,6673040.0,116.82085,2337
2022-05-31 15:00:00+00:00,117.52,119.05,117.06,118.8,4883440.0,117.91045,1748
2022-05-31 16:00:00+00:00,118.8,120.15,118.46,119.63,5459080.0,119.39975,1841
2022-05-31 17:00:00+00:00,119.62,121.61,119.23,121.41,6110260.0,120.29175,2158
2022-05-31 18:00:00+00:00,121.4,121.99,119.5,120.14,7651360.0,120.97975,2353
2022-05-31 19:00:00+00:00,120.1,121.92,119.85,120.13,10277640.0,120.9055,3905
2022-06-01 13:30:00+00:00,122.26,125.18,122.07,124.46,12787680.0,123.60455,3698
2022-06-01 14:00:00+00:00,124.51,124.63,120.69,122.59,13024180.0,122.7155,4213
2022-06-01 15:00:00+00:00,122.59,122.84,120.8,121.33,5355020.0,121.5799,1785
2022-06-01 16:00:00+00:00,121.31,121.9,120.62,121.25,3969640.0,121.24175,1315
2022-06-01 17:00:00+00:00,121.32,122.97,121.26,122.7,4176700.0,122.25815,1377
2022-06-01 18:00:00+00:00,122.69,123.79,122.65,122.88,4659120.0,123.255,1505
2022-06-01 19:00:00+00:00,122.94,123.8,121.62,121.68,7180020.0,122.79205,2430
2022-06-02 13:30:00+00:00,121.68,122.05,120.05,120.72,5747960.0,121.02635,1538
2022-06-02 14:00:00+00:00,120.77,122.41,120.63,121.56,5703840.0,121.4276,1865
2022-06-02 15:00:00+00:00,121.55,122.85,121.5,122.46,3881980.0,122.34425,1242
2022-06-02 16:00:00+00:00,122.48,124.71,122.33,124.38,5541460.0,123.7921,1882
2022-06-02 17:00:00+00:00,124.41,125.08,124.17,124.94,3897840.0,124.6373,1252
2022-06-02 18:00:00+00:00,124.91,125.02,124.09,124.09,2797540.0,124.7029,938
2022-06-02 19:00:00+00:00,124.08,125.61,123.9,125.54,7061420.0,124.98125,2495
2022-06-03 13:30:00+00:00,124.2,124.4,123.1,124.0,7294220.0,123.8873,2125
2022-06-03 14:00:00+00:00,124.0,124.05,121.36,121.63,7462480.0,122.5869,2321
2022-06-03 15:00:00+00:00,121.6,122.33,121.05,122.23,3795460.0,121.6959,1192
2022-06-03 16:00:00+00:00,122.17,122.47,121.46,122.2,3931560.0,121.8998,1162
2022-06-03 17:00:00+00:00,122.2,122.79,121.54,121.88,3233360.0,122.05735,975
2022-06-03 18:00:00+00:00,121.85,123.2,121.71,123.04,5097180.0,122.5977,1784
2022-06-03 19:00:00+00:00,123.05,123.07,121.75,122.35,7137460.0,122.34,2470
2022-06-06 13:30:00+00:00,125.25,126.85,124.01,126.79,21064948.0,125.439,88129
2022-06-06 14:00:00+00:00,126.78,128.99,126.33,128.13,24878954.0,127.777,105691
2022-06-06 15:00:00+00:00,128.13,128.28,125.69,126.11,13828721.0,126.84,52176
2022-06-06 16:00:00+00:00,126.12,126.18,124.01,125.26,12871169.0,124.823,47002
2022-06-06 17:00:00+00:00,125.26,126.59,124.66,126.22,9912552.0,125.659,34626
2022-06-06 18:00:00+00:00,126.28,126.28,124.81,125.29,7980173.0,125.465,28940
2022-06-06 19:00:00+00:00,125.29,125.6,123.81,124.85,12590784.0,124.632,49121
2022-06-07 13:30:00+00:00,122.07,122.83,120.63,122.42,13210268.0,121.813,49635
2022-06-07 14:00:00+00:00,122.46,124.1,121.53,123.35,12662058.0,122.822,47200
2022-06-07 15:00:00+00:00,123.36,123.38,121.53,122.42,9092465.0,122.186,38009
2022-06-07 16:00:00+00:00,122.46,122.5,121.02,121.67,6638591.0,121.672,24383
2022-06-07 17:00:00+00:00,121.67,122.48,121.4,122.09,5214717.0,122.041,18644
2022-06-07 18:00:00+00:00,122.09,122.81,121.94,122.18,5614437.0,122.455,22235
2022-06-07 19:00:00+00:00,122.18,123.56,122.16,123.0,8993387.0,122.925,38574
2022-06-08 13:30:00+00:00,122.58,123.75,121.86,123.26,7963929.0,122.89,27863
2022-06-08 14:00:00+00:00,123.27,123.72,122.24,122.56,7899774.0,123.109,27965
2022-06-08 15:00:00+00:00,122.58,123.27,122.06,122.66,5920127.0,122.725,22871
2022-06-08 16:00:00+00:00,122.63,122.88,121.01,121.54,5769353.0,121.834,21932
2022-06-08 17:00:00+00:00,121.54,121.59,120.75,121.47,4884079.0,121.249,18633
2022-06-08 18:00:00+00:00,121.48,121.69,120.75,121.15,4672561.0,121.135,17946
2022-06-08 19:00:00+00:00,121.16,121.58,120.76,121.18,6522537.0,121.161,29852
2022-06-09 13:30:00+00:00,120.01,121.3,119.35,120.86,8849071.0,120.264,32220
2022-06-09 14:00:00+00:00,120.89,121.19,119.73,120.29,7124623.0,120.444,27469
2022-06-09 15:00:00+00:00,120.29,120.72,119.65,120.07,5415573.0,120.104,20013
2022-06-09 16:00:00+00:00,120.06,120.22,119.48,120.08,3659198.0,119.868,14428
2022-06-09 17:00:00+00:00,120.11,120.56,118.69,119.24,4956096.0,119.563,19256
2022-06-09 18:00:00+00:00,119.26,119.29,117.75,117.78,6461385.0,118.386,24368
2022-06-09 19:00:00+00:00,117.77,117.84,116.1,116.12,12334213.0,116.874,50218
2022-06-10 13:30:00+00:00,113.45,114.5,110.97,111.14,11868472.0,112.631,46525
2022-06-10 14:00:00+00:00,111.13,111.13,109.8,109.83,13435788.0,110.411,53362
2022-06-10 15:00:00+00:00,109.81,110.35,109.05,109.5,7869627.0,109.669,30779
2022-06-10 16:00:00+00:00,109.51,109.86,109.15,109.6,5548855.0,109.489,22569
2022-06-10 17:00:00+00:00,109.61,110.24,109.31,109.81,5653047.0,109.657,23473
2022-06-10 18:00:00+00:00,109.79,110.55,109.62,110.25,6060323.0,110.017,22943
2022-06-10 19:00:00+00:00,110.23,110.74,109.55,109.64,10953362.0,110.074,46554
2022-06-13 13:30:00+00:00,104.24,106.54,103.85,105.63,11970440.0,105.199,43283
2022-06-13 14:00:00+00:00,105.64,106.43,101.87,102.65,16948748.0,103.508,65654
2022-06-13 15:00:00+00:00,102.66,103.73,102.13,103.58,9467559.0,103.086,34618
2022-06-13 16:00:00+00:00,103.56,105.19,103.47,103.95,8404373.0,104.052,29612
2022-06-13 17:00:00+00:00,103.95,104.64,103.4,104.53,5407181.0,103.916,21393
2022-06-13 18:00:00+00:00,104.53,104.86,103.83,104.22,5786945.0,104.363,23550
2022-06-13 19:00:00+00:00,104.23,104.73,103.27,103.68,14005483.0,103.792,59832
2022-06-14 13:30:00+00:00,104.19,104.88,102.59,103.66,9374591.0,103.629,35681
2022-06-14 14:00:00+00:00,103.67,104.39,102.43,103.23,8270672.0,103.247,34469
2022-06-14 15:00:00+00:00,103.25,104.1,102.75,103.93,5569187.0,103.341,25071
2022-06-14 16:00:00+00:00,103.94,103.99,102.94,103.46,4091337.0,103.383,17565
2022-06-14 17:00:00+00:00,103.44,104.35,102.62,102.75,6372068.0,103.471,25690
2022-06-14 18:00:00+00:00,102.75,103.25,102.35,102.41,4922022.0,102.841,22583
2022-06-14 19:00:00+00:00,102.42,102.91,101.43,102.35,12007896.0,102.223,53137
2022-06-15 13:30:00+00:00,103.84,105.08,103.53,104.3,8187427.0,104.443,31713
2022-06-15 14:00:00+00:00,104.29,105.45,104.09,105.29,9081341.0,104.95,38001
2022-06-15 15:00:00+00:00,105.28,106.5,105.24,106.35,7502822.0,106.0,31282
2022-06-15 16:00:00+00:00,106.36,107.04,105.37,105.48,5940650.0,106.397,23377
2022-06-15 17:00:00+00:00,105.49,106.89,105.45,106.64,4770369.0,106.078,19239
2022-06-15 18:00:00+00:00,106.7,108.85,104.37,106.66,14200579.0,106.559,55690
2022-06-15 19:00:00+00:00,106.69,109.06,106.51,107.67,13573527.0,107.679,62446
2022-06-16 13:30:00+00:00,104.47,104.58,103.35,104.08,8138744.0,104.08,36271
2022-06-16 14:00:00+00:00,104.08,104.25,102.37,102.52,10646715.0,103.188,47288
2022-06-16 15:00:00+00:00,102.53,103.8,102.5,103.25,6384232.0,103.157,26246
2022-06-16 16:00:00+00:00,103.26,103.98,102.76,103.67,4777910.0,103.379,19179
2022-06-16 17:00:00+00:00,103.67,104.36,102.72,102.77,6204212.0,103.544,29251
2022-06-16 18:00:00+00:00,102.79,103.01,102.01,102.43,6039536.0,102.498,26437
2022-06-16 19:00:00+00:00,102.42,103.79,102.35,103.66,11655453.0,103.234,54379
2022-06-17 13:30:00+00:00,102.81,106.06,102.51,105.46,15253334.0,103.713,29890
2022-06-17 14:00:00+00:00,105.46,106.18,104.31,104.49,9514560.0,105.094,42968
2022-06-17 15:00:00+00:00,104.47,105.8,104.02,105.12,6374938.0,105.148,27971
2022-06-17 16:00:00+00:00,105.14,106.12,104.88,105.81,4993065.0,105.648,20643
2022-06-17 17:00:00+00:00,105.81,106.98,105.73,106.3,5590928.0,106.439,25367
2022-06-17 18:00:00+00:00,106.34,106.55,105.82,105.87,4963157.0,106.193,23659
2022-06-17 19:00:00+00:00,105.88,106.81,105.02,106.17,12370881.0,106.0,68248
2022-06-21 13:30:00+00:00,108.15,110.3,107.89,109.95,9550896.0,109.326,38767
2022-06-21 14:00:00+00:00,109.97,111.63,109.81,110.28,11051334.0,110.743,43282
2022-06-21 15:00:00+00:00,110.3,110.41,108.77,108.9,7850295.0,109.604,32317
2022-06-21 16:00:00+00:00,108.9,109.15,108.3,108.69,5753595.0,108.767,21273
2022-06-21 17:00:00+00:00,108.7,109.25,108.1,108.9,4362680.0,108.797,17994
2022-06-21 18:00:00+00:00,108.9,108.92,108.37,108.87,3955098.0,108.688,16995
2022-06-21 19:00:00+00:00,108.87,109.27,108.4,108.68,6745712.0,108.879,32634
2022-06-22 13:30:00+00:00,107.42,109.88,107.02,109.55,6539891.0,108.471,24246
2022-06-22 14:00:00+00:00,109.56,112.13,108.82,110.73,11231595.0,110.723,44985
2022-06-22 15:00:00+00:00,110.75,110.81,109.09,109.11,5952839.0,110.081,26635
2022-06-22 16:00:00+00:00,109.11,109.65,108.86,109.61,4138319.0,109.297,18870
2022-06-22 17:00:00+00:00,109.61,110.32,109.31,110.04,3792817.0,109.952,15442
2022-06-22 18:00:00+00:00,110.05,110.89,110.02,110.47,4219521.0,110.453,18170
2022-06-22 19:00:00+00:00,110.48,110.54,108.62,108.91,6689029.0,109.455,32683
2022-06-23 13:30:00+00:00,110.38,111.21,107.93,109.12,8017090.0,109.396,32423
2022-06-23 14:00:00+00:00,109.14,111.53,109.03,111.44,8950716.0,110.296,34757
2022-06-23 15:00:00+00:00,111.44,111.83,110.46,110.57,6400947.0,111.177,27829
2022-06-23 16:00:00+00:00,110.59,111.1,109.85,109.93,5374744.0,110.353,22699
2022-06-23 17:00:00+00:00,109.92,110.99,109.51,110.89,3900820.0,110.263,17535
2022-06-23 18:00:00+00:00,110.89,111.73,110.62,111.52,4155047.0,111.208,17537
2022-06-23 19:00:00+00:00,111.53,113.0,111.35,112.47,9467616.0,112.388,42869
2022-06-24 13:30:00+00:00,112.31,114.7,111.43,113.91,9435976.0,113.442,36603
2022-06-24 14:00:00+00:00,113.91,115.57,113.88,114.55,9744928.0,114.728,40168
2022-06-24 15:00:00+00:00,114.52,114.95,113.88,114.73,5278825.0,114.456,23030
2022-06-24 16:00:00+00:00,114.73,115.06,114.32,114.83,4207483.0,114.721,18865
2022-06-24 17:00:00+00:00,114.83,114.97,114.55,114.73,2835399.0,114.749,13658
2022-06-24 18:00:00+00:00,114.73,115.6,114.59,115.52,3752453.0,115.229,15788
2022-06-24 19:00:00+00:00,115.53,116.71,115.06,116.69,9372374.0,115.853,43923
2022-06-27 13:30:00+00:00,117.09,117.98,113.55,114.39,9086334.0,115.394,37659
2022-06-27 14:00:00+00:00,114.41,115.47,113.51,115.24,8493892.0,114.448,36995
2022-06-27 15:00:00+00:00,115.26,115.4,114.42,114.56,5082338.0,114.797,23919
2022-06-27 16:00:00+00:00,114.56,114.77,113.77,114.42,4329753.0,114.168,20038
2022-06-27 17:00:00+00:00,114.42,114.48,113.72,113.8,3137805.0,114.057,14886
2022-06-27 18:00:00+00:00,113.81,114.03,113.27,113.55,4997340.0,113.636,21281
2022-06-27 19:00:00+00:00,113.54,113.67,112.7,113.24,7285784.0,113.236,37247
2022-06-28 13:30:00+00:00,113.4,114.85,112.86,113.68,6590966.0,114.002,28240
2022-06-28 14:00:00+00:00,113.67,113.79,110.25,110.84,10962052.0,111.473,50575
2022-06-28 15:00:00+00:00,110.83,111.18,108.35,108.37,9159842.0,109.633,37165
2022-06-28 16:00:00+00:00,108.38,109.22,107.87,109.14,7148784.0,108.416,33303
2022-06-28 17:00:00+00:00,109.15,109.16,107.8,107.96,4915764.0,108.255,22141
2022-06-28 18:00:00+00:00,107.97,108.14,107.13,107.54,4954986.0,107.615,22858
2022-06-28 19:00:00+00:00,107.55,108.13,107.25,107.4,8531184.0,107.563,45903
2022-06-29 13:30:00+00:00,107.39,109.99,106.91,109.56,10561072.0,108.481,44636
2022-06-29 14:00:00+00:00,109.56,110.99,109.32,109.74,11304087.0,110.135,50487
2022-06-29 15:00:00+00:00,109.75,109.99,108.82,109.63,5871415.0,109.441,25797
2022-06-29 16:00:00+00:00,109.62,109.74,108.14,108.77,4982984.0,108.695,21208
2022-06-29 17:00:00+00:00,108.77,109.43,108.42,109.31,3475084.0,108.934,14815
2022-06-29 18:00:00+00:00,109.29,109.71,108.43,108.66,4331236.0,109.136,19323
2022-06-29 19:00:00+00:00,108.65,109.5,108.56,108.89,6690019.0,109.069,32962
2022-06-30 13:30:00+00:00,108.13,108.18,103.45,103.53,11211178.0,105.311,50566
2022-06-30 14:00:00+00:00,103.53,104.9,102.52,104.71,16453857.0,103.45,80068
2022-06-30 15:00:00+00:00,104.69,106.79,104.24,106.71,9535146.0,105.753,41655
2022-06-30 16:00:00+00:00,106.7,107.29,105.61,106.68,7792949.0,106.47,34278
2022-06-30 17:00:00+00:00,106.69,107.41,106.09,107.31,5146795.0,106.787,23330
2022-06-30 18:00:00+00:00,107.32,107.65,106.03,106.26,5840786.0,106.895,27433
2022-06-30 19:00:00+00:00,106.26,107.5,105.48,106.2,12785455.0,106.282,66169
2022-07-01 13:30:00+00:00,106.25,108.77,105.84,108.32,8856882.0,107.349,35753
2022-07-01 14:00:00+00:00,108.32,108.81,106.65,107.26,11060651.0,107.55,51291
2022-07-01 15:00:00+00:00,107.25,108.55,106.9,107.84,7765468.0,107.985,35393
2022-07-01 16:00:00+00:00,107.84,108.26,107.48,107.83,5341413.0,107.915,24121
2022-07-01 17:00:00+00:00,107.82,108.74,107.62,108.63,4434197.0,108.262,20388
2022-07-01 18:00:00+00:00,108.64,109.38,108.14,109.16,5907586.0,108.848,28902
2022-07-01 19:00:00+00:00,109.16,109.75,108.74,109.55,9404679.0,109.407,50734
2022-07-05 13:30:00+00:00,107.72,109.11,106.32,108.88,7950653.0,107.85,32415
2022-07-05 14:00:00+00:00,108.88,111.37,108.31,110.38,10982458.0,109.966,46889
2022-07-05 15:00:00+00:00,110.37,111.98,109.55,111.51,7691102.0,110.755,32329
2022-07-05 16:00:00+00:00,111.5,112.69,111.21,111.71,6840774.0,111.993,29056
2022-07-05 17:00:00+00:00,111.7,113.2,111.68,112.91,5541006.0,112.669,24965
2022-07-05 18:00:00+00:00,112.92,114.08,112.62,113.55,6282241.0,113.418,26749
2022-07-05 19:00:00+00:00,113.56,114.03,112.84,113.5,10078549.0,113.526,49014
2022-07-06 13:30:00+00:00,113.32,114.35,112.01,113.81,9016561.0,113.034,35404
2022-07-06 14:00:00+00:00,113.8,114.25,112.34,113.74,9995434.0,113.443,40585
2022-07-06 15:00:00+00:00,113.73,113.99,112.66,113.01,5246397.0,113.22,22144
2022-07-06 16:00:00+00:00,113.0,113.79,112.78,113.74,3807804.0,113.361,15653
2022-07-06 17:00:00+00:00,113.74,114.49,113.74,114.33,4626952.0,114.211,18492
2022-07-06 18:00:00+00:00,114.33,115.24,113.45,115.22,7950459.0,114.484,28567
2022-07-06 19:00:00+00:00,115.22,115.48,113.86,114.39,8089941.0,114.76,35932
2022-07-07 13:30:00+00:00,113.87,115.48,113.49,114.51,7845206.0,114.639,29928
2022-07-07 14:00:00+00:00,114.5,115.05,113.72,114.83,8537713.0,114.319,33727
2022-07-07 15:00:00+00:00,114.84,116.22,114.71,116.21,8021872.0,115.414,31079
2022-07-07 16:00:00+00:00,116.22,116.45,115.79,116.29,4079421.0,116.127,18466
2022-07-07 17:00:00+00:00,116.29,116.53,115.99,116.45,3542348.0,116.298,15580
2022-07-07 18:00:00+00:00,116.45,116.74,116.35,116.72,3510070.0,116.559,15929
2022-07-07 19:00:00+00:00,116.71,116.99,116.18,116.3,8532270.0,116.533,38696
2022-07-08 13:30:00+00:00,114.61,115.67,113.82,113.94,7149359.0,114.78,28474
2022-07-08 14:00:00+00:00,113.94,116.33,113.69,115.81,7877178.0,115.253,30790
2022-07-08 15:00:00+00:00,115.8,116.58,115.69,116.25,4579189.0,116.174,18146
2022-07-08 16:00:00+00:00,116.27,116.27,114.5,114.89,4132280.0,115.17,18250
2022-07-08 17:00:00+00:00,114.91,115.76,114.67,115.48,3103158.0,115.305,12395
2022-07-08 18:00:00+00:00,115.48,116.06,115.2,115.86,3379170.0,115.667,14871
2022-07-08 19:00:00+00:00,115.88,115.98,115.23,115.54,4893171.0,115.585,22706
2022-07-11 13:30:00+00:00,113.95,114.3,110.87,111.41,8455116.0,112.377,36553
2022-07-11 14:00:00+00:00,111.41,113.3,111.01,112.32,8205980.0,112.247,36513
2022-07-11 15:00:00+00:00,112.33,113.03,111.84,112.77,4411906.0,112.547,17433
2022-07-11 16:00:00+00:00,112.78,112.97,112.42,112.8,3473565.0,112.667,15540
2022-07-11 17:00:00+00:00,112.8,113.39,112.71,113.05,3171337.0,113.131,13078
2022-07-11 18:00:00+00:00,113.04,113.05,112.02,112.03,3317852.0,112.576,14941
2022-07-11 19:00:00+00:00,112.03,112.1,111.27,111.78,6658754.0,111.792,33851
2022-07-12 13:30:00+00:00,112.22,113.23,110.54,110.55,5869176.0,112.093,23756
2022-07-12 14:00:00+00:00,110.56,111.16,109.63,110.13,8270197.0,110.191,39751
2022-07-12 15:00:00+00:00,110.14,111.02,109.98,110.52,4588080.0,110.545,20036
2022-07-12 16:00:00+00:00,110.51,110.93,110.29,110.54,3258955.0,110.578,15257
2022-07-12 17:00:00+00:00,110.54,110.91,109.83,110.43,4412356.0,110.176,17806
2022-07-12 18:00:00+00:00,110.43,110.45,109.48,109.56,4089891.0,110.014,17263
2022-07-12 19:00:00+00:00,109.55,109.56,108.34,109.22,8501191.0,108.974,44118
2022-07-13 13:30:00+00:00,107.03,109.08,106.01,108.84,7772094.0,107.604,35600
2022-07-13 14:00:00+00:00,108.82,111.3,107.9,111.07,10895866.0,109.518,45414
2022-07-13 15:00:00+00:00,111.07,111.72,110.12,110.72,6980061.0,111.011,29433
2022-07-13 16:00:00+00:00,110.72,111.36,110.29,111.33,3785903.0,110.81,15960
2022-07-13 17:00:00+00:00,111.34,111.78,110.83,111.59,4187527.0,111.319,17649
2022-07-13 18:00:00+00:00,111.59,111.61,110.37,111.32,4774669.0,110.903,22018
2022-07-13 19:00:00+00:00,111.32,111.34,110.23,110.4,6735095.0,110.652,33749
2022-07-14 13:30:00+00:00,110.23,111.18,108.1,108.46,7295874.0,109.029,31690
2022-07-14 14:00:00+00:00,108.47,108.89,107.58,108.55,7098471.0,108.14,31079
2022-07-14 15:00:00+00:00,108.54,109.77,108.48,109.4,5036760.0,109.085,21169
2022-07-14 16:00:00+00:00,109.4,109.53,108.51,108.82,3080492.0,108.962,14566
2022-07-14 17:00:00+00:00,108.83,110.05,108.65,109.84,3353498.0,109.44,14643
2022-07-14 18:00:00+00:00,109.84,110.68,109.56,110.16,3951209.0,110.101,17796
2022-07-14 19:00:00+00:00,110.17,110.88,109.74,110.62,7401202.0,110.345,35096
2022-07-15 13:30:00+00:00,112.52,113.84,111.59,112.48,10945280.0,112.793,40076
2022-07-15 14:00:00+00:00,112.49,113.67,112.08,113.47,10128795.0,112.982,43898
2022-07-15 15:00:00+00:00,113.47,114.8,113.35,114.51,8634956.0,114.318,34705
2022-07-15 16:00:00+00:00,114.51,114.58,113.93,114.4,5388217.0,114.284,23089
2022-07-15 17:00:00+00:00,114.41,115.32,114.41,115.31,5046158.0,114.897,21631
2022-07-15 18:00:00+00:00,115.31,115.59,114.74,114.75,5366195.0,115.248,23177
2022-07-15 19:00:00+00:00,114.75,114.75,112.85,113.57,13864547.0,113.796,69507
2022-07-18 13:30:00+00:00,115.05,116.45,114.55,116.13,7682089.0,115.442,32643
2022-07-18 14:00:00+00:00,116.14,116.57,114.89,115.59,6862026.0,115.554,29210
2022-07-18 15:00:00+00:00,115.61,117.17,115.57,116.89,6699432.0,116.476,26829
2022-07-18 16:00:00+00:00,116.89,117.24,116.61,116.7,4607544.0,116.91,16243
2022-07-18 17:00:00+00:00,116.69,116.92,114.64,114.95,5381618.0,116.029,20727
2022-07-18 18:00:00+00:00,114.95,115.37,113.78,113.89,5028378.0,114.679,21471
2022-07-18 19:00:00+00:00,113.87,114.52,113.15,113.79,6465892.0,113.784,31679
2022-07-19 13:30:00+00:00,115.7,115.89,114.03,115.12,5930903.0,114.767,27360
2022-07-19 14:00:00+00:00,115.13,115.86,114.18,115.81,6339526.0,115.07,29359
2022-07-19 15:00:00+00:00,115.82,116.63,115.74,116.59,5209682.0,116.116,23113
2022-07-19 16:00:00+00:00,116.59,117.57,116.26,117.36,5310818.0,117.034,22816
2022-07-19 17:00:00+00:00,117.35,118.58,117.25,118.5,5706867.0,117.977,24536
2022-07-19 18:00:00+00:00,118.51,118.95,117.65,118.07,5780772.0,118.181,24101
2022-07-19 19:00:00+00:00,118.07,118.45,117.59,118.19,9049055.0,118.079,47951
2022-07-20 13:30:00+00:00,118.61,120.44,118.32,119.6,8348423.0,119.559,33794
2022-07-20 14:00:00+00:00,119.62,123.12,119.33,123.1,13284073.0,121.606,57601
2022-07-20 15:00:00+00:00,123.12,123.12,121.55,122.77,7932127.0,122.273,34531
2022-07-20 16:00:00+00:00,122.76,123.48,121.72,122.77,6800487.0,122.802,29093
2022-07-20 17:00:00+00:00,122.79,122.88,121.32,121.54,6032962.0,122.094,24854
2022-07-20 18:00:00+00:00,121.55,122.89,121.42,122.82,4512852.0,122.233,21804
2022-07-20 19:00:00+00:00,122.81,123.34,122.55,122.78,8172686.0,122.907,45445
2022-07-21 13:30:00+00:00,123.2,123.94,121.4,122.5,9132551.0,122.555,40642
2022-07-21 14:00:00+00:00,122.55,123.23,121.26,123.11,7634302.0,122.206,33646
2022-07-21 15:00:00+00:00,123.1,123.75,122.72,122.87,5998825.0,123.225,27489
2022-07-21 16:00:00+00:00,122.85,124.28,122.82,124.07,5099582.0,123.672,23732
2022-07-21 17:00:00+00:00,124.08,124.31,123.09,123.52,3908168.0,123.676,17656
2022-07-21 18:00:00+00:00,123.52,124.56,123.46,124.42,5055006.0,124.107,23120
2022-07-21 19:00:00+00:00,124.43,124.85,124.18,124.68,7701032.0,124.591,39774
2022-07-22 13:30:00+00:00,125.01,125.5,124.03,124.14,7797421.0,124.774,34718
2022-07-22 14:00:00+00:00,124.15,125.41,123.76,124.1,7322332.0,124.53,33123
2022-07-22 15:00:00+00:00,124.1,124.18,122.01,122.64,5408304.0,123.065,25379
2022-07-22 16:00:00+00:00,122.64,122.81,121.76,122.15,4239580.0,122.187,18231
2022-07-22 17:00:00+00:00,122.16,122.22,121.36,121.8,3478570.0,121.785,14290
2022-07-22 18:00:00+00:00,121.8,122.2,121.35,122.0,2993865.0,121.707,14157
2022-07-22 19:00:00+00:00,121.99,122.6,121.79,122.46,6289438.0,122.312,32679
2022-07-25 13:30:00+00:00,122.76,123.64,121.86,122.8,6391046.0,122.902,27212
2022-07-25 14:00:00+00:00,122.83,123.08,121.48,122.1,6201570.0,122.212,28271
2022-07-25 15:00:00+00:00,122.1,122.12,120.9,121.5,4824969.0,121.482,23822
2022-07-25 16:00:00+00:00,121.49,122.0,121.03,121.73,3184036.0,121.507,16157
2022-07-25 17:00:00+00:00,121.73,121.88,120.63,120.7,3875416.0,121.154,19151
2022-07-25 18:00:00+00:00,120.71,121.16,120.21,120.3,3877299.0,120.597,19317
2022-07-25 19:00:00+00:00,120.31,121.23,120.03,121.14,6304511.0,120.574,35519
2022-07-26 13:30:00+00:00,115.79,118.15,115.43,117.59,10553000.0,116.929,47940
2022-07-26 14:00:00+00:00,117.59,118.11,116.0,116.83,8164875.0,116.897,39380
2022-07-26 15:00:00+00:00,116.83,116.92,115.7,115.87,5365518.0,116.208,24564
2022-07-26 16:00:00+00:00,115.87,116.09,115.31,115.73,4709652.0,115.725,20057
2022-07-26 17:00:00+00:00,115.72,115.95,114.84,114.95,4393073.0,115.4,20036
2022-07-26 18:00:00+00:00,114.96,115.38,114.54,114.89,3918551.0,114.879,17952
2022-07-26 19:00:00+00:00,114.89,115.2,114.53,114.8,9194601.0,114.855,45880
2022-07-27 13:30:00+00:00,117.3,118.85,117.16,118.28,6264521.0,118.058,27865
2022-07-27 14:00:00+00:00,118.28,119.28,118.13,118.82,5155656.0,118.664,23672
2022-07-27 15:00:00+00:00,118.83,119.98,118.73,119.83,4708203.0,119.34,22281
2022-07-27 16:00:00+00:00,119.82,120.23,118.87,118.95,4375470.0,119.687,18760
2022-07-27 17:00:00+00:00,118.94,119.17,118.27,118.45,3615819.0,118.728,15916
2022-07-27 18:00:00+00:00,118.47,121.06,117.95,120.23,8799330.0,119.487,39707
2022-07-27 19:00:00+00:00,120.25,121.9,119.89,120.95,10902497.0,120.975,57379
2022-07-28 13:30:00+00:00,121.57,121.78,118.52,118.94,7276845.0,119.999,29434
2022-07-28 14:00:00+00:00,118.98,120.15,118.08,120.14,7178040.0,118.857,30538
2022-07-28 15:00:00+00:00,120.13,121.56,120.07,120.99,5860249.0,120.892,25323
2022-07-28 16:00:00+00:00,120.97,121.75,120.97,121.15,4381603.0,121.314,20845
2022-07-28 17:00:00+00:00,121.17,122.27,120.87,121.95,4390091.0,121.69,21499
2022-07-28 18:00:00+00:00,121.97,122.46,121.51,122.41,4150183.0,121.955,20052
2022-07-28 19:00:00+00:00,122.4,122.84,121.54,122.27,11246141.0,122.059,52982
2022-07-29 13:30:00+00:00,134.88,137.54,132.41,136.99,31857032.0,135.181,132473
2022-07-29 14:00:00+00:00,137.0,137.65,136.21,136.27,20647754.0,137.054,86274
2022-07-29 15:00:00+00:00,136.28,136.52,134.61,136.46,15065404.0,135.65,61910
2022-07-29 16:00:00+00:00,136.47,136.7,135.38,136.34,8206186.0,136.088,34268
2022-07-29 17:00:00+00:00,136.35,137.02,135.66,136.66,7539511.0,136.374,33973
2022-07-29 18:00:00+00:00,136.68,137.2,136.47,136.83,7638971.0,136.835,36310
2022-07-29 19:00:00+00:00,136.83,136.87,134.64,135.0,15189328.0,135.976,75370
2022-08-01 13:30:00+00:00,135.05,137.0,133.51,136.09,10881115.0,135.343,46909
2022-08-01 14:00:00+00:00,136.09,138.84,135.82,138.27,14352308.0,137.686,62494
2022-08-01 15:00:00+00:00,138.28,138.8,137.4,138.34,7784613.0,138.155,32442
2022-08-01 16:00:00+00:00,138.35,138.48,136.32,136.48,5331676.0,137.198,24342
2022-08-01 17:00:00+00:00,136.48,136.54,134.54,135.45,6906752.0,135.364,29330
2022-08-01 18:00:00+00:00,135.46,136.25,135.02,136.08,5879256.0,135.567,26822
2022-08-01 19:00:00+00:00,136.08,136.11,135.21,135.43,7711415.0,135.552,39600
2022-08-02 13:30:00+00:00,134.65,136.67,134.41,136.36,9327214.0,135.678,39928
2022-08-02 14:00:00+00:00,136.36,136.65,134.67,136.3,8863941.0,135.701,39063
2022-08-02 15:00:00+00:00,136.3,136.62,135.17,136.37,6432332.0,135.979,28204
2022-08-02 16:00:00+00:00,136.39,137.44,136.22,136.64,5399029.0,136.913,25332
2022-08-02 17:00:00+00:00,136.64,136.66,134.33,134.97,6701064.0,135.371,29148
2022-08-02 18:00:00+00:00,134.98,135.38,134.55,134.71,4156763.0,134.968,21896
2022-08-02 19:00:00+00:00,134.7,135.08,134.09,134.17,6794668.0,134.57,39637
2022-08-03 13:30:00+00:00,136.2,138.1,136.05,137.98,8181684.0,137.16,31352
2022-08-03 14:00:00+00:00,137.98,138.42,136.7,137.9,8988086.0,137.766,37343
2022-08-03 15:00:00+00:00,137.89,139.47,137.58,139.46,7387979.0,138.581,32958
2022-08-03 16:00:00+00:00,139.47,139.89,138.86,139.45,5826867.0,139.372,25467
2022-08-03 17:00:00+00:00,139.46,140.0,139.21,139.93,5966640.0,139.607,25799
2022-08-03 18:00:00+00:00,139.93,140.49,139.82,140.31,5643212.0,140.225,25724
2022-08-03 19:00:00+00:00,140.29,140.46,139.44,139.54,10479433.0,139.922,51046
2022-08-04 13:30:00+00:00,140.55,142.3,139.59,141.03,9855752.0,140.85,38302
2022-08-04 14:00:00+00:00,141.03,141.08,139.55,140.92,8342831.0,140.48,35807
2022-08-04 15:00:00+00:00,140.91,142.09,140.26,142.0,7362505.0,141.143,31795
2022-08-04 16:00:00+00:00,142.0,143.44,141.9,142.22,9104478.0,142.718,37331
2022-08-04 17:00:00+00:00,142.22,143.56,142.22,142.74,5402453.0,143.016,22617
2022-08-04 18:00:00+00:00,142.73,143.14,142.09,142.84,5096002.0,142.54,24311
2022-08-04 19:00:00+00:00,142.86,143.27,142.27,142.58,8898911.0,142.775,47500
2022-08-05 13:30:00+00:00,140.16,141.59,139.6,140.75,6608828.0,140.762,27401
2022-08-05 14:00:00+00:00,140.74,142.86,140.54,142.01,6750742.0,142.118,28815
2022-08-05 15:00:00+00:00,142.02,142.02,139.61,140.31,7152226.0,140.341,28340
2022-08-05 16:00:00+00:00,140.31,141.34,140.22,141.21,3382828.0,140.861,16906
2022-08-05 17:00:00+00:00,141.22,141.61,140.29,140.47,3517731.0,141.147,16957
2022-08-05 18:00:00+00:00,140.47,140.64,139.87,140.13,3703391.0,140.247,18223
2022-08-05 19:00:00+00:00,140.14,140.95,140.02,140.8,6119673.0,140.426,31838
2022-08-08 13:30:00+00:00,142.02,144.23,141.58,143.67,7257263.0,143.248,31190
2022-08-08 14:00:00+00:00,143.67,143.9,141.17,141.47,7095653.0,142.546,31254
2022-08-08 15:00:00+00:00,141.49,141.98,139.71,140.21,5972804.0,140.778,28184
2022-08-08 16:00:00+00:00,140.21,140.34,139.01,139.51,5296529.0,139.56,24117
2022-08-08 17:00:00+00:00,139.5,139.95,139.14,139.67,3047188.0,139.519,14425
2022-08-08 18:00:00+00:00,139.67,139.69,138.29,138.75,4244526.0,138.826,19148
2022-08-08 19:00:00+00:00,138.76,139.54,138.51,139.42,5510930.0,139.086,30185
2022-08-09 13:30:00+00:00,138.07,138.96,136.68,136.92,5772899.0,137.543,25772
2022-08-09 14:00:00+00:00,136.93,138.04,136.21,137.42,5918820.0,137.041,28682
2022-08-09 15:00:00+00:00,137.41,138.05,136.89,137.58,4242802.0,137.553,19930
2022-08-09 16:00:00+00:00,137.55,137.68,137.17,137.47,2588315.0,137.409,13191
2022-08-09 17:00:00+00:00,137.48,137.76,137.24,137.56,2374382.0,137.515,11964
2022-08-09 18:00:00+00:00,137.56,137.99,137.27,137.73,2578385.0,137.625,13430
2022-08-09 19:00:00+00:00,137.73,137.94,137.5,137.83,4505604.0,137.735,24638
2022-08-10 13:30:00+00:00,142.77,144.6,141.35,141.64,9496636.0,142.779,42303
2022-08-10 14:00:00+00:00,141.68,142.64,141.01,142.46,6455154.0,141.946,31734
2022-08-10 15:00:00+00:00,142.46,143.25,142.0,142.48,5131013.0,142.53,27061
2022-08-10 16:00:00+00:00,142.48,142.82,141.84,142.47,3742762.0,142.361,18034
2022-08-10 17:00:00+00:00,142.48,142.94,142.11,142.62,2813779.0,142.598,14003
2022-08-10 18:00:00+00:00,142.62,142.74,142.01,142.07,2928279.0,142.404,15794
2022-08-10 19:00:00+00:00,142.07,142.94,141.99,142.71,6125366.0,142.608,32550
2022-08-11 13:30:00+00:00,143.86,144.32,143.01,143.12,5385425.0,143.644,21853
2022-08-11 14:00:00+00:00,143.12,144.49,142.6,143.01,6680320.0,143.621,28849
2022-08-11 15:00:00+00:00,143.0,143.09,141.08,141.63,5241400.0,141.877,23769
2022-08-11 16:00:00+00:00,141.63,142.27,141.42,142.02,2732397.0,141.833,13086
2022-08-11 17:00:00+00:00,142.04,142.26,141.06,141.25,2540293.0,141.704,12458
2022-08-11 18:00:00+00:00,141.26,141.26,139.76,140.25,4463570.0,140.439,21841
2022-08-11 19:00:00+00:00,140.24,140.75,139.84,140.68,5321309.0,140.385,28399
2022-08-12 13:30:00+00:00,142.09,142.19,140.29,141.03,4535528.0,141.137,19087
2022-08-12 14:00:00+00:00,140.99,141.54,140.12,140.79,6177503.0,140.831,25727
2022-08-12 15:00:00+00:00,140.79,141.58,140.5,140.82,4101617.0,141.065,19326
2022-08-12 16:00:00+00:00,140.83,141.53,140.83,141.09,2498911.0,141.263,11288
2022-08-12 17:00:00+00:00,141.08,141.78,141.05,141.66,2313768.0,141.489,10191
2022-08-12 18:00:00+00:00,141.66,142.49,141.54,142.49,3879468.0,141.997,15962
2022-08-12 19:00:00+00:00,142.49,143.57,142.25,143.53,9636934.0,142.982,48569
2022-08-15 13:30:00+00:00,142.77,143.76,142.12,143.03,5067991.0,142.929,22649
2022-08-15 14:00:00+00:00,143.01,143.07,141.49,141.81,6129858.0,142.023,29315
2022-08-15 15:00:00+00:00,141.81,143.03,141.66,142.94,3882349.0,142.328,19646
2022-08-15 16:00:00+00:00,142.95,143.09,142.43,142.79,2929442.0,142.697,13491
2022-08-15 17:00:00+00:00,142.79,143.13,142.68,142.95,2379895.0,142.91,11313
2022-08-15 18:00:00+00:00,142.95,143.27,142.55,143.21,2740913.0,142.939,12725
2022-08-15 19:00:00+00:00,143.2,143.6,142.95,143.21,4760080.0,143.272,24481
2022-08-16 13:30:00+00:00,143.91,144.39,142.85,143.33,6282087.0,143.552,26176
2022-08-16 14:00:00+00:00,143.32,143.32,142.18,142.44,6038925.0,142.682,27770
2022-08-16 15:00:00+00:00,142.44,144.49,142.0,144.46,5654954.0,143.373,23419
2022-08-16 16:00:00+00:00,144.47,145.0,144.05,144.99,6200185.0,144.597,25173
2022-08-16 17:00:00+00:00,144.99,145.95,144.83,145.77,5861350.0,145.481,24405
2022-08-16 18:00:00+00:00,145.8,146.57,143.55,144.36,6722976.0,145.259,28717
2022-08-16 19:00:00+00:00,144.36,145.47,143.86,144.76,5951607.0,144.724,29284
2022-08-17 13:30:00+00:00,142.69,143.33,141.61,142.31,6191017.0,142.407,28160
2022-08-17 14:00:00+00:00,142.31,142.66,140.82,141.17,6415704.0,141.702,32345
2022-08-17 15:00:00+00:00,141.17,141.79,140.78,140.98,4147985.0,141.269,21208
2022-08-17 16:00:00+00:00,140.99,141.87,140.88,141.14,4008246.0,141.31,19088
2022-08-17 17:00:00+00:00,141.16,141.96,141.05,141.55,2508528.0,141.45,12471
2022-08-17 18:00:00+00:00,141.54,143.38,141.43,142.53,6153524.0,142.575,27685
2022-08-17 19:00:00+00:00,142.52,143.03,141.71,142.1,5496990.0,142.262,31053
2022-08-18 13:30:00+00:00,141.25,141.83,140.72,140.94,3959613.0,141.176,16662
2022-08-18 14:00:00+00:00,140.93,142.07,140.38,141.41,4788403.0,141.384,22084
2022-08-18 15:00:00+00:00,141.42,142.77,141.34,142.48,4200721.0,142.31,20209
2022-08-18 16:00:00+00:00,142.48,142.5,141.75,142.2,2809427.0,142.116,13235
2022-08-18 17:00:00+00:00,142.22,142.65,141.97,142.17,2462583.0,142.367,11528
2022-08-18 18:00:00+00:00,142.18,142.39,141.77,142.21,3083678.0,142.066,15020
2022-08-18 19:00:00+00:00,142.21,142.58,142.01,142.35,5270628.0,142.305,30562
2022-08-19 13:30:00+00:00,140.47,141.11,139.04,139.24,6884113.0,140.081,24160
2022-08-19 14:00:00+00:00,139.24,139.79,138.69,138.81,6324076.0,139.21,30086
2022-08-19 15:00:00+00:00,138.82,139.02,138.3,138.43,4252939.0,138.674,20388
2022-08-19 16:00:00+00:00,138.43,138.87,138.34,138.66,2987285.0,138.638,14565
2022-08-19 17:00:00+00:00,138.66,138.77,137.91,138.4,2997496.0,138.404,14553
2022-08-19 18:00:00+00:00,138.4,138.42,137.97,138.09,2616098.0,138.207,12994
2022-08-19 19:00:00+00:00,138.1,138.66,137.91,138.21,5882119.0,138.261,33358
2022-08-22 13:30:00+00:00,135.7,136.32,133.81,134.25,7423724.0,134.849,29764
2022-08-22 14:00:00+00:00,134.26,134.27,133.2,133.41,6973505.0,133.703,31636
2022-08-22 15:00:00+00:00,133.42,134.31,133.15,134.19,3805412.0,133.687,19055
2022-08-22 16:00:00+00:00,134.2,134.24,133.75,133.99,2610121.0,133.981,12953
2022-08-22 17:00:00+00:00,133.99,134.06,133.22,133.27,3005332.0,133.627,14374
2022-08-22 18:00:00+00:00,133.28,133.56,132.91,133.26,3333517.0,133.213,15038
2022-08-22 19:00:00+00:00,133.27,133.63,132.85,133.25,6720696.0,133.248,34784
2022-08-23 13:30:00+00:00,133.41,134.77,132.95,133.98,4782309.0,133.872,20046
2022-08-23 14:00:00+00:00,133.98,134.99,133.27,133.33,5157655.0,134.172,24208
2022-08-23 15:00:00+00:00,133.32,134.01,133.06,133.63,3955361.0,133.613,19856
2022-08-23 16:00:00+00:00,133.64,134.34,133.36,134.29,2894262.0,133.819,13956
2022-08-23 17:00:00+00:00,134.31,134.8,134.06,134.27,2628456.0,134.376,13757
2022-08-23 18:00:00+00:00,134.27,134.63,134.01,134.14,2227821.0,134.301,10826
2022-08-23 19:00:00+00:00,134.14,134.32,133.4,133.62,3638787.0,133.816,20644
2022-08-24 13:30:00+00:00,132.75,133.93,132.1,133.86,5352726.0,132.986,22404
2022-08-24 14:00:00+00:00,133.85,134.24,133.24,133.96,5063728.0,133.782,23493
2022-08-24 15:00:00+00:00,133.97,135.23,133.97,135.02,4135072.0,134.632,19487
2022-08-24 16:00:00+00:00,135.02,135.47,134.24,134.45,2904902.0,134.909,14625
2022-08-24 17:00:00+00:00,134.45,134.78,134.01,134.44,2131618.0,134.315,10830
2022-08-24 18:00:00+00:00,134.45,134.69,133.93,134.35,2207385.0,134.296,11335
2022-08-24 19:00:00+00:00,134.36,134.59,133.59,133.82,4212293.0,134.147,22081
2022-08-25 13:30:00+00:00,135.25,135.93,134.28,135.86,4407251.0,134.887,18316
2022-08-25 14:00:00+00:00,135.87,137.18,135.72,136.6,5963492.0,136.488,25808
2022-08-25 15:00:00+00:00,136.62,136.69,135.47,136.28,3883691.0,136.047,16002
2022-08-25 16:00:00+00:00,136.27,136.31,135.44,135.74,2333267.0,135.927,10834
2022-08-25 17:00:00+00:00,135.73,136.56,135.63,136.5,2122776.0,136.144,10755
2022-08-25 18:00:00+00:00,136.51,136.98,136.2,136.45,2597389.0,136.556,13318
2022-08-25 19:00:00+00:00,136.45,137.42,135.99,137.3,4690278.0,136.82,24799
2022-08-26 13:30:00+00:00,136.58,137.63,136.47,137.06,3620363.0,137.041,15891
2022-08-26 14:00:00+00:00,137.13,137.83,133.54,134.18,7710315.0,135.288,34140
2022-08-26 15:00:00+00:00,134.16,134.27,132.63,133.08,5188234.0,133.263,25691
2022-08-26 16:00:00+00:00,133.09,133.18,132.4,133.11,3452398.0,132.772,16982
2022-08-26 17:00:00+00:00,133.1,133.28,131.8,132.21,3372856.0,132.564,16293
2022-08-26 18:00:00+00:00,132.19,132.27,131.1,131.2,3862959.0,131.581,20682
2022-08-26 19:00:00+00:00,131.21,131.53,130.5,130.76,8230745.0,130.894,45994
2022-08-29 13:30:00+00:00,129.97,131.95,129.38,130.3,6277640.0,130.833,27888
2022-08-29 14:00:00+00:00,130.31,131.43,129.11,129.14,6569922.0,130.283,32778
2022-08-29 15:00:00+00:00,129.14,129.74,128.77,129.6,4665368.0,129.257,24173
2022-08-29 16:00:00+00:00,129.62,130.76,129.61,130.4,3530673.0,130.255,18830
2022-08-29 17:00:00+00:00,130.4,130.77,130.0,130.63,3037267.0,130.406,15897
2022-08-29 18:00:00+00:00,130.62,130.7,130.05,130.5,3043924.0,130.343,14950
2022-08-29 19:00:00+00:00,130.49,131.23,129.64,129.8,6168282.0,130.484,32598
2022-08-30 13:30:00+00:00,131.26,132.08,130.16,130.37,4740755.0,131.049,20543
2022-08-30 14:00:00+00:00,130.38,130.62,126.85,127.84,8438651.0,128.313,41714
2022-08-30 15:00:00+00:00,127.85,128.34,127.04,127.78,4620259.0,127.656,24685
2022-08-30 16:00:00+00:00,127.78,128.59,127.09,127.49,3549593.0,127.795,18644
2022-08-30 17:00:00+00:00,127.48,127.85,126.97,127.66,3884055.0,127.349,18637
2022-08-30 18:00:00+00:00,127.64,128.24,127.48,127.94,2718426.0,127.849,14374
2022-08-30 19:00:00+00:00,127.93,129.11,127.81,128.73,6596509.0,128.634,38083
2022-08-31 13:30:00+00:00,129.45,130.59,128.14,129.85,5548337.0,129.489,22566
2022-08-31 14:00:00+00:00,129.85,129.93,127.87,128.07,6387291.0,128.726,31917
2022-08-31 15:00:00+00:00,128.08,128.84,127.41,128.68,4124293.0,127.958,19593
2022-08-31 16:00:00+00:00,128.69,128.8,127.93,128.1,2429428.0,128.298,11609
2022-08-31 17:00:00+00:00,128.11,128.35,127.21,127.55,2834724.0,127.661,13250
2022-08-31 18:00:00+00:00,127.55,128.0,126.82,127.08,3460078.0,127.381,17213
2022-08-31 19:00:00+00:00,127.07,128.15,126.74,126.76,8111332.0,127.321,44063
2022-09-01 13:30:00+00:00,126.01,127.67,125.79,126.74,6683317.0,126.72,26513
2022-09-01 14:00:00+00:00,126.68,126.83,124.41,124.48,7472621.0,125.615,34129
2022-09-01 15:00:00+00:00,124.48,125.0,123.66,123.98,6356395.0,124.219,26844
2022-09-01 16:00:00+00:00,123.98,124.55,123.89,124.13,3872081.0,124.192,17372
2022-09-01 17:00:00+00:00,124.14,125.3,123.99,124.85,3414069.0,124.771,15493
2022-09-01 18:00:00+00:00,124.84,127.02,124.66,126.36,5510261.0,126.079,24234
2022-09-01 19:00:00+00:00,126.37,128.02,126.24,127.82,7161153.0,127.025,35491
2022-09-02 13:30:00+00:00,129.5,129.99,128.19,128.72,6097536.0,129.012,27225
2022-09-02 14:00:00+00:00,128.74,131.38,128.16,130.34,9102057.0,130.194,38371
2022-09-02 15:00:00+00:00,130.35,131.18,130.21,130.73,4913465.0,130.756,20973
2022-09-02 16:00:00+00:00,130.75,130.82,127.92,128.56,5409715.0,129.184,24271
2022-09-02 17:00:00+00:00,128.56,128.56,126.72,126.76,5585125.0,127.612,24969
2022-09-02 18:00:00+00:00,126.76,128.01,126.72,127.33,3458401.0,127.421,16783
2022-09-02 19:00:00+00:00,127.33,128.06,126.39,127.66,7072712.0,127.232,39546
2022-09-06 13:30:00+00:00,127.92,128.62,125.57,125.93,4803467.0,127.023,21592
2022-09-06 14:00:00+00:00,125.93,127.25,124.74,126.91,6422071.0,125.725,30817
2022-09-06 15:00:00+00:00,126.91,127.34,126.34,127.07,4263132.0,126.818,20145
2022-09-06 16:00:00+00:00,127.07,127.33,125.8,126.43,3288269.0,126.447,15758
2022-09-06 17:00:00+00:00,126.42,126.49,125.34,125.85,2849483.0,125.756,14294
2022-09-06 18:00:00+00:00,125.85,126.51,125.67,126.04,2804072.0,126.079,13566
2022-09-06 19:00:00+00:00,126.02,126.7,125.71,126.1,6032313.0,126.141,31932
2022-09-07 13:30:00+00:00,126.21,127.13,125.82,126.23,3938688.0,126.545,16649
2022-09-07 14:00:00+00:00,126.25,126.63,125.4,126.41,4685796.0,126.02,23204
2022-09-07 15:00:00+00:00,126.39,127.91,126.19,127.63,4076558.0,127.218,20564
2022-09-07 16:00:00+00:00,127.64,128.39,127.24,127.98,3348940.0,127.732,17651
2022-09-07 17:00:00+00:00,127.98,128.73,127.79,128.58,3038168.0,128.259,15271
2022-09-07 18:00:00+00:00,128.58,129.44,128.51,129.2,4322751.0,129.079,20699
2022-09-07 19:00:00+00:00,129.22,129.82,129.04,129.45,6711826.0,129.464,37372
2022-09-08 13:30:00+00:00,127.72,129.52,127.15,129.0,4829394.0,128.16,22013
2022-09-08 14:00:00+00:00,129.03,129.92,127.83,129.88,5354817.0,128.887,24586
2022-09-08 15:00:00+00:00,129.89,130.28,129.08,129.22,4293380.0,129.757,18992
2022-09-08 16:00:00+00:00,129.22,129.32,127.1,128.29,4835350.0,127.962,21406
2022-09-08 17:00:00+00:00,128.3,129.33,127.95,128.8,3257387.0,128.81,14022
2022-09-08 18:00:00+00:00,128.77,129.36,128.55,128.95,2824131.0,128.961,11741
2022-09-08 19:00:00+00:00,128.97,129.96,128.55,129.85,5302546.0,129.37,25169
2022-09-09 13:30:00+00:00,130.89,132.38,130.76,132.04,6117243.0,131.647,25469
2022-09-09 14:00:00+00:00,132.0,132.59,131.57,132.21,6059627.0,132.148,28291
2022-09-09 15:00:00+00:00,132.21,132.42,131.55,132.18,4959928.0,132.031,24340
2022-09-09 16:00:00+00:00,132.19,132.68,131.52,132.66,4152425.0,132.091,19339
2022-09-09 17:00:00+00:00,132.67,133.31,132.44,133.31,4083019.0,132.988,19101
2022-09-09 18:00:00+00:00,133.31,133.35,132.5,132.84,3384420.0,132.958,17770
2022-09-09 19:00:00+00:00,132.84,133.69,132.81,133.27,7072670.0,133.285,39696
2022-09-12 13:30:00+00:00,134.11,135.47,134.0,135.39,5384853.0,134.668,22648
2022-09-12 14:00:00+00:00,135.38,136.37,135.05,135.18,7580169.0,135.752,35921
2022-09-12 15:00:00+00:00,135.18,136.02,134.82,135.27,5082082.0,135.481,24441
2022-09-12 16:00:00+00:00,135.27,135.59,134.85,135.35,3904474.0,135.271,19676
2022-09-12 17:00:00+00:00,135.36,136.19,134.88,136.16,3572274.0,135.669,17521
2022-09-12 18:00:00+00:00,136.17,136.34,135.34,135.87,4153021.0,135.886,19133
2022-09-12 19:00:00+00:00,135.87,136.49,135.63,136.48,6567347.0,136.166,33025
2022-09-13 13:30:00+00:00,131.02,131.4,129.45,129.56,9439842.0,130.361,38942
2022-09-13 14:00:00+00:00,129.56,130.12,128.51,128.77,8285876.0,129.306,37680
2022-09-13 15:00:00+00:00,128.76,128.86,128.22,128.41,5199997.0,128.485,25959
2022-09-13 16:00:00+00:00,128.4,129.55,128.29,129.24,4883705.0,129.173,23565
2022-09-13 17:00:00+00:00,129.24,130.15,129.01,129.17,5146748.0,129.621,21892
2022-09-13 18:00:00+00:00,129.17,129.28,128.01,128.14,4336110.0,128.559,19693
2022-09-13 19:00:00+00:00,128.13,128.26,126.28,126.83,12009981.0,127.156,56114
2022-09-14 13:30:00+00:00,127.5,128.2,126.51,127.71,5909980.0,127.388,26144
2022-09-14 14:00:00+00:00,127.73,127.76,126.33,127.56,5851570.0,127.238,30096
2022-09-14 15:00:00+00:00,127.55,128.27,127.38,127.96,3694283.0,127.902,18637
2022-09-14 16:00:00+00:00,127.96,128.57,127.5,128.28,3060193.0,128.103,13094
2022-09-14 17:00:00+00:00,128.3,128.67,127.47,127.87,3308963.0,128.067,16372
2022-09-14 18:00:00+00:00,127.88,128.12,126.9,127.69,4448188.0,127.605,22836
2022-09-14 19:00:00+00:00,127.7,128.84,127.05,128.56,5682304.0,127.91,29105
2022-09-15 13:30:00+00:00,127.36,129.98,127.1,129.74,4752298.0,128.78,19599
2022-09-15 14:00:00+00:00,129.75,130.37,126.82,126.94,7902566.0,129.013,36373
2022-09-15 15:00:00+00:00,126.94,127.56,126.61,126.95,4935733.0,127.094,25618
2022-09-15 16:00:00+00:00,126.94,127.23,126.48,127.22,3406258.0,126.841,17360
2022-09-15 17:00:00+00:00,127.23,128.14,127.1,127.37,3528834.0,127.71,18968
2022-09-15 18:00:00+00:00,127.37,127.41,126.5,126.63,3412269.0,126.847,17246
2022-09-15 19:00:00+00:00,126.64,126.76,125.49,126.29,7121970.0,126.159,39589
2022-09-16 13:30:00+00:00,122.76,123.0,120.7,120.95,19924287.0,122.21,57269
2022-09-16 14:00:00+00:00,120.95,123.23,120.89,122.02,11898563.0,122.206,60871
2022-09-16 15:00:00+00:00,122.02,123.03,121.4,122.91,6230301.0,122.267,33313
2022-09-16 16:00:00+00:00,122.93,122.97,121.79,122.8,4877277.0,122.389,25658
2022-09-16 17:00:00+00:00,122.79,123.1,122.22,122.53,5808452.0,122.667,27005
2022-09-16 18:00:00+00:00,122.55,123.34,122.33,123.08,5397440.0,122.887,26487
2022-09-16 19:00:00+00:00,123.09,123.87,122.88,123.55,9381122.0,123.42,47359
2022-09-19 13:30:00+00:00,122.16,124.43,121.8,123.92,5417625.0,123.236,22624
2022-09-19 14:00:00+00:00,123.92,124.39,123.13,123.88,6208758.0,123.717,27712
2022-09-19 15:00:00+00:00,123.88,124.47,123.16,123.4,4065942.0,123.694,19422
2022-09-19 16:00:00+00:00,123.37,123.95,122.97,123.88,3709009.0,123.397,18037
2022-09-19 17:00:00+00:00,123.88,123.97,123.1,123.23,3409302.0,123.568,17985
2022-09-19 18:00:00+00:00,123.23,123.59,123.07,123.53,3944646.0,123.323,18387
2022-09-19 19:00:00+00:00,123.54,124.71,123.53,124.68,7183528.0,124.333,34899
2022-09-20 13:30:00+00:00,123.35,123.9,122.7,123.59,4497271.0,123.272,20529
2022-09-20 14:00:00+00:00,123.59,124.2,123.01,123.93,5499048.0,123.637,24680
2022-09-20 15:00:00+00:00,123.94,124.4,123.45,123.99,4705329.0,123.914,22595
2022-09-20 16:00:00+00:00,124.01,124.21,122.78,122.91,3728996.0,123.352,17450
2022-09-20 17:00:00+00:00,122.9,122.93,121.14,121.23,4589803.0,122.026,21308
2022-09-20 18:00:00+00:00,121.22,122.24,121.2,122.0,4605870.0,121.605,22294
2022-09-20 19:00:00+00:00,121.99,122.69,121.84,122.2,7074978.0,122.224,38150
2022-09-21 13:30:00+00:00,122.49,122.8,121.83,122.06,4184797.0,122.273,18393
2022-09-21 14:00:00+00:00,122.05,122.6,121.78,122.02,3809837.0,122.115,19851
2022-09-21 15:00:00+00:00,122.02,122.65,121.85,122.24,2970098.0,122.3,16214
2022-09-21 16:00:00+00:00,122.24,122.79,122.11,122.33,2623589.0,122.474,15310
2022-09-21 17:00:00+00:00,122.32,122.56,121.97,122.41,3495194.0,122.245,17018
2022-09-21 18:00:00+00:00,122.49,123.76,119.18,122.91,12859689.0,121.19,62728
2022-09-21 19:00:00+00:00,122.92,123.19,118.45,118.49,12307317.0,120.077,67267
2022-09-22 13:30:00+00:00,117.05,118.47,116.77,117.29,6680662.0,117.511,29333
2022-09-22 14:00:00+00:00,117.3,118.25,116.78,116.93,6681492.0,117.257,31626
2022-09-22 15:00:00+00:00,116.92,117.47,116.41,116.76,5605148.0,116.861,24702
2022-09-22 16:00:00+00:00,116.74,117.24,116.34,116.82,4373684.0,116.817,20977
2022-09-22 17:00:00+00:00,116.81,117.29,116.26,117.19,3767668.0,116.715,18914
2022-09-22 18:00:00+00:00,117.19,117.42,116.33,117.27,3878821.0,116.84,19347
2022-09-22 19:00:00+00:00,117.26,118.79,117.24,117.27,8624565.0,117.846,43647
2022-09-23 13:30:00+00:00,115.93,116.05,113.48,113.55,8139819.0,114.72,36954
2022-09-23 14:00:00+00:00,113.54,114.79,113.23,114.22,7726607.0,114.067,38352
2022-09-23 15:00:00+00:00,114.24,115.0,114.0,114.28,4495678.0,114.478,22630
2022-09-23 16:00:00+00:00,114.25,114.36,113.57,114.01,4456934.0,113.924,21071
2022-09-23 17:00:00+00:00,114.02,114.17,113.44,113.53,3548481.0,113.759,18118
2022-09-23 18:00:00+00:00,113.52,113.67,112.06,112.1,6087792.0,112.642,29235
2022-09-23 19:00:00+00:00,112.09,113.93,112.06,113.81,10185476.0,113.186,55292
2022-09-26 13:30:00+00:00,113.34,116.67,113.13,116.55,7560175.0,115.111,31372
2022-09-26 14:00:00+00:00,116.54,117.34,115.67,116.11,8136606.0,116.539,37549
2022-09-26 15:00:00+00:00,116.12,116.39,115.15,116.14,5966250.0,115.671,28507
2022-09-26 16:00:00+00:00,116.16,116.17,114.78,115.61,4457913.0,115.4,21864
2022-09-26 17:00:00+00:00,115.6,115.8,114.91,115.0,4203533.0,115.37,22274
2022-09-26 18:00:00+00:00,114.98,116.24,114.92,115.99,5125960.0,115.626,24307
2022-09-26 19:00:00+00:00,115.98,116.23,115.0,115.15,9312792.0,115.63,47191
2022-09-27 13:30:00+00:00,117.2,118.32,116.56,116.7,7703357.0,117.453,28418
2022-09-27 14:00:00+00:00,116.72,116.8,115.41,116.04,7844224.0,115.983,35529
2022-09-27 15:00:00+00:00,116.04,116.27,114.41,114.54,6199652.0,115.182,26035
2022-09-27 16:00:00+00:00,114.54,114.56,113.05,114.06,5629832.0,113.853,26741
2022-09-27 17:00:00+00:00,114.04,114.04,113.3,113.82,4023950.0,113.677,21080
2022-09-27 18:00:00+00:00,113.82,115.0,113.57,114.65,5059401.0,114.229,24290
2022-09-27 19:00:00+00:00,114.66,114.75,113.88,114.41,7067817.0,114.362,36747
2022-09-28 13:30:00+00:00,114.44,115.65,113.8,115.05,5395234.0,114.717,22871
2022-09-28 14:00:00+00:00,115.06,116.57,114.26,116.07,7743584.0,115.604,35426
2022-09-28 15:00:00+00:00,116.07,117.04,115.93,116.97,4931255.0,116.474,23604
2022-09-28 16:00:00+00:00,116.98,117.63,116.71,117.0,5076155.0,117.067,23701
2022-09-28 17:00:00+00:00,117.0,117.58,116.74,117.25,3859016.0,117.253,17948
2022-09-28 18:00:00+00:00,117.25,117.77,117.08,117.54,3837399.0,117.444,16782
2022-09-28 19:00:00+00:00,117.53,118.7,117.47,117.99,8069473.0,118.152,42008
2022-09-29 13:30:00+00:00,115.6,116.07,114.47,114.98,5272483.0,115.261,22051
2022-09-29 14:00:00+00:00,114.99,115.37,113.37,114.41,7969254.0,114.103,33024
2022-09-29 15:00:00+00:00,114.4,115.08,113.85,114.94,5270005.0,114.438,22968
2022-09-29 16:00:00+00:00,114.95,115.34,114.26,114.54,4001338.0,114.756,18253
2022-09-29 17:00:00+00:00,114.52,114.62,113.34,113.38,3732669.0,114.119,17899
2022-09-29 18:00:00+00:00,113.38,113.92,113.06,113.23,4145080.0,113.452,21228
2022-09-29 19:00:00+00:00,113.23,115.09,113.22,114.89,9204758.0,114.463,50702
2022-09-30 13:30:00+00:00,114.09,114.88,113.1,114.44,5093231.0,114.075,20144
2022-09-30 14:00:00+00:00,114.44,115.98,114.12,115.97,6356622.0,115.175,27531
2022-09-30 15:00:00+00:00,115.98,116.92,115.55,115.66,5340739.0,116.262,23820
2022-09-30 16:00:00+00:00,115.66,116.3,115.29,115.59,3413276.0,115.807,15929
2022-09-30 17:00:00+00:00,115.58,115.93,114.85,114.89,3391455.0,115.333,15410
2022-09-30 18:00:00+00:00,114.89,115.21,114.13,114.2,4298005.0,114.726,20402
2022-09-30 19:00:00+00:00,114.2,114.79,112.84,112.98,11463069.0,113.606,58124
2022-10-03 13:30:00+00:00,113.62,114.6,112.45,112.66,5297500.0,113.507,22118
2022-10-03 14:00:00+00:00,112.68,114.97,112.68,114.64,6655792.0,113.975,30296
2022-10-03 15:00:00+00:00,114.63,115.27,114.23,114.78,4461233.0,114.792,19463
2022-10-03 16:00:00+00:00,114.77,115.35,114.47,114.89,3217737.0,114.929,14991
2022-10-03 17:00:00+00:00,114.89,115.65,114.76,115.47,2977551.0,115.248,13414
2022-10-03 18:00:00+00:00,115.48,116.91,115.42,116.67,4184364.0,116.234,20689
2022-10-03 19:00:00+00:00,116.69,116.81,115.69,115.95,6873528.0,116.306,35642
2022-10-04 13:30:00+00:00,119.87,121.95,119.79,121.89,9407263.0,120.759,40104
2022-10-04 14:00:00+00:00,121.89,123.0,121.76,122.98,9559029.0,122.405,46072
2022-10-04 15:00:00+00:00,122.98,123.0,121.98,122.55,5232602.0,122.496,25872
2022-10-04 16:00:00+00:00,122.55,122.74,121.37,121.56,4607660.0,122.086,22552
2022-10-04 17:00:00+00:00,121.55,121.61,120.39,121.32,5105796.0,121.049,23726
2022-10-04 18:00:00+00:00,121.32,121.54,120.85,121.3,4141618.0,121.244,17620
2022-10-04 19:00:00+00:00,121.29,121.4,120.55,121.07,6970143.0,120.888,37236
2022-10-05 13:30:00+00:00,118.58,120.25,118.21,119.75,5440546.0,119.451,24882
2022-10-05 14:00:00+00:00,119.74,119.76,117.69,118.11,7863926.0,118.396,34395
2022-10-05 15:00:00+00:00,118.11,119.18,118.05,119.09,3580028.0,118.664,17801
2022-10-05 16:00:00+00:00,119.09,120.06,118.72,119.65,4329745.0,119.586,18959
2022-10-05 17:00:00+00:00,119.64,120.77,119.6,120.04,3453631.0,120.293,16026
2022-10-05 18:00:00+00:00,120.04,121.07,119.91,121.06,3786223.0,120.516,16670
2022-10-05 19:00:00+00:00,121.07,121.75,120.54,120.91,7216797.0,121.176,39166
2022-10-06 13:30:00+00:00,120.75,121.53,120.28,120.57,5378233.0,120.952,22886
2022-10-06 14:00:00+00:00,120.57,121.04,119.5,120.99,6584357.0,120.104,33060
2022-10-06 15:00:00+00:00,120.99,121.36,120.18,120.25,4547740.0,120.787,23009
2022-10-06 16:00:00+00:00,120.25,121.23,120.01,120.67,3259317.0,120.568,15603
2022-10-06 17:00:00+00:00,120.67,121.09,120.37,120.86,2631892.0,120.735,12295
2022-10-06 18:00:00+00:00,120.87,120.9,119.94,120.31,3174407.0,120.485,14571
2022-10-06 19:00:00+00:00,120.31,120.82,120.0,120.3,5670672.0,120.428,33015
2022-10-07 13:30:00+00:00,118.01,118.17,115.8,116.03,5759371.0,117.12,27333
2022-10-07 14:00:00+00:00,116.02,116.76,115.72,116.2,5620385.0,116.203,26391
2022-10-07 15:00:00+00:00,116.19,116.38,115.1,115.47,5559831.0,115.645,27942
2022-10-07 16:00:00+00:00,115.48,115.63,114.44,114.52,3911251.0,114.93,18216
2022-10-07 17:00:00+00:00,114.51,114.72,114.12,114.48,3419897.0,114.406,16618
2022-10-07 18:00:00+00:00,114.47,115.05,114.4,114.78,3464203.0,114.683,17914
2022-10-07 19:00:00+00:00,114.78,115.04,113.88,114.55,8956100.0,114.511,50201
2022-10-10 13:30:00+00:00,114.99,116.25,114.54,115.08,5131255.0,115.273,23750
2022-10-10 14:00:00+00:00,115.08,115.42,113.96,114.3,5134375.0,114.719,26415
2022-10-10 15:00:00+00:00,114.28,114.47,113.57,114.02,3833682.0,113.987,17699
2022-10-10 16:00:00+00:00,114.03,114.04,112.65,112.65,3620772.0,113.206,17068
2022-10-10 17:00:00+00:00,112.65,114.66,112.43,114.07,4334240.0,113.492,20311
2022-10-10 18:00:00+00:00,114.07,114.2,113.39,113.73,4009734.0,113.784,19638
2022-10-10 19:00:00+00:00,113.72,114.36,113.47,113.61,5511076.0,113.889,28161
2022-10-11 13:30:00+00:00,112.74,112.9,110.66,110.71,6008078.0,111.421,26443
2022-10-11 14:00:00+00:00,110.71,112.43,110.39,111.45,6776645.0,111.476,36170
2022-10-11 15:00:00+00:00,111.45,113.88,111.41,113.22,5092008.0,112.801,24410
2022-10-11 16:00:00+00:00,113.23,114.99,112.6,114.88,5396282.0,114.008,27451
2022-10-11 17:00:00+00:00,114.9,115.48,114.23,114.51,4968229.0,114.852,26217
2022-10-11 18:00:00+00:00,114.51,114.69,112.2,112.28,4715786.0,113.528,23723
2022-10-11 19:00:00+00:00,112.27,112.45,111.46,112.2,8858495.0,111.957,50407
2022-10-12 13:30:00+00:00,112.49,113.45,111.46,112.89,5669143.0,112.469,23455
2022-10-12 14:00:00+00:00,112.93,113.09,111.4,111.82,6088168.0,112.16,29803
2022-10-12 15:00:00+00:00,111.83,113.11,111.77,113.06,4206283.0,112.603,19420
2022-10-12 16:00:00+00:00,113.06,113.39,112.33,112.81,3399671.0,112.896,15834
2022-10-12 17:00:00+00:00,112.8,113.12,112.43,112.57,3130251.0,112.808,14754
2022-10-12 18:00:00+00:00,112.56,113.83,112.17,112.9,6003482.0,113.195,31332
2022-10-12 19:00:00+00:00,112.89,113.58,112.62,112.89,5452383.0,113.099,30636
2022-10-13 13:30:00+00:00,107.94,108.7,105.34,108.02,14625482.0,106.799,64097
2022-10-13 14:00:00+00:00,108.02,109.69,107.93,108.38,11703305.0,108.755,57138
2022-10-13 15:00:00+00:00,108.38,113.44,108.15,111.7,11553644.0,111.13,59305
2022-10-13 16:00:00+00:00,111.75,112.1,110.35,110.96,7056168.0,111.0,35696
2022-10-13 17:00:00+00:00,110.95,112.88,110.88,112.14,5921641.0,111.86,28488
2022-10-13 18:00:00+00:00,112.12,112.48,111.24,112.34,4974511.0,111.851,22675
2022-10-13 19:00:00+00:00,112.35,113.3,111.96,112.46,9722072.0,112.642,46957
2022-10-14 13:30:00+00:00,114.16,114.96,112.16,112.29,6598021.0,113.39,27689
2022-10-14 14:00:00+00:00,112.29,112.29,109.81,110.62,8477324.0,110.735,43532
2022-10-14 15:00:00+00:00,110.64,111.28,108.88,109.33,5709127.0,110.186,28847
2022-10-14 16:00:00+00:00,109.31,109.81,108.56,108.89,5079270.0,109.004,25090
2022-10-14 17:00:00+00:00,108.89,109.19,108.22,108.88,4473698.0,108.668,21506
2022-10-14 18:00:00+00:00,108.88,108.88,107.37,107.88,5390682.0,107.867,24744
2022-10-14 19:00:00+00:00,107.88,108.03,106.6,106.94,12186526.0,107.213,63076
2022-10-17 13:30:00+00:00,110.07,112.1,110.07,111.85,8346387.0,111.254,36893
2022-10-17 14:00:00+00:00,111.86,113.42,111.67,112.29,9285606.0,112.674,44629
2022-10-17 15:00:00+00:00,112.29,113.75,112.01,113.4,6186859.0,112.801,28914
2022-10-17 16:00:00+00:00,113.4,113.62,112.64,112.99,4210026.0,113.084,21701
2022-10-17 17:00:00+00:00,113.0,113.37,112.78,113.31,3392701.0,113.127,15214
2022-10-17 18:00:00+00:00,113.31,114.02,113.06,113.61,4872392.0,113.686,22227
2022-10-17 19:00:00+00:00,113.61,114.19,113.25,113.82,8906244.0,113.782,46434
2022-10-18 13:30:00+00:00,119.06,119.52,116.16,116.73,9177085.0,117.679,35272
2022-10-18 14:00:00+00:00,116.71,117.53,115.77,116.51,8017397.0,116.741,30965
2022-10-18 15:00:00+00:00,116.52,116.58,114.79,115.85,6644522.0,115.564,29164
2022-10-18 16:00:00+00:00,115.84,116.94,115.44,116.33,5542258.0,116.337,20918
2022-10-18 17:00:00+00:00,116.34,116.96,115.61,116.82,5019230.0,116.358,18362
2022-10-18 18:00:00+00:00,116.82,116.96,115.18,115.72,5679989.0,116.175,22997
2022-10-18 19:00:00+00:00,115.7,116.56,115.02,116.43,7862865.0,115.918,35812
2022-10-19 13:30:00+00:00,114.71,115.2,113.22,113.73,7391183.0,114.159,33450
2022-10-19 14:00:00+00:00,113.71,116.6,113.53,115.33,7724396.0,115.484,31601
2022-10-19 15:00:00+00:00,115.32,116.12,114.75,115.27,4770983.0,115.357,21336
2022-10-19 16:00:00+00:00,115.25,115.41,114.43,114.55,3034390.0,114.908,13116
2022-10-19 17:00:00+00:00,114.55,114.63,113.73,114.25,3448729.0,114.087,14992
2022-10-19 18:00:00+00:00,114.24,115.09,114.1,114.4,2949503.0,114.705,13369
2022-10-19 19:00:00+00:00,114.4,115.2,113.92,115.1,5277629.0,114.615,27767
2022-10-20 13:30:00+00:00,113.85,116.85,113.51,116.09,6178897.0,115.389,28513
2022-10-20 14:00:00+00:00,116.1,118.14,115.95,118.1,6524184.0,117.493,28886
2022-10-20 15:00:00+00:00,118.11,118.24,116.98,117.68,4761395.0,117.778,21534
2022-10-20 16:00:00+00:00,117.69,117.73,116.17,116.68,4190077.0,116.876,20438
2022-10-20 17:00:00+00:00,116.67,116.72,115.73,116.01,3773536.0,116.24,19162
2022-10-20 18:00:00+00:00,116.01,116.13,114.76,115.32,4532341.0,115.372,20271
2022-10-20 19:00:00+00:00,115.31,115.72,114.89,115.22,6225176.0,115.303,30914
2022-10-21 13:30:00+00:00,115.12,116.59,114.5,116.44,8983886.0,115.388,31183
2022-10-21 14:00:00+00:00,116.45,117.02,115.52,115.66,7071397.0,116.29,35696
2022-10-21 15:00:00+00:00,115.68,117.23,115.36,117.23,5194060.0,116.236,26270
2022-10-21 16:00:00+00:00,117.22,118.09,116.84,117.79,4910878.0,117.43,26212
2022-10-21 17:00:00+00:00,117.8,118.48,117.58,118.47,3210937.0,118.016,16484
2022-10-21 18:00:00+00:00,118.48,118.9,118.32,118.72,4095505.0,118.578,20858
2022-10-21 19:00:00+00:00,118.73,119.59,118.62,119.31,7937010.0,119.208,41865
2022-10-24 13:30:00+00:00,119.97,120.39,118.68,119.09,6738322.0,119.489,29763
2022-10-24 14:00:00+00:00,119.09,119.15,116.57,118.64,7554586.0,117.823,37869
2022-10-24 15:00:00+00:00,118.66,119.38,118.02,119.24,4239827.0,118.669,20889
2022-10-24 16:00:00+00:00,119.25,119.78,118.86,119.35,3196707.0,119.317,15013
2022-10-24 17:00:00+00:00,119.34,119.36,118.41,118.58,3462317.0,118.766,15137
2022-10-24 18:00:00+00:00,118.58,119.71,118.52,119.71,3185389.0,119.156,15786
2022-10-24 19:00:00+00:00,119.72,120.36,119.62,119.91,6429348.0,120.008,33994
2022-10-25 13:30:00+00:00,119.61,121.32,118.95,120.89,6463256.0,120.173,26431
2022-10-25 14:00:00+00:00,120.9,121.14,119.36,119.85,6454411.0,120.088,29123
2022-10-25 15:00:00+00:00,119.85,120.88,119.76,120.6,4526487.0,120.524,18229
2022-10-25 16:00:00+00:00,120.61,120.93,119.86,119.97,3418623.0,120.479,14596
2022-10-25 17:00:00+00:00,119.97,120.22,119.38,119.99,3820229.0,119.73,15296
2022-10-25 18:00:00+00:00,119.99,120.58,119.95,120.24,3056523.0,120.311,13272
2022-10-25 19:00:00+00:00,120.25,120.99,120.21,120.63,6574814.0,120.66,32006
2022-10-26 13:30:00+00:00,115.71,116.24,114.82,115.15,10100968.0,115.536,45326
2022-10-26 14:00:00+00:00,115.18,117.58,114.76,116.71,11152306.0,116.037,55080
2022-10-26 15:00:00+00:00,116.72,119.35,116.71,118.64,8041576.0,118.435,33964
2022-10-26 16:00:00+00:00,118.64,118.8,116.35,116.54,5550698.0,117.779,25513
2022-10-26 17:00:00+00:00,116.53,116.66,115.5,116.21,5179936.0,116.064,24933
2022-10-26 18:00:00+00:00,116.21,116.51,115.51,116.12,3760391.0,115.997,19442
2022-10-26 19:00:00+00:00,116.12,116.34,115.45,115.7,7782042.0,115.8,41941
2022-10-27 13:30:00+00:00,113.81,114.12,111.26,111.82,10311362.0,112.846,46272
2022-10-27 14:00:00+00:00,111.82,114.12,111.62,112.55,10416558.0,113.191,51288
2022-10-27 15:00:00+00:00,112.54,113.39,112.23,112.27,6451788.0,112.679,34121
2022-10-27 16:00:00+00:00,112.27,112.27,110.47,111.34,8384748.0,111.272,40031
2022-10-27 17:00:00+00:00,111.34,111.99,111.01,111.12,5279330.0,111.46,25276
2022-10-27 18:00:00+00:00,111.12,111.9,109.77,110.82,9032602.0,110.457,43808
2022-10-27 19:00:00+00:00,110.78,111.5,110.5,111.2,13741399.0,111.013,70164
2022-10-28 13:30:00+00:00,97.91,100.83,97.66,99.4,39300805.0,99.455,142032
2022-10-28 14:00:00+00:00,99.41,102.46,98.53,101.36,36622851.0,100.161,142072
2022-10-28 15:00:00+00:00,101.37,101.75,99.8,100.07,24562189.0,100.65,92472
2022-10-28 16:00:00+00:00,100.06,101.3,99.51,101.15,16096247.0,100.098,67006
2022-10-28 17:00:00+00:00,101.16,102.01,101.06,101.84,15032326.0,101.729,58756
2022-10-28 18:00:00+00:00,101.84,103.25,101.39,102.97,16377183.0,102.471,62786
2022-10-28 19:00:00+00:00,102.98,103.96,102.19,103.4,25887533.0,103.083,112516
2022-10-31 13:30:00+00:00,103.7,104.87,102.34,102.39,13293645.0,103.426,47669
2022-10-31 14:00:00+00:00,102.39,102.79,100.74,101.82,15258890.0,101.591,57383
2022-10-31 15:00:00+00:00,101.82,102.33,101.35,101.72,9788168.0,101.867,39523
2022-10-31 16:00:00+00:00,101.69,102.8,101.25,101.31,7984517.0,101.97,30343
2022-10-31 17:00:00+00:00,101.3,102.3,101.16,102.17,6306319.0,101.847,26362
2022-10-31 18:00:00+00:00,102.17,103.04,102.12,102.42,7174842.0,102.564,28349
2022-10-31 19:00:00+00:00,102.43,102.59,101.73,102.43,11849358.0,102.206,54585
2022-11-01 13:30:00+00:00,103.99,104.58,101.87,102.17,10341885.0,102.935,42180
2022-11-01 14:00:00+00:00,102.18,102.31,98.85,99.07,20036377.0,100.212,83590
2022-11-01 15:00:00+00:00,99.08,99.39,97.46,97.55,19823764.0,98.336,81861
2022-11-01 16:00:00+00:00,97.55,97.98,96.51,97.43,20499217.0,97.159,75773
2022-11-01 17:00:00+00:00,97.43,97.9,97.01,97.32,13098574.0,97.475,49481
2022-11-01 18:00:00+00:00,97.31,97.49,96.07,96.73,14000814.0,96.766,55113
2022-11-01 19:00:00+00:00,96.73,97.17,96.06,96.77,23038578.0,96.567,96810
2022-11-02 13:30:00+00:00,97.36,97.74,96.44,96.46,9237828.0,97.108,31579
2022-11-02 14:00:00+00:00,96.46,97.03,95.72,95.78,11446889.0,96.208,43624
2022-11-02 15:00:00+00:00,95.79,95.88,94.54,94.67,12312028.0,95.032,48975
2022-11-02 16:00:00+00:00,94.68,94.75,94.07,94.38,9786510.0,94.359,39796
2022-11-02 17:00:00+00:00,94.38,94.88,94.01,94.62,8967886.0,94.41,38305
2022-11-02 18:00:00+00:00,94.63,97.21,93.74,94.0,27154083.0,95.734,106304
2022-11-02 19:00:00+00:00,93.99,95.11,92.01,92.08,21790592.0,93.038,100479
2022-11-03 13:30:00+00:00,92.47,93.5,90.6,90.63,17014880.0,92.062,60708
2022-11-03 14:00:00+00:00,90.65,91.14,90.04,90.8,23701349.0,90.58,100128
2022-11-03 15:00:00+00:00,90.8,91.15,89.16,89.34,16056711.0,90.099,70252
2022-11-03 16:00:00+00:00,89.34,91.08,89.02,90.94,15449881.0,90.052,63308
2022-11-03 17:00:00+00:00,90.95,91.1,89.76,89.86,9265211.0,90.27,38556
2022-11-03 18:00:00+00:00,89.87,90.01,89.36,89.84,9031266.0,89.662,39182
2022-11-03 19:00:00+00:00,89.85,90.23,89.25,89.31,17327271.0,89.704,76748
2022-11-04 13:30:00+00:00,91.59,92.03,88.6,90.34,15983699.0,90.069,60555
2022-11-04 14:00:00+00:00,90.34,92.44,89.15,90.81,19723759.0,91.021,74638
2022-11-04 15:00:00+00:00,90.81,90.98,88.95,89.03,12070556.0,89.944,47330
2022-11-04 16:00:00+00:00,89.03,90.15,88.81,89.23,9424292.0,89.454,40202
2022-11-04 17:00:00+00:00,89.23,89.35,88.04,88.56,10787147.0,88.568,45442
2022-11-04 18:00:00+00:00,88.55,89.86,88.25,89.75,8930667.0,89.13,34315
2022-11-04 19:00:00+00:00,89.74,91.07,89.47,91.0,15973531.0,90.445,65082
2022-11-07 14:30:00+00:00,91.95,92.11,90.01,90.35,8970230.0,90.955,32176
2022-11-07 15:00:00+00:00,90.36,91.05,89.15,90.04,12265936.0,89.905,49748
2022-11-07 16:00:00+00:00,90.04,90.5,89.3,89.34,8744636.0,89.912,35356
2022-11-07 17:00:00+00:00,89.33,89.58,89.04,89.26,5890529.0,89.308,24423
2022-11-07 18:00:00+00:00,89.25,89.83,89.22,89.81,5660012.0,89.547,24058
2022-11-07 19:00:00+00:00,89.81,90.85,89.72,90.46,8415971.0,90.38,33992
2022-11-07 20:00:00+00:00,90.46,90.8,90.33,90.55,10332709.0,90.547,45733
2022-11-08 14:30:00+00:00,90.79,90.95,89.11,89.61,8297706.0,89.825,30614
2022-11-08 15:00:00+00:00,89.61,90.98,89.47,90.7,10631575.0,90.402,42876
2022-11-08 16:00:00+00:00,90.71,91.72,90.44,91.09,9274997.0,91.193,36740
2022-11-08 17:00:00+00:00,91.09,91.6,90.84,91.16,7041838.0,91.208,26560
2022-11-08 18:00:00+00:00,91.16,91.55,89.52,89.64,7688214.0,90.515,28717
2022-11-08 19:00:00+00:00,89.64,89.88,88.23,89.03,9040405.0,89.038,37697
2022-11-08 20:00:00+00:00,89.03,90.9,88.95,90.0,11943289.0,90.139,48981
2022-11-09 14:30:00+00:00,89.48,89.49,87.51,87.62,9625890.0,88.404,35900
2022-11-09 15:00:00+00:00,87.63,88.5,87.12,87.35,12939430.0,87.787,55066
2022-11-09 16:00:00+00:00,87.35,88.04,87.13,87.53,7652748.0,87.565,31000
2022-11-09 17:00:00+00:00,87.53,87.66,86.75,86.82,7216805.0,87.117,29675
2022-11-09 18:00:00+00:00,86.83,86.96,85.87,86.38,9606417.0,86.336,38770
2022-11-09 19:00:00+00:00,86.38,86.82,86.07,86.24,8213664.0,86.425,33812
2022-11-09 20:00:00+00:00,86.25,86.92,86.08,86.14,13686535.0,86.446,60952
2022-11-10 14:30:00+00:00,92.96,95.2,91.65,95.03,24588737.0,93.297,89133
2022-11-10 15:00:00+00:00,95.03,98.69,93.8,97.44,34794900.0,95.913,139514
2022-11-10 16:00:00+00:00,97.45,98.25,96.63,97.67,19282164.0,97.419,74750
2022-11-10 17:00:00+00:00,97.66,97.88,95.56,95.68,14537735.0,96.583,58549
2022-11-10 18:00:00+00:00,95.69,96.49,95.43,95.85,9977165.0,95.988,41255
2022-11-10 19:00:00+00:00,95.85,96.43,95.65,96.05,8501325.0,96.053,37850
2022-11-10 20:00:00+00:00,96.04,96.76,95.58,96.58,17288221.0,96.362,75325
2022-11-11 14:30:00+00:00,97.96,99.58,96.66,98.67,17287880.0,98.359,60117
2022-11-11 15:00:00+00:00,98.64,100.78,98.14,100.11,21247282.0,99.809,83126
2022-11-11 16:00:00+00:00,100.12,100.4,98.66,99.09,11747564.0,99.467,51126
2022-11-11 17:00:00+00:00,99.08,100.4,98.8,100.26,8381809.0,99.731,32888
2022-11-11 18:00:00+00:00,100.25,101.02,100.22,100.97,9501217.0,100.751,35491
2022-11-11 19:00:00+00:00,100.97,101.19,100.54,100.91,8100367.0,100.917,34940
2022-11-11 20:00:00+00:00,100.91,101.02,99.88,100.79,13053192.0,100.554,60238
2022-11-14 14:30:00+00:00,98.7,98.85,97.29,97.83,11207932.0,98.088,41082
2022-11-14 15:00:00+00:00,97.81,100.12,97.71,98.95,14009861.0,98.592,56323
2022-11-14 16:00:00+00:00,98.95,99.18,97.84,98.76,11628237.0,98.5,42065
2022-11-14 17:00:00+00:00,98.75,99.48,98.43,99.16,8089682.0,99.098,28087
2022-11-14 18:00:00+00:00,99.17,100.11,99.01,99.93,6620987.0,99.635,25139
2022-11-14 19:00:00+00:00,99.93,100.09,99.2,99.54,6739790.0,99.661,27243
2022-11-14 20:00:00+00:00,99.55,99.98,98.28,98.45,11888844.0,98.978,50499
2022-11-15 14:30:00+00:00,103.23,103.79,101.21,102.08,14623835.0,102.367,55013
2022-11-15 15:00:00+00:00,102.08,102.47,100.04,100.32,14588274.0,101.296,60806
2022-11-15 16:00:00+00:00,100.32,100.91,100.0,100.81,11242140.0,100.527,43890
2022-11-15 17:00:00+00:00,100.81,100.86,99.24,99.66,10594560.0,99.875,40132
2022-11-15 18:00:00+00:00,99.66,100.14,97.34,98.35,14615824.0,98.663,56923
2022-11-15 19:00:00+00:00,98.35,99.59,97.71,99.17,10309409.0,98.851,37788
2022-11-15 20:00:00+00:00,99.17,99.45,98.37,98.98,10980008.0,98.954,48467
2022-11-16 14:30:00+00:00,96.84,96.93,95.7,96.47,12176825.0,96.213,47295
2022-11-16 15:00:00+00:00,96.47,96.69,95.54,96.25,11486463.0,96.163,48209
2022-11-16 16:00:00+00:00,96.23,98.49,96.2,97.95,12412666.0,97.499,42776
2022-11-16 17:00:00+00:00,97.95,98.46,97.56,98.17,8002683.0,97.931,29784
2022-11-16 18:00:00+00:00,98.17,98.38,97.31,97.43,6112808.0,97.971,24650
2022-11-16 19:00:00+00:00,97.43,97.62,96.94,97.23,6617362.0,97.3,25599
2022-11-16 20:00:00+00:00,97.22,97.58,96.4,97.14,12349015.0,96.98,52540
2022-11-17 14:30:00+00:00,95.36,96.97,94.72,95.07,9991075.0,95.778,37684
2022-11-17 15:00:00+00:00,95.06,96.06,94.91,95.37,8260409.0,95.564,32262
2022-11-17 16:00:00+00:00,95.35,96.31,95.27,96.27,7049704.0,95.742,28354
2022-11-17 17:00:00+00:00,96.27,96.45,95.63,96.26,7620209.0,96.033,27794
2022-11-17 18:00:00+00:00,96.26,96.47,95.75,95.95,5813093.0,96.101,23346
2022-11-17 19:00:00+00:00,95.96,96.02,94.73,94.74,8117773.0,95.206,31814
2022-11-17 20:00:00+00:00,94.73,94.9,94.03,94.87,15773227.0,94.457,64661
2022-11-18 14:30:00+00:00,95.85,95.99,94.55,94.66,8702305.0,95.207,24231
2022-11-18 15:00:00+00:00,94.68,94.71,93.71,93.88,9322235.0,94.176,33174
2022-11-18 16:00:00+00:00,93.88,94.3,93.39,93.5,6667491.0,93.85,27191
2022-11-18 17:00:00+00:00,93.51,93.68,92.48,92.76,7218104.0,92.988,28864
2022-11-18 18:00:00+00:00,92.76,93.47,92.71,93.11,5368260.0,93.11,20206
2022-11-18 19:00:00+00:00,93.1,93.64,93.04,93.45,5946585.0,93.352,20968
2022-11-18 20:00:00+00:00,93.45,94.42,93.45,94.15,11723875.0,93.991,44437
2022-11-21 14:30:00+00:00,93.97,95.02,92.94,92.98,8313014.0,94.005,29725
2022-11-21 15:00:00+00:00,92.98,93.05,90.59,90.92,15948960.0,91.833,60982
2022-11-21 16:00:00+00:00,90.92,91.83,90.82,91.34,10793867.0,91.433,43843
2022-11-21 17:00:00+00:00,91.34,91.62,90.92,91.11,7587902.0,91.236,29842
2022-11-21 18:00:00+00:00,91.11,92.3,90.94,91.78,7950675.0,91.697,32078
2022-11-21 19:00:00+00:00,91.79,92.11,91.6,92.0,6390627.0,91.874,25536
2022-11-21 20:00:00+00:00,91.99,92.66,91.95,92.46,9215531.0,92.317,41214
2022-11-22 14:30:00+00:00,92.61,92.84,90.87,91.31,9245712.0,91.605,31576
2022-11-22 15:00:00+00:00,91.29,93.07,91.16,92.95,11285686.0,92.461,39549
2022-11-22 16:00:00+00:00,92.95,93.12,92.22,92.52,5943081.0,92.658,20068
2022-11-22 17:00:00+00:00,92.51,93.02,92.48,92.75,4166609.0,92.802,15388
2022-11-22 18:00:00+00:00,92.75,93.35,92.62,93.11,4534409.0,93.101,16137
2022-11-22 19:00:00+00:00,93.11,93.33,92.43,92.7,4781866.0,92.804,18874
2022-11-22 20:00:00+00:00,92.7,93.33,92.66,93.2,7163163.0,92.983,28203
2022-11-23 14:30:00+00:00,93.24,93.82,92.83,93.31,6739917.0,93.357,22543
2022-11-23 15:00:00+00:00,93.33,94.17,93.0,94.1,8256306.0,93.744,28209
2022-11-23 16:00:00+00:00,94.1,94.54,93.46,93.61,6939326.0,94.172,23672
2022-11-23 17:00:00+00:00,93.6,93.92,92.85,93.04,5039075.0,93.524,19054
2022-11-23 18:00:00+00:00,93.05,93.74,92.95,93.59,4256830.0,93.413,15940
2022-11-23 19:00:00+00:00,93.62,94.43,93.25,94.22,7210693.0,94.122,24320
2022-11-23 20:00:00+00:00,94.22,94.58,93.93,94.18,7194787.0,94.209,28386
2022-11-25 14:30:00+00:00,93.72,94.0,93.06,93.45,4924596.0,93.527,16335
2022-11-25 15:00:00+00:00,93.45,94.31,93.35,93.82,7909165.0,93.961,25678
2022-11-25 16:00:00+00:00,93.83,94.43,93.37,93.68,6910421.0,93.894,24735
2022-11-25 17:00:00+00:00,93.67,94.13,93.43,93.44,7891407.0,93.763,28799
2022-11-28 14:30:00+00:00,93.96,96.4,93.75,95.02,12154883.0,95.169,39521
2022-11-28 15:00:00+00:00,95.01,95.53,93.81,94.11,11199575.0,94.525,40917
2022-11-28 16:00:00+00:00,94.11,95.24,94.08,95.2,9149802.0,94.666,29251
2022-11-28 17:00:00+00:00,95.2,95.25,94.31,94.44,7052958.0,94.686,22486
2022-11-28 18:00:00+00:00,94.43,94.58,93.85,93.87,5569197.0,94.257,17960
2022-11-28 19:00:00+00:00,93.86,94.22,93.68,94.0,5903745.0,93.963,20213
2022-11-28 20:00:00+00:00,93.99,94.11,93.43,93.96,9612911.0,93.785,36740
2022-11-29 14:30:00+00:00,94.05,94.41,92.96,93.21,7516660.0,93.699,25561
2022-11-29 15:00:00+00:00,93.21,93.6,92.48,92.52,10076754.0,93.094,38343
2022-11-29 16:00:00+00:00,92.52,92.61,91.44,92.41,10605950.0,91.989,37931
2022-11-29 17:00:00+00:00,92.41,92.6,92.0,92.36,4934750.0,92.316,18932
2022-11-29 18:00:00+00:00,92.35,92.4,91.69,92.24,5282129.0,91.997,21406
2022-11-29 19:00:00+00:00,92.25,92.57,91.97,92.37,5256423.0,92.256,20123
2022-11-29 20:00:00+00:00,92.38,92.61,92.15,92.4,8268618.0,92.369,34114
2022-11-30 14:30:00+00:00,92.45,92.81,91.56,92.62,9039466.0,92.196,31567
2022-11-30 15:00:00+00:00,92.63,93.14,91.98,92.11,8546135.0,92.518,34819
2022-11-30 16:00:00+00:00,92.11,92.47,91.95,92.11,5106623.0,92.262,20681
2022-11-30 17:00:00+00:00,92.11,92.18,91.52,91.81,4933155.0,91.811,19304
2022-11-30 18:00:00+00:00,91.8,93.77,91.65,93.65,10457852.0,92.678,39501
2022-11-30 19:00:00+00:00,93.65,95.44,93.64,94.58,15808139.0,94.676,64042
2022-11-30 20:00:00+00:00,94.57,96.54,94.45,96.54,17939840.0,95.826,76483
2022-12-01 14:30:00+00:00,96.98,97.23,95.96,96.77,8387818.0,96.757,30762
2022-12-01 15:00:00+00:00,96.81,97.15,94.92,96.62,11392005.0,95.793,44088
2022-12-01 16:00:00+00:00,96.63,97.0,95.91,96.2,6972621.0,96.315,28151
2022-12-01 17:00:00+00:00,96.2,96.35,95.75,95.95,4680584.0,96.012,19544
2022-12-01 18:00:00+00:00,95.94,96.13,95.48,95.76,4680863.0,95.738,19765
2022-12-01 19:00:00+00:00,95.76,95.78,95.22,95.52,5549945.0,95.508,23323
2022-12-01 20:00:00+00:00,95.52,95.73,95.12,95.48,8015877.0,95.465,38854
2022-12-02 14:30:00+00:00,94.47,95.36,94.15,94.33,9316385.0,94.664,34384
2022-12-02 15:00:00+00:00,94.33,94.86,93.78,94.06,9794857.0,94.23,40757
2022-12-02 16:00:00+00:00,94.06,94.9,93.86,94.51,6825429.0,94.351,26612
2022-12-02 17:00:00+00:00,94.51,94.85,94.23,94.42,5341681.0,94.511,18430
2022-12-02 18:00:00+00:00,94.42,94.6,94.13,94.46,3836988.0,94.396,15567
2022-12-02 19:00:00+00:00,94.47,94.56,93.95,94.2,4760618.0,94.192,19711
2022-12-02 20:00:00+00:00,94.2,94.55,93.92,94.12,11592258.0,94.186,48599
2022-12-05 14:30:00+00:00,93.05,94.06,92.66,93.47,6837242.0,93.41,23509
2022-12-05 15:00:00+00:00,93.47,93.47,92.45,92.97,9243437.0,92.86,33689
2022-12-05 16:00:00+00:00,92.98,93.33,91.93,92.04,8795948.0,92.468,35520
2022-12-05 17:00:00+00:00,92.03,92.07,91.2,91.37,7587272.0,91.608,32995
2022-12-05 18:00:00+00:00,91.37,91.95,91.14,91.2,5918303.0,91.575,22870
2022-12-05 19:00:00+00:00,91.19,91.47,91.0,91.16,5570939.0,91.172,21783
2022-12-05 20:00:00+00:00,91.15,91.23,90.82,91.01,9738546.0,91.012,43903
2022-12-06 14:30:00+00:00,90.52,91.04,89.25,89.27,10396333.0,90.267,40545
2022-12-06 15:00:00+00:00,89.26,89.59,88.65,88.91,10672636.0,89.134,47271
2022-12-06 16:00:00+00:00,88.92,89.61,88.67,89.03,7221223.0,89.187,30228
2022-12-06 17:00:00+00:00,89.03,89.19,88.53,88.91,5463904.0,88.897,23384
2022-12-06 18:00:00+00:00,88.91,89.09,88.41,88.62,5282232.0,88.64,23837
2022-12-06 19:00:00+00:00,88.63,88.65,87.94,88.44,6939992.0,88.278,27778
2022-12-06 20:00:00+00:00,88.45,88.73,88.12,88.26,10805606.0,88.365,51471
2022-12-07 14:30:00+00:00,88.33,89.89,87.6,87.82,9695976.0,88.656,35841
2022-12-07 15:00:00+00:00,87.82,89.13,87.48,88.89,12351265.0,88.177,50852
2022-12-07 16:00:00+00:00,88.89,89.06,87.6,87.93,7481656.0,88.11,31308
2022-12-07 17:00:00+00:00,87.92,88.61,87.69,88.45,4511999.0,88.072,18957
2022-12-07 18:00:00+00:00,88.45,88.82,88.33,88.43,5256706.0,88.604,20413
2022-12-07 19:00:00+00:00,88.43,88.59,88.17,88.38,4290959.0,88.384,16746
2022-12-07 20:00:00+00:00,88.38,88.61,88.12,88.45,7392416.0,88.396,31548
2022-12-08 14:30:00+00:00,89.24,90.15,87.88,90.11,10246354.0,88.871,35598
2022-12-08 15:00:00+00:00,90.13,90.86,89.93,90.1,13491822.0,90.403,48933
2022-12-08 16:00:00+00:00,90.09,90.41,89.28,89.96,7704891.0,89.76,29884
2022-12-08 17:00:00+00:00,89.96,90.1,89.45,89.75,5663144.0,89.793,22330
2022-12-08 18:00:00+00:00,89.76,90.54,89.63,90.01,5263415.0,90.115,17829
2022-12-08 19:00:00+00:00,90.01,90.54,89.36,90.35,5775897.0,89.94,22566
2022-12-08 20:00:00+00:00,90.35,90.86,90.02,90.35,8285187.0,90.409,33971
2022-12-09 14:30:00+00:00,88.89,90.3,88.63,89.54,9204619.0,89.474,34452
2022-12-09 15:00:00+00:00,89.56,89.92,88.96,89.9,10113434.0,89.421,39534
2022-12-09 16:00:00+00:00,89.9,89.97,89.34,89.66,6776590.0,89.644,28929
2022-12-09 17:00:00+00:00,89.66,89.85,89.34,89.54,4775387.0,89.581,19844
2022-12-09 18:00:00+00:00,89.54,89.62,88.94,89.56,5317004.0,89.309,21547
2022-12-09 19:00:00+00:00,89.56,89.68,89.37,89.53,4051147.0,89.555,18524
2022-12-09 20:00:00+00:00,89.54,89.75,88.78,89.1,7903203.0,89.282,36734
2022-12-12 14:30:00+00:00,89.22,89.5,88.41,89.17,5816167.0,88.989,21779
2022-12-12 15:00:00+00:00,89.15,89.22,87.87,88.26,8480516.0,88.429,33725
2022-12-12 16:00:00+00:00,88.26,88.9,88.16,88.67,5493099.0,88.559,21691
2022-12-12 17:00:00+00:00,88.68,89.09,88.63,88.93,4115410.0,88.861,17962
2022-12-12 18:00:00+00:00,88.94,89.28,88.74,89.24,4424521.0,89.03,17639
2022-12-12 19:00:00+00:00,89.25,89.6,88.92,89.56,4810990.0,89.318,19818
2022-12-12 20:00:00+00:00,89.57,90.57,89.5,90.57,10187532.0,90.145,43031
2022-12-13 14:30:00+00:00,95.2,96.25,94.37,95.04,15385805.0,95.114,60923
2022-12-13 15:00:00+00:00,95.05,95.09,92.75,93.44,12977496.0,93.856,58143
2022-12-13 16:00:00+00:00,93.45,94.0,92.16,92.33,8465852.0,93.228,37374
2022-12-13 17:00:00+00:00,92.33,92.4,90.52,91.55,9103130.0,91.394,39673
2022-12-13 18:00:00+00:00,91.56,92.14,91.09,92.07,6610503.0,91.723,27152
2022-12-13 19:00:00+00:00,92.09,93.15,91.93,92.88,7531377.0,92.51,32553
2022-12-13 20:00:00+00:00,92.88,93.0,92.13,92.52,10460172.0,92.576,47902
2022-12-14 14:30:00+00:00,92.56,93.38,92.28,92.61,5538438.0,92.76,19070
2022-12-14 15:00:00+00:00,92.61,93.24,92.5,93.07,7136136.0,92.984,26866
2022-12-14 16:00:00+00:00,93.06,93.46,92.87,92.98,6479982.0,93.095,26253
2022-12-14 17:00:00+00:00,92.98,93.04,92.09,92.12,4188526.0,92.56,17610
2022-12-14 18:00:00+00:00,92.13,93.04,91.88,92.92,6080837.0,92.413,23326
2022-12-14 19:00:00+00:00,92.9,92.91,89.87,91.15,12150012.0,91.37,52949
2022-12-14 20:00:00+00:00,91.16,92.63,90.81,91.56,12066328.0,91.613,51241
2022-12-15 14:30:00+00:00,89.89,89.97,88.7,89.32,9081266.0,89.187,37265
2022-12-15 15:00:00+00:00,89.31,89.49,88.32,88.39,9491168.0,88.913,42315
2022-12-15 16:00:00+00:00,88.39,88.53,87.47,87.64,9386316.0,87.901,40320
2022-12-15 17:00:00+00:00,87.64,88.32,87.64,88.01,7000697.0,88.052,30448
2022-12-15 18:00:00+00:00,88.02,88.2,87.73,88.01,5499906.0,87.98,25877
2022-12-15 19:00:00+00:00,88.01,88.31,87.76,88.24,6089323.0,88.003,27726
2022-12-15 20:00:00+00:00,88.25,88.64,87.96,88.48,12137735.0,88.287,59968
2022-12-16 14:30:00+00:00,88.27,89.35,88.07,88.89,14359608.0,88.574,30838
2022-12-16 15:00:00+00:00,88.88,88.89,87.52,87.94,8736529.0,88.018,39602
2022-12-16 16:00:00+00:00,87.94,88.0,87.0,87.08,7253645.0,87.45,34453
2022-12-16 17:00:00+00:00,87.08,87.54,86.97,87.18,5087833.0,87.191,26409
2022-12-16 18:00:00+00:00,87.19,87.58,87.17,87.26,4414821.0,87.378,20771
2022-12-16 19:00:00+00:00,87.26,87.52,86.73,87.06,6836177.0,87.05,29314
2022-12-16 20:00:00+00:00,87.06,88.4,86.85,87.75,15118654.0,87.664,71434
2022-12-19 14:30:00+00:00,87.52,87.63,86.65,86.86,6675704.0,87.149,26896
2022-12-19 15:00:00+00:00,86.85,87.04,85.92,85.94,9518995.0,86.494,37436
2022-12-19 16:00:00+00:00,85.95,85.96,85.03,85.32,10621977.0,85.311,40090
2022-12-19 17:00:00+00:00,85.32,85.52,85.14,85.28,5914788.0,85.303,25453
2022-12-19 18:00:00+00:00,85.28,85.87,85.13,85.17,6363401.0,85.47,27654
2022-12-19 19:00:00+00:00,85.17,85.2,84.59,84.65,10112224.0,84.962,39333
2022-12-19 20:00:00+00:00,84.65,85.21,84.51,84.92,12600519.0,84.796,53717
2022-12-20 14:30:00+00:00,85.36,85.69,84.33,85.63,10731444.0,85.007,33295
2022-12-20 15:00:00+00:00,85.64,86.61,85.41,85.66,12811425.0,86.016,47046
2022-12-20 16:00:00+00:00,85.65,85.93,84.49,85.29,7621039.0,85.058,29272
2022-12-20 17:00:00+00:00,85.29,85.7,85.0,85.48,5539347.0,85.353,21507
2022-12-20 18:00:00+00:00,85.48,85.97,85.07,85.54,5102270.0,85.558,20083
2022-12-20 19:00:00+00:00,85.54,85.78,85.13,85.24,5392352.0,85.444,20102
2022-12-20 20:00:00+00:00,85.25,85.34,85.0,85.21,7545165.0,85.193,31928
2022-12-21 14:30:00+00:00,86.17,86.29,85.21,85.8,7930203.0,85.795,28575
2022-12-21 15:00:00+00:00,85.8,86.93,85.71,86.8,11133992.0,86.428,45322
2022-12-21 16:00:00+00:00,86.8,86.91,86.31,86.66,7155738.0,86.675,26486
2022-12-21 17:00:00+00:00,86.66,87.02,86.45,86.99,4906925.0,86.753,18223
2022-12-21 18:00:00+00:00,86.99,87.08,86.56,86.78,4102150.0,86.822,17666
2022-12-21 19:00:00+00:00,86.78,87.23,86.61,86.8,4591600.0,86.94,19829
2022-12-21 20:00:00+00:00,86.8,87.01,86.54,86.78,7657133.0,86.781,33613
2022-12-22 14:30:00+00:00,85.52,85.68,84.55,85.31,7440309.0,85.044,29923
2022-12-22 15:00:00+00:00,85.3,85.3,83.73,83.94,9510083.0,84.25,38434
2022-12-22 16:00:00+00:00,83.94,84.38,83.42,83.53,7740020.0,83.805,31250
2022-12-22 17:00:00+00:00,83.54,83.58,82.56,82.78,8755031.0,82.999,34577
2022-12-22 18:00:00+00:00,82.78,82.78,82.25,82.46,6776173.0,82.467,27728
2022-12-22 19:00:00+00:00,82.47,83.15,82.43,83.09,7216337.0,82.726,31021
2022-12-22 20:00:00+00:00,83.1,83.93,82.92,83.8,13929155.0,83.444,65555
2022-12-23 14:30:00+00:00,83.27,84.19,82.93,83.54,6529434.0,83.503,26668
2022-12-23 15:00:00+00:00,83.55,85.28,83.2,84.43,10374481.0,84.354,42137
2022-12-23 16:00:00+00:00,84.42,84.53,83.76,84.4,5982907.0,84.134,23504
2022-12-23 17:00:00+00:00,84.4,84.92,84.3,84.57,4258457.0,84.593,17584
2022-12-23 18:00:00+00:00,84.57,84.8,84.36,84.54,3692019.0,84.612,16381
2022-12-23 19:00:00+00:00,84.55,85.25,84.49,85.22,5152214.0,84.934,20806
2022-12-23 20:00:00+00:00,85.22,85.78,85.09,85.26,9093359.0,85.338,39445
2022-12-27 14:30:00+00:00,85.0,85.35,83.26,83.69,6387748.0,84.18,23565
2022-12-27 15:00:00+00:00,83.68,84.98,83.29,84.49,8653786.0,84.224,36528
2022-12-27 16:00:00+00:00,84.49,84.6,84.06,84.25,5755654.0,84.34,23559
2022-12-27 17:00:00+00:00,84.25,84.49,83.72,83.84,4604080.0,84.089,18711
2022-12-27 18:00:00+00:00,83.85,84.01,83.28,83.32,4199603.0,83.649,17767
2022-12-27 19:00:00+00:00,83.33,83.61,83.21,83.37,4573076.0,83.38,18775
2022-12-27 20:00:00+00:00,83.37,83.55,83.0,83.06,8307407.0,83.258,35765
2022-12-28 14:30:00+00:00,82.82,83.46,82.04,83.22,7468343.0,82.978,26030
2022-12-28 15:00:00+00:00,83.22,83.48,82.06,82.09,8953810.0,82.836,34506
2022-12-28 16:00:00+00:00,82.09,82.44,81.87,81.9,7250925.0,82.136,29606
2022-12-28 17:00:00+00:00,81.91,82.39,81.69,82.33,5082186.0,81.964,19704
2022-12-28 18:00:00+00:00,82.33,82.69,82.08,82.22,4411663.0,82.428,18415
2022-12-28 19:00:00+00:00,82.22,82.48,81.99,82.09,4056623.0,82.221,17502
2022-12-28 20:00:00+00:00,82.08,82.15,81.81,81.83,7369188.0,81.946,32521
2022-12-29 14:30:00+00:00,82.87,83.58,82.55,83.41,7576727.0,83.203,28312
2022-12-29 15:00:00+00:00,83.41,83.87,83.19,83.71,7653586.0,83.623,31928
2022-12-29 16:00:00+00:00,83.71,84.11,83.36,83.89,5763743.0,83.751,22051
2022-12-29 17:00:00+00:00,83.89,84.07,83.56,83.58,4083705.0,83.802,16822
2022-12-29 18:00:00+00:00,83.57,83.92,83.44,83.9,3856282.0,83.713,17000
2022-12-29 19:00:00+00:00,83.9,84.19,83.89,84.05,4017069.0,84.056,16554
2022-12-29 20:00:00+00:00,84.04,84.55,84.03,84.14,7907593.0,84.279,35925
2022-12-30 14:30:00+00:00,83.13,83.4,82.47,82.98,5792081.0,82.948,21318
2022-12-30 15:00:00+00:00,82.98,83.43,82.52,83.08,7160010.0,82.937,24258
2022-12-30 16:00:00+00:00,83.08,83.23,82.69,83.0,5490820.0,82.921,21342
2022-12-30 17:00:00+00:00,83.0,83.17,82.82,83.05,3932733.0,82.99,15424
2022-12-30 18:00:00+00:00,83.06,83.06,82.49,82.88,5295575.0,82.789,21551
2022-12-30 19:00:00+00:00,82.88,82.91,82.62,82.63,4250986.0,82.738,17126
2022-12-30 20:00:00+00:00,82.64,84.05,82.62,84.0,11837296.0,83.402,49924
2023-01-03 14:30:00+00:00,85.4,86.96,85.2,85.47,10655757.0,86.025,41207
2023-01-03 15:00:00+00:00,85.47,85.55,84.48,85.31,8358388.0,84.973,35596
2023-01-03 16:00:00+00:00,85.31,85.5,84.25,84.44,5238996.0,84.853,22078
2023-01-03 17:00:00+00:00,84.43,84.82,84.2,84.45,3505234.0,84.507,17155
2023-01-03 18:00:00+00:00,84.44,85.29,84.26,85.25,3473826.0,84.786,15567
2023-01-03 19:00:00+00:00,85.25,85.91,85.09,85.88,4961347.0,85.468,22757
2023-01-03 20:00:00+00:00,85.88,86.49,85.77,85.82,9991321.0,86.076,49201
2023-01-04 14:30:00+00:00,86.5,86.98,84.2,84.67,9178747.0,85.116,39966
2023-01-04 15:00:00+00:00,84.65,84.96,83.36,84.84,10456347.0,84.155,44281
2023-01-04 16:00:00+00:00,84.84,86.1,84.75,85.82,7603488.0,85.457,31111
2023-01-04 17:00:00+00:00,85.83,86.09,85.39,85.4,4362858.0,85.775,17289
2023-01-04 18:00:00+00:00,85.4,86.29,85.12,85.83,4160633.0,85.859,16903
2023-01-04 19:00:00+00:00,85.82,86.28,84.46,85.42,7123753.0,85.221,29006
2023-01-04 20:00:00+00:00,85.41,85.69,84.47,85.14,8747651.0,85.023,36679
2023-01-05 14:30:00+00:00,85.33,85.42,83.87,84.04,7393135.0,84.408,28830
2023-01-05 15:00:00+00:00,84.03,84.44,83.22,83.32,9652490.0,83.843,40302
2023-01-05 16:00:00+00:00,83.31,84.1,83.11,83.84,5964682.0,83.61,24810
2023-01-05 17:00:00+00:00,83.84,84.26,83.64,83.68,4444676.0,83.912,19526
2023-01-05 18:00:00+00:00,83.68,84.27,83.48,83.91,6286618.0,83.94,29046
2023-01-05 19:00:00+00:00,83.92,84.21,83.75,83.85,4222511.0,83.953,18846
2023-01-05 20:00:00+00:00,83.86,83.87,83.07,83.12,9726697.0,83.401,40551
2023-01-06 14:30:00+00:00,83.05,83.13,81.43,81.95,10934065.0,82.159,44456
2023-01-06 15:00:00+00:00,81.96,84.09,81.96,84.05,12638492.0,83.176,56984
2023-01-06 16:00:00+00:00,84.06,84.87,83.81,84.64,8950738.0,84.249,39234
2023-01-06 17:00:00+00:00,84.64,85.15,84.62,84.88,7272125.0,84.916,29744
2023-01-06 18:00:00+00:00,84.88,85.64,84.83,85.38,5889889.0,85.304,25082
2023-01-06 19:00:00+00:00,85.39,86.16,85.25,86.1,6696973.0,85.688,26518
2023-01-06 20:00:00+00:00,86.09,86.4,85.91,86.04,10832115.0,86.123,51094
2023-01-09 14:30:00+00:00,87.47,89.15,87.46,89.11,10218192.0,88.394,39227
2023-01-09 15:00:00+00:00,89.12,89.27,88.36,88.84,8997730.0,88.859,38658
2023-01-09 16:00:00+00:00,88.84,89.48,88.77,89.12,7317490.0,89.193,30692
2023-01-09 17:00:00+00:00,89.12,89.22,88.51,88.89,4860661.0,88.873,22310
2023-01-09 18:00:00+00:00,88.89,89.37,88.26,88.44,5827654.0,88.846,24878
2023-01-09 19:00:00+00:00,88.44,88.7,87.62,87.66,5108382.0,88.315,21192
2023-01-09 20:00:00+00:00,87.65,87.9,87.08,87.36,7508780.0,87.505,35028
2023-01-10 14:30:00+00:00,87.6,89.05,87.29,88.73,7304197.0,88.374,28831
2023-01-10 15:00:00+00:00,88.73,90.19,88.25,89.37,12132455.0,89.187,48602
2023-01-10 16:00:00+00:00,89.39,89.83,89.11,89.22,6364667.0,89.439,25663
2023-01-10 17:00:00+00:00,89.21,89.81,88.93,89.73,5461760.0,89.487,22360
2023-01-10 18:00:00+00:00,89.74,90.0,89.58,89.78,6625990.0,89.843,24602
2023-01-10 19:00:00+00:00,89.78,90.08,89.55,89.71,5316443.0,89.848,18438
2023-01-10 20:00:00+00:00,89.7,89.9,89.14,89.87,8064674.0,89.454,37033
2023-01-11 14:30:00+00:00,90.93,93.19,90.93,93.07,16672758.0,92.289,55061
2023-01-11 15:00:00+00:00,93.08,93.74,92.43,92.67,14957741.0,93.128,60002
2023-01-11 16:00:00+00:00,92.67,94.0,92.53,93.76,11126407.0,93.468,42374
2023-01-11 17:00:00+00:00,93.76,94.28,93.71,93.94,8527868.0,93.935,32320
2023-01-11 18:00:00+00:00,93.94,94.25,93.74,93.94,6309265.0,93.998,24360
2023-01-11 19:00:00+00:00,93.94,94.33,93.91,94.17,6639426.0,94.109,25775
2023-01-11 20:00:00+00:00,94.18,95.26,94.1,95.09,19121485.0,94.842,75674
2023-01-12 14:30:00+00:00,96.93,97.19,93.5,94.23,15049944.0,95.079,56982
2023-01-12 15:00:00+00:00,94.24,96.26,94.22,94.56,15597246.0,95.232,59411
2023-01-12 16:00:00+00:00,94.56,95.15,94.1,95.06,6668076.0,94.7,27918
2023-01-12 17:00:00+00:00,95.05,95.69,94.86,95.38,6468163.0,95.331,22583
2023-01-12 18:00:00+00:00,95.38,95.87,94.58,95.68,6942462.0,95.39,27573
2023-01-12 19:00:00+00:00,95.69,95.71,95.06,95.3,5090068.0,95.406,21480
2023-01-12 20:00:00+00:00,95.29,95.34,94.87,95.27,9082823.0,95.13,39749
2023-01-13 14:30:00+00:00,94.19,96.0,94.12,95.55,9153200.0,95.006,32492
2023-01-13 15:00:00+00:00,95.54,97.06,95.44,96.58,13045318.0,96.413,48041
2023-01-13 16:00:00+00:00,96.58,96.83,95.65,96.83,8633402.0,96.27,31910
2023-01-13 17:00:00+00:00,96.83,97.23,96.71,97.18,6757642.0,96.976,25512
2023-01-13 18:00:00+00:00,97.18,98.2,97.17,97.93,9849976.0,97.738,34376
2023-01-13 19:00:00+00:00,97.92,98.36,97.8,98.02,7237343.0,98.057,27579
2023-01-13 20:00:00+00:00,98.03,98.37,97.76,98.12,12662256.0,98.057,53337
2023-01-17 14:30:00+00:00,98.68,98.89,96.93,97.09,10787763.0,97.788,39805
2023-01-17 15:00:00+00:00,97.08,97.76,96.21,96.5,11218924.0,97.044,42666
2023-01-17 16:00:00+00:00,96.51,97.12,95.73,96.88,7984982.0,96.391,31707
2023-01-17 17:00:00+00:00,96.89,97.23,96.68,96.88,5343955.0,96.886,19746
2023-01-17 18:00:00+00:00,96.88,96.92,96.42,96.44,4989227.0,96.659,19868
2023-01-17 19:00:00+00:00,96.44,96.67,96.0,96.42,5411371.0,96.342,21299
2023-01-17 20:00:00+00:00,96.42,96.6,95.87,96.1,9472805.0,96.185,41054
2023-01-18 14:30:00+00:00,97.28,98.08,96.81,97.86,9670617.0,97.48,33007
2023-01-18 15:00:00+00:00,97.86,99.32,96.77,97.14,18790460.0,98.245,70570
2023-01-18 16:00:00+00:00,97.14,97.51,95.91,96.43,10288134.0,96.712,40111
2023-01-18 17:00:00+00:00,96.42,96.87,95.84,95.99,5992095.0,96.388,23507
2023-01-18 18:00:00+00:00,96.0,96.35,95.42,96.2,5871092.0,95.911,23948
2023-01-18 19:00:00+00:00,96.21,96.41,95.85,96.11,4327522.0,96.178,18863
2023-01-18 20:00:00+00:00,96.11,96.23,95.38,95.47,8004383.0,95.778,37320
2023-01-19 14:30:00+00:00,94.79,95.44,93.85,94.6,10173111.0,94.673,37644
2023-01-19 15:00:00+00:00,94.65,94.67,93.43,93.58,8996996.0,94.021,36610
2023-01-19 16:00:00+00:00,93.58,93.94,92.86,93.21,6748116.0,93.337,27827
2023-01-19 17:00:00+00:00,93.21,93.68,93.13,93.35,5198086.0,93.396,22872
2023-01-19 18:00:00+00:00,93.36,94.26,93.28,93.76,5701500.0,93.703,24185
2023-01-19 19:00:00+00:00,93.77,94.49,93.64,94.13,6367089.0,94.161,24403
2023-01-19 20:00:00+00:00,94.13,94.32,93.59,93.68,8355071.0,93.838,39648
2023-01-20 14:30:00+00:00,93.86,94.88,93.2,94.7,9999853.0,93.977,29600
2023-01-20 15:00:00+00:00,94.7,95.4,94.33,94.85,8411946.0,94.992,35076
2023-01-20 16:00:00+00:00,94.85,95.94,94.82,95.64,6181809.0,95.537,26263
2023-01-20 17:00:00+00:00,95.64,95.83,95.39,95.55,3860235.0,95.63,18247
2023-01-20 18:00:00+00:00,95.55,96.5,95.19,96.47,5861738.0,95.828,25288
2023-01-20 19:00:00+00:00,96.45,96.76,96.27,96.6,4501799.0,96.515,19146
2023-01-20 20:00:00+00:00,96.59,97.36,96.59,97.18,10312399.0,97.107,49714
2023-01-23 14:30:00+00:00,97.54,97.79,95.86,96.97,9999400.0,96.798,36832
2023-01-23 15:00:00+00:00,96.97,97.75,96.45,97.07,11277377.0,97.139,43066
2023-01-23 16:00:00+00:00,97.08,97.72,97.07,97.52,8218614.0,97.424,34056
2023-01-23 17:00:00+00:00,97.52,97.52,96.81,97.22,6515723.0,97.15,26094
2023-01-23 18:00:00+00:00,97.21,97.75,97.16,97.34,6761814.0,97.522,27095
2023-01-23 19:00:00+00:00,97.33,97.47,96.71,96.94,6717784.0,97.124,28897
2023-01-23 20:00:00+00:00,96.94,97.6,96.71,97.48,9888941.0,97.222,44363
2023-01-24 14:30:00+00:00,96.94,98.09,96.81,97.06,8280712.0,97.472,29663
2023-01-24 15:00:00+00:00,97.06,97.19,96.0,96.96,9172522.0,96.581,36297
2023-01-24 16:00:00+00:00,96.96,97.45,96.73,97.27,5489792.0,97.06,23349
2023-01-24 17:00:00+00:00,97.27,97.56,96.93,97.18,4298787.0,97.254,17320
2023-01-24 18:00:00+00:00,97.19,97.38,96.92,97.18,4192276.0,97.173,17109
2023-01-24 19:00:00+00:00,97.18,97.2,96.69,96.95,4089078.0,96.918,15918
2023-01-24 20:00:00+00:00,96.95,96.98,96.22,96.32,7739161.0,96.501,35692
2023-01-25 14:30:00+00:00,92.58,93.57,91.97,92.0,14112541.0,92.778,56634
2023-01-25 15:00:00+00:00,91.99,93.89,91.52,93.89,16760014.0,92.46,65442
2023-01-25 16:00:00+00:00,93.88,95.07,93.77,94.77,13607283.0,94.518,54623
2023-01-25 17:00:00+00:00,94.77,95.19,94.6,94.95,6836900.0,94.925,27338
2023-01-25 18:00:00+00:00,94.95,96.2,94.94,96.02,6895151.0,95.778,25614
2023-01-25 19:00:00+00:00,96.03,96.63,95.79,96.37,6975186.0,96.225,27954
2023-01-25 20:00:00+00:00,96.37,97.24,96.37,97.17,10353722.0,96.855,45427
2023-01-26 14:30:00+00:00,98.19,99.49,98.17,98.51,11334852.0,98.965,43292
2023-01-26 15:00:00+00:00,98.53,99.35,97.41,97.61,11257695.0,98.598,48513
2023-01-26 16:00:00+00:00,97.6,97.85,96.92,97.74,6964887.0,97.523,28570
2023-01-26 17:00:00+00:00,97.75,98.26,97.53,97.76,5043782.0,97.911,22618
2023-01-26 18:00:00+00:00,97.77,98.44,97.6,98.29,4656632.0,98.02,19331
2023-01-26 19:00:00+00:00,98.3,98.73,98.0,98.58,4531932.0,98.436,18424
2023-01-26 20:00:00+00:00,98.58,99.25,98.34,99.19,9426148.0,98.859,43535
2023-01-27 14:30:00+00:00,99.58,101.3,99.53,100.59,12627543.0,100.485,44708
2023-01-27 15:00:00+00:00,100.62,102.68,100.42,101.81,16553886.0,101.719,61569
2023-01-27 16:00:00+00:00,101.82,102.35,101.24,102.04,7710765.0,101.861,29781
2023-01-27 17:00:00+00:00,102.05,102.42,101.91,102.07,6528286.0,102.167,25051
2023-01-27 18:00:00+00:00,102.07,102.45,101.46,102.39,4936299.0,101.923,20141
2023-01-27 19:00:00+00:00,102.4,102.74,102.21,102.56,5658204.0,102.507,23055
2023-01-27 20:00:00+00:00,102.56,103.49,102.0,102.25,14724471.0,102.723,66432
2023-01-30 14:30:00+00:00,101.09,101.4,100.23,101.33,8347225.0,100.876,34669
2023-01-30 15:00:00+00:00,101.32,101.74,99.01,99.6,12778227.0,100.027,52834
2023-01-30 16:00:00+00:00,99.61,100.82,99.48,100.76,8035968.0,100.265,32116
2023-01-30 17:00:00+00:00,100.77,101.07,100.6,100.81,5117678.0,100.833,21866
2023-01-30 18:00:00+00:00,100.81,101.4,100.67,101.2,5666915.0,101.023,23261
2023-01-30 19:00:00+00:00,101.21,101.37,100.58,100.76,5220628.0,100.915,21880
2023-01-30 20:00:00+00:00,100.77,101.18,100.34,100.54,8988824.0,100.691,45813
2023-01-31 14:30:00+00:00,101.16,103.07,101.14,102.43,10080994.0,102.224,34730
2023-01-31 15:00:00+00:00,102.45,103.35,101.79,102.98,9781112.0,102.701,37817
2023-01-31 16:00:00+00:00,102.98,103.21,102.49,102.52,5732408.0,102.895,21906
2023-01-31 17:00:00+00:00,102.52,102.7,101.96,102.49,5528620.0,102.368,22782
2023-01-31 18:00:00+00:00,102.48,102.55,101.86,102.31,4866528.0,102.201,18220
2023-01-31 19:00:00+00:00,102.31,103.02,102.27,102.98,4101226.0,102.637,16999
2023-01-31 20:00:00+00:00,102.98,103.17,102.29,103.17,9120425.0,102.772,42561
2023-02-01 14:30:00+00:00,102.6,102.75,101.57,101.95,7360170.0,102.153,29825
2023-02-01 15:00:00+00:00,101.97,102.36,101.37,101.45,7827081.0,101.914,35140
2023-02-01 16:00:00+00:00,101.45,102.28,101.24,102.16,4977047.0,101.876,21492
2023-02-01 17:00:00+00:00,102.17,102.45,101.82,102.32,3738295.0,102.174,14911
2023-02-01 18:00:00+00:00,102.32,102.86,102.2,102.48,4095370.0,102.508,16496
2023-02-01 19:00:00+00:00,102.48,105.22,101.67,104.46,14692531.0,103.549,63089
2023-02-01 20:00:00+00:00,104.47,106.24,104.45,105.17,16021003.0,105.365,76474
2023-02-02 14:30:00+00:00,110.23,112.19,109.57,109.78,18891048.0,110.649,69114
2023-02-02 15:00:00+00:00,109.8,111.85,108.88,111.8,17992824.0,110.557,70001
2023-02-02 16:00:00+00:00,111.8,112.35,111.03,111.36,11878823.0,111.561,45072
2023-02-02 17:00:00+00:00,111.36,112.56,111.34,112.37,11225461.0,112.001,40877
2023-02-02 18:00:00+00:00,112.38,113.75,112.19,113.74,11401430.0,112.981,44621
2023-02-02 19:00:00+00:00,113.74,114.0,110.61,110.62,14091054.0,112.229,56635
2023-02-02 20:00:00+00:00,110.62,112.92,110.16,112.91,21581114.0,111.954,91568
2023-02-03 14:30:00+00:00,105.23,108.78,104.75,107.25,20038659.0,107.128,73055
2023-02-03 15:00:00+00:00,107.25,108.58,105.77,108.42,23265206.0,107.227,89568
2023-02-03 16:00:00+00:00,108.43,108.63,107.03,107.22,11917938.0,107.954,47817
2023-02-03 17:00:00+00:00,107.22,108.12,106.22,106.32,7214084.0,107.536,30627
2023-02-03 18:00:00+00:00,106.31,106.5,103.56,104.53,14937090.0,105.153,57034
2023-02-03 19:00:00+00:00,104.52,104.7,103.51,103.51,11339988.0,104.094,42812
2023-02-03 20:00:00+00:00,103.51,103.85,102.52,103.37,20787109.0,103.237,86662
2023-02-06 14:30:00+00:00,102.94,103.95,102.12,102.54,11371091.0,102.917,43695
2023-02-06 15:00:00+00:00,102.55,103.2,100.65,101.94,16056417.0,101.802,62444
2023-02-06 16:00:00+00:00,101.95,102.51,101.23,102.36,9604155.0,101.935,35380
2023-02-06 17:00:00+00:00,102.36,102.94,101.75,102.75,6512348.0,102.352,24291
2023-02-06 18:00:00+00:00,102.74,102.79,101.99,102.6,5555632.0,102.312,20665
2023-02-06 19:00:00+00:00,102.6,103.12,102.25,102.44,6157189.0,102.657,23183
2023-02-06 20:00:00+00:00,102.44,102.5,101.75,102.19,8732171.0,102.132,37723
2023-02-07 14:30:00+00:00,101.25,101.58,99.2,99.23,12392541.0,100.29,50626
2023-02-07 15:00:00+00:00,99.24,99.88,98.26,99.62,18979089.0,99.059,73925
2023-02-07 16:00:00+00:00,99.61,100.07,99.27,99.7,9326157.0,99.709,34203
2023-02-07 17:00:00+00:00,99.7,101.45,99.06,101.03,11965116.0,100.223,43821
2023-02-07 18:00:00+00:00,101.04,101.27,98.08,98.79,15360037.0,99.283,59195
2023-02-07 19:00:00+00:00,98.78,100.69,98.76,100.52,10608674.0,99.961,33905
2023-02-07 20:00:00+00:00,100.53,102.41,100.32,102.11,15831379.0,101.659,62197
2023-02-08 14:30:00+00:00,102.02,102.67,100.08,100.8,8015732.0,101.161,30738
2023-02-08 15:00:00+00:00,100.77,101.27,99.75,99.79,8828166.0,100.521,39589
2023-02-08 16:00:00+00:00,99.78,99.96,98.77,99.56,9160336.0,99.252,41402
2023-02-08 17:00:00+00:00,99.56,100.46,99.28,100.41,6525769.0,99.899,23327
2023-02-08 18:00:00+00:00,100.43,100.69,99.41,99.81,6067553.0,100.064,24884
2023-02-08 19:00:00+00:00,99.82,100.42,99.62,100.36,5039879.0,100.075,21250
2023-02-08 20:00:00+00:00,100.35,100.61,99.99,100.04,9360743.0,100.209,43200
2023-02-09 14:30:00+00:00,101.32,101.78,100.39,101.09,7749784.0,101.148,26086
2023-02-09 15:00:00+00:00,101.09,101.3,100.06,100.32,7620747.0,100.643,32066
2023-02-09 16:00:00+00:00,100.34,100.34,99.13,99.29,6817380.0,99.536,28076
2023-02-09 17:00:00+00:00,99.28,99.8,98.57,99.11,5785974.0,99.187,23376
2023-02-09 18:00:00+00:00,99.11,99.3,98.5,98.63,5087310.0,98.869,21452
2023-02-09 19:00:00+00:00,98.63,98.95,98.22,98.45,5413980.0,98.573,23445
2023-02-09 20:00:00+00:00,98.46,98.62,97.57,98.27,10481683.0,98.191,49293
2023-02-10 14:30:00+00:00,97.54,98.48,97.11,97.56,6897726.0,97.749,26957
2023-02-10 15:00:00+00:00,97.58,98.82,97.09,97.81,7887003.0,98.058,34047
2023-02-10 16:00:00+00:00,97.8,98.06,96.8,96.93,4897625.0,97.493,23076
2023-02-10 17:00:00+00:00,96.92,97.01,96.23,96.98,5666076.0,96.552,25625
2023-02-10 18:00:00+00:00,96.99,97.7,96.9,97.06,4314837.0,97.303,18286
2023-02-10 19:00:00+00:00,97.06,97.53,96.79,97.43,4225556.0,97.16,17711
2023-02-10 20:00:00+00:00,97.44,97.87,97.11,97.59,6413361.0,97.497,31359
2023-02-13 14:30:00+00:00,97.7,98.29,96.91,98.29,6109827.0,97.563,22220
2023-02-13 15:00:00+00:00,98.29,98.83,97.53,98.62,7068631.0,98.079,27406
2023-02-13 16:00:00+00:00,98.63,99.53,98.62,99.39,6806099.0,99.093,28832
2023-02-13 17:00:00+00:00,99.38,99.44,99.01,99.08,3167173.0,99.244,14935
2023-02-13 18:00:00+00:00,99.08,99.52,98.77,99.44,3208072.0,99.183,15697
2023-02-13 19:00:00+00:00,99.45,99.68,98.61,98.81,4039224.0,99.076,20444
2023-02-13 20:00:00+00:00,98.82,99.56,98.56,99.54,7771465.0,99.129,38693
2023-02-14 14:30:00+00:00,98.4,100.29,97.59,100.07,6429152.0,98.87,25725
2023-02-14 15:00:00+00:00,100.09,100.93,97.96,98.47,9767204.0,99.515,39577
2023-02-14 16:00:00+00:00,98.48,98.86,97.52,97.96,6669645.0,98.18,30325
2023-02-14 17:00:00+00:00,97.95,98.64,97.85,98.47,3672826.0,98.289,16783
2023-02-14 18:00:00+00:00,98.47,99.45,98.43,98.76,4762675.0,98.984,20294
2023-02-14 19:00:00+00:00,98.76,99.23,98.25,99.02,4226445.0,98.868,19093
2023-02-14 20:00:00+00:00,99.03,99.97,98.82,99.65,6911668.0,99.494,33708
2023-02-15 14:30:00+00:00,99.09,99.83,98.63,99.01,5501617.0,99.133,22666
2023-02-15 15:00:00+00:00,98.99,99.47,98.45,98.89,5970294.0,99.004,26973
2023-02-15 16:00:00+00:00,98.89,100.22,98.84,99.9,5380539.0,99.576,23092
2023-02-15 17:00:00+00:00,99.9,99.98,99.43,99.65,3116089.0,99.664,15276
2023-02-15 18:00:00+00:00,99.66,100.42,99.58,100.35,3251495.0,100.074,14786
2023-02-15 19:00:00+00:00,100.35,101.07,100.32,100.6,4502771.0,100.774,20028
2023-02-15 20:00:00+00:00,100.6,101.17,100.36,101.17,6711091.0,100.819,31458
2023-02-16 14:30:00+00:00,99.28,99.5,98.32,99.14,7188789.0,98.998,30680
2023-02-16 15:00:00+00:00,99.15,100.16,98.75,100.15,7359507.0,99.598,31521
2023-02-16 16:00:00+00:00,100.15,100.63,99.83,99.98,4656499.0,100.232,20500
2023-02-16 17:00:00+00:00,99.97,100.27,99.44,99.83,4309223.0,99.916,18591
2023-02-16 18:00:00+00:00,99.83,100.06,99.41,99.89,3289030.0,99.725,15187
2023-02-16 19:00:00+00:00,99.9,100.17,99.59,99.89,3303200.0,99.897,16448
2023-02-16 20:00:00+00:00,99.88,99.95,98.1,98.17,9176636.0,98.776,48342
2023-02-17 14:30:00+00:00,97.79,97.94,95.65,96.26,9389588.0,96.743,35521
2023-02-17 15:00:00+00:00,96.24,97.03,95.92,96.09,7390349.0,96.42,31616
2023-02-17 16:00:00+00:00,96.07,96.33,95.7,95.96,4467340.0,95.966,21061
2023-02-17 17:00:00+00:00,95.95,96.34,95.66,95.84,3901807.0,95.956,17753
2023-02-17 18:00:00+00:00,95.84,96.25,95.76,95.93,2982555.0,96.044,13926
2023-02-17 19:00:00+00:00,95.93,97.19,95.78,97.01,5568171.0,96.435,25619
2023-02-17 20:00:00+00:00,97.01,97.38,96.75,97.2,7679404.0,97.053,40221
2023-02-21 14:30:00+00:00,95.34,95.61,94.86,95.09,7338274.0,95.222,28218
2023-02-21 15:00:00+00:00,95.08,95.23,94.35,94.52,7004133.0,94.829,30291
2023-02-21 16:00:00+00:00,94.51,94.75,94.36,94.42,4198189.0,94.576,19494
2023-02-21 17:00:00+00:00,94.42,94.75,94.27,94.6,3816326.0,94.502,17621
2023-02-21 18:00:00+00:00,94.59,94.63,94.37,94.52,2780028.0,94.501,14942
2023-02-21 19:00:00+00:00,94.53,94.94,94.29,94.87,3758354.0,94.611,18613
2023-02-21 20:00:00+00:00,94.87,95.13,94.55,94.6,7468687.0,94.802,38394
2023-02-22 14:30:00+00:00,95.1,97.01,94.8,96.52,7841247.0,96.189,33023
2023-02-22 15:00:00+00:00,96.53,96.75,95.3,96.54,9759120.0,96.009,42787
2023-02-22 16:00:00+00:00,96.55,96.98,95.95,96.21,5038643.0,96.479,22216
2023-02-22 17:00:00+00:00,96.22,96.3,95.71,95.99,3681154.0,95.992,17686
2023-02-22 18:00:00+00:00,95.98,96.22,95.76,95.86,2546051.0,96.001,11782
2023-02-22 19:00:00+00:00,95.87,96.31,95.12,95.16,6360133.0,95.638,31807
2023-02-22 20:00:00+00:00,95.16,95.9,95.13,95.82,7194039.0,95.543,38433
2023-02-23 14:30:00+00:00,96.14,96.43,95.71,95.91,6544645.0,96.051,23321
2023-02-23 15:00:00+00:00,95.92,96.07,94.24,94.59,6772531.0,95.08,31541
2023-02-23 16:00:00+00:00,94.58,94.84,93.83,93.86,5505570.0,94.398,26605
2023-02-23 17:00:00+00:00,93.86,94.72,93.67,94.66,4207300.0,94.173,19232
2023-02-23 18:00:00+00:00,94.66,95.06,94.4,94.85,3890660.0,94.712,18883
2023-02-23 19:00:00+00:00,94.85,95.91,94.73,95.62,4561548.0,95.499,19876
2023-02-23 20:00:00+00:00,95.62,96.24,95.62,95.8,5593515.0,95.941,27324
2023-02-24 14:30:00+00:00,93.53,94.14,93.2,93.66,5990404.0,93.736,24244
2023-02-24 15:00:00+00:00,93.65,93.87,92.31,92.79,9545331.0,92.854,43166
2023-02-24 16:00:00+00:00,92.79,93.37,92.64,93.1,5067488.0,92.975,22676
2023-02-24 17:00:00+00:00,93.11,93.23,92.7,92.73,3358332.0,92.927,15870
2023-02-24 18:00:00+00:00,92.73,93.06,92.61,92.85,3311809.0,92.795,15939
2023-02-24 19:00:00+00:00,92.85,93.19,92.66,93.09,3752306.0,92.979,19510
2023-02-24 20:00:00+00:00,93.09,93.65,92.53,93.49,9886412.0,93.092,47336
2023-02-27 14:30:00+00:00,94.28,94.73,93.62,94.3,5453623.0,94.188,20286
2023-02-27 15:00:00+00:00,94.3,94.78,93.23,93.69,7115162.0,94.082,31227
2023-02-27 16:00:00+00:00,93.7,93.87,93.43,93.7,4312564.0,93.654,19425
2023-02-27 17:00:00+00:00,93.7,94.19,93.38,94.09,3398014.0,93.788,14550
2023-02-27 18:00:00+00:00,94.09,94.11,93.45,93.75,3088513.0,93.764,13349
2023-02-27 19:00:00+00:00,93.75,93.98,93.34,93.4,3293616.0,93.643,15339
2023-02-27 20:00:00+00:00,93.4,93.83,93.14,93.78,7107662.0,93.48,35919
2023-02-28 14:30:00+00:00,93.15,93.67,93.06,93.39,3936260.0,93.363,13882
2023-02-28 15:00:00+00:00,93.4,93.68,92.92,93.24,5194687.0,93.275,21823
2023-02-28 16:00:00+00:00,93.25,93.61,93.17,93.34,2865413.0,93.399,13489
2023-02-28 17:00:00+00:00,93.35,94.02,93.35,93.93,2809871.0,93.667,11923
2023-02-28 18:00:00+00:00,93.94,94.61,93.92,94.44,4130943.0,94.329,17703
2023-02-28 19:00:00+00:00,94.45,94.69,94.27,94.4,3298945.0,94.496,16874
2023-02-28 20:00:00+00:00,94.4,94.55,93.86,94.22,7247391.0,94.238,38908
2023-03-01 14:30:00+00:00,93.87,94.68,93.52,93.83,4502477.0,94.014,18274
2023-03-01 15:00:00+00:00,93.84,93.99,92.71,92.87,6951422.0,93.087,32034
2023-03-01 16:00:00+00:00,92.86,93.07,91.93,92.91,6560526.0,92.463,29235
2023-03-01 17:00:00+00:00,92.91,93.2,92.59,92.67,3463612.0,92.906,15923
2023-03-01 18:00:00+00:00,92.67,92.68,92.05,92.22,4360046.0,92.313,18852
2023-03-01 19:00:00+00:00,92.21,92.22,91.59,91.97,5738699.0,91.869,23078
2023-03-01 20:00:00+00:00,91.98,92.32,91.8,92.2,8000707.0,92.069,38690
2023-03-02 14:30:00+00:00,91.41,91.84,91.01,91.55,5020684.0,91.441,20117
2023-03-02 15:00:00+00:00,91.55,91.81,91.04,91.22,5992238.0,91.346,27365
2023-03-02 16:00:00+00:00,91.22,91.36,90.39,90.67,7407893.0,90.792,30852
2023-03-02 17:00:00+00:00,90.67,90.82,90.47,90.72,3629004.0,90.618,16556
2023-03-02 18:00:00+00:00,90.73,91.38,90.68,91.27,4969327.0,90.995,21730
2023-03-02 19:00:00+00:00,91.27,91.68,90.72,91.26,7511077.0,91.189,31700
2023-03-02 20:00:00+00:00,91.27,92.23,91.09,92.15,8084513.0,91.764,36399
2023-03-03 14:30:00+00:00,92.74,94.12,92.66,93.8,7926693.0,93.431,30444
2023-03-03 15:00:00+00:00,93.78,94.75,93.25,94.05,8734608.0,94.216,37140
2023-03-03 16:00:00+00:00,94.06,94.28,93.76,94.18,5549815.0,94.039,24776
2023-03-03 17:00:00+00:00,94.19,94.4,93.97,94.37,3373149.0,94.169,15574
2023-03-03 18:00:00+00:00,94.37,94.4,94.04,94.25,3265328.0,94.237,14081
2023-03-03 19:00:00+00:00,94.26,94.78,94.16,94.73,3509590.0,94.595,15811
2023-03-03 20:00:00+00:00,94.74,94.94,94.44,94.89,7370055.0,94.756,37665
2023-03-06 14:30:00+00:00,95.24,95.73,94.68,95.0,5321493.0,95.136,20562
2023-03-06 15:00:00+00:00,95.0,96.28,94.68,96.11,6773778.0,95.71,29477
2023-03-06 16:00:00+00:00,96.12,96.55,95.97,96.43,4670165.0,96.242,20869
2023-03-06 17:00:00+00:00,96.44,96.53,95.3,95.45,3593270.0,96.006,16215
2023-03-06 18:00:00+00:00,95.44,95.48,94.54,94.54,4320453.0,95.061,19109
2023-03-06 19:00:00+00:00,94.54,94.92,94.11,94.25,4957338.0,94.476,21533
2023-03-06 20:00:00+00:00,94.25,94.41,93.74,93.74,7965776.0,94.049,38142
2023-03-07 14:30:00+00:00,94.06,95.0,93.86,94.33,5334003.0,94.521,19521
2023-03-07 15:00:00+00:00,94.32,94.43,92.78,93.31,9302222.0,93.553,40632
2023-03-07 16:00:00+00:00,93.31,94.1,93.22,93.91,5036476.0,93.815,24127
2023-03-07 17:00:00+00:00,93.92,95.09,93.82,94.61,5051125.0,94.632,23391
2023-03-07 18:00:00+00:00,94.61,94.68,93.43,93.69,4021288.0,94.05,17965
2023-03-07 19:00:00+00:00,93.69,94.04,93.39,93.42,3071957.0,93.742,15607
2023-03-07 20:00:00+00:00,93.42,93.72,93.32,93.53,5463093.0,93.518,29062
2023-03-08 14:30:00+00:00,93.61,93.74,92.62,92.83,5271578.0,93.042,21270
2023-03-08 15:00:00+00:00,92.85,93.35,92.18,93.17,7519636.0,92.866,33420
2023-03-08 16:00:00+00:00,93.17,94.17,92.84,93.95,6095331.0,93.574,25089
2023-03-08 17:00:00+00:00,93.97,94.09,93.04,93.23,3802436.0,93.425,15622
2023-03-08 18:00:00+00:00,93.24,93.29,92.76,92.99,3378014.0,92.974,15579
2023-03-08 19:00:00+00:00,93.0,93.65,92.91,93.47,3823270.0,93.351,15062
2023-03-08 20:00:00+00:00,93.46,94.03,93.22,93.92,5988132.0,93.674,28612
2023-03-09 14:30:00+00:00,93.68,95.64,93.56,95.43,6809315.0,94.817,26850
2023-03-09 15:00:00+00:00,95.43,96.21,95.07,95.55,7327057.0,95.699,32754
2023-03-09 16:00:00+00:00,95.55,95.83,95.14,95.46,5376223.0,95.534,24829
2023-03-09 17:00:00+00:00,95.47,95.53,94.66,94.85,4539663.0,95.126,20250
2023-03-09 18:00:00+00:00,94.84,94.99,93.18,93.41,4665495.0,93.966,22829
2023-03-09 19:00:00+00:00,93.42,93.54,92.95,93.2,5219683.0,93.218,22540
2023-03-09 20:00:00+00:00,93.2,93.27,92.18,92.25,8941262.0,92.534,43858
2023-03-10 14:30:00+00:00,92.71,92.8,90.8,91.43,7559127.0,91.6,33568
2023-03-10 15:00:00+00:00,91.42,93.1,91.4,93.04,10016796.0,92.248,49081
2023-03-10 16:00:00+00:00,93.03,93.57,92.37,92.39,7792115.0,92.934,40132
2023-03-10 17:00:00+00:00,92.4,92.54,91.14,91.21,5997036.0,91.941,29424
2023-03-10 18:00:00+00:00,91.22,91.37,90.74,90.92,5617581.0,91.032,29731
2023-03-10 19:00:00+00:00,90.92,91.69,90.81,91.32,6636862.0,91.154,32922
2023-03-10 20:00:00+00:00,91.33,91.49,90.24,90.73,9965485.0,90.778,52780
2023-03-13 13:30:00+00:00,89.97,90.66,88.12,90.17,8106538.0,89.371,37344
2023-03-13 14:00:00+00:00,90.16,91.75,89.91,91.58,9714822.0,90.685,46695
2023-03-13 15:00:00+00:00,91.62,93.28,91.45,93.02,9085025.0,92.511,47761
2023-03-13 16:00:00+00:00,93.02,93.67,92.71,92.81,6488124.0,93.137,32329
2023-03-13 17:00:00+00:00,92.83,93.1,92.29,92.98,4908814.0,92.734,24862
2023-03-13 18:00:00+00:00,92.98,94.02,92.96,93.78,6354432.0,93.627,33392
2023-03-13 19:00:00+00:00,93.77,93.87,92.29,92.44,9096702.0,92.936,47333
2023-03-14 13:30:00+00:00,93.83,93.93,92.71,93.26,7055705.0,93.407,31153
2023-03-14 14:00:00+00:00,93.26,94.62,93.03,94.07,8418546.0,93.948,37695
2023-03-14 15:00:00+00:00,94.06,95.06,94.04,94.57,6303510.0,94.658,30698
2023-03-14 16:00:00+00:00,94.56,94.65,93.81,94.04,4435371.0,94.199,22135
2023-03-14 17:00:00+00:00,94.05,94.16,93.37,93.73,4858520.0,93.851,25901
2023-03-14 18:00:00+00:00,93.73,94.26,93.31,94.01,3926320.0,93.892,22029
2023-03-14 19:00:00+00:00,94.02,95.05,93.38,94.88,8990324.0,94.215,48860
2023-03-15 13:30:00+00:00,93.24,94.74,93.07,93.95,5750226.0,94.005,25118
2023-03-15 14:00:00+00:00,93.93,94.54,93.07,94.01,7119141.0,93.743,35795
2023-03-15 15:00:00+00:00,94.02,95.25,93.82,94.72,7139499.0,94.508,36667
2023-03-15 16:00:00+00:00,94.71,95.18,94.26,94.48,5590455.0,94.744,27890
2023-03-15 17:00:00+00:00,94.47,95.75,94.31,95.56,5771374.0,95.126,28424
2023-03-15 18:00:00+00:00,95.57,96.67,95.34,96.0,8626227.0,95.958,45295
2023-03-15 19:00:00+00:00,96.0,96.35,95.34,96.26,9243888.0,95.831,49333
2023-03-16 13:30:00+00:00,95.73,97.57,95.61,97.53,7128321.0,96.534,29568
2023-03-16 14:00:00+00:00,97.53,99.7,96.96,99.45,13605776.0,98.174,62389
2023-03-16 15:00:00+00:00,99.45,100.47,99.03,100.22,11327844.0,99.848,52148
2023-03-16 16:00:00+00:00,100.2,100.94,99.67,100.9,8332661.0,100.187,44456
2023-03-16 17:00:00+00:00,100.91,100.99,99.76,100.14,6099008.0,100.452,30764
2023-03-16 18:00:00+00:00,100.14,100.38,99.87,100.26,4552285.0,100.133,24260
2023-03-16 19:00:00+00:00,100.26,100.34,99.7,100.07,10886644.0,99.987,58176
2023-03-17 13:30:00+00:00,99.79,100.66,99.17,100.21,13430743.0,99.935,25675
2023-03-17 14:00:00+00:00,100.21,100.56,97.84,98.12,10178451.0,98.865,48847
2023-03-17 15:00:00+00:00,98.12,98.54,97.45,97.9,6346120.0,97.999,31267
2023-03-17 16:00:00+00:00,97.9,98.74,97.84,98.57,5066579.0,98.349,25133
2023-03-17 17:00:00+00:00,98.57,99.07,98.31,99.06,4228185.0,98.696,21010
2023-03-17 18:00:00+00:00,99.06,99.28,98.27,98.54,4460026.0,98.727,22870
2023-03-17 19:00:00+00:00,98.55,99.27,98.3,98.95,7378149.0,98.82,39415
2023-03-20 13:30:00+00:00,98.4,98.48,95.81,96.05,8671627.0,96.852,36951
2023-03-20 14:00:00+00:00,96.04,97.57,95.7,97.53,13383634.0,96.634,58427
2023-03-20 15:00:00+00:00,97.52,97.87,96.73,96.78,6379970.0,97.417,28451
2023-03-20 16:00:00+00:00,96.78,97.09,96.21,96.65,4431363.0,96.571,20163
2023-03-20 17:00:00+00:00,96.65,97.04,96.44,96.72,3171776.0,96.758,13445
2023-03-20 18:00:00+00:00,96.73,97.39,96.54,97.08,3837742.0,96.992,17067
2023-03-20 19:00:00+00:00,97.08,97.75,96.93,97.71,6133719.0,97.413,30583
2023-03-21 13:30:00+00:00,98.14,99.19,98.0,99.0,7026289.0,98.566,27637
2023-03-21 14:00:00+00:00,98.99,99.27,98.27,98.57,7070405.0,98.727,30388
2023-03-21 15:00:00+00:00,98.58,99.46,98.5,99.27,5835641.0,99.002,24540
2023-03-21 16:00:00+00:00,99.26,99.8,99.13,99.48,5048254.0,99.494,22597
2023-03-21 17:00:00+00:00,99.49,100.06,99.26,99.8,4984471.0,99.74,22672
2023-03-21 18:00:00+00:00,99.8,100.42,99.78,100.26,4721889.0,100.173,22566
2023-03-21 19:00:00+00:00,100.27,100.85,100.22,100.61,8623345.0,100.543,47123
2023-03-22 13:30:00+00:00,100.45,100.56,99.34,99.69,4573881.0,99.893,18805
2023-03-22 14:00:00+00:00,99.69,100.43,99.42,100.07,4894027.0,99.987,22303
2023-03-22 15:00:00+00:00,100.06,100.74,99.87,100.28,4165663.0,100.349,18224
2023-03-22 16:00:00+00:00,100.29,100.38,99.78,100.03,2773507.0,99.984,13053
2023-03-22 17:00:00+00:00,100.04,100.87,99.89,100.67,3892345.0,100.345,16663
2023-03-22 18:00:00+00:00,100.69,102.1,100.08,100.34,12187054.0,101.175,51329
2023-03-22 19:00:00+00:00,100.34,101.43,98.61,98.7,12359358.0,100.031,64497
2023-03-23 13:30:00+00:00,100.41,100.74,99.29,99.93,5802348.0,99.933,22956
2023-03-23 14:00:00+00:00,99.92,101.02,99.7,100.83,7682912.0,100.427,32645
2023-03-23 15:00:00+00:00,100.83,101.06,100.23,100.45,5127790.0,100.641,21236
2023-03-23 16:00:00+00:00,100.44,100.69,99.92,100.19,3887894.0,100.272,16483
2023-03-23 17:00:00+00:00,100.19,100.41,99.31,99.36,4203800.0,99.833,19262
2023-03-23 18:00:00+00:00,99.37,99.54,97.66,98.34,6270528.0,98.487,30183
2023-03-23 19:00:00+00:00,98.35,99.36,97.62,98.64,9921059.0,98.571,52254
2023-03-24 13:30:00+00:00,98.07,98.17,96.4,97.11,7296896.0,97.136,32323
2023-03-24 14:00:00+00:00,97.12,97.7,96.89,97.37,6755286.0,97.251,31597
2023-03-24 15:00:00+00:00,97.37,97.85,96.65,97.71,5661540.0,97.223,24314
2023-03-24 16:00:00+00:00,97.72,97.9,96.97,97.22,5450956.0,97.228,16206
2023-03-24 17:00:00+00:00,97.23,97.87,97.1,97.54,3966681.0,97.49,17278
2023-03-24 18:00:00+00:00,97.54,98.16,97.5,97.9,3970991.0,97.862,16606
2023-03-24 19:00:00+00:00,97.91,98.3,97.68,98.15,6308023.0,98.013,31254
2023-03-27 13:30:00+00:00,98.92,99.27,98.33,98.85,5957535.0,98.85,21588
2023-03-27 14:00:00+00:00,98.86,99.34,98.37,98.4,5920098.0,98.856,25003
2023-03-27 15:00:00+00:00,98.4,98.45,97.1,97.12,5358158.0,97.798,22466
2023-03-27 16:00:00+00:00,97.13,97.7,97.08,97.33,3599293.0,97.369,15569
2023-03-27 17:00:00+00:00,97.33,98.08,97.09,97.87,3658717.0,97.599,16498
2023-03-27 18:00:00+00:00,97.87,98.7,97.63,98.58,5024255.0,98.27,19710
2023-03-27 19:00:00+00:00,98.58,98.78,97.88,98.07,5795832.0,98.293,27588
2023-03-28 13:30:00+00:00,98.11,98.44,97.47,97.88,4711487.0,97.9,17660
2023-03-28 14:00:00+00:00,97.88,98.03,97.16,97.23,5268026.0,97.574,21524
2023-03-28 15:00:00+00:00,97.23,97.8,97.17,97.6,3033958.0,97.532,14257
2023-03-28 16:00:00+00:00,97.61,97.7,97.11,97.22,2450866.0,97.289,11130
2023-03-28 17:00:00+00:00,97.22,97.49,96.29,96.35,3782460.0,96.956,16625
2023-03-28 18:00:00+00:00,96.35,96.93,96.32,96.85,3537916.0,96.675,15637
2023-03-28 19:00:00+00:00,96.86,97.43,96.73,97.25,5695040.0,97.045,29215
2023-03-29 13:30:00+00:00,98.68,100.29,98.56,99.56,8063152.0,99.66,30523
2023-03-29 14:00:00+00:00,99.57,100.09,98.96,99.12,5882528.0,99.513,25557
2023-03-29 15:00:00+00:00,99.11,100.0,99.1,99.78,4348869.0,99.603,18258
2023-03-29 16:00:00+00:00,99.78,99.9,99.22,99.27,3808430.0,99.651,15577
2023-03-29 17:00:00+00:00,99.26,99.83,99.15,99.54,3382167.0,99.592,14385
2023-03-29 18:00:00+00:00,99.55,100.25,99.49,100.19,3871040.0,99.951,17011
2023-03-29 19:00:00+00:00,100.19,100.43,99.98,100.24,7160779.0,100.212,32434
2023-03-30 13:30:00+00:00,101.54,102.07,101.01,102.07,7817985.0,101.57,26205
2023-03-30 14:00:00+00:00,102.07,103.04,101.4,102.27,10298892.0,102.234,40589
2023-03-30 15:00:00+00:00,102.28,102.57,102.01,102.44,4106252.0,102.287,16873
2023-03-30 16:00:00+00:00,102.43,102.69,101.64,101.91,4388404.0,102.084,18465
2023-03-30 17:00:00+00:00,101.91,102.1,101.01,101.29,4917935.0,101.522,18580
2023-03-30 18:00:00+00:00,101.3,101.88,101.23,101.8,3354165.0,101.63,13835
2023-03-30 19:00:00+00:00,101.8,102.08,101.69,102.0,5529023.0,101.944,26108
2023-03-31 13:30:00+00:00,102.16,102.96,101.95,102.54,4823978.0,102.572,18017
2023-03-31 14:00:00+00:00,102.54,103.09,102.14,102.91,6306094.0,102.615,25309
2023-03-31 15:00:00+00:00,102.92,103.29,102.7,103.25,5246321.0,103.024,22176
2023-03-31 16:00:00+00:00,103.25,103.27,102.8,102.83,3911460.0,103.002,16811
2023-03-31 17:00:00+00:00,102.82,103.14,102.64,102.98,3609332.0,102.901,16074
2023-03-31 18:00:00+00:00,102.98,103.2,102.71,102.85,3480140.0,102.927,16297
2023-03-31 19:00:00+00:00,102.86,103.42,102.72,103.29,9990336.0,103.114,50296
2023-04-03 13:30:00+00:00,102.29,103.0,101.7,102.56,5993885.0,102.336,21805
2023-04-03 14:00:00+00:00,102.56,103.29,101.87,101.93,6237637.0,102.613,28234
2023-04-03 15:00:00+00:00,101.94,102.33,101.83,102.21,3584005.0,102.068,18087
2023-04-03 16:00:00+00:00,102.22,102.35,101.88,101.9,2603136.0,102.121,12197
2023-04-03 17:00:00+00:00,101.9,101.97,101.58,101.73,3232897.0,101.8,14356
2023-04-03 18:00:00+00:00,101.74,102.01,101.43,101.95,2759111.0,101.727,12562
2023-04-03 19:00:00+00:00,101.95,102.59,101.9,102.39,5176565.0,102.301,25628
2023-04-04 13:30:00+00:00,102.75,103.11,102.4,102.67,4750667.0,102.783,16819
2023-04-04 14:00:00+00:00,102.67,103.77,102.66,102.98,7352814.0,103.253,30635
2023-04-04 15:00:00+00:00,102.99,103.01,102.17,102.75,4359066.0,102.589,19650
2023-04-04 16:00:00+00:00,102.76,102.88,102.11,102.81,3263642.0,102.562,13987
2023-04-04 17:00:00+00:00,102.81,103.42,102.7,103.26,3855535.0,103.133,14979
2023-04-04 18:00:00+00:00,103.23,103.89,103.0,103.67,4752188.0,103.508,18384
2023-04-04 19:00:00+00:00,103.67,104.2,103.51,104.0,7943587.0,103.905,37365
2023-04-05 13:30:00+00:00,103.91,103.91,102.43,102.72,5569900.0,102.973,21797
2023-04-05 14:00:00+00:00,102.75,102.92,100.94,100.97,7731297.0,101.767,34817
2023-04-05 15:00:00+00:00,100.97,101.62,100.75,101.27,4376869.0,101.29,18276
2023-04-05 16:00:00+00:00,101.27,101.3,100.94,101.19,3185923.0,101.136,14530
2023-04-05 17:00:00+00:00,101.2,101.6,101.07,101.54,2935206.0,101.337,12962
2023-04-05 18:00:00+00:00,101.54,101.75,101.37,101.43,2851927.0,101.548,13451
2023-04-05 19:00:00+00:00,101.43,101.51,101.01,101.11,6424245.0,101.251,31937
2023-04-06 13:30:00+00:00,100.7,101.0,99.8,100.27,5622907.0,100.366,20919
2023-04-06 14:00:00+00:00,100.29,101.19,100.26,100.6,5283701.0,100.733,23089
2023-04-06 15:00:00+00:00,100.61,101.63,100.52,101.4,4793537.0,101.094,21048
2023-04-06 16:00:00+00:00,101.4,101.77,101.15,101.31,4247913.0,101.489,18399
2023-04-06 17:00:00+00:00,101.31,101.74,101.17,101.71,3178896.0,101.55,13612
2023-04-06 18:00:00+00:00,101.72,102.19,101.61,101.96,4100721.0,101.902,15966
2023-04-06 19:00:00+00:00,101.96,102.39,101.72,102.06,6169321.0,102.065,27675
2023-04-10 13:30:00+00:00,100.93,101.04,99.57,100.34,6509044.0,100.161,25099
2023-04-10 14:00:00+00:00,100.33,101.0,99.95,100.81,5524564.0,100.403,22141
2023-04-10 15:00:00+00:00,100.82,101.4,100.78,100.8,3617835.0,101.129,14026
2023-04-10 16:00:00+00:00,100.81,101.6,100.45,101.43,3221652.0,101.062,13469
2023-04-10 17:00:00+00:00,101.44,101.86,101.41,101.57,2783557.0,101.661,12155
2023-04-10 18:00:00+00:00,101.59,102.02,101.53,101.92,2810193.0,101.79,12356
2023-04-10 19:00:00+00:00,101.93,102.2,101.63,102.18,4848584.0,101.911,24779
2023-04-11 13:30:00+00:00,100.83,101.0,99.7,99.73,8848186.0,100.325,35484
2023-04-11 14:00:00+00:00,99.74,99.91,99.32,99.38,10081697.0,99.627,44946
2023-04-11 15:00:00+00:00,99.39,99.62,99.01,99.16,6420952.0,99.308,27301
2023-04-11 16:00:00+00:00,99.17,99.71,99.15,99.63,4982267.0,99.352,21830
2023-04-11 17:00:00+00:00,99.64,100.16,99.55,100.13,4664275.0,99.889,18122
2023-04-11 18:00:00+00:00,100.13,100.5,99.95,100.39,4006749.0,100.222,16749
2023-04-11 19:00:00+00:00,100.39,100.61,99.84,99.93,8112618.0,100.179,37669
2023-04-12 13:30:00+00:00,100.4,100.51,99.2,99.45,8824437.0,99.857,32052
2023-04-12 14:00:00+00:00,99.45,100.09,98.73,98.77,8356934.0,99.582,30938
2023-04-12 15:00:00+00:00,98.77,99.14,98.41,99.13,4951156.0,98.724,22019
2023-04-12 16:00:00+00:00,99.14,99.31,98.86,99.13,3469975.0,99.11,14148
2023-04-12 17:00:00+00:00,99.13,99.41,98.94,99.02,3343789.0,99.195,13055
2023-04-12 18:00:00+00:00,99.02,99.2,98.27,98.48,5390911.0,98.673,23072
2023-04-12 19:00:00+00:00,98.48,98.65,97.7,97.85,9191383.0,98.045,43993
2023-04-13 13:30:00+00:00,98.91,100.04,98.71,99.87,8204767.0,99.482,30553
2023-04-13 14:00:00+00:00,99.87,100.9,99.67,100.59,10070623.0,100.459,41713
2023-04-13 15:00:00+00:00,100.6,101.01,100.51,100.78,5344081.0,100.82,23683
2023-04-13 16:00:00+00:00,100.78,101.31,100.66,101.16,5282503.0,101.041,19970
2023-04-13 17:00:00+00:00,101.16,101.97,100.95,101.89,6205084.0,101.498,24027
2023-04-13 18:00:00+00:00,101.89,102.57,101.88,102.0,7414914.0,102.232,30643
2023-04-13 19:00:00+00:00,102.0,102.48,101.9,102.4,9464657.0,102.281,45430
2023-04-14 13:30:00+00:00,102.07,102.99,101.83,102.82,7226911.0,102.522,27919
2023-04-14 14:00:00+00:00,102.82,103.21,101.18,101.59,8878442.0,101.992,36391
2023-04-14 15:00:00+00:00,101.59,102.06,101.28,101.66,4453695.0,101.661,19913
2023-04-14 16:00:00+00:00,101.66,101.75,101.11,101.27,3809759.0,101.474,17030
2023-04-14 17:00:00+00:00,101.26,101.93,101.21,101.84,3392407.0,101.641,14747
2023-04-14 18:00:00+00:00,101.84,102.75,101.69,102.69,4417612.0,102.388,17930
2023-04-14 19:00:00+00:00,102.69,102.75,102.13,102.54,7318564.0,102.43,37487
2023-04-17 13:30:00+00:00,103.18,103.73,102.8,103.3,5437763.0,103.265,21488
2023-04-17 14:00:00+00:00,103.3,103.57,102.17,102.57,6553753.0,102.858,26755
2023-04-17 15:00:00+00:00,102.58,102.68,101.98,102.01,3866736.0,102.281,17844
2023-04-17 16:00:00+00:00,102.0,102.1,101.59,101.93,3420228.0,101.888,14177
2023-04-17 17:00:00+00:00,101.93,102.47,101.9,101.94,3078785.0,102.139,12374
2023-04-17 18:00:00+00:00,101.95,102.38,101.88,102.35,2331200.0,102.144,10090
2023-04-17 19:00:00+00:00,102.36,102.78,102.27,102.75,4687394.0,102.538,23281
2023-04-18 13:30:00+00:00,103.97,104.2,103.15,103.32,5725887.0,103.6,21593
2023-04-18 14:00:00+00:00,103.32,103.4,101.75,101.82,5514770.0,102.354,24598
2023-04-18 15:00:00+00:00,101.83,102.34,101.78,102.03,3311981.0,102.056,14971
2023-04-18 16:00:00+00:00,102.03,102.51,101.96,102.14,2756695.0,102.202,12037
2023-04-18 17:00:00+00:00,102.15,102.43,101.94,102.01,2763142.0,102.15,13838
2023-04-18 18:00:00+00:00,102.01,102.17,101.52,101.71,3510429.0,101.903,16121
2023-04-18 19:00:00+00:00,101.72,102.49,101.7,102.33,6091067.0,102.172,28457
2023-04-19 13:30:00+00:00,101.51,103.5,101.39,102.88,6233833.0,102.779,24795
2023-04-19 14:00:00+00:00,102.88,103.26,102.16,102.84,6025912.0,102.686,26422
2023-04-19 15:00:00+00:00,102.84,104.2,102.83,104.07,7297999.0,103.567,26563
2023-04-19 16:00:00+00:00,104.08,104.87,103.84,104.35,7436016.0,104.48,28443
2023-04-19 17:00:00+00:00,104.35,105.09,104.25,104.97,5909556.0,104.753,22059
2023-04-19 18:00:00+00:00,104.97,105.12,104.57,104.85,4381977.0,104.827,18808
2023-04-19 19:00:00+00:00,104.85,105.06,104.21,104.33,7364933.0,104.582,34593
2023-04-20 13:30:00+00:00,103.53,105.2,103.36,105.11,7020832.0,104.322,26072
2023-04-20 14:00:00+00:00,105.1,105.25,104.0,104.06,7820313.0,104.622,32814
2023-04-20 15:00:00+00:00,104.06,104.36,103.65,104.19,5749372.0,103.972,22861
2023-04-20 16:00:00+00:00,104.19,104.41,103.88,104.21,3907486.0,104.152,15435
2023-04-20 17:00:00+00:00,104.22,104.7,104.17,104.34,4559065.0,104.475,17833
2023-04-20 18:00:00+00:00,104.33,104.4,103.45,103.74,5198176.0,103.823,22874
2023-04-20 19:00:00+00:00,103.74,104.01,103.21,103.79,7685228.0,103.572,36352
2023-04-21 13:30:00+00:00,106.1,106.73,105.29,105.33,11777778.0,105.971,44815
2023-04-21 14:00:00+00:00,105.33,106.32,105.08,106.3,11419213.0,105.852,49049
2023-04-21 15:00:00+00:00,106.3,107.46,106.25,107.21,11841039.0,106.891,49866
2023-04-21 16:00:00+00:00,107.21,107.52,106.84,107.31,7103971.0,107.195,32183
2023-04-21 17:00:00+00:00,107.31,107.99,107.22,107.74,7853631.0,107.648,33717
2023-04-21 18:00:00+00:00,107.75,108.15,107.52,107.56,7352960.0,107.848,31342
2023-04-21 19:00:00+00:00,107.56,107.67,106.75,106.97,11615775.0,107.034,53821
2023-04-24 13:30:00+00:00,107.55,109.23,107.52,108.23,11797491.0,108.602,46016
2023-04-24 14:00:00+00:00,108.23,108.29,105.94,106.15,14173606.0,106.885,56014
2023-04-24 15:00:00+00:00,106.15,106.26,105.07,105.48,8542905.0,105.48,32911
2023-04-24 16:00:00+00:00,105.48,106.2,105.44,106.0,6251135.0,105.861,23653
2023-04-24 17:00:00+00:00,106.01,106.4,105.8,106.27,4490854.0,106.105,17807
2023-04-24 18:00:00+00:00,106.27,106.53,105.67,106.08,5193036.0,106.118,19401
2023-04-24 19:00:00+00:00,106.08,106.32,106.02,106.22,6770628.0,106.155,32100
2023-04-25 13:30:00+00:00,105.04,105.45,104.44,104.58,6938641.0,104.89,26114
2023-04-25 14:00:00+00:00,104.57,104.97,103.84,103.95,7858866.0,104.248,30569
2023-04-25 15:00:00+00:00,103.97,104.42,103.7,103.79,5200891.0,104.058,21947
2023-04-25 16:00:00+00:00,103.79,104.28,103.78,104.2,3932719.0,104.017,17215
2023-04-25 17:00:00+00:00,104.2,104.42,103.3,103.31,5475752.0,103.808,22189
2023-04-25 18:00:00+00:00,103.32,103.45,102.5,102.86,7366710.0,102.886,32053
2023-04-25 19:00:00+00:00,102.87,103.26,102.45,102.58,9423921.0,102.917,48025
2023-04-26 13:30:00+00:00,105.07,106.47,104.1,105.99,11015015.0,105.239,44914
2023-04-26 14:00:00+00:00,105.98,106.44,104.9,105.22,10388372.0,105.632,48464
2023-04-26 15:00:00+00:00,105.23,106.55,105.18,106.51,7816015.0,105.94,34170
2023-04-26 16:00:00+00:00,106.52,106.62,105.65,105.8,5411188.0,106.181,24024
2023-04-26 17:00:00+00:00,105.79,106.03,105.55,105.99,4662303.0,105.803,21503
2023-04-26 18:00:00+00:00,105.99,106.06,105.26,105.3,5145167.0,105.599,23284
2023-04-26 19:00:00+00:00,105.31,105.33,104.85,104.94,9097738.0,105.069,43419
2023-04-27 13:30:00+00:00,108.09,108.4,106.8,107.59,11375860.0,107.718,39859
2023-04-27 14:00:00+00:00,107.59,109.66,107.3,108.82,14186910.0,108.777,56561
2023-04-27 15:00:00+00:00,108.82,109.6,108.69,109.04,9953367.0,109.221,39666
2023-04-27 16:00:00+00:00,109.04,110.2,109.03,109.97,10062664.0,109.772,36505
2023-04-27 17:00:00+00:00,109.98,110.86,109.81,110.18,9782932.0,110.262,39176
2023-04-27 18:00:00+00:00,110.18,110.63,109.52,110.04,11204512.0,110.137,46749
2023-04-27 19:00:00+00:00,110.05,110.2,109.46,109.69,20337097.0,109.804,86989
2023-04-28 13:30:00+00:00,107.73,109.48,104.33,105.37,24922966.0,106.101,84302
2023-04-28 14:00:00+00:00,105.38,106.87,104.84,105.05,24049838.0,105.736,94249
2023-04-28 15:00:00+00:00,105.05,105.67,104.8,105.53,10800746.0,105.273,39247
2023-04-28 16:00:00+00:00,105.53,106.26,105.3,106.23,8123663.0,105.759,29841
2023-04-28 17:00:00+00:00,106.23,106.42,105.5,105.81,7774726.0,105.98,26848
2023-04-28 18:00:00+00:00,105.81,106.17,105.68,106.07,7648907.0,105.953,30011
2023-04-28 19:00:00+00:00,106.07,106.3,105.12,105.48,14430724.0,105.719,65905
2023-05-01 13:30:00+00:00,104.95,105.23,103.47,104.54,8893040.0,104.28,35480
2023-05-01 14:00:00+00:00,104.55,104.55,103.01,103.53,12094260.0,103.656,49628
2023-05-01 15:00:00+00:00,103.54,103.61,102.2,102.78,9701218.0,102.721,40505
2023-05-01 16:00:00+00:00,102.78,103.24,102.69,102.98,5606399.0,102.963,22278
2023-05-01 17:00:00+00:00,102.98,103.05,102.68,102.77,4127999.0,102.877,16269
2023-05-01 18:00:00+00:00,102.77,102.85,102.16,102.51,5888068.0,102.435,25214
2023-05-01 19:00:00+00:00,102.51,102.54,101.82,102.05,9914725.0,102.165,44293
2023-05-02 13:30:00+00:00,101.43,103.23,101.15,103.13,10751891.0,102.337,40073
2023-05-02 14:00:00+00:00,103.14,103.79,102.5,102.58,13751249.0,103.132,55768
2023-05-02 15:00:00+00:00,102.57,103.11,102.11,102.5,7626689.0,102.606,34560
2023-05-02 16:00:00+00:00,102.5,103.06,102.37,102.78,5066873.0,102.757,21977
2023-05-02 17:00:00+00:00,102.78,103.84,102.76,103.54,7337314.0,103.394,27841
2023-05-02 18:00:00+00:00,103.54,103.82,103.08,103.8,5808434.0,103.461,23412
2023-05-02 19:00:00+00:00,103.8,103.9,103.5,103.67,9293639.0,103.708,40568
2023-05-03 13:30:00+00:00,103.73,105.88,103.58,105.69,9640994.0,104.964,31429
2023-05-03 14:00:00+00:00,105.67,105.96,104.57,104.57,9572888.0,105.122,35926
2023-05-03 15:00:00+00:00,104.58,105.1,104.37,104.99,5873005.0,104.75,21387
2023-05-03 16:00:00+00:00,105.0,105.32,104.78,105.16,4593719.0,105.038,18397
2023-05-03 17:00:00+00:00,105.17,105.18,104.67,104.79,4740451.0,104.947,21760
2023-05-03 18:00:00+00:00,104.79,105.74,104.38,105.0,9778937.0,105.067,38687
2023-05-03 19:00:00+00:00,105.03,105.24,103.28,103.66,10118260.0,103.966,48425
2023-05-04 13:30:00+00:00,104.08,105.39,104.0,104.37,6865837.0,104.777,26990
2023-05-04 14:00:00+00:00,104.37,104.68,103.31,104.08,7064095.0,104.02,29762
2023-05-04 15:00:00+00:00,104.08,104.94,104.02,104.31,4856854.0,104.59,20655
2023-05-04 16:00:00+00:00,104.3,104.64,104.07,104.43,3495119.0,104.344,15034
2023-05-04 17:00:00+00:00,104.43,104.82,104.28,104.54,4085090.0,104.549,19336
2023-05-04 18:00:00+00:00,104.54,104.59,103.98,104.16,3292647.0,104.263,14283
2023-05-04 19:00:00+00:00,104.16,104.39,103.89,104.0,5471085.0,104.125,26532
2023-05-05 13:30:00+00:00,104.27,104.86,103.55,103.89,7258210.0,104.119,28920
2023-05-05 14:00:00+00:00,103.89,105.38,103.88,105.16,8869341.0,104.829,39573
2023-05-05 15:00:00+00:00,105.17,105.35,104.77,104.82,5014273.0,105.124,24152
2023-05-05 16:00:00+00:00,104.82,105.23,104.69,105.22,3740566.0,104.938,17103
2023-05-05 17:00:00+00:00,105.23,105.76,105.11,105.52,5220041.0,105.402,23834
2023-05-05 18:00:00+00:00,105.52,105.75,105.15,105.59,4573281.0,105.419,21182
2023-05-05 19:00:00+00:00,105.59,105.72,105.23,105.65,7290988.0,105.53,39136
2023-05-08 13:30:00+00:00,105.07,105.54,104.7,105.19,5048713.0,105.055,18091
2023-05-08 14:00:00+00:00,105.19,105.98,105.0,105.8,6836610.0,105.463,29823
2023-05-08 15:00:00+00:00,105.81,105.88,104.98,105.39,5722947.0,105.401,23792
2023-05-08 16:00:00+00:00,105.4,105.45,105.12,105.36,3474087.0,105.287,15012
2023-05-08 17:00:00+00:00,105.36,106.09,105.14,106.0,6051405.0,105.71,22668
2023-05-08 18:00:00+00:00,106.01,106.1,105.38,106.01,5442526.0,105.779,23159
2023-05-08 19:00:00+00:00,106.01,106.04,105.6,105.82,5526453.0,105.8,26109
2023-05-09 13:30:00+00:00,105.48,105.75,105.15,105.7,4424835.0,105.411,15043
2023-05-09 14:00:00+00:00,105.71,106.79,105.46,106.48,8236861.0,106.095,30132
2023-05-09 15:00:00+00:00,106.48,106.75,105.92,106.02,4873102.0,106.404,19185
2023-05-09 16:00:00+00:00,106.02,106.43,105.92,106.36,2750730.0,106.194,11848
2023-05-09 17:00:00+00:00,106.37,106.72,106.34,106.58,3809360.0,106.54,14565
2023-05-09 18:00:00+00:00,106.58,106.68,106.29,106.44,3218469.0,106.533,13337
2023-05-09 19:00:00+00:00,106.44,106.68,106.33,106.62,5498981.0,106.506,26496
2023-05-10 13:30:00+00:00,108.1,109.71,108.05,109.42,10982362.0,108.892,42225
2023-05-10 14:00:00+00:00,109.42,110.2,108.45,108.78,13340036.0,109.575,56319
2023-05-10 15:00:00+00:00,108.78,110.05,108.52,109.52,8103952.0,109.541,35492
2023-05-10 16:00:00+00:00,109.52,109.88,109.05,109.4,5455550.0,109.463,23091
2023-05-10 17:00:00+00:00,109.39,109.74,108.74,109.33,6301685.0,109.202,25605
2023-05-10 18:00:00+00:00,109.34,109.94,109.33,109.87,4599517.0,109.68,22180
2023-05-10 19:00:00+00:00,109.87,110.67,109.79,110.21,13202497.0,110.297,65206
2023-05-11 13:30:00+00:00,111.09,112.09,110.49,111.77,10501916.0,111.198,38746
2023-05-11 14:00:00+00:00,111.77,112.33,111.16,112.15,11144477.0,111.802,45150
2023-05-11 15:00:00+00:00,112.15,112.96,111.91,112.54,9439144.0,112.424,36899
2023-05-11 16:00:00+00:00,112.56,112.75,112.16,112.73,5393887.0,112.466,20142
2023-05-11 17:00:00+00:00,112.74,113.28,112.49,112.78,7566825.0,112.887,28551
2023-05-11 18:00:00+00:00,112.78,112.97,112.46,112.89,5057228.0,112.704,22247
2023-05-11 19:00:00+00:00,112.91,113.0,111.96,112.17,8837594.0,112.488,41674
2023-05-12 13:30:00+00:00,112.16,112.64,111.38,111.52,5438024.0,111.98,20654
2023-05-12 14:00:00+00:00,111.52,111.69,110.71,110.97,6053220.0,111.083,25894
2023-05-12 15:00:00+00:00,110.96,111.29,110.47,110.75,4241704.0,110.801,18476
2023-05-12 16:00:00+00:00,110.75,110.78,109.31,109.68,6437320.0,109.995,28065
2023-05-12 17:00:00+00:00,109.68,110.26,109.45,109.54,4746399.0,109.874,21355
2023-05-12 18:00:00+00:00,109.55,110.01,109.47,109.98,4318999.0,109.705,21330
2023-05-12 19:00:00+00:00,109.99,110.4,109.57,110.26,7952262.0,109.989,39464
2023-05-15 13:30:00+00:00,111.13,112.29,109.96,110.03,8471769.0,111.204,31633
2023-05-15 14:00:00+00:00,110.03,110.24,109.25,109.88,8436621.0,109.773,33254
2023-05-15 15:00:00+00:00,109.88,110.72,109.85,110.48,5619596.0,110.441,21416
2023-05-15 16:00:00+00:00,110.49,110.63,109.99,110.23,4155116.0,110.238,17692
2023-05-15 17:00:00+00:00,110.24,111.23,110.22,111.18,4523294.0,110.615,18139
2023-05-15 18:00:00+00:00,111.19,111.45,111.0,111.23,4826455.0,111.233,16477
2023-05-15 19:00:00+00:00,111.23,111.31,110.84,111.24,5213351.0,111.092,23346
2023-05-16 13:30:00+00:00,111.07,113.01,111.05,112.35,8276721.0,112.224,31405
2023-05-16 14:00:00+00:00,112.35,113.95,112.31,113.89,8754357.0,113.073,38619
2023-05-16 15:00:00+00:00,113.89,114.09,113.21,114.04,6965510.0,113.703,29532
2023-05-16 16:00:00+00:00,114.05,114.75,113.78,114.59,7946997.0,114.345,32767
2023-05-16 17:00:00+00:00,114.59,114.79,113.97,114.25,5685944.0,114.352,24700
2023-05-16 18:00:00+00:00,114.25,114.31,113.65,114.21,6085948.0,113.994,25550
2023-05-16 19:00:00+00:00,114.21,114.32,113.21,113.4,8370920.0,113.737,41083
2023-05-17 13:30:00+00:00,114.88,115.83,114.73,115.05,11751268.0,115.43,43328
2023-05-17 14:00:00+00:00,115.05,115.46,114.54,115.14,8783308.0,114.976,36397
2023-05-17 15:00:00+00:00,115.15,115.38,114.52,114.89,5723289.0,114.931,25172
2023-05-17 16:00:00+00:00,114.88,115.14,114.22,115.02,5128784.0,114.632,20147
2023-05-17 17:00:00+00:00,115.02,115.49,115.01,115.18,5027144.0,115.264,21334
2023-05-17 18:00:00+00:00,115.17,115.61,115.02,115.23,5576949.0,115.373,23879
2023-05-17 19:00:00+00:00,115.23,115.71,115.12,115.48,7817286.0,115.517,39140
2023-05-18 13:30:00+00:00,116.71,117.95,116.37,117.49,9650527.0,117.401,35730
2023-05-18 14:00:00+00:00,117.51,118.6,117.29,117.55,10161280.0,117.912,43887
2023-05-18 15:00:00+00:00,117.54,118.15,117.46,117.59,6815927.0,117.867,31321
2023-05-18 16:00:00+00:00,117.59,117.62,116.77,117.13,6310556.0,117.167,27451
2023-05-18 17:00:00+00:00,117.14,117.75,116.6,116.65,4853269.0,117.302,23777
2023-05-18 18:00:00+00:00,116.66,117.18,116.33,117.04,5700180.0,116.853,25191
2023-05-18 19:00:00+00:00,117.04,118.24,116.93,118.16,9060733.0,117.716,44254
2023-05-19 13:30:00+00:00,118.16,118.31,117.19,117.34,7609833.0,117.789,21705
2023-05-19 14:00:00+00:00,117.34,117.45,116.67,116.95,6429603.0,117.078,26078
2023-05-19 15:00:00+00:00,116.95,117.03,116.19,116.53,6580104.0,116.565,31968
2023-05-19 16:00:00+00:00,116.54,117.06,116.24,116.46,3625794.0,116.543,16473
2023-05-19 17:00:00+00:00,116.47,116.86,116.18,116.27,3444905.0,116.413,15534
2023-05-19 18:00:00+00:00,116.26,116.32,115.7,116.07,4741099.0,115.97,22362
2023-05-19 19:00:00+00:00,116.08,116.4,115.87,116.27,6084089.0,116.138,32428
2023-05-22 13:30:00+00:00,116.78,116.78,115.16,116.01,9781977.0,115.929,40951
2023-05-22 14:00:00+00:00,116.0,116.2,114.25,114.73,13581735.0,115.141,60930
2023-05-22 15:00:00+00:00,114.74,115.34,114.25,114.5,9139736.0,114.741,38050
2023-05-22 16:00:00+00:00,114.48,115.1,114.25,114.92,8731275.0,114.719,37508
2023-05-22 17:00:00+00:00,114.92,115.34,114.9,115.17,4098966.0,115.132,17644
2023-05-22 18:00:00+00:00,115.17,115.7,115.15,115.46,3625859.0,115.447,14164
2023-05-22 19:00:00+00:00,115.45,115.65,114.67,115.03,7028240.0,115.093,30480
2023-05-23 13:30:00+00:00,114.11,115.72,113.78,115.4,6535767.0,114.859,23925
2023-05-23 14:00:00+00:00,115.4,116.08,115.27,115.67,6586715.0,115.682,27269
2023-05-23 15:00:00+00:00,115.69,117.14,115.65,116.88,7900182.0,116.506,31572
2023-05-23 16:00:00+00:00,116.89,117.1,115.66,116.14,5557886.0,116.377,21355
2023-05-23 17:00:00+00:00,116.14,116.56,115.66,115.71,4987957.0,116.155,19257
2023-05-23 18:00:00+00:00,115.71,115.87,114.91,115.06,6054384.0,115.35,25178
2023-05-23 19:00:00+00:00,115.05,115.29,114.8,115.0,7847444.0,115.075,39655
2023-05-24 13:30:00+00:00,115.35,116.89,115.02,116.58,9835559.0,116.176,39136
2023-05-24 14:00:00+00:00,116.56,116.76,115.21,115.58,8273311.0,115.857,34306
2023-05-24 15:00:00+00:00,115.6,116.46,115.32,115.91,6198054.0,116.003,25228
2023-05-24 16:00:00+00:00,115.91,116.29,115.72,116.03,3963579.0,115.961,15885
2023-05-24 17:00:00+00:00,116.03,116.48,115.72,116.27,4154150.0,116.101,16793
2023-05-24 18:00:00+00:00,116.27,116.8,116.06,116.63,5270189.0,116.438,21077
2023-05-24 19:00:00+00:00,116.63,117.34,116.46,116.77,9486347.0,116.908,44943
2023-05-25 13:30:00+00:00,116.67,116.87,115.47,115.58,7795381.0,116.055,33074
2023-05-25 14:00:00+00:00,115.57,115.98,114.31,115.04,9481088.0,115.026,41539
2023-05-25 15:00:00+00:00,115.04,115.28,114.44,115.17,5379542.0,114.846,27098
2023-05-25 16:00:00+00:00,115.16,115.4,114.66,114.69,4130443.0,115.056,19811
2023-05-25 17:00:00+00:00,114.7,114.76,114.36,114.5,4165495.0,114.573,22805
2023-05-25 18:00:00+00:00,114.51,115.03,114.4,114.54,5798139.0,114.725,29608
2023-05-25 19:00:00+00:00,114.54,115.33,114.5,115.02,9546031.0,114.999,48562
2023-05-26 13:30:00+00:00,116.0,117.8,116.0,117.65,10025531.0,116.958,38780
2023-05-26 14:00:00+00:00,117.65,119.81,117.64,119.66,11982039.0,118.622,54869
2023-05-26 15:00:00+00:00,119.66,121.19,119.65,120.19,16292945.0,120.533,73701
2023-05-26 16:00:00+00:00,120.19,121.14,119.97,121.1,7451901.0,120.767,35231
2023-05-26 17:00:00+00:00,121.1,121.5,120.67,120.77,7477500.0,121.057,30847
2023-05-26 18:00:00+00:00,120.78,121.17,120.53,120.91,6304885.0,120.859,33254
2023-05-26 19:00:00+00:00,120.91,121.04,119.61,120.08,12456720.0,120.184,64570
2023-05-30 13:30:00+00:00,122.24,122.92,119.85,120.8,11186237.0,121.669,44621
2023-05-30 14:00:00+00:00,120.79,122.58,120.35,121.58,10557522.0,121.697,48675
2023-05-30 15:00:00+00:00,121.57,122.15,121.14,121.37,5070930.0,121.649,24906
2023-05-30 16:00:00+00:00,121.36,122.07,120.86,122.05,4843349.0,121.365,22780
2023-05-30 17:00:00+00:00,122.06,122.23,120.87,121.14,4212859.0,121.443,17195
2023-05-30 18:00:00+00:00,121.14,122.15,120.91,121.95,4418209.0,121.582,19332
2023-05-30 19:00:00+00:00,121.95,122.2,121.29,121.65,7322614.0,121.749,36074
2023-05-31 13:30:00+00:00,121.46,122.04,120.39,121.81,7748269.0,121.382,30047
2023-05-31 14:00:00+00:00,121.82,121.89,119.95,120.22,7400006.0,120.653,33502
2023-05-31 15:00:00+00:00,120.22,120.38,119.17,119.49,5812688.0,119.645,26134
2023-05-31 16:00:00+00:00,119.48,119.76,119.18,119.54,3409700.0,119.427,16902
2023-05-31 17:00:00+00:00,119.55,120.5,119.42,120.01,4220011.0,119.933,20409
2023-05-31 18:00:00+00:00,120.01,120.46,119.99,120.27,4428784.0,120.202,21148
2023-05-31 19:00:00+00:00,120.27,121.1,119.76,120.63,9290586.0,120.411,50523
2023-06-01 13:30:00+00:00,120.69,121.57,119.93,121.08,5969426.0,120.686,24889
2023-06-01 14:00:00+00:00,121.11,122.09,120.3,121.62,7327443.0,121.21,35901
2023-06-01 15:00:00+00:00,121.65,122.43,121.57,122.36,4363284.0,121.945,20187
2023-06-01 16:00:00+00:00,122.38,123.41,122.38,123.29,5551009.0,122.889,23429
2023-06-01 17:00:00+00:00,123.29,123.36,122.75,123.28,4263960.0,123.04,19603
2023-06-01 18:00:00+00:00,123.27,123.38,122.82,123.2,3633752.0,123.11,18848
2023-06-01 19:00:00+00:00,123.2,123.49,122.37,122.77,7543698.0,122.853,43281
2023-06-02 13:30:00+00:00,124.92,126.39,124.31,124.34,10766392.0,125.415,44977
2023-06-02 14:00:00+00:00,124.37,126.04,124.01,126.0,9085558.0,125.2,40507
2023-06-02 15:00:00+00:00,126.0,126.03,124.57,124.97,6574068.0,125.19,29382
2023-06-02 16:00:00+00:00,124.98,125.07,124.23,124.77,4268703.0,124.671,18829
2023-06-02 17:00:00+00:00,124.78,125.12,124.53,124.79,4155610.0,124.839,16928
2023-06-02 18:00:00+00:00,124.8,124.97,124.48,124.78,3639916.0,124.726,15591
2023-06-02 19:00:00+00:00,124.79,124.92,124.1,124.29,6918524.0,124.377,34186
2023-06-05 13:30:00+00:00,123.36,124.85,123.03,124.33,6662377.0,124.042,23660
2023-06-05 14:00:00+00:00,124.33,125.54,124.21,125.44,7196577.0,124.96,30159
2023-06-05 15:00:00+00:00,125.49,125.8,125.2,125.45,4308495.0,125.503,18061
2023-06-05 16:00:00+00:00,125.46,125.53,124.78,125.13,3328318.0,125.108,14629
2023-06-05 17:00:00+00:00,125.13,125.18,124.53,124.82,2953847.0,124.861,14336
2023-06-05 18:00:00+00:00,124.84,125.02,124.28,124.99,4063821.0,124.722,22722
2023-06-05 19:00:00+00:00,124.99,125.42,124.59,125.31,5880370.0,125.046,34282
2023-06-06 13:30:00+00:00,125.07,126.26,125.0,125.94,5440689.0,125.666,20379
2023-06-06 14:00:00+00:00,125.95,126.78,125.46,126.61,6977194.0,126.08,31596
2023-06-06 15:00:00+00:00,126.62,127.05,126.06,126.94,4626384.0,126.567,21080
2023-06-06 16:00:00+00:00,126.94,127.4,126.44,126.55,4863627.0,126.85,21084
2023-06-06 17:00:00+00:00,126.56,127.05,126.37,126.43,3726557.0,126.684,16979
2023-06-06 18:00:00+00:00,126.44,126.7,126.19,126.63,3472574.0,126.492,15973
2023-06-06 19:00:00+00:00,126.64,127.1,126.14,126.6,5706726.0,126.647,30416
2023-06-07 13:30:00+00:00,127.01,127.37,125.77,126.18,8359790.0,126.663,35268
2023-06-07 14:00:00+00:00,126.19,126.32,123.16,123.65,11909680.0,124.545,56282
2023-06-07 15:00:00+00:00,123.65,124.06,122.37,122.65,10138989.0,123.242,43386
2023-06-07 16:00:00+00:00,122.66,123.04,121.7,122.26,8930223.0,122.349,39900
2023-06-07 17:00:00+00:00,122.27,122.58,121.58,122.29,6029132.0,122.058,29750
2023-06-07 18:00:00+00:00,122.29,122.7,121.51,121.86,6397082.0,122.065,29718
2023-06-07 19:00:00+00:00,121.87,122.01,120.63,121.23,13049887.0,121.217,69587
2023-06-08 13:30:00+00:00,123.01,124.08,122.25,123.35,9831996.0,123.313,39379
2023-06-08 14:00:00+00:00,123.38,125.24,123.25,125.03,11829894.0,124.507,53141
2023-06-08 15:00:00+00:00,125.03,125.63,124.47,124.94,7130576.0,125.044,33993
2023-06-08 16:00:00+00:00,124.94,125.02,124.25,124.53,3890853.0,124.65,18321
2023-06-08 17:00:00+00:00,124.54,124.81,123.64,123.74,3690842.0,124.201,17732
2023-06-08 18:00:00+00:00,123.76,124.28,123.46,123.9,4210389.0,123.835,20171
2023-06-08 19:00:00+00:00,123.9,124.35,123.35,124.23,6804930.0,124.079,32374
2023-06-09 13:30:00+00:00,124.1,125.76,123.94,125.16,7845073.0,124.924,33276
2023-06-09 14:00:00+00:00,125.16,125.8,123.48,123.62,7447464.0,124.862,35577
2023-06-09 15:00:00+00:00,123.62,124.52,123.36,123.59,6455955.0,123.893,29500
2023-06-09 16:00:00+00:00,123.6,123.92,123.19,123.76,3774012.0,123.552,18311
2023-06-09 17:00:00+00:00,123.76,124.62,123.67,124.47,4004024.0,124.115,17089
2023-06-09 18:00:00+00:00,124.47,124.53,123.9,124.1,3176389.0,124.189,15245
2023-06-09 19:00:00+00:00,124.1,124.16,123.21,123.45,6334282.0,123.592,34541
2023-06-12 13:30:00+00:00,124.02,124.93,123.53,124.73,6483084.0,124.241,24980
2023-06-12 14:00:00+00:00,124.73,125.29,124.31,124.95,5731137.0,124.839,25799
2023-06-12 15:00:00+00:00,124.96,125.63,124.57,125.62,4763740.0,125.22,20349
2023-06-12 16:00:00+00:00,125.62,125.7,125.28,125.57,2904588.0,125.497,13476
2023-06-12 17:00:00+00:00,125.57,126.18,125.52,126.12,3900816.0,125.864,17485
2023-06-12 18:00:00+00:00,126.12,126.49,125.91,126.48,3529906.0,126.129,18406
2023-06-12 19:00:00+00:00,126.49,126.78,126.17,126.66,7602846.0,126.443,41231
2023-06-13 13:30:00+00:00,128.05,128.41,126.36,126.53,7906793.0,127.22,30827
2023-06-13 14:00:00+00:00,126.55,126.87,125.18,126.44,7966661.0,125.995,36845
2023-06-13 15:00:00+00:00,126.44,127.27,126.37,126.55,5693409.0,126.952,23908
2023-06-13 16:00:00+00:00,126.54,126.79,125.87,126.56,4044868.0,126.37,18260
2023-06-13 17:00:00+00:00,126.57,126.84,126.33,126.56,3361252.0,126.585,14819
2023-06-13 18:00:00+00:00,126.55,126.66,125.94,126.38,3705575.0,126.283,17344
2023-06-13 19:00:00+00:00,126.39,126.75,126.29,126.65,5096787.0,126.522,26920
2023-06-14 13:30:00+00:00,126.71,126.82,125.43,126.35,4474516.0,126.13,18674
2023-06-14 14:00:00+00:00,126.35,126.95,125.97,126.09,4604464.0,126.499,20902
2023-06-14 15:00:00+00:00,126.08,126.85,126.0,126.44,3516623.0,126.41,16785
2023-06-14 16:00:00+00:00,126.45,126.45,126.06,126.31,2696620.0,126.234,12109
2023-06-14 17:00:00+00:00,126.3,126.34,125.7,125.83,2948073.0,125.962,13745
2023-06-14 18:00:00+00:00,125.82,126.25,124.12,125.62,9119498.0,125.065,45746
2023-06-14 19:00:00+00:00,125.63,126.45,125.34,126.43,7125954.0,125.962,35740
2023-06-15 13:30:00+00:00,125.2,126.1,124.32,125.95,7176509.0,125.202,31370
2023-06-15 14:00:00+00:00,125.96,126.68,125.43,125.54,6325163.0,125.956,29108
2023-06-15 15:00:00+00:00,125.53,126.55,125.33,126.27,4399023.0,126.03,20335
2023-06-15 16:00:00+00:00,126.27,126.48,125.77,126.06,3020329.0,126.122,12725
2023-06-15 17:00:00+00:00,126.06,126.74,125.79,126.66,3864476.0,126.31,17008
2023-06-15 18:00:00+00:00,126.66,127.69,126.19,127.6,6163558.0,126.853,27944
2023-06-15 19:00:00+00:00,127.6,127.67,126.87,127.06,8871334.0,127.229,46472
2023-06-16 13:30:00+00:00,127.7,127.9,125.42,125.9,17041022.0,127.291,26285
2023-06-16 14:00:00+00:00,125.9,126.91,125.66,126.53,7079976.0,126.377,29603
2023-06-16 15:00:00+00:00,126.54,127.06,126.23,126.6,5359984.0,126.577,25735
2023-06-16 16:00:00+00:00,126.61,126.89,126.23,126.72,2928070.0,126.557,14195
2023-06-16 17:00:00+00:00,126.73,126.73,126.11,126.28,3222688.0,126.406,15274
2023-06-16 18:00:00+00:00,126.27,126.3,125.89,126.04,3247853.0,126.073,16298
2023-06-16 19:00:00+00:00,126.04,126.49,125.3,125.54,9348516.0,125.858,45352
2023-06-20 13:30:00+00:00,124.9,127.25,124.5,125.78,8305272.0,125.834,33074
2023-06-20 14:00:00+00:00,125.79,126.45,124.69,125.4,7649707.0,125.418,37624
2023-06-20 15:00:00+00:00,125.4,125.98,125.36,125.43,3995880.0,125.681,19198
2023-06-20 16:00:00+00:00,125.43,126.64,125.41,126.26,4098950.0,126.169,18127
2023-06-20 17:00:00+00:00,126.25,126.29,125.78,125.79,3146542.0,126.127,16360
2023-06-20 18:00:00+00:00,125.79,126.05,125.6,125.85,2956169.0,125.847,15597
2023-06-20 19:00:00+00:00,125.85,125.98,125.51,125.81,6044469.0,125.766,35730
2023-06-21 13:30:00+00:00,125.63,126.73,125.1,125.61,6766045.0,125.894,28649
2023-06-21 14:00:00+00:00,125.6,125.81,123.87,124.48,9297291.0,124.624,42300
2023-06-21 15:00:00+00:00,124.49,124.9,123.85,124.54,4720063.0,124.373,22339
2023-06-21 16:00:00+00:00,124.53,125.23,124.47,124.9,3068832.0,124.945,15005
2023-06-21 17:00:00+00:00,124.91,125.63,124.62,125.6,2802609.0,124.995,15045
2023-06-21 18:00:00+00:00,125.6,126.2,125.09,125.41,5043662.0,125.675,23822
2023-06-21 19:00:00+00:00,125.42,125.44,124.69,124.83,5440687.0,124.982,28857
2023-06-22 13:30:00+00:00,125.3,128.28,125.14,127.88,12630548.0,126.921,46865
2023-06-22 14:00:00+00:00,127.91,129.29,127.35,129.27,14140431.0,128.503,62536
2023-06-22 15:00:00+00:00,129.27,129.99,129.07,129.25,10641092.0,129.558,42027
2023-06-22 16:00:00+00:00,129.25,129.75,128.55,128.97,9064217.0,129.15,36443
2023-06-22 17:00:00+00:00,128.98,129.54,128.7,129.25,4767317.0,129.1,18853
2023-06-22 18:00:00+00:00,129.26,129.62,128.54,129.61,5552838.0,128.987,24755
2023-06-22 19:00:00+00:00,129.61,130.33,129.32,130.12,11061470.0,129.901,47363
2023-06-23 13:30:00+00:00,129.11,130.84,128.28,129.02,12510494.0,129.629,50849
2023-06-23 14:00:00+00:00,129.02,130.57,128.56,129.79,11548544.0,129.804,49501
2023-06-23 15:00:00+00:00,129.8,130.1,129.18,129.66,5537405.0,129.72,23210
2023-06-23 16:00:00+00:00,129.66,130.61,129.66,130.38,5779780.0,130.252,22384
2023-06-23 17:00:00+00:00,130.39,130.8,130.21,130.33,4706763.0,130.574,18848
2023-06-23 18:00:00+00:00,130.33,130.43,129.29,129.45,4006079.0,129.85,17949
2023-06-23 19:00:00+00:00,129.44,129.97,128.67,129.33,7439099.0,129.429,36746
2023-06-26 13:30:00+00:00,129.3,131.49,129.14,131.21,7646631.0,130.302,28712
2023-06-26 14:00:00+00:00,131.21,131.41,129.7,130.76,7509498.0,130.628,33054
2023-06-26 15:00:00+00:00,130.75,130.76,129.37,129.46,4998976.0,129.916,21954
2023-06-26 16:00:00+00:00,129.46,129.46,127.39,127.71,7462356.0,128.197,34569
2023-06-26 17:00:00+00:00,127.71,128.15,127.1,127.97,4606314.0,127.683,20170
2023-06-26 18:00:00+00:00,127.96,128.66,127.83,128.4,3837533.0,128.342,16048
2023-06-26 19:00:00+00:00,128.4,128.53,127.29,127.38,6489564.0,127.744,32646
2023-06-27 13:30:00+00:00,128.63,128.94,127.75,128.59,6055145.0,128.413,24971
2023-06-27 14:00:00+00:00,128.57,128.8,127.55,128.08,5728554.0,128.053,25692
2023-06-27 15:00:00+00:00,128.08,128.98,127.62,128.74,4207979.0,128.374,19438
2023-06-27 16:00:00+00:00,128.72,129.54,128.63,129.06,3868459.0,129.05,15775
2023-06-27 17:00:00+00:00,129.06,129.95,128.7,129.91,3886148.0,129.285,15546
2023-06-27 18:00:00+00:00,129.93,130.09,129.44,129.5,3661160.0,129.806,14740
2023-06-27 19:00:00+00:00,129.51,129.83,129.01,129.16,5619091.0,129.376,28495
2023-06-28 13:30:00+00:00,128.93,131.19,128.82,130.74,7999064.0,130.297,32930
2023-06-28 14:00:00+00:00,130.71,131.48,129.83,130.83,7240649.0,130.727,30320
2023-06-28 15:00:00+00:00,130.83,131.09,129.94,130.81,4251552.0,130.549,18711
2023-06-28 16:00:00+00:00,130.8,130.81,128.56,128.72,5684101.0,129.605,24564
2023-06-28 17:00:00+00:00,128.72,129.31,128.44,128.91,4428128.0,128.881,19255
2023-06-28 18:00:00+00:00,128.93,129.49,128.77,129.05,3259158.0,129.146,13698
2023-06-28 19:00:00+00:00,129.07,129.16,128.57,129.1,5335559.0,128.935,28630
2023-06-29 13:30:00+00:00,128.76,129.26,128.17,128.54,5235106.0,128.744,21717
2023-06-29 14:00:00+00:00,128.55,128.64,127.25,127.65,6478911.0,127.77,30220
2023-06-29 15:00:00+00:00,127.65,128.18,127.46,127.93,4386337.0,127.917,19170
2023-06-29 16:00:00+00:00,127.93,128.29,127.75,127.95,2799945.0,128.004,11456
2023-06-29 17:00:00+00:00,127.95,128.22,127.72,127.75,2414050.0,127.983,11091
2023-06-29 18:00:00+00:00,127.75,127.91,127.51,127.81,2648097.0,127.718,13918
2023-06-29 19:00:00+00:00,127.82,128.05,127.52,127.95,5325778.0,127.803,29859
2023-06-30 13:30:00+00:00,129.47,130.28,128.95,130.08,6278751.0,129.651,24702
2023-06-30 14:00:00+00:00,130.08,131.25,129.95,130.53,9088740.0,130.697,41102
2023-06-30 15:00:00+00:00,130.53,130.75,129.67,130.01,4952822.0,130.229,23227
2023-06-30 16:00:00+00:00,130.02,130.49,129.94,130.44,2953777.0,130.184,15558
2023-06-30 17:00:00+00:00,130.44,130.44,130.12,130.22,2428122.0,130.22,12432
2023-06-30 18:00:00+00:00,130.22,130.35,129.95,130.29,2477348.0,130.147,13570
2023-06-30 19:00:00+00:00,130.3,130.72,130.05,130.3,7237419.0,130.389,39629
2023-07-03 13:30:00+00:00,130.87,131.42,130.58,131.21,5802533.0,131.047,21807
2023-07-03 14:00:00+00:00,131.22,131.85,130.53,131.02,6319490.0,131.042,29698
2023-07-03 15:00:00+00:00,131.03,131.41,130.62,130.74,3737257.0,130.953,17865
2023-07-03 16:00:00+00:00,130.74,130.93,130.06,130.25,4548556.0,130.555,21434
2023-07-05 13:30:00+00:00,130.31,131.4,130.12,130.41,5200315.0,130.717,19622
2023-07-05 14:00:00+00:00,130.39,130.65,129.78,130.18,4220287.0,130.297,21775
2023-07-05 15:00:00+00:00,130.18,130.34,129.66,129.74,3076781.0,129.948,15364
2023-07-05 16:00:00+00:00,129.74,130.19,129.64,130.11,2378117.0,129.898,12428
2023-07-05 17:00:00+00:00,130.12,130.44,130.11,130.42,1945469.0,130.285,9581
2023-07-05 18:00:00+00:00,130.44,130.6,130.02,130.19,2876226.0,130.324,14782
2023-07-05 19:00:00+00:00,130.19,130.67,130.14,130.37,4219908.0,130.433,24121
2023-07-06 13:30:00+00:00,128.35,128.65,127.55,127.91,5993261.0,128.094,26769
2023-07-06 14:00:00+00:00,127.92,128.67,127.37,128.06,5592388.0,128.124,27805
2023-07-06 15:00:00+00:00,128.05,128.38,127.71,127.87,3677180.0,127.954,18184
2023-07-06 16:00:00+00:00,127.89,128.58,127.86,128.5,2490081.0,128.357,11760
2023-07-06 17:00:00+00:00,128.5,128.71,128.3,128.71,1893471.0,128.541,9633
2023-07-06 18:00:00+00:00,128.71,128.73,128.45,128.59,1993575.0,128.615,11012
2023-07-06 19:00:00+00:00,128.6,128.66,128.21,128.37,4684887.0,128.379,27607
2023-07-07 13:30:00+00:00,128.61,129.64,128.12,129.5,4674695.0,128.998,18505
2023-07-07 14:00:00+00:00,129.49,129.58,128.58,129.34,4260993.0,129.07,21408
2023-07-07 15:00:00+00:00,129.33,130.31,129.21,130.28,4484180.0,129.77,21165
2023-07-07 16:00:00+00:00,130.28,130.89,130.01,130.77,4617340.0,130.393,22833
2023-07-07 17:00:00+00:00,130.76,130.97,130.36,130.47,3481527.0,130.794,16295
2023-07-07 18:00:00+00:00,130.47,130.7,130.31,130.49,2339084.0,130.5,11526
2023-07-07 19:00:00+00:00,130.49,130.67,129.65,129.78,6488915.0,130.123,35576
2023-07-10 13:30:00+00:00,129.14,129.28,125.91,126.47,10843607.0,127.552,54234
2023-07-10 14:00:00+00:00,126.48,127.35,126.24,127.12,10114116.0,126.918,48201
2023-07-10 15:00:00+00:00,127.12,127.59,126.49,126.7,5863644.0,127.099,26223
2023-07-10 16:00:00+00:00,126.7,126.8,125.93,126.53,5629592.0,126.404,26767
2023-07-10 17:00:00+00:00,126.53,127.05,126.49,126.75,3227373.0,126.808,15643
2023-07-10 18:00:00+00:00,126.76,127.22,126.48,127.14,4386844.0,126.888,20434
2023-07-10 19:00:00+00:00,127.14,127.24,126.71,127.18,6239535.0,126.993,32486
2023-07-11 13:30:00+00:00,127.75,129.77,127.35,128.98,9995718.0,128.745,38919
2023-07-11 14:00:00+00:00,128.97,129.31,128.01,128.63,8098155.0,128.662,37853
2023-07-11 15:00:00+00:00,128.63,129.05,128.09,128.82,4050794.0,128.44,18340
2023-07-11 16:00:00+00:00,128.82,129.1,128.5,128.83,3599953.0,128.842,16319
2023-07-11 17:00:00+00:00,128.81,128.99,128.26,128.34,3019471.0,128.628,14178
2023-07-11 18:00:00+00:00,128.33,128.57,127.99,128.46,3364208.0,128.299,15972
2023-07-11 19:00:00+00:00,128.46,128.99,128.24,128.77,5414716.0,128.597,27222
2023-07-12 13:30:00+00:00,130.28,131.26,130.01,130.8,7451063.0,130.625,29848
2023-07-12 14:00:00+00:00,130.8,130.93,129.39,129.64,7464865.0,130.16,33952
2023-07-12 15:00:00+00:00,129.65,130.15,128.99,129.16,5492260.0,129.556,27321
2023-07-12 16:00:00+00:00,129.16,129.81,128.83,129.59,4021773.0,129.297,19349
2023-07-12 17:00:00+00:00,129.59,130.47,129.51,130.28,3568477.0,130.109,16905
2023-07-12 18:00:00+00:00,130.27,130.75,130.11,130.56,3431622.0,130.499,15921
2023-07-12 19:00:00+00:00,130.55,131.07,130.31,130.85,7166318.0,130.747,35362
2023-07-13 13:30:00+00:00,133.95,134.67,132.98,133.61,12267923.0,133.874,51758
2023-07-13 14:00:00+00:00,133.62,133.87,132.89,133.28,7721792.0,133.344,38059
2023-07-13 15:00:00+00:00,133.29,133.8,132.71,133.76,4622494.0,133.337,22415
2023-07-13 16:00:00+00:00,133.76,134.26,133.46,134.13,4228956.0,133.841,20931
2023-07-13 17:00:00+00:00,134.13,134.49,133.94,134.22,3250980.0,134.229,15545
2023-07-13 18:00:00+00:00,134.22,134.59,133.86,134.03,3671872.0,134.191,18491
2023-07-13 19:00:00+00:00,134.03,134.55,133.95,134.28,7008645.0,134.37,38319
2023-07-14 13:30:00+00:00,134.01,135.38,134.01,134.99,6486707.0,134.83,27759
2023-07-14 14:00:00+00:00,134.97,136.2,134.71,136.19,8500336.0,135.598,38309
2023-07-14 15:00:00+00:00,136.19,136.65,135.86,136.05,5401157.0,136.294,25043
2023-07-14 16:00:00+00:00,136.05,136.08,135.49,135.95,3296476.0,135.76,15461
2023-07-14 17:00:00+00:00,135.96,135.96,135.31,135.48,3663949.0,135.63,17461
2023-07-14 18:00:00+00:00,135.49,135.66,134.76,134.95,4588664.0,135.064,21016
2023-07-14 19:00:00+00:00,134.95,135.0,134.43,134.7,7138953.0,134.631,36596
2023-07-17 13:30:00+00:00,134.6,135.62,133.38,134.09,6726129.0,134.493,30145
2023-07-17 14:00:00+00:00,134.08,134.72,133.62,134.06,6848888.0,134.082,31496
2023-07-17 15:00:00+00:00,134.07,134.21,133.62,133.89,3593524.0,133.931,17485
2023-07-17 16:00:00+00:00,133.88,133.9,133.21,133.43,3408987.0,133.498,18112
2023-07-17 17:00:00+00:00,133.42,133.83,133.26,133.77,3426663.0,133.527,18221
2023-07-17 18:00:00+00:00,133.77,133.89,133.33,133.54,2816509.0,133.643,14314
2023-07-17 19:00:00+00:00,133.54,134.0,133.37,133.55,7528535.0,133.573,41921
2023-07-18 13:30:00+00:00,132.71,132.71,131.35,131.96,7944890.0,131.904,33055
2023-07-18 14:00:00+00:00,131.95,132.44,131.53,132.31,5691181.0,132.006,27898
2023-07-18 15:00:00+00:00,132.32,132.74,131.74,132.49,4392669.0,132.172,22009
2023-07-18 16:00:00+00:00,132.51,132.9,132.29,132.8,4115341.0,132.637,20911
2023-07-18 17:00:00+00:00,132.81,133.4,132.78,133.2,4457783.0,133.17,19965
2023-07-18 18:00:00+00:00,133.19,133.86,133.11,133.49,4280278.0,133.531,18451
2023-07-18 19:00:00+00:00,133.49,133.71,132.67,132.85,7006040.0,133.199,36700
2023-07-19 13:30:00+00:00,133.32,135.32,132.53,134.74,8767322.0,134.157,36988
2023-07-19 14:00:00+00:00,134.74,135.4,134.5,134.62,6737040.0,134.984,29736
2023-07-19 15:00:00+00:00,134.61,135.44,134.46,135.19,4193279.0,135.067,19715
2023-07-19 16:00:00+00:00,135.19,135.49,134.65,135.18,4597739.0,134.992,23368
2023-07-19 17:00:00+00:00,135.19,135.62,134.97,135.32,4213451.0,135.31,20340
2023-07-19 18:00:00+00:00,135.32,135.43,134.98,135.33,3575219.0,135.207,17690
2023-07-19 19:00:00+00:00,135.33,135.99,135.32,135.36,6843414.0,135.638,35589
2023-07-20 13:30:00+00:00,134.07,134.8,133.89,133.92,5352106.0,134.259,24524
2023-07-20 14:00:00+00:00,133.93,133.96,131.89,132.3,7848854.0,132.728,37217
2023-07-20 15:00:00+00:00,132.3,132.72,131.92,132.02,4488708.0,132.249,22734
2023-07-20 16:00:00+00:00,132.02,132.41,131.33,131.46,4009953.0,131.797,20232
2023-07-20 17:00:00+00:00,131.46,131.65,131.17,131.46,2958744.0,131.425,16305
2023-07-20 18:00:00+00:00,131.45,131.52,130.26,130.33,4711857.0,130.752,26163
2023-07-20 19:00:00+00:00,130.33,130.79,129.33,129.97,12029924.0,130.04,62991
2023-07-21 13:30:00+00:00,131.39,131.39,129.76,129.81,6939398.0,130.611,26228
2023-07-21 14:00:00+00:00,129.81,130.19,128.41,129.51,8451382.0,129.275,41569
2023-07-21 15:00:00+00:00,129.52,130.45,129.41,130.19,4882111.0,130.04,24138
2023-07-21 16:00:00+00:00,130.19,130.29,129.49,129.84,3180120.0,129.839,18328
2023-07-21 17:00:00+00:00,129.83,130.61,129.8,130.43,3031648.0,130.279,15477
2023-07-21 18:00:00+00:00,130.43,130.57,130.01,130.06,3077730.0,130.33,18270
2023-07-21 19:00:00+00:00,130.06,130.14,129.03,129.91,10008454.0,129.658,58427
2023-07-24 13:30:00+00:00,130.27,131.66,128.94,129.0,5698960.0,130.489,24707
2023-07-24 14:00:00+00:00,129.0,129.83,128.35,129.46,6234558.0,129.065,27434
2023-07-24 15:00:00+00:00,129.46,129.82,129.11,129.65,2709010.0,129.474,12760
2023-07-24 16:00:00+00:00,129.65,129.78,128.75,128.89,2915784.0,129.217,13239
2023-07-24 17:00:00+00:00,128.9,129.42,128.85,129.25,2233761.0,129.143,10120
2023-07-24 18:00:00+00:00,129.25,129.44,128.82,129.03,2309633.0,129.136,11422
2023-07-24 19:00:00+00:00,129.03,129.12,128.63,128.84,4582685.0,128.844,24219
2023-07-25 13:30:00+00:00,129.31,129.58,128.68,129.15,3952377.0,129.151,15433
2023-07-25 14:00:00+00:00,129.15,129.39,128.53,128.58,3808910.0,128.973,17964
2023-07-25 15:00:00+00:00,128.58,129.06,128.53,128.82,2931484.0,128.845,14140
2023-07-25 16:00:00+00:00,128.83,129.21,128.73,129.18,2938853.0,129.052,13630
2023-07-25 17:00:00+00:00,129.18,129.32,128.99,129.1,2932263.0,129.15,13612
2023-07-25 18:00:00+00:00,129.1,129.43,128.9,129.16,2940712.0,129.161,14311
2023-07-25 19:00:00+00:00,129.16,129.37,128.95,129.13,5351651.0,129.185,28488
2023-07-26 13:30:00+00:00,126.46,128.68,126.11,128.57,6004154.0,127.363,25776
2023-07-26 14:00:00+00:00,128.57,128.82,126.18,126.43,7100049.0,127.715,36137
2023-07-26 15:00:00+00:00,126.43,128.59,126.21,128.32,5461130.0,127.544,24701
2023-07-26 16:00:00+00:00,128.32,128.47,127.27,127.6,4005582.0,127.746,18304
2023-07-26 17:00:00+00:00,127.59,127.68,127.29,127.42,3258416.0,127.488,16837
2023-07-26 18:00:00+00:00,127.43,129.08,127.22,128.63,6308153.0,128.227,31762
2023-07-26 19:00:00+00:00,128.63,128.78,127.47,128.17,6292519.0,128.058,35291
2023-07-27 13:30:00+00:00,130.98,132.03,130.68,131.78,7068202.0,131.546,29422
2023-07-27 14:00:00+00:00,131.78,132.63,131.24,131.68,7609641.0,131.997,34195
2023-07-27 15:00:00+00:00,131.68,132.45,131.36,131.42,4037544.0,131.957,20082
2023-07-27 16:00:00+00:00,131.43,131.99,131.15,131.64,3187705.0,131.698,15127
2023-07-27 17:00:00+00:00,131.64,131.65,129.8,129.96,4614055.0,130.563,22286
2023-07-27 18:00:00+00:00,129.96,130.14,128.07,128.09,6286076.0,128.896,28351
2023-07-27 19:00:00+00:00,128.09,128.82,127.79,128.26,6753283.0,128.298,32999
2023-07-28 13:30:00+00:00,129.71,131.35,129.33,130.78,4799178.0,130.526,20771
2023-07-28 14:00:00+00:00,130.79,132.09,130.66,131.99,5997508.0,131.545,28486
2023-07-28 15:00:00+00:00,132.0,132.52,131.93,132.39,3947961.0,132.189,18301
2023-07-28 16:00:00+00:00,132.38,133.01,132.02,132.12,4676968.0,132.566,19987
2023-07-28 17:00:00+00:00,132.12,132.36,131.8,132.33,3771872.0,132.028,19839
2023-07-28 18:00:00+00:00,132.33,132.71,132.26,132.62,2627536.0,132.505,12797
2023-07-28 19:00:00+00:00,132.64,132.69,131.95,132.2,6227113.0,132.203,33403
2023-07-31 13:30:00+00:00,133.12,133.87,132.49,132.69,5949969.0,133.174,23832
2023-07-31 14:00:00+00:00,132.69,133.68,132.38,133.37,5316147.0,133.142,23031
2023-07-31 15:00:00+00:00,133.37,133.69,132.9,133.09,3877380.0,133.351,17898
2023-07-31 16:00:00+00:00,133.09,133.65,132.98,133.24,3210161.0,133.329,14026
2023-07-31 17:00:00+00:00,133.22,133.54,133.05,133.27,2577666.0,133.328,11730
2023-07-31 18:00:00+00:00,133.28,133.55,133.12,133.43,2548648.0,133.305,12449
2023-07-31 19:00:00+00:00,133.43,133.74,133.12,133.74,5447675.0,133.408,30281
2023-08-01 13:30:00+00:00,133.56,133.69,132.33,132.42,5498057.0,132.856,22024
2023-08-01 14:00:00+00:00,132.43,132.83,131.61,132.31,7595951.0,132.223,30691
2023-08-01 15:00:00+00:00,132.31,132.96,131.98,132.63,3641956.0,132.441,16709
2023-08-01 16:00:00+00:00,132.63,132.68,132.07,132.4,2251768.0,132.359,9987
2023-08-01 17:00:00+00:00,132.41,132.66,131.88,132.09,2723815.0,132.205,12944
2023-08-01 18:00:00+00:00,132.1,132.14,131.67,131.73,3771744.0,131.916,17655
2023-08-01 19:00:00+00:00,131.73,132.09,131.66,131.7,4494137.0,131.882,23703
2023-08-02 13:30:00+00:00,130.22,130.24,128.79,128.82,5998248.0,129.417,24865
2023-08-02 14:00:00+00:00,128.83,129.17,128.02,128.1,5633013.0,128.619,26123
2023-08-02 15:00:00+00:00,128.1,128.7,127.88,127.88,4319671.0,128.326,22089
2023-08-02 16:00:00+00:00,127.88,127.95,126.82,127.9,5899978.0,127.375,29382
2023-08-02 17:00:00+00:00,127.9,128.54,127.8,128.26,3588081.0,128.232,17376
2023-08-02 18:00:00+00:00,128.25,128.82,128.25,128.49,2564750.0,128.569,13660
2023-08-02 19:00:00+00:00,128.49,128.58,127.84,128.23,6614392.0,128.251,35801
2023-08-03 13:30:00+00:00,127.55,128.74,126.41,128.51,7153242.0,127.613,28945
2023-08-03 14:00:00+00:00,128.49,128.86,127.4,128.27,7318629.0,128.123,32617
2023-08-03 15:00:00+00:00,128.28,129.27,128.23,128.56,5197976.0,128.776,22258
2023-08-03 16:00:00+00:00,128.56,129.84,128.41,129.65,5477038.0,129.131,22179
2023-08-03 17:00:00+00:00,129.65,129.7,128.85,128.91,4169251.0,129.354,19329
2023-08-03 18:00:00+00:00,128.9,129.35,128.76,129.32,4285549.0,129.093,18106
2023-08-03 19:00:00+00:00,129.33,129.38,128.39,128.91,12189406.0,128.955,57734
2023-08-04 13:30:00+00:00,141.04,142.02,140.01,140.6,31724275.0,141.049,126323
2023-08-04 14:00:00+00:00,140.58,143.09,140.26,142.96,24372553.0,141.715,109026
2023-08-04 15:00:00+00:00,142.96,143.63,142.55,143.08,14440635.0,143.117,67283
2023-08-04 16:00:00+00:00,143.1,143.32,142.23,142.87,9282555.0,142.795,44414
2023-08-04 17:00:00+00:00,142.87,142.9,141.93,142.0,7316832.0,142.427,34494
2023-08-04 18:00:00+00:00,142.0,142.04,140.22,140.57,11921997.0,141.074,55094
2023-08-04 19:00:00+00:00,140.58,141.43,139.32,139.59,17158663.0,140.196,83430
2023-08-07 13:30:00+00:00,140.99,141.25,139.19,139.36,8445605.0,140.155,33307
2023-08-07 14:00:00+00:00,139.35,140.8,138.95,140.12,11104171.0,139.958,54219
2023-08-07 15:00:00+00:00,140.12,140.54,139.18,140.2,5773009.0,139.804,26469
2023-08-07 16:00:00+00:00,140.21,141.87,140.15,141.78,7332882.0,141.184,31845
2023-08-07 17:00:00+00:00,141.78,142.54,141.63,142.02,7473204.0,142.082,31997
2023-08-07 18:00:00+00:00,142.04,142.35,141.61,142.16,4929173.0,142.0,21940
2023-08-07 19:00:00+00:00,142.16,142.38,141.35,142.17,8819866.0,141.939,44553
2023-08-08 13:30:00+00:00,140.7,140.84,138.8,139.47,7482707.0,139.885,31963
2023-08-08 14:00:00+00:00,139.43,140.11,138.74,138.83,7224560.0,139.389,32017
2023-08-08 15:00:00+00:00,138.85,139.51,138.42,139.01,5773788.0,138.919,25072
2023-08-08 16:00:00+00:00,139.0,140.33,138.93,139.81,4546185.0,139.684,19722
2023-08-08 17:00:00+00:00,139.82,140.11,139.39,139.84,3258814.0,139.758,16729
2023-08-08 18:00:00+00:00,139.84,140.03,139.39,139.75,3335262.0,139.665,16601
2023-08-08 19:00:00+00:00,139.74,140.13,139.37,139.92,6419982.0,139.723,33412
2023-08-09 13:30:00+00:00,139.94,140.32,138.36,138.8,5590577.0,138.997,22388
2023-08-09 14:00:00+00:00,138.79,139.52,137.92,137.93,5676624.0,138.817,25650
2023-08-09 15:00:00+00:00,137.92,138.26,137.1,137.71,6836677.0,137.566,25977
2023-08-09 16:00:00+00:00,137.71,138.33,137.68,138.13,2872067.0,138.052,13779
2023-08-09 17:00:00+00:00,138.12,138.7,138.02,138.39,4215207.0,138.372,15940
2023-08-09 18:00:00+00:00,138.39,139.18,138.25,138.82,3524136.0,138.825,17040
2023-08-09 19:00:00+00:00,138.84,139.0,137.7,137.86,6842887.0,138.291,35401
2023-08-10 13:30:00+00:00,139.2,140.1,138.91,140.07,5938284.0,139.571,25336
2023-08-10 14:00:00+00:00,140.08,140.41,139.27,139.67,7168873.0,139.966,32022
2023-08-10 15:00:00+00:00,139.68,139.75,138.56,138.84,5829810.0,139.253,22237
2023-08-10 16:00:00+00:00,138.84,139.08,137.93,138.08,5220829.0,138.565,21952
2023-08-10 17:00:00+00:00,138.07,138.43,137.49,137.66,4858641.0,138.023,20892
2023-08-10 18:00:00+00:00,137.67,138.78,137.63,138.66,4921866.0,138.363,19838
2023-08-10 19:00:00+00:00,138.68,138.73,138.0,138.59,6593508.0,138.4,31557
2023-08-11 13:30:00+00:00,137.4,138.79,137.0,137.18,4894752.0,137.836,19914
2023-08-11 14:00:00+00:00,137.19,139.33,137.18,138.33,7717666.0,138.551,33233
2023-08-11 15:00:00+00:00,138.33,138.62,137.86,138.58,3855474.0,138.186,18475
2023-08-11 16:00:00+00:00,138.58,138.83,138.13,138.33,3025597.0,138.447,14006
2023-08-11 17:00:00+00:00,138.34,138.81,138.16,138.54,3158707.0,138.472,13809
2023-08-11 18:00:00+00:00,138.55,138.86,138.48,138.68,3029073.0,138.661,13924
2023-08-11 19:00:00+00:00,138.68,138.73,138.05,138.46,5023430.0,138.407,24911
2023-08-14 13:30:00+00:00,138.25,139.54,137.75,139.12,5543373.0,138.607,20693
2023-08-14 14:00:00+00:00,139.1,140.54,138.88,140.29,7097256.0,139.786,29955
2023-08-14 15:00:00+00:00,140.3,140.43,139.43,139.44,3622273.0,139.915,15383
2023-08-14 16:00:00+00:00,139.44,139.49,138.53,139.09,4370730.0,139.022,18767
2023-08-14 17:00:00+00:00,139.09,139.7,138.96,139.61,3174315.0,139.358,13361
2023-08-14 18:00:00+00:00,139.61,139.8,139.22,139.62,3104900.0,139.547,14130
2023-08-14 19:00:00+00:00,139.62,140.59,139.51,140.58,6495571.0,140.053,31624
2023-08-15 13:30:00+00:00,140.05,141.28,139.12,139.26,5999622.0,140.194,27089
2023-08-15 14:00:00+00:00,139.26,139.27,137.7,138.09,7377558.0,138.291,31033
2023-08-15 15:00:00+00:00,138.09,138.56,137.89,138.23,3726500.0,138.221,17978
2023-08-15 16:00:00+00:00,138.24,138.45,137.81,137.96,2973743.0,138.069,14352
2023-08-15 17:00:00+00:00,137.96,138.35,137.71,137.9,2954074.0,137.961,13491
2023-08-15 18:00:00+00:00,137.9,138.23,137.83,137.93,2205609.0,138.006,11329
2023-08-15 19:00:00+00:00,137.92,138.1,137.23,137.7,5143799.0,137.648,28357
2023-08-16 13:30:00+00:00,137.14,137.2,135.85,136.74,6142234.0,136.504,27439
2023-08-16 14:00:00+00:00,136.74,137.27,136.27,136.74,4808986.0,136.774,20582
2023-08-16 15:00:00+00:00,136.74,137.03,135.52,135.66,3422064.0,136.34,16142
2023-08-16 16:00:00+00:00,135.66,135.93,135.41,135.61,3213102.0,135.694,14113
2023-08-16 17:00:00+00:00,135.61,136.57,135.29,136.41,2903839.0,135.938,12658
2023-08-16 18:00:00+00:00,136.4,136.92,135.7,136.17,3860684.0,136.313,16802
2023-08-16 19:00:00+00:00,136.15,136.26,135.01,135.03,6227326.0,135.441,31691
2023-08-17 13:30:00+00:00,135.39,136.09,134.59,135.07,5927673.0,135.347,23669
2023-08-17 14:00:00+00:00,135.07,135.18,133.57,134.59,6980183.0,134.463,27881
2023-08-17 15:00:00+00:00,134.59,135.52,134.49,135.22,4100151.0,134.971,17492
2023-08-17 16:00:00+00:00,135.21,135.83,134.85,135.56,3381407.0,135.374,13897
2023-08-17 17:00:00+00:00,135.55,135.62,134.37,134.77,2500959.0,134.96,11363
2023-08-17 18:00:00+00:00,134.77,134.79,133.97,134.02,2993097.0,134.35,13615
2023-08-17 19:00:00+00:00,134.02,134.42,133.53,133.98,6004174.0,134.048,30933
2023-08-18 13:30:00+00:00,131.69,132.74,131.17,131.93,6981651.0,131.936,25923
2023-08-18 14:00:00+00:00,131.92,133.03,131.56,132.71,6192844.0,132.308,27941
2023-08-18 15:00:00+00:00,132.71,133.6,132.16,133.56,4494929.0,132.757,21510
2023-08-18 16:00:00+00:00,133.56,133.61,132.84,132.86,3386112.0,133.188,15586
2023-08-18 17:00:00+00:00,132.86,133.15,132.36,133.05,3193144.0,132.817,14814
2023-08-18 18:00:00+00:00,133.06,133.66,132.93,133.26,3180351.0,133.314,14438
2023-08-18 19:00:00+00:00,133.26,134.07,132.95,133.23,5500249.0,133.383,30310
2023-08-21 13:30:00+00:00,133.74,134.88,133.28,134.86,4480208.0,134.128,19095
2023-08-21 14:00:00+00:00,134.87,135.19,133.41,133.49,4806617.0,134.149,21715
2023-08-21 15:00:00+00:00,133.49,133.8,132.71,133.09,3872349.0,133.147,16439
2023-08-21 16:00:00+00:00,133.09,134.06,132.96,134.0,3299819.0,133.543,12290
2023-08-21 17:00:00+00:00,134.0,134.49,133.58,134.16,3389132.0,134.05,14476
2023-08-21 18:00:00+00:00,134.16,134.81,134.15,134.48,3117773.0,134.47,12938
2023-08-21 19:00:00+00:00,134.49,134.91,134.39,134.67,4583766.0,134.64,24339
2023-08-22 13:30:00+00:00,135.14,135.65,134.42,134.51,4438765.0,134.92,17204
2023-08-22 14:00:00+00:00,134.52,135.28,134.26,135.13,4076138.0,134.738,18513
2023-08-22 15:00:00+00:00,135.11,135.59,134.78,134.88,3266333.0,135.227,16444
2023-08-22 16:00:00+00:00,134.89,134.98,134.34,134.63,2328518.0,134.691,11439
2023-08-22 17:00:00+00:00,134.64,134.71,133.91,134.25,2726469.0,134.241,12494
2023-08-22 18:00:00+00:00,134.24,134.49,133.73,134.22,2662005.0,134.116,12465
2023-08-22 19:00:00+00:00,134.21,134.62,133.78,134.24,3644017.0,134.177,19867
2023-08-23 13:30:00+00:00,134.49,134.6,133.22,133.93,5031237.0,133.863,22531
2023-08-23 14:00:00+00:00,133.95,135.05,133.62,134.94,5365409.0,134.32,23582
2023-08-23 15:00:00+00:00,134.95,135.25,134.64,135.24,3252199.0,134.899,15635
2023-08-23 16:00:00+00:00,135.24,135.54,134.87,135.33,2566493.0,135.198,12329
2023-08-23 17:00:00+00:00,135.34,135.95,135.25,135.69,2883978.0,135.639,13127
2023-08-23 18:00:00+00:00,135.7,135.7,134.8,134.98,3394204.0,135.126,14951
2023-08-23 19:00:00+00:00,134.97,135.6,134.86,135.5,6114800.0,135.228,30799
2023-08-24 13:30:00+00:00,136.39,136.78,134.62,135.15,4825112.0,135.578,20625
2023-08-24 14:00:00+00:00,135.14,135.4,132.9,133.62,6987920.0,133.805,31802
2023-08-24 15:00:00+00:00,133.64,133.65,132.03,132.04,4175523.0,132.861,20770
2023-08-24 16:00:00+00:00,132.04,133.29,132.03,132.84,3559148.0,132.732,15706
2023-08-24 17:00:00+00:00,132.85,133.04,132.56,132.85,1666226.0,132.813,8046
2023-08-24 18:00:00+00:00,132.85,133.15,132.49,132.93,2067958.0,132.826,9960
2023-08-24 19:00:00+00:00,132.95,133.01,131.83,131.84,5650375.0,132.303,30621
2023-08-25 13:30:00+00:00,132.47,133.19,132.47,132.94,3363330.0,132.829,14230
2023-08-25 14:00:00+00:00,132.93,133.87,130.71,130.8,7995003.0,132.26,36788
2023-08-25 15:00:00+00:00,130.81,132.09,130.58,131.23,5017612.0,131.321,23976
2023-08-25 16:00:00+00:00,131.2,132.22,131.19,132.13,2563099.0,131.858,11943
2023-08-25 17:00:00+00:00,132.11,132.39,131.83,132.24,2361667.0,132.068,10356
2023-08-25 18:00:00+00:00,132.23,133.31,132.2,133.26,3532932.0,132.976,16197
2023-08-25 19:00:00+00:00,133.26,133.63,132.96,133.24,5400299.0,133.308,25916
2023-08-28 13:30:00+00:00,133.81,133.95,131.9,132.46,4493396.0,132.887,18476
2023-08-28 14:00:00+00:00,132.48,133.12,131.96,132.19,4348466.0,132.514,18946
2023-08-28 15:00:00+00:00,132.2,132.55,131.85,132.27,3247401.0,132.172,13044
2023-08-28 16:00:00+00:00,132.26,132.86,132.03,132.82,2469732.0,132.422,9497
2023-08-28 17:00:00+00:00,132.83,133.09,132.03,132.12,2552652.0,132.701,10300
2023-08-28 18:00:00+00:00,132.12,132.72,132.09,132.64,1870311.0,132.342,8083
2023-08-28 19:00:00+00:00,132.65,133.31,132.49,133.15,4427762.0,132.957,21482
2023-08-29 13:30:00+00:00,133.38,134.36,133.25,133.69,3973072.0,133.74,15037
2023-08-29 14:00:00+00:00,133.71,134.81,133.69,134.18,6530919.0,134.309,32988
2023-08-29 15:00:00+00:00,134.17,134.99,134.12,134.52,4167271.0,134.541,18421
2023-08-29 16:00:00+00:00,134.51,134.61,134.09,134.14,3103026.0,134.367,14303
2023-08-29 17:00:00+00:00,134.14,134.62,134.01,134.25,2805832.0,134.292,13584
2023-08-29 18:00:00+00:00,134.23,134.78,134.23,134.68,2573994.0,134.595,12258
2023-08-29 19:00:00+00:00,134.68,135.14,134.53,134.9,5475343.0,134.888,28047
2023-08-30 13:30:00+00:00,134.99,135.62,134.19,135.42,3465529.0,134.897,14036
2023-08-30 14:00:00+00:00,135.42,135.68,133.92,134.92,4979780.0,134.842,23423
2023-08-30 15:00:00+00:00,134.93,135.28,134.62,135.26,2903581.0,134.944,13626
2023-08-30 16:00:00+00:00,135.25,135.6,135.0,135.24,2918559.0,135.352,13213
2023-08-30 17:00:00+00:00,135.25,135.36,134.71,134.94,2493253.0,135.074,11391
2023-08-30 18:00:00+00:00,134.94,135.21,134.56,135.17,2458500.0,134.877,11938
2023-08-30 19:00:00+00:00,135.17,135.3,134.78,135.08,4445071.0,134.985,22473
2023-08-31 13:30:00+00:00,135.06,137.8,135.0,137.76,7115495.0,136.572,26512
2023-08-31 14:00:00+00:00,137.76,138.79,137.68,138.22,9904994.0,138.267,41438
2023-08-31 15:00:00+00:00,138.21,138.52,137.56,137.58,4463142.0,138.021,18151
2023-08-31 16:00:00+00:00,137.58,137.84,136.92,137.23,3966926.0,137.384,18325
2023-08-31 17:00:00+00:00,137.23,138.05,137.19,137.72,3298371.0,137.745,13956
2023-08-31 18:00:00+00:00,137.73,138.39,137.69,138.09,3900096.0,138.102,14850
2023-08-31 19:00:00+00:00,138.08,138.57,137.99,138.0,7154453.0,138.269,35157
2023-09-01 13:30:00+00:00,139.41,139.96,137.93,138.52,5763421.0,138.835,25613
2023-09-01 14:00:00+00:00,138.49,139.09,137.3,137.44,5903496.0,138.258,27018
2023-09-01 15:00:00+00:00,137.44,137.99,136.93,136.97,3674679.0,137.45,17943
2023-09-01 16:00:00+00:00,136.96,137.48,136.87,137.42,3006319.0,137.158,13487
2023-09-01 17:00:00+00:00,137.42,137.55,136.96,137.43,2087193.0,137.257,9901
2023-09-01 18:00:00+00:00,137.43,137.56,137.06,137.35,1873666.0,137.306,8660
2023-09-01 19:00:00+00:00,137.34,138.21,137.31,138.14,5380762.0,137.816,27428
2023-09-05 13:30:00+00:00,137.7,137.8,135.98,136.08,5197127.0,136.817,21903
2023-09-05 14:00:00+00:00,136.09,136.84,135.82,136.45,4850225.0,136.289,22055
2023-09-05 15:00:00+00:00,136.46,137.04,136.3,136.39,3382537.0,136.666,15161
2023-09-05 16:00:00+00:00,136.4,136.91,136.37,136.77,2324667.0,136.702,9949
2023-09-05 17:00:00+00:00,136.77,136.95,136.54,136.78,1954340.0,136.766,9018
2023-09-05 18:00:00+00:00,136.78,137.26,136.77,137.24,2415911.0,136.991,10920
2023-09-05 19:00:00+00:00,137.24,137.4,136.73,137.25,5378199.0,137.1,27073
2023-09-06 13:30:00+00:00,136.32,137.45,135.83,137.26,4741400.0,136.558,20628
2023-09-06 14:00:00+00:00,137.25,137.26,135.68,135.98,5725999.0,136.169,27332
2023-09-06 15:00:00+00:00,135.98,136.17,135.57,135.89,3641939.0,135.884,16350
2023-09-06 16:00:00+00:00,135.91,135.91,134.69,134.8,3714679.0,135.204,18326
2023-09-06 17:00:00+00:00,134.79,135.34,134.61,135.15,2773467.0,134.994,13082
2023-09-06 18:00:00+00:00,135.16,135.36,134.91,134.97,2454038.0,135.129,11509
2023-09-06 19:00:00+00:00,134.97,135.52,134.71,135.36,4857401.0,135.233,26144
2023-09-07 13:30:00+00:00,133.9,135.33,133.16,135.3,4688431.0,134.175,21376
2023-09-07 14:00:00+00:00,135.29,136.72,134.92,135.98,6690027.0,135.968,31555
2023-09-07 15:00:00+00:00,136.0,136.34,135.47,135.79,4143220.0,135.932,19512
2023-09-07 16:00:00+00:00,135.8,136.56,135.75,136.28,3574649.0,136.228,14737
2023-09-07 17:00:00+00:00,136.28,137.51,136.25,137.46,4281064.0,137.012,17913
2023-09-07 18:00:00+00:00,137.47,137.72,137.06,137.51,3524933.0,137.37,16390
2023-09-07 19:00:00+00:00,137.51,138.03,137.32,137.85,6703083.0,137.713,36610
2023-09-08 13:30:00+00:00,136.81,137.74,136.75,136.97,4098294.0,137.325,19285
2023-09-08 14:00:00+00:00,136.97,138.55,136.77,137.89,6171587.0,138.015,27547
2023-09-08 15:00:00+00:00,137.89,138.86,137.67,138.34,3625179.0,138.424,17298
2023-09-08 16:00:00+00:00,138.35,138.67,138.1,138.47,2561231.0,138.333,12790
2023-09-08 17:00:00+00:00,138.47,138.74,138.29,138.65,2207316.0,138.547,10330
2023-09-08 18:00:00+00:00,138.64,138.8,137.81,137.87,3038236.0,138.177,14726
2023-09-08 19:00:00+00:00,137.86,138.29,137.66,138.23,4748307.0,138.009,25042
2023-09-11 13:30:00+00:00,138.68,140.55,138.64,140.15,6277174.0,139.778,28483
2023-09-11 14:00:00+00:00,140.17,141.39,140.02,141.16,6356631.0,140.713,28153
2023-09-11 15:00:00+00:00,141.15,141.99,140.95,141.22,4939959.0,141.481,22752
2023-09-11 16:00:00+00:00,141.22,141.95,141.17,141.53,4169963.0,141.465,19539
2023-09-11 17:00:00+00:00,141.53,142.45,141.31,142.32,3967102.0,141.929,19748
2023-09-11 18:00:00+00:00,142.32,142.94,142.2,142.93,4475518.0,142.535,20700
2023-09-11 19:00:00+00:00,142.92,143.62,142.91,143.13,10154935.0,143.22,50946
2023-09-12 13:30:00+00:00,142.32,142.45,141.43,142.2,5584154.0,142.018,24411
2023-09-12 14:00:00+00:00,142.19,142.45,140.87,140.89,5265675.0,141.682,25256
2023-09-12 15:00:00+00:00,140.88,141.32,140.61,141.09,3293428.0,141.015,15841
2023-09-12 16:00:00+00:00,141.09,142.12,141.09,141.91,2685087.0,141.682,12801
2023-09-12 17:00:00+00:00,141.91,143.0,141.56,141.71,4170871.0,142.226,17664
2023-09-12 18:00:00+00:00,141.71,142.02,141.08,141.22,3141828.0,141.526,15509
2023-09-12 19:00:00+00:00,141.22,141.51,141.1,141.25,4833922.0,141.276,27167
2023-09-13 13:30:00+00:00,140.98,143.21,140.86,142.96,6048946.0,142.213,25739
2023-09-13 14:00:00+00:00,142.97,144.06,141.63,143.96,7835079.0,143.031,34740
2023-09-13 15:00:00+00:00,143.97,144.39,143.33,143.82,5875828.0,143.983,26578
2023-09-13 16:00:00+00:00,143.82,144.5,143.52,144.18,3783737.0,144.031,17610
2023-09-13 17:00:00+00:00,144.18,144.52,144.06,144.24,3437826.0,144.302,15952
2023-09-13 18:00:00+00:00,144.24,144.49,143.55,144.06,4920516.0,144.089,25508
2023-09-13 19:00:00+00:00,144.07,144.98,143.67,144.86,8832369.0,144.413,47719
2023-09-14 13:30:00+00:00,145.11,145.57,142.95,143.8,9091717.0,144.229,38266
2023-09-14 14:00:00+00:00,143.82,145.54,143.22,144.9,9212273.0,144.483,38482
2023-09-14 15:00:00+00:00,144.9,145.73,144.41,145.17,5584443.0,145.088,25246
2023-09-14 16:00:00+00:00,145.18,145.35,144.49,145.27,4900350.0,144.965,21179
2023-09-14 17:00:00+00:00,145.27,145.57,145.05,145.31,3190686.0,145.319,15071
2023-09-14 18:00:00+00:00,145.31,145.65,145.21,145.57,3288362.0,145.419,16968
2023-09-14 19:00:00+00:00,145.57,145.86,144.54,144.71,8136029.0,145.063,44424
2023-09-15 13:30:00+00:00,142.72,143.57,141.52,142.03,16996675.0,142.509,39787
2023-09-15 14:00:00+00:00,142.02,142.19,140.09,140.48,10117708.0,141.033,47185
2023-09-15 15:00:00+00:00,140.47,141.34,140.37,141.02,5986402.0,140.936,28722
2023-09-15 16:00:00+00:00,141.02,141.36,140.65,141.32,3646603.0,141.033,17779
2023-09-15 17:00:00+00:00,141.32,141.37,140.42,140.94,3653569.0,140.795,17848
2023-09-15 18:00:00+00:00,140.94,140.95,140.39,140.66,3714543.0,140.631,18006
2023-09-15 19:00:00+00:00,140.65,141.05,140.33,140.4,7856950.0,140.612,41825
2023-09-18 13:30:00+00:00,140.51,141.75,140.36,140.67,5193265.0,140.992,21807
2023-09-18 14:00:00+00:00,140.65,141.49,139.53,139.64,5641366.0,140.491,25300
2023-09-18 15:00:00+00:00,139.63,140.09,139.33,139.94,3611035.0,139.739,15593
2023-09-18 16:00:00+00:00,139.94,140.06,139.48,139.53,2367846.0,139.782,10462
2023-09-18 17:00:00+00:00,139.54,139.71,139.3,139.6,2383661.0,139.513,11017
2023-09-18 18:00:00+00:00,139.61,139.98,139.22,139.38,2392293.0,139.701,11896
2023-09-18 19:00:00+00:00,139.37,140.0,139.33,139.95,4808519.0,139.671,24268
2023-09-19 13:30:00+00:00,138.71,138.84,136.73,136.8,7282060.0,137.649,31009
2023-09-19 14:00:00+00:00,136.8,137.02,135.65,135.74,9046105.0,136.33,36794
2023-09-19 15:00:00+00:00,135.73,136.16,135.56,136.07,5531048.0,135.922,23634
2023-09-19 16:00:00+00:00,136.06,136.6,135.9,136.56,4982210.0,136.217,19684
2023-09-19 17:00:00+00:00,136.55,137.27,136.4,137.19,4496768.0,136.863,19363
2023-09-19 18:00:00+00:00,137.19,137.59,136.97,136.97,4084294.0,137.263,18466
2023-09-19 19:00:00+00:00,136.97,137.88,136.91,137.6,6300198.0,137.519,31002
2023-09-20 13:30:00+00:00,138.49,139.37,137.9,138.69,5708449.0,138.754,22458
2023-09-20 14:00:00+00:00,138.69,138.83,137.23,137.31,4569352.0,137.974,20439
2023-09-20 15:00:00+00:00,137.3,137.64,136.87,137.51,3901555.0,137.232,17872
2023-09-20 16:00:00+00:00,137.5,137.51,137.08,137.43,2071716.0,137.256,9922
2023-09-20 17:00:00+00:00,137.44,137.59,136.91,137.21,2358221.0,137.286,10912
2023-09-20 18:00:00+00:00,137.22,137.66,136.39,136.81,5171492.0,136.962,26632
2023-09-20 19:00:00+00:00,136.79,136.95,135.2,135.28,7497936.0,135.719,38805
2023-09-21 13:30:00+00:00,131.91,132.24,130.54,130.91,10605725.0,131.436,46457
2023-09-21 14:00:00+00:00,130.92,131.82,130.65,131.09,8368505.0,131.207,39359
2023-09-21 15:00:00+00:00,131.08,131.24,130.45,130.9,5988518.0,130.882,27374
2023-09-21 16:00:00+00:00,130.91,130.96,130.41,130.66,4322833.0,130.635,20571
2023-09-21 17:00:00+00:00,130.65,131.18,130.59,130.92,3899743.0,130.871,18825
2023-09-21 18:00:00+00:00,130.92,130.95,129.83,129.95,5557490.0,130.292,25313
2023-09-21 19:00:00+00:00,129.94,130.09,129.31,129.32,10905230.0,129.634,52569
2023-09-22 13:30:00+00:00,131.11,131.79,130.64,131.32,7517779.0,131.233,34930
2023-09-22 14:00:00+00:00,131.33,131.58,130.23,131.36,6552346.0,131.003,30928
2023-09-22 15:00:00+00:00,131.38,132.03,130.82,130.82,4314457.0,131.443,20010
2023-09-22 16:00:00+00:00,130.81,131.24,130.74,131.03,3080276.0,131.013,13276
2023-09-22 17:00:00+00:00,131.03,131.04,129.18,129.48,5649376.0,129.863,26315
2023-09-22 18:00:00+00:00,129.48,129.6,128.52,129.16,4075911.0,129.017,18395
2023-09-22 19:00:00+00:00,129.15,130.03,128.86,129.09,6544864.0,129.435,33258
2023-09-25 13:30:00+00:00,129.36,131.09,128.77,131.09,6679350.0,129.845,27492
2023-09-25 14:00:00+00:00,131.08,131.18,130.04,130.35,6014495.0,130.663,26117
2023-09-25 15:00:00+00:00,130.36,131.37,130.34,131.19,4302432.0,131.009,20105
2023-09-25 16:00:00+00:00,131.19,131.78,130.87,131.28,4492769.0,131.345,18811
2023-09-25 17:00:00+00:00,131.29,131.62,131.08,131.51,3006114.0,131.32,12928
2023-09-25 18:00:00+00:00,131.53,131.76,131.2,131.29,3227772.0,131.534,14006
2023-09-25 19:00:00+00:00,131.3,131.41,130.7,131.31,6826091.0,131.059,32198
2023-09-26 13:30:00+00:00,130.12,130.39,128.0,128.21,7071226.0,129.26,28167
2023-09-26 14:00:00+00:00,128.2,128.33,126.76,127.05,10641534.0,127.321,44461
2023-09-26 15:00:00+00:00,127.04,127.45,126.72,127.09,5661793.0,127.099,22733
2023-09-26 16:00:00+00:00,127.1,128.15,126.9,127.62,5885861.0,127.486,24361
2023-09-26 17:00:00+00:00,127.62,127.73,126.76,127.04,4364637.0,127.232,18791
2023-09-26 18:00:00+00:00,127.04,127.04,125.72,125.98,7971992.0,126.267,32152
2023-09-26 19:00:00+00:00,125.97,126.07,125.28,125.98,11886842.0,125.726,51993
2023-09-27 13:30:00+00:00,125.76,127.48,125.4,126.12,7588126.0,126.427,27734
2023-09-27 14:00:00+00:00,126.13,126.16,124.13,124.28,12612015.0,124.974,48847
2023-09-27 15:00:00+00:00,124.28,125.16,124.16,124.57,6683554.0,124.612,27217
2023-09-27 16:00:00+00:00,124.57,124.93,124.15,124.47,4637644.0,124.573,18550
2023-09-27 17:00:00+00:00,124.47,125.57,124.45,125.21,5898662.0,125.074,21092
2023-09-27 18:00:00+00:00,125.22,126.32,124.84,126.07,5743712.0,125.581,21458
2023-09-27 19:00:00+00:00,126.07,126.81,125.78,126.02,7541836.0,126.221,33483
2023-09-28 13:30:00+00:00,124.04,124.52,123.04,123.63,9987781.0,123.682,37871
2023-09-28 14:00:00+00:00,123.65,124.9,123.42,124.73,8310573.0,124.228,32211
2023-09-28 15:00:00+00:00,124.73,126.12,124.51,125.91,5739945.0,125.372,21889
2023-09-28 16:00:00+00:00,125.92,126.59,125.71,125.92,4493459.0,126.184,16038
2023-09-28 17:00:00+00:00,125.92,126.37,125.54,125.79,3899743.0,125.947,13722
2023-09-28 18:00:00+00:00,125.8,126.3,125.4,125.93,3569268.0,125.848,12630
2023-09-28 19:00:00+00:00,125.93,126.36,125.74,125.99,5995648.0,126.065,25894
2023-09-29 13:30:00+00:00,128.14,129.15,127.62,128.4,7468860.0,128.348,26958
2023-09-29 14:00:00+00:00,128.41,128.75,127.73,128.3,7698977.0,128.209,27838
2023-09-29 15:00:00+00:00,128.31,128.65,127.35,127.72,6071301.0,127.962,23108
2023-09-29 16:00:00+00:00,127.71,128.06,127.06,127.38,4225505.0,127.601,15229
2023-09-29 17:00:00+00:00,127.38,127.38,126.32,126.78,5059634.0,126.832,16542
2023-09-29 18:00:00+00:00,126.77,127.42,126.52,127.37,4408730.0,126.928,16847
2023-09-29 19:00:00+00:00,127.38,127.87,126.73,127.1,9432800.0,127.258,38645
2023-10-02 13:30:00+00:00,127.25,128.7,126.54,128.19,5628913.0,127.761,22777
2023-10-02 14:00:00+00:00,128.18,129.57,128.08,129.12,6602390.0,128.93,31153
2023-10-02 15:00:00+00:00,129.13,130.47,128.78,129.08,6174932.0,129.645,29418
2023-10-02 16:00:00+00:00,129.08,129.34,128.57,128.71,3589188.0,128.964,16390
2023-10-02 17:00:00+00:00,128.71,129.0,128.26,128.83,3101830.0,128.719,13891
2023-10-02 18:00:00+00:00,128.83,129.54,128.55,128.97,3752609.0,128.98,17539
2023-10-02 19:00:00+00:00,128.96,129.47,128.62,129.46,5747800.0,129.094,30261
2023-10-03 13:30:00+00:00,128.12,128.52,126.81,127.44,5118536.0,127.709,20433
2023-10-03 14:00:00+00:00,127.44,127.45,125.32,125.32,8018864.0,126.052,35393
2023-10-03 15:00:00+00:00,125.32,125.42,124.8,125.12,5690768.0,125.043,23139
2023-10-03 16:00:00+00:00,125.13,125.7,125.1,125.46,3461100.0,125.36,14142
2023-10-03 17:00:00+00:00,125.44,125.72,124.58,124.62,3406742.0,125.084,13986
2023-10-03 18:00:00+00:00,124.61,124.83,124.41,124.61,3085864.0,124.629,12857
2023-10-03 19:00:00+00:00,124.61,124.89,124.25,124.78,7212964.0,124.597,35859
2023-10-04 13:30:00+00:00,126.06,127.28,125.68,126.63,5718213.0,126.557,22290
2023-10-04 14:00:00+00:00,126.6,127.36,125.81,126.33,6266401.0,126.541,26652
2023-10-04 15:00:00+00:00,126.31,126.67,125.9,126.53,4248492.0,126.288,18754
2023-10-04 16:00:00+00:00,126.51,126.93,125.86,126.59,3817285.0,126.34,17033
2023-10-04 17:00:00+00:00,126.59,126.85,126.21,126.25,2735354.0,126.548,12486
2023-10-04 18:00:00+00:00,126.25,126.52,125.82,126.38,2886436.0,126.215,13320
2023-10-04 19:00:00+00:00,126.39,127.3,126.36,126.89,6142320.0,126.957,31214
2023-10-05 13:30:00+00:00,126.77,126.77,125.44,125.77,4221476.0,126.01,16700
2023-10-05 14:00:00+00:00,125.77,125.79,124.36,124.51,5772378.0,124.948,25053
2023-10-05 15:00:00+00:00,124.5,125.22,124.33,125.04,3853663.0,124.721,16433
2023-10-05 16:00:00+00:00,125.05,125.83,124.95,125.67,3171906.0,125.534,13377
2023-10-05 17:00:00+00:00,125.67,125.97,125.27,125.85,2917839.0,125.658,12503
2023-10-05 18:00:00+00:00,125.84,126.45,125.83,126.27,3046994.0,126.133,12523
2023-10-05 19:00:00+00:00,126.27,126.34,125.78,125.95,5046769.0,126.001,24402
2023-10-06 13:30:00+00:00,124.19,125.4,124.13,125.02,4606162.0,124.83,17583
2023-10-06 14:00:00+00:00,125.03,125.99,124.36,125.94,6062362.0,125.208,25265
2023-10-06 15:00:00+00:00,125.95,127.21,125.82,127.17,5328806.0,126.372,22664
2023-10-06 16:00:00+00:00,127.16,127.4,126.81,127.06,3767166.0,127.133,16281
2023-10-06 17:00:00+00:00,127.06,127.66,127.04,127.55,3196213.0,127.44,13793
2023-10-06 18:00:00+00:00,127.55,128.23,127.48,128.06,3249913.0,127.865,15106
2023-10-06 19:00:00+00:00,128.05,128.45,127.74,127.97,5899994.0,128.079,29628
2023-10-09 13:30:00+00:00,126.21,126.42,124.76,126.24,5635668.0,125.756,21157
2023-10-09 14:00:00+00:00,126.23,126.45,125.31,125.55,4927864.0,125.851,21474
2023-10-09 15:00:00+00:00,125.52,126.43,125.34,126.41,2916840.0,125.902,12761
2023-10-09 16:00:00+00:00,126.42,127.01,126.3,126.73,3102467.0,126.668,11536
2023-10-09 17:00:00+00:00,126.75,128.35,126.74,128.34,3213935.0,127.533,12430
2023-10-09 18:00:00+00:00,128.35,128.79,127.99,128.5,3228362.0,128.36,12925
2023-10-09 19:00:00+00:00,128.52,128.77,127.96,128.29,4825179.0,128.31,23878
2023-10-10 13:30:00+00:00,128.88,129.58,128.05,129.42,5292698.0,129.05,20950
2023-10-10 14:00:00+00:00,129.43,129.97,129.19,129.74,5057873.0,129.66,21236
2023-10-10 15:00:00+00:00,129.75,130.72,129.67,130.5,4191076.0,130.314,19194
2023-10-10 16:00:00+00:00,130.5,130.74,130.21,130.25,3032446.0,130.506,13657
2023-10-10 17:00:00+00:00,130.23,130.24,129.1,129.81,4263157.0,129.582,20294
2023-10-10 18:00:00+00:00,129.81,129.92,129.27,129.47,3072251.0,129.651,14295
2023-10-10 19:00:00+00:00,129.47,129.68,129.33,129.48,5442772.0,129.523,26867
2023-10-11 13:30:00+00:00,129.74,130.95,129.65,130.37,4337953.0,130.31,16118
2023-10-11 14:00:00+00:00,130.38,130.46,129.61,130.34,4560005.0,130.007,20721
2023-10-11 15:00:00+00:00,130.34,130.79,129.73,130.18,3855046.0,130.284,16627
2023-10-11 16:00:00+00:00,130.18,130.53,129.97,130.46,3265894.0,130.238,14942
2023-10-11 17:00:00+00:00,130.46,130.51,129.95,130.44,2606061.0,130.24,11801
2023-10-11 18:00:00+00:00,130.44,131.14,130.33,130.94,3775661.0,130.77,17860
2023-10-11 19:00:00+00:00,130.94,132.05,130.73,131.83,7820514.0,131.564,41377
2023-10-12 13:30:00+00:00,132.12,133.15,131.4,132.17,6711067.0,132.271,27010
2023-10-12 14:00:00+00:00,132.15,134.42,131.71,134.37,9910375.0,133.51,40222
2023-10-12 15:00:00+00:00,134.36,134.45,133.55,133.98,5343015.0,134.019,24004
2023-10-12 16:00:00+00:00,133.98,134.48,133.52,133.69,4602344.0,134.039,19421
2023-10-12 17:00:00+00:00,133.69,133.84,131.67,131.9,6292349.0,132.326,27291
2023-10-12 18:00:00+00:00,131.91,132.14,131.23,131.94,5068450.0,131.675,22010
2023-10-12 19:00:00+00:00,131.95,132.46,131.86,132.34,6169708.0,132.259,30645
2023-10-13 13:30:00+00:00,132.98,133.32,131.41,132.25,5581884.0,132.351,19563
2023-10-13 14:00:00+00:00,132.22,132.73,131.1,131.41,5990127.0,132.022,23811
2023-10-13 15:00:00+00:00,131.41,131.44,129.81,129.88,4866136.0,130.588,20752
2023-10-13 16:00:00+00:00,129.88,130.89,129.82,130.19,3491782.0,130.351,14345
2023-10-13 17:00:00+00:00,130.19,130.22,128.95,129.55,4040008.0,129.56,17413
2023-10-13 18:00:00+00:00,129.53,130.02,129.31,129.86,2921201.0,129.659,13286
2023-10-13 19:00:00+00:00,129.88,130.24,129.35,129.81,6208793.0,129.744,31718
2023-10-16 13:30:00+00:00,130.69,132.26,130.42,132.16,5138500.0,131.299,20839
2023-10-16 14:00:00+00:00,132.17,132.29,131.48,131.85,5910745.0,131.817,28140
2023-10-16 15:00:00+00:00,131.86,132.11,131.48,131.78,4374003.0,131.868,20637
2023-10-16 16:00:00+00:00,131.79,132.04,131.59,131.94,2771725.0,131.837,12894
2023-10-16 17:00:00+00:00,131.94,132.82,131.42,132.77,4324826.0,132.228,18756
2023-10-16 18:00:00+00:00,132.77,133.07,132.6,133.01,3532909.0,132.878,16576
2023-10-16 19:00:00+00:00,133.0,133.07,132.43,132.54,5812376.0,132.699,31062
2023-10-17 13:30:00+00:00,130.37,130.52,128.71,129.2,7774645.0,129.584,33590
2023-10-17 14:00:00+00:00,129.18,131.45,129.09,131.04,6945782.0,130.547,30686
2023-10-17 15:00:00+00:00,131.03,132.12,131.02,131.8,4050060.0,131.624,17798
2023-10-17 16:00:00+00:00,131.8,132.58,131.75,132.08,4064183.0,132.255,16292
2023-10-17 17:00:00+00:00,132.08,132.22,131.0,131.13,3060244.0,131.757,14044
2023-10-17 18:00:00+00:00,131.13,131.52,130.73,130.96,3079692.0,131.227,13989
2023-10-17 19:00:00+00:00,130.95,131.59,130.73,131.45,5203536.0,131.21,27807
2023-10-18 13:30:00+00:00,129.87,130.28,129.18,130.07,4741828.0,129.764,20011
2023-10-18 14:00:00+00:00,130.07,130.67,129.16,129.2,5243673.0,129.833,23632
2023-10-18 15:00:00+00:00,129.2,129.64,128.96,129.37,3504202.0,129.28,18259
2023-10-18 16:00:00+00:00,129.37,129.83,128.82,128.88,2978084.0,129.282,13231
2023-10-18 17:00:00+00:00,128.88,129.68,128.48,128.7,3882508.0,129.023,17623
2023-10-18 18:00:00+00:00,128.71,129.03,128.13,128.28,3785371.0,128.546,17430
2023-10-18 19:00:00+00:00,128.28,128.35,127.51,128.13,6707525.0,128.052,33561
2023-10-19 13:30:00+00:00,130.55,132.14,130.23,130.63,8304874.0,131.071,36898
2023-10-19 14:00:00+00:00,130.61,132.24,130.56,131.27,8014137.0,131.457,33582
2023-10-19 15:00:00+00:00,131.28,131.44,129.81,130.28,4491187.0,130.444,19267
2023-10-19 16:00:00+00:00,130.29,131.04,128.72,129.66,7664504.0,129.908,31045
2023-10-19 17:00:00+00:00,129.64,130.13,128.63,128.88,4806390.0,129.38,21735
2023-10-19 18:00:00+00:00,128.87,129.29,127.88,128.01,4520605.0,128.556,21874
2023-10-19 19:00:00+00:00,128.03,128.62,127.47,128.31,7840051.0,128.225,41913
2023-10-20 13:30:00+00:00,128.02,128.17,126.05,126.44,8896066.0,127.271,29670
2023-10-20 14:00:00+00:00,126.44,126.72,125.01,125.05,8750303.0,125.634,39370
2023-10-20 15:00:00+00:00,125.04,126.06,124.99,125.79,5104605.0,125.502,23702
2023-10-20 16:00:00+00:00,125.79,126.5,125.31,126.43,4260000.0,125.902,19939
2023-10-20 17:00:00+00:00,126.44,126.64,125.9,126.25,3773015.0,126.282,17729
2023-10-20 18:00:00+00:00,126.24,126.36,125.57,125.86,3549737.0,125.95,16171
2023-10-20 19:00:00+00:00,125.86,126.11,125.06,125.13,7230154.0,125.476,36670
2023-10-23 13:30:00+00:00,124.61,125.17,123.98,124.49,6097488.0,124.513,24966
2023-10-23 14:00:00+00:00,124.47,125.78,124.38,125.78,5904410.0,125.196,27950
2023-10-23 15:00:00+00:00,125.78,126.57,125.62,126.5,4481393.0,126.06,19150
2023-10-23 16:00:00+00:00,126.51,127.88,126.42,127.88,4475434.0,127.224,18732
2023-10-23 17:00:00+00:00,127.88,127.88,127.16,127.52,3740178.0,127.503,15565
2023-10-23 18:00:00+00:00,127.52,127.79,127.15,127.62,3206067.0,127.479,14912
2023-10-23 19:00:00+00:00,127.62,127.7,126.43,126.56,6436278.0,127.023,35033
2023-10-24 13:30:00+00:00,127.74,128.47,126.9,128.37,5766386.0,127.672,20436
2023-10-24 14:00:00+00:00,128.35,128.8,127.55,128.35,5601872.0,128.175,24840
2023-10-24 15:00:00+00:00,128.35,128.63,127.03,127.62,4197202.0,127.749,18547
2023-10-24 16:00:00+00:00,127.63,127.72,126.34,126.64,3531293.0,126.894,15672
2023-10-24 17:00:00+00:00,126.64,127.55,126.54,127.31,3396911.0,127.142,14802
2023-10-24 18:00:00+00:00,127.3,127.89,127.13,127.77,2688114.0,127.506,12588
2023-10-24 19:00:00+00:00,127.76,128.74,127.61,128.58,6690385.0,128.323,31801
2023-10-25 13:30:00+00:00,126.0,126.34,124.23,124.83,8269416.0,124.943,34449
2023-10-25 14:00:00+00:00,124.81,125.01,123.12,123.22,9807930.0,124.245,43093
2023-10-25 15:00:00+00:00,123.22,124.39,122.23,122.35,8706335.0,123.328,38902
2023-10-25 16:00:00+00:00,122.35,122.78,121.82,122.1,6491207.0,122.332,30682
2023-10-25 17:00:00+00:00,122.11,122.34,120.79,121.32,7143234.0,121.525,31383
2023-10-25 18:00:00+00:00,121.31,121.69,120.99,121.58,5107927.0,121.36,24815
2023-10-25 19:00:00+00:00,121.57,121.68,121.08,121.4,8709066.0,121.368,45325
2023-10-26 13:30:00+00:00,120.63,121.64,118.37,118.53,9973813.0,120.067,42103
2023-10-26 14:00:00+00:00,118.52,120.86,118.35,120.76,9654805.0,119.482,46702
2023-10-26 15:00:00+00:00,120.76,121.0,119.51,119.91,6126303.0,120.131,29071
2023-10-26 16:00:00+00:00,119.91,119.92,118.41,118.55,5101481.0,118.937,24770
2023-10-26 17:00:00+00:00,118.55,119.77,118.46,119.61,5308933.0,119.124,26347
2023-10-26 18:00:00+00:00,119.61,120.51,119.48,120.46,5487232.0,119.979,26511
2023-10-26 19:00:00+00:00,120.45,120.7,119.31,119.66,11866122.0,119.844,60324
2023-10-27 13:30:00+00:00,126.19,129.05,125.52,127.95,25315433.0,127.423,111551
2023-10-27 14:00:00+00:00,127.95,129.49,127.76,129.46,19204729.0,128.806,92256
2023-10-27 15:00:00+00:00,129.46,130.01,129.1,129.58,11266317.0,129.609,52554
2023-10-27 16:00:00+00:00,129.58,129.76,128.59,128.68,7346929.0,129.333,33646
2023-10-27 17:00:00+00:00,128.68,128.79,126.81,127.2,10151513.0,127.938,46684
2023-10-27 18:00:00+00:00,127.21,128.25,126.92,127.99,9162168.0,127.645,37373
2023-10-27 19:00:00+00:00,128.0,128.35,127.14,127.77,11445734.0,127.686,56462
2023-10-30 13:30:00+00:00,129.75,132.43,128.56,131.88,12075406.0,131.06,48861
2023-10-30 14:00:00+00:00,131.89,131.93,130.05,130.63,10576146.0,130.869,47103
2023-10-30 15:00:00+00:00,130.65,131.98,130.52,131.93,6060517.0,131.074,28655
2023-10-30 16:00:00+00:00,131.92,132.38,131.16,131.47,5963202.0,131.741,25495
2023-10-30 17:00:00+00:00,131.46,132.71,131.12,132.63,5728271.0,131.904,24679
2023-10-30 18:00:00+00:00,132.63,132.88,132.35,132.64,5457221.0,132.632,24593
2023-10-30 19:00:00+00:00,132.65,133.0,132.46,132.71,9179969.0,132.747,45317
2023-10-31 13:30:00+00:00,132.72,133.31,131.83,132.53,5544110.0,132.513,22504
2023-10-31 14:00:00+00:00,132.51,133.57,132.37,132.64,7072160.0,132.962,33157
2023-10-31 15:00:00+00:00,132.65,132.95,131.87,132.34,4490241.0,132.337,19715
2023-10-31 16:00:00+00:00,132.32,132.7,131.71,132.66,4034646.0,132.147,18202
2023-10-31 17:00:00+00:00,132.67,133.02,132.28,132.89,3316426.0,132.684,14431
2023-10-31 18:00:00+00:00,132.9,133.18,132.61,133.1,3241363.0,132.926,13801
2023-10-31 19:00:00+00:00,133.09,133.34,132.7,133.07,5673902.0,133.022,29888
2023-11-01 13:30:00+00:00,133.94,135.73,133.71,134.77,7255539.0,134.715,29057
2023-11-01 14:00:00+00:00,134.78,135.83,134.16,135.42,6894780.0,135.166,31457
2023-11-01 15:00:00+00:00,135.41,135.75,134.71,135.46,4078031.0,135.199,19480
2023-11-01 16:00:00+00:00,135.46,136.03,135.22,135.96,4442403.0,135.63,20441
2023-11-01 17:00:00+00:00,135.96,136.03,135.56,135.8,3926238.0,135.797,20140
2023-11-01 18:00:00+00:00,135.81,136.16,134.99,135.92,6543002.0,135.619,34719
2023-11-01 19:00:00+00:00,135.93,137.35,135.93,137.01,10811607.0,136.809,55798
2023-11-02 13:30:00+00:00,138.73,138.81,137.17,137.79,7018048.0,138.213,26884
2023-11-02 14:00:00+00:00,137.79,137.85,136.47,137.22,7229705.0,137.189,32009
2023-11-02 15:00:00+00:00,137.22,137.83,136.61,137.18,5202540.0,137.196,23414
2023-11-02 16:00:00+00:00,137.17,137.51,136.77,137.27,3363634.0,137.186,14579
2023-11-02 17:00:00+00:00,137.28,137.81,137.11,137.75,2837684.0,137.515,12930
2023-11-02 18:00:00+00:00,137.75,138.01,137.48,137.72,3402776.0,137.768,16169
2023-11-02 19:00:00+00:00,137.71,138.2,137.52,138.1,6678187.0,137.977,33391
2023-11-03 13:30:00+00:00,139.01,139.49,138.39,138.6,6802327.0,138.915,23018
2023-11-03 14:00:00+00:00,138.63,139.07,137.45,138.23,6846856.0,138.087,30475
2023-11-03 15:00:00+00:00,138.23,138.63,137.95,138.44,3405381.0,138.337,14963
2023-11-03 16:00:00+00:00,138.44,139.02,138.27,138.84,3103355.0,138.737,13364
2023-11-03 17:00:00+00:00,138.83,139.11,138.61,138.99,2833127.0,138.849,12755
2023-11-03 18:00:00+00:00,138.99,139.17,138.82,138.88,2842939.0,139.006,14012
2023-11-03 19:00:00+00:00,138.87,138.92,138.19,138.57,5555567.0,138.507,28508
2023-11-06 14:30:00+00:00,138.76,140.62,138.36,140.21,6444065.0,139.629,24620
2023-11-06 15:00:00+00:00,140.22,140.73,139.81,140.07,5532875.0,140.285,23751
2023-11-06 16:00:00+00:00,140.06,140.37,139.53,139.96,3409828.0,139.979,14893
2023-11-06 17:00:00+00:00,139.96,140.1,139.47,139.73,2533989.0,139.778,11271
2023-11-06 18:00:00+00:00,139.73,139.74,139.1,139.25,2607035.0,139.358,12405
2023-11-06 19:00:00+00:00,139.26,139.54,138.97,139.53,2931329.0,139.214,14336
2023-11-06 20:00:00+00:00,139.52,139.77,139.09,139.77,5416474.0,139.429,28519
2023-11-07 14:30:00+00:00,140.55,142.25,140.5,142.24,7490991.0,141.444,30006
2023-11-07 15:00:00+00:00,142.25,143.13,141.42,142.74,7816250.0,142.331,34316
2023-11-07 16:00:00+00:00,142.75,143.32,142.53,142.81,4961619.0,142.869,20854
2023-11-07 17:00:00+00:00,142.81,143.04,142.36,142.99,3909305.0,142.663,17874
2023-11-07 18:00:00+00:00,142.99,143.3,142.9,143.0,3517067.0,143.094,14867
2023-11-07 19:00:00+00:00,143.0,143.37,142.94,143.04,3568308.0,143.179,15098
2023-11-07 20:00:00+00:00,143.05,143.2,142.55,142.75,6924882.0,142.887,37440
2023-11-08 14:30:00+00:00,142.97,143.12,141.84,142.31,6176614.0,142.546,23081
2023-11-08 15:00:00+00:00,142.32,142.49,141.3,141.77,6420456.0,141.866,27624
2023-11-08 16:00:00+00:00,141.77,142.25,141.53,141.55,3368202.0,141.885,15232
2023-11-08 17:00:00+00:00,141.55,141.72,141.26,141.37,2841643.0,141.475,11988
2023-11-08 18:00:00+00:00,141.37,142.15,141.21,142.15,3321024.0,141.842,13038
2023-11-08 19:00:00+00:00,142.15,142.55,141.9,142.0,2810272.0,142.279,12150
2023-11-08 20:00:00+00:00,142.0,142.27,141.66,142.12,5051854.0,141.988,26255
2023-11-09 14:30:00+00:00,142.1,142.65,141.84,142.45,4123337.0,142.185,16431
2023-11-09 15:00:00+00:00,142.45,142.53,141.45,141.95,3627166.0,141.841,15940
2023-11-09 16:00:00+00:00,141.96,142.35,141.66,142.09,2972101.0,141.994,12071
2023-11-09 17:00:00+00:00,142.08,142.33,141.66,142.09,2223876.0,141.977,9388
2023-11-09 18:00:00+00:00,142.11,142.18,140.92,141.14,3327827.0,141.315,15687
2023-11-09 19:00:00+00:00,141.15,141.15,140.01,140.18,3593575.0,140.554,16527
2023-11-09 20:00:00+00:00,140.17,140.6,139.84,140.6,5216065.0,140.332,28191
2023-11-10 14:30:00+00:00,140.4,141.71,139.91,141.55,6449672.0,140.835,25517
2023-11-10 15:00:00+00:00,141.54,141.55,140.17,140.82,4463104.0,140.757,21037
2023-11-10 16:00:00+00:00,140.83,142.35,140.78,142.01,5473804.0,141.852,23601
2023-11-10 17:00:00+00:00,142.01,143.0,141.95,142.84,3911676.0,142.571,17332
2023-11-10 18:00:00+00:00,142.84,143.23,142.6,142.99,3715801.0,142.947,17942
2023-11-10 19:00:00+00:00,142.99,143.34,142.9,143.16,2561915.0,143.164,12633
2023-11-10 20:00:00+00:00,143.16,143.65,142.96,143.57,7125042.0,143.354,35708
2023-11-13 14:30:00+00:00,142.08,142.23,140.67,141.54,6019084.0,141.392,26383
2023-11-13 15:00:00+00:00,141.53,142.88,141.51,142.63,6671870.0,142.173,26569
2023-11-13 16:00:00+00:00,142.64,143.23,142.29,142.97,4286852.0,142.811,17533
2023-11-13 17:00:00+00:00,142.97,143.09,142.55,142.78,2148561.0,142.763,9514
2023-11-13 18:00:00+00:00,142.78,143.08,142.6,142.97,1988040.0,142.863,9217
2023-11-13 19:00:00+00:00,142.97,143.19,142.83,142.91,1864840.0,143.029,8793
2023-11-13 20:00:00+00:00,142.91,143.04,142.47,142.59,3992289.0,142.7,21952
2023-11-14 14:30:00+00:00,145.0,147.21,144.68,146.36,10804068.0,146.026,44701
2023-11-14 15:00:00+00:00,146.36,147.26,146.23,146.24,7863259.0,146.803,33326
2023-11-14 16:00:00+00:00,146.24,146.83,145.7,145.77,4044783.0,146.33,18636
2023-11-14 17:00:00+00:00,145.78,146.24,145.47,146.21,3774718.0,145.852,16672
2023-11-14 18:00:00+00:00,146.21,146.6,145.76,145.86,2987646.0,146.264,14814
2023-11-14 19:00:00+00:00,145.86,146.23,145.49,146.17,3635792.0,145.879,17741
2023-11-14 20:00:00+00:00,146.17,146.52,145.62,145.8,7570958.0,146.153,35831
2023-11-15 14:30:00+00:00,147.06,147.29,144.7,145.26,7428537.0,145.652,29886
2023-11-15 15:00:00+00:00,145.24,145.61,143.88,143.91,8505432.0,144.823,35958
2023-11-15 16:00:00+00:00,143.91,144.24,143.08,143.17,9674294.0,143.66,42282
2023-11-15 17:00:00+00:00,143.17,143.86,142.72,143.66,6202922.0,143.243,25880
2023-11-15 18:00:00+00:00,143.63,143.64,142.59,143.3,4441770.0,143.068,18926
2023-11-15 19:00:00+00:00,143.3,143.88,142.94,143.79,3649125.0,143.396,15708
2023-11-15 20:00:00+00:00,143.8,143.81,143.02,143.24,7105795.0,143.358,36261
2023-11-16 14:30:00+00:00,140.9,142.29,139.52,142.24,10223370.0,140.521,42518
2023-11-16 15:00:00+00:00,142.25,143.13,142.01,142.34,7609290.0,142.565,34027
2023-11-16 16:00:00+00:00,142.34,143.03,141.79,142.64,4972330.0,142.471,22392
2023-11-16 17:00:00+00:00,142.66,143.32,142.56,142.94,3335486.0,143.0,12177
2023-11-16 18:00:00+00:00,142.94,142.96,142.14,142.26,2914761.0,142.624,12524
2023-11-16 19:00:00+00:00,142.26,142.64,141.83,142.5,3373520.0,142.281,14470
2023-11-16 20:00:00+00:00,142.49,142.94,142.28,142.84,5728759.0,142.628,28090
2023-11-17 14:30:00+00:00,142.67,144.08,142.54,143.96,7746894.0,143.18,20125
2023-11-17 15:00:00+00:00,143.97,144.64,143.57,144.36,6447136.0,144.164,25562
2023-11-17 16:00:00+00:00,144.37,144.54,143.98,144.1,2975907.0,144.181,12593
2023-11-17 17:00:00+00:00,144.1,144.69,144.06,144.59,2332469.0,144.323,9730
2023-11-17 18:00:00+00:00,144.59,144.9,144.4,144.67,2582748.0,144.694,10629
2023-11-17 19:00:00+00:00,144.68,145.05,144.37,144.44,3052606.0,144.745,12165
2023-11-17 20:00:00+00:00,144.43,145.23,144.26,145.18,7913549.0,144.854,36405
2023-11-20 14:30:00+00:00,145.07,146.63,145.07,146.0,5602863.0,146.023,20756
2023-11-20 15:00:00+00:00,146.0,146.08,144.72,145.94,5528726.0,145.394,21727
2023-11-20 16:00:00+00:00,145.92,146.18,145.83,146.12,3012081.0,145.996,12949
2023-11-20 17:00:00+00:00,146.12,146.48,146.0,146.11,2816154.0,146.236,11302
2023-11-20 18:00:00+00:00,146.11,146.59,145.92,146.08,3574222.0,146.309,15029
2023-11-20 19:00:00+00:00,146.08,146.15,145.44,146.0,3138694.0,145.755,13724
2023-11-20 20:00:00+00:00,146.0,146.27,145.91,146.15,4616210.0,146.133,20663
2023-11-21 14:30:00+00:00,143.79,144.05,142.47,142.76,12435228.0,143.153,53531
2023-11-21 15:00:00+00:00,142.76,143.5,141.5,142.15,12419526.0,142.275,57055
2023-11-21 16:00:00+00:00,142.14,142.89,141.9,142.81,7122020.0,142.417,29954
2023-11-21 17:00:00+00:00,142.81,143.65,142.65,143.6,6302563.0,143.05,25363
2023-11-21 18:00:00+00:00,143.61,143.82,142.81,143.68,4876515.0,143.316,20559
2023-11-21 19:00:00+00:00,143.65,143.76,143.06,143.44,3514248.0,143.4,13967
2023-11-21 20:00:00+00:00,143.43,143.91,143.36,143.9,8395692.0,143.684,33815
2023-11-22 14:30:00+00:00,144.57,147.74,144.48,146.74,10276613.0,146.821,40449
2023-11-22 15:00:00+00:00,146.76,147.26,146.35,146.52,6445495.0,146.841,30221
2023-11-22 16:00:00+00:00,146.53,147.27,146.5,147.22,3627212.0,146.993,16346
2023-11-22 17:00:00+00:00,147.21,147.34,146.78,146.92,2946396.0,147.074,13962
2023-11-22 18:00:00+00:00,146.94,147.25,146.82,147.1,2425079.0,147.069,11348
2023-11-22 19:00:00+00:00,147.09,147.22,146.4,146.77,3003966.0,146.778,13698
2023-11-22 20:00:00+00:00,146.77,146.86,146.39,146.72,5351531.0,146.67,25556
2023-11-24 14:30:00+00:00,146.65,147.2,145.83,146.28,3834711.0,146.386,13836
2023-11-24 15:00:00+00:00,146.29,146.37,145.32,145.84,4689370.0,145.749,19727
2023-11-24 16:00:00+00:00,145.85,147.08,145.78,146.72,4038033.0,146.465,16413
2023-11-24 17:00:00+00:00,146.72,146.92,146.51,146.72,3665122.0,146.738,16176
2023-11-27 14:30:00+00:00,147.62,148.97,146.88,148.9,9254517.0,148.039,36159
2023-11-27 15:00:00+00:00,148.91,149.26,148.41,148.74,7335780.0,148.856,28034
2023-11-27 16:00:00+00:00,148.73,148.88,147.8,148.79,5246662.0,148.441,22968
2023-11-27 17:00:00+00:00,148.82,149.01,148.6,148.9,2815829.0,148.814,11911
2023-11-27 18:00:00+00:00,148.9,149.01,148.68,148.75,2277098.0,148.879,10659
2023-11-27 19:00:00+00:00,148.77,148.87,147.97,148.34,3213252.0,148.375,14430
2023-11-27 20:00:00+00:00,148.34,148.49,147.68,147.76,5629213.0,148.077,27702
2023-11-28 14:30:00+00:00,146.98,147.38,145.53,146.08,6191306.0,146.478,23775
2023-11-28 15:00:00+00:00,146.09,147.1,146.02,146.62,5157157.0,146.59,21914
2023-11-28 16:00:00+00:00,146.61,147.6,146.48,147.26,4717151.0,147.1,20745
2023-11-28 17:00:00+00:00,147.27,147.45,146.73,147.05,3484882.0,147.113,16607
2023-11-28 18:00:00+00:00,147.05,147.14,146.65,147.02,2426737.0,146.869,11813
2023-11-28 19:00:00+00:00,147.03,147.12,146.63,146.92,2198276.0,146.858,10663
2023-11-28 20:00:00+00:00,146.93,147.16,146.52,147.03,5339349.0,146.847,26373
2023-11-29 14:30:00+00:00,147.85,148.54,147.57,148.34,5084998.0,148.091,19001
2023-11-29 15:00:00+00:00,148.35,148.42,146.39,147.42,7172242.0,147.077,30529
2023-11-29 16:00:00+00:00,147.42,147.45,145.97,146.43,4521905.0,146.462,21171
2023-11-29 17:00:00+00:00,146.42,146.77,146.26,146.77,2329560.0,146.484,10642
2023-11-29 18:00:00+00:00,146.77,146.98,146.46,146.69,2218708.0,146.677,9759
2023-11-29 19:00:00+00:00,146.68,147.04,146.57,146.86,2637200.0,146.821,12028
2023-11-29 20:00:00+00:00,146.87,146.94,146.11,146.3,4044674.0,146.38,21707
2023-11-30 14:30:00+00:00,144.77,146.93,144.54,146.04,6606204.0,145.882,28222
2023-11-30 15:00:00+00:00,146.03,146.53,145.28,145.94,5877457.0,145.942,27764
2023-11-30 16:00:00+00:00,145.95,146.05,144.79,144.86,3872384.0,145.283,19746
2023-11-30 17:00:00+00:00,144.86,145.46,144.6,145.37,3407631.0,145.083,17192
2023-11-30 18:00:00+00:00,145.37,145.4,144.33,144.37,2718117.0,144.778,13297
2023-11-30 19:00:00+00:00,144.36,145.18,144.35,145.09,2519047.0,144.787,12868
2023-11-30 20:00:00+00:00,145.09,146.8,144.56,146.1,8849520.0,145.826,46813
2023-12-01 14:30:00+00:00,146.0,146.9,145.55,146.28,4179622.0,146.323,17226
2023-12-01 15:00:00+00:00,146.3,146.87,145.93,146.09,4210052.0,146.347,20088
2023-12-01 16:00:00+00:00,146.09,146.87,145.7,146.53,4360905.0,146.453,21015
2023-12-01 17:00:00+00:00,146.53,147.1,146.42,146.88,3024049.0,146.783,13710
2023-12-01 18:00:00+00:00,146.88,147.0,146.23,146.59,2515819.0,146.659,11708
2023-12-01 19:00:00+00:00,146.61,147.2,146.52,147.18,2604532.0,146.885,13043
2023-12-01 20:00:00+00:00,147.18,147.25,146.68,146.99,4988741.0,146.944,26068
2023-12-04 14:30:00+00:00,145.25,145.38,143.53,144.43,6761717.0,144.509,30268
2023-12-04 15:00:00+00:00,144.44,144.88,142.81,143.43,6733220.0,143.674,34564
2023-12-04 16:00:00+00:00,143.43,144.97,143.37,144.89,3941399.0,144.096,18281
2023-12-04 17:00:00+00:00,144.89,145.28,144.73,145.19,2891875.0,145.011,14955
2023-12-04 18:00:00+00:00,145.19,145.23,144.45,144.61,2580039.0,144.77,12901
2023-12-04 19:00:00+00:00,144.61,144.73,144.16,144.26,2885941.0,144.438,15311
2023-12-04 20:00:00+00:00,144.26,145.13,143.98,144.88,5837243.0,144.641,32544
2023-12-05 14:30:00+00:00,143.54,146.01,143.13,145.82,5444471.0,144.727,22957
2023-12-05 15:00:00+00:00,145.8,148.57,145.7,147.41,10607280.0,147.452,49791
2023-12-05 16:00:00+00:00,147.41,147.89,145.79,146.18,4772751.0,146.85,20610
2023-12-05 17:00:00+00:00,146.19,146.37,145.68,146.18,3018963.0,146.116,13367
2023-12-05 18:00:00+00:00,146.17,146.87,146.05,146.84,2742382.0,146.523,11835
2023-12-05 19:00:00+00:00,146.84,147.14,146.62,147.11,2646586.0,146.906,11459
2023-12-05 20:00:00+00:00,147.12,147.24,146.68,146.93,4800438.0,146.961,25881
2023-12-06 14:30:00+00:00,147.58,147.85,145.84,145.86,5217415.0,146.553,21688
2023-12-06 15:00:00+00:00,145.86,146.24,145.09,145.96,5224151.0,145.786,23980
2023-12-06 16:00:00+00:00,145.95,146.2,145.02,145.67,3457244.0,145.55,16342
2023-12-06 17:00:00+00:00,145.67,146.19,145.49,145.52,2369464.0,145.801,11155
2023-12-06 18:00:00+00:00,145.51,145.75,145.26,145.67,2176419.0,145.526,9250
2023-12-06 19:00:00+00:00,145.67,145.96,145.42,145.65,2169625.0,145.748,9518
2023-12-06 20:00:00+00:00,145.65,145.66,144.28,144.52,6682383.0,144.744,34882
2023-12-07 14:30:00+00:00,146.1,146.92,145.34,145.43,6278767.0,146.284,21929
2023-12-07 15:00:00+00:00,145.41,147.29,145.4,146.83,6460715.0,146.557,26686
2023-12-07 16:00:00+00:00,146.83,147.19,146.25,147.07,3747455.0,146.861,16036
2023-12-07 17:00:00+00:00,147.08,147.92,146.89,147.46,4203949.0,147.4,18922
2023-12-07 18:00:00+00:00,147.45,147.76,146.87,146.98,2887534.0,147.301,13919
2023-12-07 19:00:00+00:00,146.97,147.24,146.45,146.5,2749676.0,146.852,14626
2023-12-07 20:00:00+00:00,146.5,146.9,145.98,146.87,5769836.0,146.637,28805
2023-12-08 14:30:00+00:00,145.41,146.72,145.4,145.95,4664068.0,145.933,18344
2023-12-08 15:00:00+00:00,145.95,147.24,145.94,146.97,5817250.0,146.642,24973
2023-12-08 16:00:00+00:00,146.97,147.05,146.37,146.75,3038420.0,146.658,14916
2023-12-08 17:00:00+00:00,146.74,147.31,146.48,147.11,2980679.0,146.972,12957
2023-12-08 18:00:00+00:00,147.1,147.42,146.94,147.4,1991279.0,147.208,9225
2023-12-08 19:00:00+00:00,147.41,147.84,147.35,147.73,2809194.0,147.563,12332
2023-12-08 20:00:00+00:00,147.74,147.75,147.15,147.41,4941999.0,147.435,26327
2023-12-11 14:30:00+00:00,145.8,145.8,143.64,144.58,8964113.0,144.592,37915
2023-12-11 15:00:00+00:00,144.6,145.07,143.93,144.68,5394677.0,144.62,26157
2023-12-11 16:00:00+00:00,144.69,145.22,144.24,145.18,3410808.0,144.718,17385
2023-12-11 17:00:00+00:00,145.18,145.6,144.99,145.51,2798530.0,145.282,13102
2023-12-11 18:00:00+00:00,145.5,146.19,145.46,145.93,2912560.0,145.949,13564
2023-12-11 19:00:00+00:00,145.93,145.99,145.51,145.54,2358517.0,145.755,12294
2023-12-11 20:00:00+00:00,145.53,146.04,145.21,145.89,5459614.0,145.658,27985
2023-12-12 14:30:00+00:00,145.53,147.11,145.3,146.17,6068875.0,146.173,22751
2023-12-12 15:00:00+00:00,146.17,146.48,145.78,146.1,4449957.0,146.096,18639
2023-12-12 16:00:00+00:00,146.09,146.63,146.09,146.55,3492595.0,146.38,14928
2023-12-12 17:00:00+00:00,146.56,146.65,146.21,146.6,2399631.0,146.499,11699
2023-12-12 18:00:00+00:00,146.59,146.96,146.53,146.91,3124994.0,146.755,13071
2023-12-12 19:00:00+00:00,146.92,147.03,146.82,147.02,2631892.0,146.955,12770
2023-12-12 20:00:00+00:00,147.02,147.5,147.02,147.43,4973178.0,147.326,26408
2023-12-13 14:30:00+00:00,148.1,149.46,147.58,147.63,6177218.0,148.511,24669
2023-12-13 15:00:00+00:00,147.63,148.37,147.45,147.69,4607223.0,147.911,20043
2023-12-13 16:00:00+00:00,147.7,148.02,147.27,147.36,2728291.0,147.713,12260
2023-12-13 17:00:00+00:00,147.36,147.77,147.23,147.56,2456798.0,147.517,10127
2023-12-13 18:00:00+00:00,147.56,147.62,146.82,146.93,3051628.0,147.118,12703
2023-12-13 19:00:00+00:00,146.92,148.82,146.9,148.5,7557071.0,148.181,33741
2023-12-13 20:00:00+00:00,148.51,149.05,147.78,148.83,8887499.0,148.539,45089
2023-12-14 14:30:00+00:00,149.96,150.54,148.35,148.48,8538334.0,149.527,31089
2023-12-14 15:00:00+00:00,148.46,148.99,147.51,148.24,7326946.0,148.258,32955
2023-12-14 16:00:00+00:00,148.24,148.4,147.82,148.19,3899999.0,148.108,16968
2023-12-14 17:00:00+00:00,148.19,148.32,146.95,147.0,3470394.0,147.922,15344
2023-12-14 18:00:00+00:00,147.01,147.02,145.52,145.99,5778445.0,146.086,28339
2023-12-14 19:00:00+00:00,145.98,147.19,145.97,147.09,3248734.0,146.8,15982
2023-12-14 20:00:00+00:00,147.09,147.61,146.97,147.44,5932989.0,147.261,30874
2023-12-15 14:30:00+00:00,148.38,149.99,147.88,149.32,18293184.0,148.43,34277
2023-12-15 15:00:00+00:00,149.33,150.0,148.8,149.53,6522105.0,149.47,31137
2023-12-15 16:00:00+00:00,149.54,149.59,148.79,148.94,3900426.0,149.167,20215
2023-12-15 17:00:00+00:00,148.94,149.45,148.81,149.04,3103138.0,149.167,15439
2023-12-15 18:00:00+00:00,149.05,149.43,148.98,149.14,2898071.0,149.21,16779
2023-12-15 19:00:00+00:00,149.13,149.6,149.03,149.37,2678626.0,149.372,13583
2023-12-15 20:00:00+00:00,149.37,150.57,149.29,149.7,10182873.0,149.986,45991
2023-12-18 14:30:00+00:00,150.56,152.5,150.05,152.29,7945007.0,151.786,29525
2023-12-18 15:00:00+00:00,152.3,153.3,152.07,152.15,7548617.0,152.631,30137
2023-12-18 16:00:00+00:00,152.14,153.34,152.14,153.15,4519210.0,152.878,17741
2023-12-18 17:00:00+00:00,153.15,153.78,153.04,153.78,3730748.0,153.459,14756
2023-12-18 18:00:00+00:00,153.78,154.44,153.56,154.04,4125388.0,154.053,16904
2023-12-18 19:00:00+00:00,154.05,154.77,153.88,154.66,3854753.0,154.393,17453
2023-12-18 20:00:00+00:00,154.66,154.86,153.97,154.07,6135609.0,154.498,31853
2023-12-19 14:30:00+00:00,154.4,155.12,153.19,153.2,6181236.0,154.002,24501
2023-12-19 15:00:00+00:00,153.21,154.0,152.69,153.93,6377354.0,153.505,28135
2023-12-19 16:00:00+00:00,153.94,154.38,153.53,153.76,3732948.0,153.917,15774
2023-12-19 17:00:00+00:00,153.77,153.81,153.5,153.63,2162241.0,153.677,9414
2023-12-19 18:00:00+00:00,153.63,153.72,153.24,153.56,2311927.0,153.483,10557
2023-12-19 19:00:00+00:00,153.56,153.71,153.3,153.53,2180661.0,153.535,9752
2023-12-19 20:00:00+00:00,153.53,153.77,153.32,153.77,4498194.0,153.538,21934
2023-12-20 14:30:00+00:00,152.9,154.97,152.82,154.48,5542585.0,154.134,21101
2023-12-20 15:00:00+00:00,154.48,155.63,154.34,154.98,6782735.0,155.084,29128
2023-12-20 16:00:00+00:00,154.97,155.12,154.24,154.4,3655950.0,154.683,15081
2023-12-20 17:00:00+00:00,154.4,154.92,153.99,154.92,2920477.0,154.419,13625
2023-12-20 18:00:00+00:00,154.92,155.37,154.75,155.05,2984352.0,155.113,13646
2023-12-20 19:00:00+00:00,155.06,155.17,152.45,152.47,4949237.0,153.804,23564
2023-12-20 20:00:00+00:00,152.47,152.71,151.56,152.05,8303319.0,152.277,43376
2023-12-21 14:30:00+00:00,153.3,153.5,152.1,152.72,5428721.0,152.776,20809
2023-12-21 15:00:00+00:00,152.72,153.64,152.54,152.69,5893892.0,153.09,21699
2023-12-21 16:00:00+00:00,152.69,153.1,152.55,152.91,2838414.0,152.825,11648
2023-12-21 17:00:00+00:00,152.92,152.94,152.21,152.36,2477581.0,152.487,11055
2023-12-21 18:00:00+00:00,152.37,153.22,152.23,153.21,2349065.0,152.775,10995
2023-12-21 19:00:00+00:00,153.21,153.37,152.95,153.1,2389685.0,153.133,11828
2023-12-21 20:00:00+00:00,153.11,153.97,152.9,153.84,3941795.0,153.534,19717
2023-12-22 14:30:00+00:00,153.71,154.35,153.57,153.73,3076244.0,153.922,11714
2023-12-22 15:00:00+00:00,153.76,154.07,153.41,153.47,3944539.0,153.677,16237
2023-12-22 16:00:00+00:00,153.47,153.65,153.21,153.42,2395525.0,153.442,12168
2023-12-22 17:00:00+00:00,153.43,153.81,153.32,153.66,2059657.0,153.581,10083
2023-12-22 18:00:00+00:00,153.66,153.89,153.56,153.63,1723672.0,153.728,7875
2023-12-22 19:00:00+00:00,153.64,153.69,152.71,153.59,2777740.0,153.191,15167
2023-12-22 20:00:00+00:00,153.59,153.67,153.2,153.44,3769259.0,153.458,21624
2023-12-26 14:30:00+00:00,153.56,153.98,153.17,153.66,2763442.0,153.571,10875
2023-12-26 15:00:00+00:00,153.66,153.78,153.26,153.68,3125856.0,153.516,13704
2023-12-26 16:00:00+00:00,153.69,153.77,153.31,153.35,1642992.0,153.496,7653
2023-12-26 17:00:00+00:00,153.35,153.39,153.2,153.25,1773356.0,153.283,8377
2023-12-26 18:00:00+00:00,153.25,153.32,153.03,153.15,1724159.0,153.176,8086
2023-12-26 19:00:00+00:00,153.15,153.41,153.13,153.29,2487330.0,153.27,11153
2023-12-26 20:00:00+00:00,153.28,153.61,153.25,153.43,4089647.0,153.407,20625
2023-12-27 14:30:00+00:00,153.54,154.78,153.39,154.43,4353852.0,154.184,14799
2023-12-27 15:00:00+00:00,154.43,154.54,153.58,153.68,3456778.0,153.932,15235
2023-12-27 16:00:00+00:00,153.7,153.74,153.34,153.39,2559691.0,153.506,11216
2023-12-27 17:00:00+00:00,153.4,153.72,153.25,153.56,2523178.0,153.528,10252
2023-12-27 18:00:00+00:00,153.57,153.96,153.55,153.67,2355687.0,153.775,11887
2023-12-27 19:00:00+00:00,153.65,153.66,153.17,153.53,2473366.0,153.425,12070
2023-12-27 20:00:00+00:00,153.53,153.7,153.12,153.38,3978518.0,153.354,19537
2023-12-28 14:30:00+00:00,153.77,154.08,152.95,153.31,3263119.0,153.332,11944
2023-12-28 15:00:00+00:00,153.29,153.92,153.05,153.71,3507169.0,153.501,15333
2023-12-28 16:00:00+00:00,153.73,153.73,153.17,153.4,2477186.0,153.43,12430
2023-12-28 17:00:00+00:00,153.41,153.81,153.27,153.79,2033333.0,153.509,9298
2023-12-28 18:00:00+00:00,153.8,154.01,153.53,153.94,2170097.0,153.84,9768
2023-12-28 19:00:00+00:00,153.93,154.02,153.77,153.84,1918096.0,153.92,9278
2023-12-28 20:00:00+00:00,153.85,153.88,153.22,153.35,4516547.0,153.51,25057
2023-12-29 14:30:00+00:00,153.08,153.6,152.65,153.5,3041249.0,153.161,11196
2023-12-29 15:00:00+00:00,153.5,153.89,152.56,152.86,4271830.0,153.345,18849
2023-12-29 16:00:00+00:00,152.86,153.0,151.03,151.91,4840753.0,151.781,21432
2023-12-29 17:00:00+00:00,151.9,152.17,151.44,152.14,2568575.0,151.842,11927
2023-12-29 18:00:00+00:00,152.14,152.6,152.09,152.45,2259210.0,152.373,10071
2023-12-29 19:00:00+00:00,152.47,152.51,152.29,152.39,1903149.0,152.394,10688
2023-12-29 20:00:00+00:00,152.39,152.4,151.78,151.95,6673296.0,152.112,36490
2024-01-02 14:30:00+00:00,151.46,152.38,148.86,149.3,6802343.0,150.588,30749
2024-01-02 15:00:00+00:00,149.29,149.82,148.39,149.0,5064351.0,149.065,26185
2024-01-02 16:00:00+00:00,148.99,150.5,148.72,150.3,4285297.0,149.839,19960
2024-01-02 17:00:00+00:00,150.3,150.95,149.7,149.73,2818967.0,150.209,13187
2024-01-02 18:00:00+00:00,149.74,150.11,149.46,149.55,2068975.0,149.769,11121
2024-01-02 19:00:00+00:00,149.55,149.83,149.15,149.34,2117677.0,149.501,10315
2024-01-02 20:00:00+00:00,149.33,150.1,148.97,149.94,6363224.0,149.572,36150
2024-01-03 14:30:00+00:00,149.2,151.05,149.09,150.34,5892498.0,150.199,24411
2024-01-03 15:00:00+00:00,150.34,150.99,149.88,150.53,5364350.0,150.31,24442
2024-01-03 16:00:00+00:00,150.53,150.93,149.37,149.38,4200875.0,150.113,17360
2024-01-03 17:00:00+00:00,149.39,150.01,149.19,149.97,3149840.0,149.545,14966
2024-01-03 18:00:00+00:00,149.97,150.12,149.31,149.49,2297751.0,149.677,10666
2024-01-03 19:00:00+00:00,149.49,149.8,148.82,149.21,3127657.0,149.378,15698
2024-01-03 20:00:00+00:00,149.22,149.33,148.33,148.42,6147910.0,148.769,31920
2024-01-04 14:30:00+00:00,145.61,145.76,144.05,145.41,9210150.0,145.018,40449
2024-01-04 15:00:00+00:00,145.41,146.8,145.27,146.52,6452114.0,146.264,30504
2024-01-04 16:00:00+00:00,146.53,147.38,146.34,146.38,4057291.0,146.825,18459
2024-01-04 17:00:00+00:00,146.38,146.46,145.32,145.72,3396133.0,145.93,16774
2024-01-04 18:00:00+00:00,145.72,145.92,145.38,145.53,3256121.0,145.617,16112
2024-01-04 19:00:00+00:00,145.54,145.62,145.14,145.3,2784408.0,145.34,13431
2024-01-04 20:00:00+00:00,145.31,145.63,144.5,144.57,6932642.0,145.008,34960
2024-01-05 14:30:00+00:00,144.69,146.1,144.53,145.84,5342612.0,145.444,21143
2024-01-05 15:00:00+00:00,145.85,146.59,145.84,146.31,4882787.0,146.322,22986
2024-01-05 16:00:00+00:00,146.3,146.41,145.48,145.71,2928517.0,145.881,13671
2024-01-05 17:00:00+00:00,145.72,145.75,145.03,145.12,2080960.0,145.28,9439
2024-01-05 18:00:00+00:00,145.12,145.69,144.85,145.6,2382566.0,145.341,11412
2024-01-05 19:00:00+00:00,145.6,145.75,144.72,144.87,3115015.0,145.316,15063
2024-01-05 20:00:00+00:00,144.88,145.6,144.7,145.26,6789586.0,145.138,32470
2024-01-08 14:30:00+00:00,146.79,147.77,146.15,147.64,5269826.0,147.149,23843
2024-01-08 15:00:00+00:00,147.63,148.37,147.39,147.82,5250147.0,147.906,23211
2024-01-08 16:00:00+00:00,147.82,148.01,147.35,147.58,2721618.0,147.607,14628
2024-01-08 17:00:00+00:00,147.58,148.06,147.27,147.77,2636673.0,147.634,12218
2024-01-08 18:00:00+00:00,147.76,148.28,147.57,148.21,2020252.0,147.863,9943
2024-01-08 19:00:00+00:00,148.21,149.2,148.14,149.12,3131571.0,148.665,16494
2024-01-08 20:00:00+00:00,149.12,149.4,148.73,149.11,6594609.0,149.1,33298
2024-01-09 14:30:00+00:00,148.32,149.62,148.21,149.42,5146743.0,149.006,19028
2024-01-09 15:00:00+00:00,149.4,150.44,149.0,150.11,5463348.0,149.861,23333
2024-01-09 16:00:00+00:00,150.12,150.96,150.03,150.96,3857622.0,150.673,18658
2024-01-09 17:00:00+00:00,150.95,151.53,150.83,151.46,3096573.0,151.193,14458
2024-01-09 18:00:00+00:00,151.46,151.71,150.77,150.94,3406818.0,151.203,16234
2024-01-09 19:00:00+00:00,150.94,151.33,150.94,151.16,2527700.0,151.133,11626
2024-01-09 20:00:00+00:00,151.16,151.47,150.66,151.36,5182166.0,151.144,27500
2024-01-10 14:30:00+00:00,152.01,153.88,151.88,153.15,6968137.0,152.845,27550
2024-01-10 15:00:00+00:00,153.14,153.6,152.52,153.56,5267826.0,152.992,24125
2024-01-10 16:00:00+00:00,153.57,153.76,152.96,153.36,3255486.0,153.322,15488
2024-01-10 17:00:00+00:00,153.38,153.99,153.26,153.93,3120688.0,153.704,15136
2024-01-10 18:00:00+00:00,153.93,154.23,153.8,153.95,3003342.0,154.009,13845
2024-01-10 19:00:00+00:00,153.95,154.42,153.89,154.34,3245004.0,154.233,15707
2024-01-10 20:00:00+00:00,154.34,154.37,153.0,153.72,6142569.0,153.721,33134
2024-01-11 14:30:00+00:00,155.05,157.17,154.69,155.64,8754460.0,155.959,36715
2024-01-11 15:00:00+00:00,155.65,155.74,154.18,154.87,6319643.0,154.879,26835
2024-01-11 16:00:00+00:00,154.87,154.99,153.12,153.22,4586728.0,154.025,17846
2024-01-11 17:00:00+00:00,153.22,154.75,153.14,154.34,3735590.0,154.054,15091
2024-01-11 18:00:00+00:00,154.33,155.54,154.31,155.54,3043262.0,154.952,11635
2024-01-11 19:00:00+00:00,155.54,155.71,154.95,155.54,2955264.0,155.341,12114
2024-01-11 20:00:00+00:00,155.54,155.58,154.65,155.19,4765549.0,155.136,23177
2024-01-12 14:30:00+00:00,155.44,156.2,154.44,155.12,5436544.0,155.456,19911
2024-01-12 15:00:00+00:00,155.14,155.4,154.01,154.67,5567503.0,154.808,24243
2024-01-12 16:00:00+00:00,154.66,155.34,154.3,154.37,3485294.0,154.876,15635
2024-01-12 17:00:00+00:00,154.38,154.71,154.24,154.6,2185896.0,154.456,10190
2024-01-12 18:00:00+00:00,154.6,155.1,154.6,155.06,2330000.0,154.923,10809
2024-01-12 19:00:00+00:00,155.05,155.14,154.61,154.64,1973428.0,154.896,10493
2024-01-12 20:00:00+00:00,154.64,154.74,154.23,154.61,4522208.0,154.499,23722
2024-01-16 14:30:00+00:00,153.66,154.99,153.19,153.67,4640107.0,153.809,17413
2024-01-16 15:00:00+00:00,153.68,154.38,152.9,153.5,5148940.0,153.675,22830
2024-01-16 16:00:00+00:00,153.51,153.62,152.47,153.01,3970542.0,153.066,17569
2024-01-16 17:00:00+00:00,153.01,153.13,152.24,152.28,3080110.0,152.61,14175
2024-01-16 18:00:00+00:00,152.27,152.79,152.18,152.38,2353176.0,152.473,11584
2024-01-16 19:00:00+00:00,152.36,152.88,152.15,152.86,2357244.0,152.461,10457
2024-01-16 20:00:00+00:00,152.85,153.19,152.73,153.15,3884967.0,152.987,18740
2024-01-17 14:30:00+00:00,151.49,152.0,150.08,150.34,4439363.0,150.909,18066
2024-01-17 15:00:00+00:00,150.33,151.68,149.95,151.52,4721158.0,150.982,21559
2024-01-17 16:00:00+00:00,151.52,152.15,151.51,151.79,2959957.0,151.759,13603
2024-01-17 17:00:00+00:00,151.8,151.92,150.91,151.14,2319086.0,151.255,11421
2024-01-17 18:00:00+00:00,151.14,151.26,150.25,150.51,2459582.0,150.659,11839
2024-01-17 19:00:00+00:00,150.5,151.19,150.4,151.12,2175751.0,150.814,10120
2024-01-17 20:00:00+00:00,151.12,151.85,150.94,151.68,4304574.0,151.458,24129
2024-01-18 14:30:00+00:00,152.77,153.54,152.32,152.51,4325997.0,152.881,16512
2024-01-18 15:00:00+00:00,152.51,153.61,151.82,153.39,5043471.0,152.754,22077
2024-01-18 16:00:00+00:00,153.39,153.78,153.09,153.52,3391375.0,153.426,16360
2024-01-18 17:00:00+00:00,153.54,153.58,152.61,152.7,2700353.0,152.956,12358
2024-01-18 18:00:00+00:00,152.69,152.76,152.32,152.62,2619702.0,152.567,11068
2024-01-18 19:00:00+00:00,152.63,153.49,152.52,153.45,2561902.0,153.142,11641
2024-01-18 20:00:00+00:00,153.46,153.69,153.21,153.54,4249395.0,153.507,22665
2024-01-19 14:30:00+00:00,153.89,154.22,152.97,153.41,6226352.0,153.688,15572
2024-01-19 15:00:00+00:00,153.42,153.63,152.74,153.43,4290441.0,153.147,19436
2024-01-19 16:00:00+00:00,153.41,153.99,153.3,153.97,2911574.0,153.629,13939
2024-01-19 17:00:00+00:00,153.98,154.79,153.74,154.75,4000575.0,154.331,18108
2024-01-19 18:00:00+00:00,154.75,155.25,154.52,155.24,3340277.0,154.903,16495
2024-01-19 19:00:00+00:00,155.25,155.66,154.98,155.49,4095548.0,155.287,19684
2024-01-19 20:00:00+00:00,155.48,155.76,155.2,155.35,5622459.0,155.451,29694
2024-01-22 14:30:00+00:00,156.99,157.05,154.91,155.66,6732512.0,155.715,27127
2024-01-22 15:00:00+00:00,155.65,155.72,153.9,154.25,7119059.0,154.661,35835
2024-01-22 16:00:00+00:00,154.24,155.16,154.13,155.1,4347123.0,154.811,19880
2024-01-22 17:00:00+00:00,155.1,155.26,154.74,154.97,2629344.0,155.036,12819
2024-01-22 18:00:00+00:00,154.97,154.99,154.6,154.85,2340147.0,154.798,11549
2024-01-22 19:00:00+00:00,154.85,154.88,154.32,154.48,2480664.0,154.518,12679
2024-01-22 20:00:00+00:00,154.49,154.93,154.42,154.75,4143049.0,154.685,22470
2024-01-23 14:30:00+00:00,154.85,155.15,153.93,154.94,4006686.0,154.56,16527
2024-01-23 15:00:00+00:00,154.96,155.25,154.54,154.97,3270944.0,154.966,16256
2024-01-23 16:00:00+00:00,154.97,155.27,154.42,154.53,2997274.0,154.771,13416
2024-01-23 17:00:00+00:00,154.53,155.17,154.14,155.15,2374067.0,154.528,11423
2024-01-23 18:00:00+00:00,155.15,155.73,154.96,155.34,3348133.0,155.373,13952
2024-01-23 19:00:00+00:00,155.34,155.7,155.09,155.58,2773244.0,155.436,13421
2024-01-23 20:00:00+00:00,155.59,156.21,155.53,156.03,4981804.0,155.914,26783
2024-01-24 14:30:00+00:00,157.79,158.44,156.53,156.57,6436899.0,157.627,26128
2024-01-24 15:00:00+00:00,156.58,157.94,156.48,157.76,5232711.0,157.355,24712
2024-01-24 16:00:00+00:00,157.76,158.1,157.16,157.65,3810164.0,157.569,17982
2024-01-24 17:00:00+00:00,157.65,158.51,157.6,158.32,4610996.0,158.156,17626
2024-01-24 18:00:00+00:00,158.33,158.35,157.34,157.49,3097557.0,157.703,14892
2024-01-24 19:00:00+00:00,157.48,157.7,156.66,157.1,3095013.0,157.21,16187
2024-01-24 20:00:00+00:00,157.09,157.39,156.7,156.86,4673981.0,156.985,26673
2024-01-25 14:30:00+00:00,157.0,157.07,154.55,156.06,6225659.0,156.048,24947
2024-01-25 15:00:00+00:00,156.07,157.82,155.8,157.75,5399750.0,156.895,26006
2024-01-25 16:00:00+00:00,157.76,158.51,157.38,158.21,4033006.0,158.074,18259
2024-01-25 17:00:00+00:00,158.22,158.34,157.48,157.64,3129476.0,157.891,15442
2024-01-25 18:00:00+00:00,157.64,158.01,156.87,156.9,3397770.0,157.486,17615
2024-01-25 19:00:00+00:00,156.9,157.18,156.2,157.16,3276774.0,156.581,16161
2024-01-25 20:00:00+00:00,157.15,157.8,157.07,157.78,5364421.0,157.388,27959
2024-01-26 14:30:00+00:00,158.43,159.61,158.35,158.6,4979131.0,158.877,19929
2024-01-26 15:00:00+00:00,158.58,159.06,157.91,159.02,4463082.0,158.505,20932
2024-01-26 16:00:00+00:00,159.02,160.2,158.65,160.07,5122041.0,159.503,22358
2024-01-26 17:00:00+00:00,160.06,160.72,159.13,159.23,4953205.0,160.007,20496
2024-01-26 18:00:00+00:00,159.22,159.54,159.01,159.19,2579131.0,159.279,11951
2024-01-26 19:00:00+00:00,159.18,159.53,158.7,159.1,3392582.0,159.112,15634
2024-01-26 20:00:00+00:00,159.09,159.42,158.9,159.1,4852230.0,159.175,25571
2024-01-29 14:30:00+00:00,159.33,159.6,158.98,159.52,4703939.0,159.311,16534
2024-01-29 15:00:00+00:00,159.52,159.83,159.13,159.22,4159475.0,159.442,20039
2024-01-29 16:00:00+00:00,159.22,160.12,158.9,160.07,4103871.0,159.484,17912
2024-01-29 17:00:00+00:00,160.07,160.86,159.77,160.67,3863131.0,160.32,16239
2024-01-29 18:00:00+00:00,160.7,160.99,160.02,160.07,3367547.0,160.565,15642
2024-01-29 19:00:00+00:00,160.07,160.47,159.92,160.42,3124193.0,160.213,14814
2024-01-29 20:00:00+00:00,160.42,161.29,160.42,161.28,5478915.0,160.956,27273
2024-01-30 14:30:00+00:00,160.7,161.73,160.05,160.85,5602480.0,160.797,23929
2024-01-30 15:00:00+00:00,160.83,161.17,160.27,160.49,4624614.0,160.628,21513
2024-01-30 16:00:00+00:00,160.49,160.59,159.74,159.8,3605385.0,160.215,16884
2024-01-30 17:00:00+00:00,159.8,159.83,158.49,158.84,3757668.0,159.108,17657
2024-01-30 18:00:00+00:00,158.84,159.08,158.61,158.98,2637128.0,158.869,13931
2024-01-30 19:00:00+00:00,158.99,159.25,158.71,158.72,2747311.0,158.955,16225
2024-01-30 20:00:00+00:00,158.72,159.32,158.69,158.95,5373330.0,159.03,31014
2024-01-31 14:30:00+00:00,157.0,159.01,156.4,157.2,6213598.0,157.401,28043
2024-01-31 15:00:00+00:00,157.21,157.38,155.34,155.7,5963495.0,156.524,28966
2024-01-31 16:00:00+00:00,155.68,156.7,155.61,156.17,2934120.0,156.117,14642
2024-01-31 17:00:00+00:00,156.16,156.83,156.16,156.64,2278241.0,156.483,11640
2024-01-31 18:00:00+00:00,156.64,157.25,156.5,157.03,2520983.0,156.933,12439
2024-01-31 19:00:00+00:00,157.02,157.76,156.12,156.8,4026084.0,156.92,18930
2024-01-31 20:00:00+00:00,156.83,156.94,154.81,155.13,7407490.0,155.607,40750
2024-02-01 14:30:00+00:00,155.82,158.51,155.62,158.44,6640828.0,157.305,27711
2024-02-01 15:00:00+00:00,158.4,159.16,157.07,157.09,6340331.0,158.194,31648
2024-02-01 16:00:00+00:00,157.08,157.66,156.7,157.19,3554926.0,157.209,18900
2024-02-01 17:00:00+00:00,157.2,158.0,156.99,157.77,4689496.0,157.497,21984
2024-02-01 18:00:00+00:00,157.77,157.86,157.06,157.11,3514274.0,157.435,16900
2024-02-01 19:00:00+00:00,157.11,158.79,157.1,158.7,4705525.0,157.986,22439
2024-02-01 20:00:00+00:00,158.71,159.76,158.46,159.76,11339082.0,158.953,56779
2024-02-02 14:30:00+00:00,169.19,171.34,167.33,170.82,22016374.0,169.774,91223
2024-02-02 15:00:00+00:00,170.8,171.21,169.25,170.91,15409382.0,170.211,78937
2024-02-02 16:00:00+00:00,170.9,172.5,170.18,172.18,11531810.0,171.28,53374
2024-02-02 17:00:00+00:00,172.2,172.48,171.19,172.25,7308533.0,171.952,36225
2024-02-02 18:00:00+00:00,172.26,172.5,171.3,171.95,7401318.0,171.975,38620
2024-02-02 19:00:00+00:00,171.96,172.37,171.36,171.98,5869381.0,171.935,30158
2024-02-02 20:00:00+00:00,171.98,172.35,170.91,171.8,12524412.0,171.669,68616
2024-02-05 14:30:00+00:00,170.2,170.55,167.7,168.61,9685003.0,169.121,34024
2024-02-05 15:00:00+00:00,168.6,169.13,168.2,168.91,6539392.0,168.751,28206
2024-02-05 16:00:00+00:00,168.9,169.42,168.32,169.3,4040657.0,168.797,18435
2024-02-05 17:00:00+00:00,169.3,170.31,169.22,169.64,4365060.0,169.876,19381
2024-02-05 18:00:00+00:00,169.65,169.85,169.11,169.46,2688896.0,169.433,13378
2024-02-05 19:00:00+00:00,169.47,170.37,169.22,170.19,3606746.0,169.956,16401
2024-02-05 20:00:00+00:00,170.2,170.33,169.67,170.28,6304990.0,170.047,33881
2024-02-06 14:30:00+00:00,169.4,170.71,169.15,169.32,5098136.0,169.845,19550
2024-02-06 15:00:00+00:00,169.31,169.33,168.19,168.74,5200960.0,168.785,22879
2024-02-06 16:00:00+00:00,168.74,168.95,167.98,168.01,3697997.0,168.516,17660
2024-02-06 17:00:00+00:00,168.02,168.17,167.65,167.78,3414576.0,167.916,16522
2024-02-06 18:00:00+00:00,167.79,168.56,167.71,168.49,2177775.0,168.142,10364
2024-02-06 19:00:00+00:00,168.5,169.0,168.01,168.93,2608532.0,168.538,11964
2024-02-06 20:00:00+00:00,168.94,169.47,168.56,169.14,4893011.0,169.012,25610
2024-02-07 14:30:00+00:00,169.48,170.49,168.94,170.1,6578703.0,169.952,27612
2024-02-07 15:00:00+00:00,170.08,170.28,169.17,169.75,5640387.0,169.815,29361
2024-02-07 16:00:00+00:00,169.76,170.23,169.69,169.9,3981646.0,169.947,19764
2024-02-07 17:00:00+00:00,169.9,170.1,169.62,169.95,3042442.0,169.859,14608
2024-02-07 18:00:00+00:00,169.96,170.63,169.7,170.62,3451518.0,170.151,15593
2024-02-07 19:00:00+00:00,170.62,170.88,170.26,170.29,3560535.0,170.576,16770
2024-02-07 20:00:00+00:00,170.31,170.83,170.29,170.52,5647836.0,170.543,29887
2024-02-08 14:30:00+00:00,169.57,170.83,168.88,170.38,5824057.0,169.964,23874
2024-02-08 15:00:00+00:00,170.38,171.43,170.06,171.07,5960429.0,170.875,26620
2024-02-08 16:00:00+00:00,171.07,171.2,170.65,170.8,3256064.0,170.917,15217
2024-02-08 17:00:00+00:00,170.8,171.08,169.98,170.05,3253884.0,170.676,13942
2024-02-08 18:00:00+00:00,170.05,170.47,169.71,169.8,2729425.0,170.146,13642
2024-02-08 19:00:00+00:00,169.8,170.1,169.36,170.02,2954894.0,169.731,14150
2024-02-08 20:00:00+00:00,170.02,170.4,169.65,169.83,5712664.0,170.022,29517
2024-02-09 14:30:00+00:00,170.9,171.7,170.69,170.79,5049366.0,171.058,22843
2024-02-09 15:00:00+00:00,170.8,173.46,170.58,173.35,9232199.0,172.161,40793
2024-02-09 16:00:00+00:00,173.36,173.99,172.56,173.34,6822134.0,173.223,30787
2024-02-09 17:00:00+00:00,173.33,174.36,173.06,174.31,4997706.0,173.766,24327
2024-02-09 18:00:00+00:00,174.31,174.69,174.13,174.52,4186218.0,174.361,19740
2024-02-09 19:00:00+00:00,174.52,175.0,174.39,174.87,3779065.0,174.753,18417
2024-02-09 20:00:00+00:00,174.87,174.98,174.25,174.53,8030498.0,174.668,39544
2024-02-12 14:30:00+00:00,174.8,175.39,173.84,174.59,8000634.0,174.605,31468
2024-02-12 15:00:00+00:00,174.59,174.8,173.55,174.0,5558870.0,174.023,25625
2024-02-12 16:00:00+00:00,174.01,174.09,173.25,173.93,4443906.0,173.538,20103
2024-02-12 17:00:00+00:00,173.93,174.01,173.12,173.54,3145060.0,173.53,14826
2024-02-12 18:00:00+00:00,173.54,173.61,172.51,172.76,3418226.0,173.012,17296
2024-02-12 19:00:00+00:00,172.75,172.88,171.71,171.83,4037310.0,172.255,19363
2024-02-12 20:00:00+00:00,171.82,172.87,171.54,172.38,6964227.0,172.367,35025
2024-02-13 14:30:00+00:00,167.73,170.52,165.75,170.41,9633391.0,168.392,45450
2024-02-13 15:00:00+00:00,170.41,170.95,168.47,169.9,6435236.0,170.005,35085
2024-02-13 16:00:00+00:00,169.9,170.35,169.32,169.33,3090947.0,169.824,17981
2024-02-13 17:00:00+00:00,169.32,169.55,168.71,169.23,2905805.0,169.193,15242
2024-02-13 18:00:00+00:00,169.21,169.69,168.61,168.75,2721080.0,169.077,14506
2024-02-13 19:00:00+00:00,168.75,168.96,167.83,167.94,3818035.0,168.438,19073
2024-02-13 20:00:00+00:00,167.94,168.82,167.93,168.64,7639255.0,168.383,41954
2024-02-14 14:30:00+00:00,169.12,169.95,168.28,169.58,5575424.0,169.084,25774
2024-02-14 15:00:00+00:00,169.58,170.9,169.35,169.36,5703644.0,169.978,29641
2024-02-14 16:00:00+00:00,169.35,169.78,168.95,169.16,3607565.0,169.32,19301
2024-02-14 17:00:00+00:00,169.16,170.26,169.05,170.0,2556843.0,169.818,13377
2024-02-14 18:00:00+00:00,170.01,170.33,169.3,170.03,3109223.0,169.876,16671
2024-02-14 19:00:00+00:00,170.03,170.13,169.41,170.13,2902519.0,169.785,14947
2024-02-14 20:00:00+00:00,170.13,171.21,170.1,170.97,6811669.0,170.776,34742
2024-02-15 14:30:00+00:00,170.54,171.17,169.34,169.52,5643121.0,170.302,26451
2024-02-15 15:00:00+00:00,169.52,169.78,168.42,168.48,7118725.0,169.039,37578
2024-02-15 16:00:00+00:00,168.49,168.78,167.59,168.78,5424688.0,168.139,26521
2024-02-15 17:00:00+00:00,168.77,169.19,168.15,168.81,3967137.0,168.853,20663
2024-02-15 18:00:00+00:00,168.8,170.3,168.76,169.92,3988754.0,169.872,20574
2024-02-15 19:00:00+00:00,169.92,170.24,169.29,169.91,3011013.0,169.752,15340
2024-02-15 20:00:00+00:00,169.91,170.03,169.37,169.85,6606095.0,169.729,36202
2024-02-16 14:30:00+00:00,168.84,169.19,167.17,167.69,7120243.0,168.234,28511
2024-02-16 15:00:00+00:00,167.68,169.04,167.25,169.03,6431492.0,168.074,34800
2024-02-16 16:00:00+00:00,169.04,170.42,168.93,170.03,5070689.0,169.802,25095
2024-02-16 17:00:00+00:00,170.01,170.13,169.4,169.68,2776782.0,169.722,14848
2024-02-16 18:00:00+00:00,169.68,170.16,169.42,170.14,2748569.0,169.79,15173
2024-02-16 19:00:00+00:00,170.14,170.39,169.13,169.42,3498169.0,169.923,18854
2024-02-16 20:00:00+00:00,169.42,170.04,169.23,169.51,6943385.0,169.621,35056
2024-02-20 14:30:00+00:00,167.9,168.71,166.63,166.96,5432653.0,167.44,23634
2024-02-20 15:00:00+00:00,166.97,167.6,166.39,167.59,5007530.0,166.858,26678
2024-02-20 16:00:00+00:00,167.59,167.99,166.4,166.42,3208510.0,167.101,15863
2024-02-20 17:00:00+00:00,166.43,166.55,165.74,166.3,3275764.0,166.115,17429
2024-02-20 18:00:00+00:00,166.29,166.62,166.0,166.37,2468371.0,166.289,13244
2024-02-20 19:00:00+00:00,166.37,166.87,166.01,166.68,2523260.0,166.411,13726
2024-02-20 20:00:00+00:00,166.69,167.13,166.11,167.08,5427029.0,166.709,32375
2024-02-21 14:30:00+00:00,168.94,170.23,168.42,169.5,7683203.0,169.469,31354
2024-02-21 15:00:00+00:00,169.49,169.9,167.59,168.01,6487201.0,168.478,30311
2024-02-21 16:00:00+00:00,168.02,168.7,168.02,168.44,2957134.0,168.361,15917
2024-02-21 17:00:00+00:00,168.45,168.46,167.52,167.96,2652350.0,167.82,12439
2024-02-21 18:00:00+00:00,167.96,168.44,167.41,168.18,2445567.0,167.998,11449
2024-02-21 19:00:00+00:00,168.16,168.66,167.14,167.64,3128082.0,167.877,15378
2024-02-21 20:00:00+00:00,167.64,168.79,167.52,168.61,4187482.0,168.255,24237
2024-02-22 14:30:00+00:00,173.09,173.59,172.01,172.55,7766578.0,172.803,32434
2024-02-22 15:00:00+00:00,172.58,173.0,171.77,172.64,4886437.0,172.488,24279
2024-02-22 16:00:00+00:00,172.66,172.7,171.94,172.04,2930851.0,172.32,13815
2024-02-22 17:00:00+00:00,172.04,173.89,171.95,173.72,5981178.0,173.196,22227
2024-02-22 18:00:00+00:00,173.72,174.55,173.55,174.53,4277683.0,174.116,19188
2024-02-22 19:00:00+00:00,174.54,174.8,173.81,174.14,4204325.0,174.31,20316
2024-02-22 20:00:00+00:00,174.13,174.7,174.08,174.58,7528131.0,174.485,41779
2024-02-23 14:30:00+00:00,174.27,175.35,173.87,174.43,6126113.0,174.52,23864
2024-02-23 15:00:00+00:00,174.44,175.75,174.07,174.4,6253831.0,174.966,27902
2024-02-23 16:00:00+00:00,174.41,174.63,173.7,174.61,3343278.0,174.129,16614
2024-02-23 17:00:00+00:00,174.6,174.85,174.35,174.68,2285349.0,174.634,11922
2024-02-23 18:00:00+00:00,174.68,174.82,174.1,174.31,1998100.0,174.48,10916
2024-02-23 19:00:00+00:00,174.31,174.51,174.04,174.29,2067256.0,174.299,11441
2024-02-23 20:00:00+00:00,174.29,175.67,174.02,174.93,7639855.0,174.83,39764
2024-02-26 14:30:00+00:00,175.7,176.37,174.62,174.68,5003537.0,175.324,21091
2024-02-26 15:00:00+00:00,174.69,175.85,174.57,175.23,4770720.0,175.352,20477
2024-02-26 16:00:00+00:00,175.23,175.32,174.8,175.06,3273092.0,175.06,15361
2024-02-26 17:00:00+00:00,175.07,175.18,174.61,174.63,2456850.0,174.944,12054
2024-02-26 18:00:00+00:00,174.63,175.12,174.48,175.12,2809466.0,174.778,13102
2024-02-26 19:00:00+00:00,175.11,175.47,174.88,174.89,2288283.0,175.187,11448
2024-02-26 20:00:00+00:00,174.9,175.01,174.26,174.73,4399328.0,174.627,25031
2024-02-27 14:30:00+00:00,174.08,174.62,173.88,174.28,2735239.0,174.224,11106
2024-02-27 15:00:00+00:00,174.28,174.55,173.89,174.21,2907244.0,174.203,14756
2024-02-27 16:00:00+00:00,174.22,174.33,173.91,174.28,2424286.0,174.077,11252
2024-02-27 17:00:00+00:00,174.29,174.39,172.94,173.11,2943612.0,173.673,14293
2024-02-27 18:00:00+00:00,173.09,173.45,172.86,173.13,2306746.0,173.085,12216
2024-02-27 19:00:00+00:00,173.13,173.9,173.12,173.87,2262680.0,173.469,10977
2024-02-27 20:00:00+00:00,173.87,173.89,173.28,173.51,3454833.0,173.526,20404
2024-02-28 14:30:00+00:00,172.6,173.78,172.26,173.53,3165349.0,173.164,14240
2024-02-28 15:00:00+00:00,173.54,173.72,172.96,173.34,3193420.0,173.286,15958
2024-02-28 16:00:00+00:00,173.34,173.95,173.29,173.66,2147599.0,173.634,10738
2024-02-28 17:00:00+00:00,173.66,173.97,173.43,173.72,1997675.0,173.754,9676
2024-02-28 18:00:00+00:00,173.72,173.98,173.37,173.89,1721102.0,173.744,8124
2024-02-28 19:00:00+00:00,173.89,174.05,173.1,173.36,2073653.0,173.533,10360
2024-02-28 20:00:00+00:00,173.35,173.43,172.94,173.19,2984074.0,173.117,18060
2024-02-29 14:30:00+00:00,173.09,175.14,172.85,174.95,4447049.0,174.069,18329
2024-02-29 15:00:00+00:00,174.96,175.25,174.16,174.73,4454515.0,174.823,21902
2024-02-29 16:00:00+00:00,174.73,175.0,173.86,174.66,2606668.0,174.514,13927
2024-02-29 17:00:00+00:00,174.65,174.9,174.59,174.71,1759502.0,174.751,9657
2024-02-29 18:00:00+00:00,174.71,175.18,174.69,175.1,1892780.0,174.98,9603
2024-02-29 19:00:00+00:00,175.1,175.31,174.82,175.15,1713178.0,175.06,9498
2024-02-29 20:00:00+00:00,175.17,177.22,174.92,176.63,9265163.0,176.148,48439
2024-03-01 14:30:00+00:00,176.75,177.19,176.07,176.92,3371674.0,176.64,14271
2024-03-01 15:00:00+00:00,176.89,177.87,176.71,177.55,4061816.0,177.329,20572
2024-03-01 16:00:00+00:00,177.55,178.2,177.47,177.88,2972378.0,177.867,14162
2024-03-01 17:00:00+00:00,177.88,178.16,177.61,177.91,2094332.0,177.917,10449
2024-03-01 18:00:00+00:00,177.91,178.65,177.82,178.52,2267698.0,178.322,11075
2024-03-01 19:00:00+00:00,178.53,178.7,178.29,178.69,2075977.0,178.519,10532
2024-03-01 20:00:00+00:00,178.69,178.73,178.17,178.26,4359534.0,178.452,25365
2024-03-04 14:30:00+00:00,177.53,179.97,177.49,179.69,5304853.0,178.948,22074
2024-03-04 15:00:00+00:00,179.67,180.14,179.42,179.93,4526154.0,179.807,19967
2024-03-04 16:00:00+00:00,179.93,180.11,178.56,178.91,2699782.0,179.19,13394
2024-03-04 17:00:00+00:00,178.91,178.92,178.18,178.27,2135769.0,178.457,10774
2024-03-04 18:00:00+00:00,178.27,178.38,177.85,178.13,1664732.0,178.124,8704
2024-03-04 19:00:00+00:00,178.13,178.45,177.96,178.31,1815842.0,178.251,10199
2024-03-04 20:00:00+00:00,178.31,178.37,177.51,177.54,3670487.0,177.921,22011
2024-03-05 14:30:00+00:00,176.93,176.93,175.12,175.82,3843346.0,176.012,15890
2024-03-05 15:00:00+00:00,175.83,176.17,174.14,174.34,4744021.0,174.986,24213
2024-03-05 16:00:00+00:00,174.35,174.89,173.9,174.36,2702607.0,174.429,12837
2024-03-05 17:00:00+00:00,174.36,174.74,174.06,174.12,1852042.0,174.417,9415
2024-03-05 18:00:00+00:00,174.12,174.24,173.3,173.66,2062872.0,173.786,10969
2024-03-05 19:00:00+00:00,173.65,174.15,173.45,173.52,2455693.0,173.768,13478
2024-03-05 20:00:00+00:00,173.53,174.22,173.32,174.13,4965913.0,173.757,28705
2024-03-06 14:30:00+00:00,175.61,176.46,174.18,174.27,3622454.0,175.432,15002
2024-03-06 15:00:00+00:00,174.29,174.73,173.46,174.59,4069646.0,173.939,20994
2024-03-06 16:00:00+00:00,174.59,175.05,174.33,174.78,2373097.0,174.769,12269
2024-03-06 17:00:00+00:00,174.79,175.43,174.75,175.05,2395888.0,175.1,11234
2024-03-06 18:00:00+00:00,175.06,175.2,173.87,174.19,2157483.0,174.561,11938
2024-03-06 19:00:00+00:00,174.17,174.22,173.26,173.72,2548719.0,173.804,14109
2024-03-06 20:00:00+00:00,173.7,174.1,173.48,173.49,3621933.0,173.764,21048
2024-03-07 14:30:00+00:00,174.83,175.19,173.72,174.78,3086338.0,174.521,12270
2024-03-07 15:00:00+00:00,174.77,176.67,174.55,175.9,4459686.0,175.867,18654
2024-03-07 16:00:00+00:00,175.91,176.42,175.65,176.37,2261904.0,175.998,11074
2024-03-07 17:00:00+00:00,176.36,177.25,176.25,177.24,3028937.0,176.723,13419
2024-03-07 18:00:00+00:00,177.24,177.94,176.88,177.9,3115959.0,177.427,13961
2024-03-07 19:00:00+00:00,177.9,177.99,177.14,177.14,2551158.0,177.627,13535
2024-03-07 20:00:00+00:00,177.14,177.14,176.62,176.77,3627962.0,176.863,20541
2024-03-08 14:30:00+00:00,176.31,177.66,176.1,177.57,3694822.0,176.944,18603
2024-03-08 15:00:00+00:00,177.59,178.79,177.57,178.22,4035828.0,178.243,20910
2024-03-08 16:00:00+00:00,178.22,178.31,176.44,176.74,3323798.0,177.287,18559
2024-03-08 17:00:00+00:00,176.72,177.13,175.41,175.43,2674315.0,176.424,14604
2024-03-08 18:00:00+00:00,175.43,175.43,174.33,174.89,3694438.0,174.837,18107
2024-03-08 19:00:00+00:00,174.88,175.93,174.85,175.63,2622109.0,175.498,14637
2024-03-08 20:00:00+00:00,175.63,175.86,174.87,175.35,4466096.0,175.351,27773
2024-03-11 13:30:00+00:00,174.45,174.47,172.28,172.3,3716850.0,173.332,15856
2024-03-11 14:00:00+00:00,172.29,173.14,171.47,172.87,4689284.0,172.097,22621
2024-03-11 15:00:00+00:00,172.86,173.22,172.19,172.53,2073410.0,172.597,10862
2024-03-11 16:00:00+00:00,172.54,172.67,172.2,172.64,1617686.0,172.424,7605
2024-03-11 17:00:00+00:00,172.65,172.67,171.91,172.24,1717456.0,172.302,8534
2024-03-11 18:00:00+00:00,172.24,172.88,172.09,172.6,1410527.0,172.417,7600
2024-03-11 19:00:00+00:00,172.59,172.75,171.89,171.97,3357645.0,172.172,20903
2024-03-12 13:30:00+00:00,173.52,173.94,171.98,173.11,3351864.0,172.889,16068
2024-03-12 14:00:00+00:00,173.12,176.74,173.01,176.4,7065457.0,175.456,33492
2024-03-12 15:00:00+00:00,176.4,176.76,175.87,175.9,3328592.0,176.359,18025
2024-03-12 16:00:00+00:00,175.91,175.96,175.16,175.62,2642823.0,175.561,15797
2024-03-12 17:00:00+00:00,175.63,176.29,175.34,175.8,2178868.0,175.845,11622
2024-03-12 18:00:00+00:00,175.81,175.93,175.36,175.7,1600876.0,175.705,9645
2024-03-12 19:00:00+00:00,175.7,175.94,175.35,175.39,3560539.0,175.692,22458
2024-03-13 13:30:00+00:00,175.95,176.65,175.55,175.97,3237391.0,176.04,13270
2024-03-13 14:00:00+00:00,175.98,177.16,175.61,176.66,3804385.0,176.729,18148
2024-03-13 15:00:00+00:00,176.67,177.09,176.56,177.01,2409627.0,176.862,12082
2024-03-13 16:00:00+00:00,177.01,177.36,176.67,177.19,2294569.0,176.976,12200
2024-03-13 17:00:00+00:00,177.18,177.62,176.98,177.34,2364961.0,177.328,11398
2024-03-13 18:00:00+00:00,177.32,177.57,177.22,177.29,1579064.0,177.386,9213
2024-03-13 19:00:00+00:00,177.29,177.36,176.26,176.57,3596536.0,176.728,21464
2024-03-14 13:30:00+00:00,177.69,178.0,176.46,176.95,3453823.0,177.374,15660
2024-03-14 14:00:00+00:00,176.93,179.47,176.62,179.01,5908432.0,178.464,27365
2024-03-14 15:00:00+00:00,179.04,179.53,178.18,178.37,3472317.0,178.846,16805
2024-03-14 16:00:00+00:00,178.36,178.4,177.27,177.96,2829051.0,177.77,14155
2024-03-14 17:00:00+00:00,177.96,178.71,177.58,178.71,2434513.0,178.055,12100
2024-03-14 18:00:00+00:00,178.71,179.39,178.71,178.99,2833562.0,179.076,14344
2024-03-14 19:00:00+00:00,178.99,179.13,177.86,178.84,6888987.0,178.537,40946
2024-03-15 13:30:00+00:00,176.64,177.93,175.4,175.76,10507325.0,176.568,21734
2024-03-15 14:00:00+00:00,175.74,176.16,174.92,175.45,4828594.0,175.531,24703
2024-03-15 15:00:00+00:00,175.46,175.62,174.33,174.55,3829013.0,174.906,19398
2024-03-15 16:00:00+00:00,174.53,174.66,173.9,174.06,2995842.0,174.253,15593
2024-03-15 17:00:00+00:00,174.08,175.01,173.99,174.98,2758049.0,174.585,13237
2024-03-15 18:00:00+00:00,174.99,175.5,174.79,174.92,2591348.0,175.068,13150
2024-03-15 19:00:00+00:00,174.91,175.35,174.26,174.42,5565094.0,174.77,28718
2024-03-18 13:30:00+00:00,175.86,176.4,174.74,174.95,3804545.0,175.829,15858
2024-03-18 14:00:00+00:00,174.95,176.69,174.86,176.39,3563222.0,175.971,17574
2024-03-18 15:00:00+00:00,176.39,176.47,174.87,175.05,2599401.0,175.472,14680
2024-03-18 16:00:00+00:00,175.05,175.18,174.35,174.39,2032901.0,174.805,10312
2024-03-18 17:00:00+00:00,174.38,174.94,174.29,174.7,1766394.0,174.592,8916
2024-03-18 18:00:00+00:00,174.71,174.95,174.47,174.77,1539390.0,174.786,7339
2024-03-18 19:00:00+00:00,174.76,175.07,174.28,174.47,3037348.0,174.625,18368
2024-03-19 13:30:00+00:00,174.2,175.22,173.52,175.09,3571338.0,174.619,15383
2024-03-19 14:00:00+00:00,175.11,175.65,174.87,175.09,3368341.0,175.248,17238
2024-03-19 15:00:00+00:00,175.07,175.48,175.01,175.42,2096926.0,175.244,11177
2024-03-19 16:00:00+00:00,175.42,175.79,175.14,175.7,1738286.0,175.546,9025
2024-03-19 17:00:00+00:00,175.7,176.0,175.32,175.56,1665083.0,175.628,8996
2024-03-19 18:00:00+00:00,175.55,175.55,174.98,175.27,1429689.0,175.186,7932
2024-03-19 19:00:00+00:00,175.28,176.09,175.15,175.89,3226585.0,175.731,18426
2024-03-20 13:30:00+00:00,176.14,176.52,175.01,175.13,2143516.0,175.635,9367
2024-03-20 14:00:00+00:00,175.13,175.78,175.06,175.13,2274465.0,175.405,11564
2024-03-20 15:00:00+00:00,175.14,175.32,174.64,175.03,1857457.0,174.996,9578
2024-03-20 16:00:00+00:00,175.02,175.45,174.72,175.43,1984616.0,174.991,9624
2024-03-20 17:00:00+00:00,175.44,175.46,175.1,175.26,1307809.0,175.266,6302
2024-03-20 18:00:00+00:00,175.27,178.2,175.27,177.85,5319753.0,176.8,24098
2024-03-20 19:00:00+00:00,177.85,178.53,177.68,178.13,4664853.0,178.077,27311
2024-03-21 13:30:00+00:00,179.97,181.42,178.6,179.9,5785752.0,180.245,21905
2024-03-21 14:00:00+00:00,179.88,180.74,179.47,179.5,3465181.0,180.102,16897
2024-03-21 15:00:00+00:00,179.48,179.8,179.06,179.36,2162101.0,179.412,10991
2024-03-21 16:00:00+00:00,179.36,180.08,179.35,179.73,1811789.0,179.764,8419
2024-03-21 17:00:00+00:00,179.72,179.72,179.11,179.2,1365712.0,179.367,6439
2024-03-21 18:00:00+00:00,179.19,179.41,178.78,178.88,1415756.0,179.079,7633
2024-03-21 19:00:00+00:00,178.88,178.91,178.15,178.18,4237605.0,178.56,24672
2024-03-22 13:30:00+00:00,177.75,178.02,176.75,177.67,2661706.0,177.298,11925
2024-03-22 14:00:00+00:00,177.68,178.47,177.68,178.06,3026119.0,178.086,15060
2024-03-22 15:00:00+00:00,178.06,178.68,178.02,178.59,1939116.0,178.401,9131
2024-03-22 16:00:00+00:00,178.6,178.98,178.45,178.63,1722200.0,178.69,8666
2024-03-22 17:00:00+00:00,178.63,179.16,178.63,179.05,1272933.0,178.905,6637
2024-03-22 18:00:00+00:00,179.06,179.26,178.95,179.06,1390539.0,179.106,7254
2024-03-22 19:00:00+00:00,179.05,179.2,178.7,178.87,2676491.0,178.967,16288
2024-03-25 13:30:00+00:00,178.08,179.35,177.24,179.28,3149148.0,178.291,12093
2024-03-25 14:00:00+00:00,179.28,180.99,179.26,179.62,5062685.0,180.143,23329
2024-03-25 15:00:00+00:00,179.62,180.02,179.34,179.9,2153579.0,179.738,9973
2024-03-25 16:00:00+00:00,179.91,180.11,179.26,179.53,1804716.0,179.697,8516
2024-03-25 17:00:00+00:00,179.54,180.3,179.42,179.98,1496515.0,179.949,6859
2024-03-25 18:00:00+00:00,179.98,180.25,179.91,180.09,1360315.0,180.087,5731
2024-03-25 19:00:00+00:00,180.09,180.1,179.48,179.72,2903153.0,179.784,17073
2024-03-26 13:30:00+00:00,180.22,180.45,178.82,179.1,3389298.0,179.73,13329
2024-03-26 14:00:00+00:00,179.13,179.85,179.04,179.56,2503362.0,179.531,12599
2024-03-26 15:00:00+00:00,179.56,180.36,179.45,180.11,1991702.0,179.938,9937
2024-03-26 16:00:00+00:00,180.09,180.17,179.52,179.62,1434355.0,179.797,7915
2024-03-26 17:00:00+00:00,179.63,179.94,179.38,179.48,1041575.0,179.665,5400
2024-03-26 18:00:00+00:00,179.48,180.0,179.47,179.72,1162593.0,179.805,5381
2024-03-26 19:00:00+00:00,179.72,179.77,177.95,178.45,4975098.0,178.617,31387
2024-03-27 13:30:00+00:00,179.88,180.0,177.3,178.74,3547479.0,178.537,16349
2024-03-27 14:00:00+00:00,178.74,178.85,177.96,178.53,2554819.0,178.435,14478
2024-03-27 15:00:00+00:00,178.53,178.69,178.01,178.27,1740854.0,178.348,10103
2024-03-27 16:00:00+00:00,178.27,179.09,178.27,178.99,2001831.0,178.784,10911
2024-03-27 17:00:00+00:00,179.0,179.57,178.84,178.84,1949971.0,179.24,10194
2024-03-27 18:00:00+00:00,178.86,179.11,178.49,178.61,1687236.0,178.82,8103
2024-03-27 19:00:00+00:00,178.61,179.95,178.37,179.91,4801504.0,179.44,27455
2024-03-28 13:30:00+00:00,180.09,181.7,179.26,181.2,4414995.0,180.47,17075
2024-03-28 14:00:00+00:00,181.21,181.47,180.47,180.92,3505858.0,181.009,16873
2024-03-28 15:00:00+00:00,180.92,181.26,180.21,180.62,2590111.0,180.8,12421
2024-03-28 16:00:00+00:00,180.62,180.66,179.76,180.24,2360620.0,180.08,11116
2024-03-28 17:00:00+00:00,180.24,180.59,179.9,180.41,1601089.0,180.211,7596
2024-03-28 18:00:00+00:00,180.41,180.65,179.97,180.6,1768389.0,180.299,8570
2024-03-28 19:00:00+00:00,180.61,180.76,180.16,180.25,4783929.0,180.468,25840
2024-04-01 13:30:00+00:00,180.83,183.0,180.23,180.78,5275258.0,181.63,21425
2024-04-01 14:00:00+00:00,180.75,181.25,180.25,180.57,3106308.0,180.677,14753
2024-04-01 15:00:00+00:00,180.57,180.85,179.95,180.41,2235922.0,180.437,10742
2024-04-01 16:00:00+00:00,180.41,181.05,180.34,180.6,1507370.0,180.81,7488
2024-04-01 17:00:00+00:00,180.6,180.81,179.97,180.3,1521010.0,180.337,6993
2024-04-01 18:00:00+00:00,180.3,180.84,180.28,180.59,1347168.0,180.557,6255
2024-04-01 19:00:00+00:00,180.58,181.09,180.27,180.93,3712916.0,180.762,20737
2024-04-02 13:30:00+00:00,179.07,179.64,178.37,179.09,3525980.0,179.009,14882
2024-04-02 14:00:00+00:00,179.12,180.15,178.62,179.49,3738232.0,179.539,19008
2024-04-02 15:00:00+00:00,179.48,180.07,179.46,179.62,2290480.0,179.776,12360
2024-04-02 16:00:00+00:00,179.63,180.41,179.58,180.38,1672547.0,180.016,9259
2024-04-02 17:00:00+00:00,180.37,180.69,180.27,180.55,1542371.0,180.512,8748
2024-04-02 18:00:00+00:00,180.55,180.79,180.28,180.33,1537444.0,180.531,8089
2024-04-02 19:00:00+00:00,180.32,180.79,180.07,180.72,3856513.0,180.536,22955
2024-04-03 13:30:00+00:00,179.9,181.45,179.8,180.69,3058803.0,180.628,12668
2024-04-03 14:00:00+00:00,180.7,182.35,180.68,182.28,3603990.0,181.795,17646
2024-04-03 15:00:00+00:00,182.28,182.87,182.15,182.34,2322504.0,182.511,12348
2024-04-03 16:00:00+00:00,182.35,182.79,182.05,182.28,1946014.0,182.384,10139
2024-04-03 17:00:00+00:00,182.29,182.82,182.29,182.66,1402141.0,182.612,7094
2024-04-03 18:00:00+00:00,182.66,182.79,182.4,182.48,1495570.0,182.587,8300
2024-04-03 19:00:00+00:00,182.47,182.5,181.58,182.47,4291222.0,182.197,26511
2024-04-04 13:30:00+00:00,184.05,184.89,183.31,183.72,4207926.0,184.023,16581
2024-04-04 14:00:00+00:00,183.73,184.43,183.65,184.11,3184310.0,184.069,14877
2024-04-04 15:00:00+00:00,184.11,184.8,184.03,184.62,2396252.0,184.454,12131
2024-04-04 16:00:00+00:00,184.63,185.1,184.61,184.9,2677023.0,184.873,12369
2024-04-04 17:00:00+00:00,184.9,184.9,184.27,184.38,1782073.0,184.544,8494
2024-04-04 18:00:00+00:00,184.37,184.38,181.31,181.53,4940302.0,182.8,25023
2024-04-04 19:00:00+00:00,181.52,181.91,180.0,180.06,7877530.0,180.814,45019
2024-04-05 13:30:00+00:00,182.38,184.93,181.97,184.59,6120244.0,183.412,24252
2024-04-05 14:00:00+00:00,184.58,185.61,184.22,185.51,5932570.0,184.899,27417
2024-04-05 15:00:00+00:00,185.51,185.71,184.36,185.61,4177839.0,185.146,18536
2024-04-05 16:00:00+00:00,185.62,186.22,185.46,186.21,2753884.0,185.772,11917
2024-04-05 17:00:00+00:00,186.2,186.27,184.34,184.41,3189242.0,185.411,15604
2024-04-05 18:00:00+00:00,184.41,184.96,184.09,184.57,2692326.0,184.484,13814
2024-04-05 19:00:00+00:00,184.57,185.43,184.3,184.94,3664588.0,184.876,20515
2024-04-08 13:30:00+00:00,187.0,187.29,185.32,186.04,5328897.0,186.254,21033
2024-04-08 14:00:00+00:00,186.04,187.11,185.86,187.04,4408546.0,186.505,22048
2024-04-08 15:00:00+00:00,187.05,187.15,185.57,185.75,3471283.0,186.39,16909
2024-04-08 16:00:00+00:00,185.74,185.81,184.81,185.66,3160998.0,185.41,14325
2024-04-08 17:00:00+00:00,185.66,185.75,184.86,185.38,2431138.0,185.261,11403
2024-04-08 18:00:00+00:00,185.39,185.8,185.23,185.8,1922921.0,185.429,9154
2024-04-08 19:00:00+00:00,185.81,185.97,185.19,185.32,5292299.0,185.509,29025
2024-04-09 13:30:00+00:00,187.24,187.34,185.23,185.59,4019204.0,186.182,15960
2024-04-09 14:00:00+00:00,185.61,186.73,184.91,185.65,5557975.0,185.802,26471
2024-04-09 15:00:00+00:00,185.65,185.88,184.89,185.2,2969690.0,185.34,13594
2024-04-09 16:00:00+00:00,185.2,185.83,185.0,185.05,2212371.0,185.397,10571
2024-04-09 17:00:00+00:00,185.06,185.32,184.41,184.42,2626282.0,184.912,13034
2024-04-09 18:00:00+00:00,184.42,184.98,184.35,184.65,1962752.0,184.736,10210
2024-04-09 19:00:00+00:00,184.64,185.78,184.2,185.71,4965010.0,185.171,25939
2024-04-10 13:30:00+00:00,182.77,184.88,182.67,184.39,4762408.0,183.895,21993
2024-04-10 14:00:00+00:00,184.36,185.38,184.12,184.62,4056031.0,184.708,22571
2024-04-10 15:00:00+00:00,184.63,185.26,184.5,184.81,2551224.0,184.906,13062
2024-04-10 16:00:00+00:00,184.8,185.84,184.7,185.79,1913649.0,185.215,9872
2024-04-10 17:00:00+00:00,185.8,186.27,184.9,185.5,3735799.0,185.548,18424
2024-04-10 18:00:00+00:00,185.52,185.85,185.03,185.05,1940750.0,185.434,11070
2024-04-10 19:00:00+00:00,185.06,186.23,184.91,185.89,4154313.0,185.661,25037
2024-04-11 13:30:00+00:00,186.74,187.0,185.51,186.63,4369023.0,186.224,14970
2024-04-11 14:00:00+00:00,186.66,186.93,185.78,186.37,3910522.0,186.335,17868
2024-04-11 15:00:00+00:00,186.39,187.87,186.35,187.8,3182693.0,186.995,14649
2024-04-11 16:00:00+00:00,187.8,188.15,187.42,187.78,3270672.0,187.784,13929
2024-04-11 17:00:00+00:00,187.79,189.41,187.64,188.75,4210598.0,188.803,19383
2024-04-11 18:00:00+00:00,188.78,189.56,188.71,189.36,2777213.0,189.211,13756
2024-04-11 19:00:00+00:00,189.36,189.77,189.0,189.02,4651658.0,189.339,26403
2024-04-12 13:30:00+00:00,187.65,188.38,187.35,188.16,4535971.0,187.897,19845
2024-04-12 14:00:00+00:00,188.16,188.22,186.23,186.39,5269617.0,187.174,24457
2024-04-12 15:00:00+00:00,186.4,187.76,186.31,187.3,2803695.0,187.148,13860
2024-04-12 16:00:00+00:00,187.3,187.44,185.36,185.71,3747083.0,186.192,18022
2024-04-12 17:00:00+00:00,185.72,185.94,185.15,185.71,2243250.0,185.57,11456
2024-04-12 18:00:00+00:00,185.71,185.97,185.35,185.37,2254555.0,185.675,12111
2024-04-12 19:00:00+00:00,185.37,186.2,185.08,186.16,4763359.0,185.654,24539
2024-04-15 13:30:00+00:00,187.42,188.69,186.18,187.97,5566178.0,187.466,21669
2024-04-15 14:00:00+00:00,187.96,188.36,186.8,186.8,5066434.0,187.517,25764
2024-04-15 15:00:00+00:00,186.81,187.1,186.28,187.0,2851106.0,186.75,15455
2024-04-15 16:00:00+00:00,187.01,187.02,185.59,185.78,2879526.0,186.141,13685
2024-04-15 17:00:00+00:00,185.78,186.16,183.07,183.72,4567906.0,184.364,23233
2024-04-15 18:00:00+00:00,183.69,184.37,183.39,183.88,3704486.0,183.854,17435
2024-04-15 19:00:00+00:00,183.86,184.17,183.53,183.62,4926210.0,183.829,29136
2024-04-16 13:30:00+00:00,183.27,184.26,182.26,183.89,4219026.0,183.183,16979
2024-04-16 14:00:00+00:00,183.88,184.7,183.1,183.92,4347749.0,183.959,18513
2024-04-16 15:00:00+00:00,183.92,184.66,183.8,184.0,2345256.0,184.259,11452
2024-04-16 16:00:00+00:00,183.99,184.29,183.61,183.85,1792949.0,183.919,9634
2024-04-16 17:00:00+00:00,183.85,184.14,182.84,183.75,2527151.0,183.615,13439
2024-04-16 18:00:00+00:00,183.73,184.83,183.06,184.13,2846542.0,183.895,13983
2024-04-16 19:00:00+00:00,184.12,184.27,183.17,183.27,3645338.0,183.73,20973
2024-04-17 13:30:00+00:00,184.4,184.57,183.49,183.68,2889106.0,184.094,10809
2024-04-17 14:00:00+00:00,183.69,184.13,183.05,183.19,3254987.0,183.62,15190
2024-04-17 15:00:00+00:00,183.18,183.58,181.55,181.93,3362356.0,182.372,16907
2024-04-17 16:00:00+00:00,181.91,181.96,179.82,180.42,3539763.0,180.826,18205
2024-04-17 17:00:00+00:00,180.43,181.8,180.37,181.71,2067566.0,181.161,10075
2024-04-17 18:00:00+00:00,181.71,182.24,181.15,181.44,2018538.0,181.63,10841
2024-04-17 19:00:00+00:00,181.43,181.54,180.89,181.23,3410422.0,181.255,19774
2024-04-18 13:30:00+00:00,181.46,181.6,179.87,180.41,2997207.0,180.723,13265
2024-04-18 14:00:00+00:00,180.41,182.36,180.16,182.18,3765718.0,181.342,15933
2024-04-18 15:00:00+00:00,182.2,182.39,181.78,181.84,2189567.0,182.14,10599
2024-04-18 16:00:00+00:00,181.84,181.96,180.76,180.85,2139239.0,181.536,10399
2024-04-18 17:00:00+00:00,180.85,180.87,178.89,179.17,3630318.0,179.596,18005
2024-04-18 18:00:00+00:00,179.17,179.81,178.65,178.88,2173517.0,179.168,11495
2024-04-18 19:00:00+00:00,178.87,179.79,178.86,179.19,3150859.0,179.36,19066
2024-04-19 13:30:00+00:00,178.92,179.0,176.31,177.78,5983125.0,178.113,19357
2024-04-19 14:00:00+00:00,177.8,178.04,175.45,176.31,5184006.0,176.642,28668
2024-04-19 15:00:00+00:00,176.29,176.58,175.65,175.78,3529953.0,176.139,18994
2024-04-19 16:00:00+00:00,175.77,175.94,173.92,174.77,4086858.0,174.727,21479
2024-04-19 17:00:00+00:00,174.76,175.93,174.59,175.48,2772088.0,175.061,14856
2024-04-19 18:00:00+00:00,175.47,175.54,173.68,173.97,3357201.0,174.439,19345
2024-04-19 19:00:00+00:00,173.97,174.75,173.44,174.58,6479202.0,174.165,40758
2024-04-22 13:30:00+00:00,176.94,178.87,176.62,177.06,4240971.0,177.734,17337
2024-04-22 14:00:00+00:00,177.03,177.44,174.73,175.0,3835131.0,175.7,19498
2024-04-22 15:00:00+00:00,174.98,175.6,174.56,175.24,2869794.0,175.034,12920
2024-04-22 16:00:00+00:00,175.23,175.88,175.14,175.74,1830541.0,175.502,8440
2024-04-22 17:00:00+00:00,175.75,177.52,175.64,177.18,2309293.0,176.685,10815
2024-04-22 18:00:00+00:00,177.2,178.25,177.05,177.77,2680743.0,177.729,12431
2024-04-22 19:00:00+00:00,177.76,177.77,176.8,177.22,3171895.0,177.232,17710
2024-04-23 13:30:00+00:00,178.09,178.51,175.97,176.88,5241202.0,177.052,21748
2024-04-23 14:00:00+00:00,176.9,178.2,176.67,178.1,4660744.0,177.443,20546
2024-04-23 15:00:00+00:00,178.11,178.72,177.32,178.21,3109717.0,178.247,14405
2024-04-23 16:00:00+00:00,178.22,179.05,178.04,178.64,2683637.0,178.672,12894
2024-04-23 17:00:00+00:00,178.65,179.29,178.37,179.28,1759240.0,178.796,8174
2024-04-23 18:00:00+00:00,179.29,179.93,179.15,179.91,2547478.0,179.555,12438
2024-04-23 19:00:00+00:00,179.91,179.92,179.41,179.62,3370790.0,179.628,18285
2024-04-24 13:30:00+00:00,179.93,180.33,178.5,178.94,3716879.0,179.614,13783
2024-04-24 14:00:00+00:00,178.94,178.99,177.47,177.56,4138315.0,177.976,19040
2024-04-24 15:00:00+00:00,177.56,177.65,176.36,176.49,2880561.0,177.032,13872
2024-04-24 16:00:00+00:00,176.49,176.84,176.18,176.81,2214354.0,176.48,10491
2024-04-24 17:00:00+00:00,176.81,177.53,176.53,177.45,1781553.0,177.004,8739
2024-04-24 18:00:00+00:00,177.45,177.51,176.38,176.45,1895421.0,176.883,9422
2024-04-24 19:00:00+00:00,176.43,177.35,176.33,176.51,3689602.0,176.81,19228
2024-04-25 13:30:00+00:00,169.76,171.42,166.32,170.38,10439421.0,169.323,44220
2024-04-25 14:00:00+00:00,170.38,171.91,170.04,171.43,5064315.0,171.239,26281
2024-04-25 15:00:00+00:00,171.41,172.38,170.84,172.33,3153715.0,171.439,15528
2024-04-25 16:00:00+00:00,172.31,172.69,171.78,172.51,2355420.0,172.284,12252
2024-04-25 17:00:00+00:00,172.53,173.24,171.79,173.09,2347403.0,172.58,11276
2024-04-25 18:00:00+00:00,173.09,173.14,172.18,172.71,1837741.0,172.71,10122
2024-04-25 19:00:00+00:00,172.72,173.92,172.69,173.68,3981093.0,173.486,23122
2024-04-26 13:30:00+00:00,177.7,178.03,176.13,177.0,4588663.0,177.036,20094
2024-04-26 14:00:00+00:00,177.0,178.92,176.98,178.73,4833808.0,177.71,24336
2024-04-26 15:00:00+00:00,178.74,179.85,178.06,179.24,4062755.0,178.95,18205
2024-04-26 16:00:00+00:00,179.24,180.69,178.99,180.62,4186998.0,179.69,17698
2024-04-26 17:00:00+00:00,180.62,180.82,179.51,180.05,2918988.0,180.163,14278
2024-04-26 18:00:00+00:00,180.06,180.1,178.98,179.36,2310236.0,179.42,11277
2024-04-26 19:00:00+00:00,179.35,179.96,179.21,179.62,4389899.0,179.664,23843
2024-04-29 13:30:00+00:00,182.71,183.53,179.39,180.11,7687152.0,181.134,31412
2024-04-29 14:00:00+00:00,180.07,181.17,179.75,180.46,6330533.0,180.492,29887
2024-04-29 15:00:00+00:00,180.44,180.64,179.43,179.82,4135092.0,179.858,19600
2024-04-29 16:00:00+00:00,179.83,180.84,179.78,180.39,3095600.0,180.202,14985
2024-04-29 17:00:00+00:00,180.4,181.49,180.16,181.22,3100443.0,180.975,13862
2024-04-29 18:00:00+00:00,181.22,181.22,179.97,180.41,3079463.0,180.553,16876
2024-04-29 19:00:00+00:00,180.41,181.02,179.5,180.97,5862080.0,180.312,31677
2024-04-30 13:30:00+00:00,181.09,182.08,180.6,181.6,5716833.0,181.378,24979
2024-04-30 14:00:00+00:00,181.6,182.01,180.51,180.72,5807391.0,181.062,29830
2024-04-30 15:00:00+00:00,180.75,180.75,178.49,179.1,5919927.0,179.517,29346
2024-04-30 16:00:00+00:00,179.11,182.99,178.5,178.81,4754458.0,179.137,21309
2024-04-30 17:00:00+00:00,178.82,179.96,178.66,179.69,4094231.0,179.416,20106
2024-04-30 18:00:00+00:00,179.69,180.08,178.92,179.03,4063775.0,179.559,19400
2024-04-30 19:00:00+00:00,179.02,179.93,174.8,175.45,14371942.0,177.829,69130
2024-05-01 13:30:00+00:00,181.87,182.23,178.26,181.44,14157479.0,180.606,58507
2024-05-01 14:00:00+00:00,181.46,181.76,178.92,179.04,10329545.0,180.165,43677
2024-05-01 15:00:00+00:00,179.03,179.35,177.13,177.14,7402536.0,178.252,30636
2024-05-01 16:00:00+00:00,177.14,178.06,176.56,177.98,5088464.0,177.323,23364
2024-05-01 17:00:00+00:00,177.98,178.86,177.62,178.39,3967151.0,178.133,19305
2024-05-01 18:00:00+00:00,178.4,183.95,178.21,183.94,11710538.0,181.405,51992
2024-05-01 19:00:00+00:00,183.94,185.15,178.69,178.79,14935359.0,182.569,68288
2024-05-02 13:30:00+00:00,180.75,183.19,179.91,182.79,7344754.0,181.911,29987
2024-05-02 14:00:00+00:00,182.79,182.81,180.55,181.98,6541907.0,181.588,28778
2024-05-02 15:00:00+00:00,181.99,182.9,181.11,182.18,3597862.0,181.947,16424
2024-05-02 16:00:00+00:00,182.19,182.57,181.66,182.25,3133054.0,182.166,14996
2024-05-02 17:00:00+00:00,182.28,185.07,182.21,184.41,6140979.0,183.984,25328
2024-05-02 18:00:00+00:00,184.43,185.06,183.92,184.71,4216744.0,184.595,18183
2024-05-02 19:00:00+00:00,184.74,184.95,183.65,184.77,6425540.0,184.419,32240
2024-05-03 13:30:00+00:00,186.99,187.23,185.42,186.39,6470012.0,186.464,21490
2024-05-03 14:00:00+00:00,186.42,187.87,185.83,187.03,6186158.0,186.858,25842
2024-05-03 15:00:00+00:00,187.04,187.1,185.72,186.67,3789767.0,186.31,15549
2024-05-03 16:00:00+00:00,186.67,186.8,185.95,186.09,2213948.0,186.432,9847
2024-05-03 17:00:00+00:00,186.09,186.58,186.05,186.16,2054265.0,186.315,9111
2024-05-03 18:00:00+00:00,186.17,186.67,186.17,186.36,2035552.0,186.465,9985
2024-05-03 19:00:00+00:00,186.35,186.48,185.83,186.25,4168994.0,186.182,22629
2024-05-06 13:30:00+00:00,186.29,186.47,184.8,185.63,4580122.0,185.822,17646
2024-05-06 14:00:00+00:00,185.63,186.59,185.25,186.55,4523720.0,185.922,18801
2024-05-06 15:00:00+00:00,186.59,187.18,186.54,186.73,2999700.0,186.869,12920
2024-05-06 16:00:00+00:00,186.74,186.98,186.36,186.77,1985870.0,186.72,8816
2024-05-06 17:00:00+00:00,186.77,186.88,186.41,186.74,1496833.0,186.694,7229
2024-05-06 18:00:00+00:00,186.74,187.75,186.69,187.69,2576923.0,187.259,10322
2024-05-06 19:00:00+00:00,187.68,188.75,187.45,188.69,5030756.0,188.017,27375
2024-05-07 13:30:00+00:00,188.9,189.46,188.27,188.98,4388965.0,188.869,17442
2024-05-07 14:00:00+00:00,188.99,189.4,188.11,189.05,3609862.0,188.721,15294
2024-05-07 15:00:00+00:00,189.08,189.94,188.83,189.47,3465885.0,189.349,14826
2024-05-07 16:00:00+00:00,189.47,189.51,188.66,188.88,2239044.0,189.129,10301
2024-05-07 17:00:00+00:00,188.88,189.22,188.25,188.43,2383999.0,188.895,10070
2024-05-07 18:00:00+00:00,188.38,188.57,187.3,187.92,2820077.0,187.869,12656
2024-05-07 19:00:00+00:00,187.92,189.04,187.79,188.77,3829880.0,188.432,20770
2024-05-08 13:30:00+00:00,187.36,188.25,186.38,187.04,4227443.0,187.266,15659
2024-05-08 14:00:00+00:00,187.03,188.43,186.8,188.05,3418339.0,187.558,15277
2024-05-08 15:00:00+00:00,188.06,188.23,187.46,187.5,1567564.0,187.799,7683
2024-05-08 16:00:00+00:00,187.49,187.68,187.07,187.15,1391394.0,187.36,5579
2024-05-08 17:00:00+00:00,187.13,187.38,186.86,187.3,1512816.0,187.157,6361
2024-05-08 18:00:00+00:00,187.31,188.15,187.27,188.0,2415658.0,187.837,10850
2024-05-08 19:00:00+00:00,188.0,188.34,187.72,187.93,2820030.0,187.991,13503
2024-05-09 13:30:00+00:00,188.88,190.31,187.44,188.09,5396750.0,188.781,20652
2024-05-09 14:00:00+00:00,188.09,190.19,188.08,189.93,5107802.0,189.293,19499
2024-05-09 15:00:00+00:00,189.93,191.29,189.7,190.35,5069709.0,190.532,20016
2024-05-09 16:00:00+00:00,190.36,191.24,190.18,191.21,3777463.0,190.784,14434
2024-05-09 17:00:00+00:00,191.21,191.7,190.36,190.49,3991301.0,191.05,14732
2024-05-09 18:00:00+00:00,190.49,191.06,190.23,190.83,2350067.0,190.646,10003
2024-05-09 19:00:00+00:00,190.83,190.88,189.23,189.51,5464881.0,189.832,26755
2024-05-10 13:30:00+00:00,189.16,189.9,188.65,189.75,3837928.0,189.262,12788
2024-05-10 14:00:00+00:00,189.74,189.75,187.72,187.77,3798405.0,188.437,17293
2024-05-10 15:00:00+00:00,187.79,187.92,186.95,187.44,2758899.0,187.526,13186
2024-05-10 16:00:00+00:00,187.44,187.55,186.93,187.38,2005724.0,187.235,9495
2024-05-10 17:00:00+00:00,187.38,187.96,187.15,187.92,1649168.0,187.571,6710
2024-05-10 18:00:00+00:00,187.9,188.17,187.51,187.78,1720388.0,187.827,7350
2024-05-10 19:00:00+00:00,187.79,187.97,187.39,187.46,3295838.0,187.638,17217
2024-05-13 13:30:00+00:00,188.07,188.31,186.63,187.19,2514647.0,187.329,8712
2024-05-13 14:00:00+00:00,187.18,187.29,186.26,186.34,2411764.0,186.746,11394
2024-05-13 15:00:00+00:00,186.34,186.42,185.43,185.92,3369493.0,185.9,13984
2024-05-13 16:00:00+00:00,185.93,186.39,185.83,185.95,1929861.0,186.117,7259
2024-05-13 17:00:00+00:00,185.95,186.43,185.36,186.39,2083296.0,186.024,7821
2024-05-13 18:00:00+00:00,186.38,186.43,185.96,186.12,1167013.0,186.255,5463
2024-05-13 19:00:00+00:00,186.12,186.79,185.9,186.58,3272765.0,186.316,17763
2024-05-14 13:30:00+00:00,183.88,185.71,183.45,184.06,3930867.0,184.584,17127
2024-05-14 14:00:00+00:00,184.06,185.59,183.94,185.25,5805364.0,184.751,24065
2024-05-14 15:00:00+00:00,185.25,185.96,184.64,185.05,3526423.0,185.315,14731
2024-05-14 16:00:00+00:00,185.03,185.94,184.93,185.81,2592513.0,185.459,10185
2024-05-14 17:00:00+00:00,185.81,186.69,185.63,186.49,2190896.0,186.246,8782
2024-05-14 18:00:00+00:00,186.48,187.62,186.42,187.51,2794291.0,187.113,11981
2024-05-14 19:00:00+00:00,187.52,187.72,187.03,187.07,3996633.0,187.278,21657
2024-05-15 13:30:00+00:00,185.86,186.72,182.73,184.12,11853596.0,184.575,55169
2024-05-15 14:00:00+00:00,184.12,184.69,183.35,184.05,12118176.0,183.974,61452
2024-05-15 15:00:00+00:00,184.05,186.35,183.85,185.53,9318477.0,185.067,29606
2024-05-15 16:00:00+00:00,185.53,185.53,184.05,184.51,6651606.0,184.675,25369
2024-05-15 17:00:00+00:00,184.51,185.4,182.99,185.09,7308410.0,184.086,28382
2024-05-15 18:00:00+00:00,185.09,185.22,183.95,184.8,3969811.0,184.653,19561
2024-05-15 19:00:00+00:00,184.78,186.14,184.6,186.07,5759136.0,185.697,27617
2024-05-16 13:30:00+00:00,185.6,187.31,185.54,186.8,4479429.0,186.517,17715
2024-05-16 14:00:00+00:00,186.78,186.91,185.91,186.67,3510599.0,186.534,14841
2024-05-16 15:00:00+00:00,186.7,186.85,185.58,185.6,2965545.0,186.084,12447
2024-05-16 16:00:00+00:00,185.59,185.93,185.2,185.91,2034421.0,185.538,9153
2024-05-16 17:00:00+00:00,185.91,185.91,184.58,184.95,2384814.0,185.173,10352
2024-05-16 18:00:00+00:00,184.96,184.96,184.1,184.43,3162433.0,184.474,14238
2024-05-16 19:00:00+00:00,184.42,184.45,183.46,183.62,5126009.0,183.947,24496
2024-05-17 13:30:00+00:00,183.76,185.05,183.35,184.88,4557632.0,184.304,11849
2024-05-17 14:00:00+00:00,184.84,185.3,184.33,184.51,3607871.0,184.794,13367
2024-05-17 15:00:00+00:00,184.5,184.88,184.29,184.47,2315796.0,184.535,10676
2024-05-17 16:00:00+00:00,184.46,184.7,183.94,184.37,1960105.0,184.272,8654
2024-05-17 17:00:00+00:00,184.36,185.19,184.19,185.06,2122019.0,184.702,9788
2024-05-17 18:00:00+00:00,185.08,185.08,184.05,184.65,1872016.0,184.499,8852
2024-05-17 19:00:00+00:00,184.65,184.78,184.01,184.72,3171588.0,184.39,18389
2024-05-20 13:30:00+00:00,184.34,186.67,184.15,185.82,4305376.0,185.687,15154
2024-05-20 14:00:00+00:00,185.82,186.14,184.77,184.89,3260699.0,185.225,13221
2024-05-20 15:00:00+00:00,184.9,185.25,184.65,184.74,1911446.0,184.95,8331
2024-05-20 16:00:00+00:00,184.74,184.95,184.3,184.54,2225511.0,184.542,9493
2024-05-20 17:00:00+00:00,184.54,184.63,183.36,183.66,2986582.0,183.92,12175
2024-05-20 18:00:00+00:00,183.66,183.99,183.28,183.73,2044246.0,183.702,9177
2024-05-20 19:00:00+00:00,183.73,183.87,183.3,183.61,4509733.0,183.577,20779
2024-05-21 13:30:00+00:00,182.13,182.71,180.75,181.81,6689272.0,181.562,30763
2024-05-21 14:00:00+00:00,181.8,182.07,180.84,181.54,8423715.0,181.179,32193
2024-05-21 15:00:00+00:00,181.54,182.0,181.21,181.83,5234286.0,181.593,20507
2024-05-21 16:00:00+00:00,181.83,182.4,181.48,181.79,4455791.0,181.992,15389
2024-05-21 17:00:00+00:00,181.79,182.22,181.46,182.12,4765243.0,181.656,18540
2024-05-21 18:00:00+00:00,182.12,182.28,181.54,182.12,2401415.0,181.924,11604
2024-05-21 19:00:00+00:00,182.13,183.26,182.06,183.17,3862063.0,182.722,18656
2024-05-22 13:30:00+00:00,183.87,185.22,183.81,184.02,4207938.0,184.373,15275
2024-05-22 14:00:00+00:00,184.0,184.2,183.52,183.91,3045790.0,183.852,12074
2024-05-22 15:00:00+00:00,183.92,184.85,183.6,183.87,2461773.0,184.306,11265
2024-05-22 16:00:00+00:00,183.87,183.97,183.01,183.04,2017514.0,183.566,8249
2024-05-22 17:00:00+00:00,183.04,183.39,182.5,182.87,1700345.0,182.973,7716
2024-05-22 18:00:00+00:00,182.85,182.89,181.97,182.39,1985488.0,182.396,9475
2024-05-22 19:00:00+00:00,182.38,183.15,182.12,183.13,3950655.0,182.661,19355
2024-05-23 13:30:00+00:00,183.69,184.76,182.41,183.07,4139771.0,183.398,15213
2024-05-23 14:00:00+00:00,183.09,183.37,182.21,182.7,3092658.0,182.842,13624
2024-05-23 15:00:00+00:00,182.71,184.12,182.7,184.06,2454450.0,183.63,10156
2024-05-23 16:00:00+00:00,184.05,184.3,182.53,182.59,1997821.0,183.485,9345
2024-05-23 17:00:00+00:00,182.6,182.7,181.03,181.06,2583545.0,181.849,10857
2024-05-23 18:00:00+00:00,181.05,181.2,180.15,180.2,2796683.0,180.619,12069
2024-05-23 19:00:00+00:00,180.19,181.19,180.08,181.07,4089577.0,180.578,21702
2024-05-24 13:30:00+00:00,181.68,182.44,181.11,181.55,2688333.0,181.731,9878
2024-05-24 14:00:00+00:00,181.54,182.17,181.04,181.35,3005497.0,181.588,13874
2024-05-24 15:00:00+00:00,181.37,182.36,181.3,182.33,2605455.0,181.974,11444
2024-05-24 16:00:00+00:00,182.32,182.36,181.83,181.93,1527880.0,182.113,7532
2024-05-24 17:00:00+00:00,181.94,182.3,181.83,182.06,1290786.0,182.061,6354
2024-05-24 18:00:00+00:00,182.06,182.24,181.01,181.05,2002432.0,181.588,9238
2024-05-24 19:00:00+00:00,181.06,181.13,180.3,180.73,5066040.0,180.602,23983
2024-05-28 13:30:00+00:00,179.9,181.36,179.49,179.97,4364785.0,180.183,15995
2024-05-28 14:00:00+00:00,179.97,181.85,179.85,181.69,3746657.0,181.138,17801
2024-05-28 15:00:00+00:00,181.7,181.8,180.77,181.15,2411588.0,181.308,12380
2024-05-28 16:00:00+00:00,181.14,181.17,180.53,180.61,1925371.0,180.873,8991
2024-05-28 17:00:00+00:00,180.61,181.68,180.31,181.5,2438720.0,181.066,10948
2024-05-28 18:00:00+00:00,181.49,181.77,180.67,181.28,2067157.0,181.268,10303
2024-05-28 19:00:00+00:00,181.27,182.24,181.23,182.22,3259198.0,181.755,18229
2024-05-29 13:30:00+00:00,181.82,183.09,181.55,182.6,4492443.0,182.309,16414
2024-05-29 14:00:00+00:00,182.61,184.08,182.42,183.29,4110002.0,183.351,18981
2024-05-29 15:00:00+00:00,183.29,183.74,182.94,183.11,1955316.0,183.329,9996
2024-05-29 16:00:00+00:00,183.1,183.28,182.61,183.12,1737842.0,182.934,7552
2024-05-29 17:00:00+00:00,183.12,183.25,182.54,183.15,1616810.0,182.852,7176
2024-05-29 18:00:00+00:00,183.15,183.35,182.52,182.64,1511048.0,182.978,7707
2024-05-29 19:00:00+00:00,182.64,182.74,181.78,182.06,3368862.0,182.243,19959
2024-05-30 13:30:00+00:00,181.3,181.35,180.15,180.62,2884453.0,180.823,10897
2024-05-30 14:00:00+00:00,180.63,180.66,179.43,179.75,3797126.0,180.013,17817
2024-05-30 15:00:00+00:00,179.74,180.47,179.51,180.15,1940133.0,180.081,9978
2024-05-30 16:00:00+00:00,180.14,180.25,179.66,179.92,1662949.0,179.909,8079
2024-05-30 17:00:00+00:00,179.91,180.27,179.82,179.93,1423600.0,180.05,7757
2024-05-30 18:00:00+00:00,179.91,179.99,179.13,179.37,1791173.0,179.515,8304
2024-05-30 19:00:00+00:00,179.38,179.55,178.35,179.24,3847202.0,179.06,20554
2024-05-31 13:30:00+00:00,178.41,179.21,176.64,176.85,3811831.0,177.723,15846
2024-05-31 14:00:00+00:00,176.83,176.87,173.92,175.4,7696710.0,175.262,35441
2024-05-31 15:00:00+00:00,175.4,175.4,174.27,174.57,3073164.0,174.726,14050
2024-05-31 16:00:00+00:00,174.58,174.9,173.87,174.55,3153344.0,174.423,13260
2024-05-31 17:00:00+00:00,174.55,175.19,174.54,174.98,2749474.0,174.946,13415
2024-05-31 18:00:00+00:00,175.0,175.03,173.95,174.74,3191677.0,174.425,16424
2024-05-31 19:00:00+00:00,174.74,176.57,174.51,176.47,8955035.0,175.592,47789
2024-06-03 13:30:00+00:00,177.7,178.7,176.83,177.55,4850760.0,177.789,19400
2024-06-03 14:00:00+00:00,177.55,177.94,175.97,176.74,3374000.0,176.814,15871
2024-06-03 15:00:00+00:00,176.75,177.98,176.42,177.58,2574057.0,177.442,12636
2024-06-03 16:00:00+00:00,177.58,177.64,176.0,176.48,2485089.0,176.728,12197
2024-06-03 17:00:00+00:00,176.47,177.49,175.92,177.23,2100231.0,176.754,10990
2024-06-03 18:00:00+00:00,177.23,177.44,177.0,177.24,1744578.0,177.223,9380
2024-06-03 19:00:00+00:00,177.24,178.38,177.11,178.38,3719475.0,177.673,20203
2024-06-04 13:30:00+00:00,177.64,178.48,176.44,177.67,2824038.0,177.39,10924
2024-06-04 14:00:00+00:00,177.69,178.65,176.9,178.0,2845706.0,177.823,13594
2024-06-04 15:00:00+00:00,178.0,178.52,177.72,178.13,1719180.0,178.199,8729
2024-06-04 16:00:00+00:00,178.12,178.91,177.87,178.86,2878044.0,178.37,10870
2024-06-04 17:00:00+00:00,178.87,179.08,178.47,178.57,1649228.0,178.796,7279
2024-06-04 18:00:00+00:00,178.56,179.82,178.52,179.39,2083494.0,179.437,9444
2024-06-04 19:00:00+00:00,179.38,179.59,178.54,179.35,3727578.0,179.173,19848
2024-06-05 13:30:00+00:00,180.1,180.37,178.75,179.83,3247133.0,179.652,11782
2024-06-05 14:00:00+00:00,179.79,180.32,178.85,180.15,3666112.0,179.725,15664
2024-06-05 15:00:00+00:00,180.16,181.18,179.99,180.75,3080607.0,180.663,12889
2024-06-05 16:00:00+00:00,180.75,181.43,180.71,181.28,2245406.0,181.13,9570
2024-06-05 17:00:00+00:00,181.28,181.5,180.8,181.21,2102829.0,181.205,8932
2024-06-05 18:00:00+00:00,181.21,181.49,180.82,180.88,1847123.0,181.221,9445
2024-06-05 19:00:00+00:00,180.89,181.44,180.81,181.27,3409968.0,181.168,18417
2024-06-06 13:30:00+00:00,181.76,182.78,181.49,182.2,2973308.0,182.261,11222
2024-06-06 14:00:00+00:00,182.21,183.81,182.06,183.27,3764551.0,182.923,16038
2024-06-06 15:00:00+00:00,183.25,184.08,182.94,183.05,2597885.0,183.643,12264
2024-06-06 16:00:00+00:00,183.05,183.48,183.03,183.36,1422372.0,183.247,7123
2024-06-06 17:00:00+00:00,183.35,183.69,183.25,183.59,1283417.0,183.469,6712
2024-06-06 18:00:00+00:00,183.59,183.86,183.16,183.78,1815227.0,183.523,9764
2024-06-06 19:00:00+00:00,183.78,185.0,183.52,185.0,5089793.0,184.399,24353
2024-06-07 13:30:00+00:00,185.07,185.07,183.36,184.25,2988059.0,184.246,10697
2024-06-07 14:00:00+00:00,184.23,185.5,184.18,185.3,3141401.0,184.936,13883
2024-06-07 15:00:00+00:00,185.31,185.91,184.63,185.78,2194555.0,185.396,10260
2024-06-07 16:00:00+00:00,185.77,186.29,185.48,186.21,2130507.0,185.943,9186
2024-06-07 17:00:00+00:00,186.21,186.22,185.56,185.85,1552579.0,185.884,7174
2024-06-07 18:00:00+00:00,185.85,185.88,184.63,185.14,1765732.0,185.177,8443
2024-06-07 19:00:00+00:00,185.13,185.26,184.04,184.26,2966941.0,184.53,16302
2024-06-10 13:30:00+00:00,184.12,185.42,183.79,185.22,2684152.0,184.491,11112
2024-06-10 14:00:00+00:00,185.22,186.55,185.19,186.48,3597814.0,185.887,16669
2024-06-10 15:00:00+00:00,186.49,186.97,186.16,186.34,2721397.0,186.573,12732
2024-06-10 16:00:00+00:00,186.36,186.86,185.66,186.06,2441422.0,186.205,10946
2024-06-10 17:00:00+00:00,186.05,186.75,185.95,186.62,1667612.0,186.273,7773
2024-06-10 18:00:00+00:00,186.62,186.75,186.18,186.72,1605682.0,186.504,8900
2024-06-10 19:00:00+00:00,186.72,187.23,186.68,187.15,4545583.0,186.956,23031
2024-06-11 13:30:00+00:00,187.06,187.77,185.41,185.99,3178640.0,186.556,12121
2024-06-11 14:00:00+00:00,185.99,186.53,185.82,186.36,2441309.0,186.169,11315
2024-06-11 15:00:00+00:00,186.36,186.4,185.11,185.27,2039015.0,185.699,9728
2024-06-11 16:00:00+00:00,185.26,185.35,184.53,184.62,2154506.0,184.888,10434
2024-06-11 17:00:00+00:00,184.62,185.76,184.56,185.75,1657390.0,185.21,7659
2024-06-11 18:00:00+00:00,185.75,186.44,185.62,186.13,1690519.0,186.045,7917
2024-06-11 19:00:00+00:00,186.14,187.28,186.09,187.27,3358898.0,186.59,17663
2024-06-12 13:30:00+00:00,187.92,188.25,185.94,187.13,4372357.0,187.359,16640
2024-06-12 14:00:00+00:00,187.15,188.31,186.52,187.77,4377370.0,187.479,19225
2024-06-12 15:00:00+00:00,187.77,188.35,187.45,187.5,2300399.0,187.923,11804
2024-06-12 16:00:00+00:00,187.5,187.51,186.71,186.92,2404565.0,187.037,11361
2024-06-12 17:00:00+00:00,186.93,187.24,186.52,186.8,1447969.0,186.881,6482
2024-06-12 18:00:00+00:00,186.81,186.98,185.43,186.03,2928221.0,186.0,15462
2024-06-12 19:00:00+00:00,186.02,187.57,186.01,186.92,4881303.0,186.887,25479
2024-06-13 13:30:00+00:00,186.0,187.62,185.24,187.46,3488739.0,186.185,13819
2024-06-13 14:00:00+00:00,187.48,187.67,185.01,185.03,3448492.0,186.358,15880
2024-06-13 15:00:00+00:00,185.01,185.24,183.72,184.07,4918751.0,184.35,22843
2024-06-13 16:00:00+00:00,184.07,184.08,182.66,183.8,4208147.0,183.393,15328
2024-06-13 17:00:00+00:00,183.75,184.18,183.56,183.84,2301680.0,183.849,9304
2024-06-13 18:00:00+00:00,183.84,184.29,183.66,184.21,1816569.0,184.043,8251
2024-06-13 19:00:00+00:00,184.2,184.48,183.33,183.64,4441389.0,183.931,20794
2024-06-14 13:30:00+00:00,182.99,183.37,182.32,183.24,2336102.0,182.929,9589
2024-06-14 14:00:00+00:00,183.23,183.54,182.65,182.94,2702171.0,183.121,11577
2024-06-14 15:00:00+00:00,182.95,183.3,182.23,182.78,1866052.0,182.788,8851
2024-06-14 16:00:00+00:00,182.78,183.43,182.68,182.85,1637637.0,182.949,7361
2024-06-14 17:00:00+00:00,182.87,183.45,182.67,183.05,1534972.0,183.14,7475
2024-06-14 18:00:00+00:00,183.05,183.38,182.75,183.11,1390403.0,183.059,6894
2024-06-14 19:00:00+00:00,183.1,183.72,182.95,183.66,2351854.0,183.207,13018
2024-06-17 13:30:00+00:00,182.52,182.98,181.34,182.4,3434401.0,182.067,13410
2024-06-17 14:00:00+00:00,182.39,183.24,181.97,182.05,3059488.0,182.587,14772
2024-06-17 15:00:00+00:00,182.04,182.37,181.37,181.5,2435162.0,181.827,11559
2024-06-17 16:00:00+00:00,181.49,182.63,181.22,182.36,2593694.0,181.943,10731
2024-06-17 17:00:00+00:00,182.38,184.42,182.38,184.42,2880096.0,183.353,12422
2024-06-17 18:00:00+00:00,184.42,184.99,183.56,184.39,3778470.0,184.319,16630
2024-06-17 19:00:00+00:00,184.38,185.0,183.89,184.08,4631553.0,184.513,24593
2024-06-18 13:30:00+00:00,183.74,183.8,182.32,182.91,3439551.0,183.005,14611
2024-06-18 14:00:00+00:00,182.91,184.29,182.45,182.64,4023144.0,183.371,17715
2024-06-18 15:00:00+00:00,182.64,182.73,181.43,182.41,3871513.0,181.962,16185
2024-06-18 16:00:00+00:00,182.41,182.85,181.89,182.42,2149157.0,182.309,9578
2024-06-18 17:00:00+00:00,182.42,182.88,182.24,182.43,1786769.0,182.621,8052
2024-06-18 18:00:00+00:00,182.45,182.51,181.97,182.39,1875596.0,182.233,8526
2024-06-18 19:00:00+00:00,182.38,183.09,182.26,182.87,3487318.0,182.724,18052
2024-06-20 13:30:00+00:00,182.82,185.63,182.72,184.86,5747633.0,184.458,22334
2024-06-20 14:00:00+00:00,184.85,186.07,183.45,185.93,5291267.0,184.991,23766
2024-06-20 15:00:00+00:00,185.94,186.51,184.66,184.7,3509992.0,185.613,14942
2024-06-20 16:00:00+00:00,184.7,185.37,183.82,185.12,2530101.0,184.687,10871
2024-06-20 17:00:00+00:00,185.12,185.12,183.85,184.67,2227824.0,184.527,10118
2024-06-20 18:00:00+00:00,184.66,185.35,184.62,185.14,2088399.0,184.956,10195
2024-06-20 19:00:00+00:00,185.14,186.11,184.64,186.11,4938800.0,185.531,25566
2024-06-21 13:30:00+00:00,187.8,188.2,186.32,186.67,11925045.0,187.647,19038
2024-06-21 14:00:00+00:00,186.67,187.7,186.51,187.07,3673430.0,187.132,16489
2024-06-21 15:00:00+00:00,187.06,188.3,186.93,188.11,3360178.0,187.675,13853
2024-06-21 16:00:00+00:00,188.12,188.31,187.23,187.26,2265805.0,187.866,10457
2024-06-21 17:00:00+00:00,187.27,187.37,186.16,186.23,2309860.0,186.675,11022
2024-06-21 18:00:00+00:00,186.22,187.03,185.86,186.99,2135068.0,186.487,9036
2024-06-21 19:00:00+00:00,186.99,189.28,186.89,189.01,7291124.0,188.361,32807
2024-06-24 13:30:00+00:00,189.36,190.46,188.09,189.13,5053495.0,189.06,17912
2024-06-24 14:00:00+00:00,189.12,191.0,186.9,187.44,8319626.0,189.209,33949
2024-06-24 15:00:00+00:00,187.44,188.51,187.31,187.83,3487857.0,187.905,15935
2024-06-24 16:00:00+00:00,187.81,187.97,187.14,187.28,2325532.0,187.565,10089
2024-06-24 17:00:00+00:00,187.27,187.46,186.07,186.17,2665615.0,186.582,11285
2024-06-24 18:00:00+00:00,186.18,186.46,185.45,186.43,3149931.0,185.961,13594
2024-06-24 19:00:00+00:00,186.44,186.71,185.33,185.54,4254168.0,186.076,22424
2024-06-25 13:30:00+00:00,186.81,187.29,185.89,187.13,2810647.0,186.683,10324
2024-06-25 14:00:00+00:00,187.13,188.27,187.01,187.96,3450511.0,187.777,15366
2024-06-25 15:00:00+00:00,187.96,188.84,187.94,188.5,2548119.0,188.436,12411
2024-06-25 16:00:00+00:00,188.51,188.54,187.18,187.34,2182974.0,187.945,11023
2024-06-25 17:00:00+00:00,187.33,187.87,187.02,187.71,1715503.0,187.522,8211
2024-06-25 18:00:00+00:00,187.71,187.99,187.2,187.58,1812684.0,187.671,9219
2024-06-25 19:00:00+00:00,187.57,187.69,185.42,186.44,5247006.0,186.501,27666
2024-06-26 13:30:00+00:00,186.73,187.79,186.26,187.23,3302497.0,187.083,11792
2024-06-26 14:00:00+00:00,187.23,191.7,187.21,190.59,8646053.0,190.02,37062
2024-06-26 15:00:00+00:00,190.6,191.58,190.34,191.49,5012859.0,190.986,21967
2024-06-26 16:00:00+00:00,191.49,193.04,191.26,192.75,6629972.0,192.183,27418
2024-06-26 17:00:00+00:00,192.75,194.8,192.69,194.54,6969452.0,193.698,30323
2024-06-26 18:00:00+00:00,194.53,194.62,193.3,193.34,4584683.0,194.051,21870
2024-06-26 19:00:00+00:00,193.34,194.42,192.8,193.62,7580195.0,193.643,36934
2024-06-27 13:30:00+00:00,194.99,196.15,194.2,195.47,7266213.0,195.232,31651
2024-06-27 14:00:00+00:00,195.49,197.07,195.18,195.82,8110638.0,196.085,36094
2024-06-27 15:00:00+00:00,195.81,196.3,194.99,196.28,4084243.0,195.617,18673
2024-06-27 16:00:00+00:00,196.27,199.84,196.24,198.16,16385891.0,198.451,63282
2024-06-27 17:00:00+00:00,198.14,198.92,197.49,198.24,6748133.0,198.314,26132
2024-06-27 18:00:00+00:00,198.23,198.69,197.62,198.11,5195583.0,198.084,20865
2024-06-27 19:00:00+00:00,198.1,198.55,197.13,197.88,7459639.0,197.877,33684
2024-06-28 13:30:00+00:00,197.76,197.84,195.92,197.62,6621315.0,196.882,29462
2024-06-28 14:00:00+00:00,197.62,198.85,196.15,196.21,7069453.0,197.586,33563
2024-06-28 15:00:00+00:00,196.2,196.51,195.31,195.43,4851702.0,195.849,24746
2024-06-28 16:00:00+00:00,195.42,195.58,193.91,194.81,4888995.0,194.726,22463
2024-06-28 17:00:00+00:00,194.81,195.22,194.59,195.07,2912981.0,194.857,15977
2024-06-28 18:00:00+00:00,195.06,195.56,194.73,194.89,3072070.0,195.089,17153
2024-06-28 19:00:00+00:00,194.89,195.1,192.5,193.32,9099372.0,193.605,51615
2024-07-01 13:30:00+00:00,193.55,195.03,192.82,194.52,5120648.0,193.912,20387
2024-07-01 14:00:00+00:00,194.53,195.97,193.96,195.8,5546501.0,195.143,27690
2024-07-01 15:00:00+00:00,195.79,196.45,195.38,196.41,3767936.0,195.887,18468
2024-07-01 16:00:00+00:00,196.41,197.39,195.98,197.33,3267474.0,196.78,15008
2024-07-01 17:00:00+00:00,197.34,197.77,196.93,197.5,2992848.0,197.406,13621
2024-07-01 18:00:00+00:00,197.5,198.3,197.08,197.28,2967939.0,197.687,13422
2024-07-01 19:00:00+00:00,197.28,197.53,196.42,197.2,4145002.0,197.096,22960
2024-07-02 13:30:00+00:00,197.33,197.33,195.93,196.59,4355284.0,196.737,18282
2024-07-02 14:00:00+00:00,196.61,197.39,195.99,196.99,3810179.0,196.678,17970
2024-07-02 15:00:00+00:00,196.99,198.21,196.98,197.72,3724969.0,197.655,16352
2024-07-02 16:00:00+00:00,197.72,198.57,197.0,198.55,2748113.0,197.846,11897
2024-07-02 17:00:00+00:00,198.55,200.43,198.49,200.19,7809408.0,199.692,30084
2024-07-02 18:00:00+00:00,200.19,200.41,199.72,200.01,3650872.0,200.058,17058
2024-07-02 19:00:00+00:00,200.0,200.08,199.56,200.02,4657812.0,199.938,22915
2024-07-03 13:30:00+00:00,199.93,200.03,198.59,198.71,4516573.0,199.471,17708
2024-07-03 14:00:00+00:00,198.73,199.05,197.25,197.38,7210284.0,197.903,30265
2024-07-03 15:00:00+00:00,197.37,198.0,196.76,197.79,4171709.0,197.505,17302
2024-07-03 16:00:00+00:00,197.78,198.08,196.94,197.53,5938330.0,197.561,25262
2024-07-05 13:30:00+00:00,198.65,200.55,198.17,200.21,5850583.0,199.701,22710
2024-07-05 14:00:00+00:00,200.21,200.28,198.82,199.8,4421302.0,199.767,21681
2024-07-05 15:00:00+00:00,199.82,200.4,199.26,200.3,2996888.0,199.889,13970
2024-07-05 16:00:00+00:00,200.31,200.43,199.57,199.93,2749153.0,200.004,11497
2024-07-05 17:00:00+00:00,199.93,200.12,199.77,199.81,2156095.0,199.989,10081
2024-07-05 18:00:00+00:00,199.82,200.1,199.34,200.0,1890543.0,199.879,8755
2024-07-05 19:00:00+00:00,200.0,200.16,199.77,199.99,3959482.0,199.993,19579
2024-07-08 13:30:00+00:00,199.96,201.2,198.95,199.99,6162167.0,200.158,24704
2024-07-08 14:00:00+00:00,199.97,200.54,199.33,199.77,3564209.0,199.868,17347
2024-07-08 15:00:00+00:00,199.76,200.02,199.4,199.91,2353132.0,199.801,10626
2024-07-08 16:00:00+00:00,199.94,199.94,198.32,198.93,2970021.0,198.923,13427
2024-07-08 17:00:00+00:00,198.93,199.12,198.54,198.73,1581011.0,198.834,7542
2024-07-08 18:00:00+00:00,198.73,198.96,197.96,198.84,2333608.0,198.415,11246
2024-07-08 19:00:00+00:00,198.83,199.35,198.66,199.29,3365737.0,199.014,18843
2024-07-09 13:30:00+00:00,199.4,200.2,199.26,200.06,3258851.0,199.746,11700
2024-07-09 14:00:00+00:00,200.06,200.43,199.51,199.65,4280485.0,199.991,19971
2024-07-09 15:00:00+00:00,199.64,200.23,199.48,199.98,2739148.0,199.966,12530
2024-07-09 16:00:00+00:00,199.98,200.01,199.61,199.83,1726957.0,199.846,7951
2024-07-09 17:00:00+00:00,199.82,200.08,199.04,200.06,2197862.0,199.749,9345
2024-07-09 18:00:00+00:00,200.06,200.57,199.86,200.28,3110925.0,200.2,13656
2024-07-09 19:00:00+00:00,200.28,200.38,199.28,199.35,3396778.0,199.74,17758
2024-07-10 13:30:00+00:00,199.92,200.11,199.46,199.98,3103252.0,199.874,11960
2024-07-10 14:00:00+00:00,199.96,200.01,197.69,198.28,5069100.0,198.784,21768
2024-07-10 15:00:00+00:00,198.28,198.85,197.69,198.43,2861694.0,198.315,12819
2024-07-10 16:00:00+00:00,198.42,199.13,197.91,199.08,2321632.0,198.51,11136
2024-07-10 17:00:00+00:00,199.08,199.67,198.96,199.59,1930522.0,199.38,8646
2024-07-10 18:00:00+00:00,199.59,200.03,199.35,199.57,2332533.0,199.747,10197
2024-07-10 19:00:00+00:00,199.56,200.0,199.36,199.74,3139489.0,199.738,16133
2024-07-11 13:30:00+00:00,199.92,200.27,198.69,198.94,4338457.0,199.705,16294
2024-07-11 14:00:00+00:00,198.94,199.42,196.07,196.22,5704065.0,197.233,26955
2024-07-11 15:00:00+00:00,196.22,196.25,193.84,194.69,4745757.0,194.843,25577
2024-07-11 16:00:00+00:00,194.69,195.18,193.98,194.16,2850344.0,194.614,14553
2024-07-11 17:00:00+00:00,194.16,194.87,192.95,193.12,2550828.0,194.054,13277
2024-07-11 18:00:00+00:00,193.14,194.33,192.86,194.16,2939269.0,193.669,13318
2024-07-11 19:00:00+00:00,194.17,195.21,193.95,195.06,4786380.0,194.64,24008
2024-07-12 13:30:00+00:00,194.63,195.3,194.0,195.18,3120047.0,194.703,12877
2024-07-12 14:00:00+00:00,195.18,195.8,193.83,194.85,3731829.0,194.843,18352
2024-07-12 15:00:00+00:00,194.87,195.52,194.46,194.46,2401343.0,195.119,11591
2024-07-12 16:00:00+00:00,194.45,194.96,194.08,194.96,1682576.0,194.526,8058
2024-07-12 17:00:00+00:00,194.96,196.47,194.76,195.99,2621614.0,195.776,11112
2024-07-12 18:00:00+00:00,195.99,196.25,195.5,195.7,1504301.0,195.833,7351
2024-07-12 19:00:00+00:00,195.71,195.96,194.0,194.5,3835025.0,194.88,20699
2024-07-15 13:30:00+00:00,194.55,195.14,193.66,194.85,3057998.0,194.447,12403
2024-07-15 14:00:00+00:00,194.84,196.19,194.69,195.19,3396481.0,195.419,16485
2024-07-15 15:00:00+00:00,195.2,195.51,193.41,193.77,4042959.0,194.414,18767
2024-07-15 16:00:00+00:00,193.77,193.8,190.83,191.61,6725564.0,191.911,30704
2024-07-15 17:00:00+00:00,191.61,192.14,190.88,191.66,3480830.0,191.479,15897
2024-07-15 18:00:00+00:00,191.69,192.77,191.61,192.51,2228723.0,192.196,10751
2024-07-15 19:00:00+00:00,192.5,193.03,191.65,192.71,3348274.0,192.469,17312
2024-07-16 13:30:00+00:00,195.59,196.62,193.99,194.35,5235017.0,195.284,18504
2024-07-16 14:00:00+00:00,194.37,194.56,192.95,194.32,4106132.0,193.896,18274
2024-07-16 15:00:00+00:00,194.3,194.43,193.39,193.98,2006619.0,193.904,9595
2024-07-16 16:00:00+00:00,193.96,194.22,192.58,193.5,2634000.0,193.207,10416
2024-07-16 17:00:00+00:00,193.5,193.54,192.79,192.93,1637340.0,193.182,7681
2024-07-16 18:00:00+00:00,192.93,193.2,192.24,193.1,2462211.0,192.75,10841
2024-07-16 19:00:00+00:00,193.1,193.36,192.77,193.0,3486861.0,193.053,16923
2024-07-17 13:30:00+00:00,191.35,191.58,188.67,188.76,4353901.0,189.821,17787
2024-07-17 14:00:00+00:00,188.75,188.8,185.99,186.85,7280655.0,187.027,36077
2024-07-17 15:00:00+00:00,186.85,187.85,186.31,187.41,3311505.0,187.219,16464
2024-07-17 16:00:00+00:00,187.42,187.63,186.28,187.11,3278412.0,186.734,16407
2024-07-17 17:00:00+00:00,187.1,187.44,186.17,186.75,2636956.0,186.81,12253
2024-07-17 18:00:00+00:00,186.75,187.44,186.49,186.77,2798887.0,187.037,13030
2024-07-17 19:00:00+00:00,186.77,188.16,186.42,187.89,6317079.0,187.632,28254
2024-07-18 13:30:00+00:00,189.58,189.68,187.16,187.84,3714032.0,188.508,15886
2024-07-18 14:00:00+00:00,187.83,187.95,184.09,185.71,6857111.0,185.734,30637
2024-07-18 15:00:00+00:00,185.71,185.95,181.78,182.39,6868569.0,183.322,33957
2024-07-18 16:00:00+00:00,182.38,183.49,181.44,183.48,4886350.0,182.501,21918
2024-07-18 17:00:00+00:00,183.46,184.74,182.97,183.75,3451604.0,184.0,16713
2024-07-18 18:00:00+00:00,183.77,184.35,183.32,184.02,2468386.0,183.82,12145
2024-07-18 19:00:00+00:00,184.0,184.45,183.0,183.74,4881913.0,183.674,25450
2024-07-19 13:30:00+00:00,181.14,184.08,180.11,183.34,6767032.0,182.233,21621
2024-07-19 14:00:00+00:00,183.36,184.93,183.25,183.85,4188328.0,184.05,21201
2024-07-19 15:00:00+00:00,183.85,184.59,182.65,183.81,2710068.0,183.636,15349
2024-07-19 16:00:00+00:00,183.81,183.92,182.54,183.32,1961753.0,183.261,11665
2024-07-19 17:00:00+00:00,183.31,183.33,182.4,182.85,1729772.0,182.739,10260
2024-07-19 18:00:00+00:00,182.83,183.1,182.05,182.84,1864688.0,182.595,10573
2024-07-19 19:00:00+00:00,182.84,183.43,182.35,183.11,4386438.0,182.957,24215
2024-07-22 13:30:00+00:00,184.91,185.06,182.74,184.55,4636146.0,183.811,18621
2024-07-22 14:00:00+00:00,184.56,184.76,183.06,183.81,3444610.0,183.793,16593
2024-07-22 15:00:00+00:00,183.84,184.2,182.5,182.72,2987704.0,183.284,14654
2024-07-22 16:00:00+00:00,182.72,184.03,182.65,183.8,2199796.0,183.394,9204
2024-07-22 17:00:00+00:00,183.81,184.42,183.77,184.07,2077811.0,184.014,8368
2024-07-22 18:00:00+00:00,184.1,184.65,184.01,184.27,1966902.0,184.365,8646
2024-07-22 19:00:00+00:00,184.28,184.31,182.48,182.57,4199912.0,183.315,21537
2024-07-23 13:30:00+00:00,184.1,188.41,183.56,187.65,6986000.0,186.129,28391
2024-07-23 14:00:00+00:00,187.66,189.28,187.2,188.15,6989482.0,188.33,32887
2024-07-23 15:00:00+00:00,188.17,189.39,187.97,188.05,3141802.0,188.675,15275
2024-07-23 16:00:00+00:00,188.04,188.58,187.35,187.52,2988565.0,187.973,13366
2024-07-23 17:00:00+00:00,187.52,187.69,186.78,187.06,1964602.0,187.239,9739
2024-07-23 18:00:00+00:00,187.04,187.61,186.66,187.31,1842493.0,187.167,9335
2024-07-23 19:00:00+00:00,187.31,187.33,185.99,186.39,3486962.0,186.575,19747
2024-07-24 13:30:00+00:00,183.25,185.45,183.07,184.63,3874820.0,184.236,16197
2024-07-24 14:00:00+00:00,184.65,185.32,182.77,183.28,4312509.0,184.223,20361
2024-07-24 15:00:00+00:00,183.28,183.48,181.88,181.96,2838104.0,182.797,14727
2024-07-24 16:00:00+00:00,181.97,182.14,181.41,181.83,2742389.0,181.799,14946
2024-07-24 17:00:00+00:00,181.86,182.48,181.65,181.66,2305887.0,182.082,11062
2024-07-24 18:00:00+00:00,181.65,182.07,180.8,181.07,3053969.0,181.469,15692
2024-07-24 19:00:00+00:00,181.07,181.42,180.41,180.86,5650430.0,180.978,31603
2024-07-25 13:30:00+00:00,182.93,183.28,178.83,179.19,5492167.0,180.957,21144
2024-07-25 14:00:00+00:00,179.18,181.22,176.83,180.93,7927744.0,178.978,37402
2024-07-25 15:00:00+00:00,180.99,182.35,180.56,181.93,3700384.0,181.464,17008
2024-07-25 16:00:00+00:00,181.92,183.65,181.77,183.3,3379881.0,182.966,17694
2024-07-25 17:00:00+00:00,183.3,183.9,182.55,183.17,2174430.0,183.156,11334
2024-07-25 18:00:00+00:00,183.17,183.22,181.51,181.77,1871204.0,182.404,10583
2024-07-25 19:00:00+00:00,181.74,182.98,179.77,179.86,3942476.0,180.989,21510
2024-07-26 13:30:00+00:00,180.39,181.76,180.24,181.4,3341271.0,180.924,12931
2024-07-26 14:00:00+00:00,181.38,182.51,180.48,181.8,3392133.0,181.418,16838
2024-07-26 15:00:00+00:00,181.78,182.37,181.21,181.95,1783237.0,181.73,9311
2024-07-26 16:00:00+00:00,181.97,183.19,181.95,182.62,2530930.0,182.596,11962
2024-07-26 17:00:00+00:00,182.6,183.02,181.58,182.1,1901301.0,182.383,9945
2024-07-26 18:00:00+00:00,182.11,182.5,181.75,181.95,1731831.0,182.236,9903
2024-07-26 19:00:00+00:00,181.94,182.73,181.68,182.55,3335506.0,182.218,18753
2024-07-29 13:30:00+00:00,183.83,184.75,182.81,183.88,4163346.0,183.653,17099
2024-07-29 14:00:00+00:00,183.87,184.23,182.72,182.96,3623611.0,183.464,15829
2024-07-29 15:00:00+00:00,182.94,183.71,182.38,183.52,2897959.0,182.921,11741
2024-07-29 16:00:00+00:00,183.52,184.49,183.52,184.06,2080316.0,184.1,8951
2024-07-29 17:00:00+00:00,184.08,184.57,183.48,183.53,1545197.0,183.977,7080
2024-07-29 18:00:00+00:00,183.53,183.59,182.71,183.18,1518001.0,183.097,6415
2024-07-29 19:00:00+00:00,183.17,183.9,182.91,183.21,2890291.0,183.344,14834
2024-07-30 13:30:00+00:00,184.72,185.86,182.96,183.73,4020447.0,184.367,16453
2024-07-30 14:00:00+00:00,183.74,184.51,183.06,183.22,2685212.0,183.752,12708
2024-07-30 15:00:00+00:00,183.24,183.33,180.77,180.84,3327999.0,181.76,15196
2024-07-30 16:00:00+00:00,180.84,181.61,179.67,179.76,2616513.0,180.766,11812
2024-07-30 17:00:00+00:00,179.79,181.18,179.38,180.99,2303264.0,180.245,11548
2024-07-30 18:00:00+00:00,181.0,181.78,180.9,181.32,1672844.0,181.326,9039
2024-07-30 19:00:00+00:00,181.32,182.46,180.87,181.7,3606485.0,181.648,21135
2024-07-31 13:30:00+00:00,185.05,186.33,184.46,185.51,4294663.0,185.314,18208
2024-07-31 14:00:00+00:00,185.52,187.81,185.16,187.09,4965689.0,186.75,24577
2024-07-31 15:00:00+00:00,187.09,187.44,186.45,186.64,2148558.0,186.941,10982
2024-07-31 16:00:00+00:00,186.64,186.85,186.17,186.39,1597964.0,186.591,9286
2024-07-31 17:00:00+00:00,186.39,187.03,185.48,186.36,2192234.0,186.341,12052
2024-07-31 18:00:00+00:00,186.36,187.43,185.94,187.27,2754860.0,186.566,15039
2024-07-31 19:00:00+00:00,187.28,187.94,186.34,186.99,5596159.0,187.126,32685
2024-08-01 13:30:00+00:00,189.28,190.6,187.75,190.39,6035474.0,189.398,24847
2024-08-01 14:00:00+00:00,190.37,190.49,187.11,187.64,5151668.0,188.576,22372
2024-08-01 15:00:00+00:00,187.66,187.74,184.63,184.69,4759983.0,186.195,21170
2024-08-01 16:00:00+00:00,184.66,185.96,183.96,184.86,4585652.0,185.041,20362
2024-08-01 17:00:00+00:00,184.88,185.37,183.0,184.2,3904921.0,184.119,18368
2024-08-01 18:00:00+00:00,184.2,184.35,181.87,182.46,3630799.0,182.852,17516
2024-08-01 19:00:00+00:00,182.47,184.92,182.18,184.01,9956244.0,183.802,52412
2024-08-02 13:30:00+00:00,166.75,167.31,160.55,161.4,24090464.0,164.431,95785
2024-08-02 14:00:00+00:00,161.37,164.68,160.85,163.3,19244111.0,162.341,91363
2024-08-02 15:00:00+00:00,163.32,168.29,163.25,168.1,14297581.0,165.999,70064
2024-08-02 16:00:00+00:00,168.11,168.77,165.85,166.12,9136122.0,167.537,45597
2024-08-02 17:00:00+00:00,166.12,166.85,165.01,165.54,5519921.0,165.786,28709
2024-08-02 18:00:00+00:00,165.55,168.66,165.07,166.61,7083021.0,167.221,37754
2024-08-02 19:00:00+00:00,166.6,168.03,165.68,167.83,12396443.0,167.103,64082
2024-08-05 13:30:00+00:00,154.21,160.15,151.64,159.27,13878208.0,156.958,54610
2024-08-05 14:00:00+00:00,159.29,162.69,157.92,161.18,10232014.0,160.214,49981
2024-08-05 15:00:00+00:00,161.18,162.96,160.15,160.36,6565681.0,161.732,33021
2024-08-05 16:00:00+00:00,160.35,162.08,159.45,159.59,6200011.0,160.847,30840
2024-08-05 17:00:00+00:00,159.61,161.32,159.55,160.97,3947038.0,160.814,19880
2024-08-05 18:00:00+00:00,160.97,161.3,160.0,160.36,3732122.0,160.631,19585
2024-08-05 19:00:00+00:00,160.36,161.35,160.03,161.02,6484297.0,160.706,36111
2024-08-06 13:30:00+00:00,161.74,161.95,158.54,160.28,6688913.0,160.442,25934
2024-08-06 14:00:00+00:00,160.28,162.76,159.75,162.58,6934696.0,161.172,32574
2024-08-06 15:00:00+00:00,162.58,163.22,161.52,163.19,4443249.0,162.496,22485
2024-08-06 16:00:00+00:00,163.19,163.7,162.21,163.44,3557889.0,163.0,17589
2024-08-06 17:00:00+00:00,163.45,164.3,163.1,164.0,2708090.0,163.747,14171
2024-08-06 18:00:00+00:00,164.01,165.08,163.61,163.99,3410097.0,164.476,18847
2024-08-06 19:00:00+00:00,163.99,164.33,161.7,161.91,6424102.0,163.127,36991
2024-08-07 13:30:00+00:00,166.56,166.66,164.95,165.7,5316404.0,165.969,19699
2024-08-07 14:00:00+00:00,165.72,167.58,165.14,166.98,6490794.0,166.277,31550
2024-08-07 15:00:00+00:00,166.97,167.41,165.44,165.62,3425937.0,166.371,18419
2024-08-07 16:00:00+00:00,165.57,165.62,164.39,164.7,3541392.0,164.989,16800
2024-08-07 17:00:00+00:00,164.68,164.78,162.08,162.56,3737905.0,163.444,18440
2024-08-07 18:00:00+00:00,162.55,162.82,161.43,161.97,3425213.0,162.16,17448
2024-08-07 19:00:00+00:00,161.98,163.04,161.9,162.75,5505202.0,162.628,31245
2024-08-08 13:30:00+00:00,165.17,165.47,162.55,164.15,3680736.0,163.853,13317
2024-08-08 14:00:00+00:00,164.11,165.74,163.92,165.44,4850607.0,164.819,20029
2024-08-08 15:00:00+00:00,165.45,165.49,164.0,164.07,3098708.0,164.538,14079
2024-08-08 16:00:00+00:00,164.05,165.79,164.04,164.86,4382944.0,165.185,16877
2024-08-08 17:00:00+00:00,164.88,166.19,164.47,165.94,2492474.0,165.548,11092
2024-08-08 18:00:00+00:00,165.93,166.65,165.77,166.27,3382354.0,166.263,15769
2024-08-08 19:00:00+00:00,166.25,166.69,165.11,165.92,5341706.0,165.814,28134
2024-08-09 13:30:00+00:00,166.51,167.47,165.85,166.75,3484375.0,166.879,13242
2024-08-09 14:00:00+00:00,166.8,168.55,166.41,167.13,4708598.0,167.426,18829
2024-08-09 15:00:00+00:00,167.17,167.9,166.76,166.87,2748061.0,167.525,12385
2024-08-09 16:00:00+00:00,166.88,167.06,166.22,166.84,2020183.0,166.602,9876
2024-08-09 17:00:00+00:00,166.81,167.92,166.62,167.35,2244428.0,167.432,9681
2024-08-09 18:00:00+00:00,167.36,167.58,166.37,166.77,1949451.0,166.849,9730
2024-08-09 19:00:00+00:00,166.76,167.2,166.16,166.96,3735925.0,166.772,18989
2024-08-12 13:30:00+00:00,168.12,168.32,166.11,166.64,4208117.0,167.104,17672
2024-08-12 14:00:00+00:00,166.65,168.55,166.53,168.05,4071446.0,167.802,17556
2024-08-12 15:00:00+00:00,168.07,168.52,166.36,167.96,3057738.0,167.445,12803
2024-08-12 16:00:00+00:00,167.96,168.24,166.87,166.88,1668208.0,167.663,7675
2024-08-12 17:00:00+00:00,166.89,167.63,166.56,166.97,1627210.0,167.105,7333
2024-08-12 18:00:00+00:00,166.97,167.2,166.75,167.09,1240470.0,166.985,5886
2024-08-12 19:00:00+00:00,167.09,167.12,166.18,166.82,3029625.0,166.647,15359
2024-08-13 13:30:00+00:00,167.84,169.16,167.1,167.41,4387459.0,168.009,17681
2024-08-13 14:00:00+00:00,167.43,168.37,167.26,167.74,4178225.0,167.792,17688
2024-08-13 15:00:00+00:00,167.73,168.27,167.56,168.25,2412518.0,167.877,10264
2024-08-13 16:00:00+00:00,168.25,170.0,168.04,169.9,3320817.0,169.083,13943
2024-08-13 17:00:00+00:00,169.91,171.04,169.55,170.33,4036886.0,170.231,16275
2024-08-13 18:00:00+00:00,170.32,170.44,169.72,170.3,2205159.0,170.099,10017
2024-08-13 19:00:00+00:00,170.29,170.41,169.68,170.23,3545898.0,170.02,19560
2024-08-14 13:30:00+00:00,172.12,172.28,170.19,170.69,3923653.0,171.242,15866
2024-08-14 14:00:00+00:00,170.69,171.23,169.13,170.08,3185056.0,170.062,14788
2024-08-14 15:00:00+00:00,170.1,170.69,169.85,170.51,2007760.0,170.207,9375
2024-08-14 16:00:00+00:00,170.52,170.54,168.86,169.8,2075351.0,169.767,10040
2024-08-14 17:00:00+00:00,169.79,170.01,169.47,169.76,1094149.0,169.812,5709
2024-08-14 18:00:00+00:00,169.75,170.17,169.48,170.07,1326085.0,169.88,7168
2024-08-14 19:00:00+00:00,170.07,170.37,169.21,170.1,3677483.0,169.948,20047
2024-08-15 13:30:00+00:00,174.87,176.67,173.99,176.1,8233272.0,175.147,36786
2024-08-15 14:00:00+00:00,176.11,176.35,174.91,176.05,6757255.0,175.576,31722
2024-08-15 15:00:00+00:00,176.05,177.27,176.03,176.61,5068206.0,176.805,22832
2024-08-15 16:00:00+00:00,176.61,176.85,176.05,176.48,2696893.0,176.394,11960
2024-08-15 17:00:00+00:00,176.49,176.9,175.95,176.89,2306345.0,176.416,12151
2024-08-15 18:00:00+00:00,176.9,177.65,176.82,177.2,2722929.0,177.247,13751
2024-08-15 19:00:00+00:00,177.21,177.91,176.97,177.6,4697008.0,177.547,24416
2024-08-16 13:30:00+00:00,177.04,177.48,176.26,177.26,4530666.0,176.927,14249
2024-08-16 14:00:00+00:00,177.25,178.34,177.2,177.78,3924134.0,177.89,19198
2024-08-16 15:00:00+00:00,177.76,178.24,177.27,177.95,2132885.0,177.729,10695
2024-08-16 16:00:00+00:00,177.94,178.28,177.53,178.19,2000831.0,177.98,9235
2024-08-16 17:00:00+00:00,178.19,178.26,177.31,177.49,1660056.0,177.883,7901
2024-08-16 18:00:00+00:00,177.5,177.6,177.14,177.49,1629626.0,177.366,7566
2024-08-16 19:00:00+00:00,177.49,177.52,176.84,177.06,3029617.0,177.159,15258
2024-08-19 13:30:00+00:00,177.64,178.0,176.82,177.47,3333756.0,177.388,12845
2024-08-19 14:00:00+00:00,177.48,177.85,176.16,177.2,3428278.0,177.058,15712
2024-08-19 15:00:00+00:00,177.2,177.5,176.35,176.51,1852026.0,177.031,9053
2024-08-19 16:00:00+00:00,176.5,177.5,176.38,177.43,1437877.0,176.946,6775
2024-08-19 17:00:00+00:00,177.42,177.49,177.04,177.42,1050967.0,177.273,5577
2024-08-19 18:00:00+00:00,177.42,177.96,177.37,177.69,1549241.0,177.701,7930
2024-08-19 19:00:00+00:00,177.7,178.3,177.29,178.21,3730933.0,177.763,20245
2024-08-20 13:30:00+00:00,177.9,178.95,177.71,178.88,3335947.0,178.205,12447
2024-08-20 14:00:00+00:00,178.89,179.01,177.57,178.12,2886754.0,178.32,13875
2024-08-20 15:00:00+00:00,178.12,178.65,177.52,178.27,1872428.0,178.013,9174
2024-08-20 16:00:00+00:00,178.26,178.33,177.7,177.71,1151517.0,177.955,5470
2024-08-20 17:00:00+00:00,177.72,178.19,177.43,178.14,1307389.0,177.806,4972
2024-08-20 18:00:00+00:00,178.14,178.6,178.07,178.36,1499567.0,178.375,6137
2024-08-20 19:00:00+00:00,178.36,179.0,178.23,178.89,2423912.0,178.622,12791
2024-08-21 13:30:00+00:00,179.89,181.51,179.69,181.47,5103442.0,180.799,21522
2024-08-21 14:00:00+00:00,181.48,182.39,179.86,180.17,5097567.0,181.349,25281
2024-08-21 15:00:00+00:00,180.17,180.45,178.94,179.31,3443737.0,179.657,14577
2024-08-21 16:00:00+00:00,179.31,179.84,178.89,179.73,2271771.0,179.442,9073
2024-08-21 17:00:00+00:00,179.72,180.45,179.71,180.38,2156716.0,180.067,8153
2024-08-21 18:00:00+00:00,180.38,180.78,179.97,180.41,2490996.0,180.377,10415
2024-08-21 19:00:00+00:00,180.42,180.46,179.73,180.07,3713557.0,180.116,17817
2024-08-22 13:30:00+00:00,181.38,181.47,179.98,180.02,2787531.0,180.785,10474
2024-08-22 14:00:00+00:00,180.02,180.61,178.95,179.23,2708692.0,179.614,11985
2024-08-22 15:00:00+00:00,179.24,179.69,176.8,177.47,2989519.0,178.042,14208
2024-08-22 16:00:00+00:00,177.47,178.49,177.41,177.67,1888106.0,177.901,8670
2024-08-22 17:00:00+00:00,177.67,178.04,176.65,176.88,1552682.0,177.405,7551
2024-08-22 18:00:00+00:00,176.88,177.58,176.49,176.57,1744120.0,177.135,8913
2024-08-22 19:00:00+00:00,176.58,177.15,175.68,176.14,4892289.0,176.148,27492
2024-08-23 13:30:00+00:00,177.34,177.93,176.53,177.0,2576094.0,177.028,9698
2024-08-23 14:00:00+00:00,177.01,178.97,176.36,176.88,5390081.0,177.863,24495
2024-08-23 15:00:00+00:00,176.85,177.99,176.19,176.68,2378764.0,177.123,10884
2024-08-23 16:00:00+00:00,176.69,176.75,175.24,176.21,2137687.0,175.993,9864
2024-08-23 17:00:00+00:00,176.22,176.91,175.84,176.59,1411276.0,176.385,6623
2024-08-23 18:00:00+00:00,176.6,177.1,176.5,176.85,1276870.0,176.846,5993
2024-08-23 19:00:00+00:00,176.84,177.35,176.54,177.02,2991758.0,177.017,16826
2024-08-26 13:30:00+00:00,176.72,177.47,175.94,176.73,2451974.0,176.704,9154
2024-08-26 14:00:00+00:00,176.76,176.84,174.3,175.55,3138581.0,175.492,14650
2024-08-26 15:00:00+00:00,175.55,176.24,175.43,175.64,1820092.0,175.809,8658
2024-08-26 16:00:00+00:00,175.62,176.2,175.31,175.94,1235219.0,175.788,5457
2024-08-26 17:00:00+00:00,175.96,176.06,174.76,174.95,1428489.0,175.445,6844
2024-08-26 18:00:00+00:00,174.97,175.88,174.82,175.64,1379724.0,175.396,6447
2024-08-26 19:00:00+00:00,175.64,175.68,175.01,175.5,2831829.0,175.393,16303
2024-08-27 13:30:00+00:00,174.31,174.89,172.34,172.86,3763683.0,173.295,14958
2024-08-27 14:00:00+00:00,172.86,174.0,172.42,173.0,3798016.0,173.164,17609
2024-08-27 15:00:00+00:00,173.02,173.36,172.25,172.67,2426520.0,172.8,11773
2024-08-27 16:00:00+00:00,172.67,173.44,172.61,172.83,1778414.0,173.021,8882
2024-08-27 17:00:00+00:00,172.83,173.8,172.78,173.79,1714151.0,173.379,8121
2024-08-27 18:00:00+00:00,173.77,174.05,173.63,173.79,1850669.0,173.85,9090
2024-08-27 19:00:00+00:00,173.8,173.86,172.72,173.14,3240124.0,173.298,17947
2024-08-28 13:30:00+00:00,173.69,173.69,171.65,171.78,2131519.0,172.658,8564
2024-08-28 14:00:00+00:00,171.78,172.08,171.07,171.24,2840696.0,171.569,14113
2024-08-28 15:00:00+00:00,171.22,171.23,170.2,170.69,2666289.0,170.599,12494
2024-08-28 16:00:00+00:00,170.69,170.85,170.03,170.66,1532877.0,170.536,7604
2024-08-28 17:00:00+00:00,170.67,170.84,169.04,169.09,1874662.0,170.112,9196
2024-08-28 18:00:00+00:00,169.09,170.65,168.92,170.62,2183138.0,169.631,10297
2024-08-28 19:00:00+00:00,170.61,171.39,170.12,170.79,4183008.0,170.755,22266
2024-08-29 13:30:00+00:00,173.22,173.56,172.1,173.36,3247909.0,172.917,13871
2024-08-29 14:00:00+00:00,173.37,174.27,171.92,173.57,3279285.0,173.227,15619
2024-08-29 15:00:00+00:00,173.58,174.18,173.37,173.93,1720750.0,173.663,9212
2024-08-29 16:00:00+00:00,173.94,174.29,173.61,173.84,1725262.0,174.007,8485
2024-08-29 17:00:00+00:00,173.84,173.84,173.07,173.67,1189829.0,173.458,6930
2024-08-29 18:00:00+00:00,173.67,173.67,171.26,171.55,2096036.0,172.267,11300
2024-08-29 19:00:00+00:00,171.54,172.26,170.81,172.13,3005509.0,171.631,17276
2024-08-30 13:30:00+00:00,172.78,175.55,172.6,175.31,4260564.0,174.253,16179
2024-08-30 14:00:00+00:00,175.31,175.65,173.86,173.92,4090843.0,174.943,17592
2024-08-30 15:00:00+00:00,173.91,175.69,173.73,175.46,3306682.0,175.02,15151
2024-08-30 16:00:00+00:00,175.44,175.44,174.4,175.12,1510435.0,174.853,6797
2024-08-30 17:00:00+00:00,175.13,175.84,175.0,175.75,1671131.0,175.465,7264
2024-08-30 18:00:00+00:00,175.76,176.71,175.59,176.65,2186167.0,176.12,9437
2024-08-30 19:00:00+00:00,176.64,178.9,176.6,178.53,7618646.0,177.931,34063
2024-09-03 13:30:00+00:00,177.55,178.26,176.17,177.69,4431652.0,177.34,15598
2024-09-03 14:00:00+00:00,177.67,177.69,175.56,175.98,4589648.0,176.547,21850
2024-09-03 15:00:00+00:00,176.02,176.93,175.26,175.52,2549826.0,176.267,11884
2024-09-03 16:00:00+00:00,175.52,176.41,175.45,176.27,2109854.0,175.957,10689
2024-09-03 17:00:00+00:00,176.27,176.88,176.17,176.2,2037978.0,176.456,10220
2024-09-03 18:00:00+00:00,176.21,176.7,175.95,176.59,2422308.0,176.334,12226
2024-09-03 19:00:00+00:00,176.59,176.76,175.48,176.29,5308206.0,176.242,27368
2024-09-04 13:30:00+00:00,174.44,174.84,173.28,174.24,3569654.0,174.144,12661
2024-09-04 14:00:00+00:00,174.22,175.97,173.03,175.97,3694696.0,174.746,19032
2024-09-04 15:00:00+00:00,175.97,175.98,174.42,174.88,2191292.0,175.198,10374
2024-09-04 16:00:00+00:00,174.87,175.2,174.51,174.65,1181699.0,174.866,6184
2024-09-04 17:00:00+00:00,174.63,174.63,172.73,173.05,1864412.0,173.48,9384
2024-09-04 18:00:00+00:00,173.05,173.43,172.86,172.96,1848618.0,173.094,8885
2024-09-04 19:00:00+00:00,172.96,173.74,172.54,173.3,4430085.0,173.199,22683
2024-09-05 13:30:00+00:00,175.03,178.48,174.99,178.3,5371477.0,177.124,23436
2024-09-05 14:00:00+00:00,178.33,179.88,177.66,177.73,6661643.0,178.812,31402
2024-09-05 15:00:00+00:00,177.74,177.99,176.45,176.84,4130750.0,177.375,19204
2024-09-05 16:00:00+00:00,176.86,177.27,176.6,176.88,2531552.0,176.87,11315
2024-09-05 17:00:00+00:00,176.89,177.75,176.32,177.72,2123562.0,176.859,10057
2024-09-05 18:00:00+00:00,177.72,178.48,177.44,177.88,1931250.0,177.833,10273
2024-09-05 19:00:00+00:00,177.89,178.13,176.97,177.88,4178302.0,177.518,23492
2024-09-06 13:30:00+00:00,177.28,178.38,175.69,175.72,2689204.0,177.111,12278
2024-09-06 14:00:00+00:00,175.72,175.95,173.07,173.49,3867213.0,174.521,20124
2024-09-06 15:00:00+00:00,173.48,174.31,172.01,172.01,3808864.0,172.946,18934
2024-09-06 16:00:00+00:00,172.01,172.44,171.65,171.9,2339505.0,171.996,11634
2024-09-06 17:00:00+00:00,171.91,173.07,171.82,172.33,1857622.0,172.451,9712
2024-09-06 18:00:00+00:00,172.33,172.45,171.76,171.8,1951007.0,172.049,9866
2024-09-06 19:00:00+00:00,171.79,172.75,171.16,171.46,5020783.0,171.947,27855
2024-09-09 13:30:00+00:00,174.53,175.34,173.53,175.13,2853797.0,174.72,11260
2024-09-09 14:00:00+00:00,175.15,175.25,173.66,173.8,2925243.0,174.345,12917
2024-09-09 15:00:00+00:00,173.8,175.29,173.51,175.29,2270823.0,174.296,8825
2024-09-09 16:00:00+00:00,175.28,175.77,175.1,175.62,1583126.0,175.438,7147
2024-09-09 17:00:00+00:00,175.62,175.85,174.57,174.64,1466168.0,175.273,6491
2024-09-09 18:00:00+00:00,174.63,174.8,173.85,174.03,1780597.0,174.305,8028
2024-09-09 19:00:00+00:00,174.01,175.55,173.67,175.42,3814367.0,174.661,18503
2024-09-10 13:30:00+00:00,177.49,179.9,177.05,179.5,4359944.0,178.752,19529
2024-09-10 14:00:00+00:00,179.51,179.87,176.79,177.34,3295058.0,178.365,16872
2024-09-10 15:00:00+00:00,177.35,178.96,177.18,177.81,2224205.0,178.171,10918
2024-09-10 16:00:00+00:00,177.81,179.08,177.38,178.81,2277869.0,178.199,11003
2024-09-10 17:00:00+00:00,178.82,180.5,178.76,180.0,3594007.0,179.898,14599
2024-09-10 18:00:00+00:00,180.01,180.37,179.35,179.65,2065939.0,179.83,9047
2024-09-10 19:00:00+00:00,179.64,180.34,179.25,179.57,3656806.0,179.762,19141
2024-09-11 13:30:00+00:00,180.03,180.25,177.58,178.12,3354327.0,178.723,13967
2024-09-11 14:00:00+00:00,178.14,178.31,175.73,176.44,3184497.0,176.99,16639
2024-09-11 15:00:00+00:00,176.43,178.07,175.82,177.92,2311276.0,177.133,11283
2024-09-11 16:00:00+00:00,177.95,179.11,177.84,178.75,2086937.0,178.549,9114
2024-09-11 17:00:00+00:00,178.75,181.71,178.71,181.32,4437448.0,180.478,19318
2024-09-11 18:00:00+00:00,181.31,182.57,181.08,182.33,3732698.0,181.893,17186
2024-09-11 19:00:00+00:00,182.34,184.99,182.27,184.42,7637006.0,183.692,37760
2024-09-12 13:30:00+00:00,184.86,186.2,183.54,185.02,3580090.0,185.252,15661
2024-09-12 14:00:00+00:00,185.04,185.66,183.56,183.99,2818141.0,184.721,14420
2024-09-12 15:00:00+00:00,183.99,185.11,183.75,184.32,1669615.0,184.509,8530
2024-09-12 16:00:00+00:00,184.3,185.88,184.26,185.82,1617530.0,185.055,7811
2024-09-12 17:00:00+00:00,185.82,186.33,185.37,186.32,1966154.0,185.819,10151
2024-09-12 18:00:00+00:00,186.33,187.41,186.07,187.2,3076536.0,186.797,14985
2024-09-12 19:00:00+00:00,187.21,187.21,186.32,187.06,3890877.0,186.859,22061
2024-09-13 13:30:00+00:00,187.0,188.49,185.91,187.68,3296672.0,187.49,15403
2024-09-13 14:00:00+00:00,187.69,188.5,187.11,187.22,2816663.0,187.731,14860
2024-09-13 15:00:00+00:00,187.22,187.79,186.89,187.59,1746275.0,187.358,8912
2024-09-13 16:00:00+00:00,187.58,187.94,186.2,186.87,1952221.0,186.868,9583
2024-09-13 17:00:00+00:00,186.87,187.55,186.79,187.36,1542736.0,187.259,7794
2024-09-13 18:00:00+00:00,187.36,187.64,186.77,186.9,1372088.0,187.141,6865
2024-09-13 19:00:00+00:00,186.9,187.12,186.35,186.47,2732109.0,186.767,15403
2024-09-16 13:30:00+00:00,185.29,185.81,183.55,185.49,3317929.0,184.719,14225
2024-09-16 14:00:00+00:00,185.48,185.63,183.52,183.84,2981905.0,184.434,15475
2024-09-16 15:00:00+00:00,183.85,184.81,183.36,184.28,1903922.0,184.215,10038
2024-09-16 16:00:00+00:00,184.3,184.36,183.68,184.3,1493185.0,184.006,7602
2024-09-16 17:00:00+00:00,184.29,185.16,183.96,185.11,1859953.0,184.564,8872
2024-09-16 18:00:00+00:00,185.1,185.53,184.75,185.32,1367249.0,185.132,6881
2024-09-16 19:00:00+00:00,185.32,185.35,184.73,184.9,2444046.0,185.031,14099
2024-09-17 13:30:00+00:00,186.84,188.88,186.34,188.28,3992294.0,187.868,17683
2024-09-17 14:00:00+00:00,188.32,189.45,188.03,188.36,3229711.0,188.756,16310
2024-09-17 15:00:00+00:00,188.38,188.52,187.79,188.44,1655413.0,188.21,8807
2024-09-17 16:00:00+00:00,188.44,188.54,186.19,186.96,1777841.0,187.317,9202
2024-09-17 17:00:00+00:00,186.96,187.15,186.14,186.84,1310347.0,186.838,7220
2024-09-17 18:00:00+00:00,186.84,187.3,186.52,186.88,1210537.0,186.955,6531
2024-09-17 19:00:00+00:00,186.88,187.2,186.61,186.92,2634862.0,186.852,15299
2024-09-18 13:30:00+00:00,186.45,186.76,185.06,186.57,2190645.0,186.129,9948
2024-09-18 14:00:00+00:00,186.53,187.41,186.15,187.09,1849289.0,186.828,9615
2024-09-18 15:00:00+00:00,187.1,187.25,185.66,185.77,1140570.0,186.298,6405
2024-09-18 16:00:00+00:00,185.75,186.76,185.65,186.66,1268078.0,186.311,5659
2024-09-18 17:00:00+00:00,186.67,187.17,186.5,186.8,1014214.0,186.761,5126
2024-09-18 18:00:00+00:00,186.8,188.8,186.25,187.34,4308917.0,187.919,24264
2024-09-18 19:00:00+00:00,187.32,188.09,186.06,186.43,4725925.0,186.843,28606
2024-09-19 13:30:00+00:00,190.04,190.39,188.73,188.81,4416526.0,189.743,17156
2024-09-19 14:00:00+00:00,188.88,190.99,188.78,189.2,4585217.0,189.986,21428
2024-09-19 15:00:00+00:00,189.24,189.52,188.47,188.79,2598873.0,189.069,11810
2024-09-19 16:00:00+00:00,188.79,189.85,188.71,189.25,2309968.0,189.431,9414
2024-09-19 17:00:00+00:00,189.24,189.81,188.94,189.62,1922614.0,189.401,9789
2024-09-19 18:00:00+00:00,189.62,189.89,189.02,189.87,1933395.0,189.541,9818
2024-09-19 19:00:00+00:00,189.86,189.99,189.16,189.86,4537951.0,189.602,24605
2024-09-20 13:30:00+00:00,190.28,190.96,189.35,189.45,8326391.0,190.285,11834
2024-09-20 14:00:00+00:00,189.47,189.79,188.14,188.25,2559812.0,189.168,13644
2024-09-20 15:00:00+00:00,188.25,189.38,187.41,189.36,3051032.0,188.281,15820
2024-09-20 16:00:00+00:00,189.36,190.54,189.3,190.37,2632463.0,189.969,13165
2024-09-20 17:00:00+00:00,190.37,190.74,189.66,189.66,1797475.0,190.318,9653
2024-09-20 18:00:00+00:00,189.67,190.08,189.15,190.01,2324871.0,189.511,12206
2024-09-20 19:00:00+00:00,190.01,191.84,189.46,191.6,7109302.0,190.77,37895
2024-09-23 13:30:00+00:00,191.63,192.4,190.57,191.84,3321702.0,191.632,13643
2024-09-23 14:00:00+00:00,191.85,192.26,191.22,191.71,2056232.0,191.818,10696
2024-09-23 15:00:00+00:00,191.73,191.9,191.05,191.73,1567975.0,191.514,8361
2024-09-23 16:00:00+00:00,191.73,193.32,191.63,193.25,3600345.0,192.636,15585
2024-09-23 17:00:00+00:00,193.25,193.32,192.6,192.94,1444800.0,192.977,7684
2024-09-23 18:00:00+00:00,192.94,194.29,192.93,194.02,3258586.0,193.601,13628
2024-09-23 19:00:00+00:00,194.02,194.41,193.46,193.93,4491343.0,193.995,24473
2024-09-24 13:30:00+00:00,194.3,195.37,191.96,192.01,4052827.0,193.415,17235
2024-09-24 14:00:00+00:00,192.04,192.07,190.13,191.48,5879457.0,190.928,29189
2024-09-24 15:00:00+00:00,191.49,192.89,191.46,192.87,2343859.0,192.238,11423
2024-09-24 16:00:00+00:00,192.87,192.93,192.33,192.35,1351394.0,192.699,5992
2024-09-24 17:00:00+00:00,192.35,193.37,192.28,193.33,1551635.0,192.947,6609
2024-09-24 18:00:00+00:00,193.34,193.44,192.48,192.64,1350440.0,192.966,6608
2024-09-24 19:00:00+00:00,192.64,194.14,192.56,194.03,4229039.0,193.56,24831
2024-09-25 13:30:00+00:00,193.75,193.95,192.46,192.92,2610009.0,193.215,11126
2024-09-25 14:00:00+00:00,192.93,193.53,192.68,193.28,2572502.0,193.155,11972
2024-09-25 15:00:00+00:00,193.28,193.29,192.4,192.64,2121039.0,192.816,9324
2024-09-25 16:00:00+00:00,192.64,192.76,192.36,192.53,1478909.0,192.565,7490
2024-09-25 17:00:00+00:00,192.53,192.98,192.16,192.94,1549033.0,192.643,7913
2024-09-25 18:00:00+00:00,192.94,193.08,192.36,193.06,1374994.0,192.774,6959
2024-09-25 19:00:00+00:00,193.07,193.29,192.34,192.53,2598378.0,192.777,14425
2024-09-26 13:30:00+00:00,194.31,194.55,191.73,192.18,3472840.0,193.036,15483
2024-09-26 14:00:00+00:00,192.17,192.29,189.83,189.89,5378232.0,190.87,28933
2024-09-26 15:00:00+00:00,189.89,191.65,189.54,191.63,3168380.0,190.542,16570
2024-09-26 16:00:00+00:00,191.63,191.67,190.55,190.67,1641641.0,191.114,9041
2024-09-26 17:00:00+00:00,190.68,191.26,190.03,191.18,1555875.0,190.691,8814
2024-09-26 18:00:00+00:00,191.19,191.83,190.94,191.78,1566874.0,191.53,8510
2024-09-26 19:00:00+00:00,191.77,191.8,191.04,191.18,3387862.0,191.362,19086
2024-09-27 13:30:00+00:00,190.83,190.9,189.83,190.08,2377506.0,190.313,10490
2024-09-27 14:00:00+00:00,190.1,190.81,189.56,189.64,3276069.0,190.07,16645
2024-09-27 15:00:00+00:00,189.62,189.62,187.93,187.97,4118914.0,188.525,19883
2024-09-27 16:00:00+00:00,187.98,188.13,187.34,187.84,2833254.0,187.735,14726
2024-09-27 17:00:00+00:00,187.84,188.24,187.5,188.21,1757865.0,187.803,9666
2024-09-27 18:00:00+00:00,188.21,188.5,187.49,188.43,1885785.0,188.024,9866
2024-09-27 19:00:00+00:00,188.42,188.61,187.81,187.87,3362092.0,188.154,18812
2024-09-30 13:30:00+00:00,187.14,188.49,186.5,187.16,2907848.0,187.463,13590
2024-09-30 14:00:00+00:00,187.16,187.23,184.92,184.95,3842910.0,185.881,20411
2024-09-30 15:00:00+00:00,184.92,185.96,184.65,185.71,3081449.0,185.176,15691
2024-09-30 16:00:00+00:00,185.73,186.35,185.64,186.16,1632834.0,186.049,9002
2024-09-30 17:00:00+00:00,186.16,186.43,185.53,186.37,1494258.0,185.882,8592
2024-09-30 18:00:00+00:00,186.37,186.5,184.92,185.79,1820619.0,185.775,9253
2024-09-30 19:00:00+00:00,185.79,186.69,185.3,186.31,4975150.0,186.071,29062
2024-10-01 13:30:00+00:00,184.9,184.99,183.45,184.3,4618733.0,184.215,20459
2024-10-01 14:00:00+00:00,184.28,184.74,183.52,183.68,4505185.0,183.927,23786
2024-10-01 15:00:00+00:00,183.68,185.04,183.5,184.53,2758200.0,184.08,13727
2024-10-01 16:00:00+00:00,184.51,185.18,183.91,184.73,2305343.0,184.694,11893
2024-10-01 17:00:00+00:00,184.7,185.69,183.92,185.67,1961860.0,184.586,10742
2024-10-01 18:00:00+00:00,185.65,186.19,185.54,185.8,1947649.0,185.876,9871
2024-10-01 19:00:00+00:00,185.78,185.97,185.0,185.14,3172881.0,185.517,17438
2024-10-02 13:30:00+00:00,184.45,185.71,184.04,184.56,2541648.0,184.653,11494
2024-10-02 14:00:00+00:00,184.55,185.39,184.25,185.06,2220882.0,184.831,11427
2024-10-02 15:00:00+00:00,185.06,186.6,184.96,186.16,2194943.0,185.949,9853
2024-10-02 16:00:00+00:00,186.18,186.51,185.32,185.35,1310627.0,186.055,6212
2024-10-02 17:00:00+00:00,185.34,185.56,184.7,185.41,1485555.0,185.168,7821
2024-10-02 18:00:00+00:00,185.4,185.75,185.17,185.45,1290624.0,185.494,7817
2024-10-02 19:00:00+00:00,185.46,185.6,184.68,184.77,2635696.0,185.124,16129
2024-10-03 13:30:00+00:00,183.05,183.42,180.87,182.65,3946920.0,182.432,17296
2024-10-03 14:00:00+00:00,182.65,183.44,180.93,181.37,4346604.0,182.074,21180
2024-10-03 15:00:00+00:00,181.37,182.91,181.33,182.66,1833192.0,182.217,8930
2024-10-03 16:00:00+00:00,182.68,183.15,181.86,182.15,1899797.0,182.597,9048
2024-10-03 17:00:00+00:00,182.15,182.6,181.81,182.54,1593009.0,182.242,9252
2024-10-03 18:00:00+00:00,182.55,182.57,181.96,181.97,1354561.0,182.229,7535
2024-10-03 19:00:00+00:00,181.98,182.35,181.41,181.98,3991441.0,181.948,20106
2024-10-04 13:30:00+00:00,185.77,187.6,185.64,185.84,5166415.0,186.618,22682
2024-10-04 14:00:00+00:00,185.84,185.87,184.09,184.95,4856550.0,184.819,22335
2024-10-04 15:00:00+00:00,184.95,185.33,183.6,184.8,2698600.0,184.338,12057
2024-10-04 16:00:00+00:00,184.83,185.99,184.34,185.59,2455413.0,185.191,9905
2024-10-04 17:00:00+00:00,185.59,185.8,184.76,184.86,1688293.0,185.356,7554
2024-10-04 18:00:00+00:00,184.88,185.24,184.53,185.11,1659700.0,184.896,7740
2024-10-04 19:00:00+00:00,185.11,186.57,185.06,186.51,4161249.0,185.961,22617
2024-10-07 13:30:00+00:00,182.95,183.6,180.56,180.72,7039114.0,181.724,26466
2024-10-07 14:00:00+00:00,180.71,181.99,180.65,181.72,5464394.0,181.364,23426
2024-10-07 15:00:00+00:00,181.71,181.97,181.24,181.56,2407612.0,181.592,11010
2024-10-07 16:00:00+00:00,181.56,181.63,180.95,181.36,2090014.0,181.31,9664
2024-10-07 17:00:00+00:00,181.37,181.68,181.06,181.49,1616598.0,181.342,7177
2024-10-07 18:00:00+00:00,181.48,181.52,180.25,180.31,2918248.0,180.856,13821
2024-10-07 19:00:00+00:00,180.31,181.09,180.27,180.89,4185872.0,180.7,22472
2024-10-08 13:30:00+00:00,181.97,182.71,180.92,182.46,3146367.0,182.026,12773
2024-10-08 14:00:00+00:00,182.47,183.09,181.7,182.71,3087096.0,182.393,15985
2024-10-08 15:00:00+00:00,182.72,183.04,182.26,182.53,1548235.0,182.62,8458
2024-10-08 16:00:00+00:00,182.53,182.54,181.62,182.01,1474909.0,181.966,7955
2024-10-08 17:00:00+00:00,182.02,182.08,181.28,181.99,1235780.0,181.638,6186
2024-10-08 18:00:00+00:00,181.99,182.44,181.8,182.41,1168800.0,182.091,5975
2024-10-08 19:00:00+00:00,182.39,182.97,182.08,182.67,3042997.0,182.544,16243
2024-10-09 13:30:00+00:00,182.93,183.33,182.05,182.65,2159356.0,182.74,8805
2024-10-09 14:00:00+00:00,182.62,184.07,182.52,183.95,3162792.0,183.554,15194
2024-10-09 15:00:00+00:00,183.95,184.95,183.82,184.91,2482841.0,184.31,12321
2024-10-09 16:00:00+00:00,184.9,184.91,184.13,184.42,1358145.0,184.524,7299
2024-10-09 17:00:00+00:00,184.43,185.5,184.23,185.09,1873743.0,185.0,9796
2024-10-09 18:00:00+00:00,185.09,185.5,184.93,185.38,1460293.0,185.261,7303
2024-10-09 19:00:00+00:00,185.38,185.85,184.97,185.18,3058957.0,185.374,18449
2024-10-10 13:30:00+00:00,187.12,187.98,186.27,187.53,4686883.0,187.252,20288
2024-10-10 14:00:00+00:00,187.56,188.14,186.03,186.15,3537177.0,187.008,15678
2024-10-10 15:00:00+00:00,186.18,186.84,185.83,186.8,1943791.0,186.226,9164
2024-10-10 16:00:00+00:00,186.8,187.4,186.54,187.15,1669093.0,186.984,7794
2024-10-10 17:00:00+00:00,187.17,187.75,186.6,187.33,1537945.0,187.291,7563
2024-10-10 18:00:00+00:00,187.32,187.33,186.3,186.73,1238518.0,186.762,6535
2024-10-10 19:00:00+00:00,186.72,186.93,186.25,186.66,2340267.0,186.631,13344
2024-10-11 13:30:00+00:00,186.63,188.23,186.33,188.09,2981795.0,187.541,12440
2024-10-11 14:00:00+00:00,188.08,189.93,187.88,189.54,4344616.0,189.099,21932
2024-10-11 15:00:00+00:00,189.55,189.72,188.45,189.1,2302897.0,188.937,12606
2024-10-11 16:00:00+00:00,189.09,189.15,188.56,188.97,1246827.0,188.808,6658
2024-10-11 17:00:00+00:00,188.98,189.35,188.83,188.97,1195612.0,189.111,5926
2024-10-11 18:00:00+00:00,188.97,189.39,188.94,189.35,1130729.0,189.213,6248
2024-10-11 19:00:00+00:00,189.35,189.63,188.73,188.8,2939368.0,189.257,16188
2024-10-14 13:30:00+00:00,189.71,189.83,188.59,189.27,1984497.0,189.26,8279
2024-10-14 14:00:00+00:00,189.29,189.71,188.08,188.25,2599551.0,188.955,11978
2024-10-14 15:00:00+00:00,188.24,188.71,187.93,188.46,1402816.0,188.3,7424
2024-10-14 16:00:00+00:00,188.44,188.67,188.08,188.11,1115534.0,188.393,5883
2024-10-14 17:00:00+00:00,188.1,188.3,187.79,187.84,1118633.0,188.041,5848
2024-10-14 18:00:00+00:00,187.84,188.14,187.57,187.99,1383043.0,187.848,6726
2024-10-14 19:00:00+00:00,187.99,188.42,187.36,187.59,3810852.0,187.764,21316
2024-10-15 13:30:00+00:00,187.6,188.41,186.78,188.0,2651059.0,187.603,12076
2024-10-15 14:00:00+00:00,188.02,188.13,184.58,185.18,4354797.0,186.168,24312
2024-10-15 15:00:00+00:00,185.17,186.1,184.88,185.19,2154097.0,185.537,11264
2024-10-15 16:00:00+00:00,185.21,186.24,185.21,186.07,1502023.0,185.852,7972
2024-10-15 17:00:00+00:00,186.05,187.0,185.71,186.69,1747399.0,186.285,8002
2024-10-15 18:00:00+00:00,186.7,187.16,186.32,186.93,1388789.0,186.855,7410
2024-10-15 19:00:00+00:00,186.97,188.06,186.4,187.81,4448176.0,187.369,24910
2024-10-16 13:30:00+00:00,187.05,187.76,186.13,186.78,2439976.0,186.966,9849
2024-10-16 14:00:00+00:00,186.8,187.78,186.08,186.11,2511649.0,187.004,12791
2024-10-16 15:00:00+00:00,186.11,186.42,185.61,185.75,1946521.0,185.984,10010
2024-10-16 16:00:00+00:00,185.75,186.38,185.73,186.32,1364155.0,186.05,7059
2024-10-16 17:00:00+00:00,186.33,186.41,185.89,186.25,1341628.0,186.048,6470
2024-10-16 18:00:00+00:00,186.25,186.95,186.12,186.82,1268543.0,186.538,5632
2024-10-16 19:00:00+00:00,186.84,187.21,186.75,186.9,2158340.0,186.944,11640
2024-10-17 13:30:00+00:00,188.19,188.77,186.38,186.61,3067623.0,187.785,12784
2024-10-17 14:00:00+00:00,186.68,187.18,186.0,186.74,2211260.0,186.61,10551
2024-10-17 15:00:00+00:00,186.75,188.75,186.57,188.71,1798462.0,187.636,9004
2024-10-17 16:00:00+00:00,188.71,188.94,187.8,187.91,1540432.0,188.46,7399
2024-10-17 17:00:00+00:00,187.91,188.87,187.88,188.62,1453572.0,188.506,7614
2024-10-17 18:00:00+00:00,188.63,188.7,187.18,187.9,1613424.0,187.736,8580
2024-10-17 19:00:00+00:00,187.91,187.93,187.22,187.53,2422584.0,187.571,14025
2024-10-18 13:30:00+00:00,187.14,188.28,186.28,187.62,4906366.0,187.313,11426
2024-10-18 14:00:00+00:00,187.63,188.86,187.61,188.35,2400995.0,188.431,12593
2024-10-18 15:00:00+00:00,188.38,189.93,188.35,189.16,3883088.0,189.354,16189
2024-10-18 16:00:00+00:00,189.17,190.73,188.88,190.49,3261606.0,190.055,14992
2024-10-18 17:00:00+00:00,190.5,190.74,189.6,189.68,2097874.0,190.054,9894
2024-10-18 18:00:00+00:00,189.69,190.63,189.28,190.19,1991193.0,190.153,9657
2024-10-18 19:00:00+00:00,190.2,190.29,188.78,188.95,3515675.0,189.451,18291
2024-10-21 13:30:00+00:00,188.12,188.45,186.4,187.67,3544269.0,187.216,15536
2024-10-21 14:00:00+00:00,187.66,188.98,187.06,187.46,2999931.0,188.078,14047
2024-10-21 15:00:00+00:00,187.46,188.16,186.81,188.06,1804295.0,187.415,9154
2024-10-21 16:00:00+00:00,188.05,188.83,188.03,188.71,1256596.0,188.349,5748
2024-10-21 17:00:00+00:00,188.7,189.02,188.43,188.79,1148831.0,188.814,5539
2024-10-21 18:00:00+00:00,188.79,188.91,188.36,188.43,984800.0,188.629,5296
2024-10-21 19:00:00+00:00,188.43,189.46,188.38,189.09,2885454.0,189.019,16164
2024-10-22 13:30:00+00:00,188.4,189.04,186.97,188.81,2669782.0,188.012,10603
2024-10-22 14:00:00+00:00,188.78,190.62,188.6,190.05,3819917.0,189.938,16578
2024-10-22 15:00:00+00:00,190.04,190.3,189.39,189.84,1381601.0,189.829,6239
2024-10-22 16:00:00+00:00,189.84,190.15,189.31,190.04,1193618.0,189.674,5725
2024-10-22 17:00:00+00:00,190.03,191.15,189.56,191.15,2122405.0,190.432,9262
2024-10-22 18:00:00+00:00,191.14,191.53,189.62,189.71,2370553.0,190.699,11012
2024-10-22 19:00:00+00:00,189.7,190.0,189.36,189.72,2934651.0,189.72,15386
2024-10-23 13:30:00+00:00,188.88,189.16,187.61,188.31,2519708.0,188.386,10825
2024-10-23 14:00:00+00:00,188.31,188.38,187.05,187.53,2417953.0,187.665,12643
2024-10-23 15:00:00+00:00,187.53,187.88,186.17,186.91,2441555.0,186.777,11989
2024-10-23 16:00:00+00:00,186.9,186.9,185.12,185.42,2379393.0,185.752,11264
2024-10-23 17:00:00+00:00,185.41,185.41,184.02,184.14,2710108.0,184.612,12847
2024-10-23 18:00:00+00:00,184.14,184.87,183.69,184.86,2243553.0,184.259,11577
2024-10-23 19:00:00+00:00,184.86,185.04,184.4,184.73,3197779.0,184.707,16841
2024-10-24 13:30:00+00:00,185.36,185.75,183.86,185.36,2663721.0,185.084,11425
2024-10-24 14:00:00+00:00,185.37,186.45,185.11,185.87,2354779.0,185.945,11100
2024-10-24 15:00:00+00:00,185.88,186.63,185.72,186.28,1553282.0,186.189,7247
2024-10-24 16:00:00+00:00,186.28,187.11,185.6,186.73,1979501.0,186.474,9089
2024-10-24 17:00:00+00:00,186.72,187.1,186.31,186.34,1002844.0,186.687,5143
2024-10-24 18:00:00+00:00,186.36,186.95,186.13,186.48,1029771.0,186.546,5789
2024-10-24 19:00:00+00:00,186.47,186.89,186.02,186.38,1890661.0,186.432,10722
2024-10-25 13:30:00+00:00,187.85,189.64,187.64,189.52,3213934.0,188.709,14088
2024-10-25 14:00:00+00:00,189.54,190.45,189.08,189.68,3834169.0,189.869,18022
2024-10-25 15:00:00+00:00,189.67,190.21,188.88,189.08,2086714.0,189.654,10583
2024-10-25 16:00:00+00:00,189.08,190.04,188.92,189.73,1851596.0,189.702,8564
2024-10-25 17:00:00+00:00,189.72,189.75,188.0,188.15,1708399.0,188.792,8710
2024-10-25 18:00:00+00:00,188.16,188.7,187.74,188.41,1432174.0,188.237,7615
2024-10-25 19:00:00+00:00,188.41,188.41,187.53,187.82,2529038.0,187.936,13824
2024-10-28 13:30:00+00:00,189.55,190.21,188.98,189.26,2853846.0,189.581,10766
2024-10-28 14:00:00+00:00,189.24,189.92,189.16,189.34,2056438.0,189.54,9695
2024-10-28 15:00:00+00:00,189.35,189.75,188.83,189.37,1966641.0,189.341,10270
2024-10-28 16:00:00+00:00,189.37,189.65,189.02,189.29,1279617.0,189.374,6841
2024-10-28 17:00:00+00:00,189.29,189.47,188.9,189.36,1231427.0,189.211,6515
2024-10-28 18:00:00+00:00,189.35,189.4,188.94,189.06,1526345.0,189.182,6865
2024-10-28 19:00:00+00:00,189.06,189.2,188.21,188.5,2713382.0,188.684,14828
2024-10-29 13:30:00+00:00,188.58,188.88,187.81,188.61,2214792.0,188.347,9668
2024-10-29 14:00:00+00:00,188.61,189.35,188.32,189.35,2241444.0,188.797,11443
2024-10-29 15:00:00+00:00,189.35,189.78,189.05,189.64,1780855.0,189.568,8788
2024-10-29 16:00:00+00:00,189.64,190.4,189.21,190.03,2173613.0,189.754,10371
2024-10-29 17:00:00+00:00,190.05,190.88,190.02,190.71,1604813.0,190.545,8037
2024-10-29 18:00:00+00:00,190.71,191.3,190.58,191.28,2055685.0,190.95,10163
2024-10-29 19:00:00+00:00,191.28,191.46,190.66,190.81,4025857.0,191.075,23145
2024-10-30 13:30:00+00:00,194.73,195.61,192.88,193.15,5662916.0,194.271,26634
2024-10-30 14:00:00+00:00,193.09,194.2,192.67,193.52,3606121.0,193.527,18751
2024-10-30 15:00:00+00:00,193.48,194.35,193.06,194.19,1924379.0,193.719,10154
2024-10-30 16:00:00+00:00,194.19,194.37,193.77,193.86,1683953.0,194.051,9134
2024-10-30 17:00:00+00:00,193.85,194.28,193.21,193.27,2212222.0,193.804,11105
2024-10-30 18:00:00+00:00,193.26,193.87,193.25,193.62,1869750.0,193.586,10868
2024-10-30 19:00:00+00:00,193.62,193.78,192.42,192.82,4323874.0,193.085,26025
2024-10-31 13:30:00+00:00,190.62,190.62,188.02,188.29,4896107.0,189.514,22680
2024-10-31 14:00:00+00:00,188.29,188.73,186.77,187.13,5196388.0,187.706,27454
2024-10-31 15:00:00+00:00,187.13,187.5,186.03,186.18,3744983.0,186.687,20360
2024-10-31 16:00:00+00:00,186.19,186.85,185.56,186.38,4475788.0,186.3,22591
2024-10-31 17:00:00+00:00,186.38,186.87,185.56,185.86,3199304.0,186.189,16614
2024-10-31 18:00:00+00:00,185.87,186.09,185.23,185.71,3435406.0,185.569,18841
2024-10-31 19:00:00+00:00,185.71,186.92,185.69,186.13,8626477.0,186.318,45664
2024-11-01 13:30:00+00:00,198.88,200.0,197.02,199.35,20421586.0,199.053,86682
2024-11-01 14:00:00+00:00,199.35,200.5,197.61,199.92,16252337.0,199.25,69732
2024-11-01 15:00:00+00:00,199.95,200.25,199.0,199.31,8989157.0,199.728,38950
2024-11-01 16:00:00+00:00,199.31,199.86,198.27,198.4,5415305.0,199.061,22229
2024-11-01 17:00:00+00:00,198.39,198.85,197.43,197.69,4697183.0,198.066,21799
2024-11-01 18:00:00+00:00,197.7,198.51,197.59,198.35,3663109.0,198.115,17897
2024-11-01 19:00:00+00:00,198.34,198.75,197.34,197.87,7723295.0,198.102,37200
2024-11-04 14:30:00+00:00,196.54,197.33,195.4,196.13,5133946.0,196.329,21093
2024-11-04 15:00:00+00:00,196.1,197.28,195.95,197.04,3697610.0,196.736,16499
2024-11-04 16:00:00+00:00,197.03,197.13,194.4,194.83,3583280.0,195.833,17975
2024-11-04 17:00:00+00:00,194.83,195.67,194.31,195.42,2627209.0,195.04,13457
2024-11-04 18:00:00+00:00,195.41,196.03,194.96,195.8,2073862.0,195.686,10207
2024-11-04 19:00:00+00:00,195.81,196.2,195.64,195.83,1685068.0,195.931,9338
2024-11-04 20:00:00+00:00,195.82,195.99,195.25,195.78,4076385.0,195.69,23903
2024-11-05 14:30:00+00:00,196.04,197.43,195.99,197.04,3225464.0,196.611,14482
2024-11-05 15:00:00+00:00,197.05,197.42,196.45,197.18,2771322.0,196.97,13604
2024-11-05 16:00:00+00:00,197.18,198.71,196.95,198.57,3068983.0,198.132,13827
2024-11-05 17:00:00+00:00,198.59,199.79,198.51,199.75,3267713.0,199.242,14533
2024-11-05 18:00:00+00:00,199.75,199.82,198.62,199.15,2836036.0,199.179,13247
2024-11-05 19:00:00+00:00,199.14,199.45,198.78,198.94,1985485.0,199.139,10003
2024-11-05 20:00:00+00:00,198.93,199.52,198.87,199.5,3384199.0,199.175,17395
2024-11-06 14:30:00+00:00,199.91,201.45,199.14,200.94,9121005.0,200.387,40857
2024-11-06 15:00:00+00:00,200.98,206.08,200.52,203.86,12977417.0,203.933,62550
2024-11-06 16:00:00+00:00,203.87,205.75,203.33,205.57,5769617.0,204.537,26588
2024-11-06 17:00:00+00:00,205.57,206.27,205.05,205.95,4382945.0,205.809,23256
2024-11-06 18:00:00+00:00,205.94,206.07,205.17,205.38,2566529.0,205.589,13305
2024-11-06 19:00:00+00:00,205.37,205.85,204.45,205.1,2645718.0,205.151,13699
2024-11-06 20:00:00+00:00,205.11,207.55,204.9,207.09,7223473.0,206.219,38670
2024-11-07 14:30:00+00:00,207.42,210.73,207.19,210.72,7237575.0,209.18,29962
2024-11-07 15:00:00+00:00,210.73,212.25,210.25,211.22,8690389.0,211.175,37332
2024-11-07 16:00:00+00:00,211.26,211.37,210.52,211.04,3143750.0,210.879,15445
2024-11-07 17:00:00+00:00,211.02,211.02,209.43,210.15,2964205.0,210.108,14149
2024-11-07 18:00:00+00:00,210.17,210.26,209.31,209.76,2116670.0,209.796,11050
2024-11-07 19:00:00+00:00,209.78,210.06,209.21,209.98,3163238.0,209.659,16677
2024-11-07 20:00:00+00:00,209.97,210.49,209.66,210.21,5442100.0,210.042,32327
2024-11-08 14:30:00+00:00,209.78,209.97,208.5,209.49,3551584.0,209.383,14567
2024-11-08 15:00:00+00:00,209.48,209.78,208.02,208.63,3683530.0,208.792,18754
2024-11-08 16:00:00+00:00,208.64,209.54,208.2,209.16,2187474.0,209.017,11658
2024-11-08 17:00:00+00:00,209.17,209.43,208.88,209.18,1759163.0,209.118,9729
2024-11-08 18:00:00+00:00,209.19,209.31,208.67,208.92,1776016.0,209.058,9095
2024-11-08 19:00:00+00:00,208.9,209.14,208.38,208.56,1896688.0,208.77,9432
2024-11-08 20:00:00+00:00,208.57,208.76,207.44,208.29,5222888.0,208.14,28931
2024-11-11 14:30:00+00:00,208.52,209.65,206.21,206.68,4466198.0,207.893,20243
2024-11-11 15:00:00+00:00,206.69,207.3,205.91,206.76,3695439.0,206.734,20453
2024-11-11 16:00:00+00:00,206.75,207.23,206.08,206.08,2138095.0,206.659,11500
2024-11-11 17:00:00+00:00,206.08,206.54,205.8,206.13,1800803.0,206.174,9619
2024-11-11 18:00:00+00:00,206.11,206.69,205.59,206.44,1741565.0,206.141,9191
2024-11-11 19:00:00+00:00,206.42,206.46,206.0,206.33,1364056.0,206.24,8090
2024-11-11 20:00:00+00:00,206.32,207.06,206.1,206.9,3199339.0,206.5,19160
2024-11-12 14:30:00+00:00,208.37,208.37,206.98,207.87,3468121.0,207.727,15676
2024-11-12 15:00:00+00:00,207.9,208.0,206.17,206.38,3354510.0,206.662,18626
2024-11-12 16:00:00+00:00,206.38,206.78,206.01,206.52,2358751.0,206.393,13392
2024-11-12 17:00:00+00:00,206.51,208.91,206.46,207.58,3595188.0,207.86,17151
2024-11-12 18:00:00+00:00,207.58,209.01,207.25,208.7,2192484.0,208.185,10979
2024-11-12 19:00:00+00:00,208.67,209.54,208.39,208.68,2117347.0,209.035,12240
2024-11-12 20:00:00+00:00,208.67,209.05,208.22,208.93,3705372.0,208.71,22530
2024-11-13 14:30:00+00:00,209.49,211.61,209.14,211.14,4802236.0,210.597,20646
2024-11-13 15:00:00+00:00,211.17,211.99,209.66,211.97,3757313.0,210.834,18176
2024-11-13 16:00:00+00:00,211.98,213.11,211.72,212.66,3668140.0,212.463,17552
2024-11-13 17:00:00+00:00,212.66,214.5,212.46,214.49,3767466.0,213.737,17008
2024-11-13 18:00:00+00:00,214.48,215.08,213.9,214.63,2822878.0,214.478,12893
2024-11-13 19:00:00+00:00,214.65,214.7,212.88,213.65,3351535.0,213.662,16564
2024-11-13 20:00:00+00:00,213.65,214.31,213.14,214.11,5638633.0,213.85,32565
2024-11-14 14:30:00+00:00,214.14,215.9,212.28,212.49,5197422.0,214.038,21962
2024-11-14 15:00:00+00:00,212.5,213.23,211.9,212.23,5046712.0,212.475,20146
2024-11-14 16:00:00+00:00,212.22,212.87,211.68,212.31,2668977.0,212.328,11075
2024-11-14 17:00:00+00:00,212.29,213.21,211.94,212.53,2832160.0,212.547,13931
2024-11-14 18:00:00+00:00,212.52,213.35,211.61,211.85,2284218.0,212.688,10115
2024-11-14 19:00:00+00:00,211.85,212.69,211.8,212.17,1880998.0,212.271,10950
2024-11-14 20:00:00+00:00,212.19,212.19,210.88,211.47,4685666.0,211.449,24256
2024-11-15 14:30:00+00:00,206.48,207.34,204.5,205.04,13668434.0,205.939,64173
2024-11-15 15:00:00+00:00,205.07,205.94,204.06,204.83,9247896.0,204.954,55352
2024-11-15 16:00:00+00:00,204.83,204.97,202.24,202.56,6255496.0,203.679,35817
2024-11-15 17:00:00+00:00,202.57,203.76,202.41,203.25,5317705.0,203.012,21152
2024-11-15 18:00:00+00:00,203.24,203.34,199.65,201.34,12574067.0,200.884,54003
2024-11-15 19:00:00+00:00,201.35,201.74,200.37,200.74,4591143.0,201.12,25798
2024-11-15 20:00:00+00:00,200.71,203.01,200.6,202.59,6669453.0,202.239,34907
2024-11-18 14:30:00+00:00,204.16,204.67,202.72,203.23,3681327.0,203.542,16466
2024-11-18 15:00:00+00:00,203.27,204.64,202.83,203.38,3664200.0,203.761,19091
2024-11-18 16:00:00+00:00,203.39,203.46,202.25,202.62,2158423.0,202.946,10958
2024-11-18 17:00:00+00:00,202.63,202.86,201.58,202.28,2169390.0,202.271,11901
2024-11-18 18:00:00+00:00,202.26,202.29,201.29,201.83,1945622.0,201.795,10474
2024-11-18 19:00:00+00:00,201.83,202.19,200.95,202.14,1867131.0,201.552,10000
2024-11-18 20:00:00+00:00,202.13,202.47,201.24,201.7,3469491.0,201.962,17953
2024-11-19 14:30:00+00:00,199.23,201.52,198.8,201.08,3144919.0,200.274,12548
2024-11-19 15:00:00+00:00,201.05,202.56,200.36,202.36,2979716.0,201.411,12695
2024-11-19 16:00:00+00:00,202.36,204.56,202.33,203.86,3281150.0,203.756,15352
2024-11-19 17:00:00+00:00,203.86,204.23,203.16,204.09,1591815.0,203.859,8005
2024-11-19 18:00:00+00:00,204.09,205.3,203.87,205.0,2004699.0,204.662,8761
2024-11-19 19:00:00+00:00,205.02,205.13,203.47,204.0,2595276.0,204.159,11942
2024-11-19 20:00:00+00:00,204.01,204.65,203.74,204.59,3193061.0,204.278,18668
2024-11-20 14:30:00+00:00,202.96,203.13,200.88,200.97,3477735.0,202.02,13302
2024-11-20 15:00:00+00:00,200.98,201.48,199.45,201.15,5049830.0,200.469,21781
2024-11-20 16:00:00+00:00,201.14,202.25,200.6,201.94,2043435.0,201.272,10745
2024-11-20 17:00:00+00:00,201.93,202.27,200.74,201.15,2118344.0,201.446,9591
2024-11-20 18:00:00+00:00,201.14,201.44,200.71,201.27,1471499.0,201.071,6946
2024-11-20 19:00:00+00:00,201.26,201.64,200.97,201.23,1196020.0,201.218,5983
2024-11-20 20:00:00+00:00,201.23,202.91,201.04,202.88,3838243.0,202.246,20215
2024-11-21 14:30:00+00:00,203.03,203.49,200.15,200.24,7800634.0,201.078,40194
2024-11-21 15:00:00+00:00,200.23,201.41,198.05,198.5,6727907.0,199.502,33634
2024-11-21 16:00:00+00:00,198.5,199.0,195.77,197.46,7096178.0,197.47,35644
2024-11-21 17:00:00+00:00,197.46,199.62,195.75,199.16,6837491.0,197.231,31194
2024-11-21 18:00:00+00:00,199.16,199.59,197.88,198.38,2730721.0,198.677,13940
2024-11-21 19:00:00+00:00,198.38,198.5,197.02,198.14,2780404.0,197.615,14979
2024-11-21 20:00:00+00:00,198.13,198.91,197.93,198.33,4869816.0,198.419,25300
2024-11-22 14:30:00+00:00,198.04,199.26,197.25,197.82,3447014.0,198.319,14337
2024-11-22 15:00:00+00:00,197.82,198.95,196.75,198.76,3419533.0,197.68,15545
2024-11-22 16:00:00+00:00,198.76,198.77,197.12,197.81,2386244.0,197.757,10800
2024-11-22 17:00:00+00:00,197.83,198.31,197.54,197.75,1482876.0,197.842,6901
2024-11-22 18:00:00+00:00,197.75,198.25,197.1,197.48,1889011.0,197.705,9911
2024-11-22 19:00:00+00:00,197.48,197.56,197.03,197.53,1445988.0,197.268,7406
2024-11-22 20:00:00+00:00,197.52,197.63,196.85,197.07,3664950.0,197.2,19724
2024-11-25 14:30:00+00:00,199.27,201.95,199.2,200.19,5181456.0,200.63,19039
2024-11-25 15:00:00+00:00,200.16,200.52,199.25,199.83,3162085.0,199.957,13910
2024-11-25 16:00:00+00:00,199.82,200.95,199.6,200.89,2182178.0,200.327,10231
2024-11-25 17:00:00+00:00,200.89,200.97,199.0,200.31,2157751.0,199.811,10056
2024-11-25 18:00:00+00:00,200.3,200.94,200.24,200.77,1640345.0,200.718,7407
2024-11-25 19:00:00+00:00,200.77,201.85,200.56,201.2,1949301.0,201.205,9072
2024-11-25 20:00:00+00:00,201.22,201.66,200.8,201.43,3180342.0,201.235,17849
2024-11-26 14:30:00+00:00,201.9,205.9,201.85,205.72,5611344.0,204.32,21990
2024-11-26 15:00:00+00:00,205.74,207.25,205.39,207.15,6148256.0,206.408,25528
2024-11-26 16:00:00+00:00,207.13,207.78,205.73,206.23,3259645.0,206.464,14249
2024-11-26 17:00:00+00:00,206.22,206.29,205.26,206.13,2233345.0,205.774,10054
2024-11-26 18:00:00+00:00,206.14,207.13,205.9,206.93,2143644.0,206.49,9344
2024-11-26 19:00:00+00:00,206.92,207.13,205.85,206.83,2385125.0,206.662,10754
2024-11-26 20:00:00+00:00,206.83,208.0,206.73,207.82,4898695.0,207.514,23708
2024-11-27 14:30:00+00:00,206.98,207.64,205.67,206.31,3433704.0,206.482,12659
2024-11-27 15:00:00+00:00,206.34,206.77,205.4,206.4,3255806.0,206.177,14433
2024-11-27 16:00:00+00:00,206.4,206.41,205.05,205.59,2299084.0,205.654,10086
2024-11-27 17:00:00+00:00,205.57,205.82,205.12,205.72,1436233.0,205.459,7151
2024-11-27 18:00:00+00:00,205.7,207.17,205.67,207.0,1758128.0,206.524,8355
2024-11-27 19:00:00+00:00,207.01,207.16,206.32,206.44,1302673.0,206.726,6534
2024-11-27 20:00:00+00:00,206.42,206.7,205.31,205.79,2742707.0,205.953,15379
2024-11-29 14:30:00+00:00,205.87,206.36,204.59,206.03,3160908.0,205.453,11991
2024-11-29 15:00:00+00:00,206.01,206.36,205.48,205.9,2513958.0,205.937,11397
2024-11-29 16:00:00+00:00,205.91,206.73,205.56,206.47,2020222.0,206.257,9857
2024-11-29 17:00:00+00:00,206.46,208.2,206.28,207.91,3662334.0,207.47,19203
2024-12-02 14:30:00+00:00,209.9,212.17,209.51,211.43,4994570.0,210.939,18520
2024-12-02 15:00:00+00:00,211.47,212.99,211.26,211.46,4951871.0,212.146,23758
2024-12-02 16:00:00+00:00,211.45,212.08,210.94,211.25,2820165.0,211.461,14326
2024-12-02 17:00:00+00:00,211.24,211.32,210.25,210.35,1927655.0,210.694,10083
2024-12-02 18:00:00+00:00,210.34,210.39,209.79,210.17,1942954.0,210.12,9153
2024-12-02 19:00:00+00:00,210.18,210.6,209.96,210.52,1772172.0,210.257,8748
2024-12-02 20:00:00+00:00,210.52,211.1,210.33,210.66,4217609.0,210.716,22403
2024-12-03 14:30:00+00:00,210.4,211.5,209.65,211.26,2717664.0,210.785,9107
2024-12-03 15:00:00+00:00,211.26,212.32,211.16,212.28,2922601.0,211.794,13328
2024-12-03 16:00:00+00:00,212.27,213.3,211.84,212.14,3074800.0,212.543,13385
2024-12-03 17:00:00+00:00,212.14,213.75,211.49,213.7,3308902.0,212.541,12997
2024-12-03 18:00:00+00:00,213.69,214.02,212.69,212.85,2688966.0,213.488,11791
2024-12-03 19:00:00+00:00,212.82,213.17,212.65,212.89,1604345.0,212.972,8168
2024-12-03 20:00:00+00:00,212.89,213.5,212.35,213.43,3063849.0,212.966,16113
2024-12-04 14:30:00+00:00,216.01,218.73,215.75,218.33,6840342.0,217.217,26222
2024-12-04 15:00:00+00:00,218.32,220.0,217.96,219.69,7847625.0,219.128,33766
2024-12-04 16:00:00+00:00,219.7,219.92,217.57,218.2,4380451.0,218.58,21041
2024-12-04 17:00:00+00:00,218.19,218.86,217.81,217.93,2544557.0,218.306,12655
2024-12-04 18:00:00+00:00,217.93,217.93,217.27,217.36,2141892.0,217.552,11422
2024-12-04 19:00:00+00:00,217.33,218.1,217.24,217.7,1946142.0,217.707,10368
2024-12-04 20:00:00+00:00,217.7,219.0,217.6,218.12,4152850.0,218.297,23001
2024-12-05 14:30:00+00:00,217.99,218.67,217.3,218.28,3580892.0,217.978,13309
2024-12-05 15:00:00+00:00,218.26,219.84,217.87,218.89,3859670.0,218.918,18478
2024-12-05 16:00:00+00:00,218.89,220.19,218.45,220.09,3039082.0,219.548,12544
2024-12-05 17:00:00+00:00,220.1,221.9,219.79,221.54,4034033.0,221.014,17917
2024-12-05 18:00:00+00:00,221.54,222.15,220.45,220.54,3113842.0,221.362,14718
2024-12-05 19:00:00+00:00,220.53,221.28,220.27,221.01,2016551.0,220.873,9532
2024-12-05 20:00:00+00:00,221.01,222.02,219.79,220.56,5268577.0,220.971,27745
2024-12-06 14:30:00+00:00,220.81,224.37,220.6,223.7,5305341.0,222.66,22066
2024-12-06 15:00:00+00:00,223.7,224.94,223.42,224.59,4498982.0,224.277,20645
2024-12-06 16:00:00+00:00,224.6,225.55,224.31,225.14,4053824.0,225.017,17259
2024-12-06 17:00:00+00:00,225.16,225.19,224.41,224.7,2238285.0,224.781,10892
2024-12-06 18:00:00+00:00,224.71,225.2,224.54,225.12,2086541.0,224.933,10569
2024-12-06 19:00:00+00:00,225.11,225.81,224.34,225.78,2436645.0,225.082,11537
2024-12-06 20:00:00+00:00,225.78,227.15,225.54,227.03,5946483.0,226.457,31186
2024-12-09 14:30:00+00:00,227.15,229.77,227.03,228.54,5300032.0,228.519,20027
2024-12-09 15:00:00+00:00,228.53,230.01,226.08,227.11,5463089.0,228.165,26944
2024-12-09 16:00:00+00:00,227.1,229.54,226.72,229.34,3561079.0,228.237,17049
2024-12-09 17:00:00+00:00,229.3,230.08,228.57,229.27,3056112.0,229.451,13079
2024-12-09 18:00:00+00:00,229.27,229.64,228.68,229.4,1554838.0,229.108,7438
2024-12-09 19:00:00+00:00,229.4,229.41,227.71,228.01,1820798.0,228.381,9688
2024-12-09 20:00:00+00:00,228.0,228.05,225.67,226.09,4961445.0,226.559,25876
2024-12-10 14:30:00+00:00,226.09,227.98,225.4,227.5,3239147.0,226.743,13728
2024-12-10 15:00:00+00:00,227.45,229.06,227.25,227.94,3029178.0,228.315,14014
2024-12-10 16:00:00+00:00,227.94,228.13,226.66,227.77,2074531.0,227.393,10426
2024-12-10 17:00:00+00:00,227.78,227.99,226.51,226.79,1321233.0,227.336,6253
2024-12-10 18:00:00+00:00,226.79,227.15,226.05,226.09,1546305.0,226.63,7549
2024-12-10 19:00:00+00:00,226.09,226.13,224.49,224.82,2130704.0,225.366,10544
2024-12-10 20:00:00+00:00,224.82,225.42,224.2,225.12,3373191.0,224.792,17999
2024-12-11 14:30:00+00:00,226.41,229.7,226.26,229.25,4201505.0,228.298,16328
2024-12-11 15:00:00+00:00,229.26,231.2,229.15,230.34,4429890.0,230.36,21484
2024-12-11 16:00:00+00:00,230.34,230.64,229.34,230.24,2421564.0,230.085,11575
2024-12-11 17:00:00+00:00,230.25,230.95,229.91,230.63,2144834.0,230.584,10057
2024-12-11 18:00:00+00:00,230.65,230.67,229.84,230.12,1447122.0,230.184,7801
2024-12-11 19:00:00+00:00,230.12,230.44,229.42,229.52,1437400.0,229.927,7920
2024-12-11 20:00:00+00:00,229.53,230.43,229.48,230.18,3030303.0,230.064,17128
2024-12-12 14:30:00+00:00,229.59,230.27,227.63,228.75,3392044.0,228.903,14227
2024-12-12 15:00:00+00:00,228.75,230.83,228.07,230.41,3540338.0,229.537,16069
2024-12-12 16:00:00+00:00,230.43,231.09,229.29,229.83,1882832.0,230.261,8836
2024-12-12 17:00:00+00:00,229.81,230.48,229.52,230.24,1264318.0,230.037,6384
2024-12-12 18:00:00+00:00,230.23,230.35,229.54,229.56,1058847.0,230.036,4740
2024-12-12 19:00:00+00:00,229.56,229.75,228.58,228.73,1125459.0,229.008,5796
2024-12-12 20:00:00+00:00,228.7,229.2,228.46,229.01,1987449.0,228.869,11145
2024-12-13 14:30:00+00:00,228.4,230.2,228.28,229.48,2581679.0,229.264,10051
2024-12-13 15:00:00+00:00,229.49,229.67,226.13,226.24,3098207.0,228.086,14289
2024-12-13 16:00:00+00:00,226.23,227.73,225.86,227.21,2810112.0,226.932,12795
2024-12-13 17:00:00+00:00,227.17,227.98,226.96,227.33,1925655.0,227.508,7269
2024-12-13 18:00:00+00:00,227.35,228.41,227.18,228.09,1293250.0,227.958,5618
2024-12-13 19:00:00+00:00,228.09,228.65,227.69,228.45,1407744.0,228.263,6947
2024-12-13 20:00:00+00:00,228.44,228.54,226.98,227.43,2708096.0,227.634,14423
2024-12-16 14:30:00+00:00,230.21,232.08,228.95,229.43,3582485.0,230.265,14478
2024-12-16 15:00:00+00:00,229.41,230.45,228.01,229.77,3275092.0,229.076,15547
2024-12-16 16:00:00+00:00,229.7,230.98,229.7,230.7,1985878.0,230.477,10249
2024-12-16 17:00:00+00:00,230.7,231.47,230.18,231.35,2132417.0,230.91,10578
2024-12-16 18:00:00+00:00,231.38,232.0,230.95,231.95,1851674.0,231.516,8214
2024-12-16 19:00:00+00:00,231.94,232.18,231.38,232.02,1728231.0,231.865,8653
2024-12-16 20:00:00+00:00,232.04,233.0,231.76,232.93,3263063.0,232.557,18137
2024-12-17 14:30:00+00:00,232.39,232.73,228.18,228.23,4017976.0,230.316,18245
2024-12-17 15:00:00+00:00,228.21,230.37,227.85,230.07,4082105.0,228.972,20647
2024-12-17 16:00:00+00:00,230.02,231.82,230.01,231.29,2424629.0,231.115,12490
2024-12-17 17:00:00+00:00,231.29,231.78,230.5,231.65,1710571.0,231.215,8559
2024-12-17 18:00:00+00:00,231.64,232.5,231.19,232.14,1504100.0,231.985,7545
2024-12-17 19:00:00+00:00,232.14,232.35,230.98,231.03,1346575.0,231.809,7076
2024-12-17 20:00:00+00:00,231.01,231.46,230.88,231.25,2372489.0,231.181,13987
2024-12-18 14:30:00+00:00,230.17,231.08,229.23,230.27,2558185.0,230.064,12501
2024-12-18 15:00:00+00:00,230.28,231.4,229.85,230.61,2416522.0,230.701,12166
2024-12-18 16:00:00+00:00,230.61,230.98,229.61,229.92,1795586.0,230.141,9601
2024-12-18 17:00:00+00:00,229.91,230.52,229.68,229.87,1225558.0,230.042,6126
2024-12-18 18:00:00+00:00,229.86,230.44,229.76,230.24,1221521.0,230.108,5889
2024-12-18 19:00:00+00:00,230.26,230.27,226.2,226.35,4008176.0,228.087,19860
2024-12-18 20:00:00+00:00,226.39,226.49,220.11,220.44,9336076.0,222.914,49781
2024-12-19 14:30:00+00:00,225.21,225.61,222.92,224.53,4576817.0,224.452,21908
2024-12-19 15:00:00+00:00,224.53,225.41,223.22,224.77,3493984.0,224.251,17581
2024-12-19 16:00:00+00:00,224.75,226.09,223.73,225.83,2368384.0,225.02,12059
2024-12-19 17:00:00+00:00,225.8,226.0,224.0,224.99,1774883.0,224.86,9565
2024-12-19 18:00:00+00:00,224.98,225.19,223.99,225.19,1175391.0,224.665,6316
2024-12-19 19:00:00+00:00,225.18,225.25,224.23,224.5,1351647.0,224.642,6967
2024-12-19 20:00:00+00:00,224.51,224.94,223.23,223.28,3381444.0,223.993,18508
2024-12-20 14:30:00+00:00,219.9,220.95,218.73,219.74,8976935.0,219.921,15040
2024-12-20 15:00:00+00:00,219.77,223.84,219.77,222.49,3205251.0,222.146,15391
2024-12-20 16:00:00+00:00,222.49,225.85,222.39,225.69,2459661.0,224.561,11840
2024-12-20 17:00:00+00:00,225.69,226.21,224.61,224.66,2388933.0,225.46,11166
2024-12-20 18:00:00+00:00,224.66,225.32,223.68,224.76,2143788.0,224.381,10598
2024-12-20 19:00:00+00:00,224.75,225.58,224.37,225.05,1651892.0,225.003,8761
2024-12-20 20:00:00+00:00,225.05,225.68,223.55,225.22,4267106.0,224.753,24729
2024-12-23 14:30:00+00:00,225.0,225.43,223.9,224.91,2404549.0,224.882,10247
2024-12-23 15:00:00+00:00,224.94,225.92,224.0,225.34,2074306.0,224.878,10344
2024-12-23 16:00:00+00:00,225.31,226.49,225.27,226.38,1497186.0,225.869,7492
2024-12-23 17:00:00+00:00,226.38,226.88,225.7,225.95,1123685.0,226.226,6074
2024-12-23 18:00:00+00:00,225.97,226.25,225.41,226.18,1043182.0,225.799,5592
2024-12-23 19:00:00+00:00,226.17,226.33,225.16,225.48,1293562.0,225.843,6144
2024-12-23 20:00:00+00:00,225.46,225.7,224.81,225.08,2301742.0,225.147,13307
2024-12-24 14:30:00+00:00,226.79,228.6,226.13,228.36,2189934.0,227.414,9809
2024-12-24 15:00:00+00:00,228.4,229.14,227.27,228.52,2598569.0,228.221,12895
2024-12-24 16:00:00+00:00,228.49,228.92,228.1,228.57,1406048.0,228.563,7602
2024-12-24 17:00:00+00:00,228.57,229.1,228.16,228.9,2124330.0,228.661,11414
2024-12-26 14:30:00+00:00,227.79,228.5,226.67,227.8,1659606.0,227.695,6309
2024-12-26 15:00:00+00:00,227.78,228.18,227.05,227.52,1493904.0,227.737,7389
2024-12-26 16:00:00+00:00,227.5,227.69,227.02,227.47,992231.0,227.382,5219
2024-12-26 17:00:00+00:00,227.45,228.3,227.22,227.56,1591320.0,227.835,6599
2024-12-26 18:00:00+00:00,227.58,228.09,227.57,227.79,770306.0,227.869,3657
2024-12-26 19:00:00+00:00,227.79,228.36,227.48,228.26,930388.0,227.887,4865
2024-12-26 20:00:00+00:00,228.25,228.41,226.93,227.09,1684206.0,227.708,9633
2024-12-27 14:30:00+00:00,225.6,226.03,222.55,222.8,2550718.0,223.898,11146
2024-12-27 15:00:00+00:00,222.83,223.0,220.9,221.94,3222985.0,221.67,15959
2024-12-27 16:00:00+00:00,221.89,222.76,221.28,221.88,2017565.0,221.988,9436
2024-12-27 17:00:00+00:00,221.89,222.53,221.41,222.2,1350633.0,221.897,5806
2024-12-27 18:00:00+00:00,222.18,223.43,222.07,223.18,1296828.0,222.626,6545
2024-12-27 19:00:00+00:00,223.17,223.81,222.65,223.66,1244096.0,223.21,6801
2024-12-27 20:00:00+00:00,223.64,224.24,222.92,223.89,3290985.0,223.539,18834
2024-12-30 14:30:00+00:00,220.08,220.23,218.84,218.91,3144921.0,219.704,14036
2024-12-30 15:00:00+00:00,218.92,220.16,218.43,219.66,2813134.0,219.161,16375
2024-12-30 16:00:00+00:00,219.65,221.24,219.41,221.17,2009984.0,220.386,10829
2024-12-30 17:00:00+00:00,221.16,222.22,220.71,222.13,1658043.0,221.376,9301
2024-12-30 18:00:00+00:00,222.14,222.33,221.27,222.13,1141742.0,221.887,6064
2024-12-30 19:00:00+00:00,222.13,222.65,221.49,222.52,1095131.0,222.109,5668
2024-12-30 20:00:00+00:00,222.51,223.0,221.18,221.21,2660584.0,222.117,15517
2024-12-31 14:30:00+00:00,222.97,223.23,221.07,222.28,1825773.0,222.039,7782
2024-12-31 15:00:00+00:00,222.27,222.37,221.16,221.45,1936733.0,221.64,10805
2024-12-31 16:00:00+00:00,221.44,221.47,220.36,221.0,1326280.0,220.802,7400
2024-12-31 17:00:00+00:00,221.04,221.24,219.7,220.77,1289002.0,220.454,6965
2024-12-31 18:00:00+00:00,220.77,221.14,219.73,220.2,991534.0,220.271,5633
2024-12-31 19:00:00+00:00,220.21,220.8,219.86,220.77,1131362.0,220.257,6296
2024-12-31 20:00:00+00:00,220.76,221.34,218.94,219.39,3858611.0,219.879,23903
2025-01-02 14:30:00+00:00,222.44,224.19,220.61,224.03,4638573.0,222.227,22757
2025-01-02 15:00:00+00:00,224.06,225.15,221.75,222.68,3820319.0,223.49,20297
2025-01-02 16:00:00+00:00,222.7,224.0,221.71,223.0,2117913.0,222.943,11592
2025-01-02 17:00:00+00:00,223.03,223.62,218.19,219.32,2820289.0,220.413,13781
2025-01-02 18:00:00+00:00,219.33,219.89,218.57,219.19,1948812.0,219.095,11592
2025-01-02 19:00:00+00:00,219.19,220.41,219.01,219.66,1763519.0,219.73,10731
2025-01-02 20:00:00+00:00,219.66,220.76,219.65,220.25,2875777.0,220.197,17692
2025-01-03 14:30:00+00:00,222.48,225.36,222.0,224.19,3323503.0,223.984,14008
2025-01-03 15:00:00+00:00,224.18,224.37,221.62,222.78,2984017.0,222.792,15508
2025-01-03 16:00:00+00:00,222.75,224.74,222.21,224.37,2093440.0,223.63,10977
2025-01-03 17:00:00+00:00,224.37,224.75,223.39,223.43,1364793.0,224.054,7108
2025-01-03 18:00:00+00:00,223.43,224.3,223.11,223.55,1201349.0,223.74,6113
2025-01-03 19:00:00+00:00,223.55,224.5,223.43,223.99,1096659.0,224.095,5577
2025-01-03 20:00:00+00:00,223.98,224.39,223.36,224.2,2715483.0,223.907,15710
2025-01-06 14:30:00+00:00,226.82,227.9,224.84,226.06,4097003.0,226.095,14843
2025-01-06 15:00:00+00:00,226.08,228.84,225.43,228.24,4195839.0,227.311,19730
2025-01-06 16:00:00+00:00,228.22,228.69,227.69,228.43,1942994.0,228.243,9478
2025-01-06 17:00:00+00:00,228.33,228.33,226.77,227.21,1578669.0,227.546,8134
2025-01-06 18:00:00+00:00,227.22,227.22,226.14,226.22,1072966.0,226.77,5604
2025-01-06 19:00:00+00:00,226.22,226.51,225.83,225.87,1211716.0,226.15,6505
2025-01-06 20:00:00+00:00,225.86,227.71,225.74,227.61,2991784.0,227.086,17120
2025-01-07 14:30:00+00:00,227.82,228.39,225.83,225.94,2961632.0,226.901,12379
2025-01-07 15:00:00+00:00,225.94,225.94,222.14,223.92,3816146.0,223.779,20069
2025-01-07 16:00:00+00:00,223.94,224.28,222.82,222.92,1922352.0,223.675,9795
2025-01-07 17:00:00+00:00,222.94,223.32,222.43,222.98,1246725.0,222.907,6860
2025-01-07 18:00:00+00:00,222.97,223.77,222.92,223.06,1212461.0,223.261,6373
2025-01-07 19:00:00+00:00,223.06,223.43,222.53,222.65,1260301.0,223.021,6329
2025-01-07 20:00:00+00:00,222.64,222.68,221.46,222.08,3246961.0,222.039,18652
2025-01-08 14:30:00+00:00,223.2,223.22,221.85,222.59,2049137.0,222.718,10344
2025-01-08 15:00:00+00:00,222.56,222.82,220.2,221.55,2285474.0,221.391,12804
2025-01-08 16:00:00+00:00,221.56,222.74,220.9,222.36,1305418.0,221.835,6600
2025-01-08 17:00:00+00:00,222.36,222.36,220.32,221.56,1213958.0,221.22,6666
2025-01-08 18:00:00+00:00,221.56,223.17,221.5,222.19,1260821.0,222.533,7335
2025-01-08 19:00:00+00:00,222.21,223.52,221.8,221.92,1385481.0,222.569,8479
2025-01-08 20:00:00+00:00,221.95,222.5,221.27,222.21,2387832.0,221.902,15354
2025-01-10 14:30:00+00:00,221.46,221.71,217.52,218.25,4395199.0,219.645,22778
2025-01-10 15:00:00+00:00,218.22,219.69,216.5,218.31,4033533.0,217.932,21802
2025-01-10 16:00:00+00:00,218.36,218.49,217.16,217.18,2407329.0,217.655,12815
2025-01-10 17:00:00+00:00,217.18,218.95,216.96,218.81,1808360.0,217.773,9620
2025-01-10 18:00:00+00:00,218.8,220.79,218.55,220.74,1857511.0,219.791,9248
2025-01-10 19:00:00+00:00,220.75,220.84,219.12,219.66,1665870.0,219.744,9368
2025-01-10 20:00:00+00:00,219.66,219.92,218.35,218.89,3570001.0,219.036,22308
2025-01-13 14:30:00+00:00,218.06,219.4,216.47,218.37,3212156.0,217.719,15419
2025-01-13 15:00:00+00:00,218.36,219.2,217.37,217.64,2417292.0,218.232,12171
2025-01-13 16:00:00+00:00,217.64,217.95,216.82,216.86,1827269.0,217.341,9777
2025-01-13 17:00:00+00:00,216.85,218.5,216.61,218.38,1625406.0,217.595,7334
2025-01-13 18:00:00+00:00,218.38,219.24,218.33,218.68,1480155.0,218.711,7915
2025-01-13 19:00:00+00:00,218.67,218.79,217.66,218.74,1500230.0,218.32,8812
2025-01-13 20:00:00+00:00,218.73,219.02,218.09,218.5,2489090.0,218.558,16057
2025-01-14 14:30:00+00:00,220.56,221.82,219.63,220.3,2733108.0,220.8,12025
2025-01-14 15:00:00+00:00,220.31,221.35,218.88,218.97,2301687.0,220.134,12941
2025-01-14 16:00:00+00:00,218.98,219.17,217.37,217.46,1992925.0,218.383,10234
2025-01-14 17:00:00+00:00,217.43,217.95,216.56,217.6,1580479.0,217.376,7479
2025-01-14 18:00:00+00:00,217.57,219.39,217.48,219.15,1448018.0,218.507,7669
2025-01-14 19:00:00+00:00,219.15,219.48,217.23,217.29,1253568.0,218.795,7423
2025-01-14 20:00:00+00:00,217.29,217.78,216.2,217.77,2903680.0,217.036,17309
2025-01-15 14:30:00+00:00,222.83,223.48,221.75,222.69,3763185.0,222.608,15708
2025-01-15 15:00:00+00:00,222.69,223.44,221.46,221.53,2946113.0,222.757,15434
2025-01-15 16:00:00+00:00,221.52,222.33,220.75,220.9,2132419.0,221.535,11300
2025-01-15 17:00:00+00:00,220.91,222.18,220.81,221.58,1722655.0,221.642,9682
2025-01-15 18:00:00+00:00,221.58,222.6,221.56,222.38,1334258.0,222.135,7469
2025-01-15 19:00:00+00:00,222.38,222.85,222.21,222.67,1435457.0,222.546,8250
2025-01-15 20:00:00+00:00,222.69,223.57,222.66,223.34,3121971.0,223.151,17248
2025-01-16 14:30:00+00:00,224.49,224.65,222.66,223.38,2170543.0,223.409,9149
2025-01-16 15:00:00+00:00,223.38,223.6,222.53,223.56,2201279.0,223.132,11338
2025-01-16 16:00:00+00:00,223.55,224.51,222.52,222.82,2043244.0,223.642,10519
2025-01-16 17:00:00+00:00,222.79,222.88,222.05,222.11,1174345.0,222.373,6622
2025-01-16 18:00:00+00:00,222.1,222.32,220.31,220.54,1702785.0,221.195,8795
2025-01-16 19:00:00+00:00,220.53,221.85,220.38,221.71,1368607.0,221.173,7014
2025-01-16 20:00:00+00:00,221.71,222.02,220.51,220.66,2012083.0,221.163,12091
2025-01-17 14:30:00+00:00,225.94,226.26,223.71,223.84,9448753.0,225.738,17445
2025-01-17 15:00:00+00:00,223.84,224.6,223.08,223.94,2657542.0,223.907,13518
2025-01-17 16:00:00+00:00,223.92,225.58,223.46,224.66,2576771.0,224.665,13660
2025-01-17 17:00:00+00:00,224.66,225.02,224.27,224.94,1722906.0,224.762,8498
2025-01-17 18:00:00+00:00,224.92,225.85,224.73,225.23,1699168.0,225.374,9510
2025-01-17 19:00:00+00:00,225.21,226.45,225.18,226.26,2809180.0,225.825,13513
2025-01-17 20:00:00+00:00,226.25,226.51,225.5,225.95,3442550.0,225.947,19388
2025-01-21 14:30:00+00:00,228.9,230.99,227.64,228.25,5670733.0,229.419,26381
2025-01-21 15:00:00+00:00,228.25,229.0,226.94,228.89,2837919.0,228.028,15110
2025-01-21 16:00:00+00:00,228.89,231.48,228.33,231.18,3095071.0,229.978,15280
2025-01-21 17:00:00+00:00,231.17,231.78,230.86,231.31,2557063.0,231.323,12084
2025-01-21 18:00:00+00:00,231.31,231.74,230.93,231.6,1742556.0,231.241,8478
2025-01-21 19:00:00+00:00,231.57,231.67,230.39,230.9,1697852.0,230.875,8172
2025-01-21 20:00:00+00:00,230.88,231.18,230.13,230.7,3147137.0,230.703,16306
2025-01-22 14:30:00+00:00,232.12,234.02,231.19,233.98,4483972.0,232.351,20790
2025-01-22 15:00:00+00:00,233.93,235.44,233.6,234.38,4851535.0,234.734,23066
2025-01-22 16:00:00+00:00,234.38,235.24,233.82,235.07,2463651.0,234.585,12235
2025-01-22 17:00:00+00:00,235.04,235.14,233.94,234.34,1957871.0,234.442,9014
2025-01-22 18:00:00+00:00,234.35,234.43,232.61,232.72,1984197.0,233.334,9086
2025-01-22 19:00:00+00:00,232.72,233.7,232.65,233.44,1814056.0,233.205,8776
2025-01-22 20:00:00+00:00,233.42,235.33,233.29,235.01,4532137.0,234.357,23797
2025-01-23 14:30:00+00:00,233.51,234.38,231.51,233.18,3407159.0,233.333,14193
2025-01-23 15:00:00+00:00,233.19,235.07,233.07,234.29,2482791.0,234.099,12650
2025-01-23 16:00:00+00:00,234.28,234.68,233.64,233.93,2176891.0,234.174,10050
2025-01-23 17:00:00+00:00,233.93,233.93,233.13,233.53,1512407.0,233.457,8020
2025-01-23 18:00:00+00:00,233.53,234.03,233.32,233.75,1293308.0,233.69,6847
2025-01-23 19:00:00+00:00,233.74,233.93,233.25,233.9,1210917.0,233.583,6849
2025-01-23 20:00:00+00:00,233.9,235.52,233.74,235.4,3040907.0,234.793,17720
2025-01-24 14:30:00+00:00,234.5,236.4,234.41,236.0,2541045.0,235.57,11190
2025-01-24 15:00:00+00:00,236.03,236.37,234.05,234.24,2389663.0,235.015,12068
2025-01-24 16:00:00+00:00,234.22,234.8,233.7,233.81,1542695.0,234.303,7848
2025-01-24 17:00:00+00:00,233.79,234.1,233.66,233.81,1269896.0,233.887,6023
2025-01-24 18:00:00+00:00,233.78,234.1,233.33,233.51,1283637.0,233.728,7195
2025-01-24 19:00:00+00:00,233.48,233.75,232.93,233.1,1455608.0,233.267,7611
2025-01-24 20:00:00+00:00,233.11,235.05,233.09,234.85,2817298.0,234.166,15717
2025-01-27 14:30:00+00:00,226.27,229.75,225.86,229.63,6275712.0,227.976,27512
2025-01-27 15:00:00+00:00,229.61,233.86,228.95,232.39,5265877.0,231.49,26446
2025-01-27 16:00:00+00:00,232.42,233.93,231.9,232.73,3183864.0,232.573,16128
2025-01-27 17:00:00+00:00,232.76,233.52,231.01,231.71,2552341.0,232.184,12511
2025-01-27 18:00:00+00:00,231.74,233.27,231.5,233.12,2326687.0,232.479,13047
2025-01-27 19:00:00+00:00,233.14,234.55,232.15,232.36,2717387.0,233.392,14423
2025-01-27 20:00:00+00:00,232.36,235.61,231.45,235.41,5583431.0,233.751,31421
2025-01-28 14:30:00+00:00,234.29,237.35,233.98,237.01,4473406.0,235.292,20290
2025-01-28 15:00:00+00:00,236.98,240.83,236.94,240.81,6420626.0,239.145,29377
2025-01-28 16:00:00+00:00,240.82,241.13,238.99,240.04,3294532.0,240.128,14865
2025-01-28 17:00:00+00:00,240.06,241.77,239.92,240.58,2674312.0,240.87,14081
2025-01-28 18:00:00+00:00,240.55,240.63,238.79,239.25,2149516.0,239.646,10925
2025-01-28 19:00:00+00:00,239.26,240.13,238.69,239.58,1698737.0,239.438,9011
2025-01-28 20:00:00+00:00,239.59,239.6,238.0,238.22,3661545.0,238.614,22228
2025-01-29 14:30:00+00:00,239.02,240.39,236.79,237.12,2694065.0,238.152,12153
2025-01-29 15:00:00+00:00,237.14,238.93,236.55,238.41,2514419.0,237.882,11843
2025-01-29 16:00:00+00:00,238.39,238.53,237.19,237.54,1493417.0,237.814,7309
2025-01-29 17:00:00+00:00,237.52,238.65,237.37,237.58,1184697.0,238.038,6448
2025-01-29 18:00:00+00:00,237.6,238.03,236.56,237.62,1252161.0,237.291,7424
2025-01-29 19:00:00+00:00,237.57,238.3,236.15,237.78,2174918.0,237.262,12823
2025-01-29 20:00:00+00:00,237.76,238.28,236.31,237.05,2777325.0,237.362,16775
2025-01-30 14:30:00+00:00,237.36,237.95,234.55,237.01,3927043.0,236.248,20458
2025-01-30 15:00:00+00:00,237.01,237.03,233.23,233.23,2910034.0,235.311,16082
2025-01-30 16:00:00+00:00,233.25,235.39,232.22,235.14,2814102.0,233.56,15650
2025-01-30 17:00:00+00:00,235.14,235.76,234.04,234.41,1342019.0,234.678,7872
2025-01-30 18:00:00+00:00,234.42,235.74,234.33,235.65,1189246.0,235.043,6690
2025-01-30 19:00:00+00:00,235.66,235.97,234.87,235.96,1255657.0,235.25,7077
2025-01-30 20:00:00+00:00,235.96,236.21,234.33,234.6,3349136.0,235.194,21359
2025-01-31 14:30:00+00:00,236.75,239.73,236.41,239.24,4060274.0,238.349,18246
2025-01-31 15:00:00+00:00,239.23,239.64,237.8,239.3,3332677.0,238.701,17587
2025-01-31 16:00:00+00:00,239.28,239.83,238.46,239.58,2239087.0,239.182,12756
2025-01-31 17:00:00+00:00,239.59,239.88,238.58,239.41,1559431.0,239.436,8647
2025-01-31 18:00:00+00:00,239.42,240.29,238.18,238.68,2529474.0,239.388,12970
2025-01-31 19:00:00+00:00,238.67,238.97,236.93,238.19,1963465.0,238.148,10169
2025-01-31 20:00:00+00:00,238.16,239.19,236.96,237.62,3888434.0,237.611,24024
2025-02-03 14:30:00+00:00,233.96,238.3,233.61,235.51,6032729.0,235.716,25263
2025-02-03 15:00:00+00:00,235.49,236.61,232.9,236.39,5576994.0,234.808,29423
2025-02-03 16:00:00+00:00,236.39,238.42,235.8,237.86,3030186.0,237.341,16067
2025-02-03 17:00:00+00:00,237.91,239.25,237.29,238.06,2473064.0,238.221,12173
2025-02-03 18:00:00+00:00,238.06,238.55,237.45,238.08,1252930.0,238.147,7261
2025-02-03 19:00:00+00:00,238.06,238.27,237.48,237.58,1438840.0,237.931,7870
2025-02-03 20:00:00+00:00,237.59,238.19,237.35,237.47,2833727.0,237.797,16533
2025-02-04 14:30:00+00:00,238.82,240.05,238.03,239.79,2850163.0,238.998,10153
2025-02-04 15:00:00+00:00,239.81,242.33,239.62,241.47,3987624.0,241.069,19851
2025-02-04 16:00:00+00:00,241.49,242.52,241.46,242.3,2194540.0,242.01,10856
2025-02-04 17:00:00+00:00,242.32,242.33,241.03,241.72,1575303.0,241.553,8471
2025-02-04 18:00:00+00:00,241.72,242.05,240.76,241.69,1482867.0,241.425,7222
2025-02-04 19:00:00+00:00,241.67,242.51,241.54,241.93,1640284.0,242.036,8348
2025-02-04 20:00:00+00:00,241.93,242.42,241.51,242.1,2682888.0,241.946,15874
2025-02-05 14:30:00+00:00,236.97,237.76,235.5,237.0,6096846.0,236.682,28730
2025-02-05 15:00:00+00:00,237.03,237.94,235.76,236.49,4564922.0,236.9,23747
2025-02-05 16:00:00+00:00,236.48,236.84,235.2,236.61,3157235.0,235.924,16057
2025-02-05 17:00:00+00:00,236.59,237.31,236.54,237.08,1965122.0,236.919,9094
2025-02-05 18:00:00+00:00,237.11,238.32,236.65,236.74,2126394.0,237.259,9627
2025-02-05 19:00:00+00:00,236.73,237.1,235.96,236.14,2306985.0,236.412,11745
2025-02-05 20:00:00+00:00,236.15,236.51,235.59,236.13,4168277.0,236.081,22296
2025-02-06 14:30:00+00:00,238.01,239.5,237.25,237.45,4073517.0,237.982,16627
2025-02-06 15:00:00+00:00,237.42,238.01,236.67,237.41,3671434.0,237.395,18695
2025-02-06 16:00:00+00:00,237.38,238.0,236.01,236.23,2796918.0,237.096,14374
2025-02-06 17:00:00+00:00,236.25,237.74,236.1,237.44,3360144.0,237.205,14792
2025-02-06 18:00:00+00:00,237.45,238.67,237.33,238.55,2687974.0,237.952,12746
2025-02-06 19:00:00+00:00,238.54,239.28,237.12,237.42,3474364.0,238.17,17165
2025-02-06 20:00:00+00:00,237.41,239.66,237.23,238.74,7171451.0,238.266,38428
2025-02-07 14:30:00+00:00,232.66,234.81,231.33,232.8,11942882.0,233.374,52880
2025-02-07 15:00:00+00:00,232.75,232.8,228.5,230.3,10641121.0,230.134,50170
2025-02-07 16:00:00+00:00,230.3,230.75,228.66,229.02,4947378.0,229.547,24237
2025-02-07 17:00:00+00:00,229.02,230.18,228.06,229.82,4503397.0,229.276,22074
2025-02-07 18:00:00+00:00,229.82,230.99,229.5,229.54,3134819.0,230.271,16487
2025-02-07 19:00:00+00:00,229.53,229.7,228.63,229.13,2857318.0,229.098,14485
2025-02-07 20:00:00+00:00,229.11,230.04,228.7,229.27,6105847.0,229.257,32920
2025-02-10 14:30:00+00:00,230.59,231.55,229.2,231.24,4923785.0,230.399,19817
2025-02-10 15:00:00+00:00,231.25,233.84,231.12,232.91,5528474.0,232.824,27246
2025-02-10 16:00:00+00:00,232.9,233.28,232.33,232.79,2241843.0,232.77,12136
2025-02-10 17:00:00+00:00,232.78,232.79,231.37,232.53,2022933.0,232.086,10137
2025-02-10 18:00:00+00:00,232.53,233.02,232.24,232.99,1390960.0,232.569,7310
2025-02-10 19:00:00+00:00,232.99,233.5,232.62,233.42,1541018.0,233.12,8225
2025-02-10 20:00:00+00:00,233.44,233.92,232.94,233.13,3173830.0,233.413,18481
2025-02-11 14:30:00+00:00,231.99,233.41,231.66,232.77,2308988.0,232.602,8206
2025-02-11 15:00:00+00:00,232.74,233.44,231.55,231.63,2508969.0,232.611,12310
2025-02-11 16:00:00+00:00,231.62,231.72,230.64,230.86,2171660.0,231.199,11436
2025-02-11 17:00:00+00:00,230.86,231.41,230.13,231.26,1455074.0,230.815,7658
2025-02-11 18:00:00+00:00,231.25,232.34,231.16,231.97,1430453.0,231.858,7207
2025-02-11 19:00:00+00:00,231.95,232.51,231.44,232.44,1206194.0,231.972,6114
2025-02-11 20:00:00+00:00,232.46,232.85,232.01,232.81,2191364.0,232.465,12274
2025-02-12 14:30:00+00:00,230.46,231.15,228.16,229.68,3675435.0,229.432,16389
2025-02-12 15:00:00+00:00,229.7,230.74,228.19,230.34,3399736.0,229.425,16690
2025-02-12 16:00:00+00:00,230.35,230.4,229.29,230.2,1768237.0,229.808,8764
2025-02-12 17:00:00+00:00,230.18,231.13,230.09,231.05,1751499.0,230.563,8515
2025-02-12 18:00:00+00:00,231.04,231.18,230.55,230.67,1128061.0,230.861,5706
2025-02-12 19:00:00+00:00,230.68,230.98,230.3,230.74,1674861.0,230.669,7989
2025-02-12 20:00:00+00:00,230.76,230.79,228.45,228.91,4110263.0,229.304,22477
2025-02-13 14:30:00+00:00,228.86,229.35,227.52,228.54,2856326.0,228.427,11852
2025-02-13 15:00:00+00:00,228.56,230.33,228.32,229.96,3024511.0,229.477,14680
2025-02-13 16:00:00+00:00,229.97,230.05,227.97,228.27,2136177.0,228.982,11469
2025-02-13 17:00:00+00:00,228.27,228.86,227.8,227.89,1863570.0,228.188,8406
2025-02-13 18:00:00+00:00,227.85,228.71,227.63,228.69,1644577.0,228.101,8771
2025-02-13 19:00:00+00:00,228.68,229.95,228.48,229.82,1526438.0,229.323,8058
2025-02-13 20:00:00+00:00,229.79,230.42,228.84,230.36,4205097.0,229.744,21368
2025-02-14 14:30:00+00:00,229.19,229.89,228.07,229.0,3265037.0,228.818,14846
2025-02-14 15:00:00+00:00,229.02,229.28,227.23,228.26,3454790.0,228.139,16486
2025-02-14 16:00:00+00:00,228.26,228.88,228.02,228.53,1708621.0,228.479,8354
2025-02-14 17:00:00+00:00,228.52,229.29,228.13,229.19,1194509.0,228.564,5917
2025-02-14 18:00:00+00:00,229.18,229.33,228.57,228.62,1233280.0,228.948,6417
2025-02-14 19:00:00+00:00,228.63,229.16,228.59,228.94,1067548.0,228.889,5827
2025-02-14 20:00:00+00:00,228.92,229.18,228.46,228.68,3355430.0,228.694,18960
2025-02-18 14:30:00+00:00,228.82,229.3,227.62,227.75,3553129.0,228.493,13487
2025-02-18 15:00:00+00:00,227.79,227.84,225.02,225.56,5105098.0,225.933,24014
2025-02-18 16:00:00+00:00,225.55,225.61,224.26,224.36,3773037.0,224.815,19403
2025-02-18 17:00:00+00:00,224.36,225.05,223.84,225.03,2864929.0,224.341,13367
2025-02-18 18:00:00+00:00,225.01,225.25,223.72,224.28,2524056.0,224.288,13445
2025-02-18 19:00:00+00:00,224.28,224.69,223.79,224.51,1866191.0,224.305,10442
2025-02-18 20:00:00+00:00,224.52,226.68,224.27,226.67,4633330.0,225.426,24714
2025-02-19 14:30:00+00:00,225.46,226.16,224.18,224.95,2649684.0,225.271,10552
2025-02-19 15:00:00+00:00,224.95,225.02,223.71,224.41,3291274.0,224.236,17127
2025-02-19 16:00:00+00:00,224.41,225.0,224.21,224.96,1631104.0,224.601,8510
2025-02-19 17:00:00+00:00,224.97,225.33,224.28,224.45,1645076.0,224.754,8487
2025-02-19 18:00:00+00:00,224.45,225.08,224.03,224.79,1433777.0,224.605,8164
2025-02-19 19:00:00+00:00,224.8,226.24,224.75,226.21,2023155.0,225.559,9726
2025-02-19 20:00:00+00:00,226.2,226.83,225.84,226.67,2594044.0,226.358,14994
2025-02-20 14:30:00+00:00,224.78,225.13,222.63,222.78,3551416.0,224.109,15771
2025-02-20 15:00:00+00:00,222.8,223.79,221.88,222.08,3612929.0,222.901,19957
2025-02-20 16:00:00+00:00,222.08,223.06,221.81,222.38,2139639.0,222.486,11462
2025-02-20 17:00:00+00:00,222.37,223.04,222.11,222.58,1386537.0,222.582,7200
2025-02-20 18:00:00+00:00,222.58,222.58,222.18,222.28,1274730.0,222.376,7722
2025-02-20 19:00:00+00:00,222.26,222.84,222.05,222.49,1493045.0,222.437,8622
2025-02-20 20:00:00+00:00,222.5,223.5,222.36,222.87,3249309.0,222.725,18756
2025-02-21 14:30:00+00:00,223.18,223.34,220.87,221.08,4400237.0,222.344,14853
2025-02-21 15:00:00+00:00,220.8,221.16,218.07,219.4,5581032.0,219.688,29087
2025-02-21 16:00:00+00:00,219.41,219.76,218.56,218.88,2796404.0,219.245,15946
2025-02-21 17:00:00+00:00,218.86,218.9,216.54,216.95,4218438.0,217.473,22600
2025-02-21 18:00:00+00:00,216.97,217.05,215.51,215.77,4214623.0,216.205,22744
2025-02-21 19:00:00+00:00,215.78,216.15,214.75,215.46,4015101.0,215.373,23082
2025-02-21 20:00:00+00:00,215.45,216.85,215.35,216.49,5934020.0,216.159,34861
2025-02-24 14:30:00+00:00,217.52,217.72,214.48,214.55,4165130.0,216.209,20106
2025-02-24 15:00:00+00:00,214.55,214.68,212.72,213.32,4781247.0,213.713,26358
2025-02-24 16:00:00+00:00,213.31,214.57,213.08,214.06,2928352.0,213.869,16760
2025-02-24 17:00:00+00:00,214.07,215.26,213.93,214.73,2028751.0,214.699,11047
2025-02-24 18:00:00+00:00,214.72,215.15,214.36,214.6,1491215.0,214.794,8829
2025-02-24 19:00:00+00:00,214.58,214.86,213.95,214.04,1794051.0,214.429,10545
2025-02-24 20:00:00+00:00,214.06,214.6,212.44,212.73,5454383.0,213.422,31311
2025-02-25 14:30:00+00:00,211.63,212.6,209.44,210.6,4970856.0,211.187,21860
2025-02-25 15:00:00+00:00,210.59,210.61,206.15,206.9,9023878.0,207.736,49750
2025-02-25 16:00:00+00:00,206.92,208.0,204.16,207.97,6901923.0,206.154,35759
2025-02-25 17:00:00+00:00,207.97,209.44,207.19,209.41,3358613.0,208.045,17014
2025-02-25 18:00:00+00:00,209.39,211.08,209.37,210.79,3521964.0,210.169,18980
2025-02-25 19:00:00+00:00,210.77,211.96,210.19,211.48,2529372.0,211.122,14433
2025-02-25 20:00:00+00:00,211.49,213.34,211.39,212.8,5814138.0,212.559,32134
2025-02-26 14:30:00+00:00,214.81,216.88,214.2,216.85,4907437.0,215.193,22439
2025-02-26 15:00:00+00:00,216.86,218.16,215.87,217.12,5763396.0,217.127,31094
2025-02-26 16:00:00+00:00,217.14,217.35,216.45,216.65,2514811.0,216.938,14010
2025-02-26 17:00:00+00:00,216.68,217.52,215.28,215.52,2328760.0,216.605,13910
2025-02-26 18:00:00+00:00,215.52,215.61,213.65,213.8,2542103.0,214.875,12313
2025-02-26 19:00:00+00:00,213.78,214.3,213.09,213.49,2187693.0,213.814,11417
2025-02-26 20:00:00+00:00,213.5,214.52,213.15,214.27,3038013.0,213.989,17861
2025-02-27 14:30:00+00:00,218.45,219.97,212.17,212.68,5664301.0,216.518,23939
2025-02-27 15:00:00+00:00,212.67,215.15,211.6,213.84,4335015.0,213.818,20458
2025-02-27 16:00:00+00:00,213.87,215.51,213.12,213.29,2315349.0,214.477,12456
2025-02-27 17:00:00+00:00,213.3,213.97,212.71,213.28,1425496.0,213.277,7646
2025-02-27 18:00:00+00:00,213.28,214.02,213.08,213.31,1458139.0,213.628,8006
2025-02-27 19:00:00+00:00,213.31,213.35,210.15,210.92,2885526.0,211.366,16545
2025-02-27 20:00:00+00:00,210.93,210.94,208.37,208.82,5591595.0,209.386,33211
2025-02-28 14:30:00+00:00,208.65,209.12,206.99,208.43,4016398.0,208.27,18554
2025-02-28 15:00:00+00:00,208.36,210.68,208.29,210.39,3970347.0,209.659,19810
2025-02-28 16:00:00+00:00,210.38,210.88,209.21,209.29,2580807.0,210.027,14995
2025-02-28 17:00:00+00:00,209.3,210.11,207.83,207.91,2160679.0,208.962,11836
2025-02-28 18:00:00+00:00,207.92,208.99,207.38,207.62,2345126.0,208.123,13481
2025-02-28 19:00:00+00:00,207.59,209.44,207.56,209.31,2216524.0,208.551,12323
2025-02-28 20:00:00+00:00,209.31,212.62,208.74,212.28,7095663.0,211.067,39397
2025-03-03 14:30:00+00:00,213.17,214.01,209.43,209.91,4325912.0,211.949,20647
2025-03-03 15:00:00+00:00,209.9,210.97,208.88,209.07,2952909.0,210.044,17099
2025-03-03 16:00:00+00:00,209.07,209.99,207.78,208.86,2818616.0,208.827,16477
2025-03-03 17:00:00+00:00,208.7,209.54,208.56,209.13,1828073.0,209.082,9061
2025-03-03 18:00:00+00:00,209.11,209.24,206.66,207.89,2752669.0,207.715,15648
2025-03-03 19:00:00+00:00,207.86,208.31,206.08,206.15,2362351.0,207.376,14530
2025-03-03 20:00:00+00:00,206.16,206.16,202.55,205.06,7554820.0,204.246,45020
2025-03-04 14:30:00+00:00,200.0,202.1,199.01,199.92,8064980.0,200.281,38749
2025-03-04 15:00:00+00:00,199.89,199.99,197.43,199.36,7824358.0,198.971,45802
2025-03-04 16:00:00+00:00,199.33,202.16,198.54,201.47,4888057.0,200.178,27488
2025-03-04 17:00:00+00:00,201.46,203.45,201.08,202.35,4157776.0,202.295,23849
2025-03-04 18:00:00+00:00,202.35,204.56,202.03,204.32,2660304.0,203.415,15347
2025-03-04 19:00:00+00:00,204.3,205.86,204.3,205.53,3196949.0,205.089,19692
2025-03-04 20:00:00+00:00,205.51,206.8,203.02,203.85,5939065.0,204.844,38002
2025-03-05 14:30:00+00:00,204.78,205.35,203.26,203.87,3107611.0,204.448,13787
2025-03-05 15:00:00+00:00,203.91,206.55,203.91,206.06,3526681.0,205.59,19622
2025-03-05 16:00:00+00:00,206.02,206.02,204.07,205.03,2640083.0,204.934,15291
2025-03-05 17:00:00+00:00,205.02,208.18,204.95,208.18,3098128.0,206.756,16796
2025-03-05 18:00:00+00:00,208.18,208.68,206.9,208.63,2571448.0,207.863,15046
2025-03-05 19:00:00+00:00,208.63,209.98,208.25,208.59,2668869.0,209.067,15620
2025-03-05 20:00:00+00:00,208.59,209.64,207.92,208.41,4258904.0,208.654,26938
2025-03-06 14:30:00+00:00,204.4,204.62,202.16,203.54,3709374.0,203.59,17273
2025-03-06 15:00:00+00:00,203.55,205.77,203.3,204.65,3901348.0,204.805,19350
2025-03-06 16:00:00+00:00,204.69,205.46,202.31,202.34,2847107.0,203.875,15362
2025-03-06 17:00:00+00:00,202.31,202.73,200.55,201.53,3731291.0,201.541,19510
2025-03-06 18:00:00+00:00,201.5,201.75,199.86,200.83,3413922.0,200.88,19777
2025-03-06 19:00:00+00:00,200.84,200.91,198.34,199.08,5642373.0,199.483,30162
2025-03-06 20:00:00+00:00,199.06,200.76,198.65,200.7,6839975.0,199.804,40117
2025-03-07 14:30:00+00:00,199.5,202.27,198.94,200.63,4475474.0,200.509,21656
2025-03-07 15:00:00+00:00,200.61,201.85,196.51,197.2,5904396.0,198.607,34766
2025-03-07 16:00:00+00:00,197.16,197.26,192.53,193.63,7477306.0,194.614,40803
2025-03-07 17:00:00+00:00,193.66,196.74,192.68,195.29,5938952.0,194.438,32218
2025-03-07 18:00:00+00:00,195.29,198.55,195.2,198.52,3794166.0,197.333,20754
2025-03-07 19:00:00+00:00,198.51,200.5,198.06,199.04,4665240.0,199.395,25704
2025-03-07 20:00:00+00:00,199.02,200.24,198.17,199.27,5439859.0,199.327,31900
2025-03-10 13:30:00+00:00,195.81,196.73,194.62,195.11,4521661.0,195.735,21065
2025-03-10 14:00:00+00:00,195.1,195.1,190.88,191.09,7874008.0,192.947,41456
2025-03-10 15:00:00+00:00,191.08,195.57,191.07,193.49,6040314.0,193.569,32277
2025-03-10 16:00:00+00:00,193.46,194.4,192.69,193.22,3422807.0,193.388,17302
2025-03-10 17:00:00+00:00,193.24,193.43,192.11,192.47,3342595.0,192.738,16909
2025-03-10 18:00:00+00:00,192.46,193.1,191.66,191.87,3181641.0,192.31,16748
2025-03-10 19:00:00+00:00,191.85,194.77,190.85,194.66,10471441.0,193.336,53197
2025-03-11 13:30:00+00:00,193.9,199.83,193.82,198.92,6526500.0,197.371,30195
2025-03-11 14:00:00+00:00,198.89,200.18,195.06,195.78,5821726.0,196.768,30504
2025-03-11 15:00:00+00:00,195.77,198.28,195.32,196.52,3345236.0,197.227,19381
2025-03-11 16:00:00+00:00,196.47,196.87,194.85,195.26,2772088.0,195.911,14518
2025-03-11 17:00:00+00:00,195.27,195.8,193.4,195.24,2792850.0,194.639,15194
2025-03-11 18:00:00+00:00,195.27,199.59,195.15,198.88,4215837.0,197.615,23274
2025-03-11 19:00:00+00:00,198.89,199.95,196.5,196.5,4836998.0,197.951,28077
2025-03-12 13:30:00+00:00,200.75,201.52,197.95,198.76,5822194.0,200.116,26926
2025-03-12 14:00:00+00:00,198.72,200.0,196.46,196.49,4488718.0,198.329,25100
2025-03-12 15:00:00+00:00,196.5,198.54,195.29,198.52,3504573.0,196.717,18937
2025-03-12 16:00:00+00:00,198.53,200.0,197.93,198.81,3698454.0,199.255,18347
2025-03-12 17:00:00+00:00,198.85,199.63,197.57,197.63,2233568.0,198.861,13499
2025-03-12 18:00:00+00:00,197.63,199.78,197.57,199.42,1760539.0,198.938,10451
2025-03-12 19:00:00+00:00,199.41,199.58,198.24,198.89,3674003.0,198.969,22223
2025-03-13 13:30:00+00:00,198.39,198.88,194.33,194.43,4306903.0,196.111,20121
2025-03-13 14:00:00+00:00,194.41,196.65,193.85,195.63,4698775.0,195.331,23998
2025-03-13 15:00:00+00:00,195.61,196.7,194.0,194.21,2581803.0,195.024,14955
2025-03-13 16:00:00+00:00,194.25,194.83,192.74,193.17,3463070.0,193.758,17811
2025-03-13 17:00:00+00:00,193.18,193.26,191.82,192.33,3210941.0,192.338,15195
2025-03-13 18:00:00+00:00,192.3,194.56,192.25,194.25,2519517.0,193.682,13075
2025-03-13 19:00:00+00:00,194.22,194.56,192.86,193.92,4332523.0,193.482,24643
2025-03-14 13:30:00+00:00,197.4,198.57,196.45,196.67,4170253.0,197.642,21591
2025-03-14 14:00:00+00:00,196.56,197.6,195.32,197.56,3558973.0,196.269,18921
2025-03-14 15:00:00+00:00,197.56,198.25,197.0,197.74,3210851.0,197.651,17130
2025-03-14 16:00:00+00:00,197.75,198.44,196.76,198.24,2143074.0,197.601,10905
2025-03-14 17:00:00+00:00,198.22,198.48,197.02,197.17,2009982.0,197.696,10860
2025-03-14 18:00:00+00:00,197.2,198.02,196.94,197.63,1998632.0,197.528,11293
2025-03-14 19:00:00+00:00,197.62,198.65,197.37,197.94,5003386.0,198.026,27775
2025-03-17 13:30:00+00:00,198.77,199.0,196.65,197.69,4613314.0,198.106,24050
2025-03-17 14:00:00+00:00,197.65,197.65,195.25,195.37,5256472.0,196.517,25716
2025-03-17 15:00:00+00:00,195.38,196.37,194.32,194.73,3695057.0,195.024,18875
2025-03-17 16:00:00+00:00,194.71,195.6,194.4,195.5,2979107.0,195.032,14659
2025-03-17 17:00:00+00:00,195.5,197.33,195.2,196.93,3532907.0,196.223,15347
2025-03-17 18:00:00+00:00,196.96,198.48,196.76,197.86,2939942.0,197.864,13620
2025-03-17 19:00:00+00:00,197.86,198.07,195.69,195.85,5461847.0,196.805,28031
2025-03-18 13:30:00+00:00,192.55,192.55,189.38,190.67,6065047.0,191.295,30382
2025-03-18 14:00:00+00:00,190.67,191.93,190.38,191.28,4110288.0,191.152,21291
2025-03-18 15:00:00+00:00,191.31,192.39,190.33,192.22,2568250.0,191.542,12860
2025-03-18 16:00:00+00:00,192.22,192.69,191.36,192.22,2562552.0,192.051,12794
2025-03-18 17:00:00+00:00,192.21,192.94,191.32,192.49,1879403.0,192.273,9917
2025-03-18 18:00:00+00:00,192.51,194.0,191.92,193.65,2098260.0,192.86,10760
2025-03-18 19:00:00+00:00,193.64,193.73,192.25,192.9,3698518.0,192.976,21063
2025-03-19 13:30:00+00:00,193.27,193.74,191.96,193.64,2866887.0,192.995,13635
2025-03-19 14:00:00+00:00,193.69,194.29,192.65,192.97,2890749.0,193.662,15582
2025-03-19 15:00:00+00:00,192.95,194.18,192.84,194.0,1922662.0,193.529,9677
2025-03-19 16:00:00+00:00,193.97,194.14,192.66,192.73,1868707.0,193.397,11065
2025-03-19 17:00:00+00:00,192.72,192.84,191.97,192.78,2211365.0,192.414,12094
2025-03-19 18:00:00+00:00,192.73,194.67,192.27,194.62,3446641.0,193.619,17916
2025-03-19 19:00:00+00:00,194.6,195.97,194.14,195.53,5905137.0,195.158,34768
2025-03-20 13:30:00+00:00,193.07,196.34,192.3,196.24,3516181.0,194.634,16465
2025-03-20 14:00:00+00:00,196.22,199.32,196.16,198.32,4841662.0,198.015,23987
2025-03-20 15:00:00+00:00,198.33,198.43,196.46,196.56,2971839.0,197.719,15711
2025-03-20 16:00:00+00:00,196.56,197.22,194.51,194.66,3183061.0,195.558,16137
2025-03-20 17:00:00+00:00,194.65,195.41,194.2,194.63,2387938.0,194.859,12964
2025-03-20 18:00:00+00:00,194.66,195.15,193.04,194.0,2825364.0,194.109,14367
2025-03-20 19:00:00+00:00,193.97,195.74,193.94,194.95,3742681.0,194.723,22816
2025-03-21 13:30:00+00:00,192.8,194.95,192.52,194.55,8322102.0,193.113,13676
2025-03-21 14:00:00+00:00,194.56,195.74,193.94,194.78,3352766.0,194.797,19466
2025-03-21 15:00:00+00:00,194.75,195.34,193.55,194.11,2365209.0,194.472,12823
2025-03-21 16:00:00+00:00,194.08,195.98,193.78,195.81,2745595.0,195.217,14330
2025-03-21 17:00:00+00:00,195.81,196.41,195.01,195.83,1598239.0,195.677,8467
2025-03-21 18:00:00+00:00,195.85,196.15,195.21,195.83,1595548.0,195.674,9016
2025-03-21 19:00:00+00:00,195.83,196.99,195.26,196.16,4395584.0,195.954,26005
2025-03-24 13:30:00+00:00,200.08,203.3,199.95,202.89,6592917.0,201.324,30743
2025-03-24 14:00:00+00:00,202.92,203.15,201.78,201.94,3754112.0,202.45,19933
2025-03-24 15:00:00+00:00,201.91,202.28,201.32,201.77,2362878.0,201.793,11688
2025-03-24 16:00:00+00:00,201.77,202.71,201.67,202.31,2242974.0,202.215,11605
2025-03-24 17:00:00+00:00,202.31,202.48,201.76,202.22,1580480.0,202.095,8423
2025-03-24 18:00:00+00:00,202.22,202.83,201.92,202.82,1790138.0,202.37,9858
2025-03-24 19:00:00+00:00,202.83,203.64,202.7,203.02,5042716.0,203.117,31655
2025-03-25 13:30:00+00:00,203.5,205.55,203.22,205.49,5002258.0,204.469,22893
2025-03-25 14:00:00+00:00,205.46,206.21,203.93,205.28,3800453.0,205.12,18567
2025-03-25 15:00:00+00:00,205.3,206.0,204.93,205.09,2288371.0,205.38,13343
2025-03-25 16:00:00+00:00,205.11,205.37,204.46,205.12,2162698.0,204.887,10702
2025-03-25 17:00:00+00:00,205.12,205.88,204.74,205.07,1457038.0,205.16,7321
2025-03-25 18:00:00+00:00,205.06,205.73,204.9,205.19,1435082.0,205.258,7561
2025-03-25 19:00:00+00:00,205.2,205.78,205.0,205.7,3311951.0,205.428,17773
2025-03-26 13:30:00+00:00,205.95,206.01,202.31,202.44,4030028.0,204.565,20127
2025-03-26 14:00:00+00:00,202.44,203.37,201.68,202.74,3400877.0,202.568,19966
2025-03-26 15:00:00+00:00,202.74,203.9,202.5,202.68,2560324.0,203.172,13867
2025-03-26 16:00:00+00:00,202.68,203.18,201.87,201.99,2085879.0,202.613,11167
2025-03-26 17:00:00+00:00,201.96,202.28,200.89,201.12,1963241.0,201.579,10282
2025-03-26 18:00:00+00:00,201.13,201.45,200.02,200.08,1934222.0,200.764,9713
2025-03-26 19:00:00+00:00,200.09,201.41,199.92,201.15,3642852.0,200.736,20725
2025-03-27 13:30:00+00:00,200.96,201.9,199.28,201.84,2924518.0,200.554,13650
2025-03-27 14:00:00+00:00,201.82,203.6,201.23,203.35,3344646.0,202.425,18806
2025-03-27 15:00:00+00:00,203.34,203.79,202.1,202.26,2030109.0,202.825,11745
2025-03-27 16:00:00+00:00,202.28,203.5,201.5,201.55,1568774.0,202.583,9286
2025-03-27 17:00:00+00:00,201.55,202.35,201.46,201.67,1488923.0,201.878,8239
2025-03-27 18:00:00+00:00,201.68,203.01,201.66,202.35,1371960.0,202.511,7882
2025-03-27 19:00:00+00:00,202.33,202.83,201.06,201.36,2446917.0,201.899,14918
2025-03-28 13:30:00+00:00,198.48,199.26,197.08,197.43,4639277.0,198.119,23405
2025-03-28 14:00:00+00:00,197.36,197.8,193.91,194.42,5671569.0,195.287,30252
2025-03-28 15:00:00+00:00,194.42,195.14,193.51,193.53,3110820.0,194.492,17069
2025-03-28 16:00:00+00:00,193.52,193.98,192.77,192.79,3152190.0,193.318,15870
2025-03-28 17:00:00+00:00,192.78,193.05,191.91,192.0,3228989.0,192.377,18020
2025-03-28 18:00:00+00:00,192.0,193.21,191.88,192.55,3918646.0,192.473,17246
2025-03-28 19:00:00+00:00,192.55,192.98,192.08,192.64,5420500.0,192.482,30082
2025-03-31 13:30:00+00:00,188.19,188.28,184.4,185.25,8661265.0,186.301,40810
2025-03-31 14:00:00+00:00,185.21,186.97,184.63,185.93,6630594.0,185.71,36669
2025-03-31 15:00:00+00:00,185.94,188.81,185.27,188.09,4737256.0,187.02,26212
2025-03-31 16:00:00+00:00,188.1,189.33,187.26,188.44,2606628.0,188.328,14062
2025-03-31 17:00:00+00:00,188.43,189.36,188.16,188.55,1841093.0,188.656,10530
2025-03-31 18:00:00+00:00,188.56,190.2,188.5,189.36,2510990.0,189.666,14112
2025-03-31 19:00:00+00:00,189.36,191.33,189.29,190.29,6425422.0,190.233,37940
2025-04-01 13:30:00+00:00,187.86,190.98,187.2,190.01,4040848.0,189.378,20241
2025-04-01 14:00:00+00:00,190.03,191.12,188.38,191.09,3715764.0,189.704,21695
2025-04-01 15:00:00+00:00,191.08,193.39,190.6,192.69,4398389.0,192.33,22096
2025-04-01 16:00:00+00:00,192.69,193.93,192.51,192.84,2955532.0,193.197,15169
2025-04-01 17:00:00+00:00,192.86,192.95,191.67,191.73,2360826.0,192.226,11765
2025-04-01 18:00:00+00:00,191.75,191.82,190.74,191.43,2522472.0,191.167,12202
2025-04-01 19:00:00+00:00,191.42,192.6,191.14,192.16,4026524.0,191.873,24089
2025-04-02 13:30:00+00:00,187.66,192.24,187.66,191.72,3798697.0,189.771,18828
2025-04-02 14:00:00+00:00,191.7,192.99,190.6,192.37,3001185.0,192.109,15307
2025-04-02 15:00:00+00:00,192.38,194.95,191.72,194.25,4786707.0,193.374,25566
2025-04-02 16:00:00+00:00,194.27,197.27,193.89,197.12,7878617.0,195.544,41071
2025-04-02 17:00:00+00:00,197.11,198.34,196.08,196.48,6032092.0,197.201,32711
2025-04-02 18:00:00+00:00,196.45,196.51,194.52,194.65,2682081.0,195.415,14888
2025-04-02 19:00:00+00:00,194.69,197.43,194.69,195.96,4927129.0,196.166,28366
2025-04-03 13:30:00+00:00,183.0,184.13,180.51,182.39,13084276.0,182.509,63106
2025-04-03 14:00:00+00:00,182.37,182.5,176.97,178.5,15769998.0,179.506,91784
2025-04-03 15:00:00+00:00,178.49,182.4,178.45,181.86,8359638.0,180.484,44143
2025-04-03 16:00:00+00:00,181.86,182.95,181.32,182.0,5285049.0,182.093,28249
2025-04-03 17:00:00+00:00,182.0,182.55,180.48,180.5,3804659.0,181.399,20612
2025-04-03 18:00:00+00:00,180.48,180.81,179.18,180.01,4513021.0,180.04,24212
2025-04-03 19:00:00+00:00,180.0,180.06,177.88,178.37,10401607.0,178.49,57484
2025-04-04 13:30:00+00:00,167.15,174.9,166.07,174.64,16403982.0,170.345,74778
2025-04-04 14:00:00+00:00,174.64,176.8,170.0,172.75,15836886.0,173.712,86712
2025-04-04 15:00:00+00:00,172.69,178.15,172.36,175.72,12097197.0,176.393,69637
2025-04-04 16:00:00+00:00,175.71,177.44,173.44,174.77,6499173.0,175.124,34193
2025-04-04 17:00:00+00:00,174.76,176.1,173.73,176.07,5611074.0,174.998,29891
2025-04-04 18:00:00+00:00,176.09,176.74,172.74,173.45,5571454.0,174.683,29118
2025-04-04 19:00:00+00:00,173.45,176.71,170.71,170.98,13041646.0,173.609,71412
2025-04-07 13:30:00+00:00,161.77,171.58,161.38,171.17,16284849.0,165.638,67469
2025-04-07 14:00:00+00:00,171.17,183.41,169.59,175.76,20179281.0,175.503,113395
2025-04-07 15:00:00+00:00,175.72,176.64,169.69,172.78,8935106.0,172.815,50196
2025-04-07 16:00:00+00:00,172.75,173.36,170.56,170.99,4933979.0,171.946,26140
2025-04-07 17:00:00+00:00,170.96,176.84,170.89,176.66,7478565.0,174.433,46706
2025-04-07 18:00:00+00:00,176.65,177.22,174.43,174.85,6251650.0,175.979,36451
2025-04-07 19:00:00+00:00,174.85,176.41,173.45,175.45,9422764.0,174.816,55369
2025-04-08 13:30:00+00:00,185.15,185.83,180.18,182.2,11233571.0,182.558,55200
2025-04-08 14:00:00+00:00,182.2,183.79,180.4,180.62,8268058.0,182.548,46860
2025-04-08 15:00:00+00:00,180.63,180.97,177.59,178.36,6252446.0,178.901,31514
2025-04-08 16:00:00+00:00,178.37,178.79,175.02,175.44,6641956.0,176.849,35547
2025-04-08 17:00:00+00:00,175.44,176.3,173.4,175.14,6065366.0,174.861,35681
2025-04-08 18:00:00+00:00,175.11,175.57,172.69,172.75,4593065.0,174.111,26531
2025-04-08 19:00:00+00:00,172.73,172.98,168.57,171.09,12572800.0,170.534,74031
2025-04-09 13:30:00+00:00,172.12,174.37,171.04,173.81,7497764.0,172.756,39490
2025-04-09 14:00:00+00:00,173.8,175.52,171.01,171.04,9330992.0,173.526,60203
2025-04-09 15:00:00+00:00,171.04,173.02,170.13,170.5,6459480.0,171.533,39758
2025-04-09 16:00:00+00:00,170.49,172.53,169.95,171.99,4464468.0,171.63,25510
2025-04-09 17:00:00+00:00,172.0,186.37,170.16,186.09,18504271.0,180.9,103041
2025-04-09 18:00:00+00:00,186.09,189.14,185.3,186.11,11888400.0,187.217,66386
2025-04-09 19:00:00+00:00,186.11,192.65,185.43,190.95,15882348.0,189.69,86472
2025-04-10 13:30:00+00:00,185.43,186.4,183.74,184.34,5929438.0,185.181,27947
2025-04-10 14:00:00+00:00,184.38,186.87,182.74,182.81,5697931.0,184.8,32401
2025-04-10 15:00:00+00:00,182.81,184.15,179.44,179.5,5330428.0,181.998,31716
2025-04-10 16:00:00+00:00,179.48,179.93,175.85,179.58,7060445.0,178.158,43039
2025-04-10 17:00:00+00:00,179.56,182.36,177.0,181.77,5484848.0,179.86,31078
2025-04-10 18:00:00+00:00,181.78,183.2,179.8,181.74,4490582.0,181.918,26313
2025-04-10 19:00:00+00:00,181.79,182.97,178.57,181.04,7464114.0,180.763,45653
2025-04-11 13:30:00+00:00,179.93,182.53,179.02,181.36,4248612.0,180.92,22150
2025-04-11 14:00:00+00:00,181.33,182.0,178.0,179.37,5216398.0,179.981,30882
2025-04-11 15:00:00+00:00,179.35,181.13,178.2,181.04,3744426.0,179.575,21563
2025-04-11 16:00:00+00:00,181.01,184.04,180.53,183.35,3784441.0,182.458,20788
2025-04-11 17:00:00+00:00,183.39,184.75,182.0,184.01,3908600.0,183.415,22061
2025-04-11 18:00:00+00:00,184.02,184.32,183.06,183.48,2855044.0,183.722,16698
2025-04-11 19:00:00+00:00,183.46,185.86,183.43,184.83,6793394.0,184.738,38748
2025-04-14 13:30:00+00:00,186.84,187.44,182.62,183.28,7202629.0,185.027,32127
2025-04-14 14:00:00+00:00,183.3,185.94,183.08,185.03,4840645.0,184.593,24895
2025-04-14 15:00:00+00:00,185.03,185.29,180.93,181.16,4921301.0,182.94,26422
2025-04-14 16:00:00+00:00,181.18,181.57,179.32,179.34,3918848.0,180.578,22823
2025-04-14 17:00:00+00:00,179.35,181.93,179.23,181.78,3176939.0,180.548,18225
2025-04-14 18:00:00+00:00,181.8,182.28,181.5,182.07,2358571.0,181.884,12265
2025-04-14 19:00:00+00:00,182.05,183.17,181.55,182.06,5059277.0,182.413,28357
2025-04-15 13:30:00+00:00,181.31,182.35,179.51,181.38,4462684.0,181.502,20904
2025-04-15 14:00:00+00:00,181.39,182.05,179.45,180.54,5381089.0,180.635,29622
2025-04-15 15:00:00+00:00,180.59,181.53,180.0,180.73,3211163.0,180.759,17508
2025-04-15 16:00:00+00:00,180.73,181.04,179.51,179.75,2789397.0,180.431,14434
2025-04-15 17:00:00+00:00,179.74,180.09,178.29,178.86,3856907.0,179.225,17544
2025-04-15 18:00:00+00:00,178.84,179.54,177.93,179.43,2881076.0,178.589,15735
2025-04-15 19:00:00+00:00,179.41,179.9,178.75,179.58,4362298.0,179.373,25359
2025-04-16 13:30:00+00:00,176.29,178.06,175.83,175.84,3617673.0,176.812,18351
2025-04-16 14:00:00+00:00,175.86,177.89,175.59,177.56,3938737.0,176.636,20903
2025-04-16 15:00:00+00:00,177.58,179.11,176.74,176.9,3147485.0,177.916,18016
2025-04-16 16:00:00+00:00,176.92,177.27,176.31,176.64,2072125.0,176.835,12237
2025-04-16 17:00:00+00:00,176.63,176.88,173.0,173.12,4191205.0,175.047,23464
2025-04-16 18:00:00+00:00,173.1,173.72,172.03,172.11,5460242.0,172.816,31519
2025-04-16 19:00:00+00:00,172.12,174.99,171.41,174.39,8610392.0,173.054,48263
2025-04-17 13:30:00+00:00,176.0,176.21,172.96,174.82,5675254.0,175.05,18465
2025-04-17 14:00:00+00:00,174.81,175.43,172.6,172.91,3926844.0,173.508,21595
2025-04-17 15:00:00+00:00,172.93,174.4,172.83,173.44,3507551.0,173.663,19403
2025-04-17 16:00:00+00:00,173.44,174.32,172.34,173.45,3736626.0,173.498,21758
2025-04-17 17:00:00+00:00,173.44,173.96,172.88,173.45,2085180.0,173.404,12328
2025-04-17 18:00:00+00:00,173.46,174.56,173.13,173.27,2784901.0,173.838,15947
2025-04-17 19:00:00+00:00,173.26,173.47,172.0,172.59,4632243.0,172.666,26914
2025-04-21 13:30:00+00:00,169.6,169.61,166.95,167.1,5339801.0,168.399,23740
2025-04-21 14:00:00+00:00,167.08,167.37,165.85,167.27,5561791.0,166.499,28636
2025-04-21 15:00:00+00:00,167.25,167.58,166.11,166.47,3623536.0,166.785,18232
2025-04-21 16:00:00+00:00,166.46,167.7,166.32,166.35,2809865.0,166.798,15186
2025-04-21 17:00:00+00:00,166.34,166.37,165.43,165.53,2775878.0,165.823,14999
2025-04-21 18:00:00+00:00,165.53,166.15,165.28,165.4,2514110.0,165.739,13561
2025-04-21 19:00:00+00:00,165.39,167.73,165.31,167.31,6506441.0,166.743,31208
2025-04-22 13:30:00+00:00,169.93,171.1,169.35,170.96,4192829.0,170.284,16769
2025-04-22 14:00:00+00:00,170.97,173.03,170.83,172.87,5653282.0,171.903,23713
2025-04-22 15:00:00+00:00,172.87,174.27,171.93,173.01,5503041.0,173.231,25704
2025-04-22 16:00:00+00:00,173.02,176.78,173.01,175.33,7760082.0,175.479,36895
2025-04-22 17:00:00+00:00,175.33,175.51,172.64,172.83,3497014.0,173.84,18391
2025-04-22 18:00:00+00:00,172.83,173.59,172.68,173.29,3067324.0,173.093,14711
2025-04-22 19:00:00+00:00,173.27,173.48,171.94,173.13,5454429.0,172.833,29192
2025-04-23 13:30:00+00:00,183.45,186.75,183.35,185.86,11816343.0,184.722,53138
2025-04-23 14:00:00+00:00,185.88,187.38,184.4,185.24,8049239.0,186.026,37895
2025-04-23 15:00:00+00:00,185.23,185.55,181.65,182.46,5994548.0,183.565,29401
2025-04-23 16:00:00+00:00,182.46,182.51,180.94,182.2,3324124.0,181.719,17231
2025-04-23 17:00:00+00:00,182.19,182.57,181.1,182.26,2732428.0,182.016,12267
2025-04-23 18:00:00+00:00,182.28,182.66,181.5,181.83,2246210.0,182.01,10923
2025-04-23 19:00:00+00:00,181.79,182.08,180.19,180.6,6245219.0,181.037,32142
2025-04-24 13:30:00+00:00,180.76,182.55,180.18,182.5,3816073.0,181.382,18872
2025-04-24 14:00:00+00:00,182.51,184.52,182.02,184.21,5644547.0,183.354,29049
2025-04-24 15:00:00+00:00,184.21,185.18,184.08,184.48,3438491.0,184.593,18774
2025-04-24 16:00:00+00:00,184.49,185.66,184.05,185.47,2294464.0,184.999,11791
2025-04-24 17:00:00+00:00,185.48,185.59,184.67,185.37,1980059.0,185.1,9460
2025-04-24 18:00:00+00:00,185.33,186.59,185.17,185.97,2516798.0,185.878,12742
2025-04-24 19:00:00+00:00,185.97,186.74,185.45,186.49,4899288.0,186.23,28065
2025-04-25 13:30:00+00:00,187.62,187.97,185.49,186.25,3756006.0,186.743,16783
2025-04-25 14:00:00+00:00,186.27,187.93,185.51,186.6,3685890.0,186.814,20287
2025-04-25 15:00:00+00:00,186.6,187.68,186.2,186.77,1991308.0,186.927,11185
2025-04-25 16:00:00+00:00,186.75,187.99,186.59,187.85,2218494.0,187.337,9925
2025-04-25 17:00:00+00:00,187.83,188.8,187.0,187.59,3186502.0,188.137,15833
2025-04-25 18:00:00+00:00,187.6,189.7,187.46,189.48,2698342.0,188.898,14046
2025-04-25 19:00:00+00:00,189.47,189.94,188.61,188.95,4644120.0,189.283,24892
2025-04-28 13:30:00+00:00,190.11,190.22,187.78,187.84,3956764.0,189.281,18194
2025-04-28 14:00:00+00:00,187.86,188.97,187.54,188.14,3114057.0,188.305,16805
2025-04-28 15:00:00+00:00,188.11,188.48,185.66,186.07,3267898.0,186.68,18551
2025-04-28 16:00:00+00:00,186.02,186.1,184.88,185.6,2218986.0,185.562,12987
2025-04-28 17:00:00+00:00,185.6,186.15,185.0,186.06,1455203.0,185.497,7999
2025-04-28 18:00:00+00:00,186.06,186.64,185.63,186.56,1583968.0,186.171,8331
2025-04-28 19:00:00+00:00,186.57,188.48,186.48,187.68,3482961.0,187.603,19134
2025-04-29 13:30:00+00:00,183.98,185.83,183.68,185.03,6486284.0,184.687,32155
2025-04-29 14:00:00+00:00,184.99,187.0,184.65,186.76,7883326.0,186.071,37672
2025-04-29 15:00:00+00:00,186.76,187.14,185.77,186.65,3591237.0,186.519,13638
2025-04-29 16:00:00+00:00,186.61,187.44,185.59,185.88,1754355.0,186.702,8356
2025-04-29 17:00:00+00:00,185.87,187.62,185.76,187.58,1855920.0,186.724,9554
2025-04-29 18:00:00+00:00,187.58,188.02,187.22,187.47,2326326.0,187.649,11571
2025-04-29 19:00:00+00:00,187.47,188.0,187.03,187.4,2784631.0,187.482,16031
2025-04-30 13:30:00+00:00,182.17,182.17,179.09,179.33,5424285.0,180.653,26196
2025-04-30 14:00:00+00:00,179.36,181.5,178.85,180.89,5709858.0,180.297,31296
2025-04-30 15:00:00+00:00,180.89,182.14,180.87,181.84,2659789.0,181.756,15304
2025-04-30 16:00:00+00:00,181.83,182.01,180.61,181.42,1983541.0,181.316,11551
2025-04-30 17:00:00+00:00,181.44,182.25,180.48,181.9,2113121.0,181.542,11022
2025-04-30 18:00:00+00:00,181.9,183.08,181.61,181.69,2858088.0,182.261,16880
2025-04-30 19:00:00+00:00,181.68,185.05,181.67,184.36,6345200.0,183.483,36464
2025-05-01 13:30:00+00:00,190.65,191.18,187.5,187.61,7496429.0,189.589,38214
2025-05-01 14:00:00+00:00,187.62,190.33,187.6,190.25,5383374.0,189.134,29420
2025-05-01 15:00:00+00:00,190.25,190.98,188.9,189.2,3948957.0,190.217,21444
2025-05-01 16:00:00+00:00,189.2,189.83,188.65,188.99,3124412.0,189.264,15545
2025-05-01 17:00:00+00:00,188.97,190.5,188.91,189.65,3310816.0,189.857,16599
2025-05-01 18:00:00+00:00,189.66,190.59,189.55,190.25,3386261.0,190.139,18593
2025-05-01 19:00:00+00:00,190.25,191.81,189.65,189.84,10438340.0,190.853,55918
2025-05-02 13:30:00+00:00,191.43,192.3,186.4,187.41,13858013.0,188.787,67612
2025-05-02 14:00:00+00:00,187.45,189.95,187.27,189.15,9876322.0,189.009,52144
2025-05-02 15:00:00+00:00,189.14,191.21,188.79,190.0,7165570.0,189.934,36271
2025-05-02 16:00:00+00:00,190.0,192.88,189.84,191.37,8207582.0,191.847,38937
2025-05-02 17:00:00+00:00,191.38,191.67,190.14,190.39,3644795.0,190.737,18085
2025-05-02 18:00:00+00:00,190.39,191.43,189.94,190.18,3708297.0,190.717,18936
2025-05-02 19:00:00+00:00,190.15,190.67,189.66,190.0,6608677.0,190.134,34209
2025-05-05 13:30:00+00:00,186.41,187.78,185.53,186.19,4447662.0,186.506,19210
2025-05-05 14:00:00+00:00,186.22,187.9,186.14,187.54,3982629.0,187.193,19535
2025-05-05 15:00:00+00:00,187.49,188.18,186.84,187.09,2734240.0,187.476,13574
2025-05-05 16:00:00+00:00,187.09,187.78,186.9,187.73,2124560.0,187.331,10762
2025-05-05 17:00:00+00:00,187.73,188.0,187.18,187.25,1896649.0,187.524,9249
2025-05-05 18:00:00+00:00,187.25,187.73,187.06,187.13,1863214.0,187.364,9128
2025-05-05 19:00:00+00:00,187.12,187.25,186.11,186.33,3518249.0,186.719,18900
2025-05-06 13:30:00+00:00,184.54,186.31,183.85,185.0,3421869.0,185.209,15346
2025-05-06 14:00:00+00:00,185.01,187.13,184.63,186.45,3197651.0,186.205,15219
2025-05-06 15:00:00+00:00,186.4,186.9,186.14,186.17,1608758.0,186.514,7889
2025-05-06 16:00:00+00:00,186.16,187.93,185.52,185.57,2116019.0,186.547,10558
2025-05-06 17:00:00+00:00,185.59,185.97,184.99,185.32,1640026.0,185.503,7782
2025-05-06 18:00:00+00:00,185.34,185.97,185.3,185.86,1430535.0,185.674,7091
2025-05-06 19:00:00+00:00,185.85,185.93,184.94,184.98,2520939.0,185.39,13899
2025-05-07 13:30:00+00:00,185.56,188.15,185.01,187.82,3964140.0,186.911,17614
2025-05-07 14:00:00+00:00,187.84,190.99,187.48,188.94,7168427.0,189.737,30891
2025-05-07 15:00:00+00:00,188.94,189.27,187.31,188.22,3598154.0,188.387,16437
2025-05-07 16:00:00+00:00,188.2,188.88,187.77,188.84,2125738.0,188.26,9677
2025-05-07 17:00:00+00:00,188.83,189.22,187.91,188.31,2226070.0,188.74,10621
2025-05-07 18:00:00+00:00,188.43,189.02,186.55,188.74,3154060.0,187.736,16067
2025-05-07 19:00:00+00:00,188.77,190.1,187.52,188.77,4683581.0,188.758,23844
2025-05-08 13:30:00+00:00,191.51,191.75,189.68,190.16,3175534.0,190.635,14133
2025-05-08 14:00:00+00:00,190.18,190.67,188.82,189.17,3325958.0,189.825,15629
2025-05-08 15:00:00+00:00,189.13,193.06,188.97,192.34,4566496.0,191.621,22224
2025-05-08 16:00:00+00:00,192.33,194.32,192.12,194.25,3465993.0,193.243,17642
2025-05-08 17:00:00+00:00,194.25,194.33,192.93,192.93,2496508.0,193.625,13243
2025-05-08 18:00:00+00:00,192.93,193.9,192.78,193.43,1868776.0,193.382,10086
2025-05-08 19:00:00+00:00,193.43,194.23,191.86,192.14,5416877.0,192.955,32276
2025-05-09 13:30:00+00:00,193.43,194.69,192.98,193.68,3495943.0,193.743,15467
2025-05-09 14:00:00+00:00,193.66,193.8,191.16,192.13,3926955.0,192.364,18453
2025-05-09 15:00:00+00:00,192.13,193.05,191.69,193.04,2236315.0,192.301,10825
2025-05-09 16:00:00+00:00,193.03,193.15,191.76,192.08,1601584.0,192.324,6928
2025-05-09 17:00:00+00:00,192.09,192.89,191.65,192.8,1328605.0,192.335,6980
2025-05-09 18:00:00+00:00,192.8,192.86,192.0,192.55,1180548.0,192.426,6113
2025-05-09 19:00:00+00:00,192.57,193.72,192.53,193.08,3071229.0,193.201,17203
2025-05-12 13:30:00+00:00,210.67,211.66,205.75,207.88,15644839.0,208.498,67922
2025-05-12 14:00:00+00:00,207.88,208.86,206.52,207.22,9095243.0,207.792,45641
2025-05-12 15:00:00+00:00,207.23,207.9,206.44,206.52,4963445.0,207.165,25697
2025-05-12 16:00:00+00:00,206.53,208.08,206.32,207.96,3929109.0,207.398,20281
2025-05-12 17:00:00+00:00,207.97,208.87,207.91,208.4,3587557.0,208.449,19195
2025-05-12 18:00:00+00:00,208.41,209.17,207.95,208.46,3008922.0,208.594,15439
2025-05-12 19:00:00+00:00,208.46,208.85,207.67,208.72,6485902.0,208.315,35303
2025-05-13 13:30:00+00:00,211.0,214.6,210.1,213.73,8066985.0,212.771,35587
2025-05-13 14:00:00+00:00,213.75,214.84,213.25,213.36,6698351.0,214.026,32581
2025-05-13 15:00:00+00:00,213.38,214.46,212.92,214.2,3969031.0,213.634,20408
2025-05-13 16:00:00+00:00,214.2,214.33,213.12,213.2,3313982.0,213.702,17117
2025-05-13 17:00:00+00:00,213.19,213.28,212.03,212.07,3163853.0,212.593,14939
2025-05-13 18:00:00+00:00,212.08,212.45,211.86,212.42,2355485.0,212.169,12457
2025-05-13 19:00:00+00:00,212.41,212.6,210.91,211.2,4966998.0,211.711,27513
2025-05-14 13:30:00+00:00,211.45,211.93,209.78,210.53,4256047.0,210.953,19091
2025-05-14 14:00:00+00:00,210.54,211.33,210.09,211.24,3234907.0,210.803,16224
2025-05-14 15:00:00+00:00,211.27,211.82,210.48,210.9,2931137.0,211.093,15349
2025-05-14 16:00:00+00:00,210.89,211.18,210.24,210.3,2327850.0,210.759,11639
2025-05-14 17:00:00+00:00,210.31,210.36,209.22,210.21,2563532.0,209.929,11569
2025-05-14 18:00:00+00:00,210.22,210.55,209.81,210.04,2305061.0,210.131,10667
2025-05-14 19:00:00+00:00,210.04,210.55,208.85,210.25,5326668.0,209.933,28701
2025-05-15 13:30:00+00:00,206.44,206.88,203.5,205.23,7508340.0,205.184,42017
2025-05-15 14:00:00+00:00,205.24,206.01,203.23,204.0,8429693.0,204.406,49433
2025-05-15 15:00:00+00:00,204.0,205.94,202.67,205.22,10950523.0,204.204,57903
2025-05-15 16:00:00+00:00,205.21,205.89,203.9,205.19,4747477.0,204.95,24152
2025-05-15 17:00:00+00:00,205.19,205.68,204.92,205.23,2456747.0,205.358,13037
2025-05-15 18:00:00+00:00,205.21,205.46,204.0,205.26,2730925.0,205.025,15356
2025-05-15 19:00:00+00:00,205.27,205.53,203.94,205.14,5885682.0,204.796,33387
2025-05-16 13:30:00+00:00,206.88,206.88,204.45,205.76,6011959.0,205.828,17962
2025-05-16 14:00:00+00:00,205.79,206.05,204.62,205.27,4139506.0,205.299,21517
2025-05-16 15:00:00+00:00,205.28,205.39,204.63,204.98,2711941.0,204.999,14829
2025-05-16 16:00:00+00:00,204.96,205.68,204.91,205.17,2034928.0,205.302,11871
2025-05-16 17:00:00+00:00,205.16,205.27,204.37,204.59,2112068.0,204.817,11789
2025-05-16 18:00:00+00:00,204.57,205.28,204.53,205.01,2043583.0,204.964,11266
2025-05-16 19:00:00+00:00,205.0,205.71,204.93,205.56,3909509.0,205.384,21751
2025-05-19 13:30:00+00:00,201.64,205.75,201.26,205.13,4497176.0,203.456,20086
2025-05-19 14:00:00+00:00,205.11,206.62,204.51,205.05,3904658.0,205.591,19977
2025-05-19 15:00:00+00:00,205.06,205.9,204.79,205.42,2347097.0,205.281,12177
2025-05-19 16:00:00+00:00,205.43,206.3,205.21,206.22,1768262.0,205.864,9847
2025-05-19 17:00:00+00:00,206.21,206.59,205.71,205.76,1869391.0,206.243,10119
2025-05-19 18:00:00+00:00,205.76,206.23,205.23,206.05,1778355.0,205.82,9214
2025-05-19 19:00:00+00:00,206.06,206.27,205.36,206.14,2952025.0,205.879,15820
2025-05-20 13:30:00+00:00,204.64,205.59,204.39,205.04,2682260.0,204.933,12685
2025-05-20 14:00:00+00:00,205.0,205.08,203.72,204.08,3032971.0,204.22,15840
2025-05-20 15:00:00+00:00,204.06,204.21,203.22,203.52,2449874.0,203.709,11698
2025-05-20 16:00:00+00:00,203.52,204.19,203.3,203.95,1887828.0,203.809,8859
2025-05-20 17:00:00+00:00,203.95,204.22,203.65,203.88,1571965.0,203.92,8781
2025-05-20 18:00:00+00:00,203.86,204.14,203.21,203.23,1882274.0,203.576,11370
2025-05-20 19:00:00+00:00,203.23,204.2,202.65,204.12,3844555.0,203.654,21636
2025-05-21 13:30:00+00:00,201.57,201.67,200.06,200.44,4939671.0,200.858,24638
2025-05-21 14:00:00+00:00,200.44,202.36,200.25,202.35,5255629.0,201.181,28648
2025-05-21 15:00:00+00:00,202.34,203.3,202.13,202.48,3683374.0,202.788,21201
2025-05-21 16:00:00+00:00,202.47,203.46,202.38,203.25,2606712.0,203.024,14978
2025-05-21 17:00:00+00:00,203.24,203.37,200.42,201.77,3459644.0,201.75,19338
2025-05-21 18:00:00+00:00,201.77,202.0,200.91,201.0,2240548.0,201.412,13824
2025-05-21 19:00:00+00:00,201.01,201.6,200.33,201.11,3943079.0,201.019,23556
2025-05-22 13:30:00+00:00,201.38,202.83,200.16,202.73,3431369.0,201.404,16308
2025-05-22 14:00:00+00:00,202.74,203.52,201.66,202.39,3501055.0,202.695,18073
2025-05-22 15:00:00+00:00,202.37,203.5,202.37,203.35,1955724.0,202.997,10685
2025-05-22 16:00:00+00:00,203.38,204.12,202.86,203.02,2007740.0,203.41,10619
2025-05-22 17:00:00+00:00,203.01,205.76,202.46,205.02,4190273.0,204.077,22818
2025-05-22 18:00:00+00:00,205.03,205.53,203.9,204.28,4675978.0,204.535,24693
2025-05-22 19:00:00+00:00,204.26,204.64,202.65,203.08,5094257.0,203.733,28666
2025-05-23 13:30:00+00:00,198.96,200.88,197.85,200.07,4409391.0,199.697,20769
2025-05-23 14:00:00+00:00,200.08,201.56,199.93,200.33,2924665.0,200.884,15267
2025-05-23 15:00:00+00:00,200.34,201.85,200.1,200.9,2486707.0,201.034,13318
2025-05-23 16:00:00+00:00,200.9,201.55,200.7,201.17,1788672.0,201.142,9921
2025-05-23 17:00:00+00:00,201.17,202.33,201.06,202.13,1836297.0,201.826,10368
2025-05-23 18:00:00+00:00,202.14,202.37,201.61,201.74,1512033.0,202.022,8350
2025-05-23 19:00:00+00:00,201.74,202.03,200.79,201.0,3613411.0,201.347,20021
2025-05-27 13:30:00+00:00,203.09,204.59,202.19,203.4,3730585.0,203.143,17463
2025-05-27 14:00:00+00:00,203.41,205.36,203.38,204.52,4040305.0,204.684,22345
2025-05-27 15:00:00+00:00,204.53,206.19,204.47,206.17,3057691.0,205.405,15859
2025-05-27 16:00:00+00:00,206.17,206.69,205.72,206.1,2386725.0,206.222,13003
2025-05-27 17:00:00+00:00,206.11,206.45,205.93,206.13,1779585.0,206.12,10024
2025-05-27 18:00:00+00:00,206.13,206.33,205.21,205.26,1771673.0,205.773,8943
2025-05-27 19:00:00+00:00,205.25,206.0,205.06,206.0,3749463.0,205.551,22638
2025-05-28 13:30:00+00:00,205.92,207.66,205.72,205.89,3421976.0,206.71,16806
2025-05-28 14:00:00+00:00,205.86,206.29,205.17,205.27,2509540.0,205.616,13649
2025-05-28 15:00:00+00:00,205.27,205.81,205.22,205.34,1550647.0,205.527,8597
2025-05-28 16:00:00+00:00,205.33,205.96,205.33,205.68,1301478.0,205.658,7613
2025-05-28 17:00:00+00:00,205.69,205.81,205.2,205.34,1227528.0,205.525,6707
2025-05-28 18:00:00+00:00,205.34,206.08,205.01,205.7,2037092.0,205.689,11654
2025-05-28 19:00:00+00:00,205.69,205.98,204.41,204.8,3638162.0,205.224,23382
2025-05-29 13:30:00+00:00,208.03,208.81,206.29,207.01,5225402.0,207.429,28265
2025-05-29 14:00:00+00:00,207.02,207.5,205.77,207.29,3119616.0,206.709,17221
2025-05-29 15:00:00+00:00,207.29,207.38,204.49,204.67,2502908.0,206.222,13588
2025-05-29 16:00:00+00:00,204.64,206.7,204.23,206.59,2153603.0,205.7,11660
2025-05-29 17:00:00+00:00,206.58,206.97,205.3,205.33,1854202.0,206.268,10403
2025-05-29 18:00:00+00:00,205.32,205.67,204.37,204.99,2398497.0,205.039,13332
2025-05-29 19:00:00+00:00,205.01,206.22,204.79,205.68,3400893.0,205.461,19722
2025-05-30 13:30:00+00:00,204.84,205.25,203.47,203.84,2398650.0,204.333,11140
2025-05-30 14:00:00+00:00,203.84,205.29,203.79,204.36,2342775.0,204.786,12642
2025-05-30 15:00:00+00:00,204.36,204.85,203.83,204.24,1754408.0,204.313,9288
2025-05-30 16:00:00+00:00,204.25,204.58,201.69,202.24,2802989.0,202.892,14338
2025-05-30 17:00:00+00:00,202.23,203.2,202.08,202.75,1757294.0,202.682,9998
2025-05-30 18:00:00+00:00,202.75,204.43,202.74,204.35,2362644.0,203.759,14608
2025-05-30 19:00:00+00:00,204.35,205.99,204.29,204.66,6869207.0,204.978,36587
2025-06-02 13:30:00+00:00,204.97,206.22,203.4,203.69,3446370.0,204.975,17611
2025-06-02 14:00:00+00:00,203.69,205.21,202.68,205.17,2917314.0,203.893,15834
2025-06-02 15:00:00+00:00,205.16,205.54,204.78,205.34,2109348.0,205.167,12080
2025-06-02 16:00:00+00:00,205.33,205.98,204.95,205.87,1484327.0,205.364,9140
2025-06-02 17:00:00+00:00,205.88,206.2,205.45,205.6,1477910.0,205.822,8145
2025-06-02 18:00:00+00:00,205.6,206.68,205.47,206.44,2048479.0,206.206,9804
2025-06-02 19:00:00+00:00,206.41,207.0,205.2,206.69,3606269.0,206.652,21916
2025-06-03 13:30:00+00:00,207.1,208.95,206.33,207.52,3664735.0,207.485,16389
2025-06-03 14:00:00+00:00,207.58,208.32,206.53,206.83,3337274.0,207.435,16604
2025-06-03 15:00:00+00:00,206.82,207.62,206.59,206.81,2396161.0,207.031,11819
2025-06-03 16:00:00+00:00,206.82,207.93,206.78,207.83,1872741.0,207.444,9280
2025-06-03 17:00:00+00:00,207.83,207.89,206.92,206.96,1565338.0,207.486,8499
2025-06-03 18:00:00+00:00,206.97,207.05,205.71,205.81,2351428.0,206.199,12117
2025-06-03 19:00:00+00:00,205.81,206.12,205.03,205.77,4290228.0,205.628,24386
2025-06-04 13:30:00+00:00,206.59,207.24,205.93,206.55,2999826.0,206.496,13501
2025-06-04 14:00:00+00:00,206.48,206.65,205.18,206.0,2713378.0,205.927,14037
2025-06-04 15:00:00+00:00,206.01,206.51,205.69,206.48,1966788.0,206.037,10924
2025-06-04 16:00:00+00:00,206.47,206.74,206.13,206.67,1709737.0,206.463,7670
2025-06-04 17:00:00+00:00,206.68,207.86,206.67,207.57,2312228.0,207.431,10636
2025-06-04 18:00:00+00:00,207.56,208.18,207.36,207.88,2172622.0,207.777,11332
2025-06-04 19:00:00+00:00,207.88,208.0,206.89,207.24,3980963.0,207.469,24918
2025-06-05 13:30:00+00:00,209.51,211.4,208.05,208.96,6553270.0,209.659,30632
2025-06-05 14:00:00+00:00,208.96,211.49,208.08,211.07,5676871.0,209.825,28656
2025-06-05 15:00:00+00:00,211.11,212.81,211.1,211.69,5949698.0,212.0,24517
2025-06-05 16:00:00+00:00,211.7,212.3,209.06,209.47,3006423.0,210.851,15294
2025-06-05 17:00:00+00:00,209.48,211.44,209.21,210.09,2603125.0,210.543,13889
2025-06-05 18:00:00+00:00,210.07,210.08,208.35,209.78,3077053.0,209.452,15883
2025-06-05 19:00:00+00:00,209.77,209.89,207.56,207.85,5167215.0,208.46,28484
2025-06-06 13:30:00+00:00,212.42,213.7,210.5,212.84,6393863.0,212.336,28487
2025-06-06 14:00:00+00:00,212.86,213.31,210.78,211.92,4539076.0,211.974,21593
2025-06-06 15:00:00+00:00,211.92,212.44,210.81,211.74,2859043.0,211.677,14239
2025-06-06 16:00:00+00:00,211.74,212.23,211.24,211.72,2073960.0,211.801,9918
2025-06-06 17:00:00+00:00,211.73,213.0,211.53,212.57,2328429.0,212.365,11234
2025-06-06 18:00:00+00:00,212.58,213.77,212.57,213.53,2656085.0,213.054,14087
2025-06-06 19:00:00+00:00,213.51,213.87,212.77,213.53,4343314.0,213.384,23966
2025-06-09 13:30:00+00:00,214.75,214.98,212.88,213.86,4057454.0,214.131,18438
2025-06-09 14:00:00+00:00,213.87,215.26,213.47,214.45,3823792.0,214.602,18018
2025-06-09 15:00:00+00:00,214.45,215.9,214.32,215.88,2604732.0,215.149,14447
2025-06-09 16:00:00+00:00,215.89,216.86,215.55,216.65,2739512.0,216.181,14291
2025-06-09 17:00:00+00:00,216.67,217.69,216.1,217.53,3194656.0,217.038,18359
2025-06-09 18:00:00+00:00,217.51,217.85,216.67,217.55,1970479.0,217.195,10801
2025-06-09 19:00:00+00:00,217.55,217.85,216.84,216.94,4250564.0,217.307,25528
2025-06-10 13:30:00+00:00,216.7,217.57,215.95,216.24,3750555.0,216.718,17329
2025-06-10 14:00:00+00:00,216.24,216.9,215.52,215.74,2933853.0,216.332,15678
2025-06-10 15:00:00+00:00,215.75,216.0,214.15,215.86,2918483.0,215.368,14407
2025-06-10 16:00:00+00:00,215.85,216.47,215.76,216.37,1914607.0,216.154,7878
2025-06-10 17:00:00+00:00,216.37,216.87,215.85,215.95,1815979.0,216.352,9344
2025-06-10 18:00:00+00:00,215.95,216.74,215.44,216.59,2116711.0,216.059,9753
2025-06-10 19:00:00+00:00,216.57,217.69,216.46,217.57,3699547.0,217.044,19408
2025-06-11 13:30:00+00:00,217.41,218.4,216.19,217.41,3475004.0,217.242,17563
2025-06-11 14:00:00+00:00,217.4,217.67,216.48,216.87,3409668.0,217.21,17322
2025-06-11 15:00:00+00:00,216.89,217.15,216.25,216.5,2040954.0,216.722,11236
2025-06-11 16:00:00+00:00,216.51,216.58,215.0,215.37,2718183.0,215.496,14322
2025-06-11 17:00:00+00:00,215.37,215.98,214.08,214.26,2415258.0,215.151,11450
2025-06-11 18:00:00+00:00,214.26,214.29,212.89,213.41,3727220.0,213.621,18066
2025-06-11 19:00:00+00:00,213.43,213.65,212.92,213.17,4967994.0,213.264,28113
2025-06-12 13:30:00+00:00,211.68,213.14,211.33,212.54,2440955.0,212.172,10675
2025-06-12 14:00:00+00:00,212.5,213.39,212.33,212.85,2827384.0,212.926,12830
2025-06-12 15:00:00+00:00,212.87,213.58,212.21,212.49,1779769.0,212.697,9154
2025-06-12 16:00:00+00:00,212.5,213.44,212.13,212.58,2103236.0,212.932,10411
2025-06-12 17:00:00+00:00,212.6,212.99,212.41,212.74,1341112.0,212.688,6856
2025-06-12 18:00:00+00:00,212.75,213.39,212.6,213.33,1315572.0,212.942,6665
2025-06-12 19:00:00+00:00,213.32,213.45,212.46,213.24,3066154.0,212.988,18079
2025-06-13 13:30:00+00:00,209.96,212.12,209.62,211.12,2824474.0,210.96,12884
2025-06-13 14:00:00+00:00,211.16,211.81,209.81,211.75,3027137.0,210.8,14376
2025-06-13 15:00:00+00:00,211.75,213.32,211.59,213.22,1938779.0,212.617,10240
2025-06-13 16:00:00+00:00,213.2,214.05,213.01,213.97,1872568.0,213.639,9204
2025-06-13 17:00:00+00:00,213.96,214.03,212.92,213.26,1337186.0,213.386,7050
2025-06-13 18:00:00+00:00,213.24,213.41,211.67,211.99,1767489.0,212.405,10144
2025-06-13 19:00:00+00:00,211.96,212.28,211.3,212.1,3191231.0,211.784,20439
2025-06-16 13:30:00+00:00,212.31,213.98,211.6,213.78,3384827.0,212.584,15865
2025-06-16 14:00:00+00:00,213.78,214.86,213.39,214.63,3033068.0,214.242,15228
2025-06-16 15:00:00+00:00,214.63,216.55,214.58,215.41,3345784.0,215.681,18958
2025-06-16 16:00:00+00:00,215.4,215.78,214.86,215.14,1569829.0,215.299,7631
2025-06-16 17:00:00+00:00,215.14,215.94,215.03,215.23,1336408.0,215.459,7194
2025-06-16 18:00:00+00:00,215.24,216.43,215.23,216.36,1200618.0,215.819,6445
2025-06-16 19:00:00+00:00,216.36,217.06,215.89,216.16,4432408.0,216.433,23418
2025-06-17 13:30:00+00:00,215.28,217.36,215.0,217.28,3514317.0,216.241,16046
2025-06-17 14:00:00+00:00,217.29,217.41,215.53,216.05,2885428.0,216.368,14485
2025-06-17 15:00:00+00:00,216.04,217.09,215.91,216.69,2270966.0,216.451,11942
2025-06-17 16:00:00+00:00,216.7,217.05,215.4,215.5,2111613.0,216.499,11514
2025-06-17 17:00:00+00:00,215.49,216.66,215.22,215.59,2331967.0,215.944,13264
2025-06-17 18:00:00+00:00,215.59,215.59,214.56,215.33,1929727.0,215.079,10273
2025-06-17 19:00:00+00:00,215.34,215.47,214.77,214.81,2629245.0,215.049,16246
2025-06-18 13:30:00+00:00,215.09,216.76,215.02,216.34,2763495.0,215.767,13604
2025-06-18 14:00:00+00:00,216.37,217.96,215.43,217.44,4430052.0,217.167,21540
2025-06-18 15:00:00+00:00,217.44,217.58,215.89,215.96,2161299.0,216.647,11353
2025-06-18 16:00:00+00:00,215.95,216.25,215.26,215.6,1497224.0,215.741,7157
2025-06-18 17:00:00+00:00,215.58,215.86,214.51,215.5,2089648.0,215.203,10486
2025-06-18 18:00:00+00:00,215.53,216.17,213.89,214.22,3393505.0,215.086,16392
2025-06-18 19:00:00+00:00,214.21,215.49,212.51,212.56,6635040.0,213.833,35850
2025-06-20 13:30:00+00:00,214.68,214.89,212.06,212.1,9641618.0,214.344,17544
2025-06-20 14:00:00+00:00,212.06,212.11,210.08,210.48,5708035.0,210.928,29958
2025-06-20 15:00:00+00:00,210.45,211.02,209.59,209.88,2936190.0,210.258,14919
2025-06-20 16:00:00+00:00,209.87,210.21,209.62,209.91,2187928.0,209.962,12253
2025-06-20 17:00:00+00:00,209.9,210.92,208.88,209.76,3086459.0,209.801,16111
2025-06-20 18:00:00+00:00,209.77,210.36,208.79,209.0,2686033.0,209.755,16286
2025-06-20 19:00:00+00:00,208.99,210.8,208.27,209.61,9150002.0,209.5,52657
2025-06-23 13:30:00+00:00,209.79,210.0,207.39,209.44,3464949.0,208.65,17467
2025-06-23 14:00:00+00:00,209.43,210.39,208.5,208.77,3450028.0,209.568,18592
2025-06-23 15:00:00+00:00,208.77,209.58,208.55,209.25,2744922.0,209.04,13505
2025-06-23 16:00:00+00:00,209.25,209.48,207.31,207.9,3156810.0,208.424,16815
2025-06-23 17:00:00+00:00,207.94,210.35,207.75,209.61,3137877.0,209.225,17654
2025-06-23 18:00:00+00:00,209.64,210.05,209.04,209.21,1627888.0,209.522,9315
2025-06-23 19:00:00+00:00,209.2,209.55,208.26,208.48,4009793.0,208.726,22144
2025-06-24 13:30:00+00:00,212.23,213.97,211.04,213.27,4632614.0,212.766,21413
2025-06-24 14:00:00+00:00,213.25,213.46,212.0,212.28,3253219.0,212.602,18348
2025-06-24 15:00:00+00:00,212.29,213.8,212.29,213.11,2905159.0,213.261,15255
2025-06-24 16:00:00+00:00,213.11,213.9,213.0,213.81,1984675.0,213.481,10176
2025-06-24 17:00:00+00:00,213.81,214.34,213.55,214.13,2048168.0,213.928,10120
2025-06-24 18:00:00+00:00,214.14,214.3,213.48,213.97,1775365.0,213.779,8761
2025-06-24 19:00:00+00:00,213.97,214.09,212.76,212.77,4732264.0,213.4,24557
2025-06-25 13:30:00+00:00,214.62,216.03,213.37,214.27,4084462.0,214.45,18680
2025-06-25 14:00:00+00:00,214.29,214.73,213.66,213.74,2887398.0,214.154,13611
2025-06-25 15:00:00+00:00,213.74,213.94,213.02,213.22,1966141.0,213.518,9954
2025-06-25 16:00:00+00:00,213.22,213.34,212.62,212.75,1728736.0,212.908,9014
2025-06-25 17:00:00+00:00,212.74,212.84,211.17,211.18,2655920.0,212.038,13704
2025-06-25 18:00:00+00:00,211.19,211.75,211.11,211.54,1812238.0,211.463,10242
2025-06-25 19:00:00+00:00,211.54,212.15,211.33,212.06,3822014.0,211.796,22617
2025-06-26 13:30:00+00:00,213.14,213.75,212.01,212.95,3393841.0,212.846,17228
2025-06-26 14:00:00+00:00,212.95,214.25,212.67,214.02,3437669.0,213.556,16771
2025-06-26 15:00:00+00:00,214.03,216.88,213.99,215.88,5598629.0,215.704,28891
2025-06-26 16:00:00+00:00,215.87,216.44,215.3,215.75,2986583.0,215.928,16473
2025-06-26 17:00:00+00:00,215.74,216.8,215.72,216.61,2867810.0,216.342,13395
2025-06-26 18:00:00+00:00,216.61,218.04,216.54,217.07,4871949.0,217.334,22624
2025-06-26 19:00:00+00:00,217.08,217.72,216.7,217.13,6089548.0,217.206,32927
2025-06-27 13:30:00+00:00,219.99,221.56,219.63,220.76,8042816.0,220.783,38072
2025-06-27 14:00:00+00:00,220.78,221.33,218.82,218.88,5654452.0,220.214,30470
2025-06-27 15:00:00+00:00,218.88,220.01,218.6,219.72,2925544.0,219.509,14517
2025-06-27 16:00:00+00:00,219.73,220.05,219.31,219.83,2440839.0,219.665,12357
2025-06-27 17:00:00+00:00,219.84,219.85,218.22,218.39,2690333.0,218.978,14875
2025-06-27 18:00:00+00:00,218.4,218.45,216.74,217.03,3379444.0,217.545,19537
2025-06-27 19:00:00+00:00,217.04,223.25,217.03,223.21,18952895.0,221.149,94009
2025-06-30 13:30:00+00:00,223.35,223.82,221.25,222.31,7141891.0,222.653,36282
2025-06-30 14:00:00+00:00,222.3,222.79,220.74,221.22,6074259.0,221.864,34049
2025-06-30 15:00:00+00:00,221.22,221.86,220.3,220.41,4338112.0,221.149,22221
2025-06-30 16:00:00+00:00,220.42,220.84,219.21,219.59,3881515.0,219.972,20792
2025-06-30 17:00:00+00:00,219.6,220.51,219.12,219.97,2730823.0,219.816,13494
2025-06-30 18:00:00+00:00,219.98,220.2,219.19,219.76,2388286.0,219.659,12097
2025-06-30 19:00:00+00:00,219.77,219.95,219.21,219.38,5407145.0,219.653,31713
2025-07-01 13:30:00+00:00,219.5,220.39,218.66,219.58,3251626.0,219.491,17043
2025-07-01 14:00:00+00:00,219.55,220.69,218.7,219.09,4849769.0,219.609,26408
2025-07-01 15:00:00+00:00,219.09,220.0,217.93,219.18,3230252.0,219.094,17492
2025-07-01 16:00:00+00:00,219.19,220.19,218.51,219.9,2119106.0,219.333,11757
2025-07-01 17:00:00+00:00,219.92,221.05,219.89,221.0,2914606.0,220.605,14896
2025-07-01 18:00:00+00:00,221.0,221.5,220.65,221.28,2227081.0,221.053,12584
2025-07-01 19:00:00+00:00,221.27,221.88,220.38,220.46,5089772.0,221.094,31104
2025-07-02 13:30:00+00:00,219.65,220.26,219.06,219.36,2839771.0,219.689,15213
2025-07-02 14:00:00+00:00,219.34,220.73,219.22,219.86,3711823.0,220.152,20540
2025-07-02 15:00:00+00:00,219.87,221.6,219.87,221.19,2586769.0,220.907,13945
2025-07-02 16:00:00+00:00,221.18,221.53,220.56,220.73,1612633.0,221.057,8277
2025-07-02 17:00:00+00:00,220.73,220.98,219.81,219.88,1554953.0,220.35,8938
2025-07-02 18:00:00+00:00,219.89,220.63,219.82,220.08,1575560.0,220.267,8570
2025-07-02 19:00:00+00:00,220.08,220.4,219.55,219.9,3964497.0,219.971,23767
2025-07-03 13:30:00+00:00,221.82,224.01,221.59,222.66,7051380.0,223.126,35252
2025-07-03 14:00:00+00:00,222.66,223.41,221.36,222.03,5268100.0,222.242,24417
2025-07-03 15:00:00+00:00,222.02,223.55,222.02,223.3,2960955.0,222.834,14782
2025-07-03 16:00:00+00:00,223.31,223.55,222.77,223.29,3577167.0,223.191,19937
2025-07-07 13:30:00+00:00,223.07,224.0,222.37,223.39,4885424.0,223.386,23684
2025-07-07 14:00:00+00:00,223.39,224.29,222.64,223.07,4328386.0,223.608,24076
2025-07-07 15:00:00+00:00,223.07,224.26,223.07,223.98,3126926.0,223.888,19029
2025-07-07 16:00:00+00:00,223.98,224.27,222.45,222.56,3227786.0,223.343,17215
2025-07-07 17:00:00+00:00,222.55,223.55,222.54,223.31,1722091.0,222.992,9770
2025-07-07 18:00:00+00:00,223.31,223.64,222.39,223.49,2141029.0,223.056,11039
2025-07-07 19:00:00+00:00,223.49,223.67,222.87,223.48,3129292.0,223.258,20305
2025-07-08 13:30:00+00:00,223.87,224.0,221.97,222.03,3821561.0,222.997,18340
2025-07-08 14:00:00+00:00,222.02,222.16,218.43,219.81,9389317.0,220.494,52549
2025-07-08 15:00:00+00:00,219.81,220.93,219.41,220.31,3917551.0,220.17,21000
2025-07-08 16:00:00+00:00,220.3,221.07,220.11,220.61,2459737.0,220.664,14206
2025-07-08 17:00:00+00:00,220.61,221.0,220.17,220.72,2153018.0,220.513,11697
2025-07-08 18:00:00+00:00,220.71,221.01,219.66,219.78,2358563.0,220.341,13330
2025-07-08 19:00:00+00:00,219.78,220.23,219.11,219.34,5264188.0,219.563,29507
2025-07-09 13:30:00+00:00,221.04,223.69,220.63,223.36,4972794.0,222.352,23801
2025-07-09 14:00:00+00:00,223.39,224.29,221.42,221.77,6217123.0,223.159,32727
2025-07-09 15:00:00+00:00,221.74,223.1,221.45,222.27,2625393.0,222.276,15114
2025-07-09 16:00:00+00:00,222.27,223.03,222.07,222.81,1620107.0,222.531,8707
2025-07-09 17:00:00+00:00,222.8,222.85,220.47,222.2,3938962.0,221.779,22587
2025-07-09 18:00:00+00:00,222.2,222.79,222.16,222.51,1606288.0,222.504,8554
2025-07-09 19:00:00+00:00,222.51,222.84,222.25,222.47,3595883.0,222.496,20372
2025-07-10 13:30:00+00:00,221.53,222.37,220.21,220.56,3608142.0,221.192,18449
2025-07-10 14:00:00+00:00,220.56,221.33,219.7,221.28,3818034.0,220.529,21335
2025-07-10 15:00:00+00:00,221.29,222.12,220.79,222.11,2593454.0,221.395,14741
2025-07-10 16:00:00+00:00,222.1,222.23,221.54,222.03,2401958.0,221.962,11801
2025-07-10 17:00:00+00:00,222.02,222.79,222.01,222.67,2082331.0,222.436,10364
2025-07-10 18:00:00+00:00,222.66,222.77,222.07,222.13,1448690.0,222.526,8353
2025-07-10 19:00:00+00:00,222.13,222.46,221.7,222.28,2611164.0,222.183,16242
2025-07-11 13:30:00+00:00,223.58,224.77,222.37,224.31,6052044.0,223.8,30459
2025-07-11 14:00:00+00:00,224.3,224.88,223.73,224.83,7365939.0,224.401,42704
2025-07-11 15:00:00+00:00,224.82,225.84,224.18,225.75,7493598.0,225.045,41975
2025-07-11 16:00:00+00:00,225.74,225.76,224.84,225.45,2984340.0,225.31,17272
2025-07-11 17:00:00+00:00,225.46,225.9,224.95,225.8,2810426.0,225.515,16503
2025-07-11 18:00:00+00:00,225.79,226.68,225.69,225.7,3319872.0,226.124,18855
2025-07-11 19:00:00+00:00,225.7,226.11,224.96,224.99,4878085.0,225.434,30937
2025-07-14 13:30:00+00:00,225.01,226.25,224.24,225.99,5605005.0,225.376,27987
2025-07-14 14:00:00+00:00,225.99,226.33,225.04,226.27,4104640.0,225.775,24128
2025-07-14 15:00:00+00:00,226.27,226.66,225.43,225.73,2632466.0,226.006,14019
2025-07-14 16:00:00+00:00,225.73,226.15,225.48,225.88,2186826.0,225.875,12339
2025-07-14 17:00:00+00:00,225.89,226.17,225.47,225.55,1497926.0,225.881,8667
2025-07-14 18:00:00+00:00,225.56,225.63,225.06,225.29,1551359.0,225.369,8522
2025-07-14 19:00:00+00:00,225.31,225.74,224.91,225.63,2911610.0,225.365,17001
2025-07-15 13:30:00+00:00,226.2,227.19,225.45,226.82,3884579.0,226.325,18571
2025-07-15 14:00:00+00:00,226.84,227.2,225.56,225.67,4720132.0,226.684,27843
2025-07-15 15:00:00+00:00,225.68,227.03,225.64,226.97,2915429.0,226.509,16364
2025-07-15 16:00:00+00:00,226.98,227.27,225.86,225.91,2762055.0,226.636,17164
2025-07-15 17:00:00+00:00,225.91,226.82,225.75,226.79,1893124.0,226.17,11299
2025-07-15 18:00:00+00:00,226.79,227.04,226.2,226.23,2010084.0,226.798,12219
2025-07-15 19:00:00+00:00,226.21,227.15,226.11,226.31,3366274.0,226.577,21352
2025-07-16 13:30:00+00:00,225.92,226.1,223.75,223.98,4871970.0,224.639,23627
2025-07-16 14:00:00+00:00,223.98,225.73,223.86,224.73,3951012.0,225.067,20710
2025-07-16 15:00:00+00:00,224.72,225.44,222.18,223.53,4910080.0,223.645,28239
2025-07-16 16:00:00+00:00,223.53,223.82,223.02,223.68,1956648.0,223.483,10108
2025-07-16 17:00:00+00:00,223.69,223.73,222.69,222.98,2246132.0,223.1,12275
2025-07-16 18:00:00+00:00,222.99,223.45,222.67,223.41,2099642.0,223.167,12240
2025-07-16 19:00:00+00:00,223.39,223.54,222.92,223.18,3995678.0,223.217,22833
2025-07-17 13:30:00+00:00,223.39,224.25,222.64,223.53,2836643.0,223.524,12976
2025-07-17 14:00:00+00:00,223.54,223.97,222.51,223.27,3196073.0,223.069,17355
2025-07-17 15:00:00+00:00,223.27,224.01,222.75,223.72,2996219.0,223.59,17760
2025-07-17 16:00:00+00:00,223.71,223.98,223.5,223.92,1577184.0,223.744,9561
2025-07-17 17:00:00+00:00,223.92,224.1,223.51,223.88,1592077.0,223.819,8751
2025-07-17 18:00:00+00:00,223.88,223.99,223.42,223.49,1614199.0,223.791,9775
2025-07-17 19:00:00+00:00,223.49,224.5,223.48,223.99,4631566.0,224.019,28589
2025-07-18 13:30:00+00:00,225.14,225.49,223.99,224.3,5600478.0,225.06,15998
2025-07-18 14:00:00+00:00,224.33,224.65,222.98,223.48,3349230.0,223.708,19112
2025-07-18 15:00:00+00:00,223.48,225.21,223.34,225.15,2330014.0,224.51,12207
2025-07-18 16:00:00+00:00,225.15,226.0,224.56,225.8,2264212.0,225.328,12286
2025-07-18 17:00:00+00:00,225.8,226.01,225.3,225.31,2106086.0,225.758,12606
2025-07-18 18:00:00+00:00,225.33,226.02,225.31,225.84,2385941.0,225.867,12880
2025-07-18 19:00:00+00:00,225.86,226.4,225.72,226.12,3780223.0,226.008,21497
2025-07-21 13:30:00+00:00,225.84,227.99,225.65,227.41,5860518.0,227.18,27642
2025-07-21 14:00:00+00:00,227.41,228.19,227.0,228.1,4987813.0,227.804,29415
2025-07-21 15:00:00+00:00,228.1,228.48,227.53,228.03,3526558.0,228.042,20923
2025-07-21 16:00:00+00:00,228.02,229.06,227.9,228.63,2992412.0,228.415,16840
2025-07-21 17:00:00+00:00,228.61,229.46,228.6,229.25,1892446.0,228.979,11196
2025-07-21 18:00:00+00:00,229.24,229.6,228.93,229.15,1826044.0,229.274,10897
2025-07-21 19:00:00+00:00,229.16,229.69,228.77,229.31,4274412.0,229.278,26282
2025-07-22 13:30:00+00:00,229.64,230.0,227.37,227.65,7342091.0,229.139,41539
2025-07-22 14:00:00+00:00,227.68,228.0,226.57,227.53,3658045.0,227.458,19148
2025-07-22 15:00:00+00:00,227.53,227.61,226.6,226.7,2341497.0,227.053,13548
2025-07-22 16:00:00+00:00,226.71,227.2,226.35,227.16,1892810.0,226.802,10329
2025-07-22 17:00:00+00:00,227.16,227.76,227.01,227.02,1499869.0,227.293,8102
2025-07-22 18:00:00+00:00,227.01,227.87,226.77,227.78,1719955.0,227.424,9248
2025-07-22 19:00:00+00:00,227.76,228.7,227.42,227.52,2596639.0,227.742,15377
2025-07-23 13:30:00+00:00,228.47,228.79,227.57,228.26,4013524.0,228.381,17673
2025-07-23 14:00:00+00:00,228.26,228.52,227.61,227.82,1974238.0,228.018,10178
2025-07-23 15:00:00+00:00,227.82,228.4,227.09,227.92,2501167.0,227.569,13275
2025-07-23 16:00:00+00:00,227.9,228.17,227.37,228.07,1386301.0,227.78,7796
2025-07-23 17:00:00+00:00,228.06,228.48,227.83,228.36,1788526.0,228.236,9722
2025-07-23 18:00:00+00:00,228.36,228.5,228.28,228.37,1618865.0,228.401,9160
2025-07-23 19:00:00+00:00,228.37,228.42,227.85,228.29,2394792.0,228.134,14672
2025-07-24 13:30:00+00:00,228.94,234.07,228.64,233.95,10358055.0,231.341,55776
2025-07-24 14:00:00+00:00,233.96,233.97,230.32,231.12,5921378.0,231.595,34364
2025-07-24 15:00:00+00:00,231.13,233.03,231.01,232.45,3924057.0,232.16,21676
2025-07-24 16:00:00+00:00,232.43,232.57,231.75,232.21,2235812.0,232.096,11492
2025-07-24 17:00:00+00:00,232.2,232.47,231.85,231.87,1270140.0,232.144,7243
2025-07-24 18:00:00+00:00,231.88,232.28,231.61,231.95,1411745.0,232.001,7688
2025-07-24 19:00:00+00:00,231.94,236.0,231.76,232.25,3439823.0,232.197,21285
2025-07-25 13:30:00+00:00,232.14,232.31,231.3,231.79,2901613.0,231.842,15256
2025-07-25 14:00:00+00:00,231.78,232.3,231.18,231.85,3154666.0,231.656,15940
2025-07-25 15:00:00+00:00,231.85,232.4,231.5,232.32,1837353.0,231.965,10520
2025-07-25 16:00:00+00:00,232.31,232.48,232.0,232.11,1728428.0,232.242,9078
2025-07-25 17:00:00+00:00,232.11,232.15,231.66,231.83,1176194.0,231.852,7131
2025-07-25 18:00:00+00:00,231.82,231.96,231.44,231.76,1248114.0,231.75,7808
2025-07-25 19:00:00+00:00,231.76,232.1,231.33,231.44,3221249.0,231.689,20359
2025-07-28 13:30:00+00:00,233.35,234.29,232.25,233.42,3831841.0,233.209,18561
2025-07-28 14:00:00+00:00,233.43,234.21,233.06,233.66,3051683.0,233.69,17682
2025-07-28 15:00:00+00:00,233.68,234.04,232.84,232.95,2045654.0,233.332,11848
2025-07-28 16:00:00+00:00,232.95,233.3,232.61,233.13,1433129.0,232.887,8646
2025-07-28 17:00:00+00:00,233.14,233.27,232.8,232.9,1024546.0,233.015,6308
2025-07-28 18:00:00+00:00,232.89,233.04,232.63,232.77,1065137.0,232.822,6195
2025-07-28 19:00:00+00:00,232.77,233.16,232.49,232.81,2348645.0,232.795,14663
2025-07-29 13:30:00+00:00,234.16,234.72,231.41,231.88,4238790.0,232.91,21220
2025-07-29 14:00:00+00:00,231.91,232.01,230.31,230.7,3946992.0,231.3,21326
2025-07-29 15:00:00+00:00,230.7,231.4,230.52,231.35,2638184.0,230.94,15881
2025-07-29 16:00:00+00:00,231.35,231.7,230.58,231.65,1943095.0,231.208,11065
2025-07-29 17:00:00+00:00,231.63,231.92,231.04,231.39,1482964.0,231.527,9027
2025-07-29 18:00:00+00:00,231.39,231.85,231.03,231.56,1572848.0,231.468,9271
2025-07-29 19:00:00+00:00,231.56,231.76,230.66,231.0,3661688.0,231.181,22736
2025-07-30 13:30:00+00:00,231.64,231.8,230.59,230.77,2391862.0,231.172,11897
2025-07-30 14:00:00+00:00,230.78,230.78,229.73,229.86,2904467.0,230.265,15320
2025-07-30 15:00:00+00:00,229.87,230.36,229.56,230.3,2179982.0,229.998,12727
2025-07-30 16:00:00+00:00,230.28,230.66,230.08,230.45,1270448.0,230.345,7022
2025-07-30 17:00:00+00:00,230.47,230.96,230.16,230.69,1253352.0,230.544,6987
2025-07-30 18:00:00+00:00,230.69,231.0,229.66,229.8,2419095.0,230.513,14074
2025-07-30 19:00:00+00:00,229.8,230.33,229.29,230.26,4174283.0,229.814,25308
2025-07-31 13:30:00+00:00,235.83,235.92,231.4,233.56,10959864.0,233.369,55953
2025-07-31 14:00:00+00:00,233.54,234.37,231.5,232.2,8441418.0,232.996,47001
2025-07-31 15:00:00+00:00,232.18,234.78,231.92,234.76,6402837.0,233.305,37817
2025-07-31 16:00:00+00:00,234.75,236.53,234.45,234.98,7379536.0,235.351,38628
2025-07-31 17:00:00+00:00,234.99,235.5,233.11,233.33,4954481.0,234.535,28797
2025-07-31 18:00:00+00:00,233.31,235.0,233.2,234.15,5118512.0,234.181,29439
2025-07-31 19:00:00+00:00,234.17,235.02,233.38,234.11,11987457.0,234.155,67473
2025-08-01 13:30:00+00:00,217.21,220.44,215.25,218.42,19049422.0,218.229,85634
2025-08-01 14:00:00+00:00,218.43,220.28,216.11,216.36,13412106.0,218.651,65402
2025-08-01 15:00:00+00:00,216.36,216.56,215.09,215.92,9640628.0,215.901,45709
2025-08-01 16:00:00+00:00,215.91,216.49,214.81,214.87,6927347.0,215.849,34783
2025-08-01 17:00:00+00:00,214.87,215.21,213.45,213.63,7177472.0,214.35,36501
2025-08-01 18:00:00+00:00,213.63,215.17,212.8,214.55,7612502.0,214.09,39597
2025-08-01 19:00:00+00:00,214.53,216.0,214.48,214.81,10147571.0,215.078,53549
2025-08-04 13:30:00+00:00,217.44,217.44,214.39,215.58,8748714.0,215.463,42061
2025-08-04 14:00:00+00:00,215.59,215.68,212.08,212.74,12053251.0,213.512,60024
2025-08-04 15:00:00+00:00,212.72,213.08,211.42,212.8,8474477.0,212.12,40883
2025-08-04 16:00:00+00:00,212.79,213.62,212.45,212.83,5119498.0,213.155,25875
2025-08-04 17:00:00+00:00,212.81,213.29,212.45,212.66,3128730.0,212.82,16597
2025-08-04 18:00:00+00:00,212.66,213.15,212.04,212.22,4963268.0,212.47,21933
2025-08-04 19:00:00+00:00,212.23,212.69,211.58,211.72,8644908.0,212.019,44955
2025-08-05 13:30:00+00:00,213.13,216.3,212.87,215.66,8050346.0,214.962,37408
2025-08-05 14:00:00+00:00,215.63,215.99,213.5,214.35,6700295.0,214.753,34590
2025-08-05 15:00:00+00:00,214.34,215.37,213.95,214.36,4136583.0,214.678,22001
2025-08-05 16:00:00+00:00,214.35,215.7,214.3,214.95,2967307.0,215.098,15747
2025-08-05 17:00:00+00:00,214.94,215.67,214.34,215.43,2622827.0,214.978,14959
2025-08-05 18:00:00+00:00,215.41,215.47,213.62,213.81,2891835.0,214.251,16732
2025-08-05 19:00:00+00:00,213.81,215.04,213.52,213.78,5900189.0,213.839,33087
2025-08-06 13:30:00+00:00,214.68,214.76,213.75,213.82,3420221.0,214.248,16152
2025-08-06 14:00:00+00:00,213.83,217.78,213.74,217.65,6082161.0,215.871,32110
2025-08-06 15:00:00+00:00,217.64,218.57,217.13,218.49,4886051.0,217.695,25213
2025-08-06 16:00:00+00:00,218.49,219.91,218.29,219.81,4380192.0,218.959,20354
2025-08-06 17:00:00+00:00,219.83,221.67,219.54,221.1,5607899.0,220.749,26828
2025-08-06 18:00:00+00:00,221.11,221.93,220.81,220.82,3590211.0,221.416,18927
2025-08-06 19:00:00+00:00,220.82,222.65,220.77,222.34,7435710.0,221.764,37704
2025-08-07 13:30:00+00:00,221.0,225.84,220.91,225.54,6434428.0,223.928,31909
2025-08-07 14:00:00+00:00,225.55,226.22,223.04,223.45,5738516.0,224.666,31596
2025-08-07 15:00:00+00:00,223.44,223.75,222.76,222.83,2887199.0,223.223,15548
2025-08-07 16:00:00+00:00,222.82,223.22,221.78,222.92,3237908.0,222.641,15876
2025-08-07 17:00:00+00:00,222.93,223.16,221.43,222.0,1925395.0,222.087,10817
2025-08-07 18:00:00+00:00,222.0,222.11,220.82,221.43,2372643.0,221.281,13019
2025-08-07 19:00:00+00:00,221.43,223.22,221.1,223.17,4538457.0,222.174,27194
2025-08-08 13:30:00+00:00,223.14,223.8,222.5,222.95,3034013.0,223.137,14740
2025-08-08 14:00:00+00:00,222.95,223.31,222.02,222.81,3576986.0,222.746,18547
2025-08-08 15:00:00+00:00,222.83,223.47,222.19,222.88,2887503.0,222.886,14230
2025-08-08 16:00:00+00:00,222.86,223.16,222.21,222.49,2351304.0,222.664,11419
2025-08-08 17:00:00+00:00,222.49,222.69,222.22,222.58,1811691.0,222.447,8230
2025-08-08 18:00:00+00:00,222.59,222.69,221.88,222.3,2101470.0,222.211,9856
2025-08-08 19:00:00+00:00,222.3,222.73,222.14,222.7,3808908.0,222.484,21594
2025-08-11 13:30:00+00:00,222.0,223.05,220.4,221.0,3992545.0,221.576,18547
2025-08-11 14:00:00+00:00,220.99,222.04,220.85,221.49,3390309.0,221.54,17789
2025-08-11 15:00:00+00:00,221.47,221.87,221.04,221.52,2859995.0,221.416,14048
2025-08-11 16:00:00+00:00,221.5,222.23,221.31,221.82,2496913.0,221.873,10017
2025-08-11 17:00:00+00:00,221.81,221.9,220.82,221.03,2160110.0,221.359,10595
2025-08-11 18:00:00+00:00,221.03,221.11,220.62,221.0,2401944.0,220.871,12129
2025-08-11 19:00:00+00:00,221.01,221.47,220.4,221.37,4256345.0,220.996,25256
2025-08-12 13:30:00+00:00,222.2,223.5,219.05,219.82,5422799.0,221.299,28043
2025-08-12 14:00:00+00:00,219.83,221.2,219.33,220.83,3983467.0,220.431,21779
2025-08-12 15:00:00+00:00,220.83,222.07,220.79,222.04,2974334.0,221.31,16377
2025-08-12 16:00:00+00:00,222.01,222.17,221.38,222.01,1866164.0,221.783,10301
2025-08-12 17:00:00+00:00,222.02,222.43,221.67,222.07,1725229.0,222.076,9312
2025-08-12 18:00:00+00:00,222.1,222.2,221.75,221.95,1707955.0,221.964,9218
2025-08-12 19:00:00+00:00,221.95,221.96,221.07,221.44,4681593.0,221.623,25969
2025-08-13 13:30:00+00:00,222.0,224.92,222.0,224.32,5026206.0,223.82,24297
2025-08-13 14:00:00+00:00,224.34,224.34,222.48,223.2,4146285.0,223.268,22427
2025-08-13 15:00:00+00:00,223.19,224.88,222.8,223.4,3684593.0,223.801,19773
2025-08-13 16:00:00+00:00,223.4,224.59,223.2,224.38,2585402.0,223.986,15074
2025-08-13 17:00:00+00:00,224.37,224.73,224.18,224.53,1925920.0,224.46,11659
2025-08-13 18:00:00+00:00,224.54,224.54,223.89,224.26,1910472.0,224.079,11553
2025-08-13 19:00:00+00:00,224.25,224.84,224.07,224.56,3629774.0,224.487,22188
2025-08-14 13:30:00+00:00,227.4,230.49,227.02,230.19,9989012.0,229.317,48907
2025-08-14 14:00:00+00:00,230.19,230.49,228.52,229.92,5536786.0,229.398,29570
2025-08-14 15:00:00+00:00,229.93,230.1,228.25,229.78,3831218.0,229.142,21338
2025-08-14 16:00:00+00:00,229.79,231.72,229.56,231.6,5165903.0,230.738,24852
2025-08-14 17:00:00+00:00,231.59,233.03,231.09,232.97,5183464.0,232.13,22582
2025-08-14 18:00:00+00:00,232.97,233.11,231.53,231.64,4699223.0,232.516,23393
2025-08-14 19:00:00+00:00,231.64,232.07,230.84,230.89,6643707.0,231.411,37210
2025-08-15 13:30:00+00:00,232.58,234.08,231.2,231.65,8084472.0,232.514,32903
2025-08-15 14:00:00+00:00,231.66,232.69,231.25,231.44,4001419.0,232.059,23538
2025-08-15 15:00:00+00:00,231.42,232.0,230.35,230.65,3019110.0,231.214,16140
2025-08-15 16:00:00+00:00,230.62,230.66,229.8,230.51,2265109.0,230.227,13025
2025-08-15 17:00:00+00:00,230.5,230.84,229.95,230.83,1759221.0,230.398,9517
2025-08-15 18:00:00+00:00,230.8,231.02,230.08,230.49,2040854.0,230.424,11467
2025-08-15 19:00:00+00:00,230.49,231.24,230.09,231.06,3885970.0,230.874,23517
2025-08-18 13:30:00+00:00,230.32,230.92,228.33,228.75,3345184.0,229.633,15089
2025-08-18 14:00:00+00:00,228.75,230.54,228.69,230.51,2772631.0,229.791,13830
2025-08-18 15:00:00+00:00,230.5,230.76,230.06,230.36,1382709.0,230.449,7660
2025-08-18 16:00:00+00:00,230.35,230.58,229.74,230.09,1124908.0,230.219,6186
2025-08-18 17:00:00+00:00,230.09,231.15,230.08,230.49,1206194.0,230.67,6384
2025-08-18 18:00:00+00:00,230.48,231.18,230.4,231.14,1252409.0,230.842,6871
2025-08-18 19:00:00+00:00,231.14,231.91,231.06,231.43,2810823.0,231.486,16375
2025-08-19 13:30:00+00:00,230.09,230.53,228.57,229.09,2944807.0,229.475,12953
2025-08-19 14:00:00+00:00,229.07,229.55,227.68,228.42,3670398.0,228.583,18892
2025-08-19 15:00:00+00:00,228.41,229.12,228.13,229.02,1744359.0,228.604,9587
2025-08-19 16:00:00+00:00,229.01,229.35,228.03,228.28,2320814.0,228.627,12629
2025-08-19 17:00:00+00:00,228.3,228.48,227.88,228.18,1433019.0,228.154,7710
2025-08-19 18:00:00+00:00,228.18,228.19,227.25,227.49,1851028.0,227.747,9372
2025-08-19 19:00:00+00:00,227.47,228.07,227.12,228.02,3064334.0,227.606,17249
2025-08-20 13:30:00+00:00,227.07,227.27,222.95,223.71,4349759.0,225.161,21160
2025-08-20 14:00:00+00:00,223.66,223.99,220.91,221.27,4844435.0,222.311,26498
2025-08-20 15:00:00+00:00,221.27,224.23,221.15,222.85,3011452.0,222.905,16305
2025-08-20 16:00:00+00:00,222.85,224.33,222.81,223.41,1655392.0,223.714,9694
2025-08-20 17:00:00+00:00,223.39,224.76,223.31,223.8,1544513.0,224.202,8908
2025-08-20 18:00:00+00:00,223.82,223.88,223.18,223.4,1422167.0,223.522,7760
2025-08-20 19:00:00+00:00,223.4,224.57,223.37,223.81,2792653.0,224.051,16165
2025-08-21 13:30:00+00:00,222.77,222.78,220.54,220.99,4420251.0,221.6,22298
2025-08-21 14:00:00+00:00,220.96,222.6,220.57,221.54,4301986.0,221.616,23966
2025-08-21 15:00:00+00:00,221.54,222.4,221.01,221.11,2699859.0,221.681,15971
2025-08-21 16:00:00+00:00,221.1,221.74,220.81,221.15,2037104.0,221.286,11595
2025-08-21 17:00:00+00:00,221.16,221.67,220.5,221.52,1834316.0,221.141,10579
2025-08-21 18:00:00+00:00,221.5,222.01,221.33,221.81,1833392.0,221.684,9701
2025-08-21 19:00:00+00:00,221.81,222.26,221.72,221.95,2651835.0,221.936,15868
2025-08-22 13:30:00+00:00,222.8,223.08,220.82,221.12,2465996.0,222.146,11157
2025-08-22 14:00:00+00:00,221.2,226.91,221.11,226.43,6131894.0,225.025,29674
2025-08-22 15:00:00+00:00,226.45,227.81,226.45,226.8,3387593.0,227.364,18558
2025-08-22 16:00:00+00:00,226.83,227.33,226.46,226.91,2223075.0,226.932,10872
2025-08-22 17:00:00+00:00,226.89,228.29,226.89,228.12,1836546.0,227.63,10547
2025-08-22 18:00:00+00:00,228.13,229.02,227.98,228.9,2617060.0,228.399,13423
2025-08-22 19:00:00+00:00,228.91,229.14,228.21,228.84,4925605.0,228.832,26744
2025-08-25 13:30:00+00:00,227.32,229.13,227.22,228.4,2749098.0,228.027,12434
2025-08-25 14:00:00+00:00,228.39,229.34,227.97,229.25,2031847.0,228.772,11104
2025-08-25 15:00:00+00:00,229.22,229.6,228.7,228.75,2161354.0,229.245,11896
2025-08-25 16:00:00+00:00,228.77,228.88,228.15,228.4,1500062.0,228.509,8158
2025-08-25 17:00:00+00:00,228.41,228.68,228.13,228.54,917340.0,228.416,5821
2025-08-25 18:00:00+00:00,228.55,228.65,228.29,228.46,989414.0,228.477,5646
2025-08-25 19:00:00+00:00,228.46,228.9,227.89,227.9,2462196.0,228.472,15109
2025-08-26 13:30:00+00:00,227.11,228.2,226.02,226.9,2250562.0,227.145,10385
2025-08-26 14:00:00+00:00,226.92,228.6,226.72,228.36,2169006.0,227.701,12323
2025-08-26 15:00:00+00:00,228.34,228.52,227.82,228.16,1209327.0,228.191,6649
2025-08-26 16:00:00+00:00,228.17,228.45,227.78,227.98,905198.0,228.128,5303
2025-08-26 17:00:00+00:00,227.97,227.99,227.32,227.48,988257.0,227.687,5354
2025-08-26 18:00:00+00:00,227.47,228.1,227.45,228.02,856496.0,227.811,4995
2025-08-26 19:00:00+00:00,228.02,229.0,227.84,228.72,2407111.0,228.333,15095
2025-08-27 13:30:00+00:00,228.57,229.87,227.81,229.21,3087888.0,228.917,15499
2025-08-27 14:00:00+00:00,229.18,229.71,228.93,228.96,2090769.0,229.26,11352
2025-08-27 15:00:00+00:00,228.97,229.35,228.58,229.25,1401159.0,228.938,8009
2025-08-27 16:00:00+00:00,229.26,229.34,228.28,228.83,1089484.0,228.771,6032
2025-08-27 17:00:00+00:00,228.83,228.97,228.41,228.86,762488.0,228.719,4059
2025-08-27 18:00:00+00:00,228.86,229.27,228.75,228.86,929307.0,229.019,5288
2025-08-27 19:00:00+00:00,228.87,229.39,228.28,229.05,2355302.0,229.005,14024
2025-08-28 13:30:00+00:00,229.29,230.86,228.02,229.12,3081910.0,229.586,14647
2025-08-28 14:00:00+00:00,229.13,231.56,228.99,231.44,3180134.0,230.367,16574
2025-08-28 15:00:00+00:00,231.44,232.68,231.29,231.58,3231877.0,232.071,17196
2025-08-28 16:00:00+00:00,231.58,232.71,231.46,231.84,1794082.0,232.123,9983
2025-08-28 17:00:00+00:00,231.84,232.14,231.55,232.07,1313716.0,231.812,7652
2025-08-28 18:00:00+00:00,232.06,232.24,231.84,231.85,1324551.0,232.049,8015
2025-08-28 19:00:00+00:00,231.86,231.92,231.38,231.56,3205744.0,231.662,20382
2025-08-29 13:30:00+00:00,231.32,231.82,229.58,229.88,2234052.0,230.735,11175
2025-08-29 14:00:00+00:00,229.86,230.38,228.48,228.73,2756302.0,229.423,15711
2025-08-29 15:00:00+00:00,228.72,229.19,228.45,228.47,1777070.0,228.864,9798
2025-08-29 16:00:00+00:00,228.49,229.05,228.43,228.8,1258188.0,228.737,6678
2025-08-29 17:00:00+00:00,228.79,228.93,228.16,228.82,1260929.0,228.516,6534
2025-08-29 18:00:00+00:00,228.81,228.97,228.53,228.87,1028355.0,228.733,6392
2025-08-29 19:00:00+00:00,228.87,229.2,228.41,229.05,3258025.0,228.846,19840
2025-09-02 13:30:00+00:00,223.72,225.41,223.1,224.69,4835958.0,224.207,23318
2025-09-02 14:00:00+00:00,224.65,225.08,223.5,223.99,3658508.0,224.468,20727
2025-09-02 15:00:00+00:00,224.0,224.1,221.83,222.04,3706794.0,222.874,18624
2025-09-02 16:00:00+00:00,222.05,224.5,222.05,224.38,2471699.0,223.456,14110
2025-09-02 17:00:00+00:00,224.37,225.97,224.36,225.27,2088968.0,225.119,10850
2025-09-02 18:00:00+00:00,225.28,225.66,224.9,225.24,1246173.0,225.249,6593
2025-09-02 19:00:00+00:00,225.24,226.17,225.24,225.33,3024742.0,225.559,17033
2025-09-03 13:30:00+00:00,225.25,227.17,224.9,226.3,3488589.0,226.144,16746
2025-09-03 14:00:00+00:00,226.29,227.11,225.86,226.46,2782114.0,226.582,15232
2025-09-03 15:00:00+00:00,226.45,226.56,225.3,225.87,1972318.0,225.892,11305
2025-09-03 16:00:00+00:00,225.86,225.95,224.89,225.15,1616821.0,225.49,9209
2025-09-03 17:00:00+00:00,225.14,226.1,224.77,225.04,1549727.0,225.486,9072
2025-09-03 18:00:00+00:00,225.0,225.0,224.36,224.6,1506754.0,224.647,8777
2025-09-03 19:00:00+00:00,224.59,226.0,224.51,225.98,3637377.0,225.454,22499
2025-09-04 13:30:00+00:00,230.99,234.89,230.78,233.88,11923444.0,233.437,58041
2025-09-04 14:00:00+00:00,233.91,234.14,232.07,232.43,6614679.0,233.067,33789
2025-09-04 15:00:00+00:00,232.4,233.69,232.14,233.51,3866442.0,233.034,20919
2025-09-04 16:00:00+00:00,233.52,234.57,233.31,233.83,4232029.0,233.973,19505
2025-09-04 17:00:00+00:00,233.84,234.81,233.8,234.76,2870651.0,234.395,14770
2025-09-04 18:00:00+00:00,234.76,235.7,234.76,235.14,4374255.0,235.217,22577
2025-09-04 19:00:00+00:00,235.13,235.77,234.8,235.69,5844150.0,235.339,34241
2025-09-05 13:30:00+00:00,235.08,235.49,234.02,235.31,5097160.0,234.77,25154
2025-09-05 14:00:00+00:00,235.37,236.0,232.66,232.91,4643605.0,234.45,27161
2025-09-05 15:00:00+00:00,232.89,233.82,231.93,233.66,3512641.0,232.935,20602
2025-09-05 16:00:00+00:00,233.67,234.3,233.21,233.64,1768244.0,233.824,10051
2025-09-05 17:00:00+00:00,233.65,233.65,232.71,233.06,1443445.0,233.157,8037
2025-09-05 18:00:00+00:00,233.05,233.28,232.72,232.99,1325173.0,233.005,7339
2025-09-05 19:00:00+00:00,232.98,233.09,231.96,232.32,5363168.0,232.422,30106
2025-09-08 13:30:00+00:00,235.0,235.49,233.85,234.18,3823357.0,234.636,19406
2025-09-08 14:00:00+00:00,234.2,237.21,233.75,236.92,4902487.0,235.872,24884
2025-09-08 15:00:00+00:00,236.91,237.6,236.68,237.1,3082077.0,237.138,17254
2025-09-08 16:00:00+00:00,237.09,237.14,235.47,235.78,2097041.0,236.26,11992
2025-09-08 17:00:00+00:00,235.8,236.26,235.72,235.92,1452215.0,236.006,8221
2025-09-08 18:00:00+00:00,235.92,236.67,235.73,236.48,1619639.0,236.341,8938
2025-09-08 19:00:00+00:00,236.48,236.59,235.55,235.85,4083579.0,236.03,24662
2025-09-09 13:30:00+00:00,236.37,236.8,235.08,236.34,2100114.0,236.162,10042
2025-09-09 14:00:00+00:00,236.36,236.71,235.1,236.61,2573889.0,235.844,13892
2025-09-09 15:00:00+00:00,236.61,236.76,235.74,236.14,1416712.0,236.258,8382
2025-09-09 16:00:00+00:00,236.14,237.84,236.05,237.55,1796647.0,237.201,9207
2025-09-09 17:00:00+00:00,237.56,237.9,237.33,237.76,1570891.0,237.667,8735
2025-09-09 18:00:00+00:00,237.76,238.74,237.48,238.35,3359342.0,238.071,18233
2025-09-09 19:00:00+00:00,238.35,238.85,238.03,238.23,3437575.0,238.385,21094
2025-09-10 13:30:00+00:00,237.52,237.68,230.59,232.69,10284327.0,233.031,52619
2025-09-10 14:00:00+00:00,232.69,234.4,232.2,232.82,7251553.0,233.495,35874
2025-09-10 15:00:00+00:00,232.82,233.64,231.91,232.64,3971129.0,232.789,19425
2025-09-10 16:00:00+00:00,232.65,232.68,231.17,231.71,3286327.0,231.8,17260
2025-09-10 17:00:00+00:00,231.72,232.13,230.66,231.13,3554312.0,231.357,17292
2025-09-10 18:00:00+00:00,231.12,231.5,229.62,230.44,4330122.0,230.7,22046
2025-09-10 19:00:00+00:00,230.43,230.59,229.09,230.36,8195658.0,229.848,43797
2025-09-11 13:30:00+00:00,231.36,231.53,229.5,231.02,4733453.0,230.733,22214
2025-09-11 14:00:00+00:00,231.03,231.06,229.33,231.03,4298834.0,230.289,22222
2025-09-11 15:00:00+00:00,231.02,231.48,230.57,230.99,2624489.0,231.038,14484
2025-09-11 16:00:00+00:00,231.0,231.43,230.75,231.15,2303887.0,231.05,11349
2025-09-11 17:00:00+00:00,231.17,231.52,230.89,231.15,1746658.0,231.201,9660
2025-09-11 18:00:00+00:00,231.15,231.32,230.45,230.48,1865530.0,230.937,10043
2025-09-11 19:00:00+00:00,230.49,230.5,229.53,229.96,4991401.0,230.059,26229
2025-09-12 13:30:00+00:00,230.35,230.79,228.37,229.08,3990798.0,229.348,20486
2025-09-12 14:00:00+00:00,229.02,230.2,228.41,230.16,3401159.0,229.23,18100
2025-09-12 15:00:00+00:00,230.16,230.38,228.71,229.08,2468623.0,229.321,12260
2025-09-12 16:00:00+00:00,229.08,229.08,228.13,228.55,2494670.0,228.519,12876
2025-09-12 17:00:00+00:00,228.55,228.61,226.29,227.34,4142592.0,227.446,22717
2025-09-12 18:00:00+00:00,227.33,228.04,227.16,227.93,2493272.0,227.678,13991
2025-09-12 19:00:00+00:00,227.93,228.42,227.51,228.11,4270548.0,227.954,24434
2025-09-15 13:30:00+00:00,230.63,232.17,230.32,231.73,4322733.0,231.159,20083
2025-09-15 14:00:00+00:00,231.73,233.41,230.92,233.38,4570888.0,231.926,24104
2025-09-15 15:00:00+00:00,233.38,233.73,232.42,232.62,3249227.0,232.97,18150
2025-09-15 16:00:00+00:00,232.6,233.27,231.73,231.83,2282903.0,232.45,12251
2025-09-15 17:00:00+00:00,231.83,231.86,231.03,231.79,1673802.0,231.548,9038
2025-09-15 18:00:00+00:00,231.78,232.21,231.08,231.5,1644529.0,231.586,9653
2025-09-15 19:00:00+00:00,231.49,231.96,230.83,231.44,3248756.0,231.265,19231
2025-09-16 13:30:00+00:00,232.94,234.18,232.23,232.8,5156376.0,233.228,26593
2025-09-16 14:00:00+00:00,232.8,235.6,232.66,234.78,5940687.0,234.635,31144
2025-09-16 15:00:00+00:00,234.79,235.9,234.51,235.26,2970140.0,235.247,15440
2025-09-16 16:00:00+00:00,235.25,235.55,234.62,234.69,2055484.0,235.042,10444
2025-09-16 17:00:00+00:00,234.69,235.46,234.62,235.3,1419467.0,234.943,7931
2025-09-16 18:00:00+00:00,235.3,235.37,234.67,234.87,1402689.0,234.966,8526
2025-09-16 19:00:00+00:00,234.87,234.98,233.97,234.02,3568277.0,234.464,21357
2025-09-17 13:30:00+00:00,233.71,234.3,231.26,231.47,3897122.0,232.316,20149
2025-09-17 14:00:00+00:00,231.46,231.57,229.71,230.48,4114498.0,230.612,22569
2025-09-17 15:00:00+00:00,230.49,231.1,230.05,230.88,2512476.0,230.556,13266
2025-09-17 16:00:00+00:00,230.87,231.1,230.26,230.49,1587268.0,230.709,8598
2025-09-17 17:00:00+00:00,230.49,231.71,230.47,231.71,2071420.0,231.174,10044
2025-09-17 18:00:00+00:00,231.68,232.41,228.71,230.04,6122070.0,230.512,29394
2025-09-17 19:00:00+00:00,230.01,231.65,229.95,231.64,4892440.0,231.127,27620
2025-09-18 13:30:00+00:00,232.48,232.52,228.79,230.11,5331242.0,230.286,29844
2025-09-18 14:00:00+00:00,230.09,232.15,230.07,231.89,3954451.0,231.387,19835
2025-09-18 15:00:00+00:00,231.92,233.06,231.84,232.19,2848332.0,232.445,15533
2025-09-18 16:00:00+00:00,232.19,233.48,231.97,233.09,1978159.0,232.755,11146
2025-09-18 17:00:00+00:00,233.09,233.29,232.02,232.15,1553518.0,232.752,8778
2025-09-18 18:00:00+00:00,232.14,232.59,231.57,232.01,2176048.0,232.102,12215
2025-09-18 19:00:00+00:00,232.02,232.07,230.83,231.21,3915603.0,231.391,23686
2025-09-19 13:30:00+00:00,232.37,233.19,231.88,233.16,9744434.0,232.675,19029
2025-09-19 14:00:00+00:00,233.17,233.9,232.53,233.63,3670850.0,233.238,19987
2025-09-19 15:00:00+00:00,233.65,234.15,232.94,233.05,2744638.0,233.394,12762
2025-09-19 16:00:00+00:00,233.05,234.16,232.91,233.24,2146519.0,233.515,12017
2025-09-19 17:00:00+00:00,233.23,233.42,232.57,232.75,1708740.0,233.017,10298
2025-09-19 18:00:00+00:00,232.75,232.96,231.81,232.19,2562946.0,232.325,15802
2025-09-19 19:00:00+00:00,232.19,232.44,229.7,231.6,6953772.0,231.608,43102
2025-09-22 13:30:00+00:00,230.52,230.58,227.92,229.62,4249307.0,229.196,21340
2025-09-22 14:00:00+00:00,229.62,230.52,229.5,230.0,3633122.0,229.971,19681
2025-09-22 15:00:00+00:00,230.0,230.1,228.77,228.95,3176288.0,229.323,18213
2025-09-22 16:00:00+00:00,228.95,229.08,228.13,228.39,3840942.0,228.585,20743
2025-09-22 17:00:00+00:00,228.39,229.08,228.05,228.21,2850780.0,228.554,15120
2025-09-22 18:00:00+00:00,228.2,228.47,227.9,228.06,2678908.0,228.097,14335
2025-09-22 19:00:00+00:00,228.06,228.24,227.51,227.62,5028407.0,227.887,28207
2025-09-23 13:30:00+00:00,227.9,227.9,221.23,221.49,10891202.0,223.84,58207
2025-09-23 14:00:00+00:00,221.48,223.44,221.32,223.42,8961127.0,222.523,49491
2025-09-23 15:00:00+00:00,223.41,224.13,222.25,222.33,4989698.0,223.198,25132
2025-09-23 16:00:00+00:00,222.33,222.83,222.02,222.59,3110332.0,222.534,16045
2025-09-23 17:00:00+00:00,222.59,222.59,221.13,221.82,4048665.0,221.866,21555
2025-09-23 18:00:00+00:00,221.82,221.82,220.7,220.92,4207565.0,221.14,22608
2025-09-23 19:00:00+00:00,220.92,221.19,220.07,220.74,8836312.0,220.689,42259
2025-09-24 13:30:00+00:00,224.22,224.56,221.35,221.7,5893981.0,222.713,30111
2025-09-24 14:00:00+00:00,221.68,222.61,220.75,221.2,5778230.0,221.607,30860
2025-09-24 15:00:00+00:00,221.21,221.83,219.81,219.86,4001542.0,220.863,21814
2025-09-24 16:00:00+00:00,219.86,221.05,219.54,220.25,2957965.0,220.337,14862
2025-09-24 17:00:00+00:00,220.26,221.2,220.09,220.41,2502211.0,220.614,13678
2025-09-24 18:00:00+00:00,220.42,220.69,219.9,220.44,2027103.0,220.284,10995
2025-09-24 19:00:00+00:00,220.43,220.44,219.45,220.21,5645120.0,219.988,30599
2025-09-25 13:30:00+00:00,220.02,220.58,218.2,218.74,4808972.0,219.308,25120
2025-09-25 14:00:00+00:00,218.72,220.64,218.54,219.79,4388883.0,219.794,24606
2025-09-25 15:00:00+00:00,219.79,220.52,219.05,220.26,3670674.0,219.838,19797
2025-09-25 16:00:00+00:00,220.26,220.67,219.06,219.09,2954392.0,219.843,15200
2025-09-25 17:00:00+00:00,219.09,219.21,217.97,218.03,2958885.0,218.652,14092
2025-09-25 18:00:00+00:00,218.03,218.14,216.47,217.26,5853565.0,217.375,29111
2025-09-25 19:00:00+00:00,217.24,218.43,216.92,218.13,5584235.0,217.616,30013
2025-09-26 13:30:00+00:00,219.08,220.96,218.02,220.82,5664867.0,219.738,27455
2025-09-26 14:00:00+00:00,220.82,221.05,218.21,219.13,4125968.0,219.246,21799
2025-09-26 15:00:00+00:00,219.13,219.66,218.65,219.33,2456730.0,219.207,13045
2025-09-26 16:00:00+00:00,219.32,220.26,219.18,220.07,2292664.0,219.81,12185
2025-09-26 17:00:00+00:00,220.06,220.48,219.93,220.32,2137862.0,220.208,9876
2025-09-26 18:00:00+00:00,220.28,220.51,219.95,220.47,1859470.0,220.278,10445
2025-09-26 19:00:00+00:00,220.48,220.62,219.54,219.8,4243055.0,220.056,25367
2025-09-29 13:30:00+00:00,220.07,221.8,219.3,221.49,4944452.0,220.57,24318
2025-09-29 14:00:00+00:00,221.5,222.09,220.99,221.12,3534304.0,221.47,20310
2025-09-29 15:00:00+00:00,221.14,221.54,220.55,221.02,2399058.0,220.878,13346
2025-09-29 16:00:00+00:00,221.02,221.73,220.95,221.18,1837014.0,221.366,10534
2025-09-29 17:00:00+00:00,221.18,221.83,220.61,221.13,2255223.0,221.216,14005
2025-09-29 18:00:00+00:00,221.14,222.03,220.92,221.75,2367222.0,221.491,12814
2025-09-29 19:00:00+00:00,221.74,222.6,221.29,222.17,3459846.0,221.915,20585
2025-09-30 13:30:00+00:00,222.0,222.24,218.36,218.46,5407245.0,219.874,27770
2025-09-30 14:00:00+00:00,218.44,219.64,217.89,219.59,5849035.0,218.843,30146
2025-09-30 15:00:00+00:00,219.6,219.74,218.62,218.89,3274549.0,219.12,16828
2025-09-30 16:00:00+00:00,218.89,219.54,218.73,218.82,2394772.0,219.142,13069
2025-09-30 17:00:00+00:00,218.81,219.31,218.68,218.75,2106959.0,218.987,11500
2025-09-30 18:00:00+00:00,218.75,219.45,218.67,219.14,1902516.0,219.156,9327
2025-09-30 19:00:00+00:00,219.15,220.19,219.08,219.56,5264821.0,219.644,28316
2025-10-01 13:30:00+00:00,217.3,219.83,216.61,218.81,5176646.0,218.395,25424
2025-10-01 14:00:00+00:00,218.79,220.2,218.67,219.69,4179508.0,219.563,25187
2025-10-01 15:00:00+00:00,219.68,221.06,219.12,220.73,4463514.0,220.002,23767
2025-10-01 16:00:00+00:00,220.72,221.5,220.61,220.96,3010049.0,221.048,18691
2025-10-01 17:00:00+00:00,220.96,222.06,220.94,221.42,2475060.0,221.633,14517
2025-10-01 18:00:00+00:00,221.43,222.15,221.32,221.93,1931757.0,221.811,12416
2025-10-01 19:00:00+00:00,221.93,222.02,219.93,220.61,4351252.0,220.774,27164
2025-10-02 13:30:00+00:00,221.01,221.26,218.94,219.69,4902989.0,219.848,23830
2025-10-02 14:00:00+00:00,219.68,220.88,219.11,220.18,4473241.0,220.156,23743
2025-10-02 15:00:00+00:00,220.2,221.61,219.98,221.43,3499518.0,220.707,18579
2025-10-02 16:00:00+00:00,221.43,222.4,221.1,222.01,3149976.0,221.909,15947
2025-10-02 17:00:00+00:00,222.0,222.81,221.76,222.25,2545426.0,222.399,12401
2025-10-02 18:00:00+00:00,222.24,222.48,221.84,222.29,2308161.0,222.123,11417
2025-10-02 19:00:00+00:00,222.28,222.5,221.35,222.41,4243910.0,222.011,23749
2025-10-03 13:30:00+00:00,223.44,224.2,222.38,223.78,4137980.0,223.288,19437
2025-10-03 14:00:00+00:00,223.79,223.83,222.41,222.79,4684000.0,223.013,23554
2025-10-03 15:00:00+00:00,222.8,223.04,222.43,222.69,2751294.0,222.785,14862
2025-10-03 16:00:00+00:00,222.68,223.0,221.95,222.05,3136251.0,222.383,15374
2025-10-03 17:00:00+00:00,222.05,222.07,219.79,220.29,4170946.0,220.728,21421
2025-10-03 18:00:00+00:00,220.28,220.43,219.47,219.73,3009190.0,219.921,15495
2025-10-03 19:00:00+00:00,219.73,219.98,219.34,219.5,4916186.0,219.65,25109
2025-10-06 13:30:00+00:00,221.0,221.01,216.03,218.3,6672730.0,217.942,32215
2025-10-06 14:00:00+00:00,218.3,219.07,217.96,218.99,4349416.0,218.509,22134
2025-10-06 15:00:00+00:00,218.99,220.36,218.52,220.16,3263552.0,219.322,17961
2025-10-06 16:00:00+00:00,220.17,220.44,219.34,220.01,2344001.0,219.888,13046
2025-10-06 17:00:00+00:00,220.0,220.99,219.89,220.95,2482427.0,220.428,13571
2025-10-06 18:00:00+00:00,220.96,221.71,220.58,221.36,3137766.0,221.2,17293
2025-10-06 19:00:00+00:00,221.37,221.73,220.61,220.88,4334210.0,220.97,25070
2025-10-07 13:30:00+00:00,220.83,222.89,220.17,221.06,4100080.0,221.344,19095
2025-10-07 14:00:00+00:00,221.08,222.36,220.67,221.86,3336319.0,221.686,18396
2025-10-07 15:00:00+00:00,221.87,221.99,220.4,220.69,3012216.0,221.074,17875
2025-10-07 16:00:00+00:00,220.7,221.53,220.45,220.58,1893711.0,220.899,10623
2025-10-07 17:00:00+00:00,220.59,221.23,220.5,220.73,1387644.0,220.922,7619
2025-10-07 18:00:00+00:00,220.73,221.34,220.54,221.24,1443196.0,221.09,9074
2025-10-07 19:00:00+00:00,221.23,222.02,220.98,221.8,3050007.0,221.558,17360
2025-10-08 13:30:00+00:00,222.92,223.41,221.19,222.21,4187895.0,222.165,20308
2025-10-08 14:00:00+00:00,222.21,224.37,221.91,223.58,5373089.0,223.267,27968
2025-10-08 15:00:00+00:00,223.57,224.39,223.54,224.25,2734900.0,223.967,14417
2025-10-08 16:00:00+00:00,224.25,225.16,224.24,224.65,3271460.0,224.68,17522
2025-10-08 17:00:00+00:00,224.64,226.45,224.59,226.44,3822255.0,225.648,21684
2025-10-08 18:00:00+00:00,226.44,226.73,225.06,225.14,3262503.0,226.223,18431
2025-10-08 19:00:00+00:00,225.13,225.62,224.54,225.2,5467897.0,225.135,29315
2025-10-09 13:30:00+00:00,225.0,225.12,221.87,222.83,5455690.0,223.371,26875
2025-10-09 14:00:00+00:00,222.83,223.35,221.75,222.57,4141835.0,222.517,22877
2025-10-09 15:00:00+00:00,222.57,224.35,222.46,223.96,3721530.0,223.267,21510
2025-10-09 16:00:00+00:00,223.96,224.5,223.56,223.88,2512088.0,224.102,14748
2025-10-09 17:00:00+00:00,223.87,225.18,223.46,225.15,2464787.0,224.323,14440
2025-10-09 18:00:00+00:00,225.13,226.85,224.84,226.85,4353452.0,226.036,23212
2025-10-09 19:00:00+00:00,226.85,228.21,226.38,227.74,6890502.0,227.286,36291
2025-10-10 13:30:00+00:00,226.11,228.25,226.05,227.04,4293871.0,227.013,21742
2025-10-10 14:00:00+00:00,227.03,227.38,224.81,225.28,5148477.0,226.5,28420
2025-10-10 15:00:00+00:00,225.28,225.29,218.98,221.09,12073682.0,221.381,68556
2025-10-10 16:00:00+00:00,221.06,221.06,218.15,218.27,4937648.0,219.809,27039
2025-10-10 17:00:00+00:00,218.24,219.68,217.61,218.93,4311172.0,218.603,22363
2025-10-10 18:00:00+00:00,218.93,219.63,217.9,218.27,3867110.0,218.753,21513
2025-10-10 19:00:00+00:00,218.26,218.68,216.0,216.18,8735691.0,217.231,45321
2025-10-13 13:30:00+00:00,217.72,220.01,217.04,219.92,4259572.0,218.582,22409
2025-10-13 14:00:00+00:00,219.9,220.55,218.69,219.08,4946531.0,219.784,25575
2025-10-13 15:00:00+00:00,219.09,220.53,218.79,220.4,2695126.0,219.82,14405
2025-10-13 16:00:00+00:00,220.41,220.68,219.87,220.53,1906978.0,220.315,11197
2025-10-13 17:00:00+00:00,220.52,220.59,219.69,220.02,1360658.0,220.013,7525
2025-10-13 18:00:00+00:00,220.01,220.64,219.97,220.15,1538579.0,220.292,9221
2025-10-13 19:00:00+00:00,220.16,220.57,219.8,220.0,3715100.0,220.188,21009
2025-10-14 13:30:00+00:00,215.55,215.62,212.6,215.02,6961751.0,214.31,30519
2025-10-14 14:00:00+00:00,215.02,216.92,214.84,216.12,3712357.0,216.023,18420
2025-10-14 15:00:00+00:00,216.15,218.22,216.14,217.78,2746631.0,217.142,14737
2025-10-14 16:00:00+00:00,217.8,219.32,217.05,218.66,2469196.0,218.303,12844
2025-10-14 17:00:00+00:00,218.65,219.06,217.25,217.31,2652621.0,218.188,14903
2025-10-14 18:00:00+00:00,217.32,217.62,216.82,217.41,2421346.0,217.29,13265
2025-10-14 19:00:00+00:00,217.4,217.74,215.37,216.44,4654693.0,216.576,26052
2025-10-15 13:30:00+00:00,216.62,217.71,215.95,216.94,4723971.0,216.776,18599
2025-10-15 14:00:00+00:00,216.95,217.28,215.15,216.68,6424455.0,216.393,31474
2025-10-15 15:00:00+00:00,216.69,216.74,214.15,214.83,4763123.0,215.369,24243
2025-10-15 16:00:00+00:00,214.83,215.7,214.7,215.03,2575395.0,215.183,12839
2025-10-15 17:00:00+00:00,215.02,215.06,212.66,214.73,3918007.0,213.894,19261
2025-10-15 18:00:00+00:00,214.72,215.27,214.37,215.06,1887034.0,214.911,9553
2025-10-15 19:00:00+00:00,215.09,215.65,214.59,215.63,3852284.0,215.178,20409
2025-10-16 13:30:00+00:00,215.67,218.59,215.32,218.14,4758159.0,217.403,22517
2025-10-16 14:00:00+00:00,218.15,218.54,217.09,217.53,3206527.0,217.855,17280
2025-10-16 15:00:00+00:00,217.54,217.87,216.19,216.59,2560176.0,216.955,13475
2025-10-16 16:00:00+00:00,216.59,216.72,213.88,215.57,3782608.0,215.301,19356
2025-10-16 17:00:00+00:00,215.56,215.86,214.25,214.62,2542258.0,215.107,14198
2025-10-16 18:00:00+00:00,214.65,214.75,212.81,214.53,3688569.0,213.688,20990
2025-10-16 19:00:00+00:00,214.52,215.0,213.62,214.46,4277855.0,214.25,24174
2025-10-17 13:30:00+00:00,214.56,214.8,212.62,213.51,5000437.0,214.017,15970
2025-10-17 14:00:00+00:00,213.53,214.62,211.61,211.7,4389702.0,213.25,20657
2025-10-17 15:00:00+00:00,211.71,212.7,211.03,212.1,3954863.0,211.853,20274
2025-10-17 16:00:00+00:00,212.13,213.29,212.09,212.74,2775445.0,212.803,14140
2025-10-17 17:00:00+00:00,212.74,213.05,212.05,212.92,1710600.0,212.473,9051
2025-10-17 18:00:00+00:00,212.92,213.79,212.88,213.17,2476057.0,213.382,11991
2025-10-17 19:00:00+00:00,213.17,213.6,212.74,213.05,3922074.0,213.123,19632
2025-10-20 13:30:00+00:00,213.92,215.02,213.59,214.64,3685830.0,214.34,15610
2025-10-20 14:00:00+00:00,214.67,215.66,214.57,215.48,3680382.0,215.167,17027
2025-10-20 15:00:00+00:00,215.49,215.58,214.49,214.61,2476592.0,214.94,12982
2025-10-20 16:00:00+00:00,214.61,215.04,214.52,214.82,1440412.0,214.811,7384
2025-10-20 17:00:00+00:00,214.83,216.05,214.77,215.66,1998829.0,215.575,10065
2025-10-20 18:00:00+00:00,215.66,216.36,215.65,216.2,1815460.0,215.938,9606
2025-10-20 19:00:00+00:00,216.21,216.69,215.97,216.47,3178104.0,216.417,17941
2025-10-21 13:30:00+00:00,218.3,220.84,217.99,220.83,6373820.0,219.607,29152
2025-10-21 14:00:00+00:00,220.83,222.24,220.4,221.22,6639738.0,221.396,34153
2025-10-21 15:00:00+00:00,221.25,222.6,220.93,222.37,3658549.0,222.008,20118
2025-10-21 16:00:00+00:00,222.36,223.32,222.07,222.2,3755620.0,222.698,18866
2025-10-21 17:00:00+00:00,222.18,222.29,221.15,222.16,2484023.0,221.812,13544
2025-10-21 18:00:00+00:00,222.17,223.15,221.99,222.91,2030901.0,222.547,9590
2025-10-21 19:00:00+00:00,222.91,223.02,221.95,222.03,3565797.0,222.38,19787
2025-10-22 13:30:00+00:00,219.3,220.01,218.06,218.72,4668409.0,218.915,21290
2025-10-22 14:00:00+00:00,218.78,218.87,216.91,218.52,5481156.0,217.842,26508
2025-10-22 15:00:00+00:00,218.51,219.76,217.77,219.41,3754264.0,218.637,19708
2025-10-22 16:00:00+00:00,219.39,219.5,217.48,218.35,2356374.0,218.688,12769
2025-10-22 17:00:00+00:00,218.35,218.47,216.52,216.98,2414271.0,217.353,12307
2025-10-22 18:00:00+00:00,216.96,217.62,216.61,217.39,2077337.0,217.214,10713
2025-10-22 19:00:00+00:00,217.36,218.38,217.04,217.97,3613014.0,217.939,19411
2025-10-23 13:30:00+00:00,218.82,220.81,218.18,220.55,3524016.0,219.623,16844
2025-10-23 14:00:00+00:00,220.55,220.65,219.12,220.42,3732522.0,219.944,18075
2025-10-23 15:00:00+00:00,220.43,220.44,219.39,219.97,1787906.0,220.038,10174
2025-10-23 16:00:00+00:00,219.97,220.55,219.92,220.25,1292390.0,220.239,7244
2025-10-23 17:00:00+00:00,220.26,220.72,219.7,220.72,1501889.0,220.211,7991
2025-10-23 18:00:00+00:00,220.71,220.71,220.16,220.53,1317885.0,220.479,7334
2025-10-23 19:00:00+00:00,220.55,221.3,220.37,221.09,4527593.0,220.972,24351
2025-10-24 13:30:00+00:00,221.96,224.11,221.9,223.61,4144141.0,223.166,18815
2025-10-24 14:00:00+00:00,223.6,224.64,222.87,223.15,4199677.0,223.872,20371
2025-10-24 15:00:00+00:00,223.17,224.58,222.98,224.38,3269225.0,223.792,16026
2025-10-24 16:00:00+00:00,224.38,225.26,224.21,225.02,2686079.0,224.736,14059
2025-10-24 17:00:00+00:00,225.01,225.4,224.68,224.88,2114523.0,225.021,10883
2025-10-24 18:00:00+00:00,224.85,225.08,224.48,224.65,2070890.0,224.761,10599
2025-10-24 19:00:00+00:00,224.66,224.68,224.0,224.26,3615526.0,224.358,21700
2025-10-27 13:30:00+00:00,227.7,228.22,226.52,227.82,4166799.0,227.52,17994
2025-10-27 14:00:00+00:00,227.83,228.4,226.77,226.86,3280120.0,227.453,15088
2025-10-27 15:00:00+00:00,226.84,227.19,226.61,227.09,2160475.0,226.928,10967
2025-10-27 16:00:00+00:00,227.1,227.94,226.99,227.72,2009713.0,227.514,10092
2025-10-27 17:00:00+00:00,227.72,227.93,227.3,227.68,1604186.0,227.673,8295
2025-10-27 18:00:00+00:00,227.68,227.97,225.54,226.7,3856920.0,227.092,20123
2025-10-27 19:00:00+00:00,226.71,227.52,226.4,226.99,5053576.0,226.89,26593
2025-10-28 13:30:00+00:00,228.22,228.59,226.84,227.54,4486735.0,227.645,20180
2025-10-28 14:00:00+00:00,227.59,227.93,226.21,227.18,3915643.0,226.87,20826
2025-10-28 15:00:00+00:00,227.18,228.12,227.03,228.11,3439891.0,227.494,16681
2025-10-28 16:00:00+00:00,228.12,229.51,228.12,229.14,5234081.0,228.926,24497
2025-10-28 17:00:00+00:00,229.14,231.49,229.05,230.72,5114422.0,230.505,27179
2025-10-28 18:00:00+00:00,230.72,230.77,229.39,230.36,3088164.0,230.046,17084
2025-10-28 19:00:00+00:00,230.36,230.53,228.56,229.24,4838654.0,229.659,29549
2025-10-29 13:30:00+00:00,231.67,232.82,228.95,229.1,6172121.0,230.469,27777
2025-10-29 14:00:00+00:00,229.11,230.43,227.76,230.34,5373034.0,229.109,29512
2025-10-29 15:00:00+00:00,230.33,231.6,229.7,231.44,5191852.0,230.75,27934
2025-10-29 16:00:00+00:00,231.43,231.61,230.83,230.94,2716894.0,231.226,15997
2025-10-29 17:00:00+00:00,230.95,231.07,229.7,229.95,2631736.0,230.318,15025
2025-10-29 18:00:00+00:00,229.95,230.19,228.13,229.49,4503635.0,229.213,24793
2025-10-29 19:00:00+00:00,229.51,230.65,228.32,230.34,4826630.0,229.516,26349
2025-10-30 13:30:00+00:00,227.06,227.1,223.93,226.81,7490482.0,225.623,37810
2025-10-30 14:00:00+00:00,226.84,228.0,226.41,227.41,6264721.0,227.169,31907
2025-10-30 15:00:00+00:00,227.41,228.44,226.3,226.35,4699454.0,227.556,24103
2025-10-30 16:00:00+00:00,226.36,227.05,225.27,226.01,5047128.0,226.136,25345
2025-10-30 17:00:00+00:00,226.02,226.07,224.52,225.33,4347790.0,225.083,23584
2025-10-30 18:00:00+00:00,225.33,225.94,224.5,225.08,5141166.0,225.144,28464
2025-10-30 19:00:00+00:00,225.07,225.45,222.75,222.83,12190848.0,223.908,66297
2025-10-31 13:30:00+00:00,250.14,250.5,246.95,248.59,36684678.0,249.038,163916
2025-10-31 14:00:00+00:00,248.65,249.85,245.12,246.6,18454715.0,246.991,100490
2025-10-31 15:00:00+00:00,246.6,248.83,245.59,246.98,11442360.0,247.433,57483
2025-10-31 16:00:00+00:00,246.98,249.0,244.97,245.92,7672940.0,245.995,38525
2025-10-31 17:00:00+00:00,245.91,246.96,244.82,246.49,5414106.0,245.987,28314
2025-10-31 18:00:00+00:00,246.49,247.94,246.36,246.91,5078964.0,247.208,28065
2025-10-31 19:00:00+00:00,246.91,247.5,243.98,244.17,12048236.0,245.776,67302
2025-11-03 14:30:00+00:00,255.53,258.6,254.55,255.38,17664520.0,256.38,72005
2025-11-03 15:00:00+00:00,255.38,257.45,254.6,255.12,10145263.0,255.762,50999
2025-11-03 16:00:00+00:00,255.13,256.54,254.0,256.0,7349687.0,255.489,38311
2025-11-03 17:00:00+00:00,256.01,256.7,255.16,256.02,4652143.0,256.098,24472
2025-11-03 18:00:00+00:00,256.01,257.17,255.49,255.51,4176719.0,256.306,23313
2025-11-03 19:00:00+00:00,255.52,256.03,254.72,255.67,4199143.0,255.327,23748
2025-11-03 20:00:00+00:00,255.68,256.02,252.9,254.07,6825440.0,254.411,38593
2025-11-04 14:30:00+00:00,250.38,255.13,249.65,255.05,7018855.0,252.145,29830
2025-11-04 15:00:00+00:00,255.06,255.44,251.88,252.63,5100770.0,253.605,27202
2025-11-04 16:00:00+00:00,252.62,253.16,251.35,251.71,3115915.0,252.248,18184
2025-11-04 17:00:00+00:00,251.73,251.85,250.17,250.44,2729918.0,250.895,14801
2025-11-04 18:00:00+00:00,250.47,250.71,249.36,250.03,2614032.0,249.949,13684
2025-11-04 19:00:00+00:00,250.02,250.33,249.02,249.31,2289504.0,249.53,12843
2025-11-04 20:00:00+00:00,249.3,250.08,248.66,249.43,5007942.0,249.272,30693
2025-11-05 14:30:00+00:00,249.15,249.15,246.16,248.21,4083969.0,247.678,18309
2025-11-05 15:00:00+00:00,248.19,249.24,247.38,248.25,3177072.0,248.292,18687
2025-11-05 16:00:00+00:00,248.27,249.64,247.71,249.36,2648957.0,248.722,15452
2025-11-05 17:00:00+00:00,249.37,251.0,248.82,250.58,2654283.0,249.905,13926
2025-11-05 18:00:00+00:00,250.59,250.77,249.58,249.83,1803026.0,250.216,11033
2025-11-05 19:00:00+00:00,249.81,249.81,248.78,249.07,1640941.0,249.231,9762
2025-11-05 20:00:00+00:00,249.07,250.86,248.39,250.24,5074580.0,249.741,30625
2025-11-06 14:30:00+00:00,249.16,250.38,247.89,247.97,3926821.0,249.23,18903
2025-11-06 15:00:00+00:00,247.95,248.17,243.41,244.09,5532147.0,246.132,32028
2025-11-06 16:00:00+00:00,244.11,244.49,242.17,242.36,3629651.0,243.388,20742
2025-11-06 17:00:00+00:00,242.36,244.74,242.36,244.5,2541140.0,243.77,14073
2025-11-06 18:00:00+00:00,244.5,244.77,243.38,244.24,1897066.0,244.126,11120
2025-11-06 19:00:00+00:00,244.25,245.54,244.1,245.26,2356149.0,245.001,13649
2025-11-06 20:00:00+00:00,245.25,245.32,242.65,243.08,5153515.0,243.777,30128
2025-11-07 14:30:00+00:00,242.99,243.26,239.3,240.71,4683112.0,240.77,21719
2025-11-07 15:00:00+00:00,240.65,241.31,239.15,239.8,3515022.0,240.485,19405
2025-11-07 16:00:00+00:00,239.8,240.24,238.73,238.89,2492639.0,239.623,13084
2025-11-07 17:00:00+00:00,238.89,240.27,238.49,240.12,2027530.0,239.508,11101
2025-11-07 18:00:00+00:00,240.13,241.05,239.93,240.74,1894353.0,240.572,10630
2025-11-07 19:00:00+00:00,240.73,243.64,240.58,243.56,2970026.0,242.21,15457
2025-11-07 20:00:00+00:00,243.55,244.9,242.86,244.42,4304620.0,244.113,25076
2025-11-10 14:30:00+00:00,248.35,251.75,248.27,249.86,4876534.0,249.751,21857
2025-11-10 15:00:00+00:00,249.81,249.94,246.27,246.48,3469900.0,248.157,18768
2025-11-10 16:00:00+00:00,246.48,246.96,245.59,246.91,2530992.0,246.252,14514
2025-11-10 17:00:00+00:00,246.91,248.41,246.42,248.38,2374215.0,247.406,11114
2025-11-10 18:00:00+00:00,248.39,248.96,248.35,248.58,1637755.0,248.604,9021
2025-11-10 19:00:00+00:00,248.58,248.91,248.43,248.57,1415399.0,248.662,7776
2025-11-10 20:00:00+00:00,248.57,249.23,247.9,248.4,3332907.0,248.571,20328
2025-11-11 14:30:00+00:00,248.38,249.34,247.83,249.32,1996989.0,248.508,8892
2025-11-11 15:00:00+00:00,249.28,249.63,247.6,248.09,2153663.0,248.361,11818
2025-11-11 16:00:00+00:00,248.12,248.96,247.23,247.75,1764744.0,248.049,9278
2025-11-11 17:00:00+00:00,247.73,248.8,247.67,248.66,1197734.0,248.294,6099
2025-11-11 18:00:00+00:00,248.65,249.75,248.62,249.6,1604168.0,249.146,7470
2025-11-11 19:00:00+00:00,249.58,249.65,249.0,249.08,1086146.0,249.323,5972
2025-11-11 20:00:00+00:00,249.06,249.48,248.75,249.14,2410682.0,249.068,14717
2025-11-12 14:30:00+00:00,250.28,250.37,247.5,247.87,2438596.0,249.085,11322
2025-11-12 15:00:00+00:00,247.88,248.39,244.47,244.83,4109117.0,246.008,22692
2025-11-12 16:00:00+00:00,244.81,245.72,243.93,244.8,2306467.0,244.794,12403
2025-11-12 17:00:00+00:00,244.84,246.16,244.59,246.11,1501645.0,245.388,7594
2025-11-12 18:00:00+00:00,246.14,246.31,245.09,245.58,1452510.0,245.649,7858
2025-11-12 19:00:00+00:00,245.57,245.89,244.76,245.07,1236019.0,245.233,7169
2025-11-12 20:00:00+00:00,245.05,245.33,243.75,244.26,3123289.0,244.547,17978
2025-11-13 14:30:00+00:00,243.17,243.75,240.72,242.18,2691461.0,242.088,12606
2025-11-13 15:00:00+00:00,242.18,243.25,240.14,240.95,2868118.0,241.762,16746
2025-11-13 16:00:00+00:00,240.96,241.28,238.97,239.54,3036247.0,239.727,15746
2025-11-13 17:00:00+00:00,239.53,239.99,238.24,238.45,2200684.0,239.327,12030
2025-11-13 18:00:00+00:00,238.46,239.18,237.8,238.74,2251360.0,238.449,12213
2025-11-13 19:00:00+00:00,238.76,239.2,237.44,237.92,1830369.0,238.478,10680
2025-11-13 20:00:00+00:00,237.91,238.97,236.5,237.58,4874265.0,237.805,29174
2025-11-14 14:30:00+00:00,234.99,236.08,232.89,235.42,4759715.0,234.791,21141
2025-11-14 15:00:00+00:00,235.44,238.47,234.86,237.84,3459804.0,236.708,20241
2025-11-14 16:00:00+00:00,237.83,238.73,237.13,237.88,2128944.0,237.909,12222
2025-11-14 17:00:00+00:00,237.87,238.28,236.37,236.61,1924944.0,237.353,10439
2025-11-14 18:00:00+00:00,236.59,236.78,235.2,236.24,1819803.0,235.995,10171
2025-11-14 19:00:00+00:00,236.24,236.5,235.33,235.57,1812636.0,235.818,11085
2025-11-14 20:00:00+00:00,235.59,235.9,234.31,234.74,5542714.0,234.977,33289
2025-11-17 14:30:00+00:00,233.25,234.6,230.86,231.01,7599832.0,232.69,39350
2025-11-17 15:00:00+00:00,231.04,231.55,229.19,229.68,8551378.0,230.415,49257
2025-11-17 16:00:00+00:00,229.65,233.74,229.21,233.14,6776374.0,231.441,37186
2025-11-17 17:00:00+00:00,233.13,234.03,232.3,232.35,3420668.0,233.147,17717
2025-11-17 18:00:00+00:00,232.37,232.81,230.54,230.8,2088195.0,231.906,11628
2025-11-17 19:00:00+00:00,230.77,231.53,230.58,230.61,2352349.0,231.03,13263
2025-11-17 20:00:00+00:00,230.6,233.02,230.38,232.86,4300815.0,231.945,25552
2025-11-18 14:30:00+00:00,228.1,230.2,225.18,225.36,5598894.0,227.829,25702
2025-11-18 15:00:00+00:00,225.34,226.83,222.6,224.71,9037180.0,224.769,47875
2025-11-18 16:00:00+00:00,224.68,226.6,223.6,224.9,3982918.0,225.276,21504
2025-11-18 17:00:00+00:00,224.9,225.04,222.42,224.28,4986340.0,223.607,25024
2025-11-18 18:00:00+00:00,224.3,225.0,223.61,223.86,3054305.0,224.225,15604
2025-11-18 19:00:00+00:00,223.87,226.5,223.79,225.79,3166123.0,225.389,15258
2025-11-18 20:00:00+00:00,225.79,225.95,222.47,222.58,6886466.0,223.573,39354
2025-11-19 14:30:00+00:00,223.74,223.74,218.52,220.4,8062791.0,220.628,36304
2025-11-19 15:00:00+00:00,220.39,222.1,219.71,221.45,6707056.0,220.885,33816
2025-11-19 16:00:00+00:00,221.43,222.85,220.89,222.77,4346343.0,221.81,17311
2025-11-19 17:00:00+00:00,222.75,222.91,219.78,219.91,3942069.0,221.233,20340
2025-11-19 18:00:00+00:00,219.9,222.04,219.76,221.84,2774139.0,220.767,14259
2025-11-19 19:00:00+00:00,221.86,221.97,220.53,221.5,1933012.0,221.201,10470
2025-11-19 20:00:00+00:00,221.5,223.25,221.38,222.69,4778391.0,222.493,27314
2025-11-20 14:30:00+00:00,226.97,227.21,224.85,226.2,5063079.0,226.164,23004
2025-11-20 15:00:00+00:00,226.17,227.41,224.76,225.97,4132910.0,226.266,22396
2025-11-20 16:00:00+00:00,225.99,226.0,220.32,220.73,5155648.0,223.399,25856
2025-11-20 17:00:00+00:00,220.71,221.05,218.22,219.09,4513397.0,219.681,24815
2025-11-20 18:00:00+00:00,219.09,220.69,218.2,218.76,3014510.0,219.313,15971
2025-11-20 19:00:00+00:00,218.75,220.0,218.2,219.95,2239121.0,219.162,12733
2025-11-20 20:00:00+00:00,219.93,219.93,216.74,217.15,5880706.0,217.864,34609
2025-11-21 14:30:00+00:00,216.34,217.82,215.27,217.11,7655587.0,216.407,28092
2025-11-21 15:00:00+00:00,217.12,217.91,215.25,215.69,7462764.0,216.546,40116
2025-11-21 16:00:00+00:00,215.68,219.85,215.18,219.8,6017701.0,217.505,26891
2025-11-21 17:00:00+00:00,219.79,220.73,219.18,219.42,3914284.0,219.964,20542
2025-11-21 18:00:00+00:00,219.42,220.43,218.01,219.39,2685259.0,219.067,13931
2025-11-21 19:00:00+00:00,219.39,222.21,219.25,220.92,3664848.0,221.105,19452
2025-11-21 20:00:00+00:00,220.91,221.5,219.89,220.67,5824375.0,220.674,32064
2025-11-24 14:30:00+00:00,222.59,225.81,222.28,225.77,4991375.0,224.476,22875
2025-11-24 15:00:00+00:00,225.8,226.79,225.33,225.39,3933354.0,226.041,21611
2025-11-24 16:00:00+00:00,225.39,226.18,224.45,224.63,3070184.0,225.208,17766
2025-11-24 17:00:00+00:00,224.64,225.59,224.05,225.01,2243340.0,224.877,12518
2025-11-24 18:00:00+00:00,225.01,225.38,224.75,225.19,1867013.0,225.095,11179
2025-11-24 19:00:00+00:00,225.19,226.29,225.19,226.11,2657320.0,225.856,15618
2025-11-24 20:00:00+00:00,226.11,227.33,225.29,226.07,6534030.0,226.344,38887
2025-11-25 14:30:00+00:00,226.26,227.89,223.8,227.75,4324043.0,225.754,19834
2025-11-25 15:00:00+00:00,227.73,227.87,226.21,227.6,3370997.0,227.051,17747
2025-11-25 16:00:00+00:00,227.64,229.28,227.3,229.15,2945327.0,228.192,14893
2025-11-25 17:00:00+00:00,229.16,230.03,229.1,229.61,2598208.0,229.601,13020
2025-11-25 18:00:00+00:00,229.62,230.27,229.03,230.12,2074641.0,229.665,10262
2025-11-25 19:00:00+00:00,230.12,230.52,228.79,229.78,2230378.0,229.694,10979
2025-11-25 20:00:00+00:00,229.77,230.0,229.13,229.58,3036569.0,229.624,17359
2025-11-26 14:30:00+00:00,230.67,230.81,228.77,229.84,3696469.0,230.042,15799
2025-11-26 15:00:00+00:00,229.73,230.74,229.05,230.62,2969891.0,230.142,15368
2025-11-26 16:00:00+00:00,230.6,231.75,230.55,231.41,1981837.0,231.218,10151
2025-11-26 17:00:00+00:00,231.41,231.56,230.38,230.55,1761258.0,230.853,9977
2025-11-26 18:00:00+00:00,230.55,230.85,229.28,229.56,2505392.0,230.018,13646
2025-11-26 19:00:00+00:00,229.54,229.91,229.13,229.25,2047378.0,229.566,12085
2025-11-26 20:00:00+00:00,229.25,229.81,229.04,229.1,3739500.0,229.35,22341
2025-11-28 14:30:00+00:00,231.33,232.74,230.22,231.48,3275127.0,231.432,14116
2025-11-28 15:00:00+00:00,231.51,232.04,231.14,231.96,2349142.0,231.561,11827
2025-11-28 16:00:00+00:00,231.99,232.88,231.72,232.67,2634280.0,232.385,13031
2025-11-28 17:00:00+00:00,232.68,233.29,231.83,233.23,3323930.0,232.506,18215
2025-12-01 14:30:00+00:00,233.22,235.8,232.6,234.46,5335326.0,234.113,25275
2025-12-01 15:00:00+00:00,234.43,234.97,232.25,234.28,3437868.0,233.545,16739
2025-12-01 16:00:00+00:00,234.28,234.37,233.28,234.16,2220996.0,233.961,10905
2025-12-01 17:00:00+00:00,234.15,234.6,233.97,234.23,2000169.0,234.295,9814
2025-12-01 18:00:00+00:00,234.23,235.49,234.22,235.01,2943715.0,234.959,13235
2025-12-01 19:00:00+00:00,235.0,235.0,233.51,233.7,1883129.0,234.269,9604
2025-12-01 20:00:00+00:00,233.7,234.56,233.33,233.95,3817534.0,233.931,23026
2025-12-02 14:30:00+00:00,234.91,235.6,234.04,234.52,3857375.0,234.794,17253
2025-12-02 15:00:00+00:00,234.53,236.7,234.41,236.41,5250336.0,235.372,23928
2025-12-02 16:00:00+00:00,236.41,238.97,233.55,235.03,8391107.0,236.209,38197
2025-12-02 17:00:00+00:00,235.01,236.4,234.73,234.74,2711890.0,235.778,12193
2025-12-02 18:00:00+00:00,234.73,235.73,234.54,234.72,1997563.0,235.157,9030
2025-12-02 19:00:00+00:00,234.72,235.36,234.65,235.25,1817089.0,235.026,8823
2025-12-02 20:00:00+00:00,235.26,235.66,234.28,234.39,3901832.0,234.896,22711
2025-12-03 14:30:00+00:00,233.35,233.38,230.61,232.08,4619397.0,231.903,19143
2025-12-03 15:00:00+00:00,232.09,233.19,230.71,232.42,4454368.0,231.994,21603
2025-12-03 16:00:00+00:00,232.41,232.82,231.83,232.13,2326513.0,232.365,11273
2025-12-03 17:00:00+00:00,232.13,232.71,231.9,232.21,1376150.0,232.325,7042
2025-12-03 18:00:00+00:00,232.2,232.64,231.8,232.02,1526371.0,232.176,7317
2025-12-03 19:00:00+00:00,232.0,232.59,231.73,232.52,1532770.0,232.064,7816
2025-12-03 20:00:00+00:00,232.56,232.77,232.27,232.37,3544078.0,232.483,21383
2025-12-04 14:30:00+00:00,232.76,233.5,228.61,228.93,4749527.0,230.245,20228
2025-12-04 15:00:00+00:00,228.94,229.08,227.53,227.56,5057602.0,228.461,25117
2025-12-04 16:00:00+00:00,227.57,227.96,226.8,227.44,4487385.0,227.498,23241
2025-12-04 17:00:00+00:00,227.44,228.19,227.11,227.93,3174225.0,227.659,15546
2025-12-04 18:00:00+00:00,227.94,228.82,227.79,228.73,2637494.0,228.273,11541
2025-12-04 19:00:00+00:00,228.73,229.45,227.89,229.14,2767161.0,228.823,12670
2025-12-04 20:00:00+00:00,229.13,229.26,228.0,229.1,4100677.0,228.885,21712
2025-12-05 14:30:00+00:00,230.32,231.17,229.9,230.34,3128242.0,230.467,14925
2025-12-05 15:00:00+00:00,230.33,231.24,229.8,230.29,2841705.0,230.588,13924
2025-12-05 16:00:00+00:00,230.3,230.53,229.22,229.4,2160801.0,229.74,10757
2025-12-05 17:00:00+00:00,229.4,229.82,228.72,229.64,1847253.0,229.273,9194
2025-12-05 18:00:00+00:00,229.65,229.97,229.41,229.8,1310332.0,229.693,6845
2025-12-05 19:00:00+00:00,229.81,229.88,229.44,229.7,1110548.0,229.679,6403
2025-12-05 20:00:00+00:00,229.7,229.75,228.54,229.55,3656653.0,229.292,20407
2025-12-08 14:30:00+00:00,229.64,230.83,228.98,229.68,3093891.0,229.806,13223
2025-12-08 15:00:00+00:00,229.69,230.1,227.79,228.0,3170272.0,228.883,15656
2025-12-08 16:00:00+00:00,228.01,228.39,227.55,227.89,2036797.0,227.911,10139
2025-12-08 17:00:00+00:00,227.87,227.92,227.21,227.72,2043696.0,227.431,10790
2025-12-08 18:00:00+00:00,227.72,227.77,226.7,226.98,2200692.0,227.242,11071
2025-12-08 19:00:00+00:00,226.97,227.2,226.71,226.87,1672302.0,226.952,9276
2025-12-08 20:00:00+00:00,226.87,227.15,226.27,226.99,4003603.0,226.818,22522
2025-12-09 14:30:00+00:00,226.84,227.35,225.11,227.23,2722302.0,226.483,11719
2025-12-09 15:00:00+00:00,227.25,228.44,226.82,228.25,2367810.0,227.744,11869
2025-12-09 16:00:00+00:00,228.23,228.57,227.79,228.22,1512119.0,228.184,7570
2025-12-09 17:00:00+00:00,228.21,228.36,227.43,227.58,1283564.0,227.864,5936
2025-12-09 18:00:00+00:00,227.55,228.41,227.42,228.16,1013560.0,228.158,5097
2025-12-09 19:00:00+00:00,228.18,228.3,227.66,227.91,884173.0,227.983,4628
2025-12-09 20:00:00+00:00,227.9,228.29,227.65,227.9,2121803.0,227.915,12109
2025-12-10 14:30:00+00:00,228.81,232.42,228.46,231.28,5547378.0,230.75,25564
2025-12-10 15:00:00+00:00,231.28,232.0,230.5,230.61,3072494.0,231.365,16287
2025-12-10 16:00:00+00:00,230.61,232.02,230.0,231.88,2054027.0,231.262,11163
2025-12-10 17:00:00+00:00,231.87,232.11,230.62,231.48,1585375.0,231.274,7931
2025-12-10 18:00:00+00:00,231.48,231.49,229.84,229.96,1417880.0,230.473,7452
2025-12-10 19:00:00+00:00,229.95,231.74,229.8,231.62,2744823.0,230.722,15572
2025-12-10 20:00:00+00:00,231.61,232.39,231.33,231.69,3969283.0,231.92,22421
2025-12-11 14:30:00+00:00,230.94,232.11,229.42,229.87,2950133.0,230.759,13536
2025-12-11 15:00:00+00:00,229.93,231.35,229.53,229.93,2314874.0,230.459,12002
2025-12-11 16:00:00+00:00,229.91,230.14,228.69,229.12,2077049.0,229.443,10249
2025-12-11 17:00:00+00:00,229.06,230.4,229.06,229.32,1500506.0,229.798,7593
2025-12-11 18:00:00+00:00,229.31,230.04,229.26,229.71,1498653.0,229.67,7272
2025-12-11 19:00:00+00:00,229.7,230.1,229.53,229.66,1476142.0,229.828,7687
2025-12-11 20:00:00+00:00,229.64,230.3,229.31,230.27,2841424.0,229.793,16235
2025-12-12 14:30:00+00:00,229.87,230.13,227.55,228.41,3654449.0,228.956,16331
2025-12-12 15:00:00+00:00,228.4,228.41,226.15,226.55,3710472.0,227.137,18562
2025-12-12 16:00:00+00:00,226.54,226.67,225.12,226.32,3532590.0,225.914,17948
2025-12-12 17:00:00+00:00,226.29,226.85,226.15,226.5,1881597.0,226.48,10246
2025-12-12 18:00:00+00:00,226.52,227.38,226.26,227.09,1696683.0,226.888,9793
2025-12-12 19:00:00+00:00,227.1,227.25,226.6,226.89,1500068.0,226.87,8576
2025-12-12 20:00:00+00:00,226.89,227.16,225.77,226.19,3565985.0,226.325,21943
2025-12-15 14:30:00+00:00,227.93,227.93,224.1,224.35,3911629.0,225.717,15878
2025-12-15 15:00:00+00:00,224.33,224.67,222.89,223.58,3503328.0,223.812,18941
2025-12-15 16:00:00+00:00,223.59,224.5,222.84,222.93,2688458.0,223.546,14906
2025-12-15 17:00:00+00:00,222.93,223.37,222.1,222.64,2426916.0,222.76,12942
2025-12-15 18:00:00+00:00,222.62,222.91,222.18,222.77,1924184.0,222.563,10984
2025-12-15 19:00:00+00:00,222.77,223.44,222.75,223.24,2278977.0,223.088,12855
2025-12-15 20:00:00+00:00,223.24,223.41,222.0,222.51,6281969.0,222.535,32747
2025-12-16 14:30:00+00:00,223.03,223.66,221.9,223.29,3255450.0,222.842,14150
2025-12-16 15:00:00+00:00,223.31,223.55,221.93,223.34,2708351.0,222.849,13732
2025-12-16 16:00:00+00:00,223.34,223.48,222.3,223.17,1952643.0,222.868,11492
2025-12-16 17:00:00+00:00,223.19,223.27,221.9,222.02,1803482.0,222.532,9689
2025-12-16 18:00:00+00:00,222.01,222.65,221.13,222.54,2236296.0,221.914,11663
2025-12-16 19:00:00+00:00,222.52,222.85,221.71,222.38,1904496.0,222.32,10949
2025-12-16 20:00:00+00:00,222.38,223.3,222.25,222.52,3264373.0,222.817,19398
2025-12-17 14:30:00+00:00,224.66,225.19,222.84,224.2,3399916.0,224.16,16031
2025-12-17 15:00:00+00:00,224.19,225.04,222.97,223.65,3316410.0,223.957,17648
2025-12-17 16:00:00+00:00,223.62,224.2,223.12,223.62,2422049.0,223.756,13419
2025-12-17 17:00:00+00:00,223.61,224.05,222.96,223.68,1649194.0,223.613,8756
2025-12-17 18:00:00+00:00,223.69,224.55,222.69,223.14,1991267.0,223.638,10125
2025-12-17 19:00:00+00:00,223.14,223.22,222.57,222.65,1598004.0,222.902,8304
2025-12-17 20:00:00+00:00,222.62,222.7,220.99,221.24,3967114.0,221.702,22702
2025-12-18 14:30:00+00:00,225.77,227.08,224.41,226.83,4400375.0,225.799,21212
2025-12-18 15:00:00+00:00,226.81,228.48,225.72,228.03,4718367.0,227.405,25372
2025-12-18 16:00:00+00:00,228.05,229.23,227.53,227.54,3256431.0,228.518,16580
2025-12-18 17:00:00+00:00,227.51,227.53,225.41,226.88,2389042.0,226.33,11815
2025-12-18 18:00:00+00:00,226.89,227.45,226.44,226.96,1448714.0,227.032,7864
2025-12-18 19:00:00+00:00,226.95,226.95,225.82,225.9,1598259.0,226.462,8907
2025-12-18 20:00:00+00:00,225.9,227.31,225.75,226.76,3271694.0,226.803,19991
2025-12-19 14:30:00+00:00,226.77,227.7,225.58,227.04,11724659.0,226.741,18423
2025-12-19 15:00:00+00:00,226.97,227.46,226.5,227.03,2669047.0,226.893,13881
2025-12-19 16:00:00+00:00,227.01,228.37,226.92,227.81,2366402.0,227.845,12358
2025-12-19 17:00:00+00:00,227.79,229.12,227.71,228.92,2659732.0,228.43,13437
2025-12-19 18:00:00+00:00,228.91,229.03,228.48,228.66,1526994.0,228.721,7935
2025-12-19 19:00:00+00:00,228.67,228.97,228.66,228.91,1223030.0,228.794,6454
2025-12-19 20:00:00+00:00,228.93,229.13,226.73,227.39,5666020.0,227.89,33238
2025-12-22 14:30:00+00:00,228.61,228.61,226.95,228.14,3467843.0,227.797,14681
2025-12-22 15:00:00+00:00,228.12,228.3,226.81,226.83,2922734.0,227.513,15552
2025-12-22 16:00:00+00:00,226.83,227.74,226.71,227.56,2464792.0,227.289,13060
2025-12-22 17:00:00+00:00,227.55,228.26,227.55,228.21,1891528.0,228.006,9895
2025-12-22 18:00:00+00:00,228.21,228.47,227.68,228.19,1357561.0,228.063,7634
2025-12-22 19:00:00+00:00,228.2,228.62,228.07,228.46,1224219.0,228.356,7050
2025-12-22 20:00:00+00:00,228.46,229.48,228.32,228.44,3930033.0,228.856,21033
2025-12-23 14:30:00+00:00,229.06,232.16,228.73,231.22,4704890.0,230.695,21790
2025-12-23 15:00:00+00:00,231.22,231.3,229.9,230.92,3130730.0,230.561,15531
2025-12-23 16:00:00+00:00,230.91,231.53,230.32,231.45,2134252.0,230.957,10694
2025-12-23 17:00:00+00:00,231.43,231.7,231.11,231.44,1382005.0,231.37,6644
2025-12-23 18:00:00+00:00,231.43,231.87,231.22,231.78,1333186.0,231.609,6138
2025-12-23 19:00:00+00:00,231.77,232.3,231.65,232.29,1286379.0,231.973,6524
2025-12-23 20:00:00+00:00,232.29,232.45,231.8,232.12,3112352.0,232.161,18753
2025-12-24 14:30:00+00:00,232.12,232.42,231.58,231.8,1715753.0,231.993,5932
2025-12-24 15:00:00+00:00,231.82,232.71,231.33,232.49,1936302.0,232.136,8507
2025-12-24 16:00:00+00:00,232.5,232.95,232.28,232.72,1418976.0,232.629,6609
2025-12-24 17:00:00+00:00,232.74,232.9,232.16,232.38,1649199.0,232.589,9305
2025-12-26 14:30:00+00:00,232.04,232.82,231.18,232.03,1505715.0,232.12,6550
2025-12-26 15:00:00+00:00,232.01,232.57,231.62,232.48,1409198.0,232.076,7012
2025-12-26 16:00:00+00:00,232.48,232.67,232.03,232.46,895998.0,232.464,4648
2025-12-26 17:00:00+00:00,232.46,232.99,232.22,232.84,1104115.0,232.67,5035
2025-12-26 18:00:00+00:00,232.84,232.95,232.38,232.75,852616.0,232.632,4313
2025-12-26 19:00:00+00:00,232.75,232.9,232.68,232.87,663226.0,232.769,3635
2025-12-26 20:00:00+00:00,232.87,232.92,232.43,232.5,2182867.0,232.659,13662
2025-12-29 14:30:00+00:00,231.94,232.38,230.77,232.32,2223991.0,231.758,8739
2025-12-29 15:00:00+00:00,232.34,232.6,231.42,231.69,1545367.0,232.025,7838
2025-12-29 16:00:00+00:00,231.69,231.76,231.27,231.39,1265379.0,231.472,6911
2025-12-29 17:00:00+00:00,231.39,231.61,231.04,231.56,980009.0,231.312,5035
2025-12-29 18:00:00+00:00,231.56,231.84,231.21,231.34,1109204.0,231.526,6003
2025-12-29 19:00:00+00:00,231.35,232.33,231.11,232.25,1601420.0,231.685,8594
2025-12-29 20:00:00+00:00,232.25,232.45,231.9,232.07,2173629.0,232.156,13230
2025-12-30 14:30:00+00:00,231.2,232.35,230.2,232.15,2251445.0,231.352,9491
2025-12-30 15:00:00+00:00,232.15,232.15,230.91,231.31,1774888.0,231.331,8501
2025-12-30 16:00:00+00:00,231.29,232.05,231.21,231.27,1399434.0,231.668,6248
2025-12-30 17:00:00+00:00,231.27,231.46,231.1,231.39,1083835.0,231.293,5191
2025-12-30 18:00:00+00:00,231.39,231.4,231.05,231.25,1011110.0,231.232,5107
2025-12-30 19:00:00+00:00,231.26,231.86,231.13,231.51,1681576.0,231.474,6951
2025-12-30 20:00:00+00:00,231.5,232.77,231.23,232.49,3627931.0,232.135,18146
2025-12-31 14:30:00+00:00,232.91,233.0,231.73,231.93,1873737.0,232.174,8441
2025-12-31 15:00:00+00:00,231.9,232.39,230.88,231.01,1875236.0,231.588,9223
2025-12-31 16:00:00+00:00,230.99,231.54,230.72,231.48,1468945.0,231.052,7334
2025-12-31 17:00:00+00:00,231.48,231.54,231.16,231.46,1050214.0,231.363,5279
2025-12-31 18:00:00+00:00,231.45,232.19,231.34,232.05,1290608.0,231.732,6550
2025-12-31 19:00:00+00:00,232.05,232.21,231.05,231.22,1519506.0,231.73,7676
2025-12-31 20:00:00+00:00,231.23,231.24,230.12,230.84,2621312.0,230.943,15914
2026-01-02 14:30:00+00:00,231.23,235.46,231.0,232.83,5798607.0,233.458,24299
2026-01-02 15:00:00+00:00,232.81,233.04,225.5,225.76,8812020.0,228.656,42622
2026-01-02 16:00:00+00:00,225.75,226.69,224.82,225.72,4918716.0,225.701,23539
2026-01-02 17:00:00+00:00,225.71,226.88,225.63,225.99,2903509.0,226.378,14718
2026-01-02 18:00:00+00:00,225.98,226.42,224.7,225.14,2233313.0,225.551,11824
2026-01-02 19:00:00+00:00,225.15,226.77,225.13,226.32,2331477.0,226.267,11893
2026-01-02 20:00:00+00:00,226.31,226.75,226.0,226.5,3836624.0,226.412,22101
2026-01-05 14:30:00+00:00,228.84,232.0,227.18,230.95,6627321.0,229.825,30052
2026-01-05 15:00:00+00:00,230.94,233.56,230.81,231.84,6260613.0,232.33,32968
2026-01-05 16:00:00+00:00,231.83,233.0,231.35,232.75,3257849.0,232.238,18770
2026-01-05 17:00:00+00:00,232.77,234.0,232.76,233.43,3167954.0,233.39,17399
2026-01-05 18:00:00+00:00,233.44,233.71,232.41,232.7,1857067.0,232.762,10280
2026-01-05 19:00:00+00:00,232.7,233.45,232.37,232.76,1842342.0,232.885,10255
2026-01-05 20:00:00+00:00,232.75,233.18,232.28,233.05,3902153.0,232.832,21113
2026-01-06 14:30:00+00:00,232.1,236.97,232.07,236.91,4515811.0,234.481,19532
2026-01-06 15:00:00+00:00,236.91,238.63,235.63,238.12,5090728.0,237.355,26175
2026-01-06 16:00:00+00:00,238.1,238.96,237.46,238.71,3813184.0,238.327,19071
2026-01-06 17:00:00+00:00,238.69,243.18,238.66,241.86,7088822.0,241.44,32965
2026-01-06 18:00:00+00:00,241.87,242.61,241.36,241.97,3397579.0,241.984,17161
2026-01-06 19:00:00+00:00,241.95,242.07,240.5,241.59,2791322.0,241.176,14001
2026-01-06 20:00:00+00:00,241.61,241.82,240.6,240.88,4972056.0,241.136,28251
2026-01-07 14:30:00+00:00,239.61,243.74,239.52,243.6,5409883.0,241.97,24858
2026-01-07 15:00:00+00:00,243.59,244.28,242.2,244.27,4257521.0,243.197,22879
2026-01-07 16:00:00+00:00,244.26,244.8,242.96,244.1,3244717.0,243.788,15824
2026-01-07 17:00:00+00:00,244.11,245.29,243.72,245.12,3474756.0,244.479,16609
2026-01-07 18:00:00+00:00,245.12,245.25,244.26,244.3,2357842.0,244.959,12355
2026-01-07 19:00:00+00:00,244.3,244.31,242.46,242.47,2333386.0,243.436,12405
2026-01-07 20:00:00+00:00,242.46,242.75,241.52,241.58,4251045.0,242.043,23037
2026-01-08 14:30:00+00:00,243.06,244.98,241.88,244.09,4271790.0,243.489,19749
2026-01-08 15:00:00+00:00,244.08,245.2,242.87,245.2,3573217.0,244.379,18692
2026-01-08 16:00:00+00:00,245.21,245.26,244.07,245.19,2930442.0,244.573,12787
2026-01-08 17:00:00+00:00,245.18,246.3,244.42,245.81,2779093.0,245.552,13252
2026-01-08 18:00:00+00:00,245.8,246.18,245.35,245.75,2239446.0,245.768,10255
2026-01-08 19:00:00+00:00,245.73,246.25,245.35,246.01,1964095.0,245.828,8999
2026-01-08 20:00:00+00:00,246.01,246.41,245.37,246.28,4641052.0,246.005,22630
2026-01-09 14:30:00+00:00,244.65,245.48,243.07,244.23,3635805.0,244.339,17381
2026-01-09 15:00:00+00:00,244.24,245.98,242.24,245.82,4325358.0,244.461,22558
2026-01-09 16:00:00+00:00,245.83,246.93,245.4,246.28,2443140.0,246.175,13019
2026-01-09 17:00:00+00:00,246.28,246.37,245.41,245.82,1384196.0,245.877,7537
2026-01-09 18:00:00+00:00,245.81,246.81,245.51,246.62,1410606.0,246.043,7434
2026-01-09 19:00:00+00:00,246.62,247.06,246.16,247.0,1697011.0,246.7,9345
2026-01-09 20:00:00+00:00,246.99,247.86,246.78,247.31,3926300.0,247.269,20871
2026-01-12 14:30:00+00:00,246.69,248.48,246.24,247.97,4571744.0,247.448,19802
2026-01-12 15:00:00+00:00,247.94,248.33,247.03,247.55,2943992.0,247.636,17051
2026-01-12 16:00:00+00:00,247.55,248.26,247.39,248.1,1933128.0,247.857,10100
2026-01-12 17:00:00+00:00,248.1,248.45,247.73,248.09,1983692.0,248.07,10771
2026-01-12 18:00:00+00:00,248.1,248.28,247.76,248.04,1538433.0,248.012,8816
2026-01-12 19:00:00+00:00,248.03,248.94,247.36,248.31,2430625.0,248.093,13356
2026-01-12 20:00:00+00:00,248.32,248.38,245.96,246.42,4349656.0,246.945,24347
2026-01-13 14:30:00+00:00,246.75,247.66,244.53,245.9,3526062.0,246.29,16430
2026-01-13 15:00:00+00:00,245.89,246.08,242.72,244.25,4509864.0,244.014,23541
2026-01-13 16:00:00+00:00,244.23,245.28,243.65,245.26,2928531.0,244.386,16911
2026-01-13 17:00:00+00:00,245.26,245.53,242.95,243.12,2069079.0,244.32,10958
2026-01-13 18:00:00+00:00,243.1,243.37,241.58,241.59,2598912.0,242.591,12735
2026-01-13 19:00:00+00:00,241.61,242.5,240.25,242.23,3885383.0,241.198,20806
2026-01-13 20:00:00+00:00,242.22,242.91,241.45,242.61,3553395.0,242.308,20782
2026-01-14 14:30:00+00:00,241.15,241.28,238.15,238.69,4282590.0,239.344,20162
2026-01-14 15:00:00+00:00,238.68,240.03,237.21,237.61,4974592.0,238.577,26103
2026-01-14 16:00:00+00:00,237.62,238.74,236.43,236.54,3258281.0,237.656,18026
2026-01-14 17:00:00+00:00,236.54,237.51,236.36,236.9,2370313.0,236.973,11452
2026-01-14 18:00:00+00:00,236.89,237.49,236.22,237.38,1951460.0,236.916,10631
2026-01-14 19:00:00+00:00,237.36,237.89,236.72,236.86,1895769.0,237.284,9802
2026-01-14 20:00:00+00:00,236.85,238.08,236.24,236.68,5736253.0,237.032,28153
2026-01-15 14:30:00+00:00,239.31,239.38,236.74,236.91,5163708.0,238.013,21501
2026-01-15 15:00:00+00:00,236.89,238.92,236.63,238.55,4662182.0,237.718,23505
2026-01-15 16:00:00+00:00,238.56,240.23,238.43,240.19,4056564.0,239.298,19942
2026-01-15 17:00:00+00:00,240.19,240.65,238.23,238.51,2956860.0,239.409,15039
2026-01-15 18:00:00+00:00,238.49,239.39,238.45,239.08,2055915.0,238.932,10468
2026-01-15 19:00:00+00:00,239.08,239.16,237.1,237.33,2352866.0,237.968,12234
2026-01-15 20:00:00+00:00,237.3,238.34,236.98,238.17,4184705.0,237.535,23685
2026-01-16 14:30:00+00:00,239.06,239.57,237.1,237.72,5706782.0,238.631,12388
2026-01-16 15:00:00+00:00,237.69,238.17,236.41,237.34,3014373.0,237.368,13936
2026-01-16 16:00:00+00:00,237.35,238.33,237.27,237.84,2112499.0,237.818,10805
2026-01-16 17:00:00+00:00,237.83,238.46,237.38,238.22,1601081.0,237.866,8465
2026-01-16 18:00:00+00:00,238.2,239.03,238.07,238.09,1437343.0,238.554,7901
2026-01-16 19:00:00+00:00,238.09,238.44,237.0,238.1,1565821.0,237.93,8405
2026-01-16 20:00:00+00:00,238.09,239.39,237.84,239.06,3405342.0,238.631,19315
2026-01-20 14:30:00+00:00,233.76,234.45,231.56,233.42,6111626.0,233.049,23916
2026-01-20 15:00:00+00:00,233.44,234.96,232.35,234.39,3765919.0,233.855,20121
2026-01-20 16:00:00+00:00,234.4,235.09,233.53,234.53,2464036.0,234.178,13296
2026-01-20 17:00:00+00:00,234.52,234.53,232.25,232.34,1997150.0,233.273,10336
2026-01-20 18:00:00+00:00,232.34,232.52,230.92,230.93,2581984.0,231.625,13466
2026-01-20 19:00:00+00:00,231.0,231.26,229.54,229.76,3313943.0,230.171,17911
2026-01-20 20:00:00+00:00,229.74,231.12,229.34,231.12,5474392.0,230.479,29946
2026-01-21 14:30:00+00:00,231.09,231.98,228.68,231.66,4518432.0,230.274,20740
2026-01-21 15:00:00+00:00,231.66,232.09,230.15,231.81,3758954.0,231.256,19809
2026-01-21 16:00:00+00:00,231.79,231.94,227.63,227.96,3896781.0,229.815,21212
2026-01-21 17:00:00+00:00,227.95,228.62,227.31,228.07,2824146.0,228.022,15213
2026-01-21 18:00:00+00:00,228.08,228.44,226.88,228.1,2277013.0,227.521,11723
2026-01-21 19:00:00+00:00,228.09,232.3,227.27,232.18,4679489.0,229.927,23939
2026-01-21 20:00:00+00:00,232.19,232.26,230.19,231.35,4749559.0,231.133,26522
2026-01-22 14:30:00+00:00,234.05,234.44,231.16,231.43,4124998.0,232.886,18325
2026-01-22 15:00:00+00:00,231.45,234.5,230.9,234.23,3770990.0,232.899,19038
2026-01-22 16:00:00+00:00,234.22,235.23,234.2,234.97,2859622.0,234.827,14540
2026-01-22 17:00:00+00:00,234.97,235.38,234.77,235.23,1507212.0,235.117,7337
2026-01-22 18:00:00+00:00,235.23,235.72,234.77,234.87,1349068.0,235.185,7342
2026-01-22 19:00:00+00:00,234.89,235.2,234.22,234.25,1457159.0,234.766,7757
2026-01-22 20:00:00+00:00,234.24,234.74,233.64,234.29,2742246.0,234.208,15074
2026-01-23 14:30:00+00:00,234.96,236.63,234.57,236.38,3112769.0,235.711,14410
2026-01-23 15:00:00+00:00,236.42,240.06,236.2,239.9,4826931.0,237.926,24223
2026-01-23 16:00:00+00:00,239.92,240.45,238.86,240.05,3469523.0,239.753,17630
2026-01-23 17:00:00+00:00,240.03,240.11,238.82,239.18,2178415.0,239.629,10569
2026-01-23 18:00:00+00:00,239.17,239.78,238.91,239.09,1603702.0,239.389,8995
2026-01-23 19:00:00+00:00,239.1,239.99,239.05,239.89,1570553.0,239.598,9226
2026-01-23 20:00:00+00:00,239.91,239.97,238.57,239.19,3475324.0,239.147,20412
2026-01-26 14:30:00+00:00,240.03,240.95,237.54,238.32,3532827.0,239.115,15950
2026-01-26 15:00:00+00:00,238.31,239.93,238.14,239.42,2659129.0,239.23,13226
2026-01-26 16:00:00+00:00,239.41,240.0,238.97,239.71,2202133.0,239.6,9895
2026-01-26 17:00:00+00:00,239.68,240.13,238.86,239.01,1872771.0,239.563,8943
2026-01-26 18:00:00+00:00,239.02,239.41,238.86,239.17,1497793.0,239.151,7720
2026-01-26 19:00:00+00:00,239.17,239.56,238.92,239.32,1580714.0,239.266,8053
2026-01-26 20:00:00+00:00,239.31,239.9,238.18,238.41,3635181.0,238.908,19940
2026-01-27 14:30:00+00:00,239.69,240.27,238.08,238.78,3290159.0,239.264,15032
2026-01-27 15:00:00+00:00,238.76,242.93,238.72,241.04,4809448.0,241.205,23406
2026-01-27 16:00:00+00:00,241.03,242.9,241.0,242.49,3106518.0,242.017,15607
2026-01-27 17:00:00+00:00,242.48,242.55,241.71,242.25,2199645.0,242.107,11795
2026-01-27 18:00:00+00:00,242.28,243.81,241.71,243.53,2726899.0,243.058,12981
2026-01-27 19:00:00+00:00,243.53,244.88,243.14,244.13,3053918.0,243.881,17061
2026-01-27 20:00:00+00:00,244.13,244.85,243.82,244.68,4694382.0,244.49,26918
2026-01-28 14:30:00+00:00,246.37,247.57,245.08,247.28,4264296.0,246.374,20185
2026-01-28 15:00:00+00:00,247.28,247.78,242.85,243.1,4883893.0,244.986,25051
2026-01-28 16:00:00+00:00,243.13,243.44,241.53,241.8,3739468.0,242.55,20708
2026-01-28 17:00:00+00:00,241.81,243.32,241.8,243.04,2340492.0,242.576,12487
2026-01-28 18:00:00+00:00,243.03,243.4,242.62,243.01,1909138.0,242.992,11476
2026-01-28 19:00:00+00:00,242.96,243.32,242.05,242.87,2793322.0,242.748,18107
2026-01-28 20:00:00+00:00,242.86,243.77,242.77,243.02,3884862.0,243.261,23095
2026-01-29 14:30:00+00:00,242.86,243.0,238.58,239.09,6169162.0,241.11,27691
2026-01-29 15:00:00+00:00,239.12,239.86,236.79,237.15,6511830.0,238.252,33263
2026-01-29 16:00:00+00:00,237.15,239.28,236.74,238.98,3311149.0,238.039,19985
2026-01-29 17:00:00+00:00,238.99,240.57,238.27,238.46,2281638.0,239.459,13124
2026-01-29 18:00:00+00:00,238.46,240.23,238.34,239.12,1939209.0,239.367,11794
2026-01-29 19:00:00+00:00,239.1,239.81,238.9,239.15,1962026.0,239.229,11959
2026-01-29 20:00:00+00:00,239.17,241.96,239.08,241.59,5210535.0,240.772,31437
2026-01-30 14:30:00+00:00,239.89,242.48,238.57,241.42,3854867.0,240.718,18747
2026-01-30 15:00:00+00:00,241.42,243.32,240.99,241.93,3559820.0,242.362,20669
2026-01-30 16:00:00+00:00,241.91,242.15,239.0,240.89,2675783.0,241.028,14912
2026-01-30 17:00:00+00:00,240.91,241.11,239.33,239.46,2086976.0,240.284,11549
2026-01-30 18:00:00+00:00,239.41,240.75,237.77,240.56,3060616.0,239.069,16054
2026-01-30 19:00:00+00:00,240.57,241.31,239.69,239.74,2300528.0,240.503,13188
2026-01-30 20:00:00+00:00,239.74,240.28,237.64,239.24,5291677.0,239.379,32306
2026-02-02 14:30:00+00:00,238.21,243.49,238.17,243.35,3941853.0,240.931,17157
2026-02-02 15:00:00+00:00,243.32,245.63,242.79,243.86,4884004.0,244.48,26389
2026-02-02 16:00:00+00:00,243.87,245.0,243.28,244.92,2029947.0,244.298,11580
2026-02-02 17:00:00+00:00,244.89,245.39,244.6,244.73,1869869.0,245.022,10062
2026-02-02 18:00:00+00:00,244.74,244.85,243.48,243.75,2084031.0,244.042,11795
2026-02-02 19:00:00+00:00,243.73,244.05,242.92,242.94,2141540.0,243.629,12031
2026-02-02 20:00:00+00:00,242.96,244.39,242.56,242.95,3886873.0,243.09,22627
2026-02-03 14:30:00+00:00,245.1,246.35,240.86,241.14,6130238.0,244.091,29261
2026-02-03 15:00:00+00:00,241.11,241.25,237.55,237.9,7492261.0,239.044,40009
2026-02-03 16:00:00+00:00,237.89,238.6,236.36,237.18,4092496.0,237.426,21051
2026-02-03 17:00:00+00:00,237.14,238.24,236.59,237.69,3069341.0,237.445,17000
2026-02-03 18:00:00+00:00,237.68,237.91,235.65,235.98,2693630.0,236.598,15020
2026-02-03 19:00:00+00:00,235.96,237.5,235.45,237.14,2838927.0,236.349,17550
2026-02-03 20:00:00+00:00,237.11,238.84,236.58,238.67,4691074.0,238.041,27431
2026-02-04 14:30:00+00:00,238.86,238.86,235.11,235.28,4653190.0,237.432,21753
2026-02-04 15:00:00+00:00,235.22,238.27,234.37,238.01,4519043.0,236.752,25842
2026-02-04 16:00:00+00:00,238.03,238.2,233.82,235.01,3206597.0,235.856,18951
2026-02-04 17:00:00+00:00,234.99,235.14,231.97,233.7,3987963.0,233.656,21556
2026-02-04 18:00:00+00:00,233.68,233.84,231.82,232.93,3694347.0,232.911,20550
2026-02-04 19:00:00+00:00,232.94,234.83,232.14,234.81,3191931.0,233.178,18607
2026-02-04 20:00:00+00:00,234.78,234.9,232.38,232.99,4821179.0,233.578,29728
2026-02-05 14:30:00+00:00,224.91,226.31,221.55,224.01,10287783.0,224.463,50003
2026-02-05 15:00:00+00:00,223.97,224.29,220.38,223.05,9639349.0,222.117,50596
2026-02-05 16:00:00+00:00,223.03,225.02,222.1,224.9,5412635.0,223.789,29456
2026-02-05 17:00:00+00:00,224.88,225.55,223.78,225.03,4803958.0,224.72,27012
2026-02-05 18:00:00+00:00,225.08,225.43,222.78,223.18,4180358.0,223.894,21730
2026-02-05 19:00:00+00:00,223.15,224.51,221.99,222.66,4206145.0,222.962,23731
2026-02-05 20:00:00+00:00,222.66,223.58,221.51,222.38,10030049.0,222.676,53744
2026-02-06 14:30:00+00:00,202.69,204.88,200.31,202.25,26488997.0,202.665,128394
2026-02-06 15:00:00+00:00,202.25,206.58,201.33,204.16,22699085.0,204.215,119482
2026-02-06 16:00:00+00:00,204.17,206.42,204.01,205.19,11820926.0,205.201,64848
2026-02-06 17:00:00+00:00,205.18,210.87,204.52,210.51,15830398.0,207.897,72005
2026-02-06 18:00:00+00:00,210.55,211.26,206.43,206.44,10737906.0,208.469,50278
2026-02-06 19:00:00+00:00,206.43,207.73,205.56,205.61,8380089.0,206.646,41792
2026-02-06 20:00:00+00:00,205.61,211.44,205.31,210.31,15653417.0,208.786,77117
2026-02-09 14:30:00+00:00,208.97,209.73,203.35,204.77,13875279.0,205.506,61613
2026-02-09 15:00:00+00:00,204.76,209.47,204.66,209.02,11154550.0,207.339,57380
2026-02-09 16:00:00+00:00,209.02,212.1,208.73,211.86,9365775.0,210.079,43917
2026-02-09 17:00:00+00:00,211.86,212.81,209.38,210.0,8243062.0,210.881,37292
2026-02-09 18:00:00+00:00,210.0,211.5,209.6,209.8,5237234.0,210.622,24705
2026-02-09 19:00:00+00:00,209.79,210.09,208.46,209.09,5704283.0,209.172,28525
2026-02-09 20:00:00+00:00,209.09,209.61,208.49,208.66,8022603.0,209.056,40090
2026-02-10 14:30:00+00:00,208.57,209.91,206.41,209.85,8083953.0,207.982,36958
2026-02-10 15:00:00+00:00,209.84,212.65,209.75,210.83,9569198.0,211.359,47711
2026-02-10 16:00:00+00:00,210.83,211.17,209.65,209.68,5508200.0,210.258,26478
2026-02-10 17:00:00+00:00,209.67,210.45,209.03,209.17,3471035.0,209.826,18304
2026-02-10 18:00:00+00:00,209.16,209.47,207.43,208.65,5279945.0,208.34,26439
2026-02-10 19:00:00+00:00,208.65,208.79,207.46,207.93,3513916.0,208.055,19293
2026-02-10 20:00:00+00:00,207.92,208.14,206.87,206.99,6476786.0,207.337,35291
2026-02-11 14:30:00+00:00,208.05,208.57,204.56,205.58,8619932.0,206.141,39795
2026-02-11 15:00:00+00:00,205.62,206.49,204.17,205.56,7775852.0,205.545,39105
2026-02-11 16:00:00+00:00,205.56,205.64,202.49,202.63,7267758.0,204.041,36785
2026-02-11 17:00:00+00:00,202.61,204.15,202.53,203.68,5046185.0,203.312,25241
2026-02-11 18:00:00+00:00,203.69,205.16,203.25,204.75,3798291.0,204.238,19202
2026-02-11 19:00:00+00:00,204.74,205.29,204.16,204.79,3249015.0,204.826,17550
2026-02-11 20:00:00+00:00,204.78,204.89,203.72,204.01,5421551.0,204.265,28939
2026-02-12 14:30:00+00:00,203.96,203.96,201.53,201.78,8519820.0,202.754,36555
2026-02-12 15:00:00+00:00,201.77,202.56,198.31,198.34,11128593.0,200.669,60883
2026-02-12 16:00:00+00:00,198.35,198.79,197.56,198.69,9025835.0,198.06,47368
2026-02-12 17:00:00+00:00,198.69,200.09,198.4,199.39,5589913.0,199.4,27242
2026-02-12 18:00:00+00:00,199.4,200.05,198.98,199.82,4092973.0,199.423,22234
2026-02-12 19:00:00+00:00,199.82,199.98,198.61,198.89,4645388.0,199.256,24438
2026-02-12 20:00:00+00:00,198.91,199.7,198.21,199.54,6845926.0,198.907,37742
2026-02-13 14:30:00+00:00,198.88,199.56,197.27,197.88,6626250.0,198.574,30654
2026-02-13 15:00:00+00:00,197.87,199.3,197.29,198.8,9441052.0,198.236,44202
2026-02-13 16:00:00+00:00,198.81,201.16,198.44,200.4,6692927.0,199.834,33726
2026-02-13 17:00:00+00:00,200.4,201.15,200.04,200.22,3617767.0,200.52,18990
2026-02-13 18:00:00+00:00,200.25,200.35,199.58,199.68,3418341.0,199.967,18196
2026-02-13 19:00:00+00:00,199.69,200.13,198.79,198.88,2874463.0,199.64,15183
2026-02-13 20:00:00+00:00,198.89,199.1,197.88,198.75,6835287.0,198.553,38887
2026-02-17 14:30:00+00:00,198.2,200.38,196.12,197.81,11941435.0,198.281,49583
2026-02-17 15:00:00+00:00,197.8,200.53,196.0,200.15,8177370.0,199.056,38226
2026-02-17 16:00:00+00:00,200.14,201.74,200.02,201.33,5493096.0,200.978,28367
2026-02-17 17:00:00+00:00,201.3,201.31,198.93,199.64,4718186.0,199.854,23696
2026-02-17 18:00:00+00:00,199.62,201.37,199.05,200.96,4315800.0,200.262,21022
2026-02-17 19:00:00+00:00,200.96,201.55,200.73,200.92,3384232.0,201.132,17431
2026-02-17 20:00:00+00:00,200.89,201.3,200.31,201.24,5366222.0,200.933,30440
2026-02-18 14:30:00+00:00,202.15,205.46,201.51,204.79,8148579.0,203.891,40317
2026-02-18 15:00:00+00:00,204.75,206.86,204.46,206.53,6408267.0,205.838,32793
2026-02-18 16:00:00+00:00,206.54,206.86,205.51,205.56,3997779.0,206.177,20267
2026-02-18 17:00:00+00:00,205.53,206.27,205.51,205.98,2543571.0,205.915,12998
2026-02-18 18:00:00+00:00,205.97,206.39,205.02,205.62,2334264.0,205.71,12677
2026-02-18 19:00:00+00:00,205.59,205.97,204.24,204.37,2811518.0,205.135,15764
2026-02-18 20:00:00+00:00,204.37,205.37,204.17,204.67,5547944.0,204.843,30643
2026-02-19 14:30:00+00:00,204.03,205.18,202.81,204.15,4040800.0,203.992,16804
2026-02-19 15:00:00+00:00,204.19,205.33,203.65,204.53,3924759.0,204.391,19006
2026-02-19 16:00:00+00:00,204.54,205.64,204.44,205.09,3584212.0,205.111,18732
2026-02-19 17:00:00+00:00,205.11,205.21,203.83,203.92,2569088.0,204.569,11139
2026-02-19 18:00:00+00:00,203.91,205.06,203.73,204.99,2047461.0,204.218,9948
2026-02-19 19:00:00+00:00,204.99,205.13,203.85,204.06,2306877.0,204.553,11658
2026-02-19 20:00:00+00:00,204.05,204.97,203.95,204.91,3682800.0,204.513,20273
2026-02-20 14:30:00+00:00,204.76,207.61,203.75,206.23,6622088.0,205.752,24555
2026-02-20 15:00:00+00:00,206.23,211.0,206.13,210.9,13367423.0,209.228,67325
2026-02-20 16:00:00+00:00,210.9,211.08,207.94,209.21,5287955.0,209.237,26766
2026-02-20 17:00:00+00:00,209.21,209.77,206.83,209.6,4672192.0,208.296,22399
2026-02-20 18:00:00+00:00,209.59,211.17,208.75,210.33,4660903.0,210.031,23484
2026-02-20 19:00:00+00:00,210.31,210.51,209.23,209.33,2770579.0,209.93,14852
2026-02-20 20:00:00+00:00,209.31,210.29,209.26,210.17,5083311.0,209.911,27809
2026-02-23 14:30:00+00:00,208.09,208.43,205.5,205.57,6794314.0,206.716,29369
2026-02-23 15:00:00+00:00,205.56,206.09,203.92,204.54,6918678.0,204.717,37810
2026-02-23 16:00:00+00:00,204.55,204.63,203.5,204.11,4835091.0,204.107,27787
2026-02-23 17:00:00+00:00,204.09,204.28,203.11,204.04,3996325.0,203.753,21007
2026-02-23 18:00:00+00:00,204.05,204.72,203.25,203.9,3835611.0,204.24,21291
2026-02-23 19:00:00+00:00,203.9,204.84,203.87,204.26,3132947.0,204.426,18584
2026-02-23 20:00:00+00:00,204.26,205.32,204.0,205.29,5156951.0,204.82,30985
2026-02-24 14:30:00+00:00,205.5,206.81,203.25,205.46,4700257.0,205.339,22723
2026-02-24 15:00:00+00:00,205.46,207.95,204.74,207.81,4234143.0,206.856,22975
2026-02-24 16:00:00+00:00,207.8,209.46,207.63,209.16,3766361.0,208.714,19137
2026-02-24 17:00:00+00:00,209.17,209.96,209.04,209.36,2371838.0,209.514,12571
2026-02-24 18:00:00+00:00,209.36,210.36,208.98,209.93,2400095.0,209.651,12495
2026-02-24 19:00:00+00:00,209.92,210.02,208.7,209.35,2371459.0,209.208,12744
2026-02-24 20:00:00+00:00,209.35,209.54,208.16,208.55,3490503.0,208.592,20111
2026-02-25 14:30:00+00:00,210.46,211.4,209.58,210.83,3215838.0,210.482,15047
2026-02-25 15:00:00+00:00,210.84,211.59,209.87,210.39,3857064.0,210.636,21417
2026-02-25 16:00:00+00:00,210.38,210.44,209.47,209.5,2431678.0,209.948,12470
2026-02-25 17:00:00+00:00,209.51,209.86,209.0,209.33,2353761.0,209.422,11966
2026-02-25 18:00:00+00:00,209.33,209.74,208.93,209.64,1887094.0,209.323,9620
2026-02-25 19:00:00+00:00,209.64,210.56,209.62,210.41,2523640.0,210.148,12453
2026-02-25 20:00:00+00:00,210.4,210.8,210.02,210.66,4316288.0,210.411,23526
2026-02-26 14:30:00+00:00,210.64,211.05,208.73,209.32,3871704.0,209.951,19080
2026-02-26 15:00:00+00:00,209.31,209.87,206.95,208.16,6041185.0,208.178,29655
2026-02-26 16:00:00+00:00,208.16,209.15,207.01,207.04,3282139.0,208.188,18470
2026-02-26 17:00:00+00:00,207.04,207.48,205.74,205.75,3476098.0,206.684,19113
2026-02-26 18:00:00+00:00,205.75,207.26,205.34,207.24,3404098.0,206.095,18731
2026-02-26 19:00:00+00:00,207.23,208.39,207.11,208.1,2420385.0,207.782,12291
2026-02-26 20:00:00+00:00,208.1,208.33,207.43,207.91,3477465.0,207.883,19438
2026-02-27 14:30:00+00:00,206.82,207.49,205.2,206.12,4919464.0,206.365,22915
2026-02-27 15:00:00+00:00,206.13,209.22,205.66,208.6,5149502.0,207.869,27583
2026-02-27 16:00:00+00:00,208.6,209.04,207.62,208.26,2694250.0,208.193,13909
2026-02-27 17:00:00+00:00,208.25,209.64,207.38,208.01,2855659.0,208.236,15713
2026-02-27 18:00:00+00:00,208.02,209.2,207.7,208.75,2207728.0,208.475,11527
2026-02-27 19:00:00+00:00,208.75,209.36,208.44,209.04,1978614.0,208.851,11451
2026-02-27 20:00:00+00:00,209.05,210.33,208.24,210.01,6863634.0,209.517,40416
2026-03-02 14:30:00+00:00,204.51,207.95,203.46,207.03,5168098.0,206.068,21019
2026-03-02 15:00:00+00:00,207.02,208.82,206.78,207.88,4282943.0,207.933,20688
2026-03-02 16:00:00+00:00,207.87,209.44,206.25,209.0,4493218.0,207.949,22156
2026-03-02 17:00:00+00:00,209.01,209.4,208.06,208.45,2559500.0,208.615,12980
2026-03-02 18:00:00+00:00,208.45,208.94,208.13,208.3,2034338.0,208.591,10725
2026-03-02 19:00:00+00:00,208.31,209.73,208.17,208.36,2375627.0,208.777,13118
2026-03-02 20:00:00+00:00,208.35,208.7,207.3,208.2,5044977.0,208.162,28898
2026-03-03 14:30:00+00:00,203.1,205.29,203.03,203.74,4811931.0,203.954,21565
2026-03-03 15:00:00+00:00,203.7,204.44,202.48,203.68,4671163.0,203.508,24299
2026-03-03 16:00:00+00:00,203.69,207.37,203.64,206.48,3861752.0,205.636,19815
2026-03-03 17:00:00+00:00,206.46,207.12,205.8,206.23,2385662.0,206.335,12620
2026-03-03 18:00:00+00:00,206.24,208.62,206.21,208.26,2294927.0,207.731,11580
2026-03-03 19:00:00+00:00,208.28,208.91,207.0,208.59,2375122.0,208.147,12774
2026-03-03 20:00:00+00:00,208.59,209.18,208.0,208.76,4626761.0,208.635,27475
2026-03-04 14:30:00+00:00,210.47,214.94,210.15,214.86,6377988.0,212.432,29544
2026-03-04 15:00:00+00:00,214.95,217.54,214.0,215.36,8012030.0,215.793,43960
2026-03-04 16:00:00+00:00,215.37,216.42,214.95,215.08,3450741.0,215.732,19202
2026-03-04 17:00:00+00:00,215.07,215.76,214.47,215.58,2398112.0,215.157,13452
2026-03-04 18:00:00+00:00,215.6,216.9,215.36,216.82,3324082.0,216.228,18271
2026-03-04 19:00:00+00:00,216.81,217.08,216.32,216.81,3069527.0,216.738,18567
2026-03-04 20:00:00+00:00,216.84,217.47,216.19,216.77,6688602.0,216.899,41650
2026-03-05 14:30:00+00:00,215.97,220.47,215.6,219.31,7437918.0,218.627,34445
2026-03-05 15:00:00+00:00,219.31,219.71,215.71,217.1,6686072.0,217.29,38846
2026-03-05 16:00:00+00:00,217.08,218.2,215.92,217.98,4132856.0,217.035,23658
2026-03-05 17:00:00+00:00,218.01,218.84,216.95,217.84,4068841.0,217.895,23591
2026-03-05 18:00:00+00:00,217.84,218.32,216.83,217.38,3479617.0,217.506,21604
2026-03-05 19:00:00+00:00,217.39,218.19,217.1,218.12,3092438.0,217.63,18862
2026-03-05 20:00:00+00:00,218.1,219.77,217.59,218.87,8509294.0,218.992,47432
2026-03-06 14:30:00+00:00,215.1,217.32,214.18,214.51,5095651.0,215.723,25177
2026-03-06 15:00:00+00:00,214.51,216.2,214.28,216.03,5067512.0,215.106,27491
2026-03-06 16:00:00+00:00,216.04,216.55,214.65,215.89,2999761.0,215.743,16185
2026-03-06 17:00:00+00:00,215.87,216.5,214.27,214.62,2684463.0,215.262,14673
2026-03-06 18:00:00+00:00,214.61,215.62,214.49,214.97,2049255.0,215.048,12001
2026-03-06 19:00:00+00:00,214.96,215.34,213.22,213.88,3443455.0,214.224,20412
2026-03-06 20:00:00+00:00,213.87,214.33,212.53,213.11,7998416.0,213.412,48811
2026-03-09 13:30:00+00:00,210.45,212.3,207.37,207.46,5855132.0,209.247,26185
2026-03-09 14:00:00+00:00,207.45,210.64,207.11,210.02,6430142.0,209.117,31958
2026-03-09 15:00:00+00:00,210.0,210.85,209.51,210.11,3992725.0,210.276,22218
2026-03-09 16:00:00+00:00,210.11,210.75,209.4,209.81,3120218.0,210.076,17502
2026-03-09 17:00:00+00:00,209.8,210.48,208.83,209.39,2583156.0,209.606,14096
2026-03-09 18:00:00+00:00,209.4,210.07,209.14,209.35,3234728.0,209.61,18800
2026-03-09 19:00:00+00:00,209.36,213.82,208.99,213.42,7807687.0,212.398,45705
2026-03-10 13:30:00+00:00,214.13,214.55,212.43,213.56,3043912.0,213.586,12398
2026-03-10 14:00:00+00:00,213.57,215.47,212.74,215.44,3719782.0,214.34,19166
2026-03-10 15:00:00+00:00,215.44,215.65,214.04,214.59,2340694.0,214.751,12035
2026-03-10 16:00:00+00:00,214.61,215.65,213.84,215.15,2267305.0,214.887,11335
2026-03-10 17:00:00+00:00,215.16,215.65,214.25,214.97,2098964.0,215.034,10846
2026-03-10 18:00:00+00:00,214.96,215.15,213.57,214.24,2513240.0,214.371,14658
2026-03-10 19:00:00+00:00,214.24,214.75,213.71,214.34,3932597.0,214.223,25416
2026-03-11 13:30:00+00:00,215.68,217.0,214.61,215.73,2723356.0,215.855,13157
2026-03-11 14:00:00+00:00,215.73,216.76,213.06,213.9,3661764.0,214.447,19201
2026-03-11 15:00:00+00:00,213.9,214.17,211.71,211.99,3715084.0,212.545,19925
2026-03-11 16:00:00+00:00,211.98,213.28,211.84,212.97,2091760.0,212.588,11486
2026-03-11 17:00:00+00:00,212.96,213.1,211.35,212.17,1749435.0,212.381,9848
2026-03-11 18:00:00+00:00,212.16,213.33,211.57,212.98,2201712.0,212.499,11980
2026-03-11 19:00:00+00:00,212.97,213.32,212.5,212.63,3158503.0,212.847,19093
2026-03-12 13:30:00+00:00,210.39,211.71,208.82,210.11,3661150.0,210.381,19046
2026-03-12 14:00:00+00:00,210.14,211.42,209.58,209.66,3409635.0,210.55,18827
2026-03-12 15:00:00+00:00,209.68,210.01,208.15,209.96,3988337.0,208.986,22528
2026-03-12 16:00:00+00:00,209.96,210.56,209.22,210.17,2781903.0,209.932,17742
2026-03-12 17:00:00+00:00,210.17,210.88,209.37,209.65,2217692.0,210.157,14761
2026-03-12 18:00:00+00:00,209.66,210.02,209.08,209.23,1728346.0,209.577,11341
2026-03-12 19:00:00+00:00,209.21,210.26,208.8,209.52,4684191.0,209.599,29151
2026-03-13 13:30:00+00:00,209.42,210.56,207.6,209.17,3892437.0,209.233,19224
2026-03-13 14:00:00+00:00,209.19,210.5,208.48,208.51,3215084.0,209.588,18103
2026-03-13 15:00:00+00:00,208.52,208.97,206.86,207.1,3313936.0,207.953,17984
2026-03-13 16:00:00+00:00,207.09,208.16,206.54,206.76,2409975.0,207.54,12789
2026-03-13 17:00:00+00:00,206.77,207.33,206.22,206.81,1901535.0,206.922,10026
2026-03-13 18:00:00+00:00,206.82,208.26,206.68,208.07,2016174.0,207.668,10549
2026-03-13 19:00:00+00:00,208.06,208.5,207.38,207.71,4152010.0,207.903,24086
2026-03-16 13:30:00+00:00,208.35,210.0,207.44,208.91,3808034.0,208.52,17618
2026-03-16 14:00:00+00:00,208.92,210.14,208.36,209.16,4526633.0,209.247,27099
2026-03-16 15:00:00+00:00,209.17,209.66,208.53,209.0,2441134.0,209.24,15290
2026-03-16 16:00:00+00:00,209.0,209.85,208.62,209.55,2241133.0,209.231,13556
2026-03-16 17:00:00+00:00,209.55,210.2,209.53,209.94,2227549.0,209.881,13490
2026-03-16 18:00:00+00:00,209.95,212.02,209.93,211.64,3490911.0,211.148,20164
2026-03-16 19:00:00+00:00,211.65,212.73,211.07,211.76,6262804.0,211.916,37217
2026-03-17 13:30:00+00:00,212.89,214.84,212.43,214.22,4153975.0,213.991,18624
2026-03-17 14:00:00+00:00,214.21,214.48,213.24,213.97,2888116.0,213.866,15624
2026-03-17 15:00:00+00:00,213.96,214.29,213.23,213.39,2371081.0,213.769,13842
2026-03-17 16:00:00+00:00,213.39,214.03,213.01,213.55,1800079.0,213.564,10739
2026-03-17 17:00:00+00:00,213.55,214.53,213.55,213.89,2308146.0,213.942,12917
2026-03-17 18:00:00+00:00,213.89,215.08,213.23,214.53,4335632.0,214.072,20172
2026-03-17 19:00:00+00:00,214.54,215.7,214.2,215.2,6687910.0,215.214,36058
2026-03-18 13:30:00+00:00,214.09,215.15,213.01,213.46,2943180.0,213.909,14104
2026-03-18 14:00:00+00:00,213.44,213.73,211.46,211.87,3726865.0,212.452,20567
2026-03-18 15:00:00+00:00,211.85,212.32,211.4,211.88,2590451.0,211.894,14805
2026-03-18 16:00:00+00:00,211.91,212.26,210.79,210.87,2230990.0,211.314,12500
2026-03-18 17:00:00+00:00,210.87,211.34,210.48,211.2,2577306.0,210.893,15567
2026-03-18 18:00:00+00:00,211.18,211.57,209.78,209.82,2271485.0,210.822,13285
2026-03-18 19:00:00+00:00,209.8,210.19,208.82,209.86,5749839.0,209.651,34430
2026-03-19 13:30:00+00:00,207.14,209.07,206.05,208.31,3587028.0,207.408,16186
2026-03-19 14:00:00+00:00,208.28,208.66,206.61,207.59,3157282.0,207.427,17753
2026-03-19 15:00:00+00:00,207.58,208.8,206.93,207.5,2559329.0,207.706,13999
2026-03-19 16:00:00+00:00,207.5,207.93,206.63,207.27,2016614.0,207.263,11431
2026-03-19 17:00:00+00:00,207.28,207.56,206.69,207.39,1986447.0,207.049,10393
2026-03-19 18:00:00+00:00,207.37,207.92,206.75,207.55,1860379.0,207.302,9834
2026-03-19 19:00:00+00:00,207.55,209.12,207.47,208.81,4617332.0,208.532,26730
2026-03-20 13:30:00+00:00,207.32,207.54,205.15,205.63,9141682.0,207.012,15581
2026-03-20 14:00:00+00:00,205.65,207.42,205.55,207.1,3561058.0,206.686,21201
2026-03-20 15:00:00+00:00,207.1,207.4,205.93,207.06,2320097.0,206.699,14238
2026-03-20 16:00:00+00:00,207.08,207.54,206.43,206.82,1968303.0,206.962,10726
2026-03-20 17:00:00+00:00,206.82,207.25,205.68,206.7,2055955.0,206.477,11549
2026-03-20 18:00:00+00:00,206.73,206.82,205.37,205.5,2776162.0,206.165,15638
2026-03-20 19:00:00+00:00,205.5,206.0,204.31,205.36,5417219.0,205.288,30057
2026-03-23 13:30:00+00:00,209.84,212.62,209.51,212.61,5735090.0,210.987,27020
2026-03-23 14:00:00+00:00,212.61,212.8,211.36,211.75,5158794.0,212.116,29116
2026-03-23 15:00:00+00:00,211.75,212.7,210.42,210.56,3095175.0,211.897,18868
2026-03-23 16:00:00+00:00,210.55,211.8,210.19,210.94,2836210.0,211.07,17075
2026-03-23 17:00:00+00:00,210.95,211.54,210.36,211.24,1758584.0,210.909,10507
2026-03-23 18:00:00+00:00,211.23,211.41,210.55,211.15,2037709.0,211.028,12935
2026-03-23 19:00:00+00:00,211.14,211.27,210.01,210.11,4093006.0,210.596,25449
2026-03-24 13:30:00+00:00,207.95,209.35,206.64,207.75,2939063.0,207.635,12988
2026-03-24 14:00:00+00:00,207.73,209.13,207.14,207.89,3641449.0,207.946,22483
2026-03-24 15:00:00+00:00,207.9,209.04,207.52,208.36,3496981.0,208.272,19256
2026-03-24 16:00:00+00:00,208.36,208.53,207.33,207.85,1954264.0,208.028,10355
2026-03-24 17:00:00+00:00,207.84,207.96,206.75,207.49,2258655.0,207.256,12929
2026-03-24 18:00:00+00:00,207.47,208.34,207.26,207.53,2293659.0,207.734,13256
2026-03-24 19:00:00+00:00,207.52,207.93,206.7,207.28,3767020.0,207.274,21796
2026-03-25 13:30:00+00:00,211.66,213.07,211.22,212.35,4047865.0,212.178,18277
2026-03-25 14:00:00+00:00,212.38,212.66,211.12,212.09,4225844.0,211.969,22905
2026-03-25 15:00:00+00:00,212.1,212.24,209.9,210.97,2852271.0,210.947,15657
2026-03-25 16:00:00+00:00,210.98,212.4,210.71,212.12,2272379.0,211.742,13351
2026-03-25 17:00:00+00:00,212.1,212.9,211.84,212.21,2499251.0,212.37,14354
2026-03-25 18:00:00+00:00,212.2,212.28,211.1,211.35,1983144.0,211.692,11642
2026-03-25 19:00:00+00:00,211.34,211.75,210.92,211.71,3499584.0,211.387,19813
2026-03-26 13:30:00+00:00,210.61,210.75,207.8,210.72,3865700.0,209.269,17029
2026-03-26 14:00:00+00:00,210.71,212.89,210.47,212.31,4998524.0,211.795,28386
2026-03-26 15:00:00+00:00,212.31,212.86,211.37,211.64,4027679.0,212.146,24187
2026-03-26 16:00:00+00:00,211.66,211.66,209.95,210.27,2776446.0,210.602,18262
2026-03-26 17:00:00+00:00,210.25,210.4,207.94,208.02,3113114.0,209.049,18427
2026-03-26 18:00:00+00:00,208.01,208.63,207.78,208.11,2643917.0,208.212,14892
2026-03-26 19:00:00+00:00,208.12,208.36,207.12,207.53,4249920.0,207.788,25525
2026-03-27 13:30:00+00:00,206.54,206.64,201.69,201.78,4415612.0,203.697,21686
2026-03-27 14:00:00+00:00,201.78,202.35,200.93,201.07,5701399.0,201.555,30992
2026-03-27 15:00:00+00:00,201.06,201.72,200.27,201.0,5193481.0,201.08,28977
2026-03-27 16:00:00+00:00,201.01,201.43,200.47,201.3,3281602.0,200.861,18411
2026-03-27 17:00:00+00:00,201.3,201.84,200.41,200.65,2852824.0,200.924,16692
2026-03-27 18:00:00+00:00,200.64,200.75,199.52,199.59,3975534.0,200.237,22919
2026-03-27 19:00:00+00:00,199.59,200.28,199.14,199.34,6628235.0,199.667,36527
2026-03-30 13:30:00+00:00,201.47,202.35,200.19,201.5,3857693.0,201.337,18311
2026-03-30 14:00:00+00:00,201.5,202.69,200.85,202.65,3968460.0,201.569,22549
2026-03-30 15:00:00+00:00,202.67,203.8,202.21,203.3,3585232.0,203.01,18887
2026-03-30 16:00:00+00:00,203.3,203.36,202.51,202.74,2053602.0,202.888,11772
2026-03-30 17:00:00+00:00,202.74,202.96,201.46,202.01,2555700.0,202.005,12927
2026-03-30 18:00:00+00:00,201.99,202.02,200.63,200.73,2403346.0,201.206,15002
2026-03-30 19:00:00+00:00,200.73,201.23,199.98,200.9,5211419.0,200.541,30239
2026-03-31 13:30:00+00:00,204.89,207.34,204.14,206.79,4403827.0,205.908,21180
2026-03-31 14:00:00+00:00,206.79,207.04,204.43,204.93,4040220.0,205.817,21022
2026-03-31 15:00:00+00:00,204.92,206.47,204.88,205.35,2378060.0,205.872,13279
2026-03-31 16:00:00+00:00,205.35,209.1,205.27,208.38,3574221.0,207.489,21853
2026-03-31 17:00:00+00:00,208.38,210.28,208.22,208.34,4381401.0,209.33,24276
2026-03-31 18:00:00+00:00,208.32,209.21,208.32,208.92,2436048.0,208.739,14888
2026-03-31 19:00:00+00:00,208.93,210.0,207.91,208.29,6636169.0,208.828,38576
2026-04-01 13:30:00+00:00,210.5,211.41,208.19,209.63,4152627.0,209.842,19810
2026-04-01 14:00:00+00:00,209.65,211.79,209.6,211.5,3576764.0,210.808,20614
2026-04-01 15:00:00+00:00,211.5,213.2,211.31,213.06,3623886.0,212.292,21376
2026-04-01 16:00:00+00:00,213.06,213.58,212.59,212.61,2889639.0,213.023,16915
2026-04-01 17:00:00+00:00,212.63,212.78,211.83,211.85,2100741.0,212.464,12940
2026-04-01 18:00:00+00:00,211.83,211.87,209.92,210.22,3011683.0,210.758,17504
2026-04-01 19:00:00+00:00,210.23,211.9,210.21,210.57,5399574.0,210.986,32867
2026-04-02 13:30:00+00:00,206.54,207.98,204.9,207.9,3082831.0,206.367,13419
2026-04-02 14:00:00+00:00,207.86,212.22,207.77,210.4,3410327.0,209.766,18199
2026-04-02 15:00:00+00:00,210.41,210.85,209.39,209.66,2250143.0,210.196,12195
2026-04-02 16:00:00+00:00,209.67,210.09,208.97,209.66,1277555.0,209.523,6886
2026-04-02 17:00:00+00:00,209.65,209.99,208.49,208.59,1449374.0,209.337,7700
2026-04-02 18:00:00+00:00,208.59,209.49,208.58,209.02,1603440.0,209.135,8338
2026-04-02 19:00:00+00:00,209.02,209.91,208.79,209.78,3423789.0,209.349,18791
2026-04-06 13:30:00+00:00,209.8,212.72,209.59,212.7,2368688.0,211.124,9966
2026-04-06 14:00:00+00:00,212.5,212.95,211.4,212.13,2473691.0,212.121,12247
2026-04-06 15:00:00+00:00,212.13,212.9,212.02,212.58,1803945.0,212.447,8988
2026-04-06 16:00:00+00:00,212.57,212.88,212.15,212.2,1580302.0,212.537,8609
2026-04-06 17:00:00+00:00,212.21,212.24,211.23,211.47,1881121.0,211.734,10645
2026-04-06 18:00:00+00:00,211.45,212.55,211.18,212.44,1479835.0,211.966,8532
2026-04-06 19:00:00+00:00,212.44,212.86,212.0,212.79,2860113.0,212.46,16366
2026-04-07 13:30:00+00:00,211.0,212.5,210.56,211.08,2575081.0,211.565,11224
2026-04-07 14:00:00+00:00,211.07,211.2,209.64,209.7,2585472.0,210.3,13935
2026-04-07 15:00:00+00:00,209.69,211.12,209.07,210.97,1734302.0,210.061,9296
2026-04-07 16:00:00+00:00,210.99,212.26,210.86,211.7,1447315.0,211.695,7550
2026-04-07 17:00:00+00:00,211.68,213.16,211.6,212.89,1487473.0,212.424,8173
2026-04-07 18:00:00+00:00,212.88,213.15,211.27,211.66,1587286.0,212.365,8403
2026-04-07 19:00:00+00:00,211.64,213.97,211.51,213.79,3651901.0,213.019,21514
2026-04-08 13:30:00+00:00,223.69,226.1,219.62,219.87,7360850.0,222.33,31377
2026-04-08 14:00:00+00:00,219.89,221.59,219.82,220.73,3984836.0,220.865,21922
2026-04-08 15:00:00+00:00,220.72,221.68,220.37,221.45,2508406.0,221.027,13559
2026-04-08 16:00:00+00:00,221.45,222.72,221.31,222.28,2952244.0,222.074,14658
2026-04-08 17:00:00+00:00,222.27,222.36,221.44,222.32,2447939.0,221.969,13205
2026-04-08 18:00:00+00:00,222.32,222.8,220.46,220.52,2451577.0,221.749,13045
2026-04-08 19:00:00+00:00,220.52,221.41,220.18,221.29,4337352.0,220.848,25350
2026-04-09 13:30:00+00:00,225.23,226.46,223.27,225.08,6154146.0,225.001,26771
2026-04-09 14:00:00+00:00,225.08,228.64,224.24,228.3,5941393.0,226.086,29101
2026-04-09 15:00:00+00:00,228.3,232.24,227.88,232.0,7914665.0,230.148,39608
2026-04-09 16:00:00+00:00,232.01,233.8,230.48,231.09,7177553.0,232.067,31319
2026-04-09 17:00:00+00:00,231.09,231.79,230.79,231.51,3107257.0,231.313,15768
2026-04-09 18:00:00+00:00,231.5,232.25,230.63,231.99,3459037.0,231.538,18237
2026-04-09 19:00:00+00:00,231.99,233.66,231.63,233.65,7771087.0,232.779,35412
2026-04-10 13:30:00+00:00,235.23,238.84,235.21,238.22,8679030.0,237.519,40000
2026-04-10 14:00:00+00:00,238.18,239.74,236.72,239.09,6769402.0,238.79,34065
2026-04-10 15:00:00+00:00,239.09,240.43,237.71,237.88,6097846.0,239.29,29555
2026-04-10 16:00:00+00:00,237.9,238.43,237.14,237.97,2960389.0,237.808,15000
2026-04-10 17:00:00+00:00,237.98,238.83,237.65,237.93,2245305.0,238.232,12017
2026-04-10 18:00:00+00:00,237.93,238.55,237.45,237.84,2441390.0,237.944,12597
2026-04-10 19:00:00+00:00,237.85,238.49,237.7,238.36,5032177.0,238.178,27084
2026-04-13 13:30:00+00:00,237.34,238.21,235.75,237.27,4575062.0,237.197,20649
2026-04-13 14:00:00+00:00,237.26,238.2,236.09,237.53,3809092.0,236.916,18243
2026-04-13 15:00:00+00:00,237.55,239.32,237.02,238.21,3511013.0,238.042,18641
2026-04-13 16:00:00+00:00,238.2,239.1,237.38,238.58,3002654.0,238.277,15699
2026-04-13 17:00:00+00:00,238.58,238.88,238.17,238.67,1424703.0,238.537,7390
2026-04-13 18:00:00+00:00,238.68,239.23,238.27,238.42,2173878.0,238.794,11749
2026-04-13 19:00:00+00:00,238.41,240.0,238.21,239.86,5236275.0,239.167,28952
2026-04-14 13:30:00+00:00,241.78,247.0,241.78,245.71,8106611.0,245.257,36685
2026-04-14 14:00:00+00:00,245.69,247.09,244.98,246.82,6181392.0,246.014,32342
2026-04-14 15:00:00+00:00,246.81,248.63,246.38,248.19,5203498.0,247.598,27868
2026-04-14 16:00:00+00:00,248.17,250.44,247.74,250.04,6812503.0,249.527,32089
2026-04-14 17:00:00+00:00,250.04,252.18,249.46,251.75,5156738.0,250.893,24339
2026-04-14 18:00:00+00:00,251.74,252.14,248.55,248.75,5633941.0,249.997,26659
2026-04-14 19:00:00+00:00,248.75,249.74,248.19,249.03,7174450.0,248.961,35454
2026-04-15 13:30:00+00:00,249.1,250.44,247.26,248.59,4782185.0,248.414,22482
2026-04-15 14:00:00+00:00,248.62,248.86,247.2,247.92,3953970.0,247.993,21050
2026-04-15 15:00:00+00:00,247.92,248.38,247.24,247.93,3436570.0,247.857,18401
2026-04-15 16:00:00+00:00,247.9,249.11,247.73,248.01,2516389.0,248.414,13438
2026-04-15 17:00:00+00:00,248.03,248.81,247.89,248.3,2223649.0,248.373,11272
2026-04-15 18:00:00+00:00,248.29,249.09,248.15,248.68,2137677.0,248.76,11767
2026-04-15 19:00:00+00:00,248.67,249.46,248.35,248.43,4810165.0,248.715,27126
2026-04-16 13:30:00+00:00,248.52,250.0,244.66,244.83,5184451.0,246.842,23623
2026-04-16 14:00:00+00:00,244.83,246.47,244.2,246.2,4776776.0,245.588,23545
2026-04-16 15:00:00+00:00,246.22,248.62,246.04,248.55,3694015.0,247.524,18352
2026-04-16 16:00:00+00:00,248.55,249.05,247.72,248.37,2313684.0,248.563,10122
2026-04-16 17:00:00+00:00,248.38,249.62,248.34,249.23,2281879.0,249.01,10629
2026-04-16 18:00:00+00:00,249.24,249.53,248.32,248.78,2183872.0,248.927,11363
2026-04-16 19:00:00+00:00,248.79,249.71,248.23,249.71,4462102.0,249.03,22835
2026-04-17 13:30:00+00:00,254.86,255.86,252.2,253.96,7778721.0,254.236,23833
2026-04-17 14:00:00+00:00,253.96,256.18,253.76,254.54,5117270.0,254.856,27611
2026-04-17 15:00:00+00:00,254.51,254.63,253.64,253.73,3056685.0,254.134,16229
2026-04-17 16:00:00+00:00,253.72,254.08,253.15,253.84,2057085.0,253.605,11102
2026-04-17 17:00:00+00:00,253.84,254.29,253.34,253.7,2920822.0,253.841,15598
2026-04-17 18:00:00+00:00,253.7,253.97,251.13,251.31,2825271.0,252.159,15111
2026-04-17 19:00:00+00:00,251.32,251.44,250.11,250.47,4987685.0,250.678,26816
2026-04-20 13:30:00+00:00,249.23,250.18,246.75,247.67,4605411.0,248.12,19398
2026-04-20 14:00:00+00:00,247.67,248.13,245.58,245.79,4136761.0,247.001,20602
2026-04-20 15:00:00+00:00,245.8,247.12,245.36,246.79,3233903.0,246.246,17204
2026-04-20 16:00:00+00:00,246.8,247.39,246.54,247.35,1966001.0,246.904,10609
2026-04-20 17:00:00+00:00,247.34,247.72,247.18,247.5,1544104.0,247.475,7908
2026-04-20 18:00:00+00:00,247.5,248.5,247.42,248.08,2074261.0,247.984,11615
2026-04-20 19:00:00+00:00,248.09,248.65,247.29,248.28,4370391.0,248.208,22103
2026-04-21 13:30:00+00:00,255.09,255.09,251.56,253.6,6238088.0,253.059,25841
2026-04-21 14:00:00+00:00,253.57,253.89,251.8,251.99,4285020.0,252.719,20004
2026-04-21 15:00:00+00:00,251.99,252.87,251.03,252.5,3519502.0,252.152,18345
2026-04-21 16:00:00+00:00,252.51,253.27,251.57,251.64,2066531.0,252.46,10118
2026-04-21 17:00:00+00:00,251.65,252.99,251.0,252.26,2448300.0,251.861,11290
2026-04-21 18:00:00+00:00,252.27,252.49,250.35,251.03,2159436.0,251.205,10626
2026-04-21 19:00:00+00:00,251.06,251.79,249.12,249.95,3832545.0,250.427,20735
2026-04-22 13:30:00+00:00,252.54,252.61,250.33,252.27,2929331.0,251.685,12403
2026-04-22 14:00:00+00:00,252.24,253.68,252.24,252.88,3779201.0,253.029,18641
2026-04-22 15:00:00+00:00,252.87,253.24,252.16,252.2,2159091.0,252.731,11738
2026-04-22 16:00:00+00:00,252.2,253.24,251.99,252.69,2476506.0,252.788,14394
2026-04-22 17:00:00+00:00,252.7,254.06,252.7,253.61,1999883.0,253.471,10486
2026-04-22 18:00:00+00:00,253.61,254.8,253.6,254.03,3139477.0,254.229,15485
2026-04-22 19:00:00+00:00,254.04,255.94,253.87,255.34,4511926.0,255.044,24434
2026-04-23 13:30:00+00:00,255.39,256.28,253.83,255.27,3380258.0,255.275,14958
2026-04-23 14:00:00+00:00,255.25,257.79,254.44,257.57,4680299.0,256.091,22763
2026-04-23 15:00:00+00:00,257.58,258.79,256.53,256.74,3762142.0,257.782,20121
2026-04-23 16:00:00+00:00,256.71,257.22,256.5,256.59,1731253.0,256.805,9320
2026-04-23 17:00:00+00:00,256.6,256.7,253.07,254.64,3273188.0,254.838,17737
2026-04-23 18:00:00+00:00,254.62,255.77,254.41,255.0,1742482.0,255.254,9416
2026-04-23 19:00:00+00:00,255.0,255.97,254.49,255.12,3370606.0,255.248,19672
2026-04-24 13:30:00+00:00,259.98,260.87,257.68,259.05,6794362.0,259.55,30093
2026-04-24 14:00:00+00:00,259.02,261.55,258.4,259.67,5575976.0,260.098,27303
2026-04-24 15:00:00+00:00,259.69,263.0,259.6,262.94,4510184.0,261.544,22462
2026-04-24 16:00:00+00:00,262.93,263.13,261.7,262.15,3233846.0,262.401,16710
2026-04-24 17:00:00+00:00,262.14,264.03,262.14,263.83,2693144.0,262.976,12979
2026-04-24 18:00:00+00:00,263.8,263.83,263.05,263.71,2130097.0,263.428,11472
2026-04-24 19:00:00+00:00,263.66,264.5,263.66,263.86,5031315.0,264.029,28322
2026-04-27 13:30:00+00:00,263.47,264.15,260.34,261.18,5970122.0,262.213,28330
2026-04-27 14:00:00+00:00,261.18,263.02,260.88,262.87,4784773.0,261.933,24701
2026-04-27 15:00:00+00:00,262.88,262.9,260.73,261.24,3032857.0,261.475,16666
2026-04-27 16:00:00+00:00,261.23,263.5,261.11,262.61,3333111.0,262.528,16232
2026-04-27 17:00:00+00:00,262.62,262.97,261.96,262.08,2070985.0,262.456,11326
2026-04-27 18:00:00+00:00,262.09,262.1,261.36,261.47,2376411.0,261.685,13872
2026-04-27 19:00:00+00:00,261.46,261.58,260.75,261.08,5034407.0,261.097,27400
2026-04-28 13:30:00+00:00,258.39,260.15,256.63,259.32,4154439.0,258.502,20895
2026-04-28 14:00:00+00:00,259.34,261.03,259.2,260.07,5174418.0,260.177,26781
2026-04-28 15:00:00+00:00,260.08,260.74,259.08,259.83,3085108.0,259.875,18611
2026-04-28 16:00:00+00:00,259.82,260.53,259.1,259.4,2756851.0,259.929,16451
2026-04-28 17:00:00+00:00,259.4,259.72,257.87,258.73,2341803.0,258.5,13908
2026-04-28 18:00:00+00:00,258.74,259.8,258.64,259.04,2434936.0,259.219,12808
2026-04-28 19:00:00+00:00,259.04,259.88,259.01,259.77,4164989.0,259.553,22366
2026-04-29 13:30:00+00:00,258.0,262.76,257.7,262.69,5831071.0,259.856,26423
2026-04-29 14:00:00+00:00,262.69,265.91,261.85,265.17,7806576.0,264.316,39217
2026-04-29 15:00:00+00:00,265.18,265.21,263.06,263.48,4700304.0,264.061,24825
2026-04-29 16:00:00+00:00,263.5,263.52,260.2,261.57,3764383.0,261.843,20549
2026-04-29 17:00:00+00:00,261.59,263.24,261.45,263.23,3031909.0,262.354,16266
2026-04-29 18:00:00+00:00,263.2,264.0,262.84,263.88,3367054.0,263.409,19215
2026-04-29 19:00:00+00:00,263.87,264.01,262.03,263.27,7194224.0,262.788,40226
2026-04-30 13:30:00+00:00,273.17,273.87,257.45,259.11,16294663.0,263.743,77764
2026-04-30 14:00:00+00:00,259.19,262.59,257.48,259.51,9209624.0,259.593,45965
2026-04-30 15:00:00+00:00,259.51,260.27,256.16,258.24,7398548.0,258.473,34468
2026-04-30 16:00:00+00:00,258.3,259.91,257.75,258.34,4094185.0,259.018,19207
2026-04-30 17:00:00+00:00,258.32,260.6,258.3,260.28,3710666.0,259.927,18672
2026-04-30 18:00:00+00:00,260.28,264.13,260.2,263.5,6486738.0,262.529,29913
2026-04-30 19:00:00+00:00,263.5,266.49,263.48,265.03,10659001.0,265.312,53800
2026-05-01 13:30:00+00:00,265.52,268.95,262.74,268.88,5175785.0,265.678,24690
2026-05-01 14:00:00+00:00,268.92,273.32,268.69,269.6,9096309.0,271.27,44449
2026-05-01 15:00:00+00:00,269.6,270.8,268.34,270.13,3584392.0,269.58,17936
2026-05-01 16:00:00+00:00,270.13,270.22,268.12,268.4,2667567.0,269.06,14033
2026-05-01 17:00:00+00:00,268.42,269.81,268.22,269.24,1946012.0,269.01,10882
2026-05-01 18:00:00+00:00,269.23,269.67,268.23,268.94,2665807.0,269.107,15321
2026-05-01 19:00:00+00:00,268.93,269.29,267.67,268.34,4998011.0,268.441,28446
2026-05-04 13:30:00+00:00,268.87,273.35,268.79,271.78,4727301.0,271.434,20936
2026-05-04 14:00:00+00:00,271.73,276.1,269.45,273.45,7874838.0,273.325,35426
2026-05-04 15:00:00+00:00,273.47,275.0,270.61,271.16,4883748.0,272.68,24634
2026-05-04 16:00:00+00:00,271.14,271.22,269.73,270.19,3441952.0,270.45,18241
2026-05-04 17:00:00+00:00,270.19,271.97,270.06,271.79,2554466.0,271.263,14277
2026-05-04 18:00:00+00:00,271.76,272.06,270.39,270.92,2306360.0,271.106,13143
2026-05-04 19:00:00+00:00,270.92,272.13,270.63,272.05,4251517.0,271.492,24004
2026-05-05 13:30:00+00:00,276.08,278.56,275.5,276.18,6462478.0,277.048,28385
2026-05-05 14:00:00+00:00,276.12,277.27,274.51,276.05,5221327.0,275.945,27534
2026-05-05 15:00:00+00:00,276.06,276.34,274.68,275.93,2821880.0,275.797,16390
2026-05-05 16:00:00+00:00,275.94,275.99,273.13,273.17,2510752.0,274.457,12993
2026-05-05 17:00:00+00:00,273.17,274.28,272.38,274.28,2309374.0,273.324,11630
2026-05-05 18:00:00+00:00,274.28,274.28,273.5,273.82,1981523.0,273.907,10242
2026-05-05 19:00:00+00:00,273.83,274.31,273.45,273.5,3087419.0,273.85,17445
2026-05-06 13:30:00+00:00,272.89,275.35,272.24,273.54,4241075.0,273.83,18593
2026-05-06 14:00:00+00:00,273.57,275.47,272.26,275.01,3931047.0,273.919,20923
2026-05-06 15:00:00+00:00,275.05,275.21,272.54,274.88,3005124.0,273.947,15104
2026-05-06 16:00:00+00:00,274.89,276.05,274.75,275.49,2373903.0,275.505,12573
2026-05-06 17:00:00+00:00,275.49,277.1,275.37,277.03,2164523.0,276.442,12530
2026-05-06 18:00:00+00:00,277.03,277.8,276.11,276.62,2872685.0,276.885,15068
2026-05-06 19:00:00+00:00,276.63,277.08,274.91,274.91,5358383.0,276.063,27039
2026-05-07 13:30:00+00:00,275.03,276.63,273.12,273.71,3814697.0,274.287,16800
2026-05-07 14:00:00+00:00,273.74,273.99,272.79,273.43,3601822.0,273.478,18318
2026-05-07 15:00:00+00:00,273.4,273.89,272.19,273.57,2959081.0,273.149,15335
2026-05-07 16:00:00+00:00,273.58,273.58,271.4,272.9,2758747.0,272.319,14103
2026-05-07 17:00:00+00:00,272.91,273.0,271.18,272.83,1814234.0,272.058,9598
2026-05-07 18:00:00+00:00,272.86,272.98,271.36,272.08,1632091.0,272.406,9038
2026-05-07 19:00:00+00:00,272.08,272.13,270.49,271.25,3123149.0,271.528,18158
2026-05-08 13:30:00+00:00,271.63,273.37,269.95,273.14,3746160.0,271.664,16639
2026-05-08 14:00:00+00:00,273.14,273.38,271.42,271.91,3033805.0,272.531,16189
2026-05-08 15:00:00+00:00,271.92,273.49,271.85,272.64,2621464.0,272.729,14762
2026-05-08 16:00:00+00:00,272.64,273.36,272.32,272.48,1694060.0,272.899,9802
2026-05-08 17:00:00+00:00,272.49,273.3,272.15,272.57,1862184.0,272.74,10213
2026-05-08 18:00:00+00:00,272.57,273.0,271.91,272.43,1650472.0,272.376,10619
2026-05-08 19:00:00+00:00,272.44,274.0,272.23,272.65,4776286.0,273.018,28802
2026-05-11 13:30:00+00:00,270.25,273.63,269.15,273.17,4062816.0,271.616,17383
2026-05-11 14:00:00+00:00,273.16,273.44,271.03,271.78,3658138.0,271.984,18866
2026-05-11 15:00:00+00:00,271.78,272.79,271.61,272.26,1952467.0,272.207,10146
2026-05-11 16:00:00+00:00,272.25,273.07,271.39,271.61,2233872.0,272.231,11361
2026-05-11 17:00:00+00:00,271.61,271.76,270.59,270.79,1657970.0,271.169,9205
2026-05-11 18:00:00+00:00,270.8,271.12,269.63,269.66,1910275.0,270.248,10134
2026-05-11 19:00:00+00:00,269.66,269.98,268.48,268.99,3769880.0,269.29,21575
2026-05-12 13:30:00+00:00,266.71,267.65,264.52,265.47,3660251.0,265.543,15907
2026-05-12 14:00:00+00:00,265.49,265.85,263.7,263.91,3395505.0,264.779,18496
2026-05-12 15:00:00+00:00,263.91,265.2,263.74,264.4,2286587.0,264.504,12763
2026-05-12 16:00:00+00:00,264.41,264.9,262.63,263.01,2476953.0,263.443,15001
2026-05-12 17:00:00+00:00,263.02,264.53,262.95,264.15,1835739.0,263.848,10602
2026-05-12 18:00:00+00:00,264.13,264.75,263.76,264.31,1717744.0,264.222,10533
2026-05-12 19:00:00+00:00,264.31,266.5,264.03,265.84,4564034.0,265.409,25420
2026-05-13 13:30:00+00:00,264.34,266.0,263.2,265.08,3215892.0,264.494,15760
2026-05-13 14:00:00+00:00,265.06,266.25,264.78,265.2,3049057.0,265.499,16177
2026-05-13 15:00:00+00:00,265.19,269.37,265.1,268.38,3293590.0,267.437,15963
2026-05-13 16:00:00+00:00,268.36,270.4,268.33,270.07,2718738.0,269.193,14678
2026-05-13 17:00:00+00:00,270.08,270.36,269.04,269.09,1835405.0,269.71,10330
2026-05-13 18:00:00+00:00,269.05,270.35,269.01,269.35,1831518.0,269.83,10624
2026-05-13 19:00:00+00:00,269.39,270.72,269.28,270.11,4348588.0,270.068,24330
2026-05-14 13:30:00+00:00,269.04,270.78,268.37,268.7,2899677.0,269.605,14653
2026-05-14 14:00:00+00:00,268.73,269.55,267.14,267.35,2779005.0,268.012,16273
2026-05-14 15:00:00+00:00,267.35,268.35,267.03,268.33,2321501.0,267.709,13213
2026-05-14 16:00:00+00:00,268.36,268.89,267.89,268.13,1873393.0,268.337,9535
2026-05-14 17:00:00+00:00,268.15,269.18,267.9,268.74,2050969.0,268.576,11342
2026-05-14 18:00:00+00:00,268.7,268.72,267.41,267.44,1705512.0,268.029,10026
2026-05-14 19:00:00+00:00,267.43,268.23,266.63,267.25,3773282.0,267.541,22835
2026-05-15 13:30:00+00:00,262.5,263.45,260.89,262.5,6760651.0,262.25,22431
2026-05-15 14:00:00+00:00,262.47,264.05,262.0,262.8,4415945.0,263.098,23039
2026-05-15 15:00:00+00:00,262.81,263.94,261.3,262.33,3169607.0,262.793,15867
2026-05-15 16:00:00+00:00,262.32,263.23,261.67,261.9,2732873.0,262.455,12546
2026-05-15 17:00:00+00:00,261.91,263.98,261.25,263.2,2179509.0,262.893,10275
2026-05-15 18:00:00+00:00,263.21,263.95,262.78,263.49,1863160.0,263.441,9806
2026-05-15 19:00:00+00:00,263.48,264.36,262.84,264.2,3804384.0,263.732,22413
2026-05-18 13:30:00+00:00,263.87,268.85,262.53,267.89,4331397.0,265.941,20267
2026-05-18 14:00:00+00:00,267.88,268.64,266.01,267.91,4620814.0,267.695,24753
2026-05-18 15:00:00+00:00,267.93,268.04,265.4,265.53,2729399.0,266.52,15313
2026-05-18 16:00:00+00:00,265.53,265.92,264.15,264.62,1985518.0,265.099,9825
2026-05-18 17:00:00+00:00,264.57,265.29,264.22,264.73,1121307.0,264.916,5811
2026-05-18 18:00:00+00:00,264.71,264.83,262.7,262.76,1779122.0,263.58,10050
2026-05-18 19:00:00+00:00,262.77,265.05,262.72,264.92,2780358.0,264.449,17874
2026-05-19 13:30:00+00:00,262.04,262.25,258.79,260.52,4098531.0,260.379,18969
2026-05-19 14:00:00+00:00,260.54,260.6,256.29,256.91,4827741.0,257.752,25826
2026-05-19 15:00:00+00:00,256.93,257.57,255.19,255.56,3473223.0,256.259,18817
2026-05-19 16:00:00+00:00,255.57,258.09,255.53,258.01,2554066.0,256.464,14855
2026-05-19 17:00:00+00:00,257.99,259.4,257.79,259.18,2720893.0,258.566,15587
2026-05-19 18:00:00+00:00,259.16,259.76,258.47,259.21,1708568.0,259.282,9973
2026-05-19 19:00:00+00:00,259.2,259.53,258.7,259.35,3485422.0,259.184,22310
2026-05-20 13:30:00+00:00,260.11,263.12,259.53,261.48,3408650.0,261.179,15111
2026-05-20 14:00:00+00:00,261.5,264.49,260.4,264.25,3292066.0,262.344,19202
2026-05-20 15:00:00+00:00,264.23,265.58,263.62,264.93,2710004.0,264.587,15317
2026-05-20 16:00:00+00:00,264.94,264.99,262.55,263.01,2020721.0,263.477,11967
2026-05-20 17:00:00+00:00,263.08,263.73,262.37,263.47,1653503.0,263.193,9665
2026-05-20 18:00:00+00:00,263.45,264.57,263.13,264.37,1356629.0,263.919,8042
2026-05-20 19:00:00+00:00,264.37,265.47,263.96,265.03,3705864.0,264.729,22459
2026-05-21 13:30:00+00:00,263.42,264.52,261.37,263.35,4135113.0,262.401,19892
2026-05-21 14:00:00+00:00,263.33,264.62,262.13,264.41,3733075.0,263.347,20105
2026-05-21 15:00:00+00:00,264.44,265.8,263.25,265.64,2622719.0,264.708,14168
2026-05-21 16:00:00+00:00,265.65,266.45,264.75,266.39,2218783.0,265.471,11997
2026-05-21 17:00:00+00:00,266.41,269.38,266.27,268.78,3956208.0,267.864,21100
2026-05-21 18:00:00+00:00,268.76,269.49,266.95,267.37,2247744.0,268.583,12806
2026-05-21 19:00:00+00:00,267.35,268.97,267.27,268.45,2804782.0,268.388,16574
2026-05-22 13:30:00+00:00,268.66,269.79,268.05,268.4,2870030.0,268.938,11465
2026-05-22 14:00:00+00:00,268.36,268.78,267.48,268.1,2384106.0,268.261,12703
2026-05-22 15:00:00+00:00,268.07,269.3,267.91,269.26,1814436.0,268.907,9221
2026-05-22 16:00:00+00:00,269.28,269.31,267.53,267.64,1481180.0,268.206,8039
2026-05-22 17:00:00+00:00,267.66,269.6,267.35,267.93,2130665.0,268.419,13003
2026-05-22 18:00:00+00:00,267.92,268.33,267.53,267.58,1135713.0,267.928,6243
2026-05-22 19:00:00+00:00,267.58,267.59,266.23,266.31,3693075.0,266.838,19768
2026-05-26 13:30:00+00:00,268.05,269.3,265.66,266.75,3643988.0,267.38,16594
2026-05-26 14:00:00+00:00,266.74,268.22,264.14,264.31,4379805.0,265.808,22360
2026-05-26 15:00:00+00:00,264.33,264.77,263.3,263.59,2950235.0,263.954,16270
2026-05-26 16:00:00+00:00,263.6,264.25,263.03,263.03,1956175.0,263.666,10581
2026-05-26 17:00:00+00:00,263.03,263.12,262.07,262.64,2493467.0,262.502,13808
2026-05-26 18:00:00+00:00,262.64,263.39,262.51,262.92,2129176.0,263.073,12391
2026-05-26 19:00:00+00:00,262.95,265.74,262.83,265.31,4262374.0,264.567,24054
2026-05-27 13:30:00+00:00,266.15,268.83,265.7,268.21,3737906.0,267.069,16603
2026-05-27 14:00:00+00:00,268.24,270.73,268.05,270.18,4349599.0,269.803,20359
2026-05-27 15:00:00+00:00,270.19,271.44,269.88,269.89,2918037.0,270.877,15135
2026-05-27 16:00:00+00:00,269.89,272.41,269.1,271.34,3027519.0,271.056,15956
2026-05-27 17:00:00+00:00,271.35,271.48,269.62,269.84,2023716.0,270.537,10864
2026-05-27 18:00:00+00:00,269.85,271.06,269.17,271.04,1988034.0,270.063,10836
2026-05-27 19:00:00+00:00,271.05,271.9,270.71,271.87,3896136.0,271.388,23136
2026-05-28 13:30:00+00:00,272.27,272.35,267.63,268.8,3832814.0,269.678,16763
2026-05-28 14:00:00+00:00,268.81,270.54,267.44,270.11,4093209.0,269.109,20800
2026-05-28 15:00:00+00:00,270.12,270.81,269.1,270.37,2911600.0,269.956,13305
2026-05-28 16:00:00+00:00,270.3,270.38,269.17,270.08,1575273.0,269.912,8029
2026-05-28 17:00:00+00:00,270.09,272.46,270.09,272.33,2476459.0,271.354,13798
2026-05-28 18:00:00+00:00,272.33,274.19,271.91,273.98,3073219.0,272.903,15709
2026-05-28 19:00:00+00:00,273.97,274.5,273.24,273.96,4232066.0,273.876,21868
2026-05-29 13:30:00+00:00,271.29,274.75,270.68,273.33,4390159.0,273.338,21849
2026-05-29 14:00:00+00:00,273.27,273.65,270.61,271.13,4166797.0,271.677,20835
2026-05-29 15:00:00+00:00,271.12,273.04,271.01,272.93,2376649.0,272.274,11940
2026-05-29 16:00:00+00:00,272.91,273.03,270.82,270.98,1822122.0,272.2,10060
2026-05-29 17:00:00+00:00,270.98,271.54,270.83,270.92,1937855.0,271.154,10395
2026-05-29 18:00:00+00:00,270.91,271.07,269.64,269.83,1910516.0,270.451,10647
2026-05-29 19:00:00+00:00,269.84,272.14,269.67,270.65,4596543.0,270.84,26799
2026-06-01 13:30:00+00:00,266.14,266.63,262.31,264.5,5952078.0,264.464,26881
2026-06-01 14:00:00+00:00,264.51,265.45,262.75,264.65,4811025.0,264.042,24458
2026-06-01 15:00:00+00:00,264.66,264.95,263.28,263.61,3614197.0,264.138,19097
2026-06-01 16:00:00+00:00,263.62,264.64,261.5,262.1,3814761.0,262.603,20178
2026-06-01 17:00:00+00:00,262.12,262.58,260.7,262.37,3897919.0,261.664,20128
2026-06-01 18:00:00+00:00,262.37,263.31,261.9,263.17,3196741.0,262.606,16897
2026-06-01 19:00:00+00:00,263.17,264.16,261.0,261.25,6122140.0,262.375,34555
2026-06-02 13:30:00+00:00,257.16,257.91,254.37,255.7,5263953.0,255.689,23465
2026-06-02 14:00:00+00:00,255.68,260.54,255.08,260.43,4784086.0,257.991,27091
2026-06-02 15:00:00+00:00,260.45,261.21,259.33,259.33,2591333.0,260.441,13568
2026-06-02 16:00:00+00:00,259.35,259.52,258.41,258.77,1743401.0,258.893,10356
2026-06-02 17:00:00+00:00,258.82,258.86,257.47,257.48,1768273.0,258.135,10624
2026-06-02 18:00:00+00:00,257.48,258.58,257.33,258.31,1947343.0,258.117,9123
2026-06-02 19:00:00+00:00,258.3,258.55,256.35,256.49,4380205.0,257.364,23194
2026-06-03 13:30:00+00:00,254.63,257.09,253.45,255.39,3081851.0,255.615,16768
2026-06-03 14:00:00+00:00,255.33,255.75,251.4,251.76,4430354.0,253.166,24795
2026-06-03 15:00:00+00:00,251.77,251.84,249.11,250.13,5220087.0,250.339,27107
2026-06-03 16:00:00+00:00,250.12,250.4,248.27,248.53,3203485.0,249.143,17786
2026-06-03 17:00:00+00:00,248.53,249.4,247.71,249.14,3598105.0,248.389,19336
2026-06-03 18:00:00+00:00,249.13,249.21,248.43,248.76,2447005.0,248.85,13820
2026-06-03 19:00:00+00:00,248.76,250.27,248.08,250.07,5763350.0,249.27,32026
2026-06-04 13:30:00+00:00,253.26,254.69,251.75,254.64,4220037.0,253.139,20287
2026-06-04 14:00:00+00:00,254.66,255.14,253.15,253.65,3691700.0,254.073,20445
2026-06-04 15:00:00+00:00,253.67,255.83,253.52,254.0,3195599.0,254.414,16905
2026-06-04 16:00:00+00:00,254.0,254.44,253.55,253.79,1476852.0,253.972,8675
2026-06-04 17:00:00+00:00,253.83,254.81,253.62,253.85,2175629.0,254.063,8360
2026-06-04 18:00:00+00:00,253.85,254.9,253.39,253.94,1782028.0,254.241,9818
2026-06-04 19:00:00+00:00,253.94,254.43,253.12,253.91,3585180.0,253.768,21563
2026-06-05 13:30:00+00:00,254.26,256.38,252.81,252.9,4075313.0,254.613,21227
2026-06-05 14:00:00+00:00,252.9,254.36,252.01,253.28,3224768.0,253.142,17780
2026-06-05 15:00:00+00:00,253.32,253.97,252.47,252.9,1970621.0,253.183,11256
2026-06-05 16:00:00+00:00,252.9,253.59,252.36,253.25,2235590.0,252.998,13351
2026-06-05 17:00:00+00:00,253.23,253.85,252.5,253.51,2019154.0,253.323,11694
2026-06-05 18:00:00+00:00,253.53,253.74,247.64,248.04,5900687.0,249.141,34320
2026-06-05 19:00:00+00:00,248.02,248.32,245.78,245.98,7202320.0,246.959,43295
2026-06-08 13:30:00+00:00,246.71,249.42,246.38,247.03,3209570.0,247.491,14362
2026-06-08 14:00:00+00:00,247.04,247.45,246.12,247.19,3024361.0,246.723,16910
2026-06-08 15:00:00+00:00,247.21,247.72,245.57,245.92,2023412.0,246.698,11811
2026-06-08 16:00:00+00:00,245.93,246.93,245.56,245.61,1404416.0,246.263,8382
2026-06-08 17:00:00+00:00,245.6,245.88,244.61,244.7,1781499.0,245.166,9572
2026-06-08 18:00:00+00:00,244.66,244.86,243.36,244.51,2565461.0,244.196,13532
2026-06-08 19:00:00+00:00,244.54,245.6,244.18,245.24,3291150.0,244.969,19061
2026-06-09 13:30:00+00:00,247.78,250.43,246.51,248.94,3232895.0,248.723,15411
2026-06-09 14:00:00+00:00,248.89,249.1,244.42,245.26,3240808.0,246.914,17773
2026-06-09 15:00:00+00:00,245.26,245.55,242.17,242.68,2710666.0,243.533,14975
2026-06-09 16:00:00+00:00,242.72,244.01,240.4,241.51,3716496.0,242.334,20905
2026-06-09 17:00:00+00:00,241.51,245.12,241.29,244.8,3138899.0,243.246,17284
2026-06-09 18:00:00+00:00,244.78,245.73,244.71,245.43,2263285.0,245.255,14333
2026-06-09 19:00:00+00:00,245.43,245.81,243.14,244.05,4248439.0,244.35,25950
2026-06-10 13:30:00+00:00,243.6,244.07,240.23,240.63,3487214.0,242.036,16068
2026-06-10 14:00:00+00:00,240.67,242.45,239.82,240.08,3421309.0,241.14,20354
2026-06-10 15:00:00+00:00,240.09,240.78,238.82,240.07,3642282.0,239.558,20796
2026-06-10 16:00:00+00:00,240.08,240.28,238.57,239.18,1898197.0,239.274,11519
2026-06-10 17:00:00+00:00,239.21,239.44,237.94,238.8,2256219.0,238.635,12090
2026-06-10 18:00:00+00:00,238.85,239.4,238.17,238.31,1875879.0,238.862,11594
2026-06-10 19:00:00+00:00,238.29,238.71,237.45,237.94,4397893.0,238.122,26319
2026-06-11 13:30:00+00:00,237.93,238.51,235.51,237.36,3825933.0,237.185,15845
2026-06-11 14:00:00+00:00,237.34,238.78,235.59,235.85,2870446.0,237.247,15377
2026-06-11 15:00:00+00:00,235.84,237.45,235.18,237.13,2728290.0,236.596,15202
2026-06-11 16:00:00+00:00,237.14,237.95,236.27,236.43,2072486.0,237.188,11115
2026-06-11 17:00:00+00:00,236.45,240.03,235.7,238.71,4048927.0,237.951,19874
2026-06-11 18:00:00+00:00,238.73,239.99,237.94,239.83,2360614.0,239.118,12667
2026-06-11 19:00:00+00:00,239.81,242.14,239.79,241.29,5086812.0,241.151,30838
2026-06-12 13:30:00+00:00,243.21,243.37,233.59,234.18,6842476.0,236.751,34393
2026-06-12 14:00:00+00:00,234.19,237.48,234.12,237.3,6153039.0,236.25,31427
2026-06-12 15:00:00+00:00,237.31,238.5,235.56,235.97,4799596.0,237.244,24187
2026-06-12 16:00:00+00:00,235.98,237.03,235.72,236.86,3380705.0,236.269,16096
2026-06-12 17:00:00+00:00,236.85,237.64,236.38,236.48,2082316.0,237.011,10587
2026-06-12 18:00:00+00:00,236.47,238.02,236.02,237.82,2065673.0,236.833,10682
2026-06-12 19:00:00+00:00,237.81,239.0,237.31,238.54,4250633.0,238.046,23430
2026-06-15 13:30:00+00:00,245.0,247.81,244.73,247.35,6011381.0,246.292,28152
2026-06-15 14:00:00+00:00,247.33,247.35,245.59,246.44,3626123.0,246.227,19075
2026-06-15 15:00:00+00:00,246.46,246.63,245.63,246.48,2402097.0,246.191,12739
2026-06-15 16:00:00+00:00,246.51,247.01,245.62,246.22,1930037.0,246.265,10487
2026-06-15 17:00:00+00:00,246.23,247.0,245.97,246.32,1629495.0,246.56,8833
2026-06-15 18:00:00+00:00,246.34,246.82,245.9,246.8,1493024.0,246.322,8324
2026-06-15 19:00:00+00:00,246.8,246.9,245.46,246.1,3983689.0,246.066,22223
2026-06-16 13:30:00+00:00,248.03,248.43,246.44,246.47,3006255.0,247.325,14104
2026-06-16 14:00:00+00:00,246.46,248.82,245.45,248.39,3040389.0,246.97,17017
2026-06-16 15:00:00+00:00,248.36,249.51,247.88,248.0,3271161.0,248.696,17817
2026-06-16 16:00:00+00:00,248.0,248.0,245.93,246.11,1913502.0,246.995,11024
2026-06-16 17:00:00+00:00,246.11,246.38,245.5,245.7,1731638.0,245.904,9829
2026-06-16 18:00:00+00:00,245.69,246.73,245.69,246.36,2159702.0,246.281,12148
2026-06-16 19:00:00+00:00,246.36,246.7,245.65,246.1,3763799.0,246.092,24732
2026-06-17 13:30:00+00:00,245.0,245.91,241.75,242.12,3286055.0,243.358,15077
2026-06-17 14:00:00+00:00,242.1,242.67,240.33,240.77,4275968.0,241.494,22772
2026-06-17 15:00:00+00:00,240.78,241.19,240.01,240.21,2975049.0,240.489,15988
2026-06-17 16:00:00+00:00,240.22,240.91,239.25,239.88,2834412.0,239.976,15052
2026-06-17 17:00:00+00:00,239.86,240.67,239.0,240.59,2296291.0,239.886,13258
2026-06-17 18:00:00+00:00,240.56,240.56,237.86,238.31,3704275.0,239.197,21346
2026-06-17 19:00:00+00:00,238.33,238.73,236.0,237.44,5677212.0,237.583,32675
2026-06-18 13:30:00+00:00,239.86,240.88,236.02,238.93,10467002.0,239.422,17594
2026-06-18 14:00:00+00:00,238.93,240.5,238.51,239.9,3775195.0,239.633,18199
2026-06-18 15:00:00+00:00,239.88,244.33,239.84,243.8,6948382.0,242.078,35386
2026-06-18 16:00:00+00:00,243.8,244.22,242.5,243.49,2636004.0,243.459,14350
2026-06-18 17:00:00+00:00,243.49,245.73,243.3,244.01,3131626.0,244.758,16609
2026-06-18 18:00:00+00:00,244.01,244.05,242.79,243.12,1915964.0,243.255,11186
2026-06-18 19:00:00+00:00,243.12,244.71,242.44,244.37,5677503.0,243.723,31417
2026-06-22 13:30:00+00:00,240.08,242.0,238.65,239.29,4553238.0,239.989,18966
2026-06-22 14:00:00+00:00,239.3,239.39,233.84,234.3,7283062.0,236.416,33640
2026-06-22 15:00:00+00:00,234.31,234.89,232.52,233.69,6120877.0,233.708,28863
2026-06-22 16:00:00+00:00,233.7,233.71,232.66,233.23,3352189.0,233.272,16124
2026-06-22 17:00:00+00:00,233.25,234.19,232.24,233.77,3258213.0,233.354,16813
2026-06-22 18:00:00+00:00,233.79,234.6,233.67,234.23,3530816.0,234.125,15907
2026-06-22 19:00:00+00:00,234.25,235.06,232.78,232.79,8728861.0,233.709,42250
2026-06-23 13:30:00+00:00,232.64,235.43,232.0,234.26,4499670.0,233.61,20211
2026-06-23 14:00:00+00:00,234.26,236.87,234.17,235.44,4362276.0,235.997,23991
2026-06-23 15:00:00+00:00,235.45,235.54,233.2,234.58,4130981.0,234.125,20773
2026-06-23 16:00:00+00:00,234.6,235.07,234.2,234.68,2977785.0,234.66,16698
2026-06-23 17:00:00+00:00,234.7,234.84,233.85,234.77,2372151.0,234.337,13564
2026-06-23 18:00:00+00:00,234.83,235.85,234.08,234.3,3092289.0,234.869,18794
2026-06-23 19:00:00+00:00,234.3,235.54,234.05,234.13,6007476.0,234.688,34870
2026-06-24 13:30:00+00:00,233.98,238.5,232.95,237.22,4930232.0,236.609,23205
2026-06-24 14:00:00+00:00,237.19,241.05,236.53,241.01,4913015.0,238.535,27036
2026-06-24 15:00:00+00:00,241.03,242.42,240.72,241.94,5423264.0,241.535,28285
2026-06-24 16:00:00+00:00,241.92,242.0,239.51,239.73,2532967.0,240.827,15057
2026-06-24 17:00:00+00:00,239.74,240.11,238.18,238.33,3007315.0,239.191,15199
2026-06-24 18:00:00+00:00,238.34,238.78,236.6,236.97,3973386.0,237.768,22423
2026-06-24 19:00:00+00:00,236.98,237.2,233.9,234.26,10382741.0,235.282,58428
2026-06-25 13:30:00+00:00,232.13,232.24,226.05,227.58,7784002.0,227.978,38208
2026-06-25 14:00:00+00:00,227.58,229.7,227.23,228.56,5674870.0,228.721,29327
2026-06-25 15:00:00+00:00,228.59,230.85,228.35,230.24,4136359.0,229.547,22635
2026-06-25 16:00:00+00:00,230.24,230.25,227.2,228.28,4511692.0,228.325,26640
2026-06-25 17:00:00+00:00,228.29,228.78,227.75,228.72,2989058.0,228.227,19778
2026-06-25 18:00:00+00:00,228.77,230.45,227.99,228.95,3861062.0,229.27,22787
2026-06-25 19:00:00+00:00,228.95,229.06,225.55,227.16,11031245.0,227.168,62907
2026-06-26 13:30:00+00:00,227.33,228.97,226.12,227.67,6639080.0,227.562,32171
2026-06-26 14:00:00+00:00,227.68,231.71,227.58,230.55,7116582.0,230.219,34864
2026-06-26 15:00:00+00:00,230.55,232.61,230.15,232.24,6500363.0,231.636,32388
2026-06-26 16:00:00+00:00,232.26,232.55,230.97,231.77,4734194.0,231.736,28751
2026-06-26 17:00:00+00:00,231.77,231.98,230.0,230.82,4281052.0,230.777,25789
2026-06-26 18:00:00+00:00,230.82,231.15,228.82,228.92,5282034.0,230.196,28954
2026-06-26 19:00:00+00:00,228.92,233.9,227.85,230.48,19243297.0,230.286,98452
2026-06-29 13:30:00+00:00,234.22,243.4,233.8,241.6,9173683.0,239.509,38804
2026-06-29 14:00:00+00:00,241.61,246.76,241.3,245.2,10969790.0,244.235,57569
2026-06-29 15:00:00+00:00,245.2,249.71,240.88,242.22,6728552.0,242.673,34814
2026-06-29 16:00:00+00:00,242.24,242.3,239.72,241.35,4159039.0,240.583,20592
2026-06-29 17:00:00+00:00,241.37,241.6,240.37,241.17,2994540.0,240.915,16142
2026-06-29 18:00:00+00:00,241.2,241.23,239.93,241.21,4491409.0,240.408,17130
2026-06-29 19:00:00+00:00,241.21,241.99,239.72,240.1,7244833.0,240.453,41215
2026-06-30 13:30:00+00:00,237.35,240.46,237.17,238.56,4919267.0,239.119,24206
2026-06-30 14:00:00+00:00,238.63,240.73,238.01,238.21,5074485.0,239.205,26470
2026-06-30 15:00:00+00:00,238.21,240.34,237.55,239.82,4665147.0,238.839,24425
2026-06-30 16:00:00+00:00,239.81,241.54,238.61,240.63,3898233.0,240.148,20526
2026-06-30 17:00:00+00:00,240.63,240.66,238.2,238.47,3623714.0,239.138,18493
2026-06-30 18:00:00+00:00,238.45,239.14,237.41,237.78,3452922.0,238.282,18450
2026-06-30 19:00:00+00:00,237.79,239.53,237.54,238.24,7600756.0,238.47,43714
2026-07-01 13:30:00+00:00,239.99,240.0,234.9,237.84,4787584.0,237.859,21924
2026-07-01 14:00:00+00:00,237.92,242.66,237.68,242.63,5544447.0,240.382,27645
2026-07-01 15:00:00+00:00,242.66,243.57,241.35,242.34,4871325.0,242.359,25304
2026-07-01 16:00:00+00:00,242.33,243.1,241.88,242.26,2525615.0,242.451,14486
2026-07-01 17:00:00+00:00,242.25,244.9,242.25,243.89,3497589.0,243.981,19475
2026-07-01 18:00:00+00:00,243.88,244.6,243.67,243.88,3076803.0,244.089,18367
2026-07-01 19:00:00+00:00,243.89,244.3,241.5,241.69,6787962.0,242.4,36643
2026-07-02 13:30:00+00:00,241.77,244.7,241.08,241.96,3446738.0,242.669,14405
2026-07-02 14:00:00+00:00,241.95,245.44,241.81,245.22,4288567.0,244.32,23595
2026-07-02 15:00:00+00:00,245.24,245.95,243.78,245.79,3658217.0,245.167,19903
2026-07-02 16:00:00+00:00,245.8,246.72,244.53,244.62,2472876.0,245.756,12859
2026-07-02 17:00:00+00:00,244.59,245.43,243.51,244.07,2271418.0,244.312,11492
2026-07-02 18:00:00+00:00,244.07,244.6,242.98,243.29,1894516.0,243.869,10506
2026-07-02 19:00:00+00:00,243.29,244.14,242.24,242.28,4289016.0,243.264,26136
2026-07-06 13:30:00+00:00,243.95,245.51,240.88,241.7,3052483.0,242.779,13095
2026-07-06 14:00:00+00:00,241.65,243.69,241.4,242.68,3279262.0,242.687,18483
2026-07-06 15:00:00+00:00,242.68,245.69,242.59,245.42,3086219.0,244.684,16027
2026-07-06 16:00:00+00:00,245.42,246.04,244.45,244.65,2010649.0,245.264,10843
2026-07-06 17:00:00+00:00,244.66,245.7,244.6,244.89,1763151.0,245.159,10021
2026-07-06 18:00:00+00:00,244.94,245.73,244.35,245.47,1560876.0,245.141,8741
2026-07-06 19:00:00+00:00,245.47,245.85,243.96,244.24,4084783.0,244.801,24025
2026-07-07 13:30:00+00:00,247.13,248.93,244.67,247.91,3951642.0,247.071,19582
2026-07-07 14:00:00+00:00,247.94,248.0,243.91,244.28,4614756.0,245.719,26393
2026-07-07 15:00:00+00:00,244.33,244.42,242.7,243.81,3705807.0,243.41,21808
2026-07-07 16:00:00+00:00,243.82,246.29,243.5,245.77,2665988.0,244.888,15568
2026-07-07 17:00:00+00:00,245.77,246.4,244.9,246.31,1863746.0,245.426,11770
2026-07-07 18:00:00+00:00,246.33,246.75,245.45,245.8,1932770.0,246.126,11934
2026-07-07 19:00:00+00:00,245.81,246.27,245.25,245.95,3286660.0,245.742,20217
2026-07-08 13:30:00+00:00,244.27,244.8,240.88,242.25,2777157.0,243.223,12328
2026-07-08 14:00:00+00:00,242.26,244.18,241.05,241.13,2640740.0,242.546,14524
2026-07-08 15:00:00+00:00,241.17,242.27,240.52,240.93,1961621.0,241.284,10839
2026-07-08 16:00:00+00:00,240.93,242.21,240.83,242.08,1406600.0,241.596,8550
2026-07-08 17:00:00+00:00,242.08,242.74,241.57,241.59,1287650.0,242.159,7258
2026-07-08 18:00:00+00:00,241.56,242.79,241.4,242.53,1259540.0,242.096,7434
2026-07-08 19:00:00+00:00,242.53,244.24,242.12,243.56,3679788.0,243.296,21694
2026-07-09 13:30:00+00:00,239.96,243.22,238.25,242.71,3273987.0,240.958,15044
2026-07-09 14:00:00+00:00,242.74,242.91,239.3,241.28,3019508.0,241.017,16492
2026-07-09 15:00:00+00:00,241.28,241.93,241.12,241.64,2257643.0,241.536,12654
2026-07-09 16:00:00+00:00,241.6,242.83,240.9,242.23,1557299.0,242.038,8020
2026-07-09 17:00:00+00:00,242.24,244.63,242.18,243.74,2642418.0,243.754,14760
2026-07-09 18:00:00+00:00,243.72,245.17,243.72,244.35,1817692.0,244.638,10213
2026-07-09 19:00:00+00:00,244.36,247.5,244.23,247.02,4125701.0,246.183,22302
2026-07-10 13:30:00+00:00,249.55,251.03,245.81,245.83,3573187.0,248.93,15828
2026-07-10 14:00:00+00:00,245.81,246.79,244.41,245.55,2946771.0,245.689,16432
2026-07-10 15:00:00+00:00,245.56,246.7,244.55,246.26,2108896.0,245.773,12820
2026-07-10 16:00:00+00:00,246.24,246.6,245.55,245.95,1538139.0,246.107,8737
2026-07-10 17:00:00+00:00,245.93,245.97,244.42,245.05,1630746.0,245.055,8894
2026-07-10 18:00:00+00:00,245.04,245.89,244.78,245.31,1434981.0,245.447,8695
2026-07-10 19:00:00+00:00,245.31,246.09,245.11,245.33,3378267.0,245.428,20090
2026-07-13 13:30:00+00:00,244.66,248.6,244.18,248.1,3585068.0,246.882,17385
2026-07-13 14:00:00+00:00,248.09,248.61,245.35,248.24,3564898.0,247.305,18559
2026-07-13 15:00:00+00:00,248.29,249.35,247.73,247.88,2546411.0,248.64,15112
2026-07-13 16:00:00+00:00,247.91,248.57,247.4,247.67,1417417.0,247.98,9118
2026-07-13 17:00:00+00:00,247.68,248.66,247.6,248.06,1502021.0,248.22,9945
2026-07-13 18:00:00+00:00,248.05,249.65,247.72,248.97,2097100.0,248.73,12463
2026-07-13 19:00:00+00:00,248.98,248.99,245.96,247.37,3953994.0,247.444,25990
2026-07-14 13:30:00+00:00,245.43,247.25,243.8,246.01,2794116.0,245.443,13174
2026-07-14 14:00:00+00:00,245.98,246.84,244.22,245.51,2771788.0,245.429,16045
2026-07-14 15:00:00+00:00,245.51,246.19,245.12,245.47,2092330.0,245.58,13008
2026-07-14 16:00:00+00:00,245.47,246.15,244.58,246.15,1349407.0,245.297,7999
2026-07-14 17:00:00+00:00,246.16,246.84,245.6,246.61,1380863.0,246.345,8780
2026-07-14 18:00:00+00:00,246.62,247.58,246.2,246.65,1738068.0,246.853,10694
2026-07-14 19:00:00+00:00,246.64,248.56,246.63,247.5,3894527.0,247.786,24608
2026-07-15 13:30:00+00:00,249.75,252.91,249.73,252.36,3604735.0,251.515,16853
2026-07-15 14:00:00+00:00,252.31,256.05,252.13,253.96,6228344.0,254.176,32278
2026-07-15 15:00:00+00:00,253.98,256.2,253.63,254.73,4198506.0,255.197,23539
2026-07-15 16:00:00+00:00,254.73,256.48,254.63,255.5,2944153.0,255.744,16591
2026-07-15 17:00:00+00:00,255.53,255.73,254.63,255.06,1903358.0,255.016,12291
2026-07-15 18:00:00+00:00,255.02,255.41,254.21,254.32,2019066.0,254.787,11874
2026-07-15 19:00:00+00:00,254.31,255.5,253.67,254.92,4065158.0,254.557,24856
2026-07-16 13:30:00+00:00,255.11,258.09,252.62,254.1,3578964.0,254.802,17879
2026-07-16 14:00:00+00:00,254.16,257.12,253.33,254.92,3700184.0,255.436,21638
2026-07-16 15:00:00+00:00,254.9,256.36,254.82,256.27,2226185.0,255.564,13692
2026-07-16 16:00:00+00:00,256.25,256.59,255.29,255.93,2283037.0,255.879,14018
2026-07-16 17:00:00+00:00,255.94,256.67,254.58,254.58,2703360.0,255.808,17293
2026-07-16 18:00:00+00:00,254.6,255.13,251.9,253.32,2954798.0,253.188,18387
2026-07-16 19:00:00+00:00,253.33,253.49,248.0,249.89,5754816.0,250.6,34895
2026-07-17 13:30:00+00:00,244.78,248.32,243.59,247.95,6613131.0,245.7,21028
2026-07-17 14:00:00+00:00,247.95,250.24,247.01,248.75,3494205.0,248.588,20746
2026-07-17 15:00:00+00:00,248.78,249.03,247.99,248.64,2104067.0,248.53,13004
2026-07-17 16:00:00+00:00,248.66,249.28,247.29,248.95,1957486.0,248.325,12691
2026-07-17 17:00:00+00:00,248.94,249.4,246.9,247.7,1737962.0,248.287,10637
2026-07-17 18:00:00+00:00,247.68,247.89,246.9,247.76,1338026.0,247.545,8088
2026-07-17 19:00:00+00:00,247.76,248.11,246.6,247.22,4107923.0,247.386,25718
2026-07-20 13:30:00+00:00,248.76,250.81,248.0,248.57,2817044.0,249.301,12993
2026-07-20 14:00:00+00:00,248.59,250.45,248.35,249.97,2218760.0,249.601,12185
2026-07-20 15:00:00+00:00,249.95,252.15,249.87,251.84,2262188.0,251.223,12891
2026-07-20 16:00:00+00:00,251.84,252.89,251.8,252.2,2276411.0,252.378,12635
2026-07-20 17:00:00+00:00,252.2,252.24,249.92,250.55,2163997.0,250.599,11551
2026-07-20 18:00:00+00:00,250.56,250.79,249.07,249.15,1574948.0,250.023,9438
2026-07-20 19:00:00+00:00,249.16,250.16,249.06,250.1,3595153.0,249.708,22263
2026-07-21 13:30:00+00:00,249.03,249.36,246.72,247.68,2433236.0,248.156,10965
2026-07-21 14:00:00+00:00,247.7,248.59,246.88,247.73,2581128.0,247.66,14015
2026-07-21 15:00:00+00:00,247.74,248.36,246.96,247.71,1923771.0,247.78,10317
2026-07-21 16:00:00+00:00,247.68,248.43,247.19,248.08,1505556.0,247.614,8438
2026-07-21 17:00:00+00:00,248.08,248.83,247.89,248.7,1155345.0,248.363,7265
2026-07-21 18:00:00+00:00,248.69,248.82,247.46,247.53,1634358.0,247.981,9850
2026-07-21 19:00:00+00:00,247.52,247.94,246.42,247.51,3604100.0,247.534,21448
2026-07-22 13:30:00+00:00,248.37,248.45,244.42,245.64,2630826.0,245.548,12850
2026-07-22 14:00:00+00:00,245.64,247.02,243.61,244.29,2612717.0,244.807,14206
2026-07-22 15:00:00+00:00,244.3,244.31,243.27,243.96,1848716.0,243.727,10369
2026-07-22 16:00:00+00:00,243.98,244.56,243.55,243.97,1410914.0,243.946,8106
2026-07-22 17:00:00+00:00,243.97,243.98,242.56,242.67,1537392.0,243.12,7980
2026-07-22 18:00:00+00:00,242.64,243.77,242.45,243.74,1678943.0,242.936,9177
2026-07-22 19:00:00+00:00,243.77,245.18,243.69,244.77,4725410.0,244.62,27658
2026-07-23 13:30:00+00:00,236.37,238.35,235.28,235.57,5255878.0,236.651,22907
2026-07-23 14:00:00+00:00,235.6,236.14,232.33,232.57,5921353.0,234.127,30917
2026-07-23 15:00:00+00:00,232.57,233.78,232.05,233.72,4565964.0,232.696,22549
2026-07-23 16:00:00+00:00,233.7,235.15,233.37,234.61,3645866.0,234.28,19330
2026-07-23 17:00:00+00:00,234.61,235.07,233.96,234.24,1641311.0,234.447,9425
2026-07-23 18:00:00+00:00,234.24,234.41,233.52,233.68,1663011.0,233.934,10182
2026-07-23 19:00:00+00:00,233.68,234.09,232.91,233.59,5077534.0,233.527,28666
2026-07-24 13:30:00+00:00,234.38,234.95,232.2,232.68,3128109.0,233.476,14757
2026-07-24 14:00:00+00:00,232.68,233.26,231.34,233.25,4368780.0,232.276,22111
2026-07-24 15:00:00+00:00,233.25,233.99,232.14,233.16,2576366.0,233.037,14282
2026-07-24 16:00:00+00:00,233.18,234.32,233.12,233.44,1854709.0,233.724,11388
2026-07-24 17:00:00+00:00,233.47,233.87,232.62,233.08,2058061.0,233.218,12289
2026-07-24 18:00:00+00:00,233.1,233.16,231.62,231.94,2138056.0,232.344,13181
2026-07-24 19:00:00+00:00,231.95,232.5,231.36,232.07,3935288.0,231.988,23227
2026-07-27 13:30:00+00:00,235.75,235.89,233.22,234.09,2743214.0,234.888,13400
2026-07-27 14:00:00+00:00,234.1,235.01,232.93,233.55,3338141.0,233.958,20246
2026-07-27 15:00:00+00:00,233.56,234.2,231.87,231.89,2744678.0,233.037,16065
2026-07-27 16:00:00+00:00,231.9,232.2,230.99,231.84,2432539.0,231.683,14629
2026-07-27 17:00:00+00:00,231.83,232.52,231.38,232.26,1593928.0,231.758,9738
2026-07-27 18:00:00+00:00,232.26,232.99,231.62,232.71,1871084.0,232.196,11582
2026-07-27 19:00:00+00:00,232.72,232.77,231.21,231.36,3045738.0,231.83,18874
2026-07-28 13:30:00+00:00,232.85,233.11,229.3,229.37,4159661.0,230.833,21303
2026-07-28 14:00:00+00:00,229.44,230.53,228.1,229.17,3507223.0,229.311,20638
2026-07-28 15:00:00+00:00,229.17,231.39,228.74,231.25,3003718.0,230.114,17689
2026-07-28 16:00:00+00:00,231.25,231.85,230.92,231.58,1847055.0,231.391,10287
2026-07-28 17:00:00+00:00,231.58,232.39,231.08,231.6,2066364.0,231.744,11402
2026-07-28 18:00:00+00:00,231.58,231.62,230.8,231.34,1568558.0,231.211,8410
2026-07-28 19:00:00+00:00,231.34,231.44,230.4,230.94,3784200.0,230.982,24977
2026-07-29 13:30:00+00:00,229.47,230.24,228.41,229.46,2276140.0,229.269,11170
2026-07-29 14:00:00+00:00,229.46,229.91,227.19,227.85,2905643.0,228.051,16845
2026-07-29 15:00:00+00:00,227.86,228.91,227.62,227.88,2978710.0,228.22,18084
2026-07-29 16:00:00+00:00,227.89,229.96,227.32,229.94,1913631.0,228.68,11046
2026-07-29 17:00:00+00:00,229.95,230.88,229.36,230.57,2321063.0,230.188,12847
2026-07-29 18:00:00+00:00,230.57,232.82,230.55,232.46,3381560.0,231.705,19810
2026-07-29 19:00:00+00:00,232.47,232.57,226.16,226.79,6759605.0,227.978,39371
2026-07-30 13:30:00+00:00,233.35,237.02,231.06,236.81,7603406.0,234.287,39478
2026-07-30 14:00:00+00:00,236.78,238.38,235.87,237.02,7217559.0,237.32,41578
2026-07-30 15:00:00+00:00,237.03,238.71,236.32,238.19,3719629.0,237.342,20575
2026-07-30 16:00:00+00:00,238.2,239.49,237.99,238.2,4388626.0,238.765,24774
2026-07-30 17:00:00+00:00,238.2,238.76,237.45,237.59,2942033.0,237.946,15991
2026-07-30 18:00:00+00:00,237.59,237.91,236.91,237.79,3767236.0,237.406,16161
2026-07-30 19:00:00+00:00,237.79,239.83,234.78,236.03,14429302.0,237.251,70484
2026-07-31 13:30:00+00:00,265.0,269.99,262.01,269.16,18594019.0,267.349,90190
2026-07-31 14:00:00+00:00,269.14,272.04,266.91,270.81,18698433.0,269.704,95331
2026-07-31 15:00:00+00:00,270.81,271.99,266.32,268.89,9255808.0,268.866,48485
2026-07-31 16:00:00+00:00,268.86,271.55,268.84,271.06,6749050.0,270.579,36372
2026-07-31 17:00:00+00:00,271.06,271.48,269.68,270.55,5054382.0,270.8,28878
2026-07-31 18:00:00+00:00,270.56,271.88,270.51,271.68,4911911.0,271.251,28139
2026-07-31 19:00:00+00:00,271.68,273.23,271.03,271.59,13158458.0,271.936,69797
2026-08-03 13:30:00+00:00,278.29,287.2,278.21,284.69,16548703.0,284.55,82502
2026-08-03 14:00:00+00:00,284.68,286.57,283.25,284.94,9961251.0,284.704,52507
2026-08-03 15:00:00+00:00,284.94,286.42,283.9,285.39,6230925.0,285.293,36477
2026-08-03 16:00:00+00:00,285.37,285.6,284.03,284.68,3525545.0,284.778,18536
2026-08-03 17:00:00+00:00,284.68,284.99,283.47,283.74,2844701.0,284.121,16425
2026-08-03 18:00:00+00:00,283.74,284.63,282.41,284.45,3846856.0,283.395,22417
2026-08-03 19:00:00+00:00,284.48,285.9,283.0,284.02,8083912.0,284.374,47820
2026-08-04 13:30:00+00:00,276.17,280.0,275.82,277.09,7786115.0,277.322,36202
2026-08-04 14:00:00+00:00,277.06,280.85,276.64,279.78,2688491.0,278.729,14244
2026-08-04 15:00:00+00:00,277.6,278.58,276.62,277.58,4728763.0,277.454,25693
2026-08-04 16:00:00+00:00,277.56,279.22,277.41,278.15,3761358.0,278.317,20145
2026-08-04 17:00:00+00:00,278.15,279.24,278.11,278.15,2805073.0,278.766,16526
2026-08-04 18:00:00+00:00,278.15,278.35,276.93,277.08,3482327.0,277.77,19659
2026-08-04 19:00:00+00:00,277.06,278.74,276.9,277.43,6501549.0,277.627,40400
