date,open,high,low,close,volume
2026-05-12 09:30:00-04:00,183.00999450683597,183.44000244140625,182.6999969482422,182.9199981689453,98397
2026-05-12 09:45:00-04:00,183.0,184.1100006103516,182.9499969482422,184.05999755859372,53908
2026-05-12 10:00:00-04:00,184.1300048828125,184.42990112304688,183.9600067138672,184.30999755859372,53644
2026-05-12 10:15:00-04:00,184.3300018310547,184.3300018310547,183.8699951171875,184.22999572753903,56383
2026-05-12 10:30:00-04:00,184.19000244140625,184.3699951171875,183.72000122070312,184.0749969482422,42915
2026-05-12 10:45:00-04:00,184.1100006103516,184.31500244140625,183.97000122070312,184.22000122070312,32074
2026-05-12 11:00:00-04:00,184.30999755859372,184.72999572753903,184.1000061035156,184.72999572753903,46109
2026-05-12 11:15:00-04:00,184.72999572753903,185.07000732421875,184.57000732421875,185.07000732421875,61257
2026-05-12 11:30:00-04:00,185.0449981689453,185.82000732421875,185.0399932861328,185.3650054931641,190118
2026-05-12 11:45:00-04:00,185.3650054931641,185.6100006103516,185.3500061035156,185.44000244140625,46340
2026-05-12 12:00:00-04:00,185.42999267578125,185.42999267578125,184.9499969482422,185.0800018310547,29574
2026-05-12 12:15:00-04:00,185.1150054931641,185.50999450683597,185.0500030517578,185.4250030517578,25517
2026-05-12 12:30:00-04:00,185.27999877929688,185.50999450683597,185.22000122070312,185.4949951171875,29562
2026-05-12 12:45:00-04:00,185.4949951171875,185.6925048828125,185.38999938964844,185.5449981689453,87247
2026-05-12 13:00:00-04:00,185.52999877929688,185.72000122070312,185.22000122070312,185.22000122070312,30876
2026-05-12 13:15:00-04:00,185.2400054931641,185.625,185.22999572753903,185.3800048828125,30082
2026-05-12 13:30:00-04:00,185.30999755859372,185.30999755859372,184.94500732421875,185.0955047607422,21814
2026-05-12 13:45:00-04:00,185.08999633789065,185.11990356445312,184.81399536132807,184.875,30436
2026-05-12 14:00:00-04:00,184.8800048828125,184.9600067138672,184.6499938964844,184.6999969482422,44878
2026-05-12 14:15:00-04:00,184.75,185.18499755859372,184.75,185.1499938964844,32915
2026-05-12 14:30:00-04:00,185.1499938964844,185.17990112304688,185.00999450683597,185.0500030517578,37991
2026-05-12 14:45:00-04:00,185.08999633789065,185.1199951171875,184.80999755859372,185.0200042724609,25683
2026-05-12 15:00:00-04:00,185.0200042724609,185.3000030517578,185.0,185.17999267578125,42039
2026-05-12 15:15:00-04:00,185.19000244140625,185.19000244140625,184.80999755859372,184.82000732421875,37433
2026-05-12 15:30:00-04:00,184.8600006103516,185.00999450683597,184.5312042236328,184.6000061035156,64346
2026-05-12 15:45:00-04:00,184.6199951171875,184.8350067138672,184.38999938964844,184.5225067138672,172338
2026-05-13 09:30:00-04:00,183.3600006103516,185.7400054931641,183.3300018310547,185.7400054931641,101088
2026-05-13 09:45:00-04:00,185.75,186.3699951171875,185.4949951171875,186.2700042724609,79092
2026-05-13 10:00:00-04:00,186.1999969482422,186.22000122070312,185.5200042724609,185.6499938964844,57299
2026-05-13 10:15:00-04:00,185.7100067138672,185.7749938964844,185.17999267578125,185.4600067138672,50857
2026-05-13 10:30:00-04:00,185.4499969482422,185.5200042724609,185.2700042724609,185.2899932861328,40595
2026-05-13 10:45:00-04:00,185.3300018310547,185.3699951171875,184.6000061035156,184.6425018310547,23619
2026-05-13 11:00:00-04:00,184.66000366210935,184.97000122070312,184.6100006103516,184.88999938964844,70161
2026-05-13 11:15:00-04:00,184.8699951171875,185.47999572753903,184.8600006103516,185.42999267578125,77598
2026-05-13 11:30:00-04:00,185.4499969482422,186.125,185.4499969482422,185.6674041748047,141992
2026-05-13 11:45:00-04:00,185.60499572753903,185.82000732421875,185.59500122070312,185.77999877929688,12873
2026-05-13 12:00:00-04:00,185.78500366210935,185.83999633789065,185.6000061035156,185.6100006103516,19882
2026-05-13 12:15:00-04:00,185.531494140625,186.1999969482422,185.531494140625,186.0200042724609,56642
2026-05-13 12:30:00-04:00,186.05999755859372,186.1699981689453,185.92999267578125,186.02999877929688,18448
2026-05-13 12:45:00-04:00,186.03402709960935,186.07000732421875,185.75999450683597,186.07000732421875,18504
2026-05-13 13:00:00-04:00,186.02999877929688,186.10499572753903,185.94009399414065,185.97999572753903,37059
2026-05-13 13:15:00-04:00,185.97999572753903,186.75,185.97999572753903,186.7299041748047,67613
2026-05-13 13:30:00-04:00,186.6300048828125,186.83999633789065,186.5399932861328,186.6150054931641,18495
2026-05-13 13:45:00-04:00,186.67999267578125,186.75999450683597,186.3249969482422,186.4850006103516,16467
2026-05-13 14:00:00-04:00,186.4900054931641,186.8000030517578,186.44900512695312,186.7550048828125,27517
2026-05-13 14:15:00-04:00,186.69000244140625,186.7550048828125,186.50999450683597,186.6999969482422,38984
2026-05-13 14:30:00-04:00,186.6999969482422,186.89990234375,186.6199951171875,186.7050018310547,44018
2026-05-13 14:45:00-04:00,186.7350006103516,186.8350067138672,186.6000061035156,186.72000122070312,33399
2026-05-13 15:00:00-04:00,186.7100067138672,186.91000366210935,186.66000366210935,186.8350067138672,40392
2026-05-13 15:15:00-04:00,186.8350067138672,187.32000732421875,186.82000732421875,187.19000244140625,40784
2026-05-13 15:30:00-04:00,187.16000366210935,187.57000732421875,186.91000366210935,187.2899932861328,51997
2026-05-13 15:45:00-04:00,187.3300018310547,187.76499938964844,187.3300018310547,187.72999572753903,167348
2026-05-14 09:30:00-04:00,186.69000244140625,186.6999969482422,184.6999969482422,185.0,98370
2026-05-14 09:45:00-04:00,185.0200042724609,185.3300018310547,184.8950042724609,185.13999938964844,61634
2026-05-14 10:00:00-04:00,185.0850067138672,185.66000366210935,185.0850067138672,185.4600067138672,28655
2026-05-14 10:15:00-04:00,185.53500366210935,185.65499877929688,184.8600006103516,185.05999755859372,25720
2026-05-14 10:30:00-04:00,185.0800018310547,185.38999938964844,185.0200042724609,185.09100341796875,66721
2026-05-14 10:45:00-04:00,185.08999633789065,185.77999877929688,185.02999877929688,185.7375030517578,62660
2026-05-14 11:00:00-04:00,185.7550048828125,185.75999450683597,184.9600067138672,184.97999572753903,45778
2026-05-14 11:15:00-04:00,184.92999267578125,185.1000061035156,184.82000732421875,184.94000244140625,37080
2026-05-14 11:30:00-04:00,184.97000122070312,185.30999755859372,184.8600006103516,185.13499450683597,40338
2026-05-14 11:45:00-04:00,185.13499450683597,185.80999755859372,185.13499450683597,185.80499267578125,44780
2026-05-14 12:00:00-04:00,185.6300048828125,185.7864990234375,185.3999938964844,185.4199981689453,14828
2026-05-14 12:15:00-04:00,185.5449981689453,185.77999877929688,185.3600006103516,185.4900054931641,15669
2026-05-14 12:30:00-04:00,185.5399932861328,185.6499938964844,185.3800048828125,185.4199981689453,17649
2026-05-14 12:45:00-04:00,185.4550018310547,185.6699981689453,185.30999755859372,185.5749969482422,14361
2026-05-14 13:00:00-04:00,185.5800018310547,185.7819976806641,185.47999572753903,185.6100006103516,26778
2026-05-14 13:15:00-04:00,185.72000122070312,185.8000030517578,185.5500030517578,185.5800018310547,30323
2026-05-14 13:30:00-04:00,185.6100006103516,185.6499938964844,185.3650054931641,185.6000061035156,15419
2026-05-14 13:45:00-04:00,185.66000366210935,185.66000366210935,185.22999572753903,185.22999572753903,18709
2026-05-14 14:00:00-04:00,185.2350006103516,185.3699951171875,185.20660400390625,185.2949981689453,14412
2026-05-14 14:15:00-04:00,185.39990234375,185.5800018310547,185.25,185.25,20784
2026-05-14 14:30:00-04:00,185.1999969482422,185.58999633789065,185.13999938964844,185.50999450683597,16667
2026-05-14 14:45:00-04:00,185.5,185.625,185.4499969482422,185.625,27902
2026-05-14 15:00:00-04:00,185.6300048828125,185.6300048828125,185.41000366210935,185.47000122070312,39716
2026-05-14 15:15:00-04:00,185.50999450683597,185.60499572753903,185.3800048828125,185.5200042724609,21057
2026-05-14 15:30:00-04:00,185.47000122070312,185.5399932861328,185.1499938964844,185.19000244140625,42443
2026-05-14 15:45:00-04:00,185.168701171875,185.19500732421875,184.7449951171875,184.9499969482422,123301
2026-05-15 09:30:00-04:00,183.25,183.44000244140625,182.3249969482422,182.3600006103516,167942
2026-05-15 09:45:00-04:00,182.30999755859372,182.6199951171875,182.0500030517578,182.2700042724609,65388
2026-05-15 10:00:00-04:00,182.19000244140625,182.2700042724609,181.57000732421875,181.7406005859375,54104
2026-05-15 10:15:00-04:00,181.6499938964844,182.13999938964844,181.6100006103516,181.75999450683597,55378
2026-05-15 10:30:00-04:00,181.8500061035156,181.94000244140625,181.6100006103516,181.7100067138672,27912
2026-05-15 10:45:00-04:00,181.7198944091797,181.8650054931641,181.44000244140625,181.6699981689453,31953
2026-05-15 11:00:00-04:00,181.72999572753903,181.82000732421875,181.05499267578125,181.125,35394
2026-05-15 11:15:00-04:00,181.25,181.25,180.5500030517578,180.6999969482422,44124
2026-05-15 11:30:00-04:00,180.6999969482422,181.6199951171875,180.6999969482422,181.2899932861328,103569
2026-05-15 11:45:00-04:00,181.2949981689453,182.0,181.22000122070312,181.83999633789065,47339
2026-05-15 12:00:00-04:00,181.80999755859372,181.80999755859372,181.1649932861328,181.55999755859372,19922
2026-05-15 12:15:00-04:00,181.5,181.6300048828125,181.42999267578125,181.50999450683597,18656
2026-05-15 12:30:00-04:00,181.5200042724609,181.6905975341797,181.2899932861328,181.6905975341797,29283
2026-05-15 12:45:00-04:00,181.6199951171875,181.8300018310547,181.42999267578125,181.4750061035156,18563
2026-05-15 13:00:00-04:00,181.4750061035156,181.90499877929688,181.42999267578125,181.90499877929688,20074
2026-05-15 13:15:00-04:00,181.94000244140625,182.2100067138672,181.91000366210935,182.06500244140625,32335
2026-05-15 13:30:00-04:00,182.02999877929688,182.15989685058597,181.69000244140625,181.77999877929688,20216
2026-05-15 13:45:00-04:00,181.83999633789065,181.96499633789065,181.6199951171875,181.80499267578125,15654
2026-05-15 14:00:00-04:00,181.8800048828125,182.0200042724609,181.6699981689453,181.7050018310547,32146
2026-05-15 14:15:00-04:00,181.6999969482422,181.9929962158203,181.5200042724609,181.8401031494141,26721
2026-05-15 14:30:00-04:00,181.94500732421875,181.96499633789065,181.5749969482422,181.94500732421875,26660
2026-05-15 14:45:00-04:00,181.9600067138672,182.13999938964844,181.78500366210935,181.98880004882807,29780
2026-05-15 15:00:00-04:00,181.8699951171875,181.92999267578125,181.72000122070312,181.77999877929688,20524
2026-05-15 15:15:00-04:00,181.7200927734375,182.05499267578125,181.69500732421875,181.97000122070312,62895
2026-05-15 15:30:00-04:00,181.9199981689453,182.0,181.6699981689453,181.7050018310547,61293
2026-05-15 15:45:00-04:00,181.71499633789065,181.7350006103516,181.25,181.57000732421875,174839
2026-05-18 09:30:00-04:00,183.42999267578125,183.77999877929688,183.0500030517578,183.42999267578125,75091
2026-05-18 09:45:00-04:00,183.3999938964844,184.05999755859372,183.3917999267578,183.8999938964844,46375
2026-05-18 10:00:00-04:00,183.8999938964844,184.30499267578125,182.9900054931641,182.9900054931641,53964
2026-05-18 10:15:00-04:00,182.9199981689453,183.8300018310547,182.83999633789065,183.7749938964844,56891
2026-05-18 10:30:00-04:00,183.7899932861328,183.86920166015625,183.63999938964844,183.7949981689453,47273
2026-05-18 10:45:00-04:00,183.83999633789065,184.19000244140625,183.77999877929688,183.91000366210935,45283
2026-05-18 11:00:00-04:00,184.0800018310547,184.0800018310547,182.8950042724609,182.94000244140625,51833
2026-05-18 11:15:00-04:00,182.9199981689453,183.0800018310547,182.6699981689453,182.6699981689453,27615
2026-05-18 11:30:00-04:00,182.6699981689453,183.80999755859372,182.6699981689453,183.7400054931641,79089
2026-05-18 11:45:00-04:00,183.72999572753903,184.16000366210935,183.72999572753903,183.97000122070312,27545
2026-05-18 12:00:00-04:00,184.07000732421875,184.33999633789065,183.94000244140625,184.3350067138672,31461
2026-05-18 12:15:00-04:00,184.34500122070312,184.5585021972656,184.1750030517578,184.2949981689453,21167
2026-05-18 12:30:00-04:00,184.25,184.53500366210935,184.1300048828125,184.1999969482422,31042
2026-05-18 12:45:00-04:00,184.17999267578125,184.39779663085935,184.1499938964844,184.1499938964844,15161
2026-05-18 13:00:00-04:00,184.13999938964844,184.41000366210935,184.1000061035156,184.3350067138672,17443
2026-05-18 13:15:00-04:00,184.3300018310547,184.63499450683597,184.3300018310547,184.5500030517578,35697
2026-05-18 13:30:00-04:00,184.50999450683597,184.66000366210935,184.21499633789065,184.30999755859372,15574
2026-05-18 13:45:00-04:00,184.2949981689453,184.38999938964844,184.0200042724609,184.07000732421875,11610
2026-05-18 14:00:00-04:00,184.1300048828125,184.1300048828125,183.6750030517578,183.75,18376
2026-05-18 14:15:00-04:00,183.6999969482422,183.77999877929688,183.4900054931641,183.7350006103516,18908
2026-05-18 14:30:00-04:00,183.7449951171875,183.8600006103516,183.66009521484372,183.8300018310547,28078
2026-05-18 14:45:00-04:00,183.76499938964844,183.9900054931641,183.57000732421875,183.57000732421875,17763
2026-05-18 15:00:00-04:00,183.5200042724609,184.7400054931641,183.5200042724609,184.2100067138672,40393
2026-05-18 15:15:00-04:00,184.30999755859372,184.5,184.1000061035156,184.1300048828125,30597
2026-05-18 15:30:00-04:00,184.1300048828125,184.31500244140625,183.94009399414065,184.25999450683597,41433
2026-05-18 15:45:00-04:00,184.25999450683597,184.4199981689453,183.8999938964844,183.97000122070312,130575
2026-05-19 09:30:00-04:00,184.5200042724609,184.91000366210935,184.19000244140625,184.8300018310547,98065
2026-05-19 09:45:00-04:00,184.8300018310547,185.18499755859372,184.72999572753903,185.1199951171875,47836
2026-05-19 10:00:00-04:00,185.05999755859372,185.8699951171875,185.0500030517578,185.6999969482422,48696
2026-05-19 10:15:00-04:00,185.6999969482422,185.92999267578125,185.22000122070312,185.52999877929688,51214
2026-05-19 10:30:00-04:00,185.57000732421875,185.57000732421875,184.9600067138672,185.0200042724609,47021
2026-05-19 10:45:00-04:00,185.0500030517578,185.8000030517578,185.0500030517578,185.8000030517578,34972
2026-05-19 11:00:00-04:00,185.8800048828125,186.3600006103516,185.75,185.91000366210935,52386
2026-05-19 11:15:00-04:00,185.91000366210935,186.1000061035156,185.7899932861328,185.92999267578125,47026
2026-05-19 11:30:00-04:00,185.88499450683597,186.0200042724609,185.6999969482422,185.89010620117188,39430
2026-05-19 11:45:00-04:00,185.94500732421875,186.2949981689453,185.94000244140625,185.9949951171875,17297
2026-05-19 12:00:00-04:00,185.9949951171875,185.9949951171875,185.57000732421875,185.82000732421875,21287
2026-05-19 12:15:00-04:00,185.8950042724609,186.16000366210935,185.8000030517578,185.90499877929688,19670
2026-05-19 12:30:00-04:00,185.7400054931641,185.9600067138672,185.6999969482422,185.75999450683597,19048
2026-05-19 12:45:00-04:00,185.8000030517578,186.05999755859372,185.610107421875,185.75,13291
2026-05-19 13:00:00-04:00,185.68499755859372,185.7700042724609,185.5050048828125,185.6499938964844,26705
2026-05-19 13:15:00-04:00,185.6000061035156,185.67999267578125,185.17999267578125,185.17999267578125,14558
2026-05-19 13:30:00-04:00,185.1999969482422,185.5341033935547,185.1999969482422,185.5249938964844,19701
2026-05-19 13:45:00-04:00,185.5249938964844,185.6999969482422,185.33999633789065,185.47000122070312,31051
2026-05-19 14:00:00-04:00,185.5399932861328,185.72999572753903,185.3950042724609,185.6999969482422,41220
2026-05-19 14:15:00-04:00,185.72999572753903,185.72999572753903,185.31500244140625,185.31500244140625,34760
2026-05-19 14:30:00-04:00,185.30499267578125,185.5399932861328,185.2250061035156,185.4850006103516,29697
2026-05-19 14:45:00-04:00,185.55999755859372,185.5800018310547,185.1499938964844,185.17999267578125,28776
2026-05-19 15:00:00-04:00,185.30999755859372,185.30999755859372,185.02999877929688,185.1649932861328,24639
2026-05-19 15:15:00-04:00,185.1649932861328,185.1699981689453,184.7550048828125,184.8249969482422,23632
2026-05-19 15:30:00-04:00,184.8699951171875,184.94000244140625,184.5050048828125,184.7100067138672,60978
2026-05-19 15:45:00-04:00,184.72000122070312,184.8600006103516,184.42999267578125,184.6499938964844,121729
2026-05-20 09:30:00-04:00,186.69000244140625,187.5800018310547,186.6499938964844,187.2700042724609,170918
2026-05-20 09:45:00-04:00,187.3000030517578,188.22999572753903,187.2975006103516,187.3600006103516,88276
2026-05-20 10:00:00-04:00,187.3699951171875,187.47999572753903,185.72999572753903,185.8699951171875,79372
2026-05-20 10:15:00-04:00,185.9199981689453,187.3300018310547,185.9199981689453,187.07000732421875,48897
2026-05-20 10:30:00-04:00,187.1000061035156,187.6300048828125,187.1000061035156,187.19000244140625,55751
2026-05-20 10:45:00-04:00,187.2698974609375,187.4900054931641,186.9499969482422,187.4199981689453,34889
2026-05-20 11:00:00-04:00,187.4499969482422,187.6999969482422,186.9600067138672,187.19500732421875,66401
2026-05-20 11:15:00-04:00,187.2350006103516,187.8600006103516,187.0500030517578,187.05999755859372,82277
2026-05-20 11:30:00-04:00,187.05499267578125,187.6999969482422,186.9900054931641,187.6199951171875,175934
2026-05-20 11:45:00-04:00,187.6199951171875,187.63499450683597,187.13999938964844,187.16000366210935,23192
2026-05-20 12:00:00-04:00,187.15499877929688,187.6000061035156,187.0901031494141,187.3600006103516,13114
2026-05-20 12:15:00-04:00,187.35499572753903,187.5200042724609,186.8800048828125,186.92999267578125,24806
2026-05-20 12:30:00-04:00,186.83999633789065,187.44000244140625,186.76499938964844,187.44000244140625,22331
2026-05-20 12:45:00-04:00,187.50999450683597,187.6000061035156,187.3800048828125,187.52999877929688,17952
2026-05-20 13:00:00-04:00,187.52999877929688,187.8999938964844,187.4499969482422,187.8950042724609,18928
2026-05-20 13:15:00-04:00,187.9199981689453,188.0800018310547,187.8600006103516,188.01499938964844,22617
2026-05-20 13:30:00-04:00,188.03500366210935,188.1000061035156,187.88999938964844,188.0399932861328,21872
2026-05-20 13:45:00-04:00,188.0301055908203,188.08999633789065,187.77999877929688,187.8600006103516,15663
2026-05-20 14:00:00-04:00,187.83999633789065,188.0841064453125,187.6649932861328,188.0200042724609,19051
2026-05-20 14:15:00-04:00,188.0800018310547,188.1100006103516,187.84500122070312,188.00999450683597,21472
2026-05-20 14:30:00-04:00,188.0500030517578,188.2100067138672,188.01499938964844,188.0399932861328,23565
2026-05-20 14:45:00-04:00,188.00999450683597,188.30999755859372,187.8699951171875,187.88999938964844,32564
2026-05-20 15:00:00-04:00,187.90499877929688,188.1499938964844,187.7100067138672,187.77999877929688,55504
2026-05-20 15:15:00-04:00,187.75,188.0749969482422,187.7400054931641,187.8699951171875,46055
2026-05-20 15:30:00-04:00,187.88999938964844,188.2350006103516,187.7700042724609,187.81100463867188,58447
2026-05-20 15:45:00-04:00,187.8600006103516,187.8600006103516,187.18499755859372,187.38999938964844,175555
2026-05-21 09:30:00-04:00,185.83999633789065,186.16000366210935,184.97999572753903,185.8999938964844,123842
2026-05-21 09:45:00-04:00,185.91000366210935,187.6100006103516,185.8000030517578,187.5200042724609,49862
2026-05-21 10:00:00-04:00,187.5399932861328,187.6000061035156,186.6499938964844,186.75,76281
2026-05-21 10:15:00-04:00,186.75,187.1699981689453,186.69000244140625,187.1100006103516,25489
2026-05-21 10:30:00-04:00,187.0800018310547,187.19000244140625,186.9447021484375,187.13499450683597,23486
2026-05-21 10:45:00-04:00,187.0800018310547,187.5,187.05999755859372,187.47000122070312,27001
2026-05-21 11:00:00-04:00,187.5124969482422,188.02999877929688,187.38999938964844,187.8999938964844,53023
2026-05-21 11:15:00-04:00,188.0800018310547,188.40499877929688,187.88999938964844,188.34500122070312,48654
2026-05-21 11:30:00-04:00,188.3500061035156,188.3699951171875,187.67999267578125,187.94000244140625,60796
2026-05-21 11:45:00-04:00,187.9949951171875,188.26499938964844,187.97000122070312,188.1750030517578,24474
2026-05-21 12:00:00-04:00,188.27999877929688,189.1999969482422,188.27999877929688,188.8350067138672,100869
2026-05-21 12:15:00-04:00,188.8500061035156,189.0800018310547,188.75,189.00999450683597,37363
2026-05-21 12:30:00-04:00,188.9750061035156,189.1199951171875,188.6562957763672,188.83990478515625,35853
2026-05-21 12:45:00-04:00,188.7949981689453,189.03500366210935,188.63999938964844,188.9199981689453,36819
2026-05-21 13:00:00-04:00,188.9199981689453,189.3500061035156,188.7801055908203,189.1699981689453,37395
2026-05-21 13:15:00-04:00,189.17999267578125,189.9709014892578,189.17999267578125,189.80999755859372,52886
2026-05-21 13:30:00-04:00,189.69500732421875,189.8999938964844,189.50999450683597,189.88999938964844,54386
2026-05-21 13:45:00-04:00,189.88999938964844,190.1499938964844,189.7700042724609,189.97000122070312,48867
2026-05-21 14:00:00-04:00,190.0399932861328,190.0800018310547,189.40499877929688,189.5059967041016,34022
2026-05-21 14:15:00-04:00,189.5800018310547,190.1000061035156,189.4600982666016,190.0749969482422,21409
2026-05-21 14:30:00-04:00,190.1000061035156,190.1699066162109,189.7100982666016,190.0249938964844,46400
2026-05-21 14:45:00-04:00,189.9499969482422,191.5,189.7749938964844,189.97999572753903,203065
2026-05-21 15:00:00-04:00,189.8600006103516,190.4199066162109,189.8600006103516,190.3300018310547,39990
2026-05-21 15:15:00-04:00,190.3000030517578,190.4199981689453,190.1300048828125,190.22999572753903,40190
2026-05-21 15:30:00-04:00,190.25,190.30999755859372,190.0399932861328,190.07000732421875,54423
2026-05-21 15:45:00-04:00,190.0399932861328,190.30999755859372,189.75999450683597,189.75999450683597,160761
2026-05-22 09:30:00-04:00,188.22000122070312,189.0800018310547,188.22000122070312,188.7700042724609,252670
2026-05-22 09:45:00-04:00,188.72999572753903,188.7899932861328,187.3800048828125,187.84500122070312,48946
2026-05-22 10:00:00-04:00,187.72999572753903,187.72999572753903,187.0800018310547,187.25,83803
2026-05-22 10:15:00-04:00,187.2350006103516,187.75,187.2350006103516,187.69500732421875,103671
2026-05-22 10:30:00-04:00,187.67999267578125,187.72999572753903,187.30499267578125,187.30499267578125,30181
2026-05-22 10:45:00-04:00,187.19000244140625,187.25999450683597,186.7669982910156,186.8000030517578,26252
2026-05-22 11:00:00-04:00,186.7899932861328,187.1000061035156,186.44500732421875,187.1000061035156,58346
2026-05-22 11:15:00-04:00,187.02999877929688,187.3999938964844,186.9600067138672,187.3000030517578,52517
2026-05-22 11:30:00-04:00,187.2749938964844,187.3500061035156,187.00999450683597,187.2749938964844,65423
2026-05-22 11:45:00-04:00,187.30499267578125,187.30499267578125,186.63999938964844,186.63999938964844,38236
2026-05-22 12:00:00-04:00,186.6300048828125,187.31500244140625,186.6300048828125,187.2449951171875,58022
2026-05-22 12:15:00-04:00,187.2449951171875,187.45989990234372,187.0449981689453,187.4250030517578,23388
2026-05-22 12:30:00-04:00,187.42999267578125,187.6100006103516,187.33999633789065,187.56500244140625,32280
2026-05-22 12:45:00-04:00,187.58999633789065,187.9499969482422,187.57000732421875,187.7400054931641,33570
2026-05-22 13:00:00-04:00,187.7449951171875,187.8500061035156,187.6999969482422,187.72999572753903,23397
2026-05-22 13:15:00-04:00,187.6750030517578,188.3000030517578,187.46499633789065,188.13009643554688,40269
2026-05-22 13:30:00-04:00,188.2420959472656,188.44500732421875,188.09500122070312,188.22999572753903,17574
2026-05-22 13:45:00-04:00,188.2400054931641,188.41000366210935,188.1649932861328,188.19000244140625,28753
2026-05-22 14:00:00-04:00,188.22999572753903,188.47000122070312,188.17010498046875,188.30999755859372,38779
2026-05-22 14:15:00-04:00,188.3500061035156,188.6699981689453,188.25999450683597,188.3300018310547,43783
2026-05-22 14:30:00-04:00,188.2550048828125,188.4199981689453,188.21499633789065,188.3000030517578,24166
2026-05-22 14:45:00-04:00,188.2826232910156,188.5399932861328,188.22999572753903,188.25,34057
2026-05-22 15:00:00-04:00,188.2100067138672,188.25,187.8300018310547,187.92999267578125,36328
2026-05-22 15:15:00-04:00,187.9199981689453,187.92999267578125,187.55999755859372,187.56500244140625,42722
2026-05-22 15:30:00-04:00,187.5500030517578,187.6300048828125,187.41000366210935,187.52999877929688,56368
2026-05-22 15:45:00-04:00,187.5399932861328,187.88999938964844,187.02999877929688,187.02999877929688,244309
2026-05-26 09:30:00-04:00,188.25999450683597,188.5200042724609,187.83999633789065,187.94000244140625,75819
2026-05-26 09:45:00-04:00,187.92999267578125,188.00999450683597,186.94000244140625,187.50999450683597,139570
2026-05-26 10:00:00-04:00,187.38499450683597,188.07000732421875,187.1100006103516,187.5850067138672,41945
2026-05-26 10:15:00-04:00,187.63999938964844,187.75999450683597,187.5200042724609,187.7100067138672,36320
2026-05-26 10:30:00-04:00,187.6649932861328,187.8000030517578,187.4199981689453,187.44000244140625,31286
2026-05-26 10:45:00-04:00,187.45989990234372,187.97000122070312,187.3350067138672,187.3600006103516,46269
2026-05-26 11:00:00-04:00,187.3950042724609,187.7949981689453,187.25,187.6499938964844,46588
2026-05-26 11:15:00-04:00,187.63999938964844,187.8699951171875,187.58999633789065,187.75999450683597,76576
2026-05-26 11:30:00-04:00,187.8800048828125,188.5,187.6100006103516,188.35499572753903,131146
2026-05-26 11:45:00-04:00,188.25999450683597,188.6100006103516,188.1750030517578,188.55999755859372,69773
2026-05-26 12:00:00-04:00,188.5449981689453,188.58999633789065,188.3249969482422,188.3600006103516,31901
2026-05-26 12:15:00-04:00,188.3699951171875,188.46499633789065,188.09950256347656,188.19500732421875,32706
2026-05-26 12:30:00-04:00,188.2100067138672,188.4600067138672,187.9199981689453,187.9199981689453,14108
2026-05-26 12:45:00-04:00,187.8950042724609,187.9499053955078,187.6199951171875,187.82960510253903,22334
2026-05-26 13:00:00-04:00,187.8300018310547,187.8950042724609,187.5220947265625,187.7250061035156,12368
2026-05-26 13:15:00-04:00,187.63999938964844,187.6699981689453,187.4600067138672,187.4600067138672,15889
2026-05-26 13:30:00-04:00,187.3699951171875,187.6699981689453,187.3699951171875,187.4900054931641,22476
2026-05-26 13:45:00-04:00,187.42999267578125,187.42999267578125,187.13999938964844,187.16000366210935,12524
2026-05-26 14:00:00-04:00,187.16000366210935,187.1999969482422,186.9149932861328,187.1699981689453,24949
2026-05-26 14:15:00-04:00,187.18499755859372,187.27999877929688,187.125,187.21499633789065,27725
2026-05-26 14:30:00-04:00,187.1999969482422,187.35499572753903,187.00999450683597,187.07000732421875,18878
2026-05-26 14:45:00-04:00,187.0749969482422,187.2050018310547,186.9900054931641,187.1499938964844,21186
2026-05-26 15:00:00-04:00,187.19000244140625,187.30999755859372,187.0709991455078,187.2700042724609,29142
2026-05-26 15:15:00-04:00,187.27999877929688,187.55999755859372,187.25,187.47000122070312,24973
2026-05-26 15:30:00-04:00,187.47999572753903,187.47999572753903,186.9900054931641,186.9900054931641,57878
2026-05-26 15:45:00-04:00,187.0200042724609,187.2250061035156,186.7400054931641,187.1199951171875,160331
2026-05-27 09:30:00-04:00,187.42999267578125,188.17999267578125,187.0200042724609,187.8800048828125,84795
2026-05-27 09:45:00-04:00,187.92999267578125,188.5200042724609,187.55999755859372,187.9499969482422,56574
2026-05-27 10:00:00-04:00,187.94500732421875,188.47999572753903,187.9250030517578,188.2899932861328,40924
2026-05-27 10:15:00-04:00,188.25,188.44500732421875,187.9250030517578,188.2899932861328,38255
2026-05-27 10:30:00-04:00,188.3000030517578,188.3000030517578,187.2700042724609,187.27999877929688,76760
2026-05-27 10:45:00-04:00,187.30999755859372,187.4499969482422,187.08999633789065,187.1999969482422,41491
2026-05-27 11:00:00-04:00,187.25,187.97000122070312,187.2073974609375,187.9199981689453,49723
2026-05-27 11:15:00-04:00,187.8999938964844,188.57989501953125,187.8999938964844,188.30999755859372,99350
2026-05-27 11:30:00-04:00,188.33999633789065,188.72000122070312,187.9750061035156,187.9750061035156,103073
2026-05-27 11:45:00-04:00,187.8500061035156,188.22999572753903,187.72000122070312,187.72000122070312,14518
2026-05-27 12:00:00-04:00,187.83999633789065,187.83999633789065,187.3401031494141,187.5399932861328,17430
2026-05-27 12:15:00-04:00,187.6000061035156,187.6999053955078,187.2400054931641,187.3999938964844,15656
2026-05-27 12:30:00-04:00,187.375,187.49989318847656,187.0399932861328,187.0399932861328,12606
2026-05-27 12:45:00-04:00,187.05999755859372,187.1999969482422,187.0200042724609,187.1499938964844,14478
2026-05-27 13:00:00-04:00,187.16000366210935,187.3300018310547,186.8800048828125,186.92999267578125,23627
2026-05-27 13:15:00-04:00,187.0200042724609,187.1000061035156,186.77999877929688,186.77999877929688,11511
2026-05-27 13:30:00-04:00,186.7100067138672,187.0200042724609,186.7050018310547,187.0200042724609,12236
2026-05-27 13:45:00-04:00,187.0200042724609,187.0200042724609,186.8000030517578,186.8249969482422,12950
2026-05-27 14:00:00-04:00,186.82000732421875,187.035400390625,186.6999969482422,186.9850006103516,17714
2026-05-27 14:15:00-04:00,186.94000244140625,187.17999267578125,186.91000366210935,186.97000122070312,22551
2026-05-27 14:30:00-04:00,186.88999938964844,187.08999633789065,186.8500061035156,186.9199981689453,19035
2026-05-27 14:45:00-04:00,186.91000366210935,187.1000061035156,186.91000366210935,187.0050048828125,20397
2026-05-27 15:00:00-04:00,186.9499969482422,187.1199951171875,186.87890625,187.0050048828125,25878
2026-05-27 15:15:00-04:00,186.9499969482422,187.0200042724609,186.47000122070312,186.5500030517578,60034
2026-05-27 15:30:00-04:00,186.53500366210935,186.55999755859372,186.00999450683597,186.05999755859372,60079
2026-05-27 15:45:00-04:00,186.05999755859372,186.05999755859372,185.3800048828125,185.63999938964844,272417
2026-05-28 09:30:00-04:00,183.7949981689453,184.66000366210935,183.67999267578125,184.30999755859372,96143
2026-05-28 09:45:00-04:00,184.32000732421875,184.43499755859372,183.6100006103516,183.6100006103516,62641
2026-05-28 10:00:00-04:00,183.6150054931641,184.80990600585935,183.35499572753903,184.6100006103516,93849
2026-05-28 10:15:00-04:00,184.6100006103516,184.9199981689453,184.2449951171875,184.63999938964844,79025
2026-05-28 10:30:00-04:00,184.6499938964844,185.5,184.6100006103516,185.26499938964844,54142
2026-05-28 10:45:00-04:00,185.3000030517578,185.3600006103516,184.69000244140625,184.90750122070312,40526
2026-05-28 11:00:00-04:00,184.9149932861328,185.19500732421875,184.63999938964844,185.07000732421875,67101
2026-05-28 11:15:00-04:00,185.1199951171875,185.1199951171875,184.7100067138672,184.8300018310547,71109
2026-05-28 11:30:00-04:00,184.78500366210935,184.82000732421875,184.2400054931641,184.6199951171875,59456
2026-05-28 11:45:00-04:00,184.72999572753903,184.8800048828125,184.4600067138672,184.80999755859372,22553
2026-05-28 12:00:00-04:00,184.80999755859372,184.97000122070312,184.50999450683597,184.6699981689453,65345
2026-05-28 12:15:00-04:00,184.66000366210935,185.16000366210935,184.5800018310547,185.0850067138672,36659
2026-05-28 12:30:00-04:00,185.07000732421875,185.22000122070312,184.91000366210935,185.1199951171875,115907
2026-05-28 12:45:00-04:00,185.05999755859372,185.49899291992188,185.00999450683597,185.3999938964844,41231
2026-05-28 13:00:00-04:00,185.42999267578125,185.42999267578125,184.81500244140625,184.88499450683597,34419
2026-05-28 13:15:00-04:00,184.8000030517578,185.3999938964844,184.8000030517578,185.3950042724609,35056
2026-05-28 13:30:00-04:00,185.41000366210935,185.4600067138672,185.0679931640625,185.21499633789065,36410
2026-05-28 13:45:00-04:00,185.25999450683597,185.44000244140625,185.1999969482422,185.26499938964844,31172
2026-05-28 14:00:00-04:00,185.25,185.4600067138672,185.19000244140625,185.3800048828125,53884
2026-05-28 14:15:00-04:00,185.3800048828125,185.84500122070312,185.30279541015625,185.7250061035156,62594
2026-05-28 14:30:00-04:00,185.7250061035156,185.7700042724609,185.1999969482422,185.43499755859372,34460
2026-05-28 14:45:00-04:00,185.42999267578125,185.9900054931641,185.42999267578125,185.97999572753903,52765
2026-05-28 15:00:00-04:00,185.93499755859372,186.07000732421875,185.7165069580078,185.82000732421875,62807
2026-05-28 15:15:00-04:00,185.7700042724609,186.1699981689453,185.75999450683597,186.0,101270
2026-05-28 15:30:00-04:00,186.0399932861328,186.16000366210935,185.8500061035156,185.8625030517578,65814
2026-05-28 15:45:00-04:00,185.91000366210935,186.4600067138672,185.32000732421875,185.3300018310547,276637
2026-05-29 09:30:00-04:00,185.9900054931641,187.1000061035156,185.0399932861328,185.1750030517578,182436
2026-05-29 09:45:00-04:00,185.1499938964844,185.9550018310547,185.13499450683597,185.63999938964844,45712
2026-05-29 10:00:00-04:00,185.6199951171875,185.8600006103516,185.43499755859372,185.72999572753903,64053
2026-05-29 10:15:00-04:00,185.67999267578125,186.625,185.66000366210935,186.5,50867
2026-05-29 10:30:00-04:00,186.47999572753903,186.7050018310547,186.2550048828125,186.5749969482422,44747
2026-05-29 10:45:00-04:00,186.59249877929688,186.8300018310547,186.38999938964844,186.75,46823
2026-05-29 11:00:00-04:00,186.8000030517578,186.8976593017578,186.2899932861328,186.3300018310547,35388
2026-05-29 11:15:00-04:00,186.3300018310547,186.3300018310547,185.42999267578125,185.4499969482422,42247
2026-05-29 11:30:00-04:00,185.43499755859372,186.1199951171875,185.0500030517578,185.8000030517578,129423
2026-05-29 11:45:00-04:00,185.90989685058597,185.968994140625,185.67999267578125,185.7799072265625,23337
2026-05-29 12:00:00-04:00,185.7749938964844,185.82000732421875,185.47000122070312,185.5749969482422,23756
2026-05-29 12:15:00-04:00,185.56500244140625,185.82000732421875,185.5449981689453,185.63999938964844,22978
2026-05-29 12:30:00-04:00,185.6199951171875,186.08999633789065,185.5800018310547,185.9600067138672,24045
2026-05-29 12:45:00-04:00,185.9499969482422,186.0800018310547,185.88999938964844,186.0449981689453,22622
2026-05-29 13:00:00-04:00,186.0,186.125,185.77999877929688,185.83999633789065,23774
2026-05-29 13:15:00-04:00,185.83999633789065,186.0500030517578,185.47999572753903,185.4900054931641,19677
2026-05-29 13:30:00-04:00,185.5200042724609,185.5200042724609,185.08999633789065,185.08999633789065,19327
2026-05-29 13:45:00-04:00,185.0948944091797,185.25999450683597,185.08999633789065,185.1100006103516,21995
2026-05-29 14:00:00-04:00,185.1100006103516,185.29769897460935,185.1000061035156,185.1699981689453,15825
2026-05-29 14:15:00-04:00,185.17999267578125,185.21499633789065,184.75999450683597,184.80999755859372,35207
2026-05-29 14:30:00-04:00,184.80999755859372,184.8999938964844,184.6499938964844,184.78500366210935,34644
2026-05-29 14:45:00-04:00,184.75,185.0,184.72000122070312,184.8800048828125,23591
2026-05-29 15:00:00-04:00,184.8600006103516,185.08990478515625,184.7350006103516,185.02999877929688,44885
2026-05-29 15:15:00-04:00,185.02999877929688,185.1999969482422,184.94000244140625,185.1199951171875,27180
2026-05-29 15:30:00-04:00,185.1000061035156,185.3000030517578,184.91000366210935,185.2899932861328,33508
2026-05-29 15:45:00-04:00,185.30999755859372,185.75,185.2200927734375,185.7100067138672,192342
2026-06-01 09:30:00-04:00,182.72000122070312,183.22999572753903,181.5200042724609,181.9600067138672,174692
2026-06-01 09:45:00-04:00,182.1100006103516,182.3500061035156,181.4600067138672,181.4600067138672,70045
2026-06-01 10:00:00-04:00,181.5800018310547,181.6499938964844,180.6199951171875,180.875,61694
2026-06-01 10:15:00-04:00,180.85499572753903,181.02999877929688,180.375,180.8300018310547,101008
2026-06-01 10:30:00-04:00,180.83999633789065,180.8699951171875,180.2400054931641,180.38999938964844,58555
2026-06-01 10:45:00-04:00,180.38499450683597,180.5399932861328,179.94000244140625,180.13499450683594,67895
2026-06-01 11:00:00-04:00,180.1300048828125,180.4750061035156,179.8699951171875,180.03500366210938,106094
2026-06-01 11:15:00-04:00,180.0449981689453,180.2350006103516,179.7899932861328,180.17999267578125,79280
2026-06-01 11:30:00-04:00,180.22999572753903,181.1100006103516,179.94000244140625,181.1000061035156,94367
2026-06-01 11:45:00-04:00,181.0500030517578,181.1300048828125,180.80499267578125,180.9900054931641,28113
2026-06-01 12:00:00-04:00,180.97000122070312,181.0,180.67999267578125,180.92999267578125,33407
2026-06-01 12:15:00-04:00,180.97999572753903,181.02999877929688,180.6499938964844,180.7210998535156,24048
2026-06-01 12:30:00-04:00,180.75999450683597,180.7899932861328,180.51499938964844,180.72999572753903,20327
2026-06-01 12:45:00-04:00,180.7050018310547,181.0200042724609,180.69000244140625,181.0200042724609,26738
2026-06-01 13:00:00-04:00,180.8500061035156,181.0200042724609,180.6999969482422,180.9600067138672,26463
2026-06-01 13:15:00-04:00,180.97999572753903,181.25999450683597,180.92999267578125,181.1699981689453,28810
2026-06-01 13:30:00-04:00,181.1999969482422,181.4900054931641,181.00999450683597,181.27999877929688,38898
2026-06-01 13:45:00-04:00,181.28500366210935,181.3699951171875,181.09500122070312,181.09500122070312,27767
2026-06-01 14:00:00-04:00,181.19000244140625,181.1999969482422,180.8000030517578,181.1000061035156,37044
2026-06-01 14:15:00-04:00,181.0850067138672,181.2050018310547,180.97000122070312,181.0,33394
2026-06-01 14:30:00-04:00,181.0,181.07000732421875,180.8950042724609,180.8950042724609,27232
2026-06-01 14:45:00-04:00,180.90499877929688,180.9949951171875,180.6999969482422,180.6999969482422,34241
2026-06-01 15:00:00-04:00,180.7350006103516,180.8300018310547,180.63999938964844,180.7250061035156,30917
2026-06-01 15:15:00-04:00,180.72000122070312,180.83999633789065,180.67999267578125,180.76499938964844,29365
2026-06-01 15:30:00-04:00,180.7700042724609,180.8950042724609,180.4499969482422,180.57000732421875,46478
2026-06-01 15:45:00-04:00,180.5200042724609,180.5249938964844,179.6300048828125,179.6999969482422,297763
2026-06-02 09:30:00-04:00,179.10000610351562,179.49000549316406,178.10499572753906,178.3699951171875,146188
2026-06-02 09:45:00-04:00,178.4199981689453,178.47999572753906,176.82000732421875,176.95599365234375,254371
2026-06-02 10:00:00-04:00,177.02000427246094,178.4199981689453,176.83999633789062,178.05999755859375,95428
2026-06-02 10:15:00-04:00,178.13999938964844,178.99000549316406,178.13499450683594,178.8699951171875,57227
2026-06-02 10:30:00-04:00,179.0500030517578,179.52000427246094,178.97000122070312,179.49000549316406,60947
2026-06-02 10:45:00-04:00,179.5,179.55499267578125,178.9748992919922,179.02999877929688,68018
2026-06-02 11:00:00-04:00,179.0,179.02999877929688,178.65499877929688,178.85000610351562,88253
2026-06-02 11:15:00-04:00,178.85769653320312,178.89999389648438,178.38999938964844,178.39500427246094,81743
2026-06-02 11:30:00-04:00,178.3300018310547,178.4199981689453,177.63999938964844,177.90499877929688,70747
2026-06-02 11:45:00-04:00,177.86000061035156,178.00999450683594,177.49000549316406,177.55999755859375,37080
2026-06-02 12:00:00-04:00,177.625,177.6699981689453,177.17999267578125,177.26499938964844,37296
2026-06-02 12:15:00-04:00,177.2675018310547,177.4199981689453,176.74000549316406,176.74000549316406,31791
2026-06-02 12:30:00-04:00,176.73500061035156,176.89999389648438,176.1999969482422,176.75,76483
2026-06-02 12:45:00-04:00,176.8249969482422,176.92999267578125,176.720703125,176.75999450683594,30395
2026-06-02 13:00:00-04:00,176.72999572753906,176.7899932861328,176.25999450683594,176.43499755859375,76653
2026-06-02 13:15:00-04:00,176.4250030517578,176.6999969482422,176.3000030517578,176.6999969482422,43299
2026-06-02 13:30:00-04:00,176.6699981689453,176.8800048828125,176.5800018310547,176.67999267578125,56652
2026-06-02 13:45:00-04:00,176.72500610351562,176.72500610351562,176.02999877929688,176.49000549316406,83131
2026-06-02 14:00:00-04:00,176.4503936767578,176.8000030517578,176.23500061035156,176.8000030517578,58933
2026-06-02 14:15:00-04:00,176.80999755859375,177.0,176.6199951171875,176.9600067138672,74179
2026-06-02 14:30:00-04:00,176.91000366210938,177.5500030517578,176.91000366210938,177.5500030517578,82785
2026-06-02 14:45:00-04:00,177.52499389648438,177.88999938964844,177.35000610351562,177.60499572753906,40899
2026-06-02 15:00:00-04:00,177.66000366210938,177.66000366210938,177.25,177.30999755859375,35346
2026-06-02 15:15:00-04:00,177.33999633789062,177.36000061035156,177.02999877929688,177.14999389648438,66147
2026-06-02 15:30:00-04:00,177.14500427246094,177.2550048828125,177.02000427246094,177.02999877929688,69239
2026-06-02 15:45:00-04:00,177.02999877929688,177.5800018310547,177.02999877929688,177.4600067138672,150319
2026-06-03 09:30:00-04:00,174.60000610351562,176.24000549316406,174.60000610351562,176.07000732421875,274747
2026-06-03 09:45:00-04:00,176.0399932861328,177.0500030517578,175.89999389648438,176.6199951171875,191687
2026-06-03 10:00:00-04:00,176.64999389648438,176.6999969482422,175.6699981689453,175.67999267578125,109403
2026-06-03 10:15:00-04:00,175.63999938964844,176.35000610351562,175.25999450683594,176.2449951171875,112726
2026-06-03 10:30:00-04:00,176.22000122070312,176.75,175.64010620117188,176.00999450683594,133513
2026-06-03 10:45:00-04:00,175.9600067138672,176.2100067138672,175.71499633789062,175.8800048828125,131289
2026-06-03 11:00:00-04:00,175.88009643554688,176.13499450683594,175.68499755859375,176.02999877929688,88773
2026-06-03 11:15:00-04:00,176.02000427246094,176.9149932861328,175.97999572753906,176.8000030517578,132024
2026-06-03 11:30:00-04:00,176.80999755859375,177.42999267578125,176.6894989013672,177.38999938964844,150800
2026-06-03 11:45:00-04:00,177.3699951171875,177.55999755859375,177.07000732421875,177.0850067138672,50485
2026-06-03 12:00:00-04:00,177.06500244140625,177.19000244140625,176.66000366210938,176.75,25159
2026-06-03 12:15:00-04:00,176.76499938964844,176.88999938964844,176.4199981689453,176.61000061035156,35561
2026-06-03 12:30:00-04:00,176.67999267578125,176.73240661621094,176.4499969482422,176.50999450683594,13155
2026-06-03 12:45:00-04:00,176.4499969482422,176.6750030517578,176.42999267578125,176.5749969482422,16378
2026-06-03 13:00:00-04:00,176.5800018310547,176.7100067138672,176.5,176.63999938964844,19858
2026-06-03 13:15:00-04:00,176.7100067138672,176.88499450683594,176.63999938964844,176.72999572753906,30088
2026-06-03 13:30:00-04:00,176.72000122070312,176.72000122070312,176.47999572753906,176.49000549316406,28502
2026-06-03 13:45:00-04:00,176.53500366210938,176.75999450683594,176.44000244140625,176.55999755859375,53195
2026-06-03 14:00:00-04:00,176.58999633789062,176.6300048828125,176.1999969482422,176.2200927734375,70824
2026-06-03 14:15:00-04:00,176.28500366210938,176.41000366210938,175.9199981689453,176.02999877929688,68582
2026-06-03 14:30:00-04:00,176.0399932861328,176.04010009765625,175.83999633789062,175.94000244140625,33048
2026-06-03 14:45:00-04:00,175.90029907226562,176.33999633789062,175.90029907226562,176.32000732421875,51899
2026-06-03 15:00:00-04:00,176.27999877929688,176.5399932861328,176.19000244140625,176.22999572753906,57186
2026-06-03 15:15:00-04:00,176.17999267578125,176.27279663085938,176.0800018310547,176.1199951171875,44517
2026-06-03 15:30:00-04:00,176.16000366210938,176.25999450683594,176.0500030517578,176.07000732421875,72359
2026-06-03 15:45:00-04:00,176.07000732421875,176.3800048828125,176.0,176.24000549316406,175893
2026-06-04 09:30:00-04:00,180.5800018310547,181.19000244140625,180.2400054931641,180.91000366210935,186568
2026-06-04 09:45:00-04:00,180.9199981689453,181.44000244140625,180.6000061035156,181.44000244140625,94293
2026-06-04 10:00:00-04:00,181.3800048828125,181.6999969482422,181.2400054931641,181.47999572753903,77434
2026-06-04 10:15:00-04:00,181.5,182.16000366210935,181.5,181.75,59045
2026-06-04 10:30:00-04:00,181.7700042724609,181.84500122070312,181.3350067138672,181.7550048828125,61136
2026-06-04 10:45:00-04:00,181.80999755859372,182.60499572753903,181.625,182.33999633789065,76723
2026-06-04 11:00:00-04:00,182.32000732421875,182.6699981689453,182.22999572753903,182.42999267578125,64233
2026-06-04 11:15:00-04:00,182.4700927734375,182.57000732421875,182.22999572753903,182.25999450683597,67445
2026-06-04 11:30:00-04:00,182.2100067138672,182.4199981689453,181.7749938964844,182.13999938964844,56699
2026-06-04 11:45:00-04:00,182.10499572753903,182.6898956298828,181.7700042724609,181.90499877929688,66410
2026-06-04 12:00:00-04:00,181.8950042724609,182.26499938964844,181.8300018310547,182.26499938964844,50408
2026-06-04 12:15:00-04:00,182.33999633789065,182.7899932861328,182.1499938964844,182.7899932861328,49352
2026-06-04 12:30:00-04:00,182.80999755859372,182.9199981689453,182.2400054931641,182.38999938964844,32407
2026-06-04 12:45:00-04:00,182.3300018310547,182.44000244140625,182.0800018310547,182.1699981689453,24977
2026-06-04 13:00:00-04:00,182.1000061035156,182.4600067138672,182.05499267578125,182.43499755859372,31908
2026-06-04 13:15:00-04:00,182.4199981689453,182.69000244140625,182.28680419921875,182.44000244140625,31436
2026-06-04 13:30:00-04:00,182.3800048828125,182.5500030517578,182.3249969482422,182.42999267578125,27218
2026-06-04 13:45:00-04:00,182.42999267578125,182.6000061035156,182.3699951171875,182.50999450683597,30983
2026-06-04 14:00:00-04:00,182.5050048828125,182.5050048828125,182.02999877929688,182.3800048828125,52604
2026-06-04 14:15:00-04:00,182.3500061035156,182.8999938964844,182.3500061035156,182.8999938964844,48223
2026-06-04 14:30:00-04:00,182.91000366210935,183.2100067138672,182.89010620117188,183.1499938964844,43215
2026-06-04 14:45:00-04:00,183.10499572753903,183.3300018310547,183.08999633789065,183.2949981689453,31770
2026-06-04 15:00:00-04:00,183.27999877929688,183.3699951171875,182.93499755859372,183.0,31385
2026-06-04 15:15:00-04:00,183.03500366210935,183.2100067138672,183.0050048828125,183.0800018310547,47130
2026-06-04 15:30:00-04:00,183.0500030517578,183.1591033935547,182.2949981689453,182.375,155655
2026-06-04 15:45:00-04:00,182.3999938964844,182.4499969482422,181.6150054931641,181.8000030517578,310811
2026-06-05 09:30:00-04:00,184.0200042724609,184.94000244140625,184.0200042724609,184.6999969482422,135308
2026-06-05 09:45:00-04:00,184.77999877929688,185.13999938964844,184.50999450683597,184.8999938964844,158605
2026-06-05 10:00:00-04:00,184.91000366210935,185.55999755859372,184.7899932861328,184.7899932861328,97150
2026-06-05 10:15:00-04:00,184.77999877929688,185.2100067138672,184.50999450683597,184.9600067138672,83636
2026-06-05 10:30:00-04:00,184.88999938964844,185.1999969482422,184.72999572753903,184.8699951171875,58441
2026-06-05 10:45:00-04:00,184.9499969482422,185.25,184.83999633789065,185.0800018310547,41487
2026-06-05 11:00:00-04:00,185.0800018310547,185.44000244140625,184.97999572753903,185.3300018310547,73700
2026-06-05 11:15:00-04:00,185.35499572753903,185.3699951171875,184.9499969482422,185.13999938964844,186149
2026-06-05 11:30:00-04:00,185.25999450683597,185.69000244140625,184.88999938964844,184.88999938964844,97957
2026-06-05 11:45:00-04:00,184.88999938964844,185.27999877929688,184.66000366210935,184.8600006103516,33594
2026-06-05 12:00:00-04:00,184.83999633789065,185.0399932861328,184.83999633789065,184.97000122070312,20902
2026-06-05 12:15:00-04:00,185.02999877929688,185.4900054931641,185.00010681152344,185.41000366210935,21418
2026-06-05 12:30:00-04:00,185.44000244140625,185.55999755859372,185.33999633789065,185.5249938964844,39473
2026-06-05 12:45:00-04:00,185.4600067138672,185.7700042724609,185.3500061035156,185.47000122070312,71953
2026-06-05 13:00:00-04:00,185.4850006103516,185.4850006103516,185.1199951171875,185.18499755859372,22526
2026-06-05 13:15:00-04:00,185.18499755859372,185.25,184.8600006103516,184.97000122070312,29311
2026-06-05 13:30:00-04:00,185.0399932861328,185.05999755859372,184.7400054931641,184.9499969482422,28771
2026-06-05 13:45:00-04:00,184.9600067138672,185.5399932861328,184.8600006103516,185.4900054931641,123435
2026-06-05 14:00:00-04:00,185.4199981689453,185.46499633789065,185.10499572753903,185.3699951171875,87407
2026-06-05 14:15:00-04:00,185.32000732421875,185.6699981689453,185.19000244140625,185.57000732421875,90086
2026-06-05 14:30:00-04:00,185.5500030517578,186.1100006103516,185.5500030517578,186.0249938964844,78706
2026-06-05 14:45:00-04:00,185.9900054931641,186.1100006103516,185.17999267578125,185.22999572753903,72284
2026-06-05 15:00:00-04:00,185.22999572753903,185.22999572753903,184.8350067138672,184.8800048828125,69899
2026-06-05 15:15:00-04:00,184.9199981689453,185.41000366210935,184.8000946044922,185.27999877929688,79818
2026-06-05 15:30:00-04:00,185.2749938964844,185.5249938964844,185.10009765625,185.4600067138672,108941
2026-06-05 15:45:00-04:00,185.5,186.1199951171875,185.33999633789065,186.0200042724609,279267
2026-06-08 09:30:00-04:00,184.16000366210935,185.30999755859372,184.0800018310547,184.36749267578125,156483
2026-06-08 09:45:00-04:00,184.3500061035156,184.6199951171875,184.00999450683597,184.0800018310547,76477
2026-06-08 10:00:00-04:00,184.1100006103516,184.5200042724609,183.5500030517578,183.58999633789065,140028
2026-06-08 10:15:00-04:00,183.6300048828125,184.5500030517578,183.6300048828125,183.80499267578125,122618
2026-06-08 10:30:00-04:00,183.8000030517578,184.07000732421875,183.6649932861328,184.0500030517578,90996
2026-06-08 10:45:00-04:00,184.05999755859372,184.1699981689453,183.7899932861328,184.0200042724609,67617
2026-06-08 11:00:00-04:00,184.0500030517578,184.81500244140625,184.0500030517578,184.7899932861328,74695
2026-06-08 11:15:00-04:00,184.80999755859372,185.1499938964844,184.6100006103516,184.6699981689453,118524
2026-06-08 11:30:00-04:00,184.72000122070312,184.91000366210935,183.8999938964844,184.0800018310547,74032
2026-06-08 11:45:00-04:00,183.9900054931641,184.19000244140625,183.8699951171875,183.88499450683597,41340
2026-06-08 12:00:00-04:00,183.91000366210935,184.02999877929688,183.5200042724609,183.6000061035156,47412
2026-06-08 12:15:00-04:00,183.5,183.5399932861328,183.2350006103516,183.27999877929688,39177
2026-06-08 12:30:00-04:00,183.2100067138672,183.3500061035156,183.0800018310547,183.0800018310547,25601
2026-06-08 12:45:00-04:00,183.0800018310547,183.16000366210935,182.72999572753903,182.8000030517578,48469
2026-06-08 13:00:00-04:00,182.8600006103516,182.875,182.2449951171875,182.2449951171875,58165
2026-06-08 13:15:00-04:00,182.3000030517578,182.5,181.8500061035156,182.0,44953
2026-06-08 13:30:00-04:00,182.00999450683597,182.05999755859372,181.7400054931641,182.0200042724609,29078
2026-06-08 13:45:00-04:00,181.97999572753903,182.1199951171875,181.92999267578125,182.0249938964844,24065
2026-06-08 14:00:00-04:00,182.07000732421875,182.25,181.8000030517578,181.8000030517578,35678
2026-06-08 14:15:00-04:00,181.80999755859372,182.27999877929688,181.7949981689453,182.2050018310547,45316
2026-06-08 14:30:00-04:00,182.2400054931641,182.3600006103516,182.1100006103516,182.1750030517578,48872
2026-06-08 14:45:00-04:00,182.2100067138672,182.4199981689453,182.13999938964844,182.30499267578125,60405
2026-06-08 15:00:00-04:00,182.3000030517578,182.4850006103516,182.2350006103516,182.27999877929688,37400
2026-06-08 15:15:00-04:00,182.25999450683597,182.40159606933597,182.0399932861328,182.16000366210935,39066
2026-06-08 15:30:00-04:00,182.16749572753903,182.31500244140625,181.4499969482422,181.5800018310547,118168
2026-06-08 15:45:00-04:00,181.6000061035156,181.88999938964844,181.3600006103516,181.5200042724609,285764
2026-06-09 09:30:00-04:00,181.72999572753903,182.8999938964844,181.65499877929688,182.25999450683597,166129
2026-06-09 09:45:00-04:00,182.2100067138672,182.63999938964844,181.15499877929688,181.4600067138672,110376
2026-06-09 10:00:00-04:00,181.4499969482422,182.33999633789065,181.42999267578125,181.97999572753903,123972
2026-06-09 10:15:00-04:00,182.05999755859372,182.63999938964844,181.9499969482422,182.6300048828125,96761
2026-06-09 10:30:00-04:00,182.66000366210935,183.13499450683597,182.66000366210935,182.72999572753903,130664
2026-06-09 10:45:00-04:00,182.7400054931641,182.75050354003903,182.15499877929688,182.69000244140625,92954
2026-06-09 11:00:00-04:00,182.75,183.19000244140625,182.75,183.1699981689453,53709
2026-06-09 11:15:00-04:00,183.19000244140625,183.32000732421875,182.50999450683597,182.50999450683597,62164
2026-06-09 11:30:00-04:00,182.55880737304688,182.8300018310547,181.97999572753903,181.97999572753903,59341
2026-06-09 11:45:00-04:00,182.00999450683597,182.3000030517578,181.66000366210935,182.22999572753903,30177
2026-06-09 12:00:00-04:00,182.17999267578125,182.6300048828125,182.17999267578125,182.58999633789065,31190
2026-06-09 12:15:00-04:00,182.58999633789065,183.13499450683597,182.5399932861328,183.1000061035156,39294
2026-06-09 12:30:00-04:00,183.02999877929688,183.3789978027344,182.3300018310547,182.5850067138672,103004
2026-06-09 12:45:00-04:00,182.5500030517578,182.9199066162109,182.4900054931641,182.8650054931641,34584
2026-06-09 13:00:00-04:00,182.7899932861328,182.9600067138672,182.5,182.66000366210935,42818
2026-06-09 13:15:00-04:00,182.59500122070312,183.3699951171875,182.59500122070312,183.1999969482422,33913
2026-06-09 13:30:00-04:00,183.25999450683597,183.5399932861328,183.1199951171875,183.32000732421875,59881
2026-06-09 13:45:00-04:00,183.2899932861328,183.58999633789065,183.25,183.3600006103516,38471
2026-06-09 14:00:00-04:00,183.360107421875,183.58999633789065,183.25999450683597,183.4550018310547,63638
2026-06-09 14:15:00-04:00,183.4550018310547,183.7899932861328,183.41000366210935,183.69000244140625,32380
2026-06-09 14:30:00-04:00,183.7400054931641,183.7899932861328,183.52999877929688,183.6150054931641,25617
2026-06-09 14:45:00-04:00,183.62130737304688,183.7400054931641,183.5800018310547,183.70509338378903,23744
2026-06-09 15:00:00-04:00,183.7050018310547,183.80999755859372,183.6100006103516,183.7449951171875,37389
2026-06-09 15:15:00-04:00,183.7100067138672,183.7250061035156,183.4499969482422,183.49009704589844,45671
2026-06-09 15:30:00-04:00,183.5,183.5,182.7400054931641,182.82000732421875,76419
2026-06-09 15:45:00-04:00,182.81500244140625,183.42999267578125,182.75999450683597,183.42999267578125,189616
2026-06-10 09:30:00-04:00,180.93499755859372,181.0,180.2050018310547,180.593994140625,187753
2026-06-10 09:45:00-04:00,180.6000061035156,180.6649932861328,179.66000366210938,180.10000610351562,94998
2026-06-10 10:00:00-04:00,180.10000610351562,180.3999938964844,179.36000061035156,179.77000427246094,118230
2026-06-10 10:15:00-04:00,179.77499389648438,180.0500030517578,179.55999755859375,180.0500030517578,77721
2026-06-10 10:30:00-04:00,180.1300048828125,180.4499969482422,179.71499633789062,180.375,157647
2026-06-10 10:45:00-04:00,180.38499450683597,181.17999267578125,180.13999938964844,181.17999267578125,113155
2026-06-10 11:00:00-04:00,181.1699981689453,181.71499633789065,181.07000732421875,181.4375,53209
2026-06-10 11:15:00-04:00,181.42999267578125,181.42999267578125,180.5,180.5399932861328,51718
2026-06-10 11:30:00-04:00,180.4199981689453,180.7100067138672,179.77499389648438,179.7899932861328,41377
2026-06-10 11:45:00-04:00,179.8800048828125,179.8800048828125,179.2100067138672,179.61990356445312,45614
2026-06-10 12:00:00-04:00,179.6051025390625,179.77000427246094,179.3800048828125,179.44000244140625,32370
2026-06-10 12:15:00-04:00,179.58999633789062,179.58999633789062,179.3300018310547,179.38999938964844,16719
2026-06-10 12:30:00-04:00,179.40499877929688,179.4575958251953,179.02000427246094,179.1199951171875,13312
2026-06-10 12:45:00-04:00,179.24000549316406,179.24000549316406,178.86000061035156,178.93499755859375,17621
2026-06-10 13:00:00-04:00,178.91000366210938,179.00999450683594,178.22000122070312,178.22000122070312,25038
2026-06-10 13:15:00-04:00,178.1999969482422,178.2899932861328,177.91000366210938,178.1199951171875,36406
2026-06-10 13:30:00-04:00,178.0449981689453,178.35000610351562,177.8800048828125,178.3000030517578,39333
2026-06-10 13:45:00-04:00,178.25999450683594,178.5399932861328,178.07000732421875,178.52499389648438,53113
2026-06-10 14:00:00-04:00,178.47999572753906,178.72999572753906,178.4600067138672,178.61000061035156,32929
2026-06-10 14:15:00-04:00,178.5399932861328,178.76010131835938,178.39999389648438,178.48500061035156,39670
2026-06-10 14:30:00-04:00,178.44000244140625,178.60000610351562,178.40499877929688,178.53500366210938,43826
2026-06-10 14:45:00-04:00,178.52499389648438,178.5500030517578,178.07000732421875,178.24000549316406,60998
2026-06-10 15:00:00-04:00,178.2899932861328,178.4199981689453,178.08999633789062,178.30999755859375,37467
2026-06-10 15:15:00-04:00,178.30999755859375,178.52499389648438,178.2550048828125,178.5,60280
2026-06-10 15:30:00-04:00,178.52999877929688,178.8000030517578,178.39999389648438,178.61000061035156,99514
2026-06-10 15:45:00-04:00,178.63999938964844,179.08999633789062,178.4199981689453,178.9600067138672,284832
2026-06-11 09:30:00-04:00,181.3600006103516,181.75999450683597,180.92999267578125,181.4600067138672,130137
2026-06-11 09:45:00-04:00,181.4499969482422,181.9199981689453,181.19000244140625,181.5800018310547,65096
2026-06-11 10:00:00-04:00,181.69000244140625,181.69000244140625,181.25,181.47999572753903,93766
2026-06-11 10:15:00-04:00,181.5,181.80999755859372,181.3800048828125,181.38999938964844,51202
2026-06-11 10:30:00-04:00,181.41000366210935,181.4900054931641,180.67999267578125,181.00999450683597,44751
2026-06-11 10:45:00-04:00,180.985107421875,181.13999938964844,180.56500244140625,180.66000366210935,51226
2026-06-11 11:00:00-04:00,180.625,181.33999633789065,180.39010620117188,181.22999572753903,102774
2026-06-11 11:15:00-04:00,181.1699981689453,181.1699981689453,180.67999267578125,180.68499755859372,34935
2026-06-11 11:30:00-04:00,180.66000366210935,181.59500122070312,180.6000061035156,181.5050048828125,88587
2026-06-11 11:45:00-04:00,181.50999450683597,181.6000061035156,181.3000030517578,181.47999572753903,27859
2026-06-11 12:00:00-04:00,181.4900054931641,181.96499633789065,181.47000122070312,181.96499633789065,22044
2026-06-11 12:15:00-04:00,181.9600067138672,181.98989868164065,181.6100006103516,181.625,23747
2026-06-11 12:30:00-04:00,181.5800018310547,181.6699981689453,181.3600006103516,181.40640258789065,25186
2026-06-11 12:45:00-04:00,181.41000366210935,181.4698944091797,181.2899932861328,181.33999633789065,25382
2026-06-11 13:00:00-04:00,181.30999755859372,181.34500122070312,180.8300018310547,180.8350067138672,51144
2026-06-11 13:15:00-04:00,180.83009338378903,181.9199981689453,180.72999572753903,181.9149932861328,56992
2026-06-11 13:30:00-04:00,182.05999755859372,183.26499938964844,182.0200042724609,183.09410095214844,70634
2026-06-11 13:45:00-04:00,183.13999938964844,183.16000366210935,182.6000061035156,182.63499450683597,30771
2026-06-11 14:00:00-04:00,182.66000366210935,182.69000244140625,182.19000244140625,182.3249969482422,40047
2026-06-11 14:15:00-04:00,182.3350067138672,182.63999938964844,182.26010131835935,182.2899932861328,39842
2026-06-11 14:30:00-04:00,182.22999572753903,182.55999755859372,182.1999969482422,182.52999877929688,36223
2026-06-11 14:45:00-04:00,182.52999877929688,182.7899932861328,182.4900054931641,182.6100006103516,43029
2026-06-11 15:00:00-04:00,182.63999938964844,183.17999267578125,182.63999938964844,183.15499877929688,35747
2026-06-11 15:15:00-04:00,183.08999633789065,183.25999450683597,182.97000122070312,183.19000244140625,47847
2026-06-11 15:30:00-04:00,183.15499877929688,183.6699981689453,183.1199951171875,183.2899932861328,76952
2026-06-11 15:45:00-04:00,183.1800994873047,183.2100067138672,182.17999267578125,182.25,204887
2026-06-12 09:30:00-04:00,182.5249938964844,182.6999969482422,181.38999938964844,181.6300048828125,116227
2026-06-12 09:45:00-04:00,181.63999938964844,181.7400054931641,181.125,181.3699951171875,104481
2026-06-12 10:00:00-04:00,181.38499450683597,181.9600067138672,181.0449981689453,181.0500030517578,114889
2026-06-12 10:15:00-04:00,181.07899475097656,181.44900512695312,180.3800048828125,180.4600067138672,94497
2026-06-12 10:30:00-04:00,180.5500030517578,180.7100067138672,180.1750030517578,180.19000244140625,100098
2026-06-12 10:45:00-04:00,180.16000366210935,180.72000122070312,179.77000427246094,180.5500030517578,99188
2026-06-12 11:00:00-04:00,180.57000732421875,180.6000061035156,180.1199951171875,180.1199951171875,58239
2026-06-12 11:15:00-04:00,180.125,180.14990234375,179.5500030517578,180.02000427246094,132553
2026-06-12 11:30:00-04:00,180.0,181.07000732421875,179.88499450683594,180.75,136326
2026-06-12 11:45:00-04:00,180.75,181.0399932861328,180.13499450683594,180.13499450683594,43748
2026-06-12 12:00:00-04:00,180.11500549316406,180.4550018310547,179.67489624023438,180.30499267578125,42996
2026-06-12 12:15:00-04:00,180.3300018310547,180.47999572753903,179.74000549316406,179.74000549316406,42794
2026-06-12 12:30:00-04:00,179.73500061035156,179.7899932861328,179.22999572753906,179.6999969482422,50381
2026-06-12 12:45:00-04:00,179.64999389648438,179.9550018310547,179.5,179.610107421875,49781
2026-06-12 13:00:00-04:00,179.61000061035156,179.8300018310547,179.5749969482422,179.6750030517578,53519
2026-06-12 13:15:00-04:00,179.67999267578125,180.00999450683594,179.64999389648438,179.82000732421875,51509
2026-06-12 13:30:00-04:00,179.83999633789062,179.83999633789062,179.50999450683594,179.60000610351562,71880
2026-06-12 13:45:00-04:00,179.58999633789062,179.99440002441406,179.52999877929688,179.72500610351562,44825
2026-06-12 14:00:00-04:00,179.72000122070312,179.73899841308594,179.2899932861328,179.63499450683594,107965
2026-06-12 14:15:00-04:00,179.63499450683594,179.69000244140625,179.34100341796875,179.52000427246094,95563
2026-06-12 14:30:00-04:00,179.52000427246094,179.80999755859375,179.49000549316406,179.75999450683594,98936
2026-06-12 14:45:00-04:00,179.75999450683594,179.75999450683594,179.27000427246094,179.27000427246094,83496
2026-06-12 15:00:00-04:00,179.25999450683594,179.6999969482422,179.25999450683594,179.6699981689453,61401
2026-06-12 15:15:00-04:00,179.64999389648438,179.7449951171875,179.46499633789062,179.52000427246094,81309
2026-06-12 15:30:00-04:00,179.49000549316406,179.50999450683594,179.13999938964844,179.2100067138672,97536
2026-06-12 15:45:00-04:00,179.2100067138672,179.3800048828125,178.58999633789062,178.75999450683594,285265
2026-06-15 09:30:00-04:00,179.16000366210938,179.22000122070312,176.9600067138672,177.72999572753906,146928
2026-06-15 09:45:00-04:00,177.82000732421875,177.9600067138672,177.15139770507812,177.17999267578125,63499
2026-06-15 10:00:00-04:00,177.14999389648438,177.9199981689453,176.9199981689453,177.6999969482422,65278
2026-06-15 10:15:00-04:00,177.66000366210938,177.8300018310547,177.4250030517578,177.6649932861328,66891
2026-06-15 10:30:00-04:00,177.6300048828125,177.8699951171875,177.49000549316406,177.69000244140625,63900
2026-06-15 10:45:00-04:00,177.66000366210938,178.27499389648438,177.58999633789062,178.19000244140625,32064
2026-06-15 11:00:00-04:00,178.25,178.25,177.28500366210938,177.39999389648438,46736
2026-06-15 11:15:00-04:00,177.37379455566406,177.89999389648438,177.3699951171875,177.85000610351562,35427
2026-06-15 11:30:00-04:00,177.86000061035156,177.9149932861328,177.1300048828125,177.41000366210938,92575
2026-06-15 11:45:00-04:00,177.47999572753906,177.50999450683594,177.30999755859375,177.47999572753906,19161
2026-06-15 12:00:00-04:00,177.47999572753906,177.6699981689453,177.3300018310547,177.5500030517578,12764
2026-06-15 12:15:00-04:00,177.51499938964844,177.61000061035156,177.35000610351562,177.3749237060547,13620
2026-06-15 12:30:00-04:00,177.38499450683594,177.47000122070312,177.19000244140625,177.39999389648438,30811
2026-06-15 12:45:00-04:00,177.47999572753906,177.52999877929688,177.27999877929688,177.4550018310547,19595
2026-06-15 13:00:00-04:00,177.39999389648438,177.4499969482422,177.19000244140625,177.3300018310547,14885
2026-06-15 13:15:00-04:00,177.30999755859375,177.30999755859375,176.92999267578125,176.92999267578125,19733
2026-06-15 13:30:00-04:00,176.94500732421875,176.9499969482422,176.6300048828125,176.75,37862
2026-06-15 13:45:00-04:00,176.75999450683594,176.82000732421875,176.63999938964844,176.72999572753906,13443
2026-06-15 14:00:00-04:00,176.72000122070312,176.92999267578125,176.61000061035156,176.72999572753906,27944
2026-06-15 14:15:00-04:00,176.74000549316406,176.77000427246094,176.5500030517578,176.72000122070312,25025
2026-06-15 14:30:00-04:00,176.72000122070312,176.91000366210938,176.67999267578125,176.8699951171875,25304
2026-06-15 14:45:00-04:00,176.88999938964844,176.94000244140625,176.8000030517578,176.91000366210938,20671
2026-06-15 15:00:00-04:00,176.89999389648438,177.16000366210938,176.89500427246094,177.0500030517578,20575
2026-06-15 15:15:00-04:00,177.06500244140625,177.3800048828125,177.06500244140625,177.0850067138672,41690
2026-06-15 15:30:00-04:00,177.05999755859375,177.3699951171875,177.02000427246094,177.0500030517578,45343
2026-06-15 15:45:00-04:00,177.08999633789062,177.5399932861328,177.0500030517578,177.22000122070312,206687
2026-06-16 09:30:00-04:00,178.3249969482422,178.55999755859375,177.5800018310547,177.75,175286
2026-06-16 09:45:00-04:00,177.82000732421875,177.89999389648438,176.63499450683594,176.7899932861328,129102
2026-06-16 10:00:00-04:00,176.75999450683594,178.14999389648438,176.72999572753906,178.125,103638
2026-06-16 10:15:00-04:00,178.0800018310547,178.50999450683594,177.89999389648438,178.1999969482422,63412
2026-06-16 10:30:00-04:00,178.23500061035156,178.64999389648438,177.8350067138672,177.83999633789062,128935
2026-06-16 10:45:00-04:00,177.83999633789062,178.67999267578125,177.83999633789062,178.57000732421875,68600
2026-06-16 11:00:00-04:00,178.60000610351562,178.6199951171875,177.8699951171875,178.0399932861328,47576
2026-06-16 11:15:00-04:00,178.04139709472656,178.41000366210938,177.9600067138672,178.11000061035156,55246
2026-06-16 11:30:00-04:00,178.05999755859375,178.3249969482422,177.72999572753906,178.25,117830
2026-06-16 11:45:00-04:00,178.22999572753906,179.1199951171875,178.22999572753906,179.02000427246094,36771
2026-06-16 12:00:00-04:00,179.08999633789062,179.08999633789062,178.6699981689453,178.89999389648438,64848
2026-06-16 12:15:00-04:00,178.91000366210938,179.0299072265625,178.83090209960938,178.89999389648438,30376
2026-06-16 12:30:00-04:00,178.88999938964844,179.0850067138672,178.8699951171875,178.8699951171875,19515
2026-06-16 12:45:00-04:00,178.8699951171875,178.90989685058594,178.5399932861328,178.57000732421875,27253
2026-06-16 13:00:00-04:00,178.57000732421875,178.86000061035156,178.57000732421875,178.7949981689453,30852
2026-06-16 13:15:00-04:00,178.81500244140625,178.85000610351562,178.63070678710938,178.80239868164062,35186
2026-06-16 13:30:00-04:00,178.7899932861328,178.88499450683594,178.72999572753906,178.88499450683594,35092
2026-06-16 13:45:00-04:00,178.8699951171875,178.9499969482422,178.75999450683594,178.9199981689453,34065
2026-06-16 14:00:00-04:00,178.9199981689453,178.9499969482422,178.6199951171875,178.7100067138672,36782
2026-06-16 14:15:00-04:00,178.71499633789062,178.9550018310547,178.71499633789062,178.8800048828125,42286
2026-06-16 14:30:00-04:00,178.9149932861328,178.9199981689453,178.69000244140625,178.75999450683594,24990
2026-06-16 14:45:00-04:00,178.72999572753906,178.72999572753906,178.55999755859375,178.58407592773438,36577
2026-06-16 15:00:00-04:00,178.55999755859375,178.6300048828125,178.27499389648438,178.44000244140625,70950
2026-06-16 15:15:00-04:00,178.47000122070312,178.74000549316406,178.47000122070312,178.52000427246094,79165
2026-06-16 15:30:00-04:00,178.49000549316406,178.85000610351562,178.44000244140625,178.8300018310547,53859
2026-06-16 15:45:00-04:00,178.83999633789062,178.9199981689453,178.47500610351562,178.74000549316406,268004
2026-06-17 09:30:00-04:00,178.6999969482422,179.00999450683594,178.22000122070312,178.2449951171875,94639
2026-06-17 09:45:00-04:00,178.11000061035156,178.9199981689453,178.0449981689453,178.48500061035156,104607
2026-06-17 10:00:00-04:00,178.49000549316406,179.0,178.44000244140625,178.72999572753906,79802
2026-06-17 10:15:00-04:00,178.74000549316406,179.00999450683594,178.6199951171875,178.97999572753906,79130
2026-06-17 10:30:00-04:00,179.1199951171875,179.52000427246094,178.9499969482422,179.49000549316406,49381
2026-06-17 10:45:00-04:00,179.48500061035156,179.69000244140625,179.2100067138672,179.4499969482422,68387
2026-06-17 11:00:00-04:00,179.44000244140625,179.77000427246094,179.1699981689453,179.73500061035156,97617
2026-06-17 11:15:00-04:00,179.72999572753906,180.25,179.63999938964844,180.25,55004
2026-06-17 11:30:00-04:00,180.3000030517578,180.4398956298828,180.1499938964844,180.2449951171875,39379
2026-06-17 11:45:00-04:00,180.21499633789065,180.21499633789065,179.7899932861328,179.89500427246094,23208
2026-06-17 12:00:00-04:00,179.89500427246094,180.0,179.6699981689453,179.72000122070312,86973
2026-06-17 12:15:00-04:00,179.6999969482422,179.89999389648438,179.63999938964844,179.6699981689453,121026
2026-06-17 12:30:00-04:00,179.64999389648438,179.74989318847656,179.5399932861328,179.67999267578125,16417
2026-06-17 12:45:00-04:00,179.74000549316406,179.8350067138672,179.58999633789062,179.66000366210938,30262
2026-06-17 13:00:00-04:00,179.6999969482422,179.6999969482422,179.27000427246094,179.33999633789062,38635
2026-06-17 13:15:00-04:00,179.32000732421875,179.47999572753906,179.16000366210938,179.17999267578125,17495
2026-06-17 13:30:00-04:00,179.22999572753906,179.497802734375,179.0500030517578,179.375,38388
2026-06-17 13:45:00-04:00,179.375,179.61000061035156,179.11500549316406,179.25999450683594,60337
2026-06-17 14:00:00-04:00,179.19000244140625,179.19000244140625,177.6529998779297,178.4550018310547,49909
2026-06-17 14:15:00-04:00,178.4550018310547,178.77000427246094,178.4499969482422,178.65750122070312,31146
2026-06-17 14:30:00-04:00,178.65499877929688,179.03500366210938,178.44000244140625,178.91000366210938,54942
2026-06-17 14:45:00-04:00,178.99000549316406,178.99000549316406,178.2899932861328,178.39999389648438,37643
2026-06-17 15:00:00-04:00,178.27000427246094,178.64700317382812,178.27000427246094,178.60499572753906,74749
2026-06-17 15:15:00-04:00,178.60499572753906,178.82000732421875,178.0,178.05999755859375,79797
2026-06-17 15:30:00-04:00,178.00999450683594,178.42999267578125,177.7100067138672,178.40499877929688,77206
2026-06-17 15:45:00-04:00,178.41000366210938,178.52999877929688,177.85000610351562,177.88999938964844,222820
2026-06-18 09:30:00-04:00,177.6699981689453,177.8000030517578,176.7100067138672,177.2899932861328,74686
2026-06-18 09:45:00-04:00,177.36000061035156,177.36000061035156,175.6750030517578,175.68800354003906,54250
2026-06-18 10:00:00-04:00,175.6699981689453,176.0330047607422,175.0399932861328,175.35000610351562,73876
2026-06-18 10:15:00-04:00,175.3300018310547,175.57000732421875,174.48500061035156,174.55999755859375,63916
2026-06-18 10:30:00-04:00,174.55999755859375,174.83999633789062,174.25999450683594,174.49000549316406,66881
2026-06-18 10:45:00-04:00,174.49000549316406,174.6699981689453,173.7899932861328,174.49180603027344,124498
2026-06-18 11:00:00-04:00,174.6300048828125,174.69000244140625,174.02000427246094,174.02000427246094,51210
2026-06-18 11:15:00-04:00,174.0800018310547,174.25999450683594,173.66000366210938,174.07000732421875,204213
2026-06-18 11:30:00-04:00,174.05999755859375,174.75900268554688,173.65499877929688,174.6699981689453,84884
2026-06-18 11:45:00-04:00,174.67999267578125,175.08999633789062,174.38999938964844,174.5800018310547,54735
2026-06-18 12:00:00-04:00,174.55499267578125,174.74000549316406,174.32000732421875,174.69500732421875,38700
2026-06-18 12:15:00-04:00,174.64999389648438,174.8300018310547,174.47000122070312,174.77000427246094,28549
2026-06-18 12:30:00-04:00,174.7899932861328,174.97999572753906,174.7100067138672,174.80999755859375,31011
2026-06-18 12:45:00-04:00,174.7949981689453,174.83999633789062,174.69000244140625,174.83999633789062,14055
2026-06-18 13:00:00-04:00,174.84500122070312,175.05999755859375,174.84500122070312,174.99000549316406,17974
2026-06-18 13:15:00-04:00,174.97999572753906,175.02999877929688,174.67999267578125,175.00999450683594,29391
2026-06-18 13:30:00-04:00,174.97509765625,175.13999938964844,174.8699951171875,174.8699951171875,42807
2026-06-18 13:45:00-04:00,174.99000549316406,175.14999389648438,174.94000244140625,175.0500030517578,19530
2026-06-18 14:00:00-04:00,175.02000427246094,175.19000244140625,174.92999267578125,175.16000366210938,30397
2026-06-18 14:15:00-04:00,175.1999969482422,175.3699951171875,175.1699981689453,175.1699981689453,37173
2026-06-18 14:30:00-04:00,175.09500122070312,175.32000732421875,175.07350158691406,175.25999450683594,25894
2026-06-18 14:45:00-04:00,175.30999755859375,175.32000732421875,175.0800018310547,175.0800018310547,26008
2026-06-18 15:00:00-04:00,175.0500030517578,175.07000732421875,174.7100067138672,175.02000427246094,47259
2026-06-18 15:15:00-04:00,174.97999572753906,175.0998992919922,174.75999450683594,174.82000732421875,31681
2026-06-18 15:30:00-04:00,174.94000244140625,175.1199951171875,174.76499938964844,174.88999938964844,49121
2026-06-18 15:45:00-04:00,174.88999938964844,175.36000061035156,174.63999938964844,174.92999267578125,211633
2026-06-22 09:30:00-04:00,175.2899932861328,175.8000030517578,175.11000061035156,175.27999877929688,94467
2026-06-22 09:45:00-04:00,175.30999755859375,176.02000427246094,175.25999450683594,175.55999755859375,142071
2026-06-22 10:00:00-04:00,175.5399932861328,175.86000061035156,175.36000061035156,175.58999633789062,83990
2026-06-22 10:15:00-04:00,175.5399932861328,176.05999755859375,175.48500061035156,175.9600067138672,80788
2026-06-22 10:30:00-04:00,175.9600067138672,176.05999755859375,175.2050018310547,175.85000610351562,52129
2026-06-22 10:45:00-04:00,175.8699951171875,176.3699951171875,175.86000061035156,176.25999450683594,68708
2026-06-22 11:00:00-04:00,176.25,176.44500732421875,176.10000610351562,176.33999633789062,39624
2026-06-22 11:15:00-04:00,176.30999755859375,176.75999450683594,176.0500030517578,176.72999572753906,58309
2026-06-22 11:30:00-04:00,176.75,177.0500030517578,176.15499877929688,177.02000427246094,89892
2026-06-22 11:45:00-04:00,176.92999267578125,177.2100067138672,176.92999267578125,177.0500030517578,37661
2026-06-22 12:00:00-04:00,177.0749969482422,177.1300048828125,176.80999755859375,177.1300048828125,30969
2026-06-22 12:15:00-04:00,177.14999389648438,177.1999969482422,176.94500732421875,176.94500732421875,22507
2026-06-22 12:30:00-04:00,177.0,177.16000366210938,176.88999938964844,176.99000549316406,21100
2026-06-22 12:45:00-04:00,177.04359436035156,177.125,176.85499572753906,177.09500122070312,32028
2026-06-22 13:00:00-04:00,177.10000610351562,177.25,177.0,177.13999938964844,30203
2026-06-22 13:15:00-04:00,177.2050018310547,177.3018035888672,177.11000061035156,177.22999572753906,38020
2026-06-22 13:30:00-04:00,177.16000366210938,177.42999267578125,177.08999633789062,177.14500427246094,46903
2026-06-22 13:45:00-04:00,177.17999267578125,177.30999755859375,177.11000061035156,177.1649932861328,28947
2026-06-22 14:00:00-04:00,177.25,177.3000030517578,177.1199951171875,177.25999450683594,29783
2026-06-22 14:15:00-04:00,177.3000030517578,177.38999938964844,177.2550048828125,177.3249969482422,26092
2026-06-22 14:30:00-04:00,177.32249450683594,177.33999633789062,177.11000061035156,177.125,52234
2026-06-22 14:45:00-04:00,177.125,177.17999267578125,176.88499450683594,176.88499450683594,27872
2026-06-22 15:00:00-04:00,176.91000366210938,176.97000122070312,176.64999389648438,176.64999389648438,27880
2026-06-22 15:15:00-04:00,176.6999969482422,176.75,176.23170471191406,176.38999938964844,52822
2026-06-22 15:30:00-04:00,176.39999389648438,176.7899932861328,176.38999938964844,176.44500732421875,39768
2026-06-22 15:45:00-04:00,176.47000122070312,176.61000061035156,176.1699981689453,176.35000610351562,154203
2026-06-23 09:30:00-04:00,179.80999755859375,180.80999755859372,179.58999633789062,180.2700042724609,171809
2026-06-23 09:45:00-04:00,180.2100067138672,181.0800018310547,180.1999969482422,180.71499633789065,64260
2026-06-23 10:00:00-04:00,180.7447967529297,180.80499267578125,180.17999267578125,180.42999267578125,67155
2026-06-23 10:15:00-04:00,180.41000366210935,180.5500030517578,179.8300018310547,180.25,67269
2026-06-23 10:30:00-04:00,180.2100067138672,180.3500061035156,179.4600067138672,179.99000549316406,49216
2026-06-23 10:45:00-04:00,180.0399932861328,180.13999938964844,179.74000549316406,179.94000244140625,40763
2026-06-23 11:00:00-04:00,179.91000366210938,180.11000061035156,179.69000244140625,180.0,72673
2026-06-23 11:15:00-04:00,180.05999755859375,180.19500732421875,179.69500732421875,179.74000549316406,96123
2026-06-23 11:30:00-04:00,179.82000732421875,179.93499755859375,179.27499389648438,179.66000366210938,32391
2026-06-23 11:45:00-04:00,179.5800018310547,179.91990661621094,179.57000732421875,179.7899932861328,21348
2026-06-23 12:00:00-04:00,179.85499572753906,179.9199981689453,179.69000244140625,179.83999633789062,14926
2026-06-23 12:15:00-04:00,179.83999633789062,179.91830444335938,179.6999969482422,179.75,15261
2026-06-23 12:30:00-04:00,179.77000427246094,180.1699981689453,179.7550048828125,180.1455993652344,27368
2026-06-23 12:45:00-04:00,180.11000061035156,180.40989685058597,180.07000732421875,180.40989685058597,22828
2026-06-23 13:00:00-04:00,180.30999755859372,180.3650054931641,180.19000244140625,180.25,23152
2026-06-23 13:15:00-04:00,180.25999450683597,180.33999633789065,180.0500030517578,180.1649932861328,25117
2026-06-23 13:30:00-04:00,180.10000610351562,180.1750030517578,179.9550018310547,180.0570068359375,38355
2026-06-23 13:45:00-04:00,180.0850067138672,180.125,179.94500732421875,180.0500030517578,29958
2026-06-23 14:00:00-04:00,180.0800018310547,180.13999938964844,180.0,180.0800018310547,29875
2026-06-23 14:15:00-04:00,180.05999755859375,180.13499450683594,179.94500732421875,179.9550018310547,30814
2026-06-23 14:30:00-04:00,179.9199981689453,179.9499969482422,179.77499389648438,179.85000610351562,23150
2026-06-23 14:45:00-04:00,179.9199981689453,180.2429962158203,179.9199981689453,180.0800018310547,45029
2026-06-23 15:00:00-04:00,180.0800018310547,180.3300018310547,180.0,180.0050048828125,92283
2026-06-23 15:15:00-04:00,180.08999633789062,180.10000610351562,179.4600067138672,179.97999572753906,75296
2026-06-23 15:30:00-04:00,179.94000244140625,180.4199981689453,179.85000610351562,180.3800048828125,85044
2026-06-23 15:45:00-04:00,180.38999938964844,181.1499938964844,180.3500061035156,181.0200042724609,142256
2026-06-24 09:30:00-04:00,183.3999938964844,184.38999938964844,183.3999938964844,184.13999938964844,199205
2026-06-24 09:45:00-04:00,184.1000061035156,184.1150054931641,183.1999969482422,184.1150054931641,66142
2026-06-24 10:00:00-04:00,184.3498992919922,184.47000122070312,183.19500732421875,183.1999969482422,59903
2026-06-24 10:15:00-04:00,183.1100006103516,183.5500030517578,182.93499755859372,183.38999938964844,62054
2026-06-24 10:30:00-04:00,183.42990112304688,183.47000122070312,182.9499969482422,183.02999877929688,59505
2026-06-24 10:45:00-04:00,183.03500366210935,183.1450042724609,182.41000366210935,182.41000366210935,65228
2026-06-24 11:00:00-04:00,182.41000366210935,182.6199951171875,182.19000244140625,182.32000732421875,66027
2026-06-24 11:15:00-04:00,182.3000030517578,182.97999572753903,182.27999877929688,182.78500366210935,54741
2026-06-24 11:30:00-04:00,182.7700042724609,183.2899932861328,182.75999450683597,183.00999450683597,65589
2026-06-24 11:45:00-04:00,182.9900054931641,183.06500244140625,182.7350006103516,182.94000244140625,44104
2026-06-24 12:00:00-04:00,182.97999572753903,182.97999572753903,182.6100006103516,182.77999877929688,38456
2026-06-24 12:15:00-04:00,182.8500061035156,183.5050048828125,182.8500061035156,183.5050048828125,24381
2026-06-24 12:30:00-04:00,183.47000122070312,183.889892578125,183.4199981689453,183.4750061035156,27809
2026-06-24 12:45:00-04:00,183.4550018310547,183.6000061035156,183.3800048828125,183.50999450683597,27936
2026-06-24 13:00:00-04:00,183.52999877929688,183.5399932861328,183.3300018310547,183.42999267578125,17551
2026-06-24 13:15:00-04:00,183.4250030517578,183.4250030517578,182.9149932861328,182.9149932861328,23548
2026-06-24 13:30:00-04:00,182.9750061035156,183.19000244140625,182.84320068359372,183.18499755859372,23590
2026-06-24 13:45:00-04:00,183.19000244140625,183.3498992919922,183.06500244140625,183.06500244140625,37958
2026-06-24 14:00:00-04:00,183.13999938964844,183.5699005126953,183.13999938964844,183.4850006103516,27147
2026-06-24 14:15:00-04:00,183.5200042724609,183.7949981689453,183.4900054931641,183.7700042724609,27329
2026-06-24 14:30:00-04:00,183.8300018310547,184.1499938964844,183.8000030517578,183.9149932861328,34763
2026-06-24 14:45:00-04:00,183.98660278320312,184.58999633789065,183.875,184.4900054931641,56578
2026-06-24 15:00:00-04:00,184.55859375,184.6100006103516,184.2700042724609,184.50999450683597,60774
2026-06-24 15:15:00-04:00,184.5200042724609,184.6100006103516,184.31500244140625,184.35499572753903,61017
2026-06-24 15:30:00-04:00,184.3699951171875,184.3699951171875,183.66000366210935,183.7700042724609,97037
2026-06-24 15:45:00-04:00,183.7400054931641,183.9600067138672,182.50999450683597,182.50999450683597,432632
2026-06-25 09:30:00-04:00,184.82000732421875,185.2899932861328,184.5500030517578,185.07000732421875,185114
2026-06-25 09:45:00-04:00,185.02999877929688,185.8500061035156,184.8999938964844,185.3699951171875,96953
2026-06-25 10:00:00-04:00,185.41000366210935,186.42999267578125,185.2700042724609,186.15499877929688,58021
2026-06-25 10:15:00-04:00,186.1100006103516,186.5800018310547,185.75,185.8950042724609,56315
2026-06-25 10:30:00-04:00,185.92999267578125,186.10499572753903,185.6000061035156,185.7949981689453,55834
2026-06-25 10:45:00-04:00,185.85499572753903,186.27999877929688,185.82000732421875,186.0800018310547,50584
2026-06-25 11:00:00-04:00,186.0500030517578,186.17999267578125,185.88999938964844,186.07000732421875,42754
2026-06-25 11:15:00-04:00,186.0500030517578,186.25,185.94000244140625,186.08999633789065,51754
2026-06-25 11:30:00-04:00,186.02999877929688,186.25999450683597,185.6199951171875,185.6199951171875,67374
2026-06-25 11:45:00-04:00,185.6000061035156,185.88999938964844,185.55999755859372,185.8500061035156,33675
2026-06-25 12:00:00-04:00,185.85499572753903,185.9790954589844,185.5200042724609,185.5749969482422,24823
2026-06-25 12:15:00-04:00,185.50999450683597,185.72999572753903,185.3300018310547,185.42999267578125,28367
2026-06-25 12:30:00-04:00,185.3699951171875,185.41000366210935,184.82000732421875,184.83999633789065,23520
2026-06-25 12:45:00-04:00,184.82000732421875,185.08999633789065,184.82000732421875,185.0749969482422,29625
2026-06-25 13:00:00-04:00,185.0399932861328,185.16000366210935,184.91000366210935,185.07000732421875,19931
2026-06-25 13:15:00-04:00,185.1000061035156,185.46499633789065,185.1000061035156,185.46499633789065,46125
2026-06-25 13:30:00-04:00,185.46499633789065,185.46499633789065,185.13499450683597,185.25999450683597,53979
2026-06-25 13:45:00-04:00,185.27999877929688,185.32000732421875,184.95159912109372,185.1100006103516,44058
2026-06-25 14:00:00-04:00,185.05499267578125,185.05499267578125,184.72000122070312,185.0399932861328,40272
2026-06-25 14:15:00-04:00,185.07000732421875,185.5249938964844,185.07000732421875,185.32000732421875,92899
2026-06-25 14:30:00-04:00,185.31500244140625,185.58999633789065,185.1450042724609,185.31500244140625,96382
2026-06-25 14:45:00-04:00,185.31500244140625,185.42999267578125,185.2050018310547,185.38999938964844,37445
2026-06-25 15:00:00-04:00,185.3950042724609,185.55499267578125,185.2400054931641,185.3300018310547,69491
2026-06-25 15:15:00-04:00,185.3500061035156,185.51980590820312,185.30999755859372,185.44500732421875,71528
2026-06-25 15:30:00-04:00,185.4499969482422,185.6199951171875,185.2100067138672,185.44000244140625,85809
2026-06-25 15:45:00-04:00,185.4600067138672,185.7899932861328,185.4250030517578,185.72000122070312,213626
2026-06-26 09:30:00-04:00,184.27999877929688,186.22000122070312,184.27999877929688,186.13999938964844,166809
2026-06-26 09:45:00-04:00,186.1100006103516,188.25999450683597,186.0200042724609,188.25,171927
2026-06-26 10:00:00-04:00,188.32000732421875,188.7100067138672,187.8300018310547,188.6499938964844,197970
2026-06-26 10:15:00-04:00,188.66000366210935,189.52999877929688,188.6499938964844,189.07000732421875,165898
2026-06-26 10:30:00-04:00,189.0500030517578,189.1100006103516,188.5800018310547,188.8500061035156,80838
2026-06-26 10:45:00-04:00,188.8500061035156,189.1999969482422,188.4199981689453,188.57000732421875,75889
2026-06-26 11:00:00-04:00,188.63999938964844,189.1100006103516,188.6150054931641,188.7100067138672,75203
2026-06-26 11:15:00-04:00,188.75999450683597,188.9199981689453,188.33999633789065,188.4900054931641,131610
2026-06-26 11:30:00-04:00,188.50999450683597,189.52999877929688,188.5050048828125,189.2400054931641,45272
2026-06-26 11:45:00-04:00,189.2449951171875,189.5,189.0800018310547,189.47000122070312,47303
2026-06-26 12:00:00-04:00,189.47000122070312,189.57000732421875,189.05999755859372,189.1300048828125,50784
2026-06-26 12:15:00-04:00,189.08999633789065,189.16000366210935,188.72000122070312,188.8040008544922,44011
2026-06-26 12:30:00-04:00,188.75,189.1199951171875,188.75,188.97000122070312,39294
2026-06-26 12:45:00-04:00,188.97000122070312,189.1199951171875,188.80169677734372,189.1199951171875,50312
2026-06-26 13:00:00-04:00,189.07000732421875,189.4850006103516,189.07000732421875,189.31500244140625,63374
2026-06-26 13:15:00-04:00,189.3249969482422,189.5399932861328,189.1499938964844,189.1750030517578,98214
2026-06-26 13:30:00-04:00,189.17999267578125,189.3800048828125,188.83999633789065,188.9750061035156,104462
2026-06-26 13:45:00-04:00,188.94000244140625,188.9900054931641,188.83999633789065,188.90499877929688,36574
2026-06-26 14:00:00-04:00,188.8999938964844,189.05999755859372,188.81700134277344,188.9900054931641,60793
2026-06-26 14:15:00-04:00,188.97000122070312,189.0800018310547,188.72000122070312,188.72000122070312,69852
2026-06-26 14:30:00-04:00,188.72000122070312,189.0,188.5399932861328,188.718505859375,59409
2026-06-26 14:45:00-04:00,188.6450042724609,188.7100067138672,188.47000122070312,188.5249938964844,63383
2026-06-26 15:00:00-04:00,188.4900054931641,188.52999877929688,188.1300048828125,188.28500366210935,147667
2026-06-26 15:15:00-04:00,188.25999450683597,188.32000732421875,187.8999938964844,188.13999938964844,49950
2026-06-26 15:30:00-04:00,188.08999633789065,188.1300048828125,187.5800018310547,187.7700042724609,80976
2026-06-26 15:45:00-04:00,187.8000030517578,188.6999969482422,187.6199951171875,188.33999633789065,328026
2026-06-29 09:30:00-04:00,189.25,189.44000244140625,188.4499969482422,188.9750061035156,174309
2026-06-29 09:45:00-04:00,188.9900054931641,189.2400054931641,188.72999572753903,188.78500366210935,110667
2026-06-29 10:00:00-04:00,188.7749938964844,189.10499572753903,188.55999755859372,188.9499969482422,81369
2026-06-29 10:15:00-04:00,189.0399932861328,189.76910400390625,188.9600067138672,189.69500732421875,78362
2026-06-29 10:30:00-04:00,189.63999938964844,189.8600006103516,189.4499969482422,189.6499938964844,94020
2026-06-29 10:45:00-04:00,189.6499938964844,189.8999938964844,189.22999572753903,189.2899932861328,58455
2026-06-29 11:00:00-04:00,189.3074951171875,189.60499572753903,188.97000122070312,189.5800018310547,84356
2026-06-29 11:15:00-04:00,189.5800018310547,189.66000366210935,189.3999938964844,189.6000061035156,95325
2026-06-29 11:30:00-04:00,189.6000061035156,189.92999267578125,188.91009521484372,189.55499267578125,71724
2026-06-29 11:45:00-04:00,189.58999633789065,189.8585968017578,189.47250366210935,189.6300048828125,19424
2026-06-29 12:00:00-04:00,189.63499450683597,189.6699981689453,189.3999938964844,189.6450042724609,28832
2026-06-29 12:15:00-04:00,189.58999633789065,189.6999969482422,189.47999572753903,189.6999969482422,19738
2026-06-29 12:30:00-04:00,189.6450042724609,189.8560028076172,189.6199951171875,189.7050018310547,20628
2026-06-29 12:45:00-04:00,189.75999450683597,189.82000732421875,189.47999572753903,189.4900054931641,21799
2026-06-29 13:00:00-04:00,189.47999572753903,189.50950622558597,189.22000122070312,189.38999938964844,29221
2026-06-29 13:15:00-04:00,189.43499755859372,189.4900054931641,189.27999877929688,189.4199981689453,17244
2026-06-29 13:30:00-04:00,189.42999267578125,189.4900054931641,189.30999755859372,189.3249969482422,28839
2026-06-29 13:45:00-04:00,189.33999633789065,189.77999877929688,189.33999633789065,189.6750030517578,23934
2026-06-29 14:00:00-04:00,189.72000122070312,190.1199951171875,189.72000122070312,189.97999572753903,27867
2026-06-29 14:15:00-04:00,189.97000122070312,190.25,189.92999267578125,190.2100982666016,18502
2026-06-29 14:30:00-04:00,190.2550048828125,190.2550048828125,189.87600708007807,190.0800018310547,20529
2026-06-29 14:45:00-04:00,190.1199951171875,190.37820434570312,190.1199951171875,190.2899932861328,21095
2026-06-29 15:00:00-04:00,190.30999755859372,190.44000244140625,190.17999267578125,190.25,23897
2026-06-29 15:15:00-04:00,190.2449951171875,190.72999572753903,190.1699981689453,190.625,48515
2026-06-29 15:30:00-04:00,190.63999938964844,190.71499633789065,190.3999938964844,190.5200042724609,49560
2026-06-29 15:45:00-04:00,190.4750061035156,191.1100006103516,190.4499969482422,190.8999938964844,244413
2026-06-30 09:30:00-04:00,190.30999755859372,190.4600067138672,188.7700042724609,188.7700042724609,142503
2026-06-30 09:45:00-04:00,188.77999877929688,189.2250061035156,188.125,188.2100067138672,148101
2026-06-30 10:00:00-04:00,188.22000122070312,188.7700042724609,187.3000030517578,187.32000732421875,78647
2026-06-30 10:15:00-04:00,187.22999572753903,187.47000122070312,186.67999267578125,186.69000244140625,108088
2026-06-30 10:30:00-04:00,186.5751037597656,186.9250030517578,186.15499877929688,186.82000732421875,85819
2026-06-30 10:45:00-04:00,186.8600006103516,187.0800018310547,186.58999633789065,186.92999267578125,42110
2026-06-30 11:00:00-04:00,187.1699981689453,188.18499755859372,187.1499938964844,188.18499755859372,91014
2026-06-30 11:15:00-04:00,188.20660400390625,188.35499572753903,187.77999877929688,187.77999877929688,41486
2026-06-30 11:30:00-04:00,187.75,187.7700042724609,187.0800018310547,187.24639892578125,143273
2026-06-30 11:45:00-04:00,187.30999755859372,187.3699951171875,187.02999877929688,187.2700042724609,20219
2026-06-30 12:00:00-04:00,187.28500366210935,187.28500366210935,187.1000061035156,187.2749938964844,21744
2026-06-30 12:15:00-04:00,187.27999877929688,187.3500061035156,186.8800048828125,186.94000244140625,25553
2026-06-30 12:30:00-04:00,186.9250030517578,187.97000122070312,186.8800048828125,187.8600006103516,38776
2026-06-30 12:45:00-04:00,187.8650054931641,188.31500244140625,187.67999267578125,188.25,78763
2026-06-30 13:00:00-04:00,188.2400054931641,188.52999877929688,188.17999267578125,188.42999267578125,42093
2026-06-30 13:15:00-04:00,188.4600067138672,188.66000366210935,188.30999755859372,188.3950042724609,50038
2026-06-30 13:30:00-04:00,188.47999572753903,188.57000732421875,188.3500061035156,188.4499969482422,36508
2026-06-30 13:45:00-04:00,188.50999450683597,188.72000122070312,188.3699951171875,188.66000366210935,54161
2026-06-30 14:00:00-04:00,188.6199951171875,189.3300018310547,188.55499267578125,189.13999938964844,85499
2026-06-30 14:15:00-04:00,189.16000366210935,189.1999969482422,188.68209838867188,188.8600006103516,39249
2026-06-30 14:30:00-04:00,188.8600006103516,189.0399932861328,188.75,188.9199981689453,47289
2026-06-30 14:45:00-04:00,188.75999450683597,189.27999877929688,188.75999450683597,189.00999450683597,36189
2026-06-30 15:00:00-04:00,189.02999877929688,189.0399932861328,188.6150054931641,189.0399932861328,111794
2026-06-30 15:15:00-04:00,189.13999938964844,189.2700042724609,188.9600067138672,189.0,76651
2026-06-30 15:30:00-04:00,188.9550018310547,189.00999450683597,188.67999267578125,188.8249969482422,71868
2026-06-30 15:45:00-04:00,188.8300018310547,189.75999450683597,188.6450042724609,189.6100006103516,312870
2026-07-01 09:30:00-04:00,187.07000732421875,187.6499938964844,184.82000732421875,185.2400054931641,404588
2026-07-01 09:45:00-04:00,185.22000122070312,185.5449981689453,184.7899932861328,184.92999267578125,151006
2026-07-01 10:00:00-04:00,184.7899932861328,184.8000030517578,183.72000122070312,183.8999938964844,122391
2026-07-01 10:15:00-04:00,183.91000366210935,184.50999450683597,183.82000732421875,184.32000732421875,56214
2026-07-01 10:30:00-04:00,184.25,184.6100006103516,183.9199981689453,184.2700042724609,126402
2026-07-01 10:45:00-04:00,184.3000030517578,184.8300018310547,184.13009643554688,184.6100006103516,64679
2026-07-01 11:00:00-04:00,184.6199951171875,185.0,184.3000030517578,184.30999755859372,42453
2026-07-01 11:15:00-04:00,184.33999633789065,184.3800048828125,184.0200042724609,184.3300018310547,92597
2026-07-01 11:30:00-04:00,184.3267974853516,184.8950042724609,183.8101043701172,184.3500061035156,126217
2026-07-01 11:45:00-04:00,184.3600006103516,184.7100067138672,184.2400054931641,184.60499572753903,15612
2026-07-01 12:00:00-04:00,184.6499938964844,184.91000366210935,184.5399932861328,184.91000366210935,32395
2026-07-01 12:15:00-04:00,184.82000732421875,185.2400054931641,184.3650054931641,184.50999450683597,81591
2026-07-01 12:30:00-04:00,184.50999450683597,184.6499938964844,184.2400054931641,184.3699951171875,30584
2026-07-01 12:45:00-04:00,184.40499877929688,184.5,183.7899932861328,183.94000244140625,26445
2026-07-01 13:00:00-04:00,183.8350067138672,183.8800048828125,183.6499938964844,183.73800659179688,26774
2026-07-01 13:15:00-04:00,183.72999572753903,184.13999938964844,183.72999572753903,183.8699951171875,24503
2026-07-01 13:30:00-04:00,183.90499877929688,184.05999755859372,183.6699981689453,183.73989868164065,18069
2026-07-01 13:45:00-04:00,183.6100006103516,183.7599029541016,183.4900054931641,183.5449981689453,17803
2026-07-01 14:00:00-04:00,183.58999633789065,184.19000244140625,183.58999633789065,184.07000732421875,42570
2026-07-01 14:15:00-04:00,184.0800018310547,184.19000244140625,183.91000366210935,184.07000732421875,26953
2026-07-01 14:30:00-04:00,184.07000732421875,184.34500122070312,184.07000732421875,184.34500122070312,24055
2026-07-01 14:45:00-04:00,184.3999938964844,184.6999969482422,184.3699951171875,184.52999877929688,24044
2026-07-01 15:00:00-04:00,184.52999877929688,184.6300048828125,184.00999450683597,184.00999450683597,27577
2026-07-01 15:15:00-04:00,184.00999450683597,184.1999053955078,183.6000061035156,184.07000732421875,50519
2026-07-01 15:30:00-04:00,184.0399932861328,184.2899932861328,183.88999938964844,184.25,38198
2026-07-01 15:45:00-04:00,184.3000030517578,184.33999633789065,183.8000030517578,183.94500732421875,215844
2026-07-02 09:30:00-04:00,189.5200042724609,190.4499053955078,189.16510009765625,190.3800048828125,244852
2026-07-02 09:45:00-04:00,190.3600006103516,191.16000366210935,190.0449981689453,191.05999755859372,319104
2026-07-02 10:00:00-04:00,191.0500030517578,192.1199951171875,190.82000732421875,192.1199951171875,190708
2026-07-02 10:15:00-04:00,192.1396026611328,193.4900054931641,191.9199981689453,193.4199981689453,125955
2026-07-02 10:30:00-04:00,193.47000122070312,194.8773956298828,193.46499633789065,194.8773956298828,126374
2026-07-02 10:45:00-04:00,194.92999267578125,196.41000366210935,194.8607940673828,195.94000244140625,160568
2026-07-02 11:00:00-04:00,195.80999755859372,196.41000366210935,195.3800048828125,195.6499938964844,116422
2026-07-02 11:15:00-04:00,195.63999938964844,195.69000244140625,194.75,194.75,91722
2026-07-02 11:30:00-04:00,194.72000122070312,195.05999755859372,194.00999450683597,194.2350006103516,67698
2026-07-02 11:45:00-04:00,194.2749938964844,194.32000732421875,193.4900054931641,193.5200042724609,44363
2026-07-02 12:00:00-04:00,193.5399932861328,193.69000244140625,193.2949981689453,193.3800048828125,40545
2026-07-02 12:15:00-04:00,193.3800048828125,193.52999877929688,193.1499938964844,193.15249633789065,40007
2026-07-02 12:30:00-04:00,193.1199951171875,193.5200042724609,192.9900054931641,193.43499755859372,30862
2026-07-02 12:45:00-04:00,193.5,193.69000244140625,193.42300415039065,193.59500122070312,28250
2026-07-02 13:00:00-04:00,193.5850067138672,193.5850067138672,193.1649932861328,193.2949981689453,21090
2026-07-02 13:15:00-04:00,193.31500244140625,193.3699951171875,193.0800018310547,193.125,30274
2026-07-02 13:30:00-04:00,193.1300048828125,193.3500061035156,193.1150054931641,193.32000732421875,27560
2026-07-02 13:45:00-04:00,193.3300018310547,193.4600067138672,193.2400054931641,193.3800048828125,41806
2026-07-02 14:00:00-04:00,193.3800048828125,193.97950744628903,193.3800048828125,193.75,70264
2026-07-02 14:15:00-04:00,193.75,193.90049743652344,193.5800018310547,193.63999938964844,44278
2026-07-02 14:30:00-04:00,193.63999938964844,194.07000732421875,193.50999450683597,194.0249938964844,56288
2026-07-02 14:45:00-04:00,194.0249938964844,194.1000061035156,193.8699951171875,193.8699951171875,28191
2026-07-02 15:00:00-04:00,193.90499877929688,194.3500061035156,193.77999877929688,194.31500244140625,52894
2026-07-02 15:15:00-04:00,194.31500244140625,194.33999633789065,194.07000732421875,194.2449951171875,40434
2026-07-02 15:30:00-04:00,194.2400054931641,194.375,194.18499755859372,194.27999877929688,55487
2026-07-02 15:45:00-04:00,194.2427978515625,195.25,194.22999572753903,195.0800018310547,172325
2026-07-06 09:30:00-04:00,190.1999969482422,190.1999969482422,187.25,187.2749938964844,212646
2026-07-06 09:45:00-04:00,187.25,187.3999938964844,186.2350006103516,186.5500030517578,136503
2026-07-06 10:00:00-04:00,186.6100006103516,187.72000122070312,186.4600067138672,187.67999267578125,106930
2026-07-06 10:15:00-04:00,187.6199951171875,187.76499938964844,186.8000030517578,187.4850006103516,90825
2026-07-06 10:30:00-04:00,187.44000244140625,187.63999938964844,186.96499633789065,187.5800018310547,57102
2026-07-06 10:45:00-04:00,187.6699981689453,187.92999267578125,187.42999267578125,187.8600006103516,48421
2026-07-06 11:00:00-04:00,187.80499267578125,188.1000061035156,187.42999267578125,187.6499938964844,55196
2026-07-06 11:15:00-04:00,187.6699981689453,188.1000061035156,187.6300048828125,187.6999969482422,86326
2026-07-06 11:30:00-04:00,187.7100067138672,188.8300018310547,187.67999267578125,188.8000030517578,62567
2026-07-06 11:45:00-04:00,188.75999450683597,188.8650054931641,188.55999755859372,188.55999755859372,36987
2026-07-06 12:00:00-04:00,188.5399932861328,188.59500122070312,188.4499969482422,188.5200042724609,26620
2026-07-06 12:15:00-04:00,188.5200042724609,188.97999572753903,188.5200042724609,188.9499969482422,25675
2026-07-06 12:30:00-04:00,188.9499969482422,189.00999450683597,188.8800048828125,188.92999267578125,29020
2026-07-06 12:45:00-04:00,189.0,189.5399932861328,188.97999572753903,189.41000366210935,43907
2026-07-06 13:00:00-04:00,189.41000366210935,189.47999572753903,189.1999969482422,189.2899932861328,29124
2026-07-06 13:15:00-04:00,189.28500366210935,189.40499877929688,189.2100067138672,189.3800048828125,18335
2026-07-06 13:30:00-04:00,189.4199981689453,189.47999572753903,189.2350006103516,189.47999572753903,41760
2026-07-06 13:45:00-04:00,189.43499755859372,189.55999755859372,189.2400054931641,189.2400054931641,49673
2026-07-06 14:00:00-04:00,189.22000122070312,189.4199981689453,189.1199951171875,189.13499450683597,39465
2026-07-06 14:15:00-04:00,189.1300048828125,189.41000366210935,189.06500244140625,189.3600006103516,36780
2026-07-06 14:30:00-04:00,189.3500061035156,189.5249938964844,189.34500122070312,189.48440551757807,22472
2026-07-06 14:45:00-04:00,189.5200042724609,189.7400054931641,189.4900054931641,189.6999969482422,38950
2026-07-06 15:00:00-04:00,189.6999969482422,189.7550048828125,189.5500030517578,189.6699981689453,32994
2026-07-06 15:15:00-04:00,189.64210510253903,189.8800048828125,189.4499969482422,189.8800048828125,34898
2026-07-06 15:30:00-04:00,189.9199981689453,189.9600067138672,189.63499450683597,189.8999938964844,67110
2026-07-06 15:45:00-04:00,189.88999938964844,190.2400054931641,189.7400054931641,190.1699981689453,220627
2026-07-07 09:30:00-04:00,192.97999572753903,193.7899932861328,192.3300018310547,192.3300018310547,102502
2026-07-07 09:45:00-04:00,192.42999267578125,193.40919494628903,192.40499877929688,192.51499938964844,56921
2026-07-07 10:00:00-04:00,192.33999633789065,192.55999755859372,191.7700042724609,192.0850067138672,66904
2026-07-07 10:15:00-04:00,191.9250030517578,192.6499938964844,191.8249969482422,192.4221954345703,73356
2026-07-07 10:30:00-04:00,192.38999938964844,192.97999572753903,192.2700042724609,192.82000732421875,68165
2026-07-07 10:45:00-04:00,192.88999938964844,193.1300048828125,192.5200042724609,192.6100006103516,39869
2026-07-07 11:00:00-04:00,192.6100006103516,192.8300018310547,192.38999938964844,192.53500366210935,55984
2026-07-07 11:15:00-04:00,192.47999572753903,192.80999755859372,192.375,192.69000244140625,50384
2026-07-07 11:30:00-04:00,192.7899932861328,193.03500366210935,191.6499938964844,192.47999572753903,115015
2026-07-07 11:45:00-04:00,192.50999450683597,192.58999633789065,192.00999450683597,192.1999969482422,23738
2026-07-07 12:00:00-04:00,192.1100006103516,192.25999450683597,191.8401031494141,191.97000122070312,55575
2026-07-07 12:15:00-04:00,191.92999267578125,191.9600067138672,191.6000061035156,191.8300018310547,27784
2026-07-07 12:30:00-04:00,191.88999938964844,192.25,191.7400054931641,192.25,34370
2026-07-07 12:45:00-04:00,192.2400054931641,192.2899932861328,192.02999877929688,192.0749969482422,26633
2026-07-07 13:00:00-04:00,192.0449981689453,192.2100067138672,192.02999877929688,192.1300048828125,21965
2026-07-07 13:15:00-04:00,192.09500122070312,192.3699951171875,191.9600067138672,192.3500061035156,30257
2026-07-07 13:30:00-04:00,192.3500061035156,192.6699981689453,192.32000732421875,192.3800048828125,38461
2026-07-07 13:45:00-04:00,192.3800048828125,192.51499938964844,192.2449951171875,192.3350067138672,23247
2026-07-07 14:00:00-04:00,192.3500061035156,192.63999938964844,192.31280517578125,192.5666046142578,32598
2026-07-07 14:15:00-04:00,192.5399932861328,193.10499572753903,192.5399932861328,193.05999755859372,37829
2026-07-07 14:30:00-04:00,192.9900054931641,193.05999755859372,192.6405029296875,192.88999938964844,71238
2026-07-07 14:45:00-04:00,192.94000244140625,192.9499969482422,192.69000244140625,192.7050018310547,81430
2026-07-07 15:00:00-04:00,192.6999969482422,192.6999969482422,192.4499969482422,192.5200042724609,70865
2026-07-07 15:15:00-04:00,192.50999450683597,192.97999572753903,192.4199981689453,192.8500061035156,71574
2026-07-07 15:30:00-04:00,192.875,193.0,192.7700042724609,192.9250030517578,121309
2026-07-07 15:45:00-04:00,192.9250030517578,193.19000244140625,192.47000122070312,193.00999450683597,495583
2026-07-08 09:30:00-04:00,189.9499969482422,190.66000366210935,188.6649932861328,190.47999572753903,166485
2026-07-08 09:45:00-04:00,190.5,190.83999633789065,190.34500122070312,190.56500244140625,133136
2026-07-08 10:00:00-04:00,190.4900054931641,191.375,190.30999755859372,190.78500366210935,143694
2026-07-08 10:15:00-04:00,190.8300018310547,191.1100006103516,190.4850006103516,190.4850006103516,89273
2026-07-08 10:30:00-04:00,190.5,191.47999572753903,190.33999633789065,191.28500366210935,136268
2026-07-08 10:45:00-04:00,191.27999877929688,191.43499755859372,190.00999450683597,190.17999267578125,112547
2026-07-08 11:00:00-04:00,190.22000122070312,190.3000030517578,189.8000030517578,189.8699951171875,101881
2026-07-08 11:15:00-04:00,189.8500061035156,190.0,189.57000732421875,189.7550048828125,173452
2026-07-08 11:30:00-04:00,189.8000030517578,190.56500244140625,189.7949981689453,190.16000366210935,121882
2026-07-08 11:45:00-04:00,190.16000366210935,190.32000732421875,189.97000122070312,189.97000122070312,36573
2026-07-08 12:00:00-04:00,189.97000122070312,189.97000122070312,189.6999969482422,189.7400054931641,17073
2026-07-08 12:15:00-04:00,189.7350006103516,189.9600067138672,189.63999938964844,189.6750030517578,31673
2026-07-08 12:30:00-04:00,189.75,190.02999877929688,189.5800018310547,189.7949981689453,22914
2026-07-08 12:45:00-04:00,189.85960388183597,190.1499938964844,189.7899932861328,190.13499450683597,26417
2026-07-08 13:00:00-04:00,190.1300048828125,190.3800048828125,189.92999267578125,190.3800048828125,31572
2026-07-08 13:15:00-04:00,190.32000732421875,190.32000732421875,189.9499969482422,189.97999572753903,24766
2026-07-08 13:30:00-04:00,189.9499969482422,189.9499969482422,189.44000244140625,189.72000122070312,32446
2026-07-08 13:45:00-04:00,189.7700042724609,189.9550018310547,189.72999572753903,189.9550018310547,15223
2026-07-08 14:00:00-04:00,189.8800048828125,190.08999633789065,189.75999450683597,189.91000366210935,33422
2026-07-08 14:15:00-04:00,189.90499877929688,189.94000244140625,189.75999450683597,189.88999938964844,21765
2026-07-08 14:30:00-04:00,189.93499755859372,189.97000122070312,189.68499755859372,189.82000732421875,21028
2026-07-08 14:45:00-04:00,189.7899932861328,189.8950042724609,189.66000366210935,189.7449951171875,25395
2026-07-08 15:00:00-04:00,189.6999969482422,189.8800048828125,189.58999633789065,189.7100067138672,54730
2026-07-08 15:15:00-04:00,189.6300048828125,189.75999450683597,189.50999450683597,189.5399932861328,42128
2026-07-08 15:30:00-04:00,189.5449981689453,189.7700042724609,189.46499633789065,189.76499938964844,72490
2026-07-08 15:45:00-04:00,189.7449951171875,189.8300018310547,189.1775054931641,189.27999877929688,148116
2026-07-09 09:30:00-04:00,173.4499969482422,175.77999877929688,172.75999450683594,174.6300048828125,1095593
2026-07-09 09:45:00-04:00,174.58999633789062,175.33999633789062,174.3350067138672,175.164794921875,422639
2026-07-09 10:00:00-04:00,175.25999450683594,176.24000549316406,174.4600067138672,176.17999267578125,379108
2026-07-09 10:15:00-04:00,176.13999938964844,176.91000366210938,175.50950622558594,175.52000427246094,483158
2026-07-09 10:30:00-04:00,175.58999633789062,176.82000732421875,175.5850067138672,175.66000366210938,210190
2026-07-09 10:45:00-04:00,175.66000366210938,176.7449951171875,175.5050048828125,176.4250030517578,172521
2026-07-09 11:00:00-04:00,176.39999389648438,176.8300018310547,176.16000366210938,176.69000244140625,182822
2026-07-09 11:15:00-04:00,176.77000427246094,177.17999267578125,176.44000244140625,177.14999389648438,298037
2026-07-09 11:30:00-04:00,177.1999969482422,179.2100067138672,177.13999938964844,179.16000366210938,403455
2026-07-09 11:45:00-04:00,179.25,179.27000427246094,178.625,179.0,307512
2026-07-09 12:00:00-04:00,179.0,179.82000732421875,178.96499633789062,179.10000610351562,198461
2026-07-09 12:15:00-04:00,179.10000610351562,179.49000549316406,178.74000549316406,179.3000030517578,123433
2026-07-09 12:30:00-04:00,179.25999450683594,180.0,178.9333953857422,179.6699981689453,163809
2026-07-09 12:45:00-04:00,179.64500427246094,180.20509338378903,179.26499938964844,179.30499267578125,157120
2026-07-09 13:00:00-04:00,179.30999755859375,179.6300048828125,178.4499969482422,178.7449951171875,119523
2026-07-09 13:15:00-04:00,178.8000030517578,178.8699951171875,177.86000061035156,178.6199951171875,173255
2026-07-09 13:30:00-04:00,178.6199951171875,179.38999938964844,178.6199951171875,179.38999938964844,91251
2026-07-09 13:45:00-04:00,179.22999572753906,179.3350067138672,178.86000061035156,178.8800048828125,107847
2026-07-09 14:00:00-04:00,178.8800048828125,179.1199951171875,178.6199951171875,178.80999755859375,95015
2026-07-09 14:15:00-04:00,178.86000061035156,178.9600067138672,178.47999572753906,178.63999938964844,105315
2026-07-09 14:30:00-04:00,178.61000061035156,179.11000061035156,178.5175018310547,178.57000732421875,92048
2026-07-09 14:45:00-04:00,178.66000366210938,179.33999633789062,178.49000549316406,179.19500732421875,74823
2026-07-09 15:00:00-04:00,179.17999267578125,179.5500030517578,178.9600067138672,179.2050018310547,95407
2026-07-09 15:15:00-04:00,179.22999572753906,179.5500030517578,179.14999389648438,179.48500061035156,102890
2026-07-09 15:30:00-04:00,179.47000122070312,179.8699951171875,179.35000610351562,179.7949981689453,157890
2026-07-09 15:45:00-04:00,179.7949981689453,179.99000549316406,178.32000732421875,178.44000244140625,640766
2026-07-10 09:30:00-04:00,175.49000549316406,175.8800048828125,173.31500244140625,173.55999755859375,314821
2026-07-10 09:45:00-04:00,173.52999877929688,174.125,173.30999755859375,173.375,198750
2026-07-10 10:00:00-04:00,173.3800048828125,173.41000366210938,172.52999877929688,173.0,196145
2026-07-10 10:15:00-04:00,173.0050048828125,173.11000061035156,172.44000244140625,172.71499633789062,123136
2026-07-10 10:30:00-04:00,172.77000427246094,172.88999938964844,171.82000732421875,171.82000732421875,209803
2026-07-10 10:45:00-04:00,171.80999755859375,172.41000366210938,171.4199981689453,172.3699951171875,175765
2026-07-10 11:00:00-04:00,172.37989807128906,172.7100067138672,172.0500030517578,172.5399932861328,187225
2026-07-10 11:15:00-04:00,172.5800018310547,173.35000610351562,172.5500030517578,173.35000610351562,214388
2026-07-10 11:30:00-04:00,173.35000610351562,173.36000061035156,172.0500030517578,172.25999450683594,306968
2026-07-10 11:45:00-04:00,172.2949981689453,172.31500244140625,171.9199981689453,172.00999450683594,48637
2026-07-10 12:00:00-04:00,172.02999877929688,172.49000549316406,171.9199981689453,172.42999267578125,131076
2026-07-10 12:15:00-04:00,172.42999267578125,172.50999450683594,172.19000244140625,172.3800048828125,42043
2026-07-10 12:30:00-04:00,172.38499450683594,172.8300018310547,172.33999633789062,172.77000427246094,39336
2026-07-10 12:45:00-04:00,172.8000030517578,172.8699951171875,172.3800048828125,172.41000366210938,39559
2026-07-10 13:00:00-04:00,172.47999572753906,172.5500030517578,172.14999389648438,172.1699981689453,93017
2026-07-10 13:15:00-04:00,172.14999389648438,172.55999755859375,172.14999389648438,172.4600067138672,54308
2026-07-10 13:30:00-04:00,172.4600067138672,172.49000549316406,172.13499450683594,172.35000610351562,53227
2026-07-10 13:45:00-04:00,172.41000366210938,172.47999572753906,172.2550048828125,172.3699951171875,40250
2026-07-10 14:00:00-04:00,172.34500122070312,172.4600067138672,172.1699981689453,172.32000732421875,59937
2026-07-10 14:15:00-04:00,172.35000610351562,172.67999267578125,172.3101043701172,172.47000122070312,57781
2026-07-10 14:30:00-04:00,172.49000549316406,172.60499572753906,172.375,172.47500610351562,43730
2026-07-10 14:45:00-04:00,172.5,172.7100067138672,172.4199981689453,172.52999877929688,47595
2026-07-10 15:00:00-04:00,172.61990356445312,172.72000122070312,172.39999389648438,172.52999877929688,54044
2026-07-10 15:15:00-04:00,172.5,172.64999389648438,172.3699951171875,172.46209716796875,66601
2026-07-10 15:30:00-04:00,172.44000244140625,172.47000122070312,171.88009643554688,171.91000366210938,118605
2026-07-10 15:45:00-04:00,171.88999938964844,172.27999877929688,171.5800018310547,171.6199951171875,322329
2026-07-13 09:30:00-04:00,168.75,169.77999877929688,168.11000061035156,169.6699981689453,343854
2026-07-13 09:45:00-04:00,169.6699981689453,170.47000122070312,169.63999938964844,170.25,199287
2026-07-13 10:00:00-04:00,170.25999450683594,170.32000732421875,169.16000366210938,169.3300018310547,129523
2026-07-13 10:15:00-04:00,169.3000030517578,169.3300018310547,168.63999938964844,168.75999450683594,151719
2026-07-13 10:30:00-04:00,168.75999450683594,169.1699981689453,168.5850067138672,169.1199951171875,141062
2026-07-13 10:45:00-04:00,169.11000061035156,169.77999877929688,169.00999450683594,169.69000244140625,184154
2026-07-13 11:00:00-04:00,169.69000244140625,169.69000244140625,169.21499633789062,169.30499267578125,178209
2026-07-13 11:15:00-04:00,169.32000732421875,169.5399932861328,168.8699951171875,169.47000122070312,333550
2026-07-13 11:30:00-04:00,169.5850067138672,169.6300048828125,168.48500061035156,169.44000244140625,619914
2026-07-13 11:45:00-04:00,169.4499969482422,169.74000549316406,169.1699981689453,169.22999572753906,102025
2026-07-13 12:00:00-04:00,169.2100067138672,169.27499389648438,169.00999450683594,169.06500244140625,101142
2026-07-13 12:15:00-04:00,169.02999877929688,169.1199951171875,168.82249450683594,169.0,143894
2026-07-13 12:30:00-04:00,168.97000122070312,169.1750030517578,168.89999389648438,169.13999938964844,86222
2026-07-13 12:45:00-04:00,169.1750030517578,169.38499450683594,169.08009338378906,169.1199951171875,94851
2026-07-13 13:00:00-04:00,169.1300048828125,169.1300048828125,168.50999450683594,168.67999267578125,153998
2026-07-13 13:15:00-04:00,168.7100067138672,168.92999267578125,168.63999938964844,168.8800048828125,53371
2026-07-13 13:30:00-04:00,168.8699951171875,169.01499938964844,168.8000030517578,168.85000610351562,87776
2026-07-13 13:45:00-04:00,168.85000610351562,169.00999450683594,168.7899932861328,168.9199981689453,153748
2026-07-13 14:00:00-04:00,168.8800048828125,169.24000549316406,168.8300018310547,169.20249938964844,110709
2026-07-13 14:15:00-04:00,169.1999969482422,169.42999267578125,168.83999633789062,168.9499969482422,104568
2026-07-13 14:30:00-04:00,168.97000122070312,169.19500732421875,168.9001007080078,169.13999938964844,81836
2026-07-13 14:45:00-04:00,169.1300048828125,169.50999450683594,169.11000061035156,169.50999450683594,71972
2026-07-13 15:00:00-04:00,169.49000549316406,169.85000610351562,169.4199981689453,169.7899932861328,102933
2026-07-13 15:15:00-04:00,169.7949981689453,170.24000549316406,169.57000732421875,169.8300018310547,208193
2026-07-13 15:30:00-04:00,169.8249969482422,170.16000366210938,169.57000732421875,169.9949951171875,165978
2026-07-13 15:45:00-04:00,170.00999450683594,170.02499389648438,169.47000122070312,169.47000122070312,359417
2026-07-14 09:30:00-04:00,167.36000061035156,168.10000610351562,166.75,167.1300048828125,276353
2026-07-14 09:45:00-04:00,167.13999938964844,167.22000122070312,166.42999267578125,166.60499572753906,168929
2026-07-14 10:00:00-04:00,166.58999633789062,167.0500030517578,166.3000030517578,166.3000030517578,142117
2026-07-14 10:15:00-04:00,166.3300018310547,166.4499969482422,165.80499267578125,165.9600067138672,110688
2026-07-14 10:30:00-04:00,165.97000122070312,166.1199951171875,165.5,165.56500244140625,115529
2026-07-14 10:45:00-04:00,165.57000732421875,166.3300018310547,165.31900024414062,166.05999755859375,124181
2026-07-14 11:00:00-04:00,166.05999755859375,166.3300018310547,165.8000030517578,166.17999267578125,174331
2026-07-14 11:15:00-04:00,166.22000122070312,166.25999450683594,165.9499969482422,166.1300048828125,195388
2026-07-14 11:30:00-04:00,166.09500122070312,166.22000122070312,165.5399932861328,165.74000549316406,228180
2026-07-14 11:45:00-04:00,165.82000732421875,166.22000122070312,165.66000366210938,166.02999877929688,92661
2026-07-14 12:00:00-04:00,166.05999755859375,166.3000030517578,165.91000366210938,166.02499389648438,71407
2026-07-14 12:15:00-04:00,166.0,166.10000610351562,165.80999755859375,165.86000061035156,49831
2026-07-14 12:30:00-04:00,165.84750366210938,166.0800018310547,165.7100067138672,166.05999755859375,79554
2026-07-14 12:45:00-04:00,166.05499267578125,166.22999572753906,165.9499969482422,166.13499450683594,57453
2026-07-14 13:00:00-04:00,166.14500427246094,166.41000366210938,166.04200744628906,166.3300018310547,54028
2026-07-14 13:15:00-04:00,166.3300018310547,166.3300018310547,166.0,166.05499267578125,58762
2026-07-14 13:30:00-04:00,166.10000610351562,166.27999877929688,166.00999450683594,166.2100067138672,47925
2026-07-14 13:45:00-04:00,166.24000549316406,166.32000732421875,166.1199951171875,166.26499938964844,46513
2026-07-14 14:00:00-04:00,166.2550048828125,166.32989501953125,166.15499877929688,166.22000122070312,46298
2026-07-14 14:15:00-04:00,166.27000427246094,166.27000427246094,165.7100067138672,165.88999938964844,70008
2026-07-14 14:30:00-04:00,165.8699951171875,165.90989685058594,165.66000366210938,165.85499572753906,52125
2026-07-14 14:45:00-04:00,165.8000030517578,165.8000030517578,165.4199981689453,165.57000732421875,53483
2026-07-14 15:00:00-04:00,165.55999755859375,165.55999755859375,165.2899932861328,165.3300018310547,61615
2026-07-14 15:15:00-04:00,165.3300018310547,165.389892578125,165.05999755859375,165.1699981689453,74571
2026-07-14 15:30:00-04:00,165.1300048828125,165.1750030517578,164.75,164.99000549316406,120876
2026-07-14 15:45:00-04:00,164.99000549316406,165.19000244140625,164.4499969482422,164.50999450683594,385382
2026-07-15 09:30:00-04:00,166.22000122070312,168.0500030517578,166.2100067138672,168.0500030517578,230916
2026-07-15 09:45:00-04:00,168.0500030517578,168.61000061035156,168.0500030517578,168.36000061035156,221176
2026-07-15 10:00:00-04:00,168.30999755859375,168.41000366210938,167.8300018310547,168.0399932861328,112984
2026-07-15 10:15:00-04:00,168.05999755859375,169.07000732421875,167.97000122070312,168.67999267578125,103447
2026-07-15 10:30:00-04:00,168.7100067138672,169.0749969482422,168.5,168.69500732421875,55496
2026-07-15 10:45:00-04:00,168.69000244140625,168.8800048828125,168.47500610351562,168.5,46976
2026-07-15 11:00:00-04:00,168.47999572753906,168.64999389648438,168.22340393066406,168.22340393066406,47141
2026-07-15 11:15:00-04:00,168.2449951171875,168.8800048828125,168.07000732421875,168.8699951171875,66606
2026-07-15 11:30:00-04:00,168.80999755859375,169.4499969482422,168.7899932861328,169.3000030517578,138499
2026-07-15 11:45:00-04:00,169.2899932861328,169.5749969482422,169.1999969482422,169.3300018310547,26338
2026-07-15 12:00:00-04:00,169.375,169.38999938964844,168.89999389648438,169.07000732421875,70023
2026-07-15 12:15:00-04:00,169.05999755859375,169.1999969482422,168.9199981689453,168.9199981689453,22826
2026-07-15 12:30:00-04:00,168.86000061035156,168.97000122070312,168.5749969482422,168.77000427246094,62481
2026-07-15 12:45:00-04:00,168.75999450683594,169.02499389648438,168.64999389648438,168.77000427246094,83631
2026-07-15 13:00:00-04:00,168.80499267578125,168.91000366210938,168.51499938964844,168.57110595703125,92906
2026-07-15 13:15:00-04:00,168.57000732421875,168.7100067138672,168.16000366210938,168.27000427246094,99663
2026-07-15 13:30:00-04:00,168.22999572753906,168.4199981689453,168.17999267578125,168.22000122070312,90016
2026-07-15 13:45:00-04:00,168.25,168.4499969482422,168.1999969482422,168.1999969482422,76251
2026-07-15 14:00:00-04:00,168.1999969482422,168.47000122070312,168.1699981689453,168.3000030517578,85080
2026-07-15 14:15:00-04:00,168.3300018310547,168.60000610351562,168.27000427246094,168.49000549316406,86938
2026-07-15 14:30:00-04:00,168.4499969482422,169.07000732421875,168.3699951171875,169.05999755859375,109737
2026-07-15 14:45:00-04:00,169.07000732421875,169.13999938964844,168.60000610351562,168.64999389648438,54463
2026-07-15 15:00:00-04:00,168.63499450683594,168.63499450683594,168.1999969482422,168.30999755859375,63410
2026-07-15 15:15:00-04:00,168.30999755859375,168.43499755859375,168.05999755859375,168.13999938964844,107540
2026-07-15 15:30:00-04:00,168.11000061035156,168.31430053710938,167.72000122070312,168.0,190373
2026-07-15 15:45:00-04:00,167.99000549316406,168.3699951171875,167.8800048828125,168.32000732421875,321837
2026-07-16 09:30:00-04:00,167.96499633789062,168.69000244140625,167.25,168.49000549316406,158367
2026-07-16 09:45:00-04:00,168.52000427246094,169.58999633789062,168.4250030517578,169.53500366210938,73248
2026-07-16 10:00:00-04:00,169.58999633789062,169.72999572753906,169.1199951171875,169.60000610351562,110815
2026-07-16 10:15:00-04:00,169.5800018310547,169.67999267578125,169.22999572753906,169.32000732421875,128289
2026-07-16 10:30:00-04:00,169.35000610351562,169.41000366210938,168.8000030517578,169.39999389648438,90277
2026-07-16 10:45:00-04:00,169.38999938964844,169.75999450683594,169.2550048828125,169.38999938964844,101527
2026-07-16 11:00:00-04:00,169.39500427246094,170.0749969482422,169.35000610351562,170.02499389648438,102895
2026-07-16 11:15:00-04:00,170.0399932861328,170.3699951171875,169.91000366210938,170.22999572753906,92515
2026-07-16 11:30:00-04:00,170.2949981689453,170.35000610351562,169.91000366210938,170.10499572753906,66287
2026-07-16 11:45:00-04:00,170.11000061035156,170.22000122070312,169.86500549316406,169.8699951171875,67290
2026-07-16 12:00:00-04:00,169.88999938964844,170.05999755859375,169.83999633789062,169.94000244140625,39506
2026-07-16 12:15:00-04:00,169.92999267578125,170.10000610351562,169.74000549316406,169.9199981689453,54920
2026-07-16 12:30:00-04:00,169.92999267578125,170.1999969482422,169.92999267578125,170.02999877929688,75242
2026-07-16 12:45:00-04:00,170.05499267578125,170.10000610351562,169.58999633789062,169.68499755859375,80132
2026-07-16 13:00:00-04:00,169.64999389648438,169.88999938964844,169.6300048828125,169.86500549316406,59366
2026-07-16 13:15:00-04:00,169.82000732421875,169.9600067138672,169.69000244140625,169.86000061035156,67624
2026-07-16 13:30:00-04:00,169.8300018310547,170.1199951171875,169.6699981689453,170.11000061035156,92544
2026-07-16 13:45:00-04:00,170.1199951171875,170.3699951171875,170.02999877929688,170.2100067138672,70856
2026-07-16 14:00:00-04:00,170.25,170.2550048828125,169.67999267578125,169.72000122070312,115150
2026-07-16 14:15:00-04:00,169.6999969482422,169.86000061035156,169.5399932861328,169.63999938964844,97750
2026-07-16 14:30:00-04:00,169.63999938964844,169.77999877929688,169.47999572753906,169.55999755859375,68531
2026-07-16 14:45:00-04:00,169.52999877929688,169.58999633789062,169.47999572753906,169.49000549316406,56016
2026-07-16 15:00:00-04:00,169.48500061035156,169.52000427246094,168.92999267578125,169.05999755859375,90759
2026-07-16 15:15:00-04:00,169.05999755859375,169.38999938964844,168.9199981689453,168.9250030517578,94452
2026-07-16 15:30:00-04:00,168.9499969482422,169.02999877929688,168.6199951171875,168.7949981689453,166042
2026-07-16 15:45:00-04:00,168.77000427246094,169.3000030517578,168.72000122070312,169.22000122070312,560740
2026-07-17 09:30:00-04:00,168.14999389648438,170.0800018310547,167.14999389648438,169.63499450683594,283682
2026-07-17 09:45:00-04:00,169.64500427246094,170.30999755859375,169.36000061035156,169.4149932861328,131169
2026-07-17 10:00:00-04:00,169.38999938964844,169.57000732421875,168.77499389648438,169.01510620117188,81356
2026-07-17 10:15:00-04:00,169.1300048828125,169.3300018310547,168.66000366210938,169.13999938964844,61935
2026-07-17 10:30:00-04:00,169.11500549316406,169.50999450683594,169.0399932861328,169.42999267578125,102004
2026-07-17 10:45:00-04:00,169.44500732421875,169.94000244140625,169.30999755859375,169.88999938964844,73418
2026-07-17 11:00:00-04:00,169.9199981689453,169.9499969482422,169.4499969482422,169.72000122070312,91700
2026-07-17 11:15:00-04:00,169.72000122070312,169.8000030517578,169.50999450683594,169.8000030517578,44999
2026-07-17 11:30:00-04:00,169.75,169.81979370117188,169.25010681152344,169.2899932861328,104381
2026-07-17 11:45:00-04:00,169.25,169.375,169.0,169.35499572753906,35194
2026-07-17 12:00:00-04:00,169.3000030517578,169.34500122070312,168.9499969482422,169.0,31996
2026-07-17 12:15:00-04:00,169.02999877929688,169.08949279785156,168.55999755859375,168.5749969482422,40185
2026-07-17 12:30:00-04:00,168.57000732421875,168.66000366210938,168.34500122070312,168.57000732421875,32414
2026-07-17 12:45:00-04:00,168.57000732421875,168.5749969482422,168.30499267578125,168.38510131835938,31478
2026-07-17 13:00:00-04:00,168.38999938964844,168.493896484375,168.1699981689453,168.25999450683594,25505
2026-07-17 13:15:00-04:00,168.27499389648438,168.33999633789062,168.1199951171875,168.1300048828125,33059
2026-07-17 13:30:00-04:00,168.13999938964844,168.41000366210938,168.0281982421875,168.3249969482422,56647
2026-07-17 13:45:00-04:00,168.33779907226562,168.55999755859375,168.28500366210938,168.49000549316406,65091
2026-07-17 14:00:00-04:00,168.52000427246094,168.6199951171875,168.12109375,168.30999755859375,80179
2026-07-17 14:15:00-04:00,168.3000030517578,168.6199951171875,168.3000030517578,168.3000030517578,32301
2026-07-17 14:30:00-04:00,168.27999877929688,168.47000122070312,168.20140075683594,168.27999877929688,25137
2026-07-17 14:45:00-04:00,168.25999450683594,168.66990661621094,168.25999450683594,168.55499267578125,34105
2026-07-17 15:00:00-04:00,168.5399932861328,168.55499267578125,168.3699951171875,168.4250030517578,39442
2026-07-17 15:15:00-04:00,168.4250030517578,168.63499450683594,168.41000366210938,168.44000244140625,41282
2026-07-17 15:30:00-04:00,168.42999267578125,168.77999877929688,168.3300018310547,168.75999450683594,62858
2026-07-17 15:45:00-04:00,168.77999877929688,168.99000549316406,168.4700927734375,168.82000732421875,188963
2026-07-20 09:30:00-04:00,168.4600067138672,168.64999389648438,167.875,167.89999389648438,280539
2026-07-20 09:45:00-04:00,167.85499572753906,168.02000427246094,167.4199981689453,167.77000427246094,87793
2026-07-20 10:00:00-04:00,167.80999755859375,168.1300048828125,167.39999389648438,167.5399932861328,42222
2026-07-20 10:15:00-04:00,167.6699981689453,167.6699981689453,167.33999633789062,167.4199981689453,30948
2026-07-20 10:30:00-04:00,167.3800048828125,167.60000610351562,167.0399932861328,167.2449951171875,79182
2026-07-20 10:45:00-04:00,167.2449951171875,167.4199981689453,166.6699981689453,166.6699981689453,113526
2026-07-20 11:00:00-04:00,166.72000122070312,166.74000549316406,166.3699951171875,166.47999572753906,80138
2026-07-20 11:15:00-04:00,166.5,166.7050018310547,166.4199981689453,166.55999755859375,54798
2026-07-20 11:30:00-04:00,166.60000610351562,166.60000610351562,166.1699981689453,166.25,87241
2026-07-20 11:45:00-04:00,166.1999969482422,166.38999938964844,166.01499938964844,166.1699981689453,83588
2026-07-20 12:00:00-04:00,166.14999389648438,166.4600067138672,166.10000610351562,166.36000061035156,30859
2026-07-20 12:15:00-04:00,166.36000061035156,166.47999572753906,166.05499267578125,166.14999389648438,59085
2026-07-20 12:30:00-04:00,166.07000732421875,166.09500122070312,165.69000244140625,165.9499969482422,31266
2026-07-20 12:45:00-04:00,165.9499969482422,166.20140075683594,165.86000061035156,166.07000732421875,61142
2026-07-20 13:00:00-04:00,166.0399932861328,166.2050018310547,165.72999572753906,165.72999572753906,49874
2026-07-20 13:15:00-04:00,165.75999450683594,165.8300018310547,165.57000732421875,165.66000366210938,31081
2026-07-20 13:30:00-04:00,165.63999938964844,165.67999267578125,165.2100067138672,165.33999633789062,47613
2026-07-20 13:45:00-04:00,165.32000732421875,165.33999633789062,165.0399932861328,165.22500610351562,61032
2026-07-20 14:00:00-04:00,165.22000122070312,165.35499572753906,165.0399932861328,165.1300048828125,69052
2026-07-20 14:15:00-04:00,165.14999389648438,165.28500366210938,164.9600067138672,165.07000732421875,45615
2026-07-20 14:30:00-04:00,165.0800018310547,165.14500427246094,164.80999755859375,164.85499572753906,74431
2026-07-20 14:45:00-04:00,164.82000732421875,165.22999572753906,164.82000732421875,165.00999450683594,83420
2026-07-20 15:00:00-04:00,165.0749969482422,165.14990234375,164.6199951171875,164.63999938964844,71857
2026-07-20 15:15:00-04:00,164.6300048828125,164.6999969482422,164.3000030517578,164.3800048828125,87075
2026-07-20 15:30:00-04:00,164.3800048828125,164.4499969482422,164.22999572753906,164.44000244140625,135501
2026-07-20 15:45:00-04:00,164.4499969482422,164.64999389648438,164.05999755859375,164.50999450683594,349349
2026-07-21 09:30:00-04:00,165.35000610351562,165.97999572753906,164.81500244140625,164.94000244140625,170460
2026-07-21 09:45:00-04:00,164.94000244140625,166.5,164.91000366210938,166.33999633789062,120330
2026-07-21 10:00:00-04:00,166.3000030517578,167.30999755859375,166.25999450683594,167.29249572753906,61315
2026-07-21 10:15:00-04:00,167.35000610351562,167.8800048828125,167.25,167.3000030517578,46760
2026-07-21 10:30:00-04:00,167.27000427246094,167.3404998779297,166.24000549316406,166.49000549316406,42029
2026-07-21 10:45:00-04:00,166.49000549316406,166.61000061035156,165.9600067138672,166.03500366210938,34661
2026-07-21 11:00:00-04:00,166.02000427246094,166.36000061035156,165.75999450683594,166.28500366210938,46353
2026-07-21 11:15:00-04:00,166.2899932861328,166.89990234375,166.28500366210938,166.86500549316406,73193
2026-07-21 11:30:00-04:00,166.8300018310547,167.22000122070312,166.64999389648438,167.05999755859375,114970
2026-07-21 11:45:00-04:00,167.0500030517578,167.27890014648438,166.9700927734375,166.9700927734375,27191
2026-07-21 12:00:00-04:00,166.97000122070312,167.02999877929688,166.75999450683594,167.01499938964844,26091
2026-07-21 12:15:00-04:00,167.00999450683594,167.22000122070312,166.99000549316406,167.11000061035156,36250
2026-07-21 12:30:00-04:00,167.13999938964844,167.1999969482422,166.86160278320312,166.89999389648438,30266
2026-07-21 12:45:00-04:00,166.89999389648438,167.1300048828125,166.86000061035156,167.11000061035156,42047
2026-07-21 13:00:00-04:00,167.10499572753906,167.52999877929688,167.0800018310547,167.3699951171875,31543
2026-07-21 13:15:00-04:00,167.4199981689453,167.49000549316406,167.14500427246094,167.4550018310547,33763
2026-07-21 13:30:00-04:00,167.47999572753906,168.10499572753906,167.38999938964844,167.97000122070312,67700
2026-07-21 13:45:00-04:00,167.97000122070312,168.0500030517578,167.77499389648438,168.0399932861328,57909
2026-07-21 14:00:00-04:00,168.0500030517578,168.1300048828125,167.91000366210938,168.02999877929688,41375
2026-07-21 14:15:00-04:00,168.02999877929688,168.1490020751953,167.9949951171875,168.1199951171875,45089
2026-07-21 14:30:00-04:00,168.11000061035156,168.17999267578125,168.0399932861328,168.17999267578125,42101
2026-07-21 14:45:00-04:00,168.1999969482422,168.30499267578125,168.11000061035156,168.15199279785156,50723
2026-07-21 15:00:00-04:00,168.14999389648438,168.35499572753906,168.11000061035156,168.2884063720703,57585
2026-07-21 15:15:00-04:00,168.32000732421875,168.72999572753906,168.22000122070312,168.6699981689453,62947
2026-07-21 15:30:00-04:00,168.6300048828125,168.77999877929688,168.57000732421875,168.72999572753906,114956
2026-07-21 15:45:00-04:00,168.7100067138672,169.42999267578125,168.5800018310547,169.30999755859375,359988
2026-07-22 09:30:00-04:00,170.63999938964844,170.88999938964844,169.5,169.5,104607
2026-07-22 09:45:00-04:00,169.5399932861328,169.8350067138672,169.27999877929688,169.5399932861328,58712
2026-07-22 10:00:00-04:00,169.55999755859375,170.22999572753906,169.5500030517578,169.9149932861328,58866
2026-07-22 10:15:00-04:00,169.9600067138672,170.1699981689453,169.61000061035156,169.74000549316406,37343
2026-07-22 10:30:00-04:00,169.7100067138672,169.97999572753906,169.6699981689453,169.8800048828125,53114
2026-07-22 10:45:00-04:00,169.88499450683594,170.3498992919922,169.84100341796875,170.1300048828125,33707
2026-07-22 11:00:00-04:00,170.125,170.1300048828125,169.66000366210938,169.8699951171875,46089
2026-07-22 11:15:00-04:00,169.85000610351562,170.08999633789062,169.7899932861328,170.0500030517578,133157
2026-07-22 11:30:00-04:00,170.11500549316406,170.11500549316406,169.61000061035156,169.9550018310547,202601
2026-07-22 11:45:00-04:00,170.00999450683594,170.05999755859375,169.80999755859375,169.92999267578125,31179
2026-07-22 12:00:00-04:00,169.9633026123047,170.0,169.60000610351562,169.6199951171875,44747
2026-07-22 12:15:00-04:00,169.6199951171875,169.8000030517578,169.56500244140625,169.6300048828125,41862
2026-07-22 12:30:00-04:00,169.63999938964844,169.80999755859375,169.52999877929688,169.77999877929688,29979
2026-07-22 12:45:00-04:00,169.84500122070312,169.89500427246094,169.6300048828125,169.8000030517578,29087
2026-07-22 13:00:00-04:00,169.75,169.75,169.5,169.69500732421875,42802
2026-07-22 13:15:00-04:00,169.6699981689453,169.73500061035156,169.5,169.5399932861328,26688
2026-07-22 13:30:00-04:00,169.5449981689453,169.75,169.3300018310547,169.4600067138672,43290
2026-07-22 13:45:00-04:00,169.44000244140625,169.50999450683594,169.32000732421875,169.4550018310547,32214
2026-07-22 14:00:00-04:00,169.47000122070312,169.47000122070312,169.2100067138672,169.35000610351562,33131
2026-07-22 14:15:00-04:00,169.35000610351562,169.52499389648438,169.32000732421875,169.4499969482422,29242
2026-07-22 14:30:00-04:00,169.4499969482422,169.5,169.30999755859375,169.3249969482422,43398
2026-07-22 14:45:00-04:00,169.31500244140625,169.31500244140625,169.05999755859375,169.08009338378906,31292
2026-07-22 15:00:00-04:00,169.08999633789062,169.08999633789062,168.6300048828125,168.6300048828125,34275
2026-07-22 15:15:00-04:00,168.61000061035156,168.72999572753906,168.46499633789062,168.7100067138672,45324
2026-07-22 15:30:00-04:00,168.7100067138672,169.23500061035156,168.7050018310547,169.2100067138672,69801
2026-07-22 15:45:00-04:00,169.22500610351562,169.7899932861328,168.8300018310547,169.72000122070312,223399
2026-07-23 09:30:00-04:00,166.3699951171875,168.0399932861328,166.0399932861328,167.2100067138672,224762
2026-07-23 09:45:00-04:00,167.17999267578125,167.44000244140625,166.8300018310547,167.30999755859375,122437
2026-07-23 10:00:00-04:00,167.3000030517578,167.44000244140625,166.72500610351562,167.39999389648438,128933
2026-07-23 10:15:00-04:00,167.3699951171875,167.58999633789062,167.14999389648438,167.57000732421875,93397
2026-07-23 10:30:00-04:00,167.6199951171875,168.2100067138672,167.5,168.0399932861328,102921
2026-07-23 10:45:00-04:00,167.97999572753906,168.8000030517578,167.97999572753906,168.77999877929688,124601
2026-07-23 11:00:00-04:00,168.77999877929688,169.24000549316406,168.60000610351562,168.80999755859375,97619
2026-07-23 11:15:00-04:00,168.8000030517578,168.9600067138672,168.5800018310547,168.85000610351562,124050
2026-07-23 11:30:00-04:00,168.92999267578125,169.49000549316406,168.69000244140625,168.82000732421875,220353
2026-07-23 11:45:00-04:00,168.8300018310547,169.11790466308594,168.50999450683594,168.60000610351562,42140
2026-07-23 12:00:00-04:00,168.60000610351562,169.16990661621094,168.4499969482422,168.9600067138672,47702
2026-07-23 12:15:00-04:00,168.9600067138672,169.0500946044922,168.58999633789062,168.67999267578125,42588
2026-07-23 12:30:00-04:00,168.78500366210938,168.84100341796875,168.5,168.67999267578125,24338
2026-07-23 12:45:00-04:00,168.67999267578125,168.75999450683594,168.52000427246094,168.5399932861328,28943
2026-07-23 13:00:00-04:00,168.58999633789062,168.80499267578125,168.47999572753906,168.5399932861328,31321
2026-07-23 13:15:00-04:00,168.5399932861328,168.69000244140625,168.49000549316406,168.6699981689453,37123
2026-07-23 13:30:00-04:00,168.6649932861328,168.6649932861328,168.42999267578125,168.5850067138672,26326
2026-07-23 13:45:00-04:00,168.5500030517578,168.60000610351562,168.24000549316406,168.24000549316406,27948
2026-07-23 14:00:00-04:00,168.27999877929688,168.43499755859375,168.2382049560547,168.27999877929688,39137
2026-07-23 14:15:00-04:00,168.27999877929688,168.5399932861328,168.27999877929688,168.35000610351562,43188
2026-07-23 14:30:00-04:00,168.38999938964844,168.38999938964844,168.11000061035156,168.3300018310547,39813
2026-07-23 14:45:00-04:00,168.35000610351562,168.35000610351562,168.10000610351562,168.30999755859375,40700
2026-07-23 15:00:00-04:00,168.31500244140625,168.55999755859375,168.25999450683594,168.4499969482422,41151
2026-07-23 15:15:00-04:00,168.4600067138672,168.5749969482422,168.13999938964844,168.16000366210938,60891
2026-07-23 15:30:00-04:00,168.1300048828125,168.39999389648438,168.1300048828125,168.2899932861328,85398
2026-07-23 15:45:00-04:00,168.27000427246094,168.4600067138672,167.90879821777344,168.2899932861328,343367
2026-07-24 09:30:00-04:00,169.83999633789062,170.17999267578125,168.7550048828125,169.50999450683594,150526
2026-07-24 09:45:00-04:00,169.47000122070312,170.11990356445312,169.22999572753906,169.3800048828125,63330
2026-07-24 10:00:00-04:00,169.39999389648438,169.7550048828125,169.2949981689453,169.75,58658
2026-07-24 10:15:00-04:00,169.7899932861328,170.1199951171875,169.47500610351562,169.6199951171875,75743
2026-07-24 10:30:00-04:00,169.6699981689453,170.00999450683594,169.1699981689453,169.22000122070312,160597
2026-07-24 10:45:00-04:00,169.25999450683594,169.36500549316406,168.89500427246094,169.03500366210938,75351
2026-07-24 11:00:00-04:00,169.10000610351562,169.9499969482422,168.97000122070312,169.9499969482422,47245
2026-07-24 11:15:00-04:00,169.9199981689453,170.25999450683594,169.88999938964844,170.25,76447
2026-07-24 11:30:00-04:00,170.25999450683594,170.25999450683594,169.07000732421875,169.13999938964844,97825
2026-07-24 11:45:00-04:00,169.125,169.30999755859375,168.6999969482422,168.73500061035156,31182
2026-07-24 12:00:00-04:00,168.68499755859375,168.70750427246094,168.3699951171875,168.58999633789062,30950
2026-07-24 12:15:00-04:00,168.6199951171875,168.63999938964844,168.33999633789062,168.6199951171875,25670
2026-07-24 12:30:00-04:00,168.59669494628906,168.6999969482422,168.3300018310547,168.52999877929688,25920
2026-07-24 12:45:00-04:00,168.46339416503906,168.9219970703125,168.46339416503906,168.82000732421875,39770
2026-07-24 13:00:00-04:00,168.83999633789062,169.0299072265625,168.77499389648438,168.9600067138672,41441
2026-07-24 13:15:00-04:00,168.9515380859375,169.02499389648438,168.6199951171875,168.8300018310547,40802
2026-07-24 13:30:00-04:00,168.8350067138672,169.0,168.75,168.86000061035156,44636
2026-07-24 13:45:00-04:00,168.8968963623047,168.8968963623047,168.67999267578125,168.8000030517578,32499
2026-07-24 14:00:00-04:00,168.8249969482422,168.98500061035156,168.74000549316406,168.7949981689453,44500
2026-07-24 14:15:00-04:00,168.78500366210938,168.8699951171875,168.58999633789062,168.60000610351562,49774
2026-07-24 14:30:00-04:00,168.64500427246094,168.8699951171875,168.36000061035156,168.80499267578125,89521
2026-07-24 14:45:00-04:00,168.8300018310547,169.11000061035156,168.80999755859375,168.94500732421875,66518
2026-07-24 15:00:00-04:00,168.9499969482422,169.32000732421875,168.8699951171875,169.25999450683594,65780
2026-07-24 15:15:00-04:00,169.2899932861328,169.2899932861328,168.9199981689453,168.9499969482422,60514
2026-07-24 15:30:00-04:00,168.97999572753906,169.3249969482422,168.94000244140625,169.0449981689453,64765
2026-07-24 15:45:00-04:00,169.00999450683594,169.2624969482422,168.61000061035156,169.07000732421875,321552
2026-07-27 09:30:00-04:00,170.0800018310547,170.80499267578125,167.7899932861328,170.11000061035156,451509
2026-07-27 09:45:00-04:00,170.16000366210938,171.77000427246094,170.08999633789062,171.63999938964844,201439
2026-07-27 10:00:00-04:00,171.6999969482422,172.9499969482422,171.44000244140625,172.6699981689453,166096
2026-07-27 10:15:00-04:00,172.6300048828125,172.9199981689453,171.86000061035156,171.8800048828125,130384
2026-07-27 10:30:00-04:00,171.88999938964844,172.7100067138672,171.77999877929688,172.4199981689453,132415
2026-07-27 10:45:00-04:00,172.4199981689453,172.67999267578125,171.9550018310547,172.1649932861328,224701
2026-07-27 11:00:00-04:00,172.13999938964844,173.24000549316406,171.9499969482422,173.16000366210938,151487
2026-07-27 11:15:00-04:00,173.11000061035156,173.11000061035156,172.27999877929688,172.27999877929688,109521
2026-07-27 11:30:00-04:00,172.2899932861328,172.3000030517578,171.07000732421875,171.36000061035156,129597
2026-07-27 11:45:00-04:00,171.3300018310547,171.4499969482422,170.86000061035156,171.0500030517578,76581
2026-07-27 12:00:00-04:00,171.0500030517578,171.0500030517578,170.35000610351562,170.44000244140625,71323
2026-07-27 12:15:00-04:00,170.42999267578125,170.52999877929688,170.02999877929688,170.0399932861328,84845
2026-07-27 12:30:00-04:00,170.02999877929688,170.02999877929688,169.72000122070312,169.8300018310547,105337
2026-07-27 12:45:00-04:00,169.84500122070312,169.9600067138672,169.6699981689453,169.88499450683594,81692
2026-07-27 13:00:00-04:00,169.83999633789062,169.83999633789062,169.5,169.6199951171875,78484
2026-07-27 13:15:00-04:00,169.6199951171875,169.75999450683594,169.49000549316406,169.60369873046875,69898
2026-07-27 13:30:00-04:00,169.625,169.75999450683594,168.88999938964844,168.94500732421875,95893
2026-07-27 13:45:00-04:00,168.9550018310547,169.33999633789062,168.94000244140625,169.3300018310547,98414
2026-07-27 14:00:00-04:00,169.33999633789062,169.47999572753906,169.14999389648438,169.47999572753906,64164
2026-07-27 14:15:00-04:00,169.47000122070312,169.63499450683594,169.1999969482422,169.2449951171875,62080
2026-07-27 14:30:00-04:00,169.22999572753906,169.3300018310547,169.13999938964844,169.15499877929688,62431
2026-07-27 14:45:00-04:00,169.17999267578125,169.6999969482422,169.16000366210938,169.6999969482422,60957
2026-07-27 15:00:00-04:00,169.69000244140625,170.38999938964844,169.5399932861328,170.31500244140625,162861
2026-07-27 15:15:00-04:00,170.31500244140625,170.60000610351562,170.3000030517578,170.43499755859375,140533
2026-07-27 15:30:00-04:00,170.42750549316406,170.6699981689453,170.38999938964844,170.44500732421875,187124
2026-07-27 15:45:00-04:00,170.44000244140625,170.74000549316406,169.66000366210938,169.72999572753906,350653
2026-07-28 09:30:00-04:00,170.69500732421875,173.76950073242188,170.6699981689453,173.5800018310547,400988
2026-07-28 09:45:00-04:00,173.44000244140625,174.44000244140625,173.14999389648438,173.6024932861328,266468
2026-07-28 10:00:00-04:00,173.52999877929688,173.85000610351562,172.8800048828125,173.64999389648438,179457
2026-07-28 10:15:00-04:00,173.66000366210938,174.09500122070312,173.0,173.3699951171875,243366
2026-07-28 10:30:00-04:00,173.32000732421875,173.66000366210938,172.88999938964844,173.3249969482422,159167
2026-07-28 10:45:00-04:00,173.30999755859375,173.35000610351562,172.57000732421875,173.0399932861328,217924
2026-07-28 11:00:00-04:00,173.05999755859375,173.1999969482422,172.17999267578125,172.49000549316406,128122
2026-07-28 11:15:00-04:00,172.5399932861328,172.85000610351562,172.3000030517578,172.49000549316406,127508
2026-07-28 11:30:00-04:00,172.5500030517578,172.67999267578125,172.00999450683594,172.1199951171875,204625
2026-07-28 11:45:00-04:00,172.1199951171875,172.39370727539062,171.85000610351562,172.0800018310547,88186
2026-07-28 12:00:00-04:00,172.0800018310547,172.0800018310547,171.625,171.8249969482422,137285
2026-07-28 12:15:00-04:00,171.8350067138672,171.99000549316406,171.6199951171875,171.91000366210938,50940
2026-07-28 12:30:00-04:00,171.94000244140625,172.4499969482422,171.77999877929688,172.36000061035156,54239
2026-07-28 12:45:00-04:00,172.38999938964844,172.82000732421875,172.13999938964844,172.82000732421875,31850
2026-07-28 13:00:00-04:00,172.8000030517578,172.8300018310547,172.1300048828125,172.18739318847656,121447
2026-07-28 13:15:00-04:00,172.16000366210938,172.19509887695312,171.2899932861328,171.3699951171875,68997
2026-07-28 13:30:00-04:00,171.35000610351562,171.35000610351562,170.97000122070312,171.27000427246094,82540
2026-07-28 13:45:00-04:00,171.25,171.3699951171875,171.17999267578125,171.25,28912
2026-07-28 14:00:00-04:00,171.22000122070312,171.72999572753906,171.19500732421875,171.63999938964844,71628
2026-07-28 14:15:00-04:00,171.66000366210938,171.74000549316406,171.1999969482422,171.33999633789062,124305
2026-07-28 14:30:00-04:00,171.3300018310547,171.63999938964844,171.3000030517578,171.4250030517578,58719
2026-07-28 14:45:00-04:00,171.4250030517578,171.6300048828125,171.3800048828125,171.5,59907
2026-07-28 15:00:00-04:00,171.5,171.74000549316406,171.5,171.61000061035156,71153
2026-07-28 15:15:00-04:00,171.63999938964844,172.1699981689453,171.6199951171875,172.10000610351562,89738
2026-07-28 15:30:00-04:00,172.10000610351562,172.8699951171875,172.03500366210938,172.8300018310547,135478
2026-07-28 15:45:00-04:00,172.7899932861328,172.8800048828125,172.3300018310547,172.51499938964844,350733
2026-07-29 09:30:00-04:00,174.24000549316406,174.4499969482422,173.3000030517578,173.66000366210938,316992
2026-07-29 09:45:00-04:00,173.6750030517578,174.5,173.52999877929688,174.4600067138672,103409
2026-07-29 10:00:00-04:00,174.49000549316406,174.9199981689453,174.11019897460938,174.32000732421875,134254
2026-07-29 10:15:00-04:00,174.33999633789062,174.92999267578125,173.72000122070312,174.80020141601562,115305
2026-07-29 10:30:00-04:00,174.74000549316406,175.03500366210938,173.88999938964844,174.0500030517578,67942
2026-07-29 10:45:00-04:00,174.02999877929688,174.189697265625,173.44500732421875,173.5449981689453,69730
2026-07-29 11:00:00-04:00,173.53500366210938,174.85000610351562,173.52000427246094,174.77000427246094,100120
2026-07-29 11:15:00-04:00,174.7624969482422,174.7949981689453,174.2050018310547,174.22000122070312,56273
2026-07-29 11:30:00-04:00,174.26499938964844,174.94000244140625,174.22999572753906,174.5500030517578,198398
2026-07-29 11:45:00-04:00,174.53500366210938,174.9600067138672,174.42999267578125,174.89500427246094,26196
2026-07-29 12:00:00-04:00,174.85000610351562,174.85000610351562,174.33999633789062,174.4499969482422,28050
2026-07-29 12:15:00-04:00,174.4199981689453,174.4199981689453,174.110107421875,174.3300018310547,23899
2026-07-29 12:30:00-04:00,174.31500244140625,174.31500244140625,173.9550018310547,174.0449981689453,22834
2026-07-29 12:45:00-04:00,174.0800018310547,174.1300048828125,173.5500030517578,173.5500030517578,48061
2026-07-29 13:00:00-04:00,173.58999633789062,173.97999572753906,173.5,173.91000366210938,71794
2026-07-29 13:15:00-04:00,173.97999572753906,174.19000244140625,173.90499877929688,174.09500122070312,31729
2026-07-29 13:30:00-04:00,174.09500122070312,174.10000610351562,173.72000122070312,173.8300018310547,48899
2026-07-29 13:45:00-04:00,173.8300018310547,173.9799041748047,173.6999969482422,173.83999633789062,24848
2026-07-29 14:00:00-04:00,173.83999633789062,174.42990112304688,173.64999389648438,173.77999877929688,54211
2026-07-29 14:15:00-04:00,173.86000061035156,173.9499969482422,173.52999877929688,173.9250030517578,33962
2026-07-29 14:30:00-04:00,173.8800048828125,174.22500610351562,173.52999877929688,174.2100067138672,38912
2026-07-29 14:45:00-04:00,174.17999267578125,174.2899932861328,173.8800048828125,173.97000122070312,50067
2026-07-29 15:00:00-04:00,173.97000122070312,174.1999969482422,173.2760009765625,173.4250030517578,59321
2026-07-29 15:15:00-04:00,173.47999572753906,173.69000244140625,173.00999450683594,173.05999755859375,67013
2026-07-29 15:30:00-04:00,173.0,173.08999633789062,172.6300048828125,172.84500122070312,103010
2026-07-29 15:45:00-04:00,172.8699951171875,173.39999389648438,172.72000122070312,173.3699951171875,212155
2026-07-30 09:30:00-04:00,170.31500244140625,170.9600067138672,169.85000610351562,170.16000366210938,178273
2026-07-30 09:45:00-04:00,170.22999572753906,171.3249969482422,170.17999267578125,171.25,118498
2026-07-30 10:00:00-04:00,171.27000427246094,171.8000030517578,170.77999877929688,171.22999572753906,145887
2026-07-30 10:15:00-04:00,171.25,171.88999938964844,171.1199951171875,171.41000366210938,118021
2026-07-30 10:30:00-04:00,171.41000366210938,171.82000732421875,171.25999450683594,171.6531982421875,81861
2026-07-30 10:45:00-04:00,171.63499450683594,171.6699981689453,171.1699981689453,171.52000427246094,60225
2026-07-30 11:00:00-04:00,171.50999450683594,171.60000610351562,171.0,171.0399932861328,82979
2026-07-30 11:15:00-04:00,171.0399932861328,171.2100067138672,170.5800018310547,170.74000549316406,143484
2026-07-30 11:30:00-04:00,170.69000244140625,171.22999572753906,170.6199951171875,171.22999572753906,186368
2026-07-30 11:45:00-04:00,171.2050018310547,171.72000122070312,171.2050018310547,171.5500030517578,86615
2026-07-30 12:00:00-04:00,171.52000427246094,171.52999877929688,170.9550018310547,170.97999572753906,26377
2026-07-30 12:15:00-04:00,170.9949951171875,171.34500122070312,170.97999572753906,171.14999389648438,42401
2026-07-30 12:30:00-04:00,171.15499877929688,171.38999938964844,171.1300048828125,171.2050018310547,34942
2026-07-30 12:45:00-04:00,171.24000549316406,171.3800048828125,171.11000061035156,171.11500549316406,22229
2026-07-30 13:00:00-04:00,171.13499450683594,171.3000030517578,170.6699981689453,170.76499938964844,49210
2026-07-30 13:15:00-04:00,170.80999755859375,170.91000366210938,170.63999938964844,170.66000366210938,45783
2026-07-30 13:30:00-04:00,170.66000366210938,170.8699951171875,170.41000366210938,170.82000732421875,53695
2026-07-30 13:45:00-04:00,170.8249969482422,170.9199981689453,170.7100067138672,170.8300018310547,65829
2026-07-30 14:00:00-04:00,170.86000061035156,171.17999267578125,170.80999755859375,171.13999938964844,96902
2026-07-30 14:15:00-04:00,171.13499450683594,171.50999450683594,171.0800018310547,171.47000122070312,61799
2026-07-30 14:30:00-04:00,171.47000122070312,171.47000122070312,171.17999267578125,171.375,38955
2026-07-30 14:45:00-04:00,171.41000366210938,171.50999450683594,171.2899932861328,171.3800048828125,44363
2026-07-30 15:00:00-04:00,171.39500427246094,171.52999877929688,171.27999877929688,171.41000366210938,43266
2026-07-30 15:15:00-04:00,171.38999938964844,171.68499755859375,171.36000061035156,171.43499755859375,44116
2026-07-30 15:30:00-04:00,171.4149932861328,171.52000427246094,171.0500030517578,171.0500030517578,83110
2026-07-30 15:45:00-04:00,171.0500030517578,171.55999755859375,170.92999267578125,171.36000061035156,222544
2026-07-31 09:30:00-04:00,170.52999877929688,170.52999877929688,169.08999633789062,169.6199951171875,120137
2026-07-31 09:45:00-04:00,169.64999389648438,169.83999633789062,169.00999450683594,169.0800018310547,88484
2026-07-31 10:00:00-04:00,169.11000061035156,169.30999755859375,168.69500732421875,168.69500732421875,109884
2026-07-31 10:15:00-04:00,168.72500610351562,169.35000610351562,168.44000244140625,169.14999389648438,79199
2026-07-31 10:30:00-04:00,169.11000061035156,169.85499572753906,169.07000732421875,169.81500244140625,81616
2026-07-31 10:45:00-04:00,169.77999877929688,170.2449951171875,169.77000427246094,170.22999572753906,56197
2026-07-31 11:00:00-04:00,170.32000732421875,170.64999389648438,170.00999450683594,170.625,61763
2026-07-31 11:15:00-04:00,170.61940002441406,170.63999938964844,170.25,170.5,37194
2026-07-31 11:30:00-04:00,170.47000122070312,170.64999389648438,170.00999450683594,170.46499633789062,46156
2026-07-31 11:45:00-04:00,170.52999877929688,170.74000549316406,170.44000244140625,170.74000549316406,29857
2026-07-31 12:00:00-04:00,170.67999267578125,170.7050018310547,170.36000061035156,170.49000549316406,26477
2026-07-31 12:15:00-04:00,170.39999389648438,170.5,170.32000732421875,170.36000061035156,15337
2026-07-31 12:30:00-04:00,170.36000061035156,170.41000366210938,170.22000122070312,170.39999389648438,18825
2026-07-31 12:45:00-04:00,170.39999389648438,170.47000122070312,170.2100067138672,170.3000030517578,22677
2026-07-31 13:00:00-04:00,170.3699951171875,170.42999267578125,170.10000610351562,170.2899932861328,29360
2026-07-31 13:15:00-04:00,170.27000427246094,170.49000549316406,170.08999633789062,170.44500732421875,38373
2026-07-31 13:30:00-04:00,170.3800048828125,170.3800048828125,170.0800018310547,170.17999267578125,24400
2026-07-31 13:45:00-04:00,170.2100067138672,170.26499938964844,169.92999267578125,170.05999755859375,32672
2026-07-31 14:00:00-04:00,170.0449981689453,170.52000427246094,169.89999389648438,170.33990478515625,46079
2026-07-31 14:15:00-04:00,170.27000427246094,170.39999389648438,170.13999938964844,170.25990295410156,37152
2026-07-31 14:30:00-04:00,170.25999450683594,170.52000427246094,170.11000061035156,170.36000061035156,75331
2026-07-31 14:45:00-04:00,170.36000061035156,170.52000427246094,170.27000427246094,170.47000122070312,38744
2026-07-31 15:00:00-04:00,170.47999572753906,170.5800018310547,170.17999267578125,170.39999389648438,70126
2026-07-31 15:15:00-04:00,170.3300018310547,170.6300048828125,170.27999877929688,170.4149932861328,59893
2026-07-31 15:30:00-04:00,170.4149932861328,170.52499389648438,170.13999938964844,170.49879455566406,111720
2026-07-31 15:45:00-04:00,170.49000549316406,170.5,169.5500030517578,169.67999267578125,216363
2026-08-03 09:30:00-04:00,157.1649932861328,159.15499877929688,155.60000610351562,156.00860595703125,2128936
2026-08-03 09:45:00-04:00,156.04269409179688,157.02499389648438,155.26870727539062,155.90499877929688,591043
2026-08-03 10:00:00-04:00,155.8000030517578,156.80999755859375,155.57000732421875,156.52000427246094,457926
2026-08-03 10:15:00-04:00,156.55999755859375,156.889404296875,155.3249969482422,155.99000549316406,699444
2026-08-03 10:30:00-04:00,155.97999572753906,156.24000549316406,154.6999969482422,155.47999572753906,907155
2026-08-03 10:45:00-04:00,155.50999450683594,155.55990600585938,154.7100067138672,155.125,636848
2026-08-03 11:00:00-04:00,155.14999389648438,155.25999450683594,154.0800018310547,154.19000244140625,529124
2026-08-03 11:15:00-04:00,154.19000244140625,154.2899932861328,153.4134063720703,153.9199981689453,486525
2026-08-03 11:30:00-04:00,153.92999267578125,155.0399932861328,153.52000427246094,154.5399932861328,537656
2026-08-03 11:45:00-04:00,154.5399932861328,154.8800048828125,154.10000610351562,154.42999267578125,323100
2026-08-03 12:00:00-04:00,154.4600067138672,155.1300048828125,154.28500366210938,154.4550018310547,332412
2026-08-03 12:15:00-04:00,154.4550018310547,154.86000061035156,153.97000122070312,154.6300048828125,356856
2026-08-03 12:30:00-04:00,154.5800018310547,156.39999389648438,154.27999877929688,156.375,735932
2026-08-03 12:45:00-04:00,156.41000366210938,157.0,155.7436065673828,156.6300048828125,515420
2026-08-03 13:00:00-04:00,156.61749267578125,157.38999938964844,156.4199981689453,157.27999877929688,536816
2026-08-03 13:15:00-04:00,157.27999877929688,157.47000122070312,156.55999755859375,156.6197967529297,372290
2026-08-03 13:30:00-04:00,156.68499755859375,157.49000549316406,156.67999267578125,156.9199981689453,257528
2026-08-03 13:45:00-04:00,156.89999389648438,157.25,156.6300048828125,156.90499877929688,250690
2026-08-03 14:00:00-04:00,156.89999389648438,157.50999450683594,156.6699981689453,157.50999450683594,737001
2026-08-03 14:15:00-04:00,157.49000549316406,157.8000030517578,157.14999389648438,157.1750030517578,354224
2026-08-03 14:30:00-04:00,157.2100067138672,157.5800018310547,156.86000061035156,157.5,280728
2026-08-03 14:45:00-04:00,157.50999450683594,157.69000244140625,157.02999877929688,157.38999938964844,280116
2026-08-03 15:00:00-04:00,157.39500427246094,158.69000244140625,157.33729553222656,158.41000366210938,365265
2026-08-03 15:15:00-04:00,158.4199981689453,158.63999938964844,157.88999938964844,157.9600067138672,295795
2026-08-03 15:30:00-04:00,158.0050048828125,158.27000427246094,157.52999877929688,157.80999755859375,615924
2026-08-03 15:45:00-04:00,157.81500244140625,159.71499633789062,157.72999572753906,158.0,2511954
2026-08-04 09:30:00-04:00,157.9499969482422,157.9499969482422,156.9499969482422,157.10000610351562,541584
2026-08-04 09:45:00-04:00,157.08009338378906,157.75999450683594,157.02000427246094,157.49000549316406,461214
2026-08-04 10:00:00-04:00,157.47000122070312,157.67999267578125,157.05499267578125,157.15499877929688,385702
2026-08-04 10:15:00-04:00,157.14999389648438,157.3800048828125,156.61000061035156,156.72000122070312,221444
2026-08-04 10:30:00-04:00,156.72000122070312,157.14999389648438,156.24000549316406,156.32000732421875,287849
2026-08-04 10:45:00-04:00,156.3000030517578,157.7100067138672,156.2100067138672,157.67999267578125,528098
2026-08-04 11:00:00-04:00,157.6300048828125,158.10000610351562,157.19000244140625,157.4199981689453,557787
2026-08-04 11:15:00-04:00,157.39999389648438,158.55999755859375,157.3699951171875,158.17999267578125,784586
2026-08-04 11:30:00-04:00,158.1999969482422,158.5050048828125,156.97000122070312,157.38499450683594,376918
2026-08-04 11:45:00-04:00,157.3300018310547,157.5222930908203,157.10000610351562,157.36000061035156,55995
2026-08-04 12:00:00-04:00,157.34979248046875,157.8800048828125,157.1300048828125,157.5449981689453,101595
2026-08-04 12:15:00-04:00,157.5449981689453,157.8699951171875,157.5,157.75999450683594,47292
2026-08-04 12:30:00-04:00,157.7899932861328,158.07989501953125,157.27999877929688,157.3800048828125,368548
2026-08-04 12:45:00-04:00,157.41000366210938,157.5500030517578,155.91180419921875,156.35499572753906,332106
2026-08-04 13:00:00-04:00,156.2899932861328,156.42999267578125,155.6999969482422,155.97999572753906,238108
2026-08-04 13:15:00-04:00,155.9499969482422,156.30499267578125,155.39999389648438,156.0749969482422,155375
2026-08-04 13:30:00-04:00,156.0749969482422,156.3300018310547,155.41000366210938,155.6959991455078,277330
2026-08-04 13:45:00-04:00,155.6300048828125,156.1898956298828,155.55999755859375,155.92999267578125,246781
2026-08-04 14:00:00-04:00,155.9499969482422,156.25999450683594,155.83999633789062,155.88999938964844,117050
2026-08-04 14:15:00-04:00,155.9199981689453,156.02000427246094,155.5500030517578,155.60000610351562,106684
2026-08-04 14:30:00-04:00,155.60499572753906,155.80999755859375,155.52999877929688,155.75,132691
2026-08-04 14:45:00-04:00,155.75999450683594,155.86000061035156,155.50999450683594,155.6999969482422,75169
2026-08-04 15:00:00-04:00,155.66000366210938,155.82989501953125,155.42999267578125,155.5399932861328,238809
2026-08-04 15:15:00-04:00,155.50599670410156,155.82000732421875,155.49000549316406,155.68499755859375,177027
2026-08-04 15:30:00-04:00,155.67100524902344,155.8350067138672,155.52999877929688,155.55999755859375,255279
2026-08-04 15:45:00-04:00,155.52000427246094,155.86000061035156,155.32000732421875,155.61000061035156,834374
2026-08-05 09:30:00-04:00,163.7899932861328,164.4499969482422,161.69000244140625,161.82000732421875,2375054
2026-08-05 09:45:00-04:00,161.83999633789062,162.61920166015625,161.08999633789062,162.49000549316406,336895
2026-08-05 10:00:00-04:00,162.47000122070312,163.06500244140625,162.38279724121094,162.60000610351562,215951
2026-08-05 10:15:00-04:00,162.57000732421875,163.0,162.4499969482422,162.55999755859375,198192
2026-08-05 10:30:00-04:00,162.60000610351562,163.52000427246094,162.5800018310547,163.27000427246094,273878
2026-08-05 10:45:00-04:00,163.28500366210938,163.4199981689453,162.3800048828125,162.75,182847
2026-08-05 11:00:00-04:00,162.6999969482422,163.36000061035156,162.52999877929688,163.0,219071
2026-08-05 11:15:00-04:00,162.97500610351562,163.00999450683594,162.33999633789062,162.72000122070312,294091
2026-08-05 11:30:00-04:00,162.71499633789062,162.80499267578125,161.86000061035156,162.47999572753906,661150
2026-08-05 11:45:00-04:00,162.47500610351562,162.66000366210938,162.4250030517578,162.50999450683594,49400
2026-08-05 12:00:00-04:00,162.48500061035156,163.0,162.48500061035156,162.78500366210938,82611
2026-08-05 12:15:00-04:00,162.78500366210938,162.977294921875,162.19000244140625,162.19000244140625,86938
2026-08-05 12:30:00-04:00,162.1699981689453,162.1699981689453,161.89999389648438,161.94000244140625,50227
2026-08-05 12:45:00-04:00,161.91000366210938,162.32000732421875,161.49000549316406,161.9550018310547,157041
2026-08-05 13:00:00-04:00,161.9550018310547,161.99000549316406,161.33999633789062,161.50750732421875,90465
2026-08-05 13:15:00-04:00,161.4600067138672,161.65939331054688,161.4199981689453,161.59500122070312,61365
2026-08-05 13:30:00-04:00,161.61000061035156,161.94000244140625,161.57000732421875,161.77499389648438,80054
2026-08-05 13:45:00-04:00,161.72500610351562,161.77999877929688,161.52999877929688,161.52999877929688,41709
2026-08-05 14:00:00-04:00,161.63600158691406,161.85000610351562,161.52000427246094,161.5749969482422,81520
2026-08-05 14:15:00-04:00,161.5749969482422,161.7100067138672,161.38999938964844,161.41000366210938,70747
2026-08-05 14:30:00-04:00,161.42999267578125,161.50999450683594,161.30999755859375,161.32000732421875,72473
2026-08-05 14:45:00-04:00,161.30999755859375,161.67999267578125,161.27000427246094,161.27999877929688,103841
2026-08-05 15:00:00-04:00,161.2899932861328,161.30499267578125,161.02000427246094,161.17999267578125,77262
2026-08-05 15:15:00-04:00,161.11000061035156,161.11000061035156,160.82000732421875,160.90499877929688,131686
2026-08-05 15:30:00-04:00,160.9199981689453,161.11000061035156,160.72000122070312,161.0749969482422,188847
2026-08-05 15:45:00-04:00,161.07000732421875,161.55999755859375,160.9561004638672,161.47000122070312,509085
2026-08-06 09:30:00-04:00,162.6199951171875,162.92999267578125,161.08999633789062,161.3300018310547,209209
2026-08-06 09:45:00-04:00,161.35000610351562,161.36000061035156,160.9600067138672,161.1750030517578,114216
2026-08-06 10:00:00-04:00,161.1699981689453,161.8000030517578,160.9600067138672,160.9600067138672,104685
2026-08-06 10:15:00-04:00,160.88999938964844,161.0500030517578,160.55999755859375,160.74000549316406,66772
2026-08-06 10:30:00-04:00,160.72000122070312,160.74000549316406,160.22999572753906,160.6300048828125,83313
2026-08-06 10:45:00-04:00,160.63499450683594,161.39500427246094,160.60000610351562,161.33999633789062,66619
2026-08-06 11:00:00-04:00,161.36000061035156,161.36000061035156,160.97000122070312,161.16000366210938,74711
2026-08-06 11:15:00-04:00,161.19000244140625,161.30999755859375,160.75,160.75,112740
2026-08-06 11:30:00-04:00,160.75,160.80999755859375,160.29200744628906,160.3800048828125,145380
2026-08-06 11:45:00-04:00,160.3800048828125,160.39999389648438,159.75,159.82000732421875,54557
2026-08-06 12:00:00-04:00,159.84500122070312,160.07000732421875,159.80999755859375,160.02999877929688,29578
2026-08-06 12:15:00-04:00,160.02999877929688,160.25,159.8000030517578,160.1999969482422,87058
2026-08-06 12:30:00-04:00,160.2050018310547,160.3699951171875,159.97000122070312,160.1699981689453,41691
2026-08-06 12:45:00-04:00,160.1750030517578,160.1999969482422,160.0,160.05999755859375,29950
2026-08-06 13:00:00-04:00,160.07000732421875,160.17999267578125,159.99000549316406,160.07000732421875,30706
2026-08-06 13:15:00-04:00,160.0850067138672,160.0850067138672,159.88999938964844,159.99000549316406,37878
2026-08-06 13:30:00-04:00,159.9949951171875,160.30999755859375,159.99000549316406,160.2801055908203,30444
2026-08-06 13:45:00-04:00,160.2899932861328,160.31289672851562,160.02999877929688,160.1699981689453,37092
2026-08-06 14:00:00-04:00,160.1699981689453,160.49000549316406,160.1699981689453,160.4149932861328,112202
2026-08-06 14:15:00-04:00,160.4199981689453,160.61000061035156,160.3000030517578,160.42999267578125,83889
2026-08-06 14:30:00-04:00,160.42999267578125,160.5800018310547,160.30889892578125,160.57000732421875,35526
2026-08-06 14:45:00-04:00,160.5749969482422,160.65989685058594,160.4199981689453,160.6199951171875,34082
2026-08-06 15:00:00-04:00,160.61000061035156,160.72999572753906,160.52999877929688,160.60000610351562,36759
2026-08-06 15:15:00-04:00,160.63999938964844,160.72000122070312,160.50999450683594,160.625,43166
2026-08-06 15:30:00-04:00,160.6300048828125,160.80999755859375,160.44000244140625,160.52000427246094,73786
2026-08-06 15:45:00-04:00,160.52000427246094,161.32000732421875,160.52000427246094,161.0399932861328,424613
2026-08-07 09:30:00-04:00,162.13999938964844,162.17999267578125,160.94000244140625,161.60499572753906,194044
2026-08-07 09:45:00-04:00,161.63499450683594,162.10000610351562,161.57000732421875,161.8000030517578,101470
2026-08-07 10:00:00-04:00,161.88999938964844,162.00999450683594,161.4801025390625,161.85000610351562,75157
2026-08-07 10:15:00-04:00,161.85000610351562,161.86000061035156,160.97000122070312,161.17999267578125,145277
2026-08-07 10:30:00-04:00,161.17999267578125,161.22999572753906,160.74000549316406,161.0500030517578,117765
2026-08-07 10:45:00-04:00,161.07000732421875,161.10000610351562,160.58999633789062,160.58999633789062,95707
2026-08-07 11:00:00-04:00,160.58999633789062,160.61000061035156,160.0,160.11000061035156,179428
2026-08-07 11:15:00-04:00,160.1300048828125,160.25369262695312,160.02999877929688,160.1199951171875,92153
2026-08-07 11:30:00-04:00,160.1300048828125,160.77499389648438,160.11000061035156,160.38499450683594,241125
2026-08-07 11:45:00-04:00,160.3800048828125,160.63499450683594,160.30999755859375,160.44000244140625,51254
2026-08-07 12:00:00-04:00,160.41000366210938,160.88650512695312,160.3699951171875,160.6999969482422,64705
2026-08-07 12:15:00-04:00,160.67999267578125,160.7698974609375,160.38999938964844,160.5500030517578,45051
2026-08-07 12:30:00-04:00,160.55999755859375,160.6300048828125,160.2899932861328,160.58999633789062,46527
2026-08-07 12:45:00-04:00,160.50999450683594,160.6300048828125,160.30999755859375,160.5,62473
2026-08-07 13:00:00-04:00,160.52000427246094,160.60000610351562,160.3800048828125,160.48500061035156,68188
2026-08-07 13:15:00-04:00,160.52000427246094,160.52000427246094,160.3000030517578,160.46969604492188,80982
2026-08-07 13:30:00-04:00,160.42999267578125,160.42999267578125,160.25,160.30999755859375,38950
2026-08-07 13:45:00-04:00,160.3249969482422,160.36000061035156,160.22999572753906,160.33999633789062,63551
2026-08-07 14:00:00-04:00,160.33999633789062,160.33999633789062,160.19000244140625,160.19000244140625,72294
2026-08-07 14:15:00-04:00,160.1699981689453,160.28500366210938,160.11000061035156,160.13999938964844,50167
2026-08-07 14:30:00-04:00,160.13999938964844,160.25,160.10000610351562,160.1199951171875,81368
2026-08-07 14:45:00-04:00,160.125,160.35499572753906,160.11000061035156,160.22000122070312,103329
2026-08-07 15:00:00-04:00,160.22000122070312,160.47500610351562,160.16000366210938,160.4550018310547,160227
2026-08-07 15:15:00-04:00,160.4600067138672,160.89999389648438,160.4250030517578,160.67999267578125,101661
2026-08-07 15:30:00-04:00,160.67100524902344,161.1699981689453,160.67100524902344,161.05250549316406,300596
2026-08-07 15:45:00-04:00,161.05499267578125,161.47999572753906,160.88999938964844,161.36000061035156,833449
