date,open,high,low,close,volume,wap,count
2021-10-19 13:30:00+00:00,300.0,307.85,297.15,297.56,2815748.0,303.195,14581.0
2021-10-19 14:00:00+00:00,297.47,300.44,294.11,299.56,1610954.0,297.606,8675.0
2021-10-19 15:00:00+00:00,299.56,304.49,298.37,302.9,1174821.0,302.19,5997.0
2021-10-19 16:00:00+00:00,302.9,307.53,301.46,306.89,1438446.0,305.782,6373.0
2021-10-19 17:00:00+00:00,306.8,307.73,302.5,303.77,921076.0,305.488,4241.0
2021-10-19 18:00:00+00:00,303.64,306.2,300.51,303.13,1199808.0,302.773,6404.0
2021-10-19 19:00:00+00:00,302.98,306.7,302.82,305.63,1386714.0,305.119,7067.0
2021-10-20 13:30:00+00:00,306.66,314.84,303.96,312.45,1593087.0,310.513,7134.0
2021-10-20 14:00:00+00:00,312.33,314.97,310.38,312.62,1402383.0,312.895,6944.0
2021-10-20 15:00:00+00:00,312.71,313.5,308.35,312.63,715189.0,311.222,3598.0
2021-10-20 16:00:00+00:00,312.72,315.09,311.76,313.6,850121.0,314.126,4337.0
2021-10-20 17:00:00+00:00,313.6,314.54,310.61,313.4,688287.0,312.56,2774.0
2021-10-20 18:00:00+00:00,313.39,317.37,313.31,316.54,1137433.0,316.085,4720.0
2021-10-20 19:00:00+00:00,316.55,316.64,312.97,314.71,985946.0,314.564,4692.0
2021-10-21 13:30:00+00:00,311.75,317.18,309.55,310.13,770929.0,313.487,3471.0
2021-10-21 14:00:00+00:00,310.02,311.74,304.43,308.65,1370204.0,308.411,6562.0
2021-10-21 15:00:00+00:00,308.66,310.0,300.02,303.65,1009465.0,304.405,5520.0
2021-10-21 16:00:00+00:00,303.5,307.1,303.34,305.46,506224.0,305.287,2190.0
2021-10-21 17:00:00+00:00,305.06,306.44,300.64,301.27,472565.0,303.08,2168.0
2021-10-21 18:00:00+00:00,301.13,302.85,298.0,298.89,985926.0,300.295,4913.0
2021-10-21 19:00:00+00:00,299.13,302.75,298.98,300.3,681086.0,300.842,4502.0
2021-10-22 13:30:00+00:00,302.01,306.0,298.23,299.59,746286.0,302.175,3463.0
2021-10-22 14:00:00+00:00,299.5,300.79,296.59,297.87,556618.0,298.649,2634.0
2021-10-22 15:00:00+00:00,297.7,299.29,293.62,296.32,800441.0,296.295,3754.0
2021-10-22 16:00:00+00:00,295.93,300.22,295.17,299.65,473119.0,297.372,2451.0
2021-10-22 17:00:00+00:00,299.74,299.84,298.26,298.97,258243.0,299.09,1242.0
2021-10-22 18:00:00+00:00,298.87,301.09,297.59,300.12,401713.0,299.382,1894.0
2021-10-22 19:00:00+00:00,300.22,301.7,298.77,300.62,613738.0,300.379,3692.0
2021-10-25 13:30:00+00:00,306.76,313.32,305.11,312.49,872179.0,310.427,3842.0
2021-10-25 14:00:00+00:00,312.85,318.6,311.0,318.35,1019492.0,314.978,4827.0
2021-10-25 15:00:00+00:00,318.3,324.19,318.08,323.82,1376354.0,322.39,6495.0
2021-10-25 16:00:00+00:00,323.8,324.87,320.48,323.62,635605.0,323.176,3180.0
2021-10-25 17:00:00+00:00,323.61,323.73,321.07,323.15,344078.0,322.256,1958.0
2021-10-25 18:00:00+00:00,323.03,325.5,320.72,325.41,590615.0,323.086,2643.0
2021-10-25 19:00:00+00:00,325.44,327.0,322.18,325.51,941529.0,324.745,4891.0
2021-10-26 13:30:00+00:00,328.16,328.48,317.4,323.44,1201157.0,324.121,5838.0
2021-10-26 14:00:00+00:00,323.77,326.1,320.25,324.44,972273.0,324.06,4463.0
2021-10-26 15:00:00+00:00,324.49,327.35,321.09,323.4,863641.0,324.296,4077.0
2021-10-26 16:00:00+00:00,323.46,323.87,315.51,318.77,990586.0,320.005,4805.0
2021-10-26 17:00:00+00:00,318.63,320.02,315.94,319.03,429074.0,318.407,2533.0
2021-10-26 18:00:00+00:00,319.09,322.44,319.09,321.2,324818.0,320.888,1740.0
2021-10-26 19:00:00+00:00,321.0,322.07,318.53,319.49,423981.0,319.918,2702.0
2021-10-27 13:30:00+00:00,309.52,319.46,306.5,318.37,988456.0,313.45,4571.0
2021-10-27 14:00:00+00:00,318.3,320.28,313.25,315.42,961161.0,316.413,4352.0
2021-10-27 15:00:00+00:00,315.36,318.17,313.36,313.53,332405.0,315.155,1777.0
2021-10-27 16:00:00+00:00,313.68,314.67,311.55,313.88,256396.0,313.262,1214.0
2021-10-27 17:00:00+00:00,313.7,314.7,313.13,313.13,128961.0,313.876,675.0
2021-10-27 18:00:00+00:00,313.14,314.09,312.84,312.85,252661.0,313.411,966.0
2021-10-27 19:00:00+00:00,312.84,312.84,309.7,311.87,679680.0,311.048,3647.0
2021-10-28 13:30:00+00:00,319.81,325.99,317.79,325.46,759530.0,321.454,3441.0
2021-10-28 14:00:00+00:00,325.63,327.72,320.42,321.19,833798.0,324.578,3971.0
2021-10-28 15:00:00+00:00,321.2,321.56,315.14,316.65,657410.0,317.891,3233.0
2021-10-28 16:00:00+00:00,316.65,317.19,313.5,314.56,568691.0,315.15,2652.0
2021-10-28 17:00:00+00:00,314.61,317.44,314.28,316.11,278016.0,315.976,1179.0
2021-10-28 18:00:00+00:00,316.34,316.34,311.0,315.51,568802.0,313.687,2635.0
2021-10-28 19:00:00+00:00,315.5,319.14,314.5,319.12,475178.0,317.328,2638.0
2021-10-29 13:30:00+00:00,319.11,323.22,316.14,321.24,493833.0,318.705,2159.0
2021-10-29 14:00:00+00:00,321.31,322.55,316.38,318.88,446174.0,319.318,1877.0
2021-10-29 15:00:00+00:00,318.9,325.6,318.5,323.95,448731.0,322.515,2332.0
2021-10-29 16:00:00+00:00,323.91,326.5,322.5,324.02,415775.0,325.041,1705.0
2021-10-29 17:00:00+00:00,324.01,324.48,321.32,322.12,192726.0,323.061,813.0
2021-10-29 18:00:00+00:00,322.25,322.98,320.28,321.05,153439.0,321.562,776.0
2021-10-29 19:00:00+00:00,320.87,321.01,317.62,319.77,412868.0,319.18,2401.0
2021-11-01 13:30:00+00:00,324.77,334.2,323.9,332.82,1152399.0,330.09,5243.0
2021-11-01 14:00:00+00:00,332.79,337.77,331.01,332.85,705384.0,334.274,3664.0
2021-11-01 15:00:00+00:00,332.75,337.0,332.66,335.49,423236.0,335.188,2302.0
2021-11-01 16:00:00+00:00,335.61,338.43,334.73,335.19,430027.0,336.6,2141.0
2021-11-01 17:00:00+00:00,335.31,335.52,329.61,331.02,379755.0,332.462,2193.0
2021-11-01 18:00:00+00:00,331.16,331.43,327.32,328.75,339847.0,329.319,1797.0
2021-11-01 19:00:00+00:00,328.66,331.75,326.06,330.98,580726.0,329.709,3188.0
2021-11-02 13:30:00+00:00,336.35,338.2,332.14,337.93,637218.0,335.528,2941.0
2021-11-02 14:00:00+00:00,338.02,339.3,334.71,337.28,486161.0,337.362,2905.0
2021-11-02 15:00:00+00:00,337.31,345.25,336.5,343.5,757398.0,340.397,3773.0
2021-11-02 16:00:00+00:00,343.25,344.86,337.79,340.68,614133.0,340.876,3306.0
2021-11-02 17:00:00+00:00,340.73,342.99,338.42,339.04,507548.0,340.968,2422.0
2021-11-02 18:00:00+00:00,338.94,340.89,336.02,339.86,386204.0,338.827,1857.0
2021-11-02 19:00:00+00:00,339.86,341.86,336.2,336.2,498102.0,338.708,3149.0
2021-11-03 13:30:00+00:00,335.27,335.95,328.31,329.73,774815.0,332.802,3840.0
2021-11-03 14:00:00+00:00,330.21,338.82,328.32,337.5,612990.0,334.586,2641.0
2021-11-03 15:00:00+00:00,337.42,340.0,336.51,337.36,347532.0,338.242,1669.0
2021-11-03 16:00:00+00:00,337.25,338.6,335.5,338.0,201251.0,337.247,1024.0
2021-11-03 17:00:00+00:00,337.83,338.0,335.76,337.64,162155.0,337.09,869.0
2021-11-03 18:00:00+00:00,337.81,344.05,333.38,343.38,530921.0,340.396,2638.0
2021-11-03 19:00:00+00:00,343.51,344.47,340.97,344.4,482382.0,343.121,2978.0
2021-11-04 13:30:00+00:00,340.74,344.64,337.01,343.94,691679.0,342.156,3627.0
2021-11-04 14:00:00+00:00,344.08,345.22,340.34,341.39,862764.0,343.769,4842.0
2021-11-04 15:00:00+00:00,341.15,342.43,333.88,337.8,687214.0,337.312,3307.0
2021-11-04 16:00:00+00:00,337.8,342.17,336.8,342.04,381841.0,338.832,1973.0
2021-11-04 17:00:00+00:00,342.15,344.43,341.44,344.19,350373.0,343.533,2037.0
2021-11-04 18:00:00+00:00,344.09,345.85,343.03,343.8,307156.0,344.238,1827.0
2021-11-04 19:00:00+00:00,343.7,345.09,343.56,344.43,535335.0,344.342,3608.0
2021-11-05 13:30:00+00:00,345.62,345.62,340.25,343.55,359052.0,343.868,1829.0
2021-11-05 14:00:00+00:00,344.0,345.12,340.01,341.59,266895.0,342.788,1659.0
2021-11-05 15:00:00+00:00,341.66,342.48,338.3,338.66,255796.0,339.717,1433.0
2021-11-05 16:00:00+00:00,338.66,340.11,336.51,339.4,411629.0,338.317,2294.0
2021-11-05 17:00:00+00:00,339.23,339.55,333.44,335.0,307462.0,335.643,1795.0
2021-11-05 18:00:00+00:00,335.0,338.0,334.0,336.95,202665.0,336.06,1187.0
2021-11-05 19:00:00+00:00,337.13,339.41,336.09,336.99,341533.0,337.803,2077.0
2021-11-08 14:30:00+00:00,349.5,350.0,345.56,348.11,747272.0,348.328,4217.0
2021-11-08 15:00:00+00:00,348.24,355.15,347.4,354.03,1211764.0,352.132,7252.0
2021-11-08 16:00:00+00:00,354.04,363.17,353.75,357.43,1114737.0,358.577,6096.0
2021-11-08 17:00:00+00:00,357.5,361.52,357.07,359.31,634269.0,359.639,4081.0
2021-11-08 18:00:00+00:00,359.11,359.11,352.19,352.89,466480.0,354.566,2806.0
2021-11-08 19:00:00+00:00,352.53,357.02,352.53,355.12,437698.0,355.171,2501.0
2021-11-08 20:00:00+00:00,355.01,355.5,352.42,353.64,689578.0,354.131,4675.0
2021-11-09 14:30:00+00:00,367.39,368.9,348.05,349.56,1188107.0,360.652,6197.0
2021-11-09 15:00:00+00:00,349.56,358.8,345.06,356.3,890168.0,352.813,5190.0
2021-11-09 16:00:00+00:00,356.2,357.84,350.15,351.67,501090.0,354.712,2830.0
2021-11-09 17:00:00+00:00,351.43,352.79,347.5,348.87,388167.0,349.82,2091.0
2021-11-09 18:00:00+00:00,349.0,351.53,346.33,348.5,396943.0,349.486,2168.0
2021-11-09 19:00:00+00:00,348.5,353.1,347.75,352.82,383767.0,350.989,2250.0
2021-11-09 20:00:00+00:00,353.0,358.0,351.61,357.15,835206.0,354.949,5186.0
2021-11-10 14:30:00+00:00,327.22,338.0,320.0,332.0,2807744.0,327.545,14379.0
2021-11-10 15:00:00+00:00,332.1,348.03,328.12,342.64,2451070.0,339.299,11922.0
2021-11-10 16:00:00+00:00,342.51,348.98,335.7,339.0,1108584.0,342.819,5065.0
2021-11-10 17:00:00+00:00,338.76,342.69,337.33,340.6,694539.0,340.718,3242.0
2021-11-10 18:00:00+00:00,340.7,341.15,329.7,331.19,741822.0,334.13,3887.0
2021-11-10 19:00:00+00:00,331.18,332.87,324.1,330.0,742488.0,328.625,4031.0
2021-11-10 20:00:00+00:00,330.12,333.1,328.0,328.52,880162.0,330.142,5268.0
2021-11-11 14:30:00+00:00,327.43,337.4,327.0,330.88,658031.0,331.906,2430.0
2021-11-11 15:00:00+00:00,330.89,339.37,329.03,336.91,527542.0,334.983,2596.0
2021-11-11 16:00:00+00:00,337.14,340.45,336.1,338.87,409383.0,338.795,1994.0
2021-11-11 17:00:00+00:00,338.74,342.49,338.25,338.85,397755.0,340.707,2049.0
2021-11-11 18:00:00+00:00,339.04,340.08,336.38,337.62,237026.0,338.42,1119.0
2021-11-11 19:00:00+00:00,337.32,340.34,337.16,339.0,259691.0,339.356,970.0
2021-11-11 20:00:00+00:00,339.2,341.25,335.1,336.09,541294.0,338.42,3115.0
2021-11-12 14:30:00+00:00,339.25,341.98,333.53,335.34,583918.0,338.424,2552.0
2021-11-12 15:00:00+00:00,335.03,337.5,332.56,335.18,514469.0,334.911,2946.0
2021-11-12 16:00:00+00:00,335.04,337.25,334.0,336.23,271755.0,335.82,1370.0
2021-11-12 17:00:00+00:00,336.15,340.83,335.65,339.42,365173.0,338.749,1638.0
2021-11-12 18:00:00+00:00,339.31,341.97,338.1,341.36,265232.0,340.418,1370.0
2021-11-12 19:00:00+00:00,341.59,343.0,340.73,342.78,282861.0,342.075,1420.0
2021-11-12 20:00:00+00:00,342.91,344.0,341.46,342.77,436004.0,342.562,3068.0
2021-11-15 14:30:00+00:00,345.35,355.2,344.2,350.99,859211.0,350.119,3942.0
2021-11-15 15:00:00+00:00,350.94,352.22,344.88,346.0,412460.0,348.198,2316.0
2021-11-15 16:00:00+00:00,346.1,349.47,340.86,342.75,445197.0,345.219,2200.0
2021-11-15 17:00:00+00:00,342.7,344.4,339.03,343.25,216193.0,341.941,1207.0
2021-11-15 18:00:00+00:00,343.25,344.44,339.5,339.99,164309.0,342.018,967.0
2021-11-15 19:00:00+00:00,339.75,346.59,339.32,346.44,311674.0,343.811,1451.0
2021-11-15 20:00:00+00:00,346.29,346.72,344.16,345.36,369633.0,345.153,2281.0
2021-11-16 14:30:00+00:00,333.27,343.24,331.58,339.95,628410.0,337.366,2832.0
2021-11-16 15:00:00+00:00,339.5,340.78,336.88,338.43,421885.0,338.713,1894.0
2021-11-16 16:00:00+00:00,338.48,346.97,338.47,345.95,343964.0,342.215,1492.0
2021-11-16 17:00:00+00:00,346.5,347.4,343.5,344.38,327835.0,345.496,1344.0
2021-11-16 18:00:00+00:00,344.55,346.04,343.01,343.38,203797.0,344.583,886.0
2021-11-16 19:00:00+00:00,343.2,344.74,341.87,342.88,172516.0,343.284,848.0
2021-11-16 20:00:00+00:00,342.96,343.34,340.44,342.13,372759.0,341.927,2014.0
2021-11-17 14:30:00+00:00,342.03,344.25,338.78,339.18,292755.0,341.058,1364.0
2021-11-17 15:00:00+00:00,339.01,341.05,338.18,340.1,385097.0,339.653,1955.0
2021-11-17 16:00:00+00:00,340.42,344.5,339.67,344.46,324002.0,342.242,1532.0
2021-11-17 17:00:00+00:00,344.36,345.45,341.81,343.6,339715.0,343.59,1436.0
2021-11-17 18:00:00+00:00,343.47,348.49,343.47,345.6,421172.0,346.23,1804.0
2021-11-17 19:00:00+00:00,345.57,346.3,342.53,344.88,273785.0,344.422,1189.0
2021-11-17 20:00:00+00:00,345.06,346.53,343.74,346.53,290409.0,345.279,1721.0
2021-11-18 14:30:00+00:00,342.48,344.84,336.69,337.18,617118.0,339.847,2361.0
2021-11-18 15:00:00+00:00,336.85,337.99,331.29,332.98,994734.0,334.682,3442.0
2021-11-18 16:00:00+00:00,332.75,333.79,330.08,331.2,334153.0,331.634,1671.0
2021-11-18 17:00:00+00:00,331.19,333.18,328.88,329.07,401283.0,331.447,1709.0
2021-11-18 18:00:00+00:00,329.2,330.19,323.78,325.86,532804.0,326.936,2607.0
2021-11-18 19:00:00+00:00,325.82,327.84,324.12,326.39,352861.0,325.875,1392.0
2021-11-18 20:00:00+00:00,326.3,326.64,323.41,323.41,479431.0,324.795,2939.0
2021-11-19 14:30:00+00:00,325.55,334.11,325.4,333.82,575785.0,330.099,2278.0
2021-11-19 15:00:00+00:00,332.9,335.3,330.04,334.54,428418.0,332.714,2130.0
2021-11-19 16:00:00+00:00,334.63,337.68,333.71,337.11,295807.0,335.939,1466.0
2021-11-19 17:00:00+00:00,337.01,339.41,335.83,337.93,380076.0,337.693,1462.0
2021-11-19 18:00:00+00:00,337.89,338.0,333.27,335.15,198517.0,335.37,894.0
2021-11-19 19:00:00+00:00,335.44,335.67,334.02,334.15,172290.0,334.888,728.0
2021-11-19 20:00:00+00:00,334.15,334.38,330.65,332.51,330008.0,332.268,2148.0
2021-11-22 14:30:00+00:00,333.6,335.5,326.26,330.0,479514.0,330.34,1841.0
2021-11-22 15:00:00+00:00,330.0,335.9,325.7,327.27,480406.0,331.088,2107.0
2021-11-22 16:00:00+00:00,327.03,327.54,310.67,315.57,693005.0,319.0,3969.0
2021-11-22 17:00:00+00:00,315.88,317.34,312.09,315.8,445142.0,314.514,2688.0
2021-11-22 18:00:00+00:00,315.6,318.1,314.95,316.7,220705.0,316.648,1178.0
2021-11-22 19:00:00+00:00,317.03,321.18,316.6,320.01,271186.0,318.874,1714.0
2021-11-22 20:00:00+00:00,320.06,321.3,315.13,315.15,554339.0,318.03,3283.0
2021-11-23 14:30:00+00:00,313.0,319.7,311.26,318.56,385002.0,315.319,1529.0
2021-11-23 15:00:00+00:00,318.09,318.68,306.01,306.02,418864.0,311.758,2138.0
2021-11-23 16:00:00+00:00,306.1,314.85,304.6,313.71,356729.0,309.727,1997.0
2021-11-23 17:00:00+00:00,313.48,314.2,311.02,311.8,141040.0,312.665,744.0
2021-11-23 18:00:00+00:00,311.63,312.52,308.94,309.44,163738.0,310.65,806.0
2021-11-23 19:00:00+00:00,309.38,314.7,306.69,314.35,281360.0,310.27,1198.0
2021-11-23 20:00:00+00:00,314.6,317.82,313.13,316.94,453190.0,315.687,2555.0
2021-11-24 14:30:00+00:00,309.38,313.09,305.88,312.5,380406.0,309.061,1547.0
2021-11-24 15:00:00+00:00,312.47,315.17,310.2,313.41,342851.0,313.603,1631.0
2021-11-24 16:00:00+00:00,313.06,316.32,311.01,314.62,291841.0,314.296,1357.0
2021-11-24 17:00:00+00:00,314.56,314.67,312.0,313.85,149669.0,313.476,775.0
2021-11-24 18:00:00+00:00,313.83,314.97,311.32,313.0,144251.0,313.468,823.0
2021-11-24 19:00:00+00:00,313.0,314.4,311.13,313.27,114920.0,313.025,703.0
2021-11-24 20:00:00+00:00,313.09,314.34,312.26,312.37,326417.0,313.412,1953.0
2021-11-26 14:30:00+00:00,301.3,307.0,299.15,304.67,556752.0,302.524,2510.0
2021-11-26 15:00:00+00:00,305.01,307.92,303.01,303.95,349036.0,305.292,1930.0
2021-11-26 16:00:00+00:00,304.22,304.79,300.49,302.05,274966.0,302.024,1684.0
2021-11-26 17:00:00+00:00,302.05,304.99,301.5,302.77,424470.0,303.146,1982.0
2021-11-29 14:30:00+00:00,311.56,317.27,306.75,316.14,615879.0,312.218,2738.0
2021-11-29 15:00:00+00:00,316.31,316.62,308.18,313.35,389228.0,312.479,2162.0
2021-11-29 16:00:00+00:00,313.39,317.71,312.5,316.52,307277.0,315.138,1847.0
2021-11-29 17:00:00+00:00,316.67,319.11,316.2,318.39,318150.0,317.975,1756.0
2021-11-29 18:00:00+00:00,318.28,321.3,317.23,321.1,217233.0,319.263,1176.0
2021-11-29 19:00:00+00:00,321.12,321.58,317.81,320.37,201481.0,320.278,1080.0
2021-11-29 20:00:00+00:00,320.36,321.58,318.93,319.0,318708.0,320.066,2088.0
2021-11-30 14:30:00+00:00,320.75,329.42,320.46,328.25,510930.0,325.528,2754.0
2021-11-30 15:00:00+00:00,328.14,331.7,313.28,314.33,791382.0,325.616,4731.0
2021-11-30 16:00:00+00:00,314.02,321.0,310.98,317.5,493803.0,316.983,2900.0
2021-11-30 17:00:00+00:00,317.92,319.6,313.58,318.62,227084.0,316.87,1371.0
2021-11-30 18:00:00+00:00,318.38,319.42,312.0,319.09,257672.0,316.162,1625.0
2021-11-30 19:00:00+00:00,319.39,321.0,315.0,317.06,272415.0,318.573,1667.0
2021-11-30 20:00:00+00:00,317.19,318.85,314.21,315.65,451110.0,316.22,3348.0
2021-12-01 14:30:00+00:00,319.75,323.0,316.06,318.28,413745.0,319.898,2014.0
2021-12-01 15:00:00+00:00,318.18,319.94,313.54,316.66,333620.0,316.744,1899.0
2021-12-01 16:00:00+00:00,316.46,319.5,311.52,311.69,277289.0,316.324,1635.0
2021-12-01 17:00:00+00:00,311.69,313.99,307.26,307.42,291203.0,311.471,1706.0
2021-12-01 18:00:00+00:00,307.42,309.84,305.0,307.82,275707.0,307.401,1522.0
2021-12-01 19:00:00+00:00,307.5,308.4,303.29,305.14,223410.0,305.693,1543.0
2021-12-01 20:00:00+00:00,305.45,306.16,293.7,294.5,731239.0,298.723,4606.0
2021-12-02 14:30:00+00:00,295.16,305.32,294.72,299.56,366077.0,299.551,1843.0
2021-12-02 15:00:00+00:00,299.42,301.76,284.55,287.71,592798.0,291.007,3668.0
2021-12-02 16:00:00+00:00,287.7,291.69,286.65,289.51,242475.0,289.141,1574.0
2021-12-02 17:00:00+00:00,289.68,292.74,288.51,290.6,249355.0,290.865,1436.0
2021-12-02 18:00:00+00:00,290.35,291.19,287.3,291.0,223823.0,289.274,1657.0
2021-12-02 19:00:00+00:00,290.94,292.64,287.77,288.17,181456.0,290.652,1284.0
2021-12-02 20:00:00+00:00,288.15,288.78,283.82,284.44,986509.0,285.912,6524.0
2021-12-03 14:30:00+00:00,286.0,286.01,263.86,267.88,742168.0,274.006,3702.0
2021-12-03 15:00:00+00:00,268.31,272.38,260.8,264.64,1101425.0,266.93,5318.0
2021-12-03 16:00:00+00:00,264.42,265.56,258.88,261.59,666654.0,262.771,3766.0
2021-12-03 17:00:00+00:00,261.63,265.87,258.8,262.59,446970.0,262.582,2642.0
2021-12-03 18:00:00+00:00,261.93,265.33,260.82,261.73,239120.0,263.038,1575.0
2021-12-03 19:00:00+00:00,261.66,264.23,259.85,261.39,330760.0,261.946,2099.0
2021-12-03 20:00:00+00:00,261.63,266.09,258.16,265.65,604264.0,262.222,4341.0
2021-12-06 14:30:00+00:00,253.04,257.0,244.46,255.69,891871.0,251.182,4432.0
2021-12-06 15:00:00+00:00,255.33,262.93,251.68,261.75,803323.0,258.155,3815.0
2021-12-06 16:00:00+00:00,262.0,264.32,257.32,263.95,366507.0,261.149,1842.0
2021-12-06 17:00:00+00:00,264.0,265.55,262.52,264.54,248880.0,264.434,1466.0
2021-12-06 18:00:00+00:00,264.5,266.82,262.22,265.42,240323.0,265.401,1223.0
2021-12-06 19:00:00+00:00,265.72,266.87,262.8,264.0,218311.0,264.685,1323.0
2021-12-06 20:00:00+00:00,263.88,267.23,263.14,263.24,468814.0,264.858,3099.0
2021-12-07 14:30:00+00:00,277.65,282.81,274.91,282.04,704555.0,279.074,3476.0
2021-12-07 15:00:00+00:00,282.18,283.8,279.57,280.66,550271.0,281.745,3308.0
2021-12-07 16:00:00+00:00,280.51,285.16,280.51,284.17,472264.0,283.771,2601.0
2021-12-07 17:00:00+00:00,284.15,287.95,283.69,287.45,310924.0,285.31,1802.0
2021-12-07 18:00:00+00:00,287.42,288.32,285.56,286.82,247347.0,286.723,1360.0
2021-12-07 19:00:00+00:00,287.09,290.06,286.2,289.09,195904.0,288.066,1164.0
2021-12-07 20:00:00+00:00,289.28,290.19,283.65,286.19,447799.0,285.959,2981.0
2021-12-08 14:30:00+00:00,284.14,288.77,278.29,285.93,412359.0,283.541,1942.0
2021-12-08 15:00:00+00:00,285.68,290.0,283.0,287.0,358509.0,286.83,1715.0
2021-12-08 16:00:00+00:00,286.88,288.42,285.46,285.9,162621.0,286.732,909.0
2021-12-08 17:00:00+00:00,285.85,287.0,283.5,285.14,118472.0,285.146,761.0
2021-12-08 18:00:00+00:00,285.32,288.18,284.77,286.7,125766.0,286.749,673.0
2021-12-08 19:00:00+00:00,286.86,287.5,283.81,287.21,113856.0,285.706,626.0
2021-12-08 20:00:00+00:00,287.32,287.74,284.39,287.48,336408.0,286.126,2184.0
2021-12-09 14:30:00+00:00,284.97,284.99,275.0,277.48,381258.0,280.228,2243.0
2021-12-09 15:00:00+00:00,277.22,280.66,273.62,275.49,483631.0,277.003,2775.0
2021-12-09 16:00:00+00:00,275.12,275.7,272.49,272.75,402726.0,273.948,2089.0
2021-12-09 17:00:00+00:00,272.68,273.19,265.15,265.5,497207.0,269.276,2705.0
2021-12-09 18:00:00+00:00,265.53,266.66,259.33,259.76,560238.0,263.044,3313.0
2021-12-09 19:00:00+00:00,259.81,261.98,259.35,259.5,390364.0,260.88,2343.0
2021-12-09 20:00:00+00:00,259.46,265.13,258.92,263.94,672032.0,262.13,4639.0
2021-12-10 14:30:00+00:00,266.31,269.19,256.62,258.58,474793.0,261.826,2544.0
2021-12-10 15:00:00+00:00,258.39,261.85,252.2,252.63,539452.0,256.47,3198.0
2021-12-10 16:00:00+00:00,252.51,254.18,250.15,252.8,492458.0,251.87,2514.0
2021-12-10 17:00:00+00:00,252.77,256.46,250.51,255.51,600600.0,253.575,2935.0
2021-12-10 18:00:00+00:00,255.35,257.5,253.44,254.05,344806.0,255.681,1834.0
2021-12-10 19:00:00+00:00,253.9,254.18,251.38,252.28,316241.0,252.344,1465.0
2021-12-10 20:00:00+00:00,252.04,256.22,251.88,255.7,475358.0,254.324,3302.0
2021-12-13 14:30:00+00:00,252.76,255.48,250.34,251.88,340519.0,252.997,1746.0
2021-12-13 15:00:00+00:00,251.96,256.5,247.56,248.57,509887.0,251.087,2908.0
2021-12-13 16:00:00+00:00,248.37,248.47,244.8,247.74,380383.0,246.018,2260.0
2021-12-13 17:00:00+00:00,247.46,250.35,246.73,248.31,177711.0,248.621,1073.0
2021-12-13 18:00:00+00:00,248.37,252.91,248.24,252.54,147464.0,250.809,860.0
2021-12-13 19:00:00+00:00,252.0,252.39,246.9,249.33,241881.0,249.094,1502.0
2021-12-13 20:00:00+00:00,249.33,252.0,249.05,251.58,364481.0,250.842,2432.0
2021-12-14 14:30:00+00:00,247.5,251.0,243.5,250.06,401435.0,248.052,1911.0
2021-12-14 15:00:00+00:00,249.75,260.5,248.12,254.0,555046.0,254.781,3168.0
2021-12-14 16:00:00+00:00,253.79,254.47,248.58,251.02,345548.0,250.863,1715.0
2021-12-14 17:00:00+00:00,250.81,251.98,249.1,250.45,115823.0,250.679,703.0
2021-12-14 18:00:00+00:00,250.93,254.12,250.62,251.16,160914.0,252.044,936.0
2021-12-14 19:00:00+00:00,250.82,256.53,250.06,254.86,237892.0,254.034,1286.0
2021-12-14 20:00:00+00:00,254.78,258.91,253.43,255.9,417738.0,256.167,2773.0
2021-12-15 14:30:00+00:00,255.25,255.25,246.6,250.0,241818.0,250.653,1244.0
2021-12-15 15:00:00+00:00,249.83,251.99,247.96,249.47,371835.0,250.517,2151.0
2021-12-15 16:00:00+00:00,249.63,249.71,245.57,246.93,255273.0,247.332,1514.0
2021-12-15 17:00:00+00:00,246.8,247.32,242.26,245.8,452123.0,244.481,2670.0
2021-12-15 18:00:00+00:00,245.82,251.85,245.56,251.85,184881.0,248.353,1157.0
2021-12-15 19:00:00+00:00,251.61,257.73,248.41,252.46,553083.0,253.892,3232.0
2021-12-15 20:00:00+00:00,252.48,261.17,252.31,258.12,835415.0,257.948,4645.0
2021-12-16 14:30:00+00:00,264.6,268.26,253.5,254.01,503821.0,260.831,2388.0
2021-12-16 15:00:00+00:00,253.73,256.29,250.86,254.52,329241.0,253.698,1708.0
2021-12-16 16:00:00+00:00,255.0,255.72,250.06,250.49,249212.0,252.525,1422.0
2021-12-16 17:00:00+00:00,250.14,251.62,248.66,248.97,198682.0,250.06,1070.0
2021-12-16 18:00:00+00:00,249.08,251.72,249.08,249.6,99745.0,250.489,520.0
2021-12-16 19:00:00+00:00,249.69,250.33,244.63,246.34,231696.0,246.872,1315.0
2021-12-16 20:00:00+00:00,246.14,249.21,245.6,246.81,324335.0,247.239,1877.0
2021-12-17 14:30:00+00:00,240.0,244.72,236.0,242.67,482816.0,240.369,2178.0
2021-12-17 15:00:00+00:00,241.94,248.07,239.06,246.96,502090.0,244.121,2395.0
2021-12-17 16:00:00+00:00,246.88,250.48,243.0,246.1,414080.0,246.789,2354.0
2021-12-17 17:00:00+00:00,246.0,246.89,244.34,246.04,133313.0,245.573,780.0
2021-12-17 18:00:00+00:00,245.91,247.5,244.69,246.72,269989.0,246.394,1077.0
2021-12-17 19:00:00+00:00,246.79,246.91,244.38,244.58,213202.0,245.361,805.0
2021-12-17 20:00:00+00:00,244.45,245.75,242.55,243.35,496845.0,243.825,3168.0
2021-12-20 14:30:00+00:00,236.56,238.01,234.03,237.36,465949.0,236.076,2157.0
2021-12-20 15:00:00+00:00,237.22,239.07,232.5,233.21,405657.0,235.542,2187.0
2021-12-20 16:00:00+00:00,233.11,236.32,231.77,235.87,261178.0,233.688,1409.0
2021-12-20 17:00:00+00:00,235.73,236.29,232.6,233.33,164375.0,234.387,982.0
2021-12-20 18:00:00+00:00,233.28,236.3,232.61,236.09,151460.0,234.148,914.0
2021-12-20 19:00:00+00:00,236.35,236.9,234.52,236.49,195771.0,235.955,1271.0
2021-12-20 20:00:00+00:00,236.43,239.37,236.43,238.05,451479.0,238.062,2888.0
2021-12-21 14:30:00+00:00,244.15,246.09,241.52,242.12,341495.0,244.451,1892.0
2021-12-21 15:00:00+00:00,242.52,245.0,240.33,240.89,228104.0,242.641,1353.0
2021-12-21 16:00:00+00:00,240.76,245.75,239.59,244.05,208450.0,243.336,1366.0
2021-12-21 17:00:00+00:00,244.22,245.49,243.88,245.12,112740.0,244.67,701.0
2021-12-21 18:00:00+00:00,245.34,247.7,244.76,245.86,216477.0,246.279,1298.0
2021-12-21 19:00:00+00:00,245.79,246.67,244.0,246.4,209749.0,245.329,1181.0
2021-12-21 20:00:00+00:00,246.41,248.12,244.87,247.49,300555.0,246.462,1904.0
2021-12-22 14:30:00+00:00,248.75,251.65,245.64,248.05,254817.0,248.687,1144.0
2021-12-22 15:00:00+00:00,247.78,250.97,246.33,250.75,228359.0,248.946,1222.0
2021-12-22 16:00:00+00:00,250.92,254.79,250.54,252.34,275571.0,253.232,1681.0
2021-12-22 17:00:00+00:00,252.47,254.56,251.0,252.85,367996.0,253.269,1658.0
2021-12-22 18:00:00+00:00,252.98,253.17,249.73,251.18,218185.0,251.048,1099.0
2021-12-22 19:00:00+00:00,251.24,254.38,250.01,253.41,276186.0,252.342,1491.0
2021-12-22 20:00:00+00:00,253.41,254.77,252.1,254.56,571087.0,253.703,3565.0
2021-12-23 14:30:00+00:00,256.58,258.0,253.5,255.66,312454.0,255.515,1393.0
2021-12-23 15:00:00+00:00,255.32,259.69,255.0,259.1,326458.0,257.709,1927.0
2021-12-23 16:00:00+00:00,259.13,260.9,257.87,260.8,298447.0,259.361,1358.0
2021-12-23 17:00:00+00:00,260.55,264.53,260.29,264.24,338207.0,262.247,1840.0
2021-12-23 18:00:00+00:00,264.38,265.7,263.38,263.78,306784.0,264.513,1669.0
2021-12-23 19:00:00+00:00,263.82,269.31,263.81,267.24,388788.0,267.044,2213.0
2021-12-23 20:00:00+00:00,267.28,269.2,266.0,268.15,531262.0,267.687,3365.0
2021-12-27 14:30:00+00:00,270.45,277.73,270.2,274.89,653279.0,273.458,2779.0
2021-12-27 15:00:00+00:00,274.89,278.98,274.0,278.83,504904.0,277.198,2849.0
2021-12-27 16:00:00+00:00,278.77,279.71,276.5,279.35,250792.0,278.426,1395.0
2021-12-27 17:00:00+00:00,279.35,281.43,279.1,281.09,266493.0,280.401,1465.0
2021-12-27 18:00:00+00:00,281.01,281.99,278.0,279.5,245977.0,280.235,1351.0
2021-12-27 19:00:00+00:00,279.62,281.77,279.29,279.61,250611.0,280.507,1444.0
2021-12-27 20:00:00+00:00,279.51,280.34,276.44,280.13,486237.0,278.74,2647.0
2021-12-28 14:30:00+00:00,270.0,270.98,262.5,267.99,638116.0,267.246,2794.0
2021-12-28 15:00:00+00:00,267.75,269.35,262.81,263.13,496830.0,265.23,2685.0
2021-12-28 16:00:00+00:00,263.49,263.86,260.25,261.44,417643.0,261.762,2194.0
2021-12-28 17:00:00+00:00,261.32,262.52,259.69,261.74,386093.0,260.842,1800.0
2021-12-28 18:00:00+00:00,261.73,263.23,261.03,262.4,159045.0,262.283,750.0
2021-12-28 19:00:00+00:00,262.4,264.46,261.8,262.69,171707.0,262.929,920.0
2021-12-28 20:00:00+00:00,262.6,262.89,260.44,261.33,356547.0,261.776,2098.0
2021-12-29 14:30:00+00:00,256.96,263.01,255.95,258.03,391509.0,259.147,1524.0
2021-12-29 15:00:00+00:00,258.04,258.04,252.61,256.92,433373.0,255.455,2231.0
2021-12-29 16:00:00+00:00,256.89,257.06,253.76,255.2,206886.0,255.19,1048.0
2021-12-29 17:00:00+00:00,255.09,255.16,253.09,253.74,170147.0,253.924,763.0
2021-12-29 18:00:00+00:00,253.79,253.79,252.08,252.49,209380.0,252.76,1041.0
2021-12-29 19:00:00+00:00,252.49,253.38,251.36,252.64,245341.0,252.343,1210.0
2021-12-29 20:00:00+00:00,252.73,253.07,251.39,252.64,341136.0,252.182,2109.0
2021-12-30 14:30:00+00:00,252.6,256.3,252.04,256.27,310755.0,253.871,1228.0
2021-12-30 15:00:00+00:00,256.0,260.0,255.74,257.08,480660.0,257.94,2468.0
2021-12-30 16:00:00+00:00,257.42,259.27,255.55,259.0,248548.0,257.701,1454.0
2021-12-30 17:00:00+00:00,259.05,259.47,256.77,258.0,207057.0,257.925,1191.0
2021-12-30 18:00:00+00:00,257.96,259.4,257.56,259.26,153563.0,258.429,787.0
2021-12-30 19:00:00+00:00,259.26,259.61,258.2,258.66,126165.0,258.983,757.0
2021-12-30 20:00:00+00:00,258.6,258.75,256.08,256.77,263215.0,257.581,1394.0
2021-12-31 14:30:00+00:00,255.93,259.22,254.9,257.0,210320.0,256.892,772.0
2021-12-31 15:00:00+00:00,257.44,258.7,254.5,255.27,229920.0,256.386,1331.0
2021-12-31 16:00:00+00:00,255.05,256.19,254.0,254.71,198747.0,255.098,1064.0
2021-12-31 17:00:00+00:00,254.92,256.9,254.29,256.74,154003.0,255.891,800.0
2021-12-31 18:00:00+00:00,256.88,256.88,254.0,255.14,140029.0,255.084,731.0
2021-12-31 19:00:00+00:00,255.05,255.38,252.76,253.07,180300.0,254.116,966.0
2021-12-31 20:00:00+00:00,252.97,253.74,251.52,252.37,321727.0,252.521,2072.0
2022-01-03 14:30:00+00:00,256.27,256.46,251.29,252.44,345651.0,254.083,1563.0
2022-01-03 15:00:00+00:00,252.94,257.03,252.6,254.69,461341.0,255.106,2292.0
2022-01-03 16:00:00+00:00,254.91,255.33,251.41,252.92,282343.0,252.972,1375.0
2022-01-03 17:00:00+00:00,252.85,255.76,252.78,254.59,256161.0,254.342,1059.0
2022-01-03 18:00:00+00:00,254.45,254.97,252.43,253.03,183248.0,253.457,857.0
2022-01-03 19:00:00+00:00,253.0,254.05,252.3,253.11,165977.0,253.28,844.0
2022-01-03 20:00:00+00:00,253.0,253.2,250.64,251.05,319687.0,251.734,1820.0
2022-01-04 14:30:00+00:00,253.05,258.81,253.03,256.07,408475.0,256.194,1468.0
2022-01-04 15:00:00+00:00,256.08,256.44,245.7,245.87,539897.0,249.981,2584.0
2022-01-04 16:00:00+00:00,245.76,249.95,244.14,248.64,290915.0,246.935,1671.0
2022-01-04 17:00:00+00:00,248.42,251.75,247.46,250.23,386149.0,249.483,1580.0
2022-01-04 18:00:00+00:00,250.16,250.76,246.23,246.87,171699.0,248.795,937.0
2022-01-04 19:00:00+00:00,246.58,248.75,246.01,248.7,171522.0,247.501,1032.0
2022-01-04 20:00:00+00:00,248.81,250.83,248.57,249.75,319907.0,249.993,1949.0
2022-01-05 14:30:00+00:00,246.95,248.69,241.5,243.76,367565.0,244.889,1992.0
2022-01-05 15:00:00+00:00,243.5,245.43,242.3,244.29,460960.0,243.971,2254.0
2022-01-05 16:00:00+00:00,244.05,244.94,243.0,243.34,252437.0,243.778,1412.0
2022-01-05 17:00:00+00:00,243.32,244.99,241.32,242.0,355202.0,243.043,2005.0
2022-01-05 18:00:00+00:00,241.79,242.36,239.17,240.93,432134.0,240.719,2028.0
2022-01-05 19:00:00+00:00,240.93,242.8,235.53,235.87,507542.0,238.038,3059.0
2022-01-05 20:00:00+00:00,235.86,236.75,232.86,234.23,899560.0,234.86,5588.0
2022-01-06 14:30:00+00:00,233.24,235.0,226.28,227.83,926813.0,230.274,5054.0
2022-01-06 15:00:00+00:00,227.83,231.0,224.88,230.67,784535.0,227.356,5100.0
2022-01-06 16:00:00+00:00,230.78,234.59,230.41,233.93,365743.0,232.355,2153.0
2022-01-06 17:00:00+00:00,233.79,235.47,231.55,233.9,404457.0,233.842,2145.0
2022-01-06 18:00:00+00:00,234.05,234.52,231.52,234.17,198843.0,233.378,1199.0
2022-01-06 19:00:00+00:00,234.17,235.6,233.2,234.69,179837.0,234.593,1271.0
2022-01-06 20:00:00+00:00,234.7,235.98,233.19,233.85,295737.0,234.279,2029.0
2022-01-07 14:30:00+00:00,233.64,238.48,231.2,237.04,234400.0,235.403,1288.0
2022-01-07 15:00:00+00:00,236.82,237.36,227.59,229.49,451918.0,231.482,2499.0
2022-01-07 16:00:00+00:00,229.31,234.0,228.2,232.75,267502.0,231.02,1721.0
2022-01-07 17:00:00+00:00,233.04,233.18,230.0,231.66,166156.0,231.5,1049.0
2022-01-07 18:00:00+00:00,231.53,233.7,231.35,232.23,178388.0,232.397,974.0
2022-01-07 19:00:00+00:00,232.18,232.44,229.0,230.71,277912.0,230.265,1625.0
2022-01-07 20:00:00+00:00,230.85,232.68,230.61,232.33,309236.0,231.806,2080.0
2022-01-10 14:30:00+00:00,224.51,225.0,215.41,217.84,1077657.0,219.879,6100.0
2022-01-10 15:00:00+00:00,217.67,218.32,214.64,216.84,938476.0,216.747,5019.0
2022-01-10 16:00:00+00:00,216.68,223.41,215.11,221.81,834394.0,219.87,4273.0
2022-01-10 17:00:00+00:00,221.81,222.0,217.92,220.8,436991.0,219.592,2849.0
2022-01-10 18:00:00+00:00,220.73,222.4,220.32,221.56,394986.0,221.527,1740.0
2022-01-10 19:00:00+00:00,221.59,224.32,221.46,222.36,401525.0,222.884,2026.0
2022-01-10 20:00:00+00:00,222.38,225.26,220.73,225.14,552170.0,223.451,3198.0
2022-01-11 14:30:00+00:00,225.62,228.5,223.19,225.1,425865.0,225.222,2177.0
2022-01-11 15:00:00+00:00,224.93,228.49,222.18,224.69,715815.0,225.623,3584.0
2022-01-11 16:00:00+00:00,225.0,230.87,224.66,230.21,596818.0,228.86,3014.0
2022-01-11 17:00:00+00:00,230.26,233.57,230.22,233.49,692488.0,231.806,3427.0
2022-01-11 18:00:00+00:00,233.55,238.0,233.42,236.03,601408.0,235.926,2963.0
2022-01-11 19:00:00+00:00,235.98,236.77,234.3,235.64,234043.0,235.472,1174.0
2022-01-11 20:00:00+00:00,235.76,237.52,235.25,237.52,382313.0,236.457,2354.0
2022-01-12 14:30:00+00:00,242.21,246.27,240.17,242.19,682647.0,242.971,3251.0
2022-01-12 15:00:00+00:00,241.75,242.36,235.41,237.56,524536.0,239.331,3063.0
2022-01-12 16:00:00+00:00,237.59,238.88,235.47,238.35,318262.0,237.523,1591.0
2022-01-12 17:00:00+00:00,238.43,240.74,236.61,240.21,187957.0,239.029,937.0
2022-01-12 18:00:00+00:00,240.34,240.34,237.85,238.15,143588.0,238.806,850.0
2022-01-12 19:00:00+00:00,238.06,238.75,237.05,237.48,109362.0,237.856,601.0
2022-01-12 20:00:00+00:00,237.55,237.8,234.42,234.44,382675.0,235.467,2494.0
2022-01-13 14:30:00+00:00,242.0,242.87,238.71,239.78,393930.0,240.821,1783.0
2022-01-13 15:00:00+00:00,239.92,239.94,231.3,232.3,424839.0,235.055,2114.0
2022-01-13 16:00:00+00:00,232.0,235.39,230.75,234.81,294700.0,232.835,1556.0
2022-01-13 17:00:00+00:00,234.81,234.97,229.46,230.53,308481.0,231.123,1449.0
2022-01-13 18:00:00+00:00,230.79,233.55,230.1,233.1,250699.0,232.271,1341.0
2022-01-13 19:00:00+00:00,232.99,234.55,232.19,233.65,246932.0,233.344,1197.0
2022-01-13 20:00:00+00:00,233.62,233.62,227.19,228.27,477897.0,229.329,3126.0
2022-01-14 14:30:00+00:00,226.62,232.0,225.0,230.7,357400.0,229.256,1383.0
2022-01-14 15:00:00+00:00,230.96,230.96,224.5,224.67,496314.0,227.514,2871.0
2022-01-14 16:00:00+00:00,224.78,225.76,222.81,224.96,359469.0,224.204,2249.0
2022-01-14 17:00:00+00:00,224.87,225.17,222.9,223.88,513633.0,224.132,2626.0
2022-01-14 18:00:00+00:00,223.71,225.95,222.3,225.2,323311.0,223.682,1804.0
2022-01-14 19:00:00+00:00,225.25,225.97,223.7,225.6,249650.0,224.84,1718.0
2022-01-14 20:00:00+00:00,225.71,230.34,225.67,230.03,467147.0,228.596,2977.0
2022-01-18 14:30:00+00:00,226.82,227.1,219.6,222.35,507486.0,222.597,2156.0
2022-01-18 15:00:00+00:00,222.26,227.19,221.38,223.47,309682.0,224.194,1716.0
2022-01-18 16:00:00+00:00,223.26,224.71,220.77,222.66,226536.0,222.585,1192.0
2022-01-18 17:00:00+00:00,222.72,223.7,221.12,221.19,252574.0,222.081,1236.0
2022-01-18 18:00:00+00:00,221.19,223.25,220.06,223.15,215839.0,221.259,1180.0
2022-01-18 19:00:00+00:00,223.03,224.99,222.02,223.46,209992.0,223.388,1294.0
2022-01-18 20:00:00+00:00,223.36,224.24,221.25,221.84,404506.0,222.348,2507.0
2022-01-19 14:30:00+00:00,224.25,226.77,222.51,225.47,279270.0,224.802,1197.0
2022-01-19 15:00:00+00:00,225.48,227.17,219.55,221.25,366280.0,222.571,1847.0
2022-01-19 16:00:00+00:00,221.14,222.28,218.82,221.55,259888.0,220.264,1463.0
2022-01-19 17:00:00+00:00,221.49,225.38,220.71,225.17,349145.0,223.682,1857.0
2022-01-19 18:00:00+00:00,225.13,225.3,222.75,225.03,161468.0,223.889,796.0
2022-01-19 19:00:00+00:00,225.0,225.49,221.6,222.5,165993.0,222.7,830.0
2022-01-19 20:00:00+00:00,222.44,223.77,219.12,219.5,265531.0,220.878,1731.0
2022-01-20 14:30:00+00:00,222.3,228.87,221.25,228.0,477096.0,225.256,2352.0
2022-01-20 15:00:00+00:00,228.0,231.87,226.76,231.11,483772.0,229.423,2861.0
2022-01-20 16:00:00+00:00,230.9,232.0,228.6,230.51,258565.0,230.202,1573.0
2022-01-20 17:00:00+00:00,230.6,230.64,228.1,228.33,165845.0,229.683,971.0
2022-01-20 18:00:00+00:00,228.27,228.33,226.0,226.05,202009.0,227.078,1126.0
2022-01-20 19:00:00+00:00,226.11,228.57,224.59,225.62,242217.0,226.517,1344.0
2022-01-20 20:00:00+00:00,225.8,226.67,220.83,221.63,445911.0,222.353,2605.0
2022-01-21 14:30:00+00:00,209.98,210.3,190.91,192.08,2093007.0,201.81,10764.0
2022-01-21 15:00:00+00:00,192.45,199.73,186.86,196.36,2895730.0,193.39,15619.0
2022-01-21 16:00:00+00:00,196.64,200.24,194.69,197.03,1000307.0,197.308,5928.0
2022-01-21 17:00:00+00:00,196.99,198.3,193.65,195.21,632238.0,195.606,3872.0
2022-01-21 18:00:00+00:00,195.24,196.46,193.14,194.55,501557.0,194.975,3015.0
2022-01-21 19:00:00+00:00,194.6,195.87,190.4,190.63,520312.0,193.144,2977.0
2022-01-21 20:00:00+00:00,190.63,195.31,189.04,191.98,1237319.0,192.16,8127.0
2022-01-24 14:30:00+00:00,173.48,180.26,170.0,173.8,1703279.0,174.579,7763.0
2022-01-24 15:00:00+00:00,174.02,176.0,162.51,170.11,1950132.0,168.844,10327.0
2022-01-24 16:00:00+00:00,170.25,170.78,164.33,166.68,802690.0,167.427,4208.0
2022-01-24 17:00:00+00:00,166.57,174.0,163.5,173.56,1066828.0,168.451,5495.0
2022-01-24 18:00:00+00:00,173.71,188.3,172.08,187.5,1368917.0,180.35,6668.0
2022-01-24 19:00:00+00:00,187.63,190.0,180.12,186.13,859303.0,185.702,4571.0
2022-01-24 20:00:00+00:00,186.25,191.86,182.8,191.68,969853.0,188.482,5294.0
2022-01-25 14:30:00+00:00,185.33,189.49,179.0,180.58,709843.0,184.311,3287.0
2022-01-25 15:00:00+00:00,180.58,185.97,177.15,181.93,716392.0,182.041,3997.0
2022-01-25 16:00:00+00:00,181.99,187.32,180.51,184.99,553414.0,183.698,2850.0
2022-01-25 17:00:00+00:00,184.95,189.99,183.52,185.0,530347.0,187.131,2885.0
2022-01-25 18:00:00+00:00,185.1,188.99,184.21,188.99,458919.0,186.371,2123.0
2022-01-25 19:00:00+00:00,188.99,193.12,186.52,192.27,684528.0,190.103,3323.0
2022-01-25 20:00:00+00:00,192.44,192.45,184.75,185.52,634571.0,186.885,3804.0
2022-01-26 14:30:00+00:00,193.61,194.9,189.36,194.24,577900.0,192.787,2611.0
2022-01-26 15:00:00+00:00,194.45,195.62,192.59,193.55,783638.0,194.039,4358.0
2022-01-26 16:00:00+00:00,193.31,196.98,190.96,196.23,471624.0,195.02,2399.0
2022-01-26 17:00:00+00:00,196.34,198.06,196.01,196.69,337086.0,197.138,1863.0
2022-01-26 18:00:00+00:00,196.64,196.64,192.01,192.18,373735.0,194.472,1770.0
2022-01-26 19:00:00+00:00,192.01,197.0,184.6,184.62,1004217.0,190.884,4751.0
2022-01-26 20:00:00+00:00,184.55,184.84,177.0,178.67,1307413.0,179.823,6894.0
2022-01-27 14:30:00+00:00,182.27,182.75,175.71,176.42,631377.0,179.239,3168.0
2022-01-27 15:00:00+00:00,176.58,181.27,173.74,175.87,771759.0,176.964,4040.0
2022-01-27 16:00:00+00:00,176.0,178.13,174.58,176.56,280887.0,176.193,1432.0
2022-01-27 17:00:00+00:00,176.3,176.78,171.32,173.14,338315.0,173.411,2093.0
2022-01-27 18:00:00+00:00,173.03,173.93,168.66,172.01,525891.0,170.499,2690.0
2022-01-27 19:00:00+00:00,171.82,173.75,169.75,170.91,304084.0,171.673,1559.0
2022-01-27 20:00:00+00:00,171.14,172.46,168.58,170.03,696307.0,170.115,3952.0
2022-01-28 14:30:00+00:00,169.1,169.59,163.28,163.93,668214.0,166.159,3586.0
2022-01-28 15:00:00+00:00,163.8,174.88,162.2,174.62,882167.0,168.147,4678.0
2022-01-28 16:00:00+00:00,174.77,180.61,172.61,179.8,978077.0,177.68,5278.0
2022-01-28 17:00:00+00:00,179.89,181.75,175.85,176.06,507165.0,179.209,3306.0
2022-01-28 18:00:00+00:00,176.13,178.43,175.23,176.93,296479.0,176.605,1668.0
2022-01-28 19:00:00+00:00,176.66,177.69,171.14,175.16,498984.0,173.26,2748.0
2022-01-28 20:00:00+00:00,175.37,178.18,172.8,177.5,723415.0,176.021,4368.0
2022-01-31 14:30:00+00:00,177.87,181.82,175.03,181.72,481217.0,178.539,1952.0
2022-01-31 15:00:00+00:00,181.9,187.27,181.43,187.13,662594.0,184.564,3079.0
2022-01-31 16:00:00+00:00,187.35,191.5,184.94,190.79,383047.0,188.584,2033.0
2022-01-31 17:00:00+00:00,190.83,191.97,188.56,191.84,271495.0,190.391,1669.0
2022-01-31 18:00:00+00:00,191.87,192.0,188.59,189.1,253266.0,190.118,1512.0
2022-01-31 19:00:00+00:00,189.17,190.99,188.07,189.31,267999.0,189.723,1224.0
2022-01-31 20:00:00+00:00,189.19,191.04,187.0,190.14,451215.0,189.612,2838.0
2022-02-01 14:30:00+00:00,197.69,198.2,190.25,193.66,543980.0,194.345,2269.0
2022-02-01 15:00:00+00:00,193.9,196.46,188.62,196.46,573475.0,192.363,2960.0
2022-02-01 16:00:00+00:00,196.35,199.94,195.76,199.17,651220.0,197.811,3497.0
2022-02-01 17:00:00+00:00,199.18,201.45,197.42,199.38,489737.0,199.361,2687.0
2022-02-01 18:00:00+00:00,199.38,199.96,194.48,194.99,393317.0,197.795,2085.0
2022-02-01 19:00:00+00:00,195.0,196.73,192.95,196.23,358716.0,194.921,1745.0
2022-02-01 20:00:00+00:00,196.0,198.54,195.92,197.5,553350.0,197.328,2789.0
2022-02-02 14:30:00+00:00,195.81,197.0,188.24,189.5,429063.0,191.989,1929.0
2022-02-02 15:00:00+00:00,189.25,192.24,186.67,187.25,559872.0,189.264,3162.0
2022-02-02 16:00:00+00:00,187.36,187.5,181.73,186.2,512931.0,184.318,3017.0
2022-02-02 17:00:00+00:00,186.2,188.95,184.86,188.88,252495.0,187.071,1509.0
2022-02-02 18:00:00+00:00,188.88,188.99,186.59,187.79,169902.0,187.592,872.0
2022-02-02 19:00:00+00:00,187.76,188.89,185.86,186.7,198641.0,187.134,1213.0
2022-02-02 20:00:00+00:00,186.63,188.14,185.67,187.37,406733.0,186.88,2742.0
2022-02-03 14:30:00+00:00,181.86,185.23,179.0,181.03,438234.0,181.992,2047.0
2022-02-03 15:00:00+00:00,181.02,188.6,180.33,186.96,335144.0,185.272,1851.0
2022-02-03 16:00:00+00:00,186.83,189.3,185.5,185.5,206525.0,187.44,1165.0
2022-02-03 17:00:00+00:00,185.5,186.32,184.24,185.14,153521.0,184.974,915.0
2022-02-03 18:00:00+00:00,185.13,186.04,184.5,185.15,164101.0,184.968,800.0
2022-02-03 19:00:00+00:00,185.05,186.68,182.71,184.01,118133.0,184.442,695.0
2022-02-03 20:00:00+00:00,184.06,184.23,179.87,180.77,553977.0,181.505,3492.0
2022-02-04 14:30:00+00:00,181.02,185.7,177.45,184.48,421157.0,181.753,1974.0
2022-02-04 15:00:00+00:00,184.75,192.53,184.48,188.2,593373.0,189.233,3114.0
2022-02-04 16:00:00+00:00,188.24,192.63,186.27,191.38,449074.0,189.841,2744.0
2022-02-04 17:00:00+00:00,191.65,194.82,190.69,194.46,339967.0,192.818,1892.0
2022-02-04 18:00:00+00:00,194.46,196.11,193.51,195.0,285279.0,195.045,1747.0
2022-02-04 19:00:00+00:00,195.0,197.0,194.16,195.52,226404.0,195.335,1489.0
2022-02-04 20:00:00+00:00,195.6,196.75,193.55,194.5,546752.0,195.188,3198.0
2022-02-07 14:30:00+00:00,198.8,205.5,198.56,203.94,994426.0,202.45,4300.0
2022-02-07 15:00:00+00:00,204.0,205.46,198.2,205.32,824021.0,201.983,4144.0
2022-02-07 16:00:00+00:00,205.3,205.89,200.58,203.87,462913.0,203.746,2648.0
2022-02-07 17:00:00+00:00,203.94,206.64,202.35,206.39,450810.0,205.285,2014.0
2022-02-07 18:00:00+00:00,206.51,207.5,204.43,205.86,353990.0,206.314,1766.0
2022-02-07 19:00:00+00:00,206.06,209.98,205.48,209.38,381748.0,207.935,2185.0
2022-02-07 20:00:00+00:00,209.32,211.11,202.56,205.54,982351.0,206.707,6142.0
2022-02-08 14:30:00+00:00,200.31,205.97,199.54,200.48,704613.0,202.404,2388.0
2022-02-08 15:00:00+00:00,200.3,204.38,196.75,203.81,637975.0,200.124,2511.0
2022-02-08 16:00:00+00:00,203.96,207.31,203.56,204.41,481943.0,204.988,1809.0
2022-02-08 17:00:00+00:00,204.56,205.39,202.25,202.67,322898.0,203.298,1226.0
2022-02-08 18:00:00+00:00,202.62,205.74,201.6,204.7,297682.0,203.872,1144.0
2022-02-08 19:00:00+00:00,204.58,205.53,201.74,202.12,249587.0,203.172,1251.0
2022-02-08 20:00:00+00:00,201.9,209.25,201.85,208.41,672381.0,206.722,2759.0
2022-02-09 14:30:00+00:00,210.18,211.97,207.61,210.48,554012.0,210.133,1830.0
2022-02-09 15:00:00+00:00,210.5,215.25,210.49,213.73,711552.0,213.315,2660.0
2022-02-09 16:00:00+00:00,213.74,214.55,211.9,212.59,233843.0,213.282,1369.0
2022-02-09 17:00:00+00:00,212.41,214.39,212.27,213.85,147536.0,213.293,760.0
2022-02-09 18:00:00+00:00,213.8,214.73,212.33,212.65,168394.0,213.641,1047.0
2022-02-09 19:00:00+00:00,212.66,214.98,212.51,214.25,247240.0,213.695,1528.0
2022-02-09 20:00:00+00:00,214.32,215.17,213.16,214.5,416918.0,214.248,2596.0
2022-02-10 14:30:00+00:00,210.54,210.57,205.67,209.95,536281.0,208.363,2105.0
2022-02-10 15:00:00+00:00,209.88,217.49,209.34,214.17,849376.0,214.127,3801.0
2022-02-10 16:00:00+00:00,214.09,216.0,213.0,215.67,261780.0,214.743,1410.0
2022-02-10 17:00:00+00:00,215.75,216.17,211.7,213.63,174995.0,214.525,957.0
2022-02-10 18:00:00+00:00,213.74,214.42,208.1,211.0,279973.0,210.39,1422.0
2022-02-10 19:00:00+00:00,210.74,211.5,205.85,206.35,242123.0,208.553,1304.0
2022-02-10 20:00:00+00:00,207.01,208.06,202.86,204.96,629342.0,205.024,3855.0
2022-02-11 14:30:00+00:00,205.8,205.98,199.0,200.87,626147.0,202.776,2539.0
2022-02-11 15:00:00+00:00,201.41,204.6,199.4,199.84,668428.0,202.006,2670.0
2022-02-11 16:00:00+00:00,199.84,201.81,198.17,200.99,397370.0,199.939,1701.0
2022-02-11 17:00:00+00:00,200.69,202.11,199.0,199.98,255300.0,200.809,1173.0
2022-02-11 18:00:00+00:00,199.97,200.99,195.1,195.43,331208.0,197.604,1600.0
2022-02-11 19:00:00+00:00,195.36,197.0,191.52,193.24,431162.0,194.364,2480.0
2022-02-11 20:00:00+00:00,193.33,195.3,191.02,194.72,703215.0,193.398,3890.0
2022-02-14 14:30:00+00:00,194.0,201.97,193.48,199.72,708797.0,198.239,2803.0
2022-02-14 15:00:00+00:00,199.56,200.93,196.4,199.73,470499.0,198.627,2308.0
2022-02-14 16:00:00+00:00,199.8,202.75,198.87,202.0,396834.0,201.593,2087.0
2022-02-14 17:00:00+00:00,202.0,203.56,200.09,200.41,387699.0,201.429,1936.0
2022-02-14 18:00:00+00:00,200.64,200.73,194.74,195.27,327331.0,197.399,2057.0
2022-02-14 19:00:00+00:00,195.07,196.53,193.46,195.38,293290.0,194.819,2026.0
2022-02-14 20:00:00+00:00,195.47,196.61,193.5,195.13,397850.0,195.184,2275.0
2022-02-15 14:30:00+00:00,202.45,207.82,201.18,207.42,608674.0,205.527,2855.0
2022-02-15 15:00:00+00:00,207.6,208.0,204.16,205.49,429085.0,206.626,2029.0
2022-02-15 16:00:00+00:00,205.52,208.62,205.21,208.62,265519.0,207.018,1187.0
2022-02-15 17:00:00+00:00,208.75,209.31,203.81,205.17,306660.0,206.067,1463.0
2022-02-15 18:00:00+00:00,205.28,207.24,204.58,206.78,170053.0,205.927,756.0
2022-02-15 19:00:00+00:00,206.64,207.14,205.08,206.22,219809.0,206.134,930.0
2022-02-15 20:00:00+00:00,206.2,209.02,206.07,208.94,430247.0,207.645,2468.0
2022-02-16 14:30:00+00:00,205.79,207.31,203.83,205.99,229278.0,205.642,1159.0
2022-02-16 15:00:00+00:00,205.72,213.72,204.89,212.36,538848.0,209.3,3256.0
2022-02-16 16:00:00+00:00,212.6,213.35,208.1,208.36,314181.0,210.634,1987.0
2022-02-16 17:00:00+00:00,208.26,209.41,205.87,206.99,182913.0,207.644,1188.0
2022-02-16 18:00:00+00:00,206.87,207.54,205.81,207.05,123266.0,206.734,794.0
2022-02-16 19:00:00+00:00,207.05,212.88,206.49,212.38,317644.0,210.525,1917.0
2022-02-16 20:00:00+00:00,212.51,214.02,207.71,208.01,577415.0,210.691,3696.0
2022-02-17 14:30:00+00:00,202.18,204.7,201.12,202.57,341717.0,202.984,1291.0
2022-02-17 15:00:00+00:00,202.74,206.31,195.77,197.53,734979.0,200.699,3290.0
2022-02-17 16:00:00+00:00,197.38,197.72,195.34,195.48,463311.0,196.191,2355.0
2022-02-17 17:00:00+00:00,195.5,196.0,192.21,192.4,430325.0,193.52,2518.0
2022-02-17 18:00:00+00:00,192.44,193.16,188.93,192.24,413580.0,191.088,2312.0
2022-02-17 19:00:00+00:00,192.2,192.31,190.08,191.21,199547.0,191.113,1227.0
2022-02-17 20:00:00+00:00,191.22,193.12,189.75,192.0,512911.0,191.778,3632.0
2022-02-18 14:30:00+00:00,191.08,192.72,184.55,189.39,476386.0,188.182,2816.0
2022-02-18 15:00:00+00:00,189.35,189.82,181.5,183.25,594711.0,184.918,3589.0
2022-02-18 16:00:00+00:00,183.14,185.82,180.54,183.78,371065.0,183.663,2313.0
2022-02-18 17:00:00+00:00,183.78,187.27,183.45,186.11,294470.0,185.642,1886.0
2022-02-18 18:00:00+00:00,186.01,189.49,185.49,188.65,276747.0,186.991,1703.0
2022-02-18 19:00:00+00:00,188.66,191.76,188.5,190.32,316059.0,189.919,1850.0
2022-02-18 20:00:00+00:00,190.27,191.25,188.64,189.16,574178.0,189.613,3735.0
2022-02-22 14:30:00+00:00,180.87,185.75,180.6,183.8,451917.0,183.177,1838.0
2022-02-22 15:00:00+00:00,183.72,185.68,179.06,179.51,452596.0,182.271,2691.0
2022-02-22 16:00:00+00:00,179.35,179.75,175.38,175.71,478335.0,177.345,2862.0
2022-02-22 17:00:00+00:00,175.71,176.7,174.1,175.58,335798.0,175.455,1881.0
2022-02-22 18:00:00+00:00,175.74,177.49,174.25,175.25,217559.0,175.955,1245.0
2022-02-22 19:00:00+00:00,175.14,180.29,173.16,179.38,405552.0,176.425,2238.0
2022-02-22 20:00:00+00:00,179.47,180.95,176.32,176.76,456064.0,178.138,2814.0
2022-02-23 14:30:00+00:00,180.69,183.34,177.54,177.7,415231.0,180.911,1791.0
2022-02-23 15:00:00+00:00,177.86,177.86,172.75,173.86,629573.0,174.649,2977.0
2022-02-23 16:00:00+00:00,173.96,178.38,172.95,177.86,401569.0,176.207,2104.0
2022-02-23 17:00:00+00:00,178.1,179.97,176.0,176.35,211996.0,178.218,1291.0
2022-02-23 18:00:00+00:00,176.56,177.5,175.05,176.69,161973.0,176.193,1108.0
2022-02-23 19:00:00+00:00,176.43,177.13,172.61,174.59,259683.0,174.463,1616.0
2022-02-23 20:00:00+00:00,174.5,174.86,171.77,172.74,454202.0,173.199,3062.0
2022-02-24 14:30:00+00:00,159.8,168.4,155.92,167.25,992118.0,161.898,5089.0
2022-02-24 15:00:00+00:00,167.0,172.67,164.22,169.91,837060.0,168.241,4469.0
2022-02-24 16:00:00+00:00,169.81,172.17,167.15,170.27,479562.0,169.591,2795.0
2022-02-24 17:00:00+00:00,170.45,171.5,168.36,170.31,385575.0,169.713,2222.0
2022-02-24 18:00:00+00:00,170.31,173.9,169.06,171.93,321768.0,171.319,1600.0
2022-02-24 19:00:00+00:00,171.96,178.37,170.89,178.25,408828.0,174.7,2281.0
2022-02-24 20:00:00+00:00,178.26,183.0,176.89,179.57,1111342.0,180.719,7015.0
2022-02-25 14:30:00+00:00,180.11,182.09,170.4,173.81,1382730.0,176.486,7381.0
2022-02-25 15:00:00+00:00,173.79,176.9,170.45,174.91,921962.0,173.995,5269.0
2022-02-25 16:00:00+00:00,174.93,179.55,174.0,179.33,626932.0,176.816,3196.0
2022-02-25 17:00:00+00:00,179.37,179.99,174.64,175.99,478752.0,176.985,2705.0
2022-02-25 18:00:00+00:00,175.86,177.02,174.35,175.77,246490.0,175.831,1380.0
2022-02-25 19:00:00+00:00,175.37,176.4,173.3,173.83,318946.0,174.477,1836.0
2022-02-25 20:00:00+00:00,173.94,177.06,173.32,176.8,553283.0,175.633,3073.0
2022-02-28 14:30:00+00:00,172.41,179.95,172.09,179.95,866675.0,175.316,3388.0
2022-02-28 15:00:00+00:00,179.78,187.5,178.04,185.51,1206158.0,183.4,6080.0
2022-02-28 16:00:00+00:00,185.68,192.23,185.33,190.19,1002801.0,189.557,5052.0
2022-02-28 17:00:00+00:00,190.19,190.43,183.71,186.59,572751.0,186.903,3007.0
2022-02-28 18:00:00+00:00,186.53,189.16,185.69,187.12,404641.0,187.569,1818.0
2022-02-28 19:00:00+00:00,187.25,188.4,184.55,187.58,411771.0,186.161,2269.0
2022-02-28 20:00:00+00:00,187.45,191.5,185.53,190.77,799558.0,188.86,4776.0
2022-03-01 14:30:00+00:00,196.39,205.88,196.17,199.55,1677359.0,202.25,7840.0
2022-03-01 15:00:00+00:00,200.05,200.75,195.21,196.48,939643.0,198.235,4950.0
2022-03-01 16:00:00+00:00,196.3,198.46,189.63,191.8,650516.0,193.746,3295.0
2022-03-01 17:00:00+00:00,191.72,195.51,190.41,194.25,493041.0,193.13,2070.0
2022-03-01 18:00:00+00:00,194.23,194.8,190.88,193.7,303536.0,192.715,1582.0
2022-03-01 19:00:00+00:00,193.86,197.67,192.52,197.22,546864.0,196.002,3212.0
2022-03-01 20:00:00+00:00,197.27,199.04,194.17,195.98,856944.0,196.954,5191.0
2022-03-02 14:30:00+00:00,192.39,196.15,190.01,193.45,576026.0,192.991,3051.0
2022-03-02 15:00:00+00:00,193.69,194.87,189.51,192.1,519938.0,192.407,2905.0
2022-03-02 16:00:00+00:00,192.04,195.39,190.81,192.9,260993.0,193.757,1485.0
2022-03-02 17:00:00+00:00,193.09,195.52,192.4,192.95,171576.0,194.104,1124.0
2022-03-02 18:00:00+00:00,193.11,195.44,192.9,194.39,165554.0,194.355,1002.0
2022-03-02 19:00:00+00:00,194.46,195.88,193.28,193.99,161769.0,194.471,938.0
2022-03-02 20:00:00+00:00,194.02,196.1,193.83,194.55,366539.0,194.998,2491.0
2022-03-03 14:30:00+00:00,194.41,194.92,185.91,187.18,379694.0,189.759,1884.0
2022-03-03 15:00:00+00:00,187.18,188.1,183.15,183.25,436493.0,184.955,2399.0
2022-03-03 16:00:00+00:00,183.17,185.0,182.31,183.5,253616.0,183.663,1414.0
2022-03-03 17:00:00+00:00,183.47,185.72,181.42,183.71,247478.0,183.503,1329.0
2022-03-03 18:00:00+00:00,183.62,184.99,181.81,182.33,190369.0,183.232,1183.0
2022-03-03 19:00:00+00:00,182.42,183.68,180.49,181.06,233099.0,181.82,1339.0
2022-03-03 20:00:00+00:00,181.03,181.07,177.15,178.03,593570.0,178.626,3962.0
2022-03-04 14:30:00+00:00,177.69,178.67,171.34,173.6,378609.0,175.078,2048.0
2022-03-04 15:00:00+00:00,173.7,174.46,168.21,168.57,468633.0,170.536,2917.0
2022-03-04 16:00:00+00:00,168.54,169.17,166.25,166.79,539351.0,167.434,3356.0
2022-03-04 17:00:00+00:00,166.65,171.89,166.16,169.99,403462.0,168.807,2383.0
2022-03-04 18:00:00+00:00,170.03,171.81,166.55,166.81,334227.0,168.919,2138.0
2022-03-04 19:00:00+00:00,166.87,167.2,163.5,163.57,515991.0,165.665,3208.0
2022-03-04 20:00:00+00:00,163.59,166.94,162.16,165.76,998136.0,163.73,6837.0
2022-03-07 14:30:00+00:00,168.24,172.98,164.88,165.84,552915.0,168.695,2810.0
2022-03-07 15:00:00+00:00,165.59,168.22,161.9,162.63,521533.0,164.094,2827.0
2022-03-07 16:00:00+00:00,162.64,170.34,162.55,167.0,427536.0,167.694,2386.0
2022-03-07 17:00:00+00:00,167.12,168.4,164.4,167.58,273907.0,166.289,1563.0
2022-03-07 18:00:00+00:00,167.45,167.9,162.5,163.16,277874.0,165.51,1548.0
2022-03-07 19:00:00+00:00,163.18,164.87,160.58,161.06,320112.0,162.643,1914.0
2022-03-07 20:00:00+00:00,161.16,162.77,160.23,161.14,518114.0,161.319,3476.0
2022-03-08 14:30:00+00:00,160.38,161.95,156.53,159.05,455691.0,159.395,2063.0
2022-03-08 15:00:00+00:00,158.72,163.6,157.41,163.34,548669.0,161.0,3012.0
2022-03-08 16:00:00+00:00,163.34,164.7,160.48,161.21,318742.0,162.638,1445.0
2022-03-08 17:00:00+00:00,161.27,167.9,160.74,165.42,456656.0,165.354,2453.0
2022-03-08 18:00:00+00:00,165.5,168.35,163.13,163.13,292794.0,165.991,1590.0
2022-03-08 19:00:00+00:00,163.05,164.72,161.54,164.17,162033.0,162.999,1019.0
2022-03-08 20:00:00+00:00,164.04,165.66,161.64,161.99,266936.0,163.047,1695.0
2022-03-09 14:30:00+00:00,173.73,178.0,173.51,176.42,909426.0,175.694,4208.0
2022-03-09 15:00:00+00:00,176.49,181.0,176.23,179.12,616317.0,179.131,3643.0
2022-03-09 16:00:00+00:00,179.18,179.89,176.39,176.97,323410.0,177.664,1611.0
2022-03-09 17:00:00+00:00,176.97,179.99,175.35,179.63,306914.0,177.847,1669.0
2022-03-09 18:00:00+00:00,179.64,179.92,177.77,177.98,199133.0,178.968,1133.0
2022-03-09 19:00:00+00:00,177.95,179.73,177.83,179.24,160148.0,178.955,1041.0
2022-03-09 20:00:00+00:00,179.17,181.45,178.57,178.96,657812.0,179.905,4237.0
2022-03-10 14:30:00+00:00,173.51,174.49,169.01,171.8,460241.0,171.485,2042.0
2022-03-10 15:00:00+00:00,171.73,173.97,168.1,169.91,397878.0,170.142,2348.0
2022-03-10 16:00:00+00:00,169.84,170.52,168.27,170.52,174064.0,169.345,944.0
2022-03-10 17:00:00+00:00,170.5,171.26,169.37,169.49,114190.0,170.232,587.0
2022-03-10 18:00:00+00:00,169.5,171.38,169.25,171.29,135789.0,170.22,745.0
2022-03-10 19:00:00+00:00,171.2,173.86,170.64,173.5,161648.0,172.574,866.0
2022-03-10 20:00:00+00:00,173.71,173.71,171.7,172.98,218101.0,172.509,1437.0
2022-03-11 14:30:00+00:00,175.35,175.75,168.9,169.5,266773.0,172.57,1335.0
2022-03-11 15:00:00+00:00,169.49,170.75,166.0,167.71,376829.0,167.879,1881.0
2022-03-11 16:00:00+00:00,167.5,167.81,163.29,164.8,362190.0,165.149,1493.0
2022-03-11 17:00:00+00:00,164.59,165.23,161.86,162.56,348249.0,163.281,1527.0
2022-03-11 18:00:00+00:00,162.61,164.44,162.17,162.82,205405.0,163.297,994.0
2022-03-11 19:00:00+00:00,162.7,163.5,161.51,161.64,216810.0,162.336,1185.0
2022-03-11 20:00:00+00:00,161.7,162.07,160.0,160.06,604473.0,160.866,3726.0
2022-03-14 13:30:00+00:00,159.91,159.99,155.2,157.27,433866.0,157.304,1877.0
2022-03-14 14:00:00+00:00,157.12,161.7,156.0,159.66,566530.0,159.825,3353.0
2022-03-14 15:00:00+00:00,159.99,160.19,155.34,155.82,234879.0,157.372,1349.0
2022-03-14 16:00:00+00:00,155.7,155.75,151.3,151.49,500681.0,153.341,2306.0
2022-03-14 17:00:00+00:00,151.49,153.25,150.42,151.91,353797.0,151.541,1668.0
2022-03-14 18:00:00+00:00,152.0,154.29,151.78,153.9,259780.0,153.124,1065.0
2022-03-14 19:00:00+00:00,153.93,154.9,153.02,153.16,416563.0,153.676,2278.0
2022-03-15 13:30:00+00:00,152.9,155.3,150.12,152.37,294372.0,152.426,1525.0
2022-03-15 14:00:00+00:00,152.41,155.59,151.63,153.42,648024.0,153.838,3356.0
2022-03-15 15:00:00+00:00,153.54,155.0,151.72,152.37,374875.0,153.217,1590.0
2022-03-15 16:00:00+00:00,152.15,153.88,151.6,152.99,365882.0,152.931,1576.0
2022-03-15 17:00:00+00:00,153.16,153.64,150.51,153.05,341801.0,151.778,1616.0
2022-03-15 18:00:00+00:00,152.92,153.75,151.66,153.54,256806.0,152.819,1334.0
2022-03-15 19:00:00+00:00,153.61,156.42,153.48,155.89,618784.0,155.104,3965.0
2022-03-16 13:30:00+00:00,160.26,165.46,160.0,163.81,559979.0,162.964,2724.0
2022-03-16 14:00:00+00:00,164.23,170.8,163.63,170.71,835272.0,167.636,4214.0
2022-03-16 15:00:00+00:00,170.62,173.07,169.13,169.86,459071.0,171.03,2411.0
2022-03-16 16:00:00+00:00,170.04,172.07,168.6,169.4,300591.0,170.6,1711.0
2022-03-16 17:00:00+00:00,169.41,170.06,166.32,168.36,252761.0,167.927,1279.0
2022-03-16 18:00:00+00:00,168.12,168.17,161.51,166.01,553549.0,164.693,2977.0
2022-03-16 19:00:00+00:00,166.29,172.58,165.09,172.58,819833.0,170.308,5167.0
2022-03-17 13:30:00+00:00,170.46,175.8,168.0,175.58,303110.0,172.056,1344.0
2022-03-17 14:00:00+00:00,175.79,176.1,170.88,171.58,392131.0,173.668,1967.0
2022-03-17 15:00:00+00:00,171.43,175.95,170.47,175.7,220845.0,174.027,1202.0
2022-03-17 16:00:00+00:00,175.8,175.9,174.25,175.39,126321.0,175.105,748.0
2022-03-17 17:00:00+00:00,175.46,176.77,173.6,176.25,185721.0,175.488,1020.0
2022-03-17 18:00:00+00:00,176.2,177.5,175.02,176.26,181788.0,176.273,1005.0
2022-03-17 19:00:00+00:00,176.27,177.26,174.41,177.23,477113.0,176.21,2295.0
2022-03-18 13:30:00+00:00,174.83,180.95,174.83,180.68,297595.0,177.629,1518.0
2022-03-18 14:00:00+00:00,180.73,184.64,178.68,179.59,540345.0,181.684,3036.0
2022-03-18 15:00:00+00:00,179.61,182.22,178.88,181.66,341827.0,180.601,1805.0
2022-03-18 16:00:00+00:00,181.68,185.88,181.0,185.88,388362.0,184.3,2470.0
2022-03-18 17:00:00+00:00,185.92,186.69,183.66,184.9,283419.0,184.973,1730.0
2022-03-18 18:00:00+00:00,184.9,185.0,182.8,183.29,218818.0,183.507,1154.0
2022-03-18 19:00:00+00:00,183.27,185.94,182.27,185.94,629195.0,184.42,4346.0
2022-03-21 13:30:00+00:00,181.6,183.59,173.62,174.71,588490.0,178.345,2734.0
2022-03-21 14:00:00+00:00,174.54,176.23,171.7,175.7,582980.0,173.68,2931.0
2022-03-21 15:00:00+00:00,175.67,178.75,174.09,178.34,355220.0,176.606,1639.0
2022-03-21 16:00:00+00:00,178.49,178.97,174.11,174.59,265265.0,176.531,1173.0
2022-03-21 17:00:00+00:00,174.27,175.08,172.63,174.81,258485.0,174.112,1264.0
2022-03-21 18:00:00+00:00,174.9,177.14,173.84,174.79,222334.0,175.751,1079.0
2022-03-21 19:00:00+00:00,174.51,177.32,174.51,176.83,355174.0,176.449,2267.0
2022-03-22 13:30:00+00:00,179.72,184.89,178.5,183.43,668423.0,181.932,2923.0
2022-03-22 14:00:00+00:00,183.48,186.99,183.45,186.72,488539.0,185.381,2441.0
2022-03-22 15:00:00+00:00,186.9,188.33,185.61,185.72,364753.0,187.041,1564.0
2022-03-22 16:00:00+00:00,185.71,187.1,184.8,186.39,215277.0,186.005,1195.0
2022-03-22 17:00:00+00:00,186.4,187.75,185.98,187.67,187186.0,186.739,1072.0
2022-03-22 18:00:00+00:00,187.75,188.78,187.08,188.28,269370.0,187.809,1644.0
2022-03-22 19:00:00+00:00,188.12,188.82,185.51,186.08,343019.0,186.702,2083.0
2022-03-23 13:30:00+00:00,184.72,185.89,182.06,182.37,200515.0,184.026,922.0
2022-03-23 14:00:00+00:00,182.29,187.2,181.8,186.17,287946.0,184.975,1366.0
2022-03-23 15:00:00+00:00,186.26,188.93,186.08,188.79,203415.0,187.925,1012.0
2022-03-23 16:00:00+00:00,188.66,189.55,185.47,186.68,184788.0,187.29,886.0
2022-03-23 17:00:00+00:00,186.73,186.96,183.23,184.03,145387.0,184.595,735.0
2022-03-23 18:00:00+00:00,184.2,184.35,182.36,182.36,194759.0,183.176,816.0
2022-03-23 19:00:00+00:00,182.48,184.15,182.14,182.98,241772.0,183.021,1335.0
2022-03-24 13:30:00+00:00,185.26,186.83,183.3,183.38,213791.0,185.062,899.0
2022-03-24 14:00:00+00:00,183.81,185.76,179.5,185.41,357962.0,182.514,1555.0
2022-03-24 15:00:00+00:00,185.23,189.7,185.23,189.16,584522.0,187.507,2927.0
2022-03-24 16:00:00+00:00,189.28,191.85,187.8,191.06,365182.0,190.206,1773.0
2022-03-24 17:00:00+00:00,191.09,192.0,189.85,190.51,356792.0,191.16,1550.0
2022-03-24 18:00:00+00:00,190.68,191.32,189.1,189.76,211771.0,190.041,1010.0
2022-03-24 19:00:00+00:00,189.7,190.19,188.75,190.18,273899.0,189.666,1578.0
2022-03-25 13:30:00+00:00,192.0,195.7,189.27,190.82,498326.0,192.063,2365.0
2022-03-25 14:00:00+00:00,190.83,192.25,188.8,190.34,485526.0,190.412,2115.0
2022-03-25 15:00:00+00:00,190.62,190.64,182.79,183.74,594943.0,185.748,3095.0
2022-03-25 16:00:00+00:00,183.74,186.24,183.24,185.59,167717.0,185.015,855.0
2022-03-25 17:00:00+00:00,185.72,187.62,185.17,187.59,153810.0,186.523,902.0
2022-03-25 18:00:00+00:00,187.64,188.06,186.87,187.58,119705.0,187.437,676.0
2022-03-25 19:00:00+00:00,187.57,187.74,185.87,186.83,292563.0,186.853,1969.0
2022-03-28 13:30:00+00:00,193.31,201.77,193.01,200.15,1053687.0,198.351,4294.0
2022-03-28 14:00:00+00:00,200.18,200.58,195.93,198.42,718338.0,197.987,3532.0
2022-03-28 15:00:00+00:00,198.5,202.17,196.1,200.16,933288.0,200.17,4421.0
2022-03-28 16:00:00+00:00,200.11,201.84,196.11,198.25,603457.0,198.046,3045.0
2022-03-28 17:00:00+00:00,198.15,201.4,197.96,200.92,267697.0,199.806,1317.0
2022-03-28 18:00:00+00:00,200.91,203.27,200.5,202.95,386808.0,201.822,2102.0
2022-03-28 19:00:00+00:00,202.93,202.99,201.12,201.49,566059.0,202.102,3488.0
2022-03-29 13:30:00+00:00,199.52,201.5,197.05,199.92,549241.0,199.285,2405.0
2022-03-29 14:00:00+00:00,199.57,200.3,194.05,199.34,486993.0,197.521,2472.0
2022-03-29 15:00:00+00:00,199.4,201.47,197.2,199.25,337816.0,199.45,1689.0
2022-03-29 16:00:00+00:00,199.24,200.9,198.2,200.63,279244.0,199.635,1662.0
2022-03-29 17:00:00+00:00,200.49,203.25,199.79,201.78,312855.0,201.548,1607.0
2022-03-29 18:00:00+00:00,201.92,205.9,201.25,205.61,322140.0,203.687,1887.0
2022-03-29 19:00:00+00:00,205.67,206.79,204.05,204.65,615374.0,205.092,3816.0
2022-03-30 13:30:00+00:00,201.29,203.31,199.8,201.55,190430.0,201.697,971.0
2022-03-30 14:00:00+00:00,201.4,206.33,199.38,203.87,499141.0,203.623,2857.0
2022-03-30 15:00:00+00:00,203.62,204.65,202.31,204.4,330160.0,203.563,1094.0
2022-03-30 16:00:00+00:00,204.33,205.0,203.43,204.18,252234.0,204.201,766.0
2022-03-30 17:00:00+00:00,204.02,204.34,200.38,200.54,286134.0,201.78,1280.0
2022-03-30 18:00:00+00:00,200.4,200.92,197.4,197.7,324757.0,199.179,1361.0
2022-03-30 19:00:00+00:00,197.69,197.75,194.75,196.8,667644.0,196.249,3675.0
2022-03-31 13:30:00+00:00,197.25,198.08,191.15,193.21,384919.0,193.668,1951.0
2022-03-31 14:00:00+00:00,193.02,195.2,190.03,195.06,443919.0,192.045,2014.0
2022-03-31 15:00:00+00:00,195.0,195.0,191.79,193.58,276148.0,193.068,1369.0
2022-03-31 16:00:00+00:00,193.63,193.68,190.33,190.93,166953.0,191.681,939.0
2022-03-31 17:00:00+00:00,191.0,192.92,190.94,192.16,145676.0,191.633,845.0
2022-03-31 18:00:00+00:00,192.25,193.0,191.19,192.78,105444.0,192.165,587.0
2022-03-31 19:00:00+00:00,192.9,194.19,189.56,189.73,349240.0,191.373,2322.0
2022-04-01 13:30:00+00:00,189.86,190.93,185.48,187.95,296400.0,188.283,1364.0
2022-04-01 14:00:00+00:00,187.9,189.99,186.2,189.69,271917.0,188.142,1481.0
2022-04-01 15:00:00+00:00,189.51,191.87,188.73,188.85,424149.0,190.116,2169.0
2022-04-01 16:00:00+00:00,188.78,189.32,185.9,186.66,199728.0,187.576,1159.0
2022-04-01 17:00:00+00:00,186.58,187.43,185.18,186.19,172721.0,186.174,908.0
2022-04-01 18:00:00+00:00,186.13,187.96,185.92,186.12,204610.0,187.094,1018.0
2022-04-01 19:00:00+00:00,186.16,187.51,184.38,186.95,369128.0,185.85,2296.0
2022-04-04 13:30:00+00:00,187.34,192.45,186.16,190.18,197312.0,189.574,901.0
2022-04-04 14:00:00+00:00,190.38,192.72,189.48,191.65,295493.0,191.138,1621.0
2022-04-04 15:00:00+00:00,191.74,193.07,189.76,190.86,217952.0,191.107,1122.0
2022-04-04 16:00:00+00:00,190.98,192.09,190.45,191.42,150192.0,191.331,876.0
2022-04-04 17:00:00+00:00,191.26,192.55,190.57,190.8,206528.0,191.769,885.0
2022-04-04 18:00:00+00:00,190.84,191.8,189.06,191.65,176301.0,190.271,851.0
2022-04-04 19:00:00+00:00,191.59,192.84,191.06,191.59,276438.0,191.92,1498.0
2022-04-05 13:30:00+00:00,189.76,191.33,186.61,188.66,330228.0,188.088,1378.0
2022-04-05 14:00:00+00:00,188.2,189.44,182.05,182.05,666265.0,184.271,2976.0
2022-04-05 15:00:00+00:00,182.07,183.04,178.32,178.5,651401.0,180.407,3225.0
2022-04-05 16:00:00+00:00,178.51,178.87,176.26,177.51,420579.0,177.554,2280.0
2022-04-05 17:00:00+00:00,177.63,178.55,176.93,177.35,275826.0,177.71,1433.0
2022-04-05 18:00:00+00:00,177.28,179.4,176.8,177.75,280174.0,178.041,1350.0
2022-04-05 19:00:00+00:00,177.78,177.98,176.4,177.16,583027.0,176.933,3482.0
2022-04-06 13:30:00+00:00,172.83,174.33,168.44,168.46,480084.0,171.091,2206.0
2022-04-06 14:00:00+00:00,168.5,169.5,166.66,167.94,528103.0,168.196,2749.0
2022-04-06 15:00:00+00:00,167.75,168.19,166.01,167.26,331670.0,166.965,1816.0
2022-04-06 16:00:00+00:00,167.51,167.67,165.02,166.12,286594.0,166.156,1534.0
2022-04-06 17:00:00+00:00,166.22,169.06,165.52,168.56,254458.0,167.305,1712.0
2022-04-06 18:00:00+00:00,168.44,170.78,165.01,168.81,561981.0,167.311,3509.0
2022-04-06 19:00:00+00:00,168.87,170.03,166.42,166.84,570144.0,167.762,3637.0
2022-04-07 13:30:00+00:00,166.71,169.42,164.45,167.34,301754.0,166.683,1415.0
2022-04-07 14:00:00+00:00,167.43,169.13,163.69,165.34,326455.0,165.964,1922.0
2022-04-07 15:00:00+00:00,165.28,166.66,162.1,162.75,245850.0,164.045,1341.0
2022-04-07 16:00:00+00:00,162.75,163.86,160.67,162.0,254686.0,162.177,1319.0
2022-04-07 17:00:00+00:00,162.14,165.72,162.1,165.58,244208.0,164.325,1396.0
2022-04-07 18:00:00+00:00,165.73,166.89,164.6,166.51,184633.0,165.635,1056.0
2022-04-07 19:00:00+00:00,166.4,167.32,165.22,166.12,345170.0,166.241,2506.0
2022-04-08 13:30:00+00:00,165.21,166.0,160.58,160.78,263092.0,163.023,1100.0
2022-04-08 14:00:00+00:00,160.77,164.88,160.13,164.77,400847.0,162.475,2030.0
2022-04-08 15:00:00+00:00,164.64,165.41,161.5,162.41,288828.0,163.167,1600.0
2022-04-08 16:00:00+00:00,162.4,164.79,161.99,164.18,212753.0,163.359,982.0
2022-04-08 17:00:00+00:00,164.06,164.22,160.9,161.82,217064.0,161.995,1007.0
2022-04-08 18:00:00+00:00,161.6,162.33,160.75,161.92,192884.0,161.356,1056.0
2022-04-08 19:00:00+00:00,161.89,162.65,160.2,160.95,324892.0,161.027,2014.0
2022-04-11 13:30:00+00:00,156.98,157.24,151.73,155.53,744831.0,154.114,3548.0
2022-04-11 14:00:00+00:00,155.22,157.56,152.5,153.66,578696.0,154.64,2962.0
2022-04-11 15:00:00+00:00,153.5,155.16,152.75,154.17,228566.0,153.969,1189.0
2022-04-11 16:00:00+00:00,154.19,155.42,153.57,155.17,293041.0,154.372,1609.0
2022-04-11 17:00:00+00:00,155.3,156.15,154.1,155.11,255927.0,155.038,1237.0
2022-04-11 18:00:00+00:00,155.14,155.48,153.61,155.23,222497.0,154.55,1022.0
2022-04-11 19:00:00+00:00,155.33,156.04,153.35,154.02,432491.0,154.21,2662.0
2022-04-12 13:30:00+00:00,158.07,162.44,154.67,160.99,593312.0,158.47,2980.0
2022-04-12 14:00:00+00:00,161.11,162.39,155.0,155.85,529584.0,158.967,2653.0
2022-04-12 15:00:00+00:00,155.64,158.69,154.89,156.83,283079.0,157.05,1566.0
2022-04-12 16:00:00+00:00,156.8,156.95,154.76,155.9,199087.0,155.774,1057.0
2022-04-12 17:00:00+00:00,155.85,156.14,151.85,152.32,293789.0,153.578,1670.0
2022-04-12 18:00:00+00:00,152.27,152.7,150.31,150.73,396146.0,151.207,2183.0
2022-04-12 19:00:00+00:00,150.76,151.56,149.41,149.87,573685.0,150.247,3230.0
2022-04-13 13:30:00+00:00,149.26,153.69,147.8,152.4,428353.0,151.277,1932.0
2022-04-13 14:00:00+00:00,152.39,154.1,151.5,153.15,554821.0,152.889,2278.0
2022-04-13 15:00:00+00:00,153.25,156.16,152.86,154.69,401811.0,154.771,1769.0
2022-04-13 16:00:00+00:00,154.78,154.88,153.41,153.76,393967.0,154.213,1507.0
2022-04-13 17:00:00+00:00,153.77,154.63,152.69,153.49,243589.0,153.781,987.0
2022-04-13 18:00:00+00:00,153.61,154.98,153.19,154.61,137866.0,153.929,613.0
2022-04-13 19:00:00+00:00,154.68,156.12,153.58,154.78,387555.0,154.91,2208.0
2022-04-14 13:30:00+00:00,153.6,154.11,149.01,149.59,491639.0,150.764,2333.0
2022-04-14 14:00:00+00:00,149.88,150.6,147.58,148.44,570095.0,149.195,2850.0
2022-04-14 15:00:00+00:00,148.36,149.7,147.85,148.56,357512.0,148.773,1812.0
2022-04-14 16:00:00+00:00,148.61,149.22,148.08,149.01,248514.0,148.641,1484.0
2022-04-14 17:00:00+00:00,149.02,149.67,148.04,148.44,216988.0,148.799,1223.0
2022-04-14 18:00:00+00:00,148.54,149.05,146.89,146.98,264120.0,147.912,1436.0
2022-04-14 19:00:00+00:00,147.02,147.95,146.82,147.23,461742.0,147.281,2601.0
2022-04-18 13:30:00+00:00,145.45,146.89,141.4,143.13,476770.0,143.87,2133.0
2022-04-18 14:00:00+00:00,142.91,146.25,142.5,143.93,500372.0,144.229,2257.0
2022-04-18 15:00:00+00:00,143.96,144.83,141.97,142.77,327426.0,143.038,1587.0
2022-04-18 16:00:00+00:00,142.71,142.71,140.53,142.25,327183.0,141.504,1876.0
2022-04-18 17:00:00+00:00,142.24,147.34,142.16,147.09,389649.0,145.126,2081.0
2022-04-18 18:00:00+00:00,147.15,149.5,146.63,146.64,492787.0,147.939,2399.0
2022-04-18 19:00:00+00:00,146.6,146.99,144.5,145.15,469389.0,145.498,2527.0
2022-04-19 13:30:00+00:00,146.02,149.75,144.45,149.57,374112.0,147.37,1705.0
2022-04-19 14:00:00+00:00,149.59,151.22,148.34,150.52,474590.0,149.868,2097.0
2022-04-19 15:00:00+00:00,150.45,151.62,149.92,150.95,216750.0,150.828,1153.0
2022-04-19 16:00:00+00:00,150.93,152.1,150.17,150.3,173908.0,151.12,727.0
2022-04-19 17:00:00+00:00,150.35,151.4,149.77,149.9,157384.0,150.67,652.0
2022-04-19 18:00:00+00:00,149.85,150.28,148.63,149.84,192341.0,149.523,901.0
2022-04-19 19:00:00+00:00,149.9,151.79,149.62,151.21,324574.0,151.179,1817.0
2022-04-20 13:30:00+00:00,154.57,154.96,145.8,146.0,485086.0,149.762,2545.0
2022-04-20 14:00:00+00:00,145.97,148.9,144.85,148.45,558848.0,146.809,2927.0
2022-04-20 15:00:00+00:00,148.58,148.58,146.29,147.33,317413.0,147.438,1427.0
2022-04-20 16:00:00+00:00,147.42,149.65,146.64,148.68,235271.0,148.131,1179.0
2022-04-20 17:00:00+00:00,148.77,149.57,148.32,148.44,120051.0,148.93,659.0
2022-04-20 18:00:00+00:00,148.59,148.73,146.5,147.47,141836.0,147.46,698.0
2022-04-20 19:00:00+00:00,147.38,148.92,147.04,147.13,368145.0,148.05,2371.0
2022-04-21 13:30:00+00:00,151.97,153.44,145.43,145.5,541110.0,149.977,2835.0
2022-04-21 14:00:00+00:00,145.57,146.07,139.38,140.48,749766.0,142.544,4023.0
2022-04-21 15:00:00+00:00,140.39,140.82,137.89,138.23,653757.0,139.493,3257.0
2022-04-21 16:00:00+00:00,138.16,139.4,136.08,137.48,548615.0,137.776,2407.0
2022-04-21 17:00:00+00:00,137.44,139.33,136.94,137.56,322783.0,138.064,1493.0
2022-04-21 18:00:00+00:00,137.31,137.45,135.85,136.49,337093.0,136.622,1683.0
2022-04-21 19:00:00+00:00,136.36,137.94,135.31,137.37,747159.0,136.868,4637.0
2022-04-22 13:30:00+00:00,137.29,140.24,136.8,138.53,382085.0,138.452,1813.0
2022-04-22 14:00:00+00:00,138.8,141.2,135.91,137.87,521198.0,138.008,2710.0
2022-04-22 15:00:00+00:00,137.59,138.31,134.67,134.85,424087.0,136.427,1838.0
2022-04-22 16:00:00+00:00,134.73,134.8,132.07,132.07,444325.0,133.408,2513.0
2022-04-22 17:00:00+00:00,132.18,133.27,131.57,132.35,377694.0,132.395,1705.0
2022-04-22 18:00:00+00:00,132.39,133.98,131.8,132.45,345976.0,132.548,1376.0
2022-04-22 19:00:00+00:00,132.45,133.28,131.25,131.51,990086.0,132.01,4672.0
2022-04-25 13:30:00+00:00,130.1,135.27,129.29,132.32,567923.0,132.663,2395.0
2022-04-25 14:00:00+00:00,132.3,135.7,130.39,131.73,551912.0,132.934,3078.0
2022-04-25 15:00:00+00:00,131.63,135.14,131.5,133.39,410770.0,133.511,1872.0
2022-04-25 16:00:00+00:00,133.4,135.6,132.61,133.39,285830.0,134.351,1354.0
2022-04-25 17:00:00+00:00,133.35,136.17,132.89,135.0,251653.0,135.064,1100.0
2022-04-25 18:00:00+00:00,135.19,137.35,134.17,135.16,282518.0,135.895,1451.0
2022-04-25 19:00:00+00:00,134.96,135.57,133.42,135.05,406824.0,134.748,2557.0
2022-04-26 13:30:00+00:00,135.32,136.77,130.67,131.08,259488.0,133.764,1157.0
2022-04-26 14:00:00+00:00,131.03,132.07,129.39,129.88,375617.0,130.635,1763.0
2022-04-26 15:00:00+00:00,129.72,131.3,129.09,129.11,316610.0,129.93,1645.0
2022-04-26 16:00:00+00:00,129.2,130.65,128.36,130.19,312763.0,129.323,1732.0
2022-04-26 17:00:00+00:00,130.02,130.2,128.01,129.1,222555.0,128.736,1237.0
2022-04-26 18:00:00+00:00,129.06,130.1,128.12,129.75,256285.0,129.192,1366.0
2022-04-26 19:00:00+00:00,129.66,129.9,126.51,127.09,615402.0,127.448,3530.0
2022-04-27 13:30:00+00:00,125.32,130.71,125.0,129.85,411891.0,128.291,1990.0
2022-04-27 14:00:00+00:00,129.98,130.7,123.81,123.93,776988.0,125.491,4115.0
2022-04-27 15:00:00+00:00,123.9,126.79,123.9,124.44,401927.0,125.166,2036.0
2022-04-27 16:00:00+00:00,124.34,126.0,123.97,125.11,361791.0,125.151,1667.0
2022-04-27 17:00:00+00:00,125.05,125.34,123.31,125.09,293242.0,124.323,1458.0
2022-04-27 18:00:00+00:00,125.12,125.48,123.65,123.77,171831.0,124.89,1099.0
2022-04-27 19:00:00+00:00,123.77,124.11,121.98,122.63,532798.0,122.651,3520.0
2022-04-28 13:30:00+00:00,123.68,126.39,120.12,120.35,398725.0,122.83,1976.0
2022-04-28 14:00:00+00:00,120.28,120.36,115.55,115.85,1030768.0,117.592,5667.0
2022-04-28 15:00:00+00:00,115.74,117.71,113.32,115.03,1453412.0,115.888,7306.0
2022-04-28 16:00:00+00:00,115.13,119.35,114.57,119.35,1099210.0,116.285,5760.0
2022-04-28 17:00:00+00:00,119.41,124.17,118.85,123.95,658749.0,121.453,3064.0
2022-04-28 18:00:00+00:00,124.05,125.66,123.28,125.66,344808.0,124.314,1933.0
2022-04-28 19:00:00+00:00,125.65,126.17,122.57,122.68,624265.0,123.882,3955.0
2022-04-29 13:30:00+00:00,121.1,129.09,121.0,128.4,525632.0,124.325,2713.0
2022-04-29 14:00:00+00:00,128.41,128.55,120.09,122.5,790513.0,123.976,4662.0
2022-04-29 15:00:00+00:00,122.31,123.56,120.95,121.56,449457.0,122.071,1953.0
2022-04-29 16:00:00+00:00,121.71,121.71,118.23,118.9,413837.0,119.634,2631.0
2022-04-29 17:00:00+00:00,118.8,119.61,117.04,117.25,313598.0,118.347,1542.0
2022-04-29 18:00:00+00:00,117.25,117.31,114.84,115.88,454132.0,115.866,2721.0
2022-04-29 19:00:00+00:00,115.74,116.16,112.14,112.71,899093.0,113.728,6123.0
2022-05-02 13:30:00+00:00,113.41,118.17,111.8,117.16,564906.0,114.539,2637.0
2022-05-02 14:00:00+00:00,117.15,120.16,114.14,116.72,893342.0,117.149,4263.0
2022-05-02 15:00:00+00:00,116.88,120.66,116.01,120.5,629745.0,117.947,3000.0
2022-05-02 16:00:00+00:00,120.55,122.29,119.19,119.66,525144.0,120.667,2381.0
2022-05-02 17:00:00+00:00,119.72,120.4,116.69,117.71,573414.0,118.454,2867.0
2022-05-02 18:00:00+00:00,117.68,118.73,116.11,118.1,533514.0,117.538,2304.0
2022-05-02 19:00:00+00:00,117.99,121.89,117.99,121.19,692648.0,120.819,3980.0
2022-05-03 13:30:00+00:00,120.35,127.57,119.97,127.43,893355.0,124.605,4003.0
2022-05-03 14:00:00+00:00,127.56,129.4,124.37,125.64,839436.0,126.708,4506.0
2022-05-03 15:00:00+00:00,125.56,127.5,124.6,126.72,287607.0,126.359,1781.0
2022-05-03 16:00:00+00:00,126.59,127.4,123.57,123.59,255125.0,124.997,1493.0
2022-05-03 17:00:00+00:00,123.64,126.64,123.62,126.33,211276.0,125.439,1250.0
2022-05-03 18:00:00+00:00,126.27,126.29,123.33,125.95,402256.0,124.606,2239.0
2022-05-03 19:00:00+00:00,125.91,126.57,122.88,123.51,617698.0,124.238,4080.0
2022-05-04 13:30:00+00:00,124.06,124.3,117.26,117.26,588147.0,120.736,3049.0
2022-05-04 14:00:00+00:00,117.33,118.62,116.2,117.72,782637.0,117.29,4674.0
2022-05-04 15:00:00+00:00,117.75,120.29,117.37,119.14,332375.0,118.601,2015.0
2022-05-04 16:00:00+00:00,119.14,122.09,118.63,122.09,379504.0,120.535,1750.0
2022-05-04 17:00:00+00:00,122.12,123.33,120.44,123.13,254126.0,121.709,1478.0
2022-05-04 18:00:00+00:00,123.13,126.44,117.39,126.24,656082.0,121.816,3997.0
2022-05-04 19:00:00+00:00,126.44,132.81,124.96,130.06,1533354.0,129.793,9586.0
2022-05-05 13:30:00+00:00,125.05,125.64,118.0,118.67,707980.0,122.026,3575.0
2022-05-05 14:00:00+00:00,118.57,118.89,114.21,114.57,1178180.0,115.972,6513.0
2022-05-05 15:00:00+00:00,114.43,115.28,112.05,114.01,960333.0,113.705,5198.0
2022-05-05 16:00:00+00:00,113.98,116.09,113.39,115.98,446331.0,115.218,2323.0
2022-05-05 17:00:00+00:00,115.98,117.15,115.3,115.76,366168.0,116.296,2017.0
2022-05-05 18:00:00+00:00,115.61,116.27,113.9,114.3,357449.0,114.759,2093.0
2022-05-05 19:00:00+00:00,114.53,114.53,112.06,114.38,888362.0,113.109,5588.0
2022-05-06 13:30:00+00:00,112.5,112.5,100.25,102.35,1467638.0,105.022,8509.0
2022-05-06 14:00:00+00:00,102.34,107.89,102.0,107.04,1202529.0,105.037,6746.0
2022-05-06 15:00:00+00:00,107.11,110.6,105.26,105.28,788192.0,107.6,4586.0
2022-05-06 16:00:00+00:00,105.26,108.44,104.79,107.84,465164.0,106.672,2760.0
2022-05-06 17:00:00+00:00,107.85,108.04,102.88,103.12,453788.0,105.069,2510.0
2022-05-06 18:00:00+00:00,103.1,104.27,102.17,102.79,470603.0,103.311,2967.0
2022-05-06 19:00:00+00:00,102.75,104.1,101.01,103.6,1245746.0,102.609,7488.0
2022-05-09 13:30:00+00:00,95.93,96.43,92.28,92.59,2630468.0,94.517,12960.0
2022-05-09 14:00:00+00:00,92.72,93.34,88.23,88.59,1947283.0,90.73,9423.0
2022-05-09 15:00:00+00:00,88.59,90.49,86.02,90.09,1644527.0,87.79,8943.0
2022-05-09 16:00:00+00:00,89.99,90.97,86.11,86.13,948328.0,88.589,4833.0
2022-05-09 17:00:00+00:00,86.13,86.2,83.11,84.5,1444694.0,84.841,7268.0
2022-05-09 18:00:00+00:00,84.5,85.88,84.0,84.61,1104479.0,84.629,5146.0
2022-05-09 19:00:00+00:00,84.66,85.19,81.78,83.5,2031310.0,83.511,11062.0
2022-05-10 13:30:00+00:00,87.0,89.38,81.21,85.03,1945553.0,84.71,9962.0
2022-05-10 14:00:00+00:00,85.0,86.35,77.25,77.34,2220191.0,81.205,11956.0
2022-05-10 15:00:00+00:00,77.33,78.42,72.49,73.62,3194473.0,74.649,16048.0
2022-05-10 16:00:00+00:00,73.67,76.81,72.27,73.91,1860185.0,74.606,9025.0
2022-05-10 17:00:00+00:00,73.82,80.13,72.53,79.64,2625571.0,76.423,12011.0
2022-05-10 18:00:00+00:00,79.65,79.75,74.3,77.19,2263575.0,76.584,11116.0
2022-05-10 19:00:00+00:00,77.24,78.27,70.19,72.99,4676655.0,73.535,24250.0
2022-05-11 13:30:00+00:00,54.91,61.28,52.8,59.77,12541904.0,57.295,53433.0
2022-05-11 14:00:00+00:00,59.88,59.95,55.18,55.91,10317803.0,56.587,44542.0
2022-05-11 15:00:00+00:00,55.93,57.05,54.55,55.79,5775650.0,55.814,26744.0
2022-05-11 16:00:00+00:00,55.82,56.97,53.0,53.3,3734164.0,55.335,15969.0
2022-05-11 17:00:00+00:00,53.26,53.63,50.15,51.47,7442326.0,51.34,29272.0
2022-05-11 18:00:00+00:00,51.43,55.79,51.31,53.96,5959588.0,53.751,19833.0
2022-05-11 19:00:00+00:00,53.93,54.13,51.98,53.77,5822666.0,53.228,25186.0
2022-05-12 13:30:00+00:00,48.54,48.55,40.83,46.49,12373721.0,45.22,56128.0
2022-05-12 14:00:00+00:00,46.45,57.65,45.51,56.98,12628703.0,51.751,57863.0
2022-05-12 15:00:00+00:00,57.05,60.3,53.77,53.77,7488577.0,56.948,33297.0
2022-05-12 16:00:00+00:00,53.78,56.93,52.6,55.92,3770576.0,54.372,16349.0
2022-05-12 17:00:00+00:00,55.89,57.67,52.77,53.83,3166298.0,55.39,14019.0
2022-05-12 18:00:00+00:00,53.78,54.83,52.25,53.46,2469338.0,53.309,10210.0
2022-05-12 19:00:00+00:00,53.43,58.9,53.36,58.5,4343968.0,56.806,21149.0
2022-05-13 13:30:00+00:00,69.26,71.3,65.83,66.52,6444118.0,68.339,31695.0
2022-05-13 14:00:00+00:00,66.56,70.47,65.5,70.15,4814956.0,68.242,23245.0
2022-05-13 15:00:00+00:00,70.08,71.78,68.28,71.74,3127678.0,69.823,15709.0
2022-05-13 16:00:00+00:00,71.8,74.25,71.13,72.04,4228271.0,72.598,20586.0
2022-05-13 17:00:00+00:00,72.07,73.31,69.61,69.93,2451774.0,71.862,10937.0
2022-05-13 18:00:00+00:00,69.91,70.27,66.15,68.06,4385827.0,67.803,18563.0
2022-05-13 19:00:00+00:00,68.01,69.3,67.09,67.81,3436999.0,68.215,15607.0
2022-05-16 13:30:00+00:00,68.1,68.1,61.22,62.82,3287827.0,64.108,15334.0
2022-05-16 14:00:00+00:00,62.82,64.82,60.75,60.82,2580327.0,62.914,11431.0
2022-05-16 15:00:00+00:00,60.8,64.8,60.51,64.36,1960588.0,62.459,9107.0
2022-05-16 16:00:00+00:00,64.36,65.33,63.06,63.26,967864.0,64.105,4765.0
2022-05-16 17:00:00+00:00,63.25,66.84,63.05,66.2,1321840.0,65.02,5793.0
2022-05-16 18:00:00+00:00,66.23,66.99,65.0,66.32,1265357.0,66.093,6353.0
2022-05-16 19:00:00+00:00,66.34,66.35,61.5,61.61,2821859.0,62.726,13470.0
2022-05-17 13:30:00+00:00,66.3,67.85,64.41,64.53,1968596.0,66.11,9222.0
2022-05-17 14:00:00+00:00,64.57,66.64,63.11,63.87,2399895.0,64.847,11953.0
2022-05-17 15:00:00+00:00,63.85,66.79,63.7,66.63,1159712.0,65.297,5387.0
2022-05-17 16:00:00+00:00,66.65,70.03,66.3,68.95,1999559.0,68.785,9858.0
2022-05-17 17:00:00+00:00,68.95,69.48,67.97,68.73,1205644.0,68.779,5071.0
2022-05-17 18:00:00+00:00,68.71,70.44,67.51,69.42,1461256.0,69.037,7098.0
2022-05-17 19:00:00+00:00,69.4,70.5,69.09,69.97,1698624.0,69.957,9626.0
2022-05-18 13:30:00+00:00,67.69,68.86,65.59,67.8,2047749.0,67.05,10385.0
2022-05-18 14:00:00+00:00,67.65,71.81,67.45,70.33,2495383.0,70.146,12604.0
2022-05-18 15:00:00+00:00,70.28,70.28,64.75,65.34,2075105.0,66.881,8940.0
2022-05-18 16:00:00+00:00,65.28,66.24,64.16,65.76,1226282.0,65.089,5354.0
2022-05-18 17:00:00+00:00,65.75,65.77,63.3,63.95,872214.0,64.094,4239.0
2022-05-18 18:00:00+00:00,63.98,64.61,63.36,63.89,827280.0,63.96,3766.0
2022-05-18 19:00:00+00:00,63.92,65.13,61.94,63.03,2269349.0,63.316,10687.0
2022-05-19 13:30:00+00:00,65.0,67.44,63.61,66.06,2837806.0,65.613,10927.0
2022-05-19 14:00:00+00:00,66.06,68.58,65.38,68.15,2277417.0,67.462,11720.0
2022-05-19 15:00:00+00:00,68.16,70.7,67.6,70.27,1967828.0,69.366,10131.0
2022-05-19 16:00:00+00:00,70.27,70.99,67.55,68.3,1638099.0,69.164,6979.0
2022-05-19 17:00:00+00:00,68.23,68.6,66.5,68.4,1163257.0,67.617,4922.0
2022-05-19 18:00:00+00:00,68.4,69.12,67.34,67.84,856616.0,68.298,3711.0
2022-05-19 19:00:00+00:00,67.83,68.3,66.35,67.41,1015718.0,67.214,5919.0
2022-05-20 13:30:00+00:00,69.37,70.74,67.45,69.5,2023660.0,68.867,8582.0
2022-05-20 14:00:00+00:00,69.51,70.27,65.14,65.25,1985436.0,67.935,9586.0
2022-05-20 15:00:00+00:00,65.23,66.44,64.59,65.55,1404403.0,65.425,6295.0
2022-05-20 16:00:00+00:00,65.46,65.8,62.47,63.1,1693521.0,64.195,7767.0
2022-05-20 17:00:00+00:00,63.06,64.42,62.05,64.11,1204107.0,63.185,5663.0
2022-05-20 18:00:00+00:00,64.09,64.32,62.52,63.38,774320.0,63.427,3837.0
2022-05-20 19:00:00+00:00,63.32,66.48,62.74,66.25,1667023.0,65.012,9082.0
2022-05-23 13:30:00+00:00,65.55,67.44,63.55,63.99,1594434.0,65.708,6979.0
2022-05-23 14:00:00+00:00,63.99,65.34,62.35,64.45,2313816.0,63.612,7899.0
2022-05-23 15:00:00+00:00,64.49,67.88,64.1,67.06,1150836.0,66.471,4346.0
2022-05-23 16:00:00+00:00,67.05,68.65,66.52,66.94,741060.0,67.612,2844.0
2022-05-23 17:00:00+00:00,66.92,68.18,66.34,67.96,700182.0,67.238,2473.0
2022-05-23 18:00:00+00:00,67.99,68.65,66.99,67.34,696972.0,67.857,3320.0
2022-05-23 19:00:00+00:00,67.39,67.45,64.4,66.08,1790536.0,65.912,8246.0
2022-05-24 13:30:00+00:00,64.56,64.56,59.66,59.9,1632847.0,61.443,7779.0
2022-05-24 14:00:00+00:00,59.89,60.67,59.12,60.35,1686922.0,59.78,7863.0
2022-05-24 15:00:00+00:00,60.34,62.47,60.08,61.67,1020405.0,61.108,4409.0
2022-05-24 16:00:00+00:00,61.63,63.05,60.77,61.15,837932.0,61.869,3640.0
2022-05-24 17:00:00+00:00,61.12,61.55,60.16,60.94,506354.0,60.721,2204.0
2022-05-24 18:00:00+00:00,60.98,61.3,59.52,59.59,855229.0,60.129,3766.0
2022-05-24 19:00:00+00:00,59.59,61.78,59.45,61.36,1334519.0,60.676,6785.0
2022-05-25 13:30:00+00:00,61.07,65.12,60.99,63.52,1250224.0,63.439,5317.0
2022-05-25 14:00:00+00:00,63.51,66.65,63.27,65.01,1526544.0,64.942,6515.0
2022-05-25 15:00:00+00:00,64.92,65.82,63.82,65.52,1170627.0,64.845,4967.0
2022-05-25 16:00:00+00:00,65.53,66.98,65.08,66.3,1104358.0,66.102,5185.0
2022-05-25 17:00:00+00:00,66.25,66.61,65.46,65.9,594419.0,66.062,2820.0
2022-05-25 18:00:00+00:00,65.84,67.74,64.8,67.56,1086109.0,66.759,4915.0
2022-05-25 19:00:00+00:00,67.56,68.5,66.21,67.05,1568071.0,67.448,9031.0
2022-05-26 13:30:00+00:00,63.96,66.76,62.3,66.28,1924987.0,64.835,7639.0
2022-05-26 14:00:00+00:00,66.34,69.25,65.05,68.59,2126670.0,67.611,9894.0
2022-05-26 15:00:00+00:00,68.59,69.03,67.59,68.46,865913.0,68.295,3937.0
2022-05-26 16:00:00+00:00,68.45,70.89,68.1,70.8,1359358.0,70.055,5597.0
2022-05-26 17:00:00+00:00,70.79,71.17,69.11,69.95,756388.0,69.952,3249.0
2022-05-26 18:00:00+00:00,69.9,70.43,69.3,69.94,484545.0,69.858,2593.0
2022-05-26 19:00:00+00:00,69.9,70.18,68.42,70.0,1208450.0,69.535,6137.0
2022-05-27 13:30:00+00:00,69.97,75.46,69.84,74.92,2067936.0,72.657,8941.0
2022-05-27 14:00:00+00:00,74.85,77.18,72.78,72.82,2737702.0,75.488,11961.0
2022-05-27 15:00:00+00:00,72.78,75.4,72.34,75.13,1469419.0,73.831,5960.0
2022-05-27 16:00:00+00:00,75.14,75.88,73.33,74.1,845690.0,74.442,3590.0
2022-05-27 17:00:00+00:00,74.09,74.68,72.52,72.76,941318.0,73.574,3846.0
2022-05-27 18:00:00+00:00,72.81,73.88,72.41,73.8,923764.0,72.941,4349.0
2022-05-27 19:00:00+00:00,73.72,75.4,73.55,75.32,1779789.0,74.686,9071.0
2022-05-31 13:30:00+00:00,80.06,83.32,76.8,79.39,2475181.0,79.395,11305.0
2022-05-31 14:00:00+00:00,79.39,80.05,76.22,79.55,1929596.0,78.215,9084.0
2022-05-31 15:00:00+00:00,79.44,81.98,77.6,81.66,1453531.0,79.426,6964.0
2022-05-31 16:00:00+00:00,81.63,83.28,80.48,81.72,1741332.0,81.915,8306.0
2022-05-31 17:00:00+00:00,81.64,81.82,78.78,80.28,1146111.0,79.983,5645.0
2022-05-31 18:00:00+00:00,80.27,80.52,76.05,76.58,1093842.0,78.2,5033.0
2022-05-31 19:00:00+00:00,76.56,78.43,75.6,78.19,2443232.0,77.312,11579.0
2022-06-01 13:30:00+00:00,77.51,77.8,73.8,75.9,1743794.0,75.569,8357.0
2022-06-01 14:00:00+00:00,75.91,75.94,71.34,72.38,1926493.0,73.027,8146.0
2022-06-01 15:00:00+00:00,72.35,72.44,68.88,69.39,1647846.0,70.236,7705.0
2022-06-01 16:00:00+00:00,69.38,69.5,67.88,68.62,1583503.0,68.896,6990.0
2022-06-01 17:00:00+00:00,68.68,69.71,67.8,68.65,1191345.0,68.646,5060.0
2022-06-01 18:00:00+00:00,68.59,69.88,68.2,68.41,1275218.0,69.06,4744.0
2022-06-01 19:00:00+00:00,68.45,69.22,67.8,68.6,1549995.0,68.651,8039.0
2022-06-02 13:30:00+00:00,67.66,71.2,67.28,70.2,1187820.0,69.556,5038.0
2022-06-02 14:00:00+00:00,70.19,72.04,69.81,71.95,1435955.0,70.986,6436.0
2022-06-02 15:00:00+00:00,71.95,73.79,71.67,73.4,989243.0,72.927,4873.0
2022-06-02 16:00:00+00:00,73.43,74.48,73.4,73.8,601826.0,73.922,2928.0
2022-06-02 17:00:00+00:00,73.78,74.38,73.06,73.24,511210.0,73.778,2562.0
2022-06-02 18:00:00+00:00,73.19,73.89,72.43,72.49,460682.0,73.313,2489.0
2022-06-02 19:00:00+00:00,72.47,74.12,71.94,73.76,958810.0,73.017,5765.0
2022-06-03 13:30:00+00:00,69.39,69.94,67.31,69.3,1405829.0,68.502,6689.0
2022-06-03 14:00:00+00:00,69.25,70.5,66.37,66.84,1567980.0,67.897,7522.0
2022-06-03 15:00:00+00:00,66.76,67.76,65.61,67.6,1001394.0,66.561,4658.0
2022-06-03 16:00:00+00:00,67.6,68.3,67.1,68.09,533415.0,67.746,2332.0
2022-06-03 17:00:00+00:00,68.15,68.9,66.65,66.89,671022.0,67.579,3106.0
2022-06-03 18:00:00+00:00,66.88,67.1,66.25,66.72,574217.0,66.613,2776.0
2022-06-03 19:00:00+00:00,66.73,67.79,66.28,66.72,1623054.0,66.845,9712.0
2022-06-06 13:30:00+00:00,70.84,71.66,69.5,71.64,1236409.0,70.629,5253.0
2022-06-06 14:00:00+00:00,71.65,74.11,71.53,72.79,1478257.0,73.058,6728.0
2022-06-06 15:00:00+00:00,72.79,73.06,70.45,70.87,984194.0,71.307,4467.0
2022-06-06 16:00:00+00:00,70.87,70.9,68.43,70.05,1031555.0,69.368,4712.0
2022-06-06 17:00:00+00:00,69.98,70.74,68.86,70.74,451926.0,69.819,2031.0
2022-06-06 18:00:00+00:00,70.7,70.78,69.33,69.96,466233.0,70.089,2263.0
2022-06-06 19:00:00+00:00,69.91,70.71,69.37,70.67,827185.0,70.111,4999.0
2022-06-07 13:30:00+00:00,67.31,68.69,64.36,66.58,1472159.0,66.676,6126.0
2022-06-07 14:00:00+00:00,66.68,69.3,65.89,68.8,1333241.0,67.557,5845.0
2022-06-07 15:00:00+00:00,68.87,69.34,66.85,68.09,780604.0,67.947,3471.0
2022-06-07 16:00:00+00:00,68.1,68.87,67.47,68.81,585587.0,68.156,2538.0
2022-06-07 17:00:00+00:00,68.78,69.05,68.16,68.5,478167.0,68.697,2309.0
2022-06-07 18:00:00+00:00,68.5,68.9,67.43,67.58,470389.0,68.252,2489.0
2022-06-07 19:00:00+00:00,67.59,69.97,67.47,69.47,1175833.0,69.146,5977.0
2022-06-08 13:30:00+00:00,69.23,72.94,68.44,72.42,914869.0,71.266,4222.0
2022-06-08 14:00:00+00:00,72.39,72.98,70.3,70.71,878140.0,71.569,4288.0
2022-06-08 15:00:00+00:00,70.71,72.14,70.12,71.16,620593.0,71.415,2565.0
2022-06-08 16:00:00+00:00,71.17,71.61,69.22,70.28,606465.0,70.181,2644.0
2022-06-08 17:00:00+00:00,70.24,70.4,68.3,69.05,603118.0,69.288,2559.0
2022-06-08 18:00:00+00:00,69.01,69.73,68.37,69.31,315717.0,69.226,1546.0
2022-06-08 19:00:00+00:00,69.28,69.58,68.56,69.21,602329.0,69.164,3205.0
2022-06-09 13:30:00+00:00,69.08,69.38,65.26,66.38,1362885.0,66.688,6567.0
2022-06-09 14:00:00+00:00,66.48,68.78,65.55,67.27,1205351.0,67.115,6519.0
2022-06-09 15:00:00+00:00,67.23,67.27,65.6,66.2,894566.0,66.322,4279.0
2022-06-09 16:00:00+00:00,66.2,66.68,65.67,66.2,584400.0,66.096,2678.0
2022-06-09 17:00:00+00:00,66.25,66.66,65.03,65.72,548867.0,65.677,2309.0
2022-06-09 18:00:00+00:00,65.74,65.75,64.59,64.64,599173.0,65.138,3141.0
2022-06-09 19:00:00+00:00,64.59,64.61,63.12,63.76,1614606.0,63.72,9223.0
2022-06-10 13:30:00+00:00,60.0,61.63,58.03,59.31,1861825.0,59.828,9484.0
2022-06-10 14:00:00+00:00,59.25,60.3,57.81,58.47,1633395.0,59.032,8663.0
2022-06-10 15:00:00+00:00,58.5,59.46,57.77,59.33,957969.0,58.337,5207.0
2022-06-10 16:00:00+00:00,59.3,59.75,58.07,58.44,662500.0,58.746,3802.0
2022-06-10 17:00:00+00:00,58.46,59.65,57.89,58.79,587991.0,58.603,3237.0
2022-06-10 18:00:00+00:00,58.82,60.23,58.65,60.03,697406.0,59.564,3741.0
2022-06-10 19:00:00+00:00,60.02,60.25,58.52,58.73,1092134.0,59.256,6505.0
2022-06-13 13:30:00+00:00,46.16,52.17,46.0,50.52,5969740.0,49.413,25739.0
2022-06-13 14:00:00+00:00,50.52,52.34,49.55,51.01,4960258.0,50.435,23817.0
2022-06-13 15:00:00+00:00,50.97,53.3,50.53,52.31,2838370.0,52.02,13332.0
2022-06-13 16:00:00+00:00,52.31,54.3,51.8,52.97,1721945.0,53.278,8201.0
2022-06-13 17:00:00+00:00,52.99,53.29,51.51,51.98,1400396.0,52.245,7710.0
2022-06-13 18:00:00+00:00,51.96,52.13,51.07,51.26,1129663.0,51.629,5710.0
2022-06-13 19:00:00+00:00,51.24,52.53,50.48,51.99,2389128.0,51.495,13198.0
2022-06-14 13:30:00+00:00,52.51,52.94,48.81,51.39,3481012.0,50.316,14263.0
2022-06-14 14:00:00+00:00,51.34,52.0,49.14,49.74,2448031.0,50.263,11353.0
2022-06-14 15:00:00+00:00,49.74,52.25,49.46,52.16,2053271.0,50.921,9108.0
2022-06-14 16:00:00+00:00,52.17,52.35,51.03,51.63,1069339.0,51.67,4901.0
2022-06-14 17:00:00+00:00,51.65,53.29,51.46,52.0,1152903.0,52.292,5620.0
2022-06-14 18:00:00+00:00,52.01,52.6,51.44,51.55,847560.0,52.043,4424.0
2022-06-14 19:00:00+00:00,51.55,51.68,50.37,51.59,1278645.0,51.24,7200.0
2022-06-15 13:30:00+00:00,50.94,53.61,50.45,53.21,1694535.0,52.473,6344.0
2022-06-15 14:00:00+00:00,53.31,55.15,52.54,53.23,2273154.0,54.026,9236.0
2022-06-15 15:00:00+00:00,53.23,55.24,52.84,55.02,1226046.0,54.344,4837.0
2022-06-15 16:00:00+00:00,55.01,56.05,53.91,54.0,1107574.0,55.136,4511.0
2022-06-15 17:00:00+00:00,54.03,55.17,53.45,54.77,786946.0,54.123,3844.0
2022-06-15 18:00:00+00:00,54.79,56.2,52.1,54.5,2252899.0,54.051,9875.0
2022-06-15 19:00:00+00:00,54.49,56.66,53.84,55.07,2126346.0,55.278,10727.0
2022-06-16 13:30:00+00:00,52.58,54.43,50.73,50.95,1725319.0,52.66,7289.0
2022-06-16 14:00:00+00:00,50.9,51.72,50.15,50.9,2017546.0,50.857,8298.0
2022-06-16 15:00:00+00:00,50.86,52.61,50.84,52.07,1252027.0,51.681,5291.0
2022-06-16 16:00:00+00:00,52.06,52.63,51.3,51.75,806165.0,51.952,3038.0
2022-06-16 17:00:00+00:00,51.74,52.21,50.87,50.93,626089.0,51.658,2202.0
2022-06-16 18:00:00+00:00,50.88,51.32,50.08,50.78,992912.0,50.519,3667.0
2022-06-16 19:00:00+00:00,50.74,51.45,50.23,51.23,1509829.0,50.926,7496.0
2022-06-17 13:30:00+00:00,50.12,51.94,49.72,51.5,1586165.0,50.785,5643.0
2022-06-17 14:00:00+00:00,51.45,51.87,49.28,50.08,1312996.0,50.37,5775.0
2022-06-17 15:00:00+00:00,50.08,50.87,49.52,50.33,782242.0,50.37,3710.0
2022-06-17 16:00:00+00:00,50.27,51.74,49.91,51.25,617297.0,50.882,2778.0
2022-06-17 17:00:00+00:00,51.21,52.8,51.15,51.79,1057951.0,52.03,4504.0
2022-06-17 18:00:00+00:00,51.83,51.95,51.17,51.4,735453.0,51.531,3493.0
2022-06-17 19:00:00+00:00,51.44,51.47,50.41,51.18,1442793.0,51.056,8384.0
2022-06-21 13:30:00+00:00,54.22,59.4,54.1,58.97,2795847.0,56.455,11398.0
2022-06-21 14:00:00+00:00,58.99,60.75,58.29,60.55,3254039.0,59.536,14769.0
2022-06-21 15:00:00+00:00,60.52,60.58,58.22,58.64,1615966.0,59.44,8181.0
2022-06-21 16:00:00+00:00,58.64,59.42,58.38,59.09,879563.0,58.965,4170.0
2022-06-21 17:00:00+00:00,59.1,59.45,57.47,57.59,844786.0,58.63,4210.0
2022-06-21 18:00:00+00:00,57.6,58.31,57.29,57.74,819340.0,57.795,3768.0
2022-06-21 19:00:00+00:00,57.75,58.31,57.28,57.46,1490935.0,57.749,8004.0
2022-06-22 13:30:00+00:00,53.88,56.04,53.34,56.0,3260536.0,55.191,14922.0
2022-06-22 14:00:00+00:00,55.98,56.75,53.86,54.71,2602124.0,55.595,12176.0
2022-06-22 15:00:00+00:00,54.73,54.81,53.18,53.24,1801684.0,53.841,8055.0
2022-06-22 16:00:00+00:00,53.23,53.76,52.42,53.71,1379609.0,53.034,6147.0
2022-06-22 17:00:00+00:00,53.72,54.06,53.21,54.03,695732.0,53.549,2782.0
2022-06-22 18:00:00+00:00,54.06,55.1,53.65,54.01,1130859.0,54.395,4352.0
2022-06-22 19:00:00+00:00,54.01,54.01,51.56,51.87,2603887.0,52.371,14133.0
2022-06-23 13:30:00+00:00,53.6,54.24,51.83,52.88,1376781.0,52.912,6739.0
2022-06-23 14:00:00+00:00,52.85,55.6,52.71,55.47,1911007.0,54.347,8531.0
2022-06-23 15:00:00+00:00,55.5,56.88,54.93,55.62,1466158.0,55.976,7529.0
2022-06-23 16:00:00+00:00,55.61,55.7,53.37,53.52,1087619.0,54.426,4996.0
2022-06-23 17:00:00+00:00,53.51,55.51,52.66,55.48,1586292.0,54.071,6381.0
2022-06-23 18:00:00+00:00,55.48,57.28,54.68,57.0,1773533.0,56.271,6956.0
2022-06-23 19:00:00+00:00,57.0,59.62,56.78,58.85,2670840.0,58.605,14385.0
2022-06-24 13:30:00+00:00,60.0,63.34,59.98,62.4,2209840.0,62.123,10286.0
2022-06-24 14:00:00+00:00,62.44,64.09,60.28,61.54,2711266.0,62.162,13441.0
2022-06-24 15:00:00+00:00,61.58,62.58,59.32,60.05,1840283.0,60.91,9256.0
2022-06-24 16:00:00+00:00,60.05,61.63,59.95,61.44,1120675.0,60.881,5419.0
2022-06-24 17:00:00+00:00,61.44,61.79,60.23,60.82,1373854.0,60.746,6569.0
2022-06-24 18:00:00+00:00,60.82,61.91,60.52,61.85,1028254.0,61.362,5787.0
2022-06-24 19:00:00+00:00,61.89,62.76,61.53,62.74,2394210.0,62.181,14075.0
2022-06-27 13:30:00+00:00,59.49,60.45,56.34,57.29,2761102.0,57.785,12131.0
2022-06-27 14:00:00+00:00,57.25,58.0,56.02,57.32,1850464.0,56.986,9266.0
2022-06-27 15:00:00+00:00,57.35,58.41,56.69,57.4,1082642.0,57.654,5079.0
2022-06-27 16:00:00+00:00,57.4,57.62,56.22,56.58,938268.0,56.823,5010.0
2022-06-27 17:00:00+00:00,56.58,56.95,56.2,56.65,607234.0,56.571,3013.0
2022-06-27 18:00:00+00:00,56.63,57.58,56.3,57.38,937835.0,56.789,4455.0
2022-06-27 19:00:00+00:00,57.4,57.72,55.02,55.92,2717991.0,55.875,14190.0
2022-06-28 13:30:00+00:00,56.26,57.25,55.52,56.5,1084475.0,56.487,4299.0
2022-06-28 14:00:00+00:00,56.45,57.0,54.24,54.62,1106659.0,55.336,5420.0
2022-06-28 15:00:00+00:00,54.61,54.61,52.3,52.59,1391254.0,53.237,5979.0
2022-06-28 16:00:00+00:00,52.56,53.38,52.3,53.1,743657.0,52.802,3364.0
2022-06-28 17:00:00+00:00,53.09,53.16,51.64,51.72,655150.0,52.205,3378.0
2022-06-28 18:00:00+00:00,51.68,51.72,50.56,51.02,1009409.0,51.074,4695.0
2022-06-28 19:00:00+00:00,51.02,51.34,50.33,51.18,1334745.0,50.95,7582.0
2022-06-29 13:30:00+00:00,50.32,51.35,48.91,50.53,1354689.0,49.857,6153.0
2022-06-29 14:00:00+00:00,50.51,51.46,49.57,50.48,1333720.0,50.675,6457.0
2022-06-29 15:00:00+00:00,50.48,51.37,50.0,50.8,822146.0,50.617,3948.0
2022-06-29 16:00:00+00:00,50.84,50.85,49.3,49.38,741680.0,49.959,3164.0
2022-06-29 17:00:00+00:00,49.4,49.75,48.59,49.53,937420.0,49.151,4085.0
2022-06-29 18:00:00+00:00,49.51,50.05,48.75,49.14,754907.0,49.264,3542.0
2022-06-29 19:00:00+00:00,49.14,49.85,48.85,49.72,1143830.0,49.389,6336.0
2022-06-30 13:30:00+00:00,48.2,48.4,44.69,44.82,2535207.0,46.107,11412.0
2022-06-30 14:00:00+00:00,44.83,46.98,44.15,46.8,2327019.0,45.594,10565.0
2022-06-30 15:00:00+00:00,46.86,47.96,46.29,47.41,1281238.0,47.163,5129.0
2022-06-30 16:00:00+00:00,47.39,48.38,46.41,48.14,767294.0,47.511,3391.0
2022-06-30 17:00:00+00:00,48.16,48.39,46.86,47.75,562895.0,47.537,2850.0
2022-06-30 18:00:00+00:00,47.75,47.85,46.57,46.81,736872.0,47.324,3710.0
2022-06-30 19:00:00+00:00,46.81,47.77,46.54,46.97,1377645.0,47.122,7761.0
2022-07-01 13:30:00+00:00,47.99,50.17,47.97,49.55,1542597.0,49.045,6880.0
2022-07-01 14:00:00+00:00,49.58,50.1,47.52,48.61,1426047.0,48.916,6342.0
2022-07-01 15:00:00+00:00,48.56,49.35,47.8,48.23,848406.0,48.648,3767.0
2022-07-01 16:00:00+00:00,48.21,48.7,47.96,48.01,389261.0,48.369,1888.0
2022-07-01 17:00:00+00:00,48.02,48.79,47.72,48.65,378183.0,48.276,2001.0
2022-07-01 18:00:00+00:00,48.65,48.76,48.09,48.48,427567.0,48.427,2207.0
2022-07-01 19:00:00+00:00,48.5,49.13,48.07,49.04,1168427.0,48.576,7349.0
2022-07-05 13:30:00+00:00,48.11,48.5,45.95,48.22,1635903.0,47.435,8048.0
2022-07-05 14:00:00+00:00,48.18,51.66,47.87,50.16,1846389.0,49.98,8931.0
2022-07-05 15:00:00+00:00,50.14,50.33,48.71,50.06,908118.0,49.473,4470.0
2022-07-05 16:00:00+00:00,50.09,50.79,49.46,50.51,705229.0,50.216,3114.0
2022-07-05 17:00:00+00:00,50.53,52.45,50.5,52.11,761492.0,51.709,3277.0
2022-07-05 18:00:00+00:00,52.16,53.8,51.96,53.51,1114326.0,53.005,5330.0
2022-07-05 19:00:00+00:00,53.52,55.82,53.02,55.41,2655575.0,54.696,14252.0
2022-07-06 13:30:00+00:00,54.17,56.28,53.55,55.58,1800674.0,54.675,8264.0
2022-07-06 14:00:00+00:00,55.61,55.7,53.7,54.23,2052318.0,54.363,7087.0
2022-07-06 15:00:00+00:00,54.29,54.37,52.23,52.3,1103793.0,53.185,5191.0
2022-07-06 16:00:00+00:00,52.33,53.1,51.88,52.73,676020.0,52.575,3133.0
2022-07-06 17:00:00+00:00,52.75,53.14,52.5,52.83,614784.0,52.741,2115.0
2022-07-06 18:00:00+00:00,52.8,53.49,51.84,53.08,982603.0,52.76,3472.0
2022-07-06 19:00:00+00:00,53.11,53.17,51.4,51.7,1425275.0,52.227,7415.0
2022-07-07 13:30:00+00:00,52.14,54.81,52.14,54.51,1472848.0,53.752,5297.0
2022-07-07 14:00:00+00:00,54.53,54.57,52.35,54.17,1692445.0,53.434,6430.0
2022-07-07 15:00:00+00:00,54.18,55.7,53.87,54.75,1558551.0,54.775,5525.0
2022-07-07 16:00:00+00:00,54.74,55.45,54.11,55.29,803383.0,54.858,3488.0
2022-07-07 17:00:00+00:00,55.25,56.03,54.51,55.88,891273.0,55.34,3691.0
2022-07-07 18:00:00+00:00,55.9,57.56,55.79,57.46,1266398.0,56.828,5742.0
2022-07-07 19:00:00+00:00,57.48,57.65,56.72,57.43,1920230.0,57.242,9646.0
2022-07-08 13:30:00+00:00,55.6,56.75,54.51,55.04,1152922.0,55.507,5070.0
2022-07-08 14:00:00+00:00,55.01,60.16,54.65,60.0,2444673.0,58.183,11044.0
2022-07-08 15:00:00+00:00,60.03,63.7,59.96,61.96,4605251.0,61.876,18813.0
2022-07-08 16:00:00+00:00,61.97,62.1,59.46,59.48,1979079.0,60.551,8257.0
2022-07-08 17:00:00+00:00,59.46,61.33,58.92,60.67,1366093.0,60.253,5473.0
2022-07-08 18:00:00+00:00,60.66,61.7,60.36,61.16,1006542.0,61.16,4271.0
2022-07-08 19:00:00+00:00,61.15,61.29,60.2,60.23,1439536.0,60.695,8214.0
2022-07-11 13:30:00+00:00,57.76,58.43,54.88,55.81,1634672.0,56.318,7207.0
2022-07-11 14:00:00+00:00,55.76,57.23,55.1,55.48,1253104.0,56.215,5343.0
2022-07-11 15:00:00+00:00,55.47,55.9,54.59,54.89,1083149.0,55.246,4950.0
2022-07-11 16:00:00+00:00,55.02,55.14,54.02,54.2,752444.0,54.595,3260.0
2022-07-11 17:00:00+00:00,54.19,55.16,54.17,54.81,796312.0,54.682,3448.0
2022-07-11 18:00:00+00:00,54.82,54.84,53.5,53.52,978737.0,54.224,3584.0
2022-07-11 19:00:00+00:00,53.51,54.07,53.3,53.79,1365388.0,53.678,7894.0
2022-07-12 13:30:00+00:00,53.7,56.11,52.62,53.35,1527078.0,54.32,6515.0
2022-07-12 14:00:00+00:00,53.3,54.98,52.71,53.78,1415578.0,53.844,6902.0
2022-07-12 15:00:00+00:00,53.81,55.08,53.51,54.99,764821.0,54.641,3095.0
2022-07-12 16:00:00+00:00,54.99,55.32,54.29,54.52,512189.0,54.747,2629.0
2022-07-12 17:00:00+00:00,54.47,54.9,54.12,54.73,390975.0,54.523,1724.0
2022-07-12 18:00:00+00:00,54.73,55.07,54.38,54.44,370801.0,54.752,1542.0
2022-07-12 19:00:00+00:00,54.45,54.45,53.03,54.23,1177079.0,53.785,6443.0
2022-07-13 13:30:00+00:00,51.68,53.48,50.4,52.51,1618423.0,51.898,7723.0
2022-07-13 14:00:00+00:00,52.46,54.38,50.92,53.58,1757322.0,52.412,7841.0
2022-07-13 15:00:00+00:00,53.63,54.73,52.19,52.65,924281.0,53.382,3760.0
2022-07-13 16:00:00+00:00,52.72,53.88,52.37,53.88,599925.0,53.038,2088.0
2022-07-13 17:00:00+00:00,53.84,54.62,53.33,53.78,547648.0,53.959,2325.0
2022-07-13 18:00:00+00:00,53.78,53.8,53.02,53.78,457633.0,53.372,1977.0
2022-07-13 19:00:00+00:00,53.82,53.96,52.87,53.1,816606.0,53.276,4062.0
2022-07-14 13:30:00+00:00,52.29,52.9,50.82,51.35,1041238.0,51.523,3850.0
2022-07-14 14:00:00+00:00,51.32,51.48,50.34,50.75,1177250.0,50.879,4483.0
2022-07-14 15:00:00+00:00,50.83,54.29,50.7,54.22,1748531.0,52.337,7290.0
2022-07-14 16:00:00+00:00,54.25,54.71,52.31,52.88,1326034.0,53.435,4618.0
2022-07-14 17:00:00+00:00,52.9,54.15,52.7,54.09,767591.0,53.527,2841.0
2022-07-14 18:00:00+00:00,54.13,54.67,53.64,53.96,694683.0,54.128,2896.0
2022-07-14 19:00:00+00:00,53.93,54.07,53.08,53.38,911944.0,53.559,4374.0
2022-07-15 13:30:00+00:00,54.4,56.55,53.69,54.14,1744648.0,55.145,7116.0
2022-07-15 14:00:00+00:00,54.24,55.18,51.93,52.2,2450924.0,53.181,9543.0
2022-07-15 15:00:00+00:00,52.22,53.42,52.1,53.03,986730.0,52.839,3652.0
2022-07-15 16:00:00+00:00,53.03,53.05,52.07,52.72,732980.0,52.47,2857.0
2022-07-15 17:00:00+00:00,52.7,53.33,52.47,53.29,567999.0,52.919,2132.0
2022-07-15 18:00:00+00:00,53.28,53.64,52.9,52.97,625092.0,53.265,2253.0
2022-07-15 19:00:00+00:00,52.96,53.8,52.69,53.79,994370.0,53.31,5554.0
2022-07-18 13:30:00+00:00,56.64,61.57,56.64,61.5,3915272.0,59.663,17658.0
2022-07-18 14:00:00+00:00,61.5,61.74,59.07,61.3,2505526.0,60.431,11129.0
2022-07-18 15:00:00+00:00,61.28,63.38,60.9,63.22,2129238.0,61.844,8653.0
2022-07-18 16:00:00+00:00,63.25,63.36,61.26,62.15,2014797.0,62.41,8524.0
2022-07-18 17:00:00+00:00,62.13,62.8,60.35,60.59,1632274.0,61.652,6314.0
2022-07-18 18:00:00+00:00,60.57,60.85,58.27,59.02,1658810.0,59.832,5965.0
2022-07-18 19:00:00+00:00,59.0,59.35,58.08,58.67,1891561.0,58.673,8841.0
2022-07-19 13:30:00+00:00,60.86,62.32,59.62,60.43,2087286.0,60.952,8232.0
2022-07-19 14:00:00+00:00,60.39,62.12,57.78,61.91,2917337.0,59.88,12584.0
2022-07-19 15:00:00+00:00,61.98,64.7,61.75,64.26,3480946.0,63.369,13574.0
2022-07-19 16:00:00+00:00,64.28,64.92,63.56,64.24,1867648.0,64.295,6398.0
2022-07-19 17:00:00+00:00,64.21,65.75,63.32,65.43,1451355.0,64.638,5582.0
2022-07-19 18:00:00+00:00,65.43,65.98,64.53,65.04,1371634.0,65.302,4783.0
2022-07-19 19:00:00+00:00,65.03,65.9,64.92,65.79,1849132.0,65.581,8742.0
2022-07-20 13:30:00+00:00,67.08,71.32,67.05,68.59,3942816.0,69.589,18590.0
2022-07-20 14:00:00+00:00,68.56,76.55,67.65,75.21,6740638.0,73.403,31114.0
2022-07-20 15:00:00+00:00,75.2,79.0,74.58,76.26,4617606.0,76.816,21439.0
2022-07-20 16:00:00+00:00,76.31,77.72,73.29,73.9,3347709.0,75.315,13504.0
2022-07-20 17:00:00+00:00,73.88,74.02,71.6,72.48,2434520.0,72.754,9315.0
2022-07-20 18:00:00+00:00,72.4,74.99,72.3,74.93,2329328.0,74.093,7490.0
2022-07-20 19:00:00+00:00,74.91,76.26,74.47,75.27,2525562.0,75.32,11990.0
2022-07-21 13:30:00+00:00,70.99,74.08,70.28,72.91,2708875.0,72.285,11287.0
2022-07-21 14:00:00+00:00,72.88,74.28,71.71,73.94,2521169.0,73.206,10611.0
2022-07-21 15:00:00+00:00,73.9,74.86,73.14,73.66,1586840.0,74.202,6250.0
2022-07-21 16:00:00+00:00,73.66,76.62,73.62,74.96,2086271.0,75.584,9112.0
2022-07-21 17:00:00+00:00,74.98,74.98,71.01,71.7,1791603.0,72.775,8062.0
2022-07-21 18:00:00+00:00,71.71,72.4,71.4,72.21,1053950.0,72.043,4721.0
2022-07-21 19:00:00+00:00,72.2,74.13,72.0,73.98,1432903.0,73.058,8089.0
2022-07-22 13:30:00+00:00,76.2,76.58,72.84,73.7,1937445.0,74.75,8696.0
2022-07-22 14:00:00+00:00,73.73,73.77,71.8,72.71,1623066.0,72.83,7191.0
2022-07-22 15:00:00+00:00,72.72,72.83,69.71,70.86,1525090.0,71.05,6292.0
2022-07-22 16:00:00+00:00,70.86,71.4,69.21,70.21,1141237.0,70.163,4999.0
2022-07-22 17:00:00+00:00,70.18,70.35,69.09,69.67,794555.0,69.732,3696.0
2022-07-22 18:00:00+00:00,69.76,71.29,69.45,71.07,691398.0,70.228,3223.0
2022-07-22 19:00:00+00:00,71.07,72.03,70.41,70.91,1373685.0,71.068,7811.0
2022-07-25 13:30:00+00:00,68.98,69.98,66.42,68.22,1566493.0,68.308,6445.0
2022-07-25 14:00:00+00:00,68.37,68.84,67.12,68.07,1409592.0,67.997,5944.0
2022-07-25 15:00:00+00:00,68.08,68.3,66.93,67.71,634249.0,67.558,3175.0
2022-07-25 16:00:00+00:00,67.72,69.24,67.15,69.08,634025.0,68.213,2467.0
2022-07-25 17:00:00+00:00,69.07,69.49,68.24,68.42,466057.0,68.974,1949.0
2022-07-25 18:00:00+00:00,68.37,68.6,66.93,66.98,512501.0,67.728,2702.0
2022-07-25 19:00:00+00:00,67.0,67.25,66.3,67.03,1430108.0,66.719,8103.0
2022-07-26 13:30:00+00:00,61.69,62.89,59.0,59.02,3397704.0,61.06,15143.0
2022-07-26 14:00:00+00:00,59.01,59.65,56.85,58.23,5193942.0,58.049,20910.0
2022-07-26 15:00:00+00:00,58.22,58.28,56.27,56.44,2126646.0,57.102,8819.0
2022-07-26 16:00:00+00:00,56.47,57.55,56.44,57.05,1301414.0,56.905,4699.0
2022-07-26 17:00:00+00:00,57.04,57.68,55.55,55.66,1464296.0,56.638,6636.0
2022-07-26 18:00:00+00:00,55.71,56.15,53.67,53.68,2799102.0,54.783,11346.0
2022-07-26 19:00:00+00:00,53.68,54.12,52.63,52.99,4385247.0,53.277,20103.0
2022-07-27 13:30:00+00:00,54.87,55.76,53.12,55.64,2580903.0,54.427,10072.0
2022-07-27 14:00:00+00:00,55.64,57.23,55.0,55.96,3062311.0,55.993,12232.0
2022-07-27 15:00:00+00:00,55.97,56.6,55.23,56.35,1388481.0,56.043,4873.0
2022-07-27 16:00:00+00:00,56.36,56.46,55.14,55.22,765012.0,55.933,3031.0
2022-07-27 17:00:00+00:00,55.23,55.97,55.06,55.4,754041.0,55.497,2804.0
2022-07-27 18:00:00+00:00,55.4,58.85,55.16,58.38,2464427.0,57.134,10025.0
2022-07-27 19:00:00+00:00,58.41,60.61,57.9,58.76,3007261.0,59.246,14196.0
2022-07-28 13:30:00+00:00,58.23,61.36,56.27,57.4,1806496.0,58.69,7501.0
2022-07-28 14:00:00+00:00,57.39,58.78,55.59,58.78,1905254.0,57.042,8863.0
2022-07-28 15:00:00+00:00,58.78,61.74,58.38,61.03,2071228.0,60.128,8451.0
2022-07-28 16:00:00+00:00,61.1,61.79,60.45,60.64,1130353.0,61.218,5227.0
2022-07-28 17:00:00+00:00,60.67,62.95,60.48,62.34,1415523.0,62.044,4854.0
2022-07-28 18:00:00+00:00,62.32,62.62,61.78,62.22,970179.0,62.099,3430.0
2022-07-28 19:00:00+00:00,62.23,62.54,61.87,62.23,1054542.0,62.202,5722.0
2022-07-29 13:30:00+00:00,60.14,63.51,59.77,62.85,1396232.0,61.856,5556.0
2022-07-29 14:00:00+00:00,62.78,64.23,61.84,61.98,1614351.0,63.211,6597.0
2022-07-29 15:00:00+00:00,61.95,62.54,61.13,61.91,917139.0,61.89,3696.0
2022-07-29 16:00:00+00:00,61.99,62.7,61.23,62.6,531867.0,61.887,2289.0
2022-07-29 17:00:00+00:00,62.57,62.63,61.72,62.09,552510.0,62.182,2030.0
2022-07-29 18:00:00+00:00,62.13,63.2,61.91,62.72,644487.0,62.753,2109.0
2022-07-29 19:00:00+00:00,62.71,63.2,62.62,62.97,1049885.0,62.938,5808.0
2022-08-01 13:30:00+00:00,61.19,62.39,59.42,61.51,1114133.0,60.879,4633.0
2022-08-01 14:00:00+00:00,61.5,63.62,61.25,63.23,1281959.0,62.533,5192.0
2022-08-01 15:00:00+00:00,63.25,63.52,62.54,63.16,634082.0,63.031,2767.0
2022-08-01 16:00:00+00:00,63.14,63.3,61.96,62.16,527685.0,62.604,2458.0
2022-08-01 17:00:00+00:00,62.2,62.2,60.64,61.18,564181.0,61.361,2953.0
2022-08-01 18:00:00+00:00,61.17,62.44,60.84,62.21,597546.0,61.617,2354.0
2022-08-01 19:00:00+00:00,62.24,62.83,61.74,62.64,817461.0,62.34,4489.0
2022-08-02 13:30:00+00:00,60.94,64.44,60.8,63.43,967151.0,63.137,4685.0
2022-08-02 14:00:00+00:00,63.54,66.19,62.16,65.62,1375133.0,64.222,6816.0
2022-08-02 15:00:00+00:00,65.7,67.83,64.55,67.31,1401441.0,66.057,6258.0
2022-08-02 16:00:00+00:00,67.33,69.57,67.29,68.62,1521026.0,68.634,6512.0
2022-08-02 17:00:00+00:00,68.63,69.59,67.09,67.79,1348927.0,68.131,4858.0
2022-08-02 18:00:00+00:00,67.75,69.42,67.4,68.02,1429331.0,68.618,5663.0
2022-08-02 19:00:00+00:00,68.03,68.14,67.06,67.2,1279722.0,67.615,6837.0
2022-08-03 13:30:00+00:00,69.05,74.5,67.61,74.42,2729965.0,70.817,11505.0
2022-08-03 14:00:00+00:00,74.4,75.68,73.25,75.39,3856111.0,74.482,16129.0
2022-08-03 15:00:00+00:00,75.45,78.8,75.12,78.61,2727317.0,77.263,11867.0
2022-08-03 16:00:00+00:00,78.63,79.9,77.5,79.7,2512051.0,78.58,9524.0
2022-08-03 17:00:00+00:00,79.77,82.25,78.31,79.67,3191616.0,80.274,12827.0
2022-08-03 18:00:00+00:00,79.7,80.35,78.81,79.72,1897392.0,79.912,7002.0
2022-08-03 19:00:00+00:00,79.72,81.41,78.6,80.8,2726764.0,80.28,13701.0
2022-08-04 13:30:00+00:00,105.85,116.3,96.2,96.59,12122227.0,105.321,54828.0
2022-08-04 14:00:00+00:00,96.47,101.69,90.31,94.94,8728119.0,95.897,41873.0
2022-08-04 15:00:00+00:00,94.94,96.28,92.06,95.45,4046011.0,94.413,17772.0
2022-08-04 16:00:00+00:00,95.45,97.37,92.2,93.37,3175959.0,94.936,12639.0
2022-08-04 17:00:00+00:00,93.43,94.15,89.75,90.57,2458809.0,91.897,9916.0
2022-08-04 18:00:00+00:00,90.62,91.3,87.84,88.7,2792539.0,89.319,11377.0
2022-08-04 19:00:00+00:00,88.65,89.53,86.78,88.89,3358076.0,88.375,15981.0
2022-08-05 13:30:00+00:00,86.72,92.4,86.52,92.33,3241844.0,89.296,14359.0
2022-08-05 14:00:00+00:00,92.26,98.87,92.26,95.45,6420435.0,95.925,28832.0
2022-08-05 15:00:00+00:00,95.46,95.98,90.3,91.48,2789716.0,92.339,11973.0
2022-08-05 16:00:00+00:00,91.48,94.53,91.45,92.71,1844078.0,93.02,7223.0
2022-08-05 17:00:00+00:00,92.7,93.45,89.91,90.78,1147048.0,92.043,5309.0
2022-08-05 18:00:00+00:00,90.74,92.49,90.49,92.45,1024234.0,91.566,4331.0
2022-08-05 19:00:00+00:00,92.49,93.8,92.18,93.0,2143437.0,93.084,10717.0
2022-08-08 13:30:00+00:00,97.84,103.29,96.4,101.48,3648190.0,100.27,16527.0
2022-08-08 14:00:00+00:00,101.46,103.55,99.16,99.63,2685849.0,101.072,11748.0
2022-08-08 15:00:00+00:00,99.65,99.98,94.54,96.17,2193550.0,96.971,8586.0
2022-08-08 16:00:00+00:00,96.18,97.4,93.8,96.35,1505330.0,95.683,6108.0
2022-08-08 17:00:00+00:00,96.31,97.27,95.26,96.83,1010196.0,96.467,3996.0
2022-08-08 18:00:00+00:00,96.79,97.81,95.57,96.83,1105976.0,96.815,4857.0
2022-08-08 19:00:00+00:00,96.88,98.5,96.62,98.0,1550531.0,97.677,7826.0
2022-08-09 13:30:00+00:00,93.89,93.89,90.59,91.23,1825281.0,92.34,8411.0
2022-08-09 14:00:00+00:00,91.29,91.29,88.74,89.57,2214022.0,89.982,9861.0
2022-08-09 15:00:00+00:00,89.62,90.28,88.44,88.77,1254303.0,89.253,5116.0
2022-08-09 16:00:00+00:00,88.87,89.2,87.56,87.75,1168410.0,88.305,5212.0
2022-08-09 17:00:00+00:00,87.74,88.62,86.8,87.65,1021719.0,87.619,4567.0
2022-08-09 18:00:00+00:00,87.63,88.55,87.44,88.1,1020063.0,88.018,5097.0
2022-08-09 19:00:00+00:00,88.13,88.88,85.74,87.68,2064441.0,87.921,10212.0
2022-08-10 13:30:00+00:00,89.86,94.77,88.0,92.67,4941237.0,91.722,22343.0
2022-08-10 14:00:00+00:00,92.7,92.98,88.5,92.07,3727999.0,90.929,16120.0
2022-08-10 15:00:00+00:00,92.18,93.75,91.79,93.09,1695727.0,92.994,7404.0
2022-08-10 16:00:00+00:00,93.12,93.3,91.0,91.52,1013130.0,92.15,4304.0
2022-08-10 17:00:00+00:00,91.53,91.86,90.02,91.36,1164026.0,91.093,5006.0
2022-08-10 18:00:00+00:00,91.35,92.2,90.71,90.77,1135677.0,91.406,4886.0
2022-08-10 19:00:00+00:00,90.75,95.0,90.7,94.11,2483366.0,93.227,12090.0
2022-08-11 13:30:00+00:00,97.2,98.7,93.8,94.89,3052826.0,96.003,14245.0
2022-08-11 14:00:00+00:00,94.95,97.21,90.06,90.73,3849155.0,93.499,18181.0
2022-08-11 15:00:00+00:00,90.74,91.06,85.41,85.6,3180587.0,87.991,13738.0
2022-08-11 16:00:00+00:00,85.62,87.6,84.67,86.49,1917812.0,86.084,8043.0
2022-08-11 17:00:00+00:00,86.45,86.6,84.8,84.96,1115444.0,85.69,5306.0
2022-08-11 18:00:00+00:00,84.95,85.34,82.31,83.26,1866285.0,83.954,7303.0
2022-08-11 19:00:00+00:00,83.2,84.88,82.78,83.99,2277204.0,83.828,10286.0
2022-08-12 13:30:00+00:00,85.23,86.8,83.28,86.5,1835832.0,85.598,7555.0
2022-08-12 14:00:00+00:00,86.43,87.79,85.3,86.6,1840364.0,86.642,8154.0
2022-08-12 15:00:00+00:00,86.6,88.6,86.39,87.63,1346527.0,87.969,6114.0
2022-08-12 16:00:00+00:00,87.66,88.99,87.62,88.23,763572.0,88.414,3074.0
2022-08-12 17:00:00+00:00,88.24,88.5,87.42,88.15,560172.0,87.972,2313.0
2022-08-12 18:00:00+00:00,88.16,91.65,88.03,91.54,1653747.0,89.973,6445.0
2022-08-12 19:00:00+00:00,91.56,92.48,90.13,90.45,2489672.0,91.4,11353.0
2022-08-15 13:30:00+00:00,89.15,93.68,88.59,93.31,2413829.0,91.613,10325.0
2022-08-15 14:00:00+00:00,93.31,93.46,90.02,90.73,1709413.0,91.447,7731.0
2022-08-15 15:00:00+00:00,90.6,92.7,89.91,92.08,1186617.0,91.219,5097.0
2022-08-15 16:00:00+00:00,92.1,92.75,90.53,91.16,798768.0,91.562,2815.0
2022-08-15 17:00:00+00:00,91.13,91.89,90.25,90.36,521877.0,90.961,2242.0
2022-08-15 18:00:00+00:00,90.32,91.07,89.91,90.89,621502.0,90.51,2482.0
2022-08-15 19:00:00+00:00,90.93,92.0,90.57,91.97,1246362.0,91.592,5714.0
2022-08-16 13:30:00+00:00,90.55,91.72,86.56,86.59,1494228.0,88.921,5869.0
2022-08-16 14:00:00+00:00,86.53,86.9,84.23,85.2,2245244.0,85.458,9713.0
2022-08-16 15:00:00+00:00,85.11,88.88,84.64,88.8,1601837.0,87.126,6941.0
2022-08-16 16:00:00+00:00,88.84,91.6,87.9,91.25,1990169.0,90.439,8177.0
2022-08-16 17:00:00+00:00,91.25,95.5,90.26,94.09,2626203.0,93.204,9100.0
2022-08-16 18:00:00+00:00,94.2,94.75,89.31,90.58,2129640.0,92.041,7687.0
2022-08-16 19:00:00+00:00,90.6,91.2,89.42,90.41,1483893.0,90.394,6943.0
2022-08-17 13:30:00+00:00,87.76,88.64,85.27,86.19,1695642.0,86.494,7846.0
2022-08-17 14:00:00+00:00,86.16,87.35,85.05,85.92,1651991.0,85.996,7509.0
2022-08-17 15:00:00+00:00,85.85,86.65,84.94,85.2,935835.0,85.727,4130.0
2022-08-17 16:00:00+00:00,85.2,86.35,84.77,85.74,737299.0,85.457,3310.0
2022-08-17 17:00:00+00:00,85.69,85.94,84.83,85.7,593199.0,85.369,2312.0
2022-08-17 18:00:00+00:00,85.86,88.48,85.56,86.69,1379445.0,87.128,5925.0
2022-08-17 19:00:00+00:00,86.6,87.42,85.35,85.49,881904.0,85.91,4531.0
2022-08-18 13:30:00+00:00,86.33,86.36,81.59,83.21,1342128.0,83.738,5607.0
2022-08-18 14:00:00+00:00,83.04,85.13,82.57,84.15,1012276.0,83.812,4636.0
2022-08-18 15:00:00+00:00,84.19,84.63,82.71,82.93,745024.0,83.397,3251.0
2022-08-18 16:00:00+00:00,82.9,83.12,81.42,81.92,972444.0,82.099,3598.0
2022-08-18 17:00:00+00:00,81.93,83.23,81.72,82.6,578125.0,82.616,1873.0
2022-08-18 18:00:00+00:00,82.68,83.17,81.89,82.98,476630.0,82.467,1660.0
2022-08-18 19:00:00+00:00,82.88,83.99,82.8,83.47,956067.0,83.448,4169.0
2022-08-19 13:30:00+00:00,76.0,78.26,75.4,77.09,2058458.0,76.547,9603.0
2022-08-19 14:00:00+00:00,77.07,77.09,75.0,75.1,2203240.0,75.767,9000.0
2022-08-19 15:00:00+00:00,75.11,76.1,74.3,75.2,1483226.0,75.017,6601.0
2022-08-19 16:00:00+00:00,75.2,75.86,74.9,75.29,839409.0,75.376,3554.0
2022-08-19 17:00:00+00:00,75.3,75.65,74.32,74.89,709057.0,74.903,3262.0
2022-08-19 18:00:00+00:00,74.89,74.89,74.01,74.63,748245.0,74.491,3405.0
2022-08-19 19:00:00+00:00,74.62,74.75,74.01,74.05,1598370.0,74.316,8789.0
2022-08-22 13:30:00+00:00,70.91,74.94,70.77,74.11,1501414.0,72.974,6539.0
2022-08-22 14:00:00+00:00,74.06,74.12,71.06,71.51,1376232.0,72.122,7354.0
2022-08-22 15:00:00+00:00,71.5,72.88,71.16,72.7,733303.0,72.181,3735.0
2022-08-22 16:00:00+00:00,72.67,73.1,71.14,71.33,682755.0,71.843,3595.0
2022-08-22 17:00:00+00:00,71.33,71.4,71.0,71.09,611477.0,71.151,3022.0
2022-08-22 18:00:00+00:00,71.11,71.33,70.29,70.9,779696.0,70.828,3957.0
2022-08-22 19:00:00+00:00,70.92,71.56,70.78,71.45,902583.0,71.19,4769.0
2022-08-23 13:30:00+00:00,71.95,74.83,71.62,74.07,1238789.0,73.335,4917.0
2022-08-23 14:00:00+00:00,74.0,76.41,73.08,73.13,1527778.0,74.848,6363.0
2022-08-23 15:00:00+00:00,73.22,74.19,71.51,72.0,1035508.0,72.982,4284.0
2022-08-23 16:00:00+00:00,72.01,72.29,70.86,71.37,1145593.0,71.53,4852.0
2022-08-23 17:00:00+00:00,71.31,72.85,70.6,72.07,829635.0,71.925,3520.0
2022-08-23 18:00:00+00:00,72.04,72.5,71.7,71.84,433974.0,72.084,1893.0
2022-08-23 19:00:00+00:00,71.84,72.23,71.01,71.16,815473.0,71.361,3911.0
2022-08-24 13:30:00+00:00,71.96,73.59,70.71,72.8,1049722.0,72.518,4058.0
2022-08-24 14:00:00+00:00,72.74,74.32,72.6,72.79,1106919.0,73.371,4402.0
2022-08-24 15:00:00+00:00,72.73,73.58,72.31,72.93,873023.0,72.916,3254.0
2022-08-24 16:00:00+00:00,72.94,73.66,71.78,71.94,608031.0,72.734,2283.0
2022-08-24 17:00:00+00:00,71.9,72.34,71.21,71.83,478290.0,71.724,1651.0
2022-08-24 18:00:00+00:00,71.85,71.98,71.21,71.39,364126.0,71.563,1286.0
2022-08-24 19:00:00+00:00,71.43,72.0,71.15,71.44,711594.0,71.592,3418.0
2022-08-25 13:30:00+00:00,71.84,72.45,69.51,71.42,1144120.0,70.845,4358.0
2022-08-25 14:00:00+00:00,71.37,72.32,69.99,70.47,1409945.0,71.108,5983.0
2022-08-25 15:00:00+00:00,70.42,70.46,68.55,68.89,1135353.0,69.372,4795.0
2022-08-25 16:00:00+00:00,68.89,69.21,68.52,69.21,653886.0,68.857,2469.0
2022-08-25 17:00:00+00:00,69.19,69.84,68.79,69.47,412462.0,69.41,1855.0
2022-08-25 18:00:00+00:00,69.53,71.19,69.33,69.78,777622.0,70.003,3131.0
2022-08-25 19:00:00+00:00,69.8,71.49,69.58,71.49,970410.0,70.7,4235.0
2022-08-26 13:30:00+00:00,71.58,71.8,69.7,70.3,599263.0,70.876,2380.0
2022-08-26 14:00:00+00:00,70.18,70.25,66.35,66.57,2169691.0,67.923,8998.0
2022-08-26 15:00:00+00:00,66.52,66.99,65.34,66.2,1388496.0,66.246,5617.0
2022-08-26 16:00:00+00:00,66.26,66.77,65.61,66.74,851604.0,66.197,2968.0
2022-08-26 17:00:00+00:00,66.67,67.4,66.1,66.58,651481.0,66.679,2617.0
2022-08-26 18:00:00+00:00,66.55,67.01,66.06,66.77,574599.0,66.524,2510.0
2022-08-26 19:00:00+00:00,66.81,67.21,66.21,66.74,1048046.0,66.764,5723.0
2022-08-29 13:30:00+00:00,65.51,69.4,65.46,68.14,1380898.0,67.519,6148.0
2022-08-29 14:00:00+00:00,68.14,69.02,67.18,67.34,1104290.0,67.938,5190.0
2022-08-29 15:00:00+00:00,67.34,69.1,67.33,68.99,743716.0,68.374,3522.0
2022-08-29 16:00:00+00:00,69.01,69.38,68.12,68.72,654984.0,68.757,3110.0
2022-08-29 17:00:00+00:00,68.74,69.0,68.17,68.9,308124.0,68.557,1368.0
2022-08-29 18:00:00+00:00,68.9,68.9,67.7,68.1,401318.0,68.288,1662.0
2022-08-29 19:00:00+00:00,68.06,68.24,66.23,66.39,778381.0,67.089,3885.0
2022-08-30 13:30:00+00:00,67.97,69.45,67.64,68.28,1125653.0,68.597,4357.0
2022-08-30 14:00:00+00:00,68.2,68.9,64.8,65.86,1897473.0,66.476,6472.0
2022-08-30 15:00:00+00:00,65.91,66.59,64.9,66.2,824787.0,65.76,2834.0
2022-08-30 16:00:00+00:00,66.14,67.2,64.96,65.18,818556.0,66.005,3563.0
2022-08-30 17:00:00+00:00,65.21,65.75,64.63,65.65,466937.0,65.162,2159.0
2022-08-30 18:00:00+00:00,65.63,66.12,65.48,66.05,383142.0,65.793,1620.0
2022-08-30 19:00:00+00:00,66.1,67.3,65.99,67.01,887828.0,66.912,4325.0
2022-08-31 13:30:00+00:00,68.75,70.38,68.17,69.13,1074169.0,69.208,3951.0
2022-08-31 14:00:00+00:00,69.11,69.8,67.4,67.48,915838.0,68.718,3418.0
2022-08-31 15:00:00+00:00,67.46,68.32,66.65,67.83,552704.0,67.465,2213.0
2022-08-31 16:00:00+00:00,68.01,68.15,67.5,67.67,338602.0,67.835,1500.0
2022-08-31 17:00:00+00:00,67.67,68.11,67.18,67.45,324908.0,67.67,1356.0
2022-08-31 18:00:00+00:00,67.42,68.0,67.29,67.83,243387.0,67.707,1233.0
2022-08-31 19:00:00+00:00,67.83,68.42,66.73,66.74,925487.0,67.58,5015.0
2022-09-01 13:30:00+00:00,65.65,65.99,63.41,63.81,1212599.0,64.558,4476.0
2022-09-01 14:00:00+00:00,63.83,64.0,62.32,62.57,1232051.0,63.128,5112.0
2022-09-01 15:00:00+00:00,62.55,63.08,61.91,62.93,887542.0,62.512,3210.0
2022-09-01 16:00:00+00:00,62.9,63.19,62.56,63.07,536292.0,62.917,2308.0
2022-09-01 17:00:00+00:00,63.07,63.98,63.02,63.46,717530.0,63.535,2872.0
2022-09-01 18:00:00+00:00,63.51,64.94,63.42,64.74,629404.0,64.239,2639.0
2022-09-01 19:00:00+00:00,64.74,65.65,64.54,65.54,826476.0,65.146,4149.0
2022-09-02 13:30:00+00:00,67.7,68.14,64.21,64.29,983252.0,66.14,3762.0
2022-09-02 14:00:00+00:00,64.29,66.93,63.82,66.44,1139397.0,65.518,4461.0
2022-09-02 15:00:00+00:00,66.45,67.14,66.02,66.89,487150.0,66.615,1965.0
2022-09-02 16:00:00+00:00,66.95,66.99,64.71,65.35,442201.0,65.79,1803.0
2022-09-02 17:00:00+00:00,65.3,65.85,64.6,64.86,408485.0,65.164,1591.0
2022-09-02 18:00:00+00:00,64.9,65.47,64.85,65.2,306192.0,65.126,1549.0
2022-09-02 19:00:00+00:00,65.17,65.72,64.55,65.24,557604.0,65.131,2744.0
2022-09-06 13:30:00+00:00,65.56,65.86,64.04,64.54,641135.0,64.805,3099.0
2022-09-06 14:00:00+00:00,64.49,66.49,63.56,66.24,1035204.0,65.012,4625.0
2022-09-06 15:00:00+00:00,66.24,66.82,65.71,66.57,520874.0,66.232,2532.0
2022-09-06 16:00:00+00:00,66.55,66.88,65.19,65.67,532431.0,65.774,2423.0
2022-09-06 17:00:00+00:00,65.62,65.68,63.79,64.29,916656.0,64.389,3671.0
2022-09-06 18:00:00+00:00,64.23,64.56,63.06,63.12,730550.0,63.688,3202.0
2022-09-06 19:00:00+00:00,63.15,63.65,62.6,62.77,1324272.0,62.99,6130.0
2022-09-07 13:30:00+00:00,62.01,64.56,61.9,62.61,1222640.0,63.159,5612.0
2022-09-07 14:00:00+00:00,62.61,63.9,61.83,63.64,1202582.0,62.675,4338.0
2022-09-07 15:00:00+00:00,63.68,65.26,63.47,65.0,601329.0,64.238,2903.0
2022-09-07 16:00:00+00:00,64.99,65.4,64.36,65.0,480214.0,64.954,2367.0
2022-09-07 17:00:00+00:00,65.0,66.0,64.98,65.87,442717.0,65.523,2418.0
2022-09-07 18:00:00+00:00,65.9,68.19,65.82,68.17,1112052.0,67.061,4640.0
2022-09-07 19:00:00+00:00,68.24,68.77,67.49,68.25,1342256.0,68.076,6488.0
2022-09-08 13:30:00+00:00,66.36,68.71,65.5,67.97,990963.0,66.972,4384.0
2022-09-08 14:00:00+00:00,68.0,69.9,67.08,69.67,1074653.0,68.642,5133.0
2022-09-08 15:00:00+00:00,69.71,70.72,69.4,69.7,874817.0,70.097,4143.0
2022-09-08 16:00:00+00:00,69.67,70.0,68.3,69.88,777299.0,69.109,3216.0
2022-09-08 17:00:00+00:00,69.87,70.84,69.21,70.3,727015.0,70.206,2749.0
2022-09-08 18:00:00+00:00,70.31,71.35,70.05,70.87,866801.0,70.713,3640.0
2022-09-08 19:00:00+00:00,70.91,73.33,70.41,73.07,1706805.0,72.024,8575.0
2022-09-09 13:30:00+00:00,78.27,79.02,76.25,77.94,2277854.0,77.819,10443.0
2022-09-09 14:00:00+00:00,77.95,78.05,75.15,77.51,1994286.0,76.514,8699.0
2022-09-09 15:00:00+00:00,77.55,77.86,76.04,77.85,1212850.0,77.068,4574.0
2022-09-09 16:00:00+00:00,77.81,79.2,77.26,78.95,1294882.0,78.283,5263.0
2022-09-09 17:00:00+00:00,78.96,80.44,78.75,78.87,1564298.0,79.534,6019.0
2022-09-09 18:00:00+00:00,78.87,79.92,78.44,79.27,1280694.0,79.223,4842.0
2022-09-09 19:00:00+00:00,79.29,81.04,79.21,80.86,2085669.0,80.49,10964.0
2022-09-12 13:30:00+00:00,82.61,83.89,81.31,83.67,2030051.0,82.473,8421.0
2022-09-12 14:00:00+00:00,83.72,84.58,81.81,82.08,2177198.0,83.48,9267.0
2022-09-12 15:00:00+00:00,82.1,83.05,80.85,81.44,1122486.0,82.057,5093.0
2022-09-12 16:00:00+00:00,81.48,82.74,80.6,82.63,1087131.0,81.619,5054.0
2022-09-12 17:00:00+00:00,82.67,83.6,81.68,81.82,933781.0,82.68,4174.0
2022-09-12 18:00:00+00:00,81.81,83.0,81.68,82.76,788441.0,82.417,3613.0
2022-09-12 19:00:00+00:00,82.74,83.39,82.48,82.53,1325449.0,82.856,7470.0
2022-09-13 13:30:00+00:00,75.34,77.37,74.85,76.21,1880965.0,76.1,7798.0
2022-09-13 14:00:00+00:00,76.33,78.09,75.43,76.31,1514202.0,76.573,6177.0
2022-09-13 15:00:00+00:00,76.29,76.67,75.52,75.83,835908.0,76.109,3272.0
2022-09-13 16:00:00+00:00,75.79,76.67,75.65,76.5,538481.0,76.265,2545.0
2022-09-13 17:00:00+00:00,76.48,77.67,76.0,77.14,683793.0,76.979,3024.0
2022-09-13 18:00:00+00:00,77.18,77.31,75.36,75.85,765832.0,76.206,3382.0
2022-09-13 19:00:00+00:00,75.84,76.02,74.35,75.25,1718833.0,75.114,9776.0
2022-09-14 13:30:00+00:00,75.36,77.29,74.11,76.63,1642418.0,75.73,7321.0
2022-09-14 14:00:00+00:00,76.64,77.89,75.71,77.66,1633140.0,76.839,6736.0
2022-09-14 15:00:00+00:00,77.65,78.54,76.86,78.23,871643.0,77.843,3836.0
2022-09-14 16:00:00+00:00,78.24,78.77,77.39,78.43,712165.0,78.071,2731.0
2022-09-14 17:00:00+00:00,78.46,79.2,77.5,77.62,801444.0,78.41,3487.0
2022-09-14 18:00:00+00:00,77.62,77.87,76.69,77.14,974759.0,77.192,3366.0
2022-09-14 19:00:00+00:00,77.14,78.8,76.61,78.75,1438611.0,77.609,7664.0
2022-09-15 13:30:00+00:00,77.67,80.55,76.62,80.12,1637324.0,78.742,5741.0
2022-09-15 14:00:00+00:00,80.18,82.0,77.12,77.6,2444945.0,79.2,11510.0
2022-09-15 15:00:00+00:00,77.53,78.88,76.96,77.6,1331303.0,77.835,6663.0
2022-09-15 16:00:00+00:00,77.63,78.86,77.22,78.43,623249.0,78.157,3304.0
2022-09-15 17:00:00+00:00,78.44,79.31,77.96,78.23,718627.0,78.754,3429.0
2022-09-15 18:00:00+00:00,78.24,78.49,77.4,78.43,536264.0,77.99,2930.0
2022-09-15 19:00:00+00:00,78.46,78.6,76.93,77.25,1232098.0,77.54,7587.0
2022-09-16 13:30:00+00:00,75.23,75.23,73.59,73.88,1101172.0,74.41,4127.0
2022-09-16 14:00:00+00:00,73.91,76.37,73.69,74.62,1417853.0,75.263,5676.0
2022-09-16 15:00:00+00:00,74.6,75.48,73.86,74.85,765107.0,74.71,3047.0
2022-09-16 16:00:00+00:00,74.9,75.45,74.05,75.0,782783.0,74.767,2925.0
2022-09-16 17:00:00+00:00,75.09,75.28,73.94,74.85,786730.0,74.59,3417.0
2022-09-16 18:00:00+00:00,74.81,75.05,73.77,74.56,855660.0,74.296,4726.0
2022-09-16 19:00:00+00:00,74.56,75.25,73.75,73.92,1475837.0,74.505,8251.0
2022-09-19 13:30:00+00:00,71.75,72.54,70.15,72.05,1459972.0,71.419,6454.0
2022-09-19 14:00:00+00:00,72.1,72.1,69.03,70.02,2364067.0,70.115,11187.0
2022-09-19 15:00:00+00:00,70.08,70.57,68.38,68.56,1294054.0,69.425,5252.0
2022-09-19 16:00:00+00:00,68.62,68.8,67.71,68.22,1105475.0,68.117,4712.0
2022-09-19 17:00:00+00:00,68.2,68.32,67.0,67.28,1059658.0,67.545,4224.0
2022-09-19 18:00:00+00:00,67.29,68.27,67.24,68.26,835817.0,67.699,4266.0
2022-09-19 19:00:00+00:00,68.27,70.22,68.24,69.92,2020211.0,69.386,9643.0
2022-09-20 13:30:00+00:00,68.11,68.71,66.17,67.58,1470071.0,67.323,5328.0
2022-09-20 14:00:00+00:00,67.52,68.68,66.91,68.46,1300694.0,67.835,5238.0
2022-09-20 15:00:00+00:00,68.46,69.8,67.9,69.69,828463.0,68.604,3710.0
2022-09-20 16:00:00+00:00,69.67,69.75,68.51,68.92,609229.0,69.23,2654.0
2022-09-20 17:00:00+00:00,68.87,69.0,67.05,67.13,615690.0,67.948,2787.0
2022-09-20 18:00:00+00:00,67.13,68.65,67.08,68.4,566152.0,67.757,2353.0
2022-09-20 19:00:00+00:00,68.46,68.92,67.68,67.98,788210.0,68.302,3634.0
2022-09-21 13:30:00+00:00,68.87,71.3,68.16,70.37,1085862.0,69.911,4354.0
2022-09-21 14:00:00+00:00,70.41,71.94,69.61,70.87,1373446.0,70.993,6081.0
2022-09-21 15:00:00+00:00,70.88,71.96,70.42,71.68,767037.0,71.285,3918.0
2022-09-21 16:00:00+00:00,71.65,72.24,71.32,71.63,655288.0,71.745,2703.0
2022-09-21 17:00:00+00:00,71.63,71.97,70.7,71.89,728630.0,71.341,2934.0
2022-09-21 18:00:00+00:00,71.79,72.23,67.5,71.87,3235827.0,69.804,11389.0
2022-09-21 19:00:00+00:00,71.96,72.1,67.43,67.65,2027818.0,68.939,8400.0
2022-09-22 13:30:00+00:00,67.4,68.98,65.53,65.97,1458905.0,67.139,6516.0
2022-09-22 14:00:00+00:00,65.88,66.16,64.26,64.42,1576755.0,65.462,6471.0
2022-09-22 15:00:00+00:00,64.42,65.29,64.04,64.38,1190047.0,64.633,4835.0
2022-09-22 16:00:00+00:00,64.38,64.59,63.45,63.91,980235.0,64.005,3866.0
2022-09-22 17:00:00+00:00,63.94,64.09,63.15,63.58,709109.0,63.448,3307.0
2022-09-22 18:00:00+00:00,63.55,63.81,62.31,62.92,1072537.0,62.776,5095.0
2022-09-22 19:00:00+00:00,62.94,64.06,62.73,62.95,1766165.0,63.349,9762.0
2022-09-23 13:30:00+00:00,61.59,63.15,60.01,60.04,1469447.0,61.521,5338.0
2022-09-23 14:00:00+00:00,60.07,60.76,59.43,60.09,1743003.0,60.054,6417.0
2022-09-23 15:00:00+00:00,60.08,61.68,59.66,61.52,1131343.0,60.756,3962.0
2022-09-23 16:00:00+00:00,61.48,61.59,59.8,60.99,1136944.0,60.623,4028.0
2022-09-23 17:00:00+00:00,60.97,61.15,60.26,60.85,648756.0,60.694,2477.0
2022-09-23 18:00:00+00:00,60.86,60.99,60.08,60.38,668453.0,60.605,3076.0
2022-09-23 19:00:00+00:00,60.4,62.13,60.35,61.88,1461251.0,61.544,7554.0
2022-09-26 13:30:00+00:00,62.9,65.92,62.49,65.65,1621651.0,64.839,5580.0
2022-09-26 14:00:00+00:00,65.69,66.33,63.8,64.54,1781430.0,65.171,6194.0
2022-09-26 15:00:00+00:00,64.5,64.65,63.04,63.92,1104386.0,63.72,3373.0
2022-09-26 16:00:00+00:00,63.91,63.91,62.3,63.23,827737.0,62.976,2832.0
2022-09-26 17:00:00+00:00,63.22,63.39,62.61,62.9,644038.0,62.964,2148.0
2022-09-26 18:00:00+00:00,62.98,63.89,62.71,63.64,714528.0,63.386,2408.0
2022-09-26 19:00:00+00:00,63.64,64.0,62.18,62.28,947965.0,63.135,4355.0
2022-09-27 13:30:00+00:00,65.25,67.55,64.62,66.52,1774292.0,66.49,7529.0
2022-09-27 14:00:00+00:00,66.57,66.71,64.94,65.48,1813721.0,65.808,6962.0
2022-09-27 15:00:00+00:00,65.47,65.64,63.39,63.46,1311578.0,64.645,4629.0
2022-09-27 16:00:00+00:00,63.44,63.64,62.01,62.74,1292199.0,62.738,5614.0
2022-09-27 17:00:00+00:00,62.66,62.99,61.88,62.34,867207.0,62.308,3159.0
2022-09-27 18:00:00+00:00,62.35,63.53,62.06,62.86,906255.0,62.656,3184.0
2022-09-27 19:00:00+00:00,62.83,63.12,62.27,63.05,1204618.0,62.763,5869.0
2022-09-28 13:30:00+00:00,62.62,65.84,62.62,65.12,1126315.0,64.49,4970.0
2022-09-28 14:00:00+00:00,65.1,67.19,64.56,66.22,1303465.0,66.024,6467.0
2022-09-28 15:00:00+00:00,66.17,67.43,66.01,67.07,761509.0,66.786,2857.0
2022-09-28 16:00:00+00:00,67.05,67.46,65.35,65.45,934137.0,66.444,3431.0
2022-09-28 17:00:00+00:00,65.52,66.08,65.1,65.68,610354.0,65.63,2185.0
2022-09-28 18:00:00+00:00,65.66,66.74,65.38,66.63,607015.0,66.104,2492.0
2022-09-28 19:00:00+00:00,66.56,67.74,66.43,67.29,1141130.0,67.256,5345.0
2022-09-29 13:30:00+00:00,64.65,65.03,61.65,61.73,1740462.0,63.209,7412.0
2022-09-29 14:00:00+00:00,61.78,61.82,60.34,60.93,1874182.0,61.091,8106.0
2022-09-29 15:00:00+00:00,60.9,62.0,60.73,61.55,1363808.0,61.268,4803.0
2022-09-29 16:00:00+00:00,61.55,61.93,60.94,61.49,851107.0,61.502,3537.0
2022-09-29 17:00:00+00:00,61.5,62.16,60.73,60.77,724134.0,61.575,3305.0
2022-09-29 18:00:00+00:00,60.77,61.12,60.26,60.51,834600.0,60.682,4282.0
2022-09-29 19:00:00+00:00,60.5,62.22,60.49,61.95,1345413.0,61.553,6962.0
2022-09-30 13:30:00+00:00,61.19,63.46,61.07,62.95,1034515.0,62.278,3607.0
2022-09-30 14:00:00+00:00,63.05,66.93,62.4,66.84,2031122.0,65.126,10113.0
2022-09-30 15:00:00+00:00,66.85,67.59,65.63,66.09,1539143.0,66.667,6541.0
2022-09-30 16:00:00+00:00,66.11,66.11,65.0,65.36,990262.0,65.459,3931.0
2022-09-30 17:00:00+00:00,65.36,65.79,64.63,64.84,589424.0,65.179,2714.0
2022-09-30 18:00:00+00:00,64.83,65.35,64.61,64.81,592864.0,64.968,2544.0
2022-09-30 19:00:00+00:00,64.78,65.5,64.27,64.42,1174867.0,64.942,5863.0
2022-10-03 13:30:00+00:00,64.95,65.75,61.92,62.53,1566970.0,63.331,5780.0
2022-10-03 14:00:00+00:00,62.66,64.46,62.6,63.64,1666133.0,63.576,6203.0
2022-10-03 15:00:00+00:00,63.63,65.44,63.52,63.83,1118588.0,64.478,4690.0
2022-10-03 16:00:00+00:00,63.86,64.18,63.4,64.05,636006.0,63.844,2238.0
2022-10-03 17:00:00+00:00,64.06,66.69,63.87,66.25,1177334.0,65.46,4610.0
2022-10-03 18:00:00+00:00,66.3,67.86,66.24,67.67,1276067.0,67.008,5242.0
2022-10-03 19:00:00+00:00,67.67,67.71,65.68,65.89,1422082.0,66.496,7088.0
2022-10-04 13:30:00+00:00,69.09,71.94,69.08,71.7,1734588.0,70.949,7102.0
2022-10-04 14:00:00+00:00,71.75,73.35,71.22,73.23,2297288.0,72.169,9515.0
2022-10-04 15:00:00+00:00,73.21,73.46,72.15,72.89,1012341.0,72.817,4533.0
2022-10-04 16:00:00+00:00,72.89,73.08,71.4,71.73,992700.0,72.076,4032.0
2022-10-04 17:00:00+00:00,71.72,72.77,70.61,72.62,977240.0,71.552,4327.0
2022-10-04 18:00:00+00:00,72.62,73.48,72.05,73.32,794780.0,72.75,3527.0
2022-10-04 19:00:00+00:00,73.36,74.63,72.92,74.54,1263288.0,73.828,7158.0
2022-10-05 13:30:00+00:00,71.76,73.39,70.79,71.65,1220835.0,71.86,5370.0
2022-10-05 14:00:00+00:00,71.66,71.78,69.28,69.85,1649714.0,70.278,7329.0
2022-10-05 15:00:00+00:00,69.85,71.29,69.82,71.14,829039.0,70.759,3233.0
2022-10-05 16:00:00+00:00,71.17,72.25,70.67,71.89,929530.0,71.556,3328.0
2022-10-05 17:00:00+00:00,71.87,72.95,71.1,71.17,857451.0,72.167,2958.0
2022-10-05 18:00:00+00:00,71.18,72.24,71.12,72.2,473261.0,71.613,1776.0
2022-10-05 19:00:00+00:00,72.22,73.48,72.22,72.94,1281936.0,72.954,5908.0
2022-10-06 13:30:00+00:00,73.07,76.28,73.06,73.73,1767918.0,74.948,6139.0
2022-10-06 14:00:00+00:00,73.75,73.75,71.34,73.14,2183768.0,72.466,7279.0
2022-10-06 15:00:00+00:00,73.14,74.8,72.47,73.94,1318073.0,73.77,4387.0
2022-10-06 16:00:00+00:00,73.96,74.63,73.33,74.08,960693.0,73.939,4074.0
2022-10-06 17:00:00+00:00,74.12,75.12,74.12,74.82,647714.0,74.62,2606.0
2022-10-06 18:00:00+00:00,74.79,74.86,73.72,74.34,543971.0,74.265,2416.0
2022-10-06 19:00:00+00:00,74.29,74.41,73.29,73.95,1196184.0,73.844,6145.0
2022-10-07 13:30:00+00:00,70.85,71.1,69.0,69.15,1474353.0,70.1,6072.0
2022-10-07 14:00:00+00:00,69.18,70.65,68.77,69.0,1490619.0,69.539,6624.0
2022-10-07 15:00:00+00:00,69.05,69.61,66.8,67.18,1756071.0,67.775,7331.0
2022-10-07 16:00:00+00:00,67.16,67.77,65.62,66.17,1140457.0,66.574,4558.0
2022-10-07 17:00:00+00:00,66.15,66.48,65.76,65.99,687303.0,66.202,2647.0
2022-10-07 18:00:00+00:00,65.97,66.27,65.5,65.6,638945.0,65.88,3145.0
2022-10-07 19:00:00+00:00,65.58,67.1,65.58,67.04,1587846.0,66.372,8109.0
2022-10-10 13:30:00+00:00,67.51,69.26,66.33,67.56,1288014.0,67.769,5292.0
2022-10-10 14:00:00+00:00,67.55,67.81,65.43,66.28,1153093.0,66.5,4672.0
2022-10-10 15:00:00+00:00,66.26,67.74,65.8,67.0,719173.0,66.787,2661.0
2022-10-10 16:00:00+00:00,66.99,67.13,66.15,66.45,501832.0,66.566,1931.0
2022-10-10 17:00:00+00:00,66.47,67.98,66.27,67.27,697575.0,67.192,2855.0
2022-10-10 18:00:00+00:00,67.28,67.7,66.66,66.98,579465.0,67.11,2667.0
2022-10-10 19:00:00+00:00,66.98,67.57,66.65,67.03,1178393.0,67.111,5773.0
2022-10-11 13:30:00+00:00,67.61,69.47,66.86,67.18,1984505.0,68.221,8274.0
2022-10-11 14:00:00+00:00,67.16,68.08,65.02,67.41,2697024.0,66.421,12513.0
2022-10-11 15:00:00+00:00,67.41,72.33,67.37,71.2,2999750.0,70.261,13504.0
2022-10-11 16:00:00+00:00,71.25,72.58,70.11,72.23,1426358.0,71.522,6099.0
2022-10-11 17:00:00+00:00,72.23,72.69,70.73,70.89,1100845.0,71.691,4393.0
2022-10-11 18:00:00+00:00,70.88,71.21,69.0,69.21,993623.0,70.253,4938.0
2022-10-11 19:00:00+00:00,69.15,70.43,68.8,70.18,1925428.0,69.687,10300.0
2022-10-12 13:30:00+00:00,69.77,71.85,68.79,70.25,1485062.0,70.338,6528.0
2022-10-12 14:00:00+00:00,70.28,70.86,67.82,68.66,1236464.0,69.044,4879.0
2022-10-12 15:00:00+00:00,68.64,70.4,68.51,69.98,990024.0,69.492,3551.0
2022-10-12 16:00:00+00:00,69.95,70.21,69.2,69.96,667008.0,69.801,2890.0
2022-10-12 17:00:00+00:00,69.98,70.35,69.55,69.91,609696.0,69.937,2564.0
2022-10-12 18:00:00+00:00,70.0,70.37,69.61,69.95,892409.0,70.081,4104.0
2022-10-12 19:00:00+00:00,69.95,70.31,69.75,69.95,1263909.0,70.08,7005.0
2022-10-13 13:30:00+00:00,63.62,63.84,61.63,62.98,2804460.0,62.772,13165.0
2022-10-13 14:00:00+00:00,62.91,63.24,61.06,62.05,2731378.0,62.209,13251.0
2022-10-13 15:00:00+00:00,62.02,67.78,61.82,67.43,3563175.0,65.474,16107.0
2022-10-13 16:00:00+00:00,67.45,68.81,66.38,68.11,1628039.0,67.675,7183.0
2022-10-13 17:00:00+00:00,68.16,69.48,68.07,68.84,1421968.0,68.781,5475.0
2022-10-13 18:00:00+00:00,68.83,69.63,68.38,69.38,1066821.0,69.064,4433.0
2022-10-13 19:00:00+00:00,69.35,69.63,68.86,69.29,1437050.0,69.281,6342.0
2022-10-14 13:30:00+00:00,71.85,73.79,71.05,71.81,2014749.0,72.322,8103.0
2022-10-14 14:00:00+00:00,71.75,71.76,67.33,67.69,2657318.0,68.988,10321.0
2022-10-14 15:00:00+00:00,67.68,68.8,66.0,66.47,1423501.0,67.345,6106.0
2022-10-14 16:00:00+00:00,66.39,66.71,64.85,65.1,1213247.0,65.616,5724.0
2022-10-14 17:00:00+00:00,65.1,65.38,64.01,65.23,1116008.0,64.678,4568.0
2022-10-14 18:00:00+00:00,65.19,65.27,63.97,64.34,992521.0,64.465,4470.0
2022-10-14 19:00:00+00:00,64.34,64.59,63.38,63.59,1781773.0,63.834,9567.0
2022-10-17 13:30:00+00:00,66.47,68.74,66.34,68.1,1874897.0,67.563,8048.0
2022-10-17 14:00:00+00:00,68.14,70.44,67.75,68.98,2059624.0,69.307,9094.0
2022-10-17 15:00:00+00:00,68.97,70.95,68.85,70.32,1535854.0,69.988,6723.0
2022-10-17 16:00:00+00:00,70.29,70.32,69.37,69.81,977363.0,69.91,3806.0
2022-10-17 17:00:00+00:00,69.77,69.97,69.15,69.65,642589.0,69.594,2618.0
2022-10-17 18:00:00+00:00,69.69,69.96,69.09,69.5,711424.0,69.58,2868.0
2022-10-17 19:00:00+00:00,69.49,69.68,68.95,69.15,1383196.0,69.217,7024.0
2022-10-18 13:30:00+00:00,72.92,73.9,69.94,70.55,2374793.0,71.71,10144.0
2022-10-18 14:00:00+00:00,70.64,70.91,67.26,67.34,2522892.0,68.892,10694.0
2022-10-18 15:00:00+00:00,67.3,67.48,65.41,67.01,1947484.0,66.516,9052.0
2022-10-18 16:00:00+00:00,67.03,67.85,66.42,66.82,1190665.0,67.161,4932.0
2022-10-18 17:00:00+00:00,66.82,67.35,66.52,67.15,593772.0,66.95,2528.0
2022-10-18 18:00:00+00:00,67.13,67.69,65.97,66.39,1051500.0,66.862,4006.0
2022-10-18 19:00:00+00:00,66.35,66.49,65.3,66.2,1665381.0,65.939,7896.0
2022-10-19 13:30:00+00:00,64.82,66.89,63.87,64.08,1237732.0,65.239,4963.0
2022-10-19 14:00:00+00:00,64.03,66.49,63.94,64.73,1369664.0,65.433,5088.0
2022-10-19 15:00:00+00:00,64.72,65.25,64.02,64.35,738382.0,64.618,3307.0
2022-10-19 16:00:00+00:00,64.33,64.53,63.09,63.33,717370.0,63.708,3360.0
2022-10-19 17:00:00+00:00,63.3,63.5,62.7,63.06,873505.0,63.111,3605.0
2022-10-19 18:00:00+00:00,63.06,63.87,62.75,62.88,792335.0,63.24,3462.0
2022-10-19 19:00:00+00:00,62.94,63.5,62.55,63.25,1208933.0,62.996,5449.0
2022-10-20 13:30:00+00:00,63.12,64.92,62.83,63.4,1007916.0,64.07,3681.0
2022-10-20 14:00:00+00:00,63.43,67.24,63.35,67.19,1902562.0,65.651,8584.0
2022-10-20 15:00:00+00:00,67.19,67.43,65.46,65.46,903456.0,66.358,3625.0
2022-10-20 16:00:00+00:00,65.47,65.59,63.56,64.01,1008986.0,64.331,3698.0
2022-10-20 17:00:00+00:00,64.04,64.3,63.07,63.46,657704.0,63.598,2505.0
2022-10-20 18:00:00+00:00,63.44,63.73,62.7,63.46,826175.0,63.22,3389.0
2022-10-20 19:00:00+00:00,63.46,63.75,63.01,63.56,1097724.0,63.415,5255.0
2022-10-21 13:30:00+00:00,63.4,63.73,61.7,63.5,1307492.0,62.748,4875.0
2022-10-21 14:00:00+00:00,63.54,65.46,63.03,63.4,1533005.0,64.285,6245.0
2022-10-21 15:00:00+00:00,63.5,65.18,63.12,65.17,800047.0,64.487,3408.0
2022-10-21 16:00:00+00:00,65.16,65.83,64.72,65.37,1014561.0,65.355,3792.0
2022-10-21 17:00:00+00:00,65.37,65.97,65.05,65.42,833063.0,65.525,2785.0
2022-10-21 18:00:00+00:00,65.41,65.99,65.15,65.48,591170.0,65.534,2003.0
2022-10-21 19:00:00+00:00,65.5,66.63,65.18,66.43,1276374.0,66.052,6343.0
2022-10-24 13:30:00+00:00,67.45,67.6,64.58,66.52,1276479.0,65.791,6217.0
2022-10-24 14:00:00+00:00,66.55,66.55,63.68,65.16,1263080.0,64.755,5544.0
2022-10-24 15:00:00+00:00,65.23,67.25,64.75,67.12,795469.0,65.862,3239.0
2022-10-24 16:00:00+00:00,67.18,68.15,66.66,66.68,893730.0,67.44,3500.0
2022-10-24 17:00:00+00:00,66.72,67.03,66.3,66.36,412054.0,66.628,1726.0
2022-10-24 18:00:00+00:00,66.39,67.16,66.3,66.98,578786.0,66.669,2200.0
2022-10-24 19:00:00+00:00,67.01,67.47,66.31,66.36,1242153.0,66.83,5782.0
2022-10-25 13:30:00+00:00,67.01,71.4,66.96,70.45,2021319.0,69.822,8347.0
2022-10-25 14:00:00+00:00,70.49,72.03,70.14,71.36,2035284.0,70.845,8412.0
2022-10-25 15:00:00+00:00,71.29,73.98,71.12,72.87,1777757.0,72.966,8014.0
2022-10-25 16:00:00+00:00,72.87,73.54,71.67,71.91,1148693.0,72.605,4966.0
2022-10-25 17:00:00+00:00,71.94,72.99,71.57,72.9,1171368.0,72.294,4389.0
2022-10-25 18:00:00+00:00,72.88,74.71,72.86,74.0,1540025.0,73.872,6825.0
2022-10-25 19:00:00+00:00,74.0,75.4,74.0,75.03,2052323.0,74.942,9988.0
2022-10-26 13:30:00+00:00,75.28,76.87,74.01,75.37,2431645.0,75.654,10909.0
2022-10-26 14:00:00+00:00,75.5,77.83,75.22,76.22,2530971.0,76.411,10583.0
2022-10-26 15:00:00+00:00,76.28,78.29,76.26,77.3,1524973.0,77.467,6863.0
2022-10-26 16:00:00+00:00,77.29,78.07,74.24,74.61,1572558.0,76.485,6319.0
2022-10-26 17:00:00+00:00,74.59,75.46,73.1,74.74,1614712.0,74.268,5655.0
2022-10-26 18:00:00+00:00,74.76,75.22,73.91,74.3,753780.0,74.51,2750.0
2022-10-26 19:00:00+00:00,74.29,74.62,73.31,73.73,1261170.0,74.017,5675.0
2022-10-27 13:30:00+00:00,74.37,75.65,71.51,72.12,1098243.0,73.728,4696.0
2022-10-27 14:00:00+00:00,72.05,74.7,71.76,72.51,1120951.0,73.182,4702.0
2022-10-27 15:00:00+00:00,72.42,73.48,72.11,72.11,539595.0,72.727,2286.0
2022-10-27 16:00:00+00:00,72.15,72.81,71.82,72.35,463240.0,72.297,1840.0
2022-10-27 17:00:00+00:00,72.32,73.46,72.09,72.85,501650.0,72.951,1853.0
2022-10-27 18:00:00+00:00,72.88,73.02,72.24,72.37,320071.0,72.61,1289.0
2022-10-27 19:00:00+00:00,72.34,73.05,72.14,72.53,488548.0,72.62,2745.0
2022-10-28 13:30:00+00:00,72.01,73.72,71.1,71.4,906469.0,72.306,4352.0
2022-10-28 14:00:00+00:00,71.44,72.0,69.49,70.75,1250311.0,70.339,5846.0
2022-10-28 15:00:00+00:00,70.81,71.07,69.35,70.0,726867.0,70.188,3137.0
2022-10-28 16:00:00+00:00,70.0,71.76,69.62,71.42,739239.0,70.853,2497.0
2022-10-28 17:00:00+00:00,71.44,71.85,70.74,70.79,506803.0,71.319,2084.0
2022-10-28 18:00:00+00:00,70.82,71.71,70.55,71.59,525032.0,71.247,2094.0
2022-10-28 19:00:00+00:00,71.58,72.12,71.33,72.08,951490.0,71.765,5301.0
2022-10-31 13:30:00+00:00,72.36,74.65,70.44,70.6,1557972.0,72.707,6372.0
2022-10-31 14:00:00+00:00,70.55,71.29,68.12,68.74,1955719.0,69.622,9237.0
2022-10-31 15:00:00+00:00,68.7,69.41,68.33,68.54,1219104.0,68.949,4648.0
2022-10-31 16:00:00+00:00,68.55,68.98,67.01,67.32,1078680.0,67.995,5145.0
2022-10-31 17:00:00+00:00,67.25,68.2,67.12,67.73,505944.0,67.658,2562.0
2022-10-31 18:00:00+00:00,67.78,67.83,67.05,67.15,587141.0,67.413,3077.0
2022-10-31 19:00:00+00:00,67.17,67.17,66.14,66.3,1552963.0,66.652,8291.0
2022-11-01 13:30:00+00:00,69.0,69.71,67.12,68.18,1060413.0,68.591,4148.0
2022-11-01 14:00:00+00:00,68.18,68.19,64.94,65.2,1408593.0,66.23,6051.0
2022-11-01 15:00:00+00:00,65.14,65.56,64.7,65.14,675454.0,65.125,3091.0
2022-11-01 16:00:00+00:00,65.09,65.66,63.95,64.44,660490.0,64.727,2849.0
2022-11-01 17:00:00+00:00,64.45,64.96,64.02,64.67,539123.0,64.471,2347.0
2022-11-01 18:00:00+00:00,64.64,65.16,64.22,64.62,669974.0,64.723,2979.0
2022-11-01 19:00:00+00:00,64.61,64.78,63.13,63.4,1242475.0,63.889,7202.0
2022-11-02 13:30:00+00:00,63.4,64.67,62.51,63.76,1098594.0,63.586,4326.0
2022-11-02 14:00:00+00:00,63.74,65.26,63.42,64.51,963768.0,64.314,4800.0
2022-11-02 15:00:00+00:00,64.54,64.84,63.41,63.49,894599.0,64.01,3416.0
2022-11-02 16:00:00+00:00,63.44,63.94,62.88,63.79,695816.0,63.261,2975.0
2022-11-02 17:00:00+00:00,63.79,63.8,62.7,63.02,631984.0,63.198,2508.0
2022-11-02 18:00:00+00:00,63.05,66.21,62.4,63.05,3463234.0,64.48,11414.0
2022-11-02 19:00:00+00:00,63.06,64.0,60.55,60.71,2502805.0,61.888,10044.0
2022-11-03 13:30:00+00:00,59.48,60.84,57.72,58.84,1592212.0,59.139,6865.0
2022-11-03 14:00:00+00:00,58.89,61.88,58.55,61.1,1689221.0,59.698,7436.0
2022-11-03 15:00:00+00:00,61.03,61.16,58.85,58.94,1224386.0,59.899,4669.0
2022-11-03 16:00:00+00:00,58.96,59.95,58.7,59.91,880614.0,59.168,3293.0
2022-11-03 17:00:00+00:00,59.9,60.0,58.18,58.21,697732.0,58.838,3666.0
2022-11-03 18:00:00+00:00,58.23,58.47,57.1,57.34,1285431.0,57.789,6312.0
2022-11-03 19:00:00+00:00,57.3,57.4,55.75,55.82,2389194.0,56.433,12328.0
2022-11-04 13:30:00+00:00,60.34,63.43,58.5,60.65,3554848.0,61.355,16185.0
2022-11-04 14:00:00+00:00,60.7,61.98,59.63,61.61,2885445.0,60.777,14000.0
2022-11-04 15:00:00+00:00,61.69,62.25,58.3,58.4,1698227.0,60.019,7844.0
2022-11-04 16:00:00+00:00,58.36,59.74,57.13,57.71,1910857.0,58.537,8767.0
2022-11-04 17:00:00+00:00,57.75,57.99,56.82,56.96,1201192.0,57.308,6153.0
2022-11-04 18:00:00+00:00,56.99,58.18,56.4,57.66,1194209.0,57.384,5634.0
2022-11-04 19:00:00+00:00,57.69,59.0,57.66,58.81,2108563.0,58.388,11678.0
2022-11-07 14:30:00+00:00,60.13,60.99,58.66,59.04,1779403.0,59.698,7795.0
2022-11-07 15:00:00+00:00,59.03,60.42,58.95,59.7,1519044.0,59.842,6807.0
2022-11-07 16:00:00+00:00,59.67,59.72,57.11,57.2,1272373.0,58.555,5491.0
2022-11-07 17:00:00+00:00,57.17,57.34,55.41,55.75,1512836.0,56.656,5646.0
2022-11-07 18:00:00+00:00,55.7,56.23,54.22,55.11,1747986.0,55.036,6978.0
2022-11-07 19:00:00+00:00,55.1,57.58,55.09,56.91,2012246.0,56.573,6889.0
2022-11-07 20:00:00+00:00,56.9,57.56,56.65,57.01,1361831.0,57.063,7002.0
2022-11-08 14:30:00+00:00,54.49,54.6,49.08,50.41,5326582.0,50.821,24626.0
2022-11-08 15:00:00+00:00,50.41,51.88,49.51,51.16,4263777.0,50.545,19072.0
2022-11-08 16:00:00+00:00,51.17,58.22,50.7,55.68,12030466.0,55.415,49805.0
2022-11-08 17:00:00+00:00,55.62,58.45,53.0,53.04,5197271.0,55.909,20474.0
2022-11-08 18:00:00+00:00,53.02,54.18,50.0,50.55,7997443.0,51.272,34003.0
2022-11-08 19:00:00+00:00,50.53,50.88,47.69,48.59,8892428.0,49.133,35454.0
2022-11-08 20:00:00+00:00,48.57,51.04,48.45,50.82,6946143.0,50.05,29920.0
2022-11-09 14:30:00+00:00,47.09,49.69,46.25,48.62,5273534.0,47.903,21580.0
2022-11-09 15:00:00+00:00,48.51,49.5,44.62,45.83,8733986.0,46.644,36369.0
2022-11-09 16:00:00+00:00,45.79,46.97,44.95,46.3,5301636.0,45.951,22772.0
2022-11-09 17:00:00+00:00,46.28,47.7,46.1,46.38,3392726.0,46.773,14930.0
2022-11-09 18:00:00+00:00,46.38,46.6,45.31,45.82,3077651.0,45.962,13675.0
2022-11-09 19:00:00+00:00,45.83,46.85,45.49,46.29,2750673.0,46.185,12599.0
2022-11-09 20:00:00+00:00,46.28,47.65,45.8,45.91,5386918.0,46.52,24926.0
2022-11-10 14:30:00+00:00,51.06,53.0,49.02,52.94,5670565.0,50.804,21977.0
2022-11-10 15:00:00+00:00,52.88,53.93,50.16,50.32,5027618.0,52.103,22019.0
2022-11-10 16:00:00+00:00,50.32,52.5,49.68,51.61,3054100.0,50.969,14247.0
2022-11-10 17:00:00+00:00,51.64,51.64,49.7,49.98,2253392.0,50.477,10518.0
2022-11-10 18:00:00+00:00,49.96,51.63,49.8,51.02,2123665.0,50.656,9471.0
2022-11-10 19:00:00+00:00,51.03,51.82,50.1,50.11,2016279.0,50.727,8557.0
2022-11-10 20:00:00+00:00,50.11,51.01,49.72,50.96,3067522.0,50.573,15187.0
2022-11-11 14:30:00+00:00,47.5,52.03,46.25,50.9,5082949.0,49.128,21854.0
2022-11-11 15:00:00+00:00,50.87,55.65,50.45,52.37,6607601.0,53.866,30633.0
2022-11-11 16:00:00+00:00,52.4,55.17,52.34,54.89,2032229.0,53.815,9409.0
2022-11-11 17:00:00+00:00,54.87,56.68,54.35,56.36,2513659.0,56.028,10984.0
2022-11-11 18:00:00+00:00,56.37,56.93,55.27,56.25,1878283.0,56.187,8319.0
2022-11-11 19:00:00+00:00,56.29,57.21,54.75,57.18,1929919.0,55.938,9544.0
2022-11-11 20:00:00+00:00,57.2,58.29,56.13,57.49,3781693.0,57.363,20712.0
2022-11-14 14:30:00+00:00,55.7,55.74,52.6,54.09,3052637.0,54.002,13033.0
2022-11-14 15:00:00+00:00,54.09,54.92,52.68,53.84,2515336.0,53.615,10316.0
2022-11-14 16:00:00+00:00,53.84,54.32,52.7,53.66,1524579.0,53.445,6913.0
2022-11-14 17:00:00+00:00,53.69,54.34,53.05,53.87,1009185.0,53.849,4263.0
2022-11-14 18:00:00+00:00,53.88,55.15,53.43,55.01,1236964.0,54.4,4791.0
2022-11-14 19:00:00+00:00,55.03,55.22,53.75,54.0,967013.0,54.327,4651.0
2022-11-14 20:00:00+00:00,54.0,54.5,53.04,53.22,1907687.0,53.463,8904.0
2022-11-15 14:30:00+00:00,54.94,57.21,54.9,56.16,2650085.0,56.138,10275.0
2022-11-15 15:00:00+00:00,56.2,58.0,55.9,57.25,2460490.0,57.057,9771.0
2022-11-15 16:00:00+00:00,57.28,57.6,56.51,56.96,1158211.0,57.141,4835.0
2022-11-15 17:00:00+00:00,56.94,57.64,56.23,57.16,1067241.0,56.97,5457.0
2022-11-15 18:00:00+00:00,57.23,57.25,54.6,55.53,2106083.0,55.669,7715.0
2022-11-15 19:00:00+00:00,55.52,56.3,54.82,55.98,847547.0,55.701,3712.0
2022-11-15 20:00:00+00:00,55.99,56.19,55.39,55.49,1041099.0,55.669,5479.0
2022-11-16 14:30:00+00:00,52.86,54.03,50.47,50.93,2891314.0,51.646,11835.0
2022-11-16 15:00:00+00:00,50.99,51.45,48.0,48.82,4809346.0,49.601,21450.0
2022-11-16 16:00:00+00:00,48.75,50.79,48.5,49.75,2808510.0,49.686,9619.0
2022-11-16 17:00:00+00:00,49.76,50.17,48.54,49.46,2051395.0,49.402,9011.0
2022-11-16 18:00:00+00:00,49.46,49.99,48.91,49.71,1398634.0,49.499,7073.0
2022-11-16 19:00:00+00:00,49.74,49.77,48.7,48.88,1426488.0,49.057,6692.0
2022-11-16 20:00:00+00:00,48.87,49.34,48.21,48.82,3119706.0,48.728,16437.0
2022-11-17 14:30:00+00:00,46.67,47.55,45.18,45.96,4420618.0,46.319,17356.0
2022-11-17 15:00:00+00:00,45.96,48.25,45.93,46.72,2781754.0,47.265,11140.0
2022-11-17 16:00:00+00:00,46.73,48.77,46.5,48.7,1495439.0,47.452,6187.0
2022-11-17 17:00:00+00:00,48.7,49.6,47.64,49.31,1278266.0,48.399,5113.0
2022-11-17 18:00:00+00:00,49.31,49.97,48.66,49.18,1577874.0,49.334,6330.0
2022-11-17 19:00:00+00:00,49.13,49.67,48.08,48.52,972367.0,48.718,3896.0
2022-11-17 20:00:00+00:00,48.52,49.08,47.96,48.78,1321977.0,48.564,7040.0
2022-11-18 14:30:00+00:00,48.8,49.0,46.15,46.55,2468375.0,47.183,10154.0
2022-11-18 15:00:00+00:00,46.56,47.07,45.51,45.7,2943164.0,46.212,12245.0
2022-11-18 16:00:00+00:00,45.71,46.44,45.1,45.32,2201337.0,45.816,9150.0
2022-11-18 17:00:00+00:00,45.31,45.6,44.31,44.78,2379786.0,44.891,9035.0
2022-11-18 18:00:00+00:00,44.78,45.57,44.63,45.35,1738941.0,45.043,7705.0
2022-11-18 19:00:00+00:00,45.34,45.77,44.97,45.19,1498941.0,45.334,8648.0
2022-11-18 20:00:00+00:00,45.17,45.75,44.96,45.3,2759873.0,45.256,14646.0
2022-11-21 14:30:00+00:00,43.58,44.65,42.5,42.6,2760819.0,43.7,11885.0
2022-11-21 15:00:00+00:00,42.6,43.25,41.42,42.05,4312122.0,42.25,17187.0
2022-11-21 16:00:00+00:00,42.05,42.14,41.11,41.45,2343958.0,41.64,8774.0
2022-11-21 17:00:00+00:00,41.42,42.25,40.61,40.68,2011247.0,41.247,7919.0
2022-11-21 18:00:00+00:00,40.68,42.0,40.66,41.72,1713322.0,41.481,6052.0
2022-11-21 19:00:00+00:00,41.7,41.9,40.79,40.91,1918191.0,41.186,7892.0
2022-11-21 20:00:00+00:00,40.9,41.49,40.62,41.2,2772605.0,40.983,12461.0
2022-11-22 14:30:00+00:00,42.35,43.17,41.61,42.03,3061216.0,42.36,13511.0
2022-11-22 15:00:00+00:00,42.02,44.4,41.88,43.93,3818403.0,43.684,14582.0
2022-11-22 16:00:00+00:00,43.91,43.99,42.4,42.65,1843020.0,43.077,7568.0
2022-11-22 17:00:00+00:00,42.66,43.19,41.95,42.18,1512819.0,42.737,6109.0
2022-11-22 18:00:00+00:00,42.2,43.58,41.61,42.73,2899235.0,42.721,10891.0
2022-11-22 19:00:00+00:00,42.7,43.03,42.0,42.78,1345248.0,42.585,4983.0
2022-11-22 20:00:00+00:00,42.78,43.51,42.74,43.34,2161988.0,43.247,8525.0
2022-11-23 14:30:00+00:00,43.85,44.43,42.2,44.1,2064657.0,43.325,7678.0
2022-11-23 15:00:00+00:00,44.13,45.82,43.96,45.19,3074771.0,45.008,11911.0
2022-11-23 16:00:00+00:00,45.22,45.58,44.01,44.22,1421332.0,44.848,5578.0
2022-11-23 17:00:00+00:00,44.2,44.58,43.54,43.76,954524.0,44.129,2958.0
2022-11-23 18:00:00+00:00,43.76,45.12,43.71,45.08,829706.0,44.392,3141.0
2022-11-23 19:00:00+00:00,45.06,45.93,44.78,45.42,1834016.0,45.449,5901.0
2022-11-23 20:00:00+00:00,45.38,46.17,45.17,45.56,1807021.0,45.669,8036.0
2022-11-25 14:30:00+00:00,44.83,44.92,43.7,44.48,1450326.0,44.293,5831.0
2022-11-25 15:00:00+00:00,44.5,45.24,44.31,44.47,1169653.0,44.719,5483.0
2022-11-25 16:00:00+00:00,44.5,44.62,43.92,44.19,975493.0,44.194,5074.0
2022-11-25 17:00:00+00:00,44.18,44.35,43.86,44.29,1384603.0,44.139,7646.0
2022-11-28 14:30:00+00:00,43.3,44.9,43.04,44.09,1293709.0,44.156,5675.0
2022-11-28 15:00:00+00:00,44.08,44.1,42.83,43.06,1771906.0,43.282,7618.0
2022-11-28 16:00:00+00:00,43.04,43.29,42.54,43.06,1364287.0,42.957,5167.0
2022-11-28 17:00:00+00:00,43.1,43.17,42.5,42.63,870809.0,42.765,3159.0
2022-11-28 18:00:00+00:00,42.61,42.93,42.27,42.44,849323.0,42.539,3330.0
2022-11-28 19:00:00+00:00,42.42,42.69,42.26,42.36,698319.0,42.461,2904.0
2022-11-28 20:00:00+00:00,42.37,42.59,42.02,42.52,1442143.0,42.285,7161.0
2022-11-29 14:30:00+00:00,43.1,44.22,42.76,42.95,1753683.0,43.399,6366.0
2022-11-29 15:00:00+00:00,42.92,44.65,42.7,44.07,1905785.0,43.772,7354.0
2022-11-29 16:00:00+00:00,44.08,44.14,43.36,43.92,1043901.0,43.658,4032.0
2022-11-29 17:00:00+00:00,43.94,44.16,43.23,43.54,745902.0,43.617,2958.0
2022-11-29 18:00:00+00:00,43.52,43.69,43.02,43.3,435886.0,43.273,1977.0
2022-11-29 19:00:00+00:00,43.3,43.72,43.24,43.29,403492.0,43.489,1556.0
2022-11-29 20:00:00+00:00,43.29,43.38,43.02,43.07,885948.0,43.183,3950.0
2022-11-30 14:30:00+00:00,43.73,43.87,42.28,42.46,1364703.0,42.965,4605.0
2022-11-30 15:00:00+00:00,42.5,43.29,42.06,42.82,1331860.0,42.73,4257.0
2022-11-30 16:00:00+00:00,42.85,43.08,42.38,42.47,599519.0,42.697,2235.0
2022-11-30 17:00:00+00:00,42.45,42.47,41.51,42.03,1332875.0,41.938,4243.0
2022-11-30 18:00:00+00:00,42.02,43.5,41.95,43.44,1630904.0,42.71,5577.0
2022-11-30 19:00:00+00:00,43.43,45.27,43.42,44.3,2789314.0,44.44,9019.0
2022-11-30 20:00:00+00:00,44.32,45.88,44.19,45.72,2184425.0,45.273,8907.0
2022-12-01 14:30:00+00:00,45.82,47.19,45.37,45.98,1995105.0,46.314,7626.0
2022-12-01 15:00:00+00:00,46.0,46.33,44.44,45.61,2497306.0,45.226,9570.0
2022-12-01 16:00:00+00:00,45.62,46.2,44.83,46.17,946647.0,45.546,4099.0
2022-12-01 17:00:00+00:00,46.17,46.25,45.25,45.47,1187533.0,45.676,4877.0
2022-12-01 18:00:00+00:00,45.47,46.0,45.13,45.29,1043339.0,45.601,3767.0
2022-12-01 19:00:00+00:00,45.29,45.53,44.85,45.44,687661.0,45.178,2954.0
2022-12-01 20:00:00+00:00,45.45,45.54,45.14,45.27,841114.0,45.339,4408.0
2022-12-02 14:30:00+00:00,44.01,45.37,43.73,44.76,904657.0,44.415,3471.0
2022-12-02 15:00:00+00:00,44.7,46.55,44.7,46.04,1724384.0,45.888,6479.0
2022-12-02 16:00:00+00:00,46.07,47.51,45.91,47.38,1437358.0,46.727,5487.0
2022-12-02 17:00:00+00:00,47.4,47.42,46.05,46.11,976377.0,46.819,3612.0
2022-12-02 18:00:00+00:00,46.1,46.49,45.95,46.33,517832.0,46.225,1835.0
2022-12-02 19:00:00+00:00,46.34,47.07,46.33,47.07,675851.0,46.737,2636.0
2022-12-02 20:00:00+00:00,47.08,47.7,47.06,47.65,1896536.0,47.442,8787.0
2022-12-05 14:30:00+00:00,47.96,49.85,46.6,46.64,2438863.0,48.245,9908.0
2022-12-05 15:00:00+00:00,46.63,48.1,45.74,48.1,1861147.0,46.729,7136.0
2022-12-05 16:00:00+00:00,48.13,48.5,46.94,46.99,1080658.0,47.735,3988.0
2022-12-05 17:00:00+00:00,46.98,47.15,46.37,46.96,786701.0,46.762,3063.0
2022-12-05 18:00:00+00:00,46.94,47.29,45.72,45.86,862614.0,46.563,3630.0
2022-12-05 19:00:00+00:00,45.85,46.29,45.63,45.87,721984.0,45.886,3091.0
2022-12-05 20:00:00+00:00,45.86,46.34,45.65,46.0,1198824.0,45.972,5594.0
2022-12-06 14:30:00+00:00,45.76,46.65,43.22,43.23,2009657.0,44.56,7976.0
2022-12-06 15:00:00+00:00,43.22,43.31,42.46,42.67,2513062.0,42.792,9779.0
2022-12-06 16:00:00+00:00,42.67,43.6,42.58,43.09,1382620.0,43.185,5171.0
2022-12-06 17:00:00+00:00,43.08,43.19,42.31,42.38,651379.0,42.7,2776.0
2022-12-06 18:00:00+00:00,42.36,42.52,42.01,42.28,783767.0,42.281,3227.0
2022-12-06 19:00:00+00:00,42.3,42.31,41.73,42.18,982377.0,41.986,3940.0
2022-12-06 20:00:00+00:00,42.18,42.47,41.82,42.43,1235404.0,42.231,7352.0
2022-12-07 14:30:00+00:00,41.88,42.95,41.26,41.32,1409457.0,41.983,5181.0
2022-12-07 15:00:00+00:00,41.31,42.99,40.81,42.51,1619884.0,41.882,5920.0
2022-12-07 16:00:00+00:00,42.51,42.82,41.78,42.62,699555.0,42.378,2705.0
2022-12-07 17:00:00+00:00,42.63,43.2,40.55,42.39,2314825.0,42.002,8836.0
2022-12-07 18:00:00+00:00,42.34,42.58,41.58,41.63,691602.0,42.129,2205.0
2022-12-07 19:00:00+00:00,41.61,41.84,41.41,41.7,605394.0,41.637,2252.0
2022-12-07 20:00:00+00:00,41.71,42.0,41.25,41.27,1016831.0,41.582,4347.0
2022-12-08 14:30:00+00:00,41.67,42.32,40.3,42.19,1479143.0,41.181,5090.0
2022-12-08 15:00:00+00:00,42.25,43.33,42.0,42.36,1702447.0,42.709,6012.0
2022-12-08 16:00:00+00:00,42.38,42.6,41.88,42.53,1002527.0,42.205,2921.0
2022-12-08 17:00:00+00:00,42.53,42.93,42.31,42.83,554957.0,42.699,1883.0
2022-12-08 18:00:00+00:00,42.83,43.9,42.66,43.67,1065040.0,43.36,3603.0
2022-12-08 19:00:00+00:00,43.67,43.77,42.82,43.05,845073.0,43.16,3154.0
2022-12-08 20:00:00+00:00,43.06,43.26,42.65,42.81,781787.0,42.887,3719.0
2022-12-09 14:30:00+00:00,41.6,42.32,40.89,41.48,1385896.0,41.621,4932.0
2022-12-09 15:00:00+00:00,41.56,41.97,40.41,41.5,1831968.0,41.033,7313.0
2022-12-09 16:00:00+00:00,41.48,41.99,41.33,41.7,800912.0,41.606,2779.0
2022-12-09 17:00:00+00:00,41.71,42.06,41.05,41.12,629591.0,41.633,2217.0
2022-12-09 18:00:00+00:00,41.13,41.23,40.85,40.86,645913.0,41.012,2386.0
2022-12-09 19:00:00+00:00,40.85,40.9,40.59,40.79,672284.0,40.757,2551.0
2022-12-09 20:00:00+00:00,40.79,40.86,40.15,40.25,1583439.0,40.438,7608.0
2022-12-12 14:30:00+00:00,39.85,40.97,39.65,40.34,1772697.0,40.333,5523.0
2022-12-12 15:00:00+00:00,40.34,40.72,39.87,40.67,1028081.0,40.265,3760.0
2022-12-12 16:00:00+00:00,40.67,41.89,40.5,41.74,1237723.0,41.263,4243.0
2022-12-12 17:00:00+00:00,41.7,42.21,41.39,41.62,738794.0,41.765,2737.0
2022-12-12 18:00:00+00:00,41.63,41.76,41.12,41.18,503519.0,41.326,1936.0
2022-12-12 19:00:00+00:00,41.2,41.2,40.78,41.14,519492.0,40.991,2303.0
2022-12-12 20:00:00+00:00,41.15,42.65,41.0,42.56,1785087.0,42.104,8205.0
2022-12-13 14:30:00+00:00,46.01,46.33,44.01,44.48,2814655.0,45.153,11199.0
2022-12-13 15:00:00+00:00,44.5,44.5,42.0,42.16,2471524.0,43.277,10223.0
2022-12-13 16:00:00+00:00,42.28,42.55,40.91,41.13,1488122.0,41.763,5973.0
2022-12-13 17:00:00+00:00,41.12,41.33,39.63,39.77,2171505.0,40.235,8391.0
2022-12-13 18:00:00+00:00,39.77,40.19,39.22,39.74,2201332.0,39.732,7856.0
2022-12-13 19:00:00+00:00,39.73,39.97,39.01,39.14,1491677.0,39.362,6071.0
2022-12-13 20:00:00+00:00,39.14,39.15,38.5,38.69,2836717.0,38.818,12484.0
2022-12-14 14:30:00+00:00,39.4,40.74,38.82,39.96,2829666.0,39.917,10373.0
2022-12-14 15:00:00+00:00,39.96,41.17,39.6,40.45,2211289.0,40.53,8736.0
2022-12-14 16:00:00+00:00,40.48,41.0,40.06,40.65,844847.0,40.546,3046.0
2022-12-14 17:00:00+00:00,40.63,40.68,39.96,40.19,853281.0,40.251,2924.0
2022-12-14 18:00:00+00:00,40.19,41.9,40.18,41.36,1475101.0,41.301,5336.0
2022-12-14 19:00:00+00:00,41.34,41.34,39.27,40.13,2434487.0,40.19,9834.0
2022-12-14 20:00:00+00:00,40.13,41.37,39.73,40.18,2014379.0,40.428,8909.0
2022-12-15 14:30:00+00:00,39.02,39.6,38.01,38.19,1731727.0,38.779,6360.0
2022-12-15 15:00:00+00:00,38.22,38.82,37.73,37.94,2182968.0,38.255,8915.0
2022-12-15 16:00:00+00:00,37.93,38.07,37.44,37.48,1612624.0,37.749,5960.0
2022-12-15 17:00:00+00:00,37.49,38.33,37.48,37.66,1019714.0,37.882,4130.0
2022-12-15 18:00:00+00:00,37.64,37.9,37.46,37.8,746616.0,37.668,3357.0
2022-12-15 19:00:00+00:00,37.79,38.41,37.68,38.31,774363.0,38.052,2966.0
2022-12-15 20:00:00+00:00,38.3,38.35,37.7,37.99,1164513.0,37.93,5629.0
2022-12-16 14:30:00+00:00,37.38,38.01,36.78,37.3,1657102.0,37.368,4763.0
2022-12-16 15:00:00+00:00,37.27,37.35,35.46,35.77,2995399.0,36.162,12071.0
2022-12-16 16:00:00+00:00,35.77,35.99,34.72,34.82,2666111.0,35.249,9742.0
2022-12-16 17:00:00+00:00,34.81,35.18,34.71,34.88,1520664.0,34.947,6347.0
2022-12-16 18:00:00+00:00,34.88,36.38,34.86,35.93,1945778.0,35.673,7658.0
2022-12-16 19:00:00+00:00,35.91,36.58,35.87,36.47,1073775.0,36.17,4683.0
2022-12-16 20:00:00+00:00,36.46,36.98,36.25,36.59,1853784.0,36.667,9381.0
2022-12-19 14:30:00+00:00,35.97,36.68,34.75,35.39,1890423.0,35.369,5712.0
2022-12-19 15:00:00+00:00,35.45,35.58,34.78,34.79,2310702.0,35.196,8247.0
2022-12-19 16:00:00+00:00,34.83,35.2,34.54,34.54,1523501.0,34.835,5677.0
2022-12-19 17:00:00+00:00,34.55,35.52,34.51,35.26,1129696.0,35.086,3963.0
2022-12-19 18:00:00+00:00,35.26,35.75,35.19,35.38,559306.0,35.378,2514.0
2022-12-19 19:00:00+00:00,35.38,35.54,35.02,35.34,553635.0,35.251,2729.0
2022-12-19 20:00:00+00:00,35.36,35.39,34.84,35.15,1192278.0,35.097,6147.0
2022-12-20 14:30:00+00:00,34.74,35.93,34.35,35.64,1657532.0,35.136,6712.0
2022-12-20 15:00:00+00:00,35.65,36.86,35.33,35.37,1922405.0,36.191,7223.0
2022-12-20 16:00:00+00:00,35.37,35.68,34.88,35.6,1002718.0,35.287,3606.0
2022-12-20 17:00:00+00:00,35.58,35.86,35.06,35.17,609295.0,35.424,2338.0
2022-12-20 18:00:00+00:00,35.16,35.28,34.82,34.95,589947.0,34.997,2174.0
2022-12-20 19:00:00+00:00,34.94,35.12,34.59,34.65,623403.0,34.894,2552.0
2022-12-20 20:00:00+00:00,34.65,35.02,34.43,34.97,1321249.0,34.735,6439.0
2022-12-21 14:30:00+00:00,35.31,35.8,34.79,35.21,973145.0,35.333,3091.0
2022-12-21 15:00:00+00:00,35.21,36.1,35.14,35.86,930704.0,35.779,3940.0
2022-12-21 16:00:00+00:00,35.89,36.1,35.35,35.64,724769.0,35.755,2751.0
2022-12-21 17:00:00+00:00,35.65,35.73,35.45,35.47,367563.0,35.59,1724.0
2022-12-21 18:00:00+00:00,35.48,35.61,35.27,35.45,495513.0,35.398,2177.0
2022-12-21 19:00:00+00:00,35.45,36.0,35.31,35.41,637605.0,35.654,2539.0
2022-12-21 20:00:00+00:00,35.39,35.4,35.03,35.14,985664.0,35.165,4489.0
2022-12-22 14:30:00+00:00,34.89,35.35,33.67,34.05,1708332.0,34.212,4775.0
2022-12-22 15:00:00+00:00,34.07,34.27,33.28,33.81,1333015.0,33.763,5567.0
2022-12-22 16:00:00+00:00,33.8,33.96,33.37,33.56,757816.0,33.611,2974.0
2022-12-22 17:00:00+00:00,33.55,33.7,32.95,33.34,894817.0,33.349,3385.0
2022-12-22 18:00:00+00:00,33.32,33.74,33.1,33.66,1054377.0,33.406,3881.0
2022-12-22 19:00:00+00:00,33.65,34.1,33.53,33.76,734418.0,33.79,3039.0
2022-12-22 20:00:00+00:00,33.78,34.78,33.7,34.57,1445780.0,34.421,7074.0
2022-12-23 14:30:00+00:00,34.72,34.8,33.67,33.79,777291.0,34.15,2584.0
2022-12-23 15:00:00+00:00,33.85,35.98,33.79,35.26,1848091.0,35.138,6474.0
2022-12-23 16:00:00+00:00,35.26,35.57,34.92,35.41,835905.0,35.232,3663.0
2022-12-23 17:00:00+00:00,35.41,35.89,35.4,35.5,500885.0,35.634,2227.0
2022-12-23 18:00:00+00:00,35.51,35.54,35.13,35.35,605856.0,35.356,2167.0
2022-12-23 19:00:00+00:00,35.34,35.59,35.26,35.39,410800.0,35.391,1619.0
2022-12-23 20:00:00+00:00,35.4,35.51,35.1,35.51,993529.0,35.299,4793.0
2022-12-27 14:30:00+00:00,34.47,34.56,32.77,33.52,1832976.0,33.468,6872.0
2022-12-27 15:00:00+00:00,33.48,34.45,33.15,33.69,1452287.0,33.783,5610.0
2022-12-27 16:00:00+00:00,33.71,33.85,33.22,33.22,935275.0,33.566,3713.0
2022-12-27 17:00:00+00:00,33.23,33.42,32.97,33.2,1000299.0,33.195,3508.0
2022-12-27 18:00:00+00:00,33.2,33.36,32.62,32.86,982636.0,32.977,3776.0
2022-12-27 19:00:00+00:00,32.85,33.07,32.52,32.58,925532.0,32.772,3798.0
2022-12-27 20:00:00+00:00,32.56,32.76,32.44,32.65,1434042.0,32.607,6649.0
2022-12-28 14:30:00+00:00,32.48,33.46,32.16,33.15,1579747.0,32.97,4838.0
2022-12-28 15:00:00+00:00,33.17,33.48,31.83,31.85,1471191.0,32.505,5197.0
2022-12-28 16:00:00+00:00,31.86,32.39,31.83,32.21,676737.0,32.213,2285.0
2022-12-28 17:00:00+00:00,32.17,32.99,31.94,32.84,610784.0,32.352,2479.0
2022-12-28 18:00:00+00:00,32.84,33.15,32.76,32.98,530479.0,32.966,1965.0
2022-12-28 19:00:00+00:00,32.95,33.2,32.58,32.61,564880.0,32.886,2314.0
2022-12-28 20:00:00+00:00,32.63,32.65,32.31,32.53,823277.0,32.489,3629.0
2022-12-29 14:30:00+00:00,33.45,35.18,33.37,34.53,1559721.0,34.366,6049.0
2022-12-29 15:00:00+00:00,34.54,35.33,34.28,34.9,1219889.0,34.916,5151.0
2022-12-29 16:00:00+00:00,34.92,35.15,34.51,34.93,906473.0,34.756,3326.0
2022-12-29 17:00:00+00:00,34.93,34.98,34.31,34.72,550679.0,34.617,2512.0
2022-12-29 18:00:00+00:00,34.74,35.06,34.53,34.95,444733.0,34.848,2010.0
2022-12-29 19:00:00+00:00,34.94,35.05,34.58,34.73,438473.0,34.849,2204.0
2022-12-29 20:00:00+00:00,34.73,35.16,34.7,34.77,831504.0,34.92,4405.0
2022-12-30 14:30:00+00:00,34.06,34.66,33.63,34.31,804991.0,34.163,2779.0
2022-12-30 15:00:00+00:00,34.32,35.6,34.08,35.39,1091386.0,34.902,4457.0
2022-12-30 16:00:00+00:00,35.38,35.87,34.75,34.85,1236827.0,35.375,5362.0
2022-12-30 17:00:00+00:00,34.88,34.94,34.41,34.56,753692.0,34.605,2885.0
2022-12-30 18:00:00+00:00,34.58,34.58,34.1,34.37,594086.0,34.386,2456.0
2022-12-30 19:00:00+00:00,34.38,34.48,34.11,34.27,569546.0,34.292,2459.0
2022-12-30 20:00:00+00:00,34.29,35.5,34.29,35.39,1359931.0,35.05,6031.0
2023-01-03 14:30:00+00:00,36.49,36.93,34.65,34.65,1721986.0,36.127,6327.0
2023-01-03 15:00:00+00:00,34.65,35.13,34.32,35.13,1018762.0,34.692,4275.0
2023-01-03 16:00:00+00:00,35.12,35.23,34.29,34.59,901170.0,34.635,3489.0
2023-01-03 17:00:00+00:00,34.61,34.75,33.73,33.87,625077.0,34.172,2777.0
2023-01-03 18:00:00+00:00,33.85,33.99,33.37,33.77,718373.0,33.678,2609.0
2023-01-03 19:00:00+00:00,33.79,34.22,33.62,33.99,523975.0,33.885,2111.0
2023-01-03 20:00:00+00:00,34.01,34.2,33.54,33.59,1166891.0,33.783,5920.0
2023-01-04 14:30:00+00:00,34.58,36.51,34.54,35.5,2318835.0,35.582,9958.0
2023-01-04 15:00:00+00:00,35.43,37.35,34.76,36.89,2776983.0,36.132,12208.0
2023-01-04 16:00:00+00:00,36.89,38.07,36.89,37.22,2587739.0,37.599,11808.0
2023-01-04 17:00:00+00:00,37.21,38.2,37.05,37.67,1731710.0,37.697,7377.0
2023-01-04 18:00:00+00:00,37.68,38.5,37.64,37.76,1255093.0,38.189,5397.0
2023-01-04 19:00:00+00:00,37.76,37.98,36.78,37.63,1871919.0,37.333,8799.0
2023-01-04 20:00:00+00:00,37.62,38.03,37.04,37.7,1782910.0,37.508,9402.0
2023-01-05 14:30:00+00:00,34.71,35.26,32.75,33.37,3692221.0,33.68,16479.0
2023-01-05 15:00:00+00:00,33.36,34.19,32.9,34.01,2765326.0,33.533,12020.0
2023-01-05 16:00:00+00:00,34.01,34.5,33.7,34.35,1548703.0,34.108,6765.0
2023-01-05 17:00:00+00:00,34.35,34.79,33.92,33.99,1170204.0,34.323,4047.0
2023-01-05 18:00:00+00:00,33.99,34.66,33.89,34.3,860642.0,34.275,3809.0
2023-01-05 19:00:00+00:00,34.3,34.55,34.01,34.09,924283.0,34.195,4043.0
2023-01-05 20:00:00+00:00,34.08,34.08,33.44,33.53,1816319.0,33.654,8797.0
2023-01-06 14:30:00+00:00,33.68,33.75,31.55,31.59,2721538.0,32.231,11458.0
2023-01-06 15:00:00+00:00,31.6,33.16,31.58,33.07,2999925.0,32.302,12279.0
2023-01-06 16:00:00+00:00,33.07,33.3,32.31,32.61,1680418.0,32.811,7594.0
2023-01-06 17:00:00+00:00,32.61,32.76,32.18,32.68,932043.0,32.477,3821.0
2023-01-06 18:00:00+00:00,32.69,33.25,32.6,33.25,972513.0,32.954,3316.0
2023-01-06 19:00:00+00:00,33.25,33.71,33.09,33.48,966570.0,33.481,3523.0
2023-01-06 20:00:00+00:00,33.48,33.6,33.21,33.25,1663971.0,33.406,7090.0
2023-01-09 14:30:00+00:00,35.17,37.48,34.72,37.42,3018033.0,36.066,11798.0
2023-01-09 15:00:00+00:00,37.43,38.8,37.17,37.82,3418112.0,37.973,14212.0
2023-01-09 16:00:00+00:00,37.82,38.98,37.79,38.85,1526948.0,38.448,6622.0
2023-01-09 17:00:00+00:00,38.84,39.35,38.55,38.88,1340367.0,38.942,6067.0
2023-01-09 18:00:00+00:00,38.89,39.38,38.38,38.7,1180834.0,38.977,5138.0
2023-01-09 19:00:00+00:00,38.72,39.14,38.2,38.23,1396793.0,38.744,5606.0
2023-01-09 20:00:00+00:00,38.22,38.5,37.93,38.29,3373492.0,38.189,12751.0
2023-01-10 14:30:00+00:00,37.76,42.4,37.74,39.01,4930599.0,39.917,23453.0
2023-01-10 15:00:00+00:00,39.03,41.16,38.82,40.07,4015241.0,40.099,15411.0
2023-01-10 16:00:00+00:00,40.07,40.42,39.6,40.04,1697751.0,40.104,6512.0
2023-01-10 17:00:00+00:00,40.05,40.71,39.55,40.56,1308040.0,40.186,5731.0
2023-01-10 18:00:00+00:00,40.56,41.5,40.42,41.23,1660673.0,40.976,6762.0
2023-01-10 19:00:00+00:00,41.24,41.89,41.2,41.54,1695406.0,41.581,7322.0
2023-01-10 20:00:00+00:00,41.55,43.29,41.27,43.23,4329560.0,42.37,20247.0
2023-01-11 14:30:00+00:00,41.96,43.78,40.63,42.92,3640039.0,42.146,13039.0
2023-01-11 15:00:00+00:00,42.92,43.67,41.5,41.61,2548796.0,42.583,10064.0
2023-01-11 16:00:00+00:00,41.62,42.76,41.4,42.44,1239370.0,42.062,5110.0
2023-01-11 17:00:00+00:00,42.48,43.11,42.42,42.97,694063.0,42.785,2979.0
2023-01-11 18:00:00+00:00,42.98,43.54,42.66,42.67,1106585.0,43.169,4166.0
2023-01-11 19:00:00+00:00,42.69,42.98,42.51,42.94,754296.0,42.731,3202.0
2023-01-11 20:00:00+00:00,42.94,43.84,42.84,43.78,2357253.0,43.506,10322.0
2023-01-12 14:30:00+00:00,45.0,45.29,41.67,42.65,2434589.0,43.047,9614.0
2023-01-12 15:00:00+00:00,42.7,44.42,42.68,42.78,2430056.0,43.669,9374.0
2023-01-12 16:00:00+00:00,42.77,44.04,42.56,44.02,1127776.0,43.429,3612.0
2023-01-12 17:00:00+00:00,44.01,45.45,43.78,45.16,1954632.0,44.738,6622.0
2023-01-12 18:00:00+00:00,45.16,45.98,44.84,45.94,2703734.0,45.509,10242.0
2023-01-12 19:00:00+00:00,45.95,47.08,45.73,46.71,2665008.0,46.509,11025.0
2023-01-12 20:00:00+00:00,46.72,47.65,46.27,47.54,2811721.0,47.033,13012.0
2023-01-13 14:30:00+00:00,46.19,48.97,45.38,48.81,3501773.0,47.449,13138.0
2023-01-13 15:00:00+00:00,48.84,50.45,48.54,50.19,4744380.0,49.522,20130.0
2023-01-13 16:00:00+00:00,50.19,50.63,47.96,48.84,3311384.0,49.278,14183.0
2023-01-13 17:00:00+00:00,48.82,49.54,48.57,48.71,1369135.0,49.081,5380.0
2023-01-13 18:00:00+00:00,48.73,49.06,48.03,48.55,1231158.0,48.409,4996.0
2023-01-13 19:00:00+00:00,48.52,49.27,48.22,48.81,1186916.0,48.864,5373.0
2023-01-13 20:00:00+00:00,48.81,50.1,48.69,49.98,2816015.0,49.69,13953.0
2023-01-17 14:30:00+00:00,53.16,53.69,50.7,51.47,4344229.0,51.94,17184.0
2023-01-17 15:00:00+00:00,51.5,53.55,51.49,53.37,3698567.0,52.741,16077.0
2023-01-17 16:00:00+00:00,53.37,53.45,51.5,52.31,1770311.0,52.266,8148.0
2023-01-17 17:00:00+00:00,52.33,52.91,51.31,52.83,1498407.0,52.012,6852.0
2023-01-17 18:00:00+00:00,52.83,53.77,52.46,53.72,1445732.0,53.114,7072.0
2023-01-17 19:00:00+00:00,53.73,54.7,53.32,54.61,2431430.0,54.009,11187.0
2023-01-17 20:00:00+00:00,54.61,54.98,53.84,54.13,3168136.0,54.468,13360.0
2023-01-18 14:30:00+00:00,54.1,56.74,54.1,56.38,3452092.0,55.656,15104.0
2023-01-18 15:00:00+00:00,56.34,57.33,52.3,52.52,5331958.0,54.805,20621.0
2023-01-18 16:00:00+00:00,52.51,53.0,51.3,52.92,3444946.0,51.996,14670.0
2023-01-18 17:00:00+00:00,52.92,53.5,51.79,51.91,2327645.0,52.735,9562.0
2023-01-18 18:00:00+00:00,51.94,52.19,51.43,51.94,1440145.0,51.755,5801.0
2023-01-18 19:00:00+00:00,51.95,52.16,51.47,51.48,915429.0,51.874,3836.0
2023-01-18 20:00:00+00:00,51.48,51.69,50.0,50.07,2797034.0,50.72,13230.0
2023-01-19 14:30:00+00:00,49.22,50.53,48.36,50.05,2718155.0,49.367,11592.0
2023-01-19 15:00:00+00:00,50.03,51.0,48.44,48.65,2356895.0,49.645,10982.0
2023-01-19 16:00:00+00:00,48.63,49.59,48.22,48.6,1326980.0,48.78,6375.0
2023-01-19 17:00:00+00:00,48.59,49.07,48.01,48.19,976533.0,48.501,4539.0
2023-01-19 18:00:00+00:00,48.2,48.94,47.92,48.52,1232045.0,48.331,5812.0
2023-01-19 19:00:00+00:00,48.51,49.79,48.21,49.56,1317590.0,49.212,5611.0
2023-01-19 20:00:00+00:00,49.57,49.69,48.91,49.41,1337029.0,49.292,6453.0
2023-01-20 14:30:00+00:00,50.38,51.09,48.8,50.65,1671321.0,50.11,6847.0
2023-01-20 15:00:00+00:00,50.7,51.44,50.17,50.87,1395778.0,50.773,6074.0
2023-01-20 16:00:00+00:00,50.89,52.8,50.89,52.48,1982359.0,52.072,8104.0
2023-01-20 17:00:00+00:00,52.48,53.28,52.48,52.85,1936286.0,52.93,6561.0
2023-01-20 18:00:00+00:00,52.83,53.5,52.45,53.35,891106.0,52.904,3740.0
2023-01-20 19:00:00+00:00,53.36,53.85,53.15,53.85,942821.0,53.562,4347.0
2023-01-20 20:00:00+00:00,53.86,55.19,53.81,55.16,3119753.0,54.647,14539.0
2023-01-23 14:30:00+00:00,54.98,55.99,53.21,54.52,3126230.0,54.557,13554.0
2023-01-23 15:00:00+00:00,54.55,56.2,54.01,54.66,3707586.0,54.941,15308.0
2023-01-23 16:00:00+00:00,54.63,55.13,54.06,54.62,1790278.0,54.561,7071.0
2023-01-23 17:00:00+00:00,54.63,55.6,54.59,55.45,1284724.0,55.193,4731.0
2023-01-23 18:00:00+00:00,55.45,56.69,55.45,55.97,1586216.0,56.098,5518.0
2023-01-23 19:00:00+00:00,55.96,56.13,54.98,55.61,1270186.0,55.584,4848.0
2023-01-23 20:00:00+00:00,55.62,56.19,55.16,55.96,1826188.0,55.842,7641.0
2023-01-24 14:30:00+00:00,54.29,56.47,54.19,55.24,1681721.0,55.513,6827.0
2023-01-24 15:00:00+00:00,55.19,55.35,53.88,55.34,2003513.0,54.507,8667.0
2023-01-24 16:00:00+00:00,55.33,55.65,54.5,54.61,1345974.0,55.139,6392.0
2023-01-24 17:00:00+00:00,54.59,54.66,53.98,54.15,871716.0,54.307,4216.0
2023-01-24 18:00:00+00:00,54.15,54.59,53.7,54.43,980885.0,54.156,4580.0
2023-01-24 19:00:00+00:00,54.42,54.51,54.01,54.22,908641.0,54.239,4283.0
2023-01-24 20:00:00+00:00,54.23,54.36,53.34,53.55,1984535.0,53.787,10103.0
2023-01-25 14:30:00+00:00,51.56,52.09,49.64,49.64,2442243.0,50.832,11322.0
2023-01-25 15:00:00+00:00,49.61,50.89,49.6,50.68,2115305.0,50.212,11602.0
2023-01-25 16:00:00+00:00,50.68,52.24,50.43,51.85,1301922.0,51.316,6003.0
2023-01-25 17:00:00+00:00,51.9,52.06,51.18,51.8,900328.0,51.585,4028.0
2023-01-25 18:00:00+00:00,51.81,53.22,51.71,52.85,1585952.0,52.526,5704.0
2023-01-25 19:00:00+00:00,52.87,53.41,52.62,52.91,899425.0,53.004,4235.0
2023-01-25 20:00:00+00:00,52.91,53.4,52.51,52.72,1350639.0,52.836,7111.0
2023-01-26 14:30:00+00:00,56.03,56.1,52.35,52.9,2315399.0,54.162,9208.0
2023-01-26 15:00:00+00:00,52.9,54.27,52.15,52.98,1794470.0,53.33,7939.0
2023-01-26 16:00:00+00:00,52.94,53.33,51.96,52.78,1531700.0,52.493,5708.0
2023-01-26 17:00:00+00:00,52.78,53.57,52.66,53.44,1031413.0,53.134,4889.0
2023-01-26 18:00:00+00:00,53.44,53.59,52.75,53.44,665084.0,53.235,3354.0
2023-01-26 19:00:00+00:00,53.42,53.9,53.21,53.46,714265.0,53.589,3097.0
2023-01-26 20:00:00+00:00,53.47,53.47,52.71,53.0,1868906.0,53.05,9154.0
2023-01-27 14:30:00+00:00,52.94,55.55,52.41,54.65,1957298.0,54.344,7836.0
2023-01-27 15:00:00+00:00,54.75,57.64,54.5,56.96,3974737.0,56.209,15840.0
2023-01-27 16:00:00+00:00,56.96,59.21,56.72,58.48,3152793.0,57.873,12934.0
2023-01-27 17:00:00+00:00,58.49,61.28,58.42,60.96,3054071.0,59.882,12151.0
2023-01-27 18:00:00+00:00,60.95,61.33,59.93,61.09,1870665.0,60.731,7925.0
2023-01-27 19:00:00+00:00,61.08,62.21,60.53,61.72,2312917.0,61.377,9959.0
2023-01-27 20:00:00+00:00,61.75,62.29,60.69,61.38,3199255.0,61.411,16378.0
2023-01-30 14:30:00+00:00,60.01,61.86,59.4,60.53,2481990.0,60.458,10812.0
2023-01-30 15:00:00+00:00,60.5,60.76,57.81,58.66,2603001.0,59.025,12306.0
2023-01-30 16:00:00+00:00,58.68,59.44,57.97,59.27,1349042.0,58.775,6003.0
2023-01-30 17:00:00+00:00,59.27,59.27,58.15,58.42,663569.0,58.768,3605.0
2023-01-30 18:00:00+00:00,58.35,58.64,57.45,57.8,812097.0,58.019,3997.0
2023-01-30 19:00:00+00:00,57.8,57.96,56.75,57.9,1253201.0,57.211,5470.0
2023-01-30 20:00:00+00:00,57.88,58.01,55.67,56.16,2212530.0,56.758,10590.0
2023-01-31 14:30:00+00:00,57.7,57.88,56.43,56.47,1901550.0,57.318,6700.0
2023-01-31 15:00:00+00:00,56.53,58.31,55.91,58.13,2013753.0,57.304,8270.0
2023-01-31 16:00:00+00:00,58.14,58.99,57.8,58.25,1512696.0,58.42,5561.0
2023-01-31 17:00:00+00:00,58.26,60.12,57.93,59.94,1417160.0,59.197,5320.0
2023-01-31 18:00:00+00:00,59.96,60.44,58.9,59.55,1675126.0,59.704,5925.0
2023-01-31 19:00:00+00:00,59.54,59.78,59.08,59.49,905189.0,59.403,3464.0
2023-01-31 20:00:00+00:00,59.48,59.72,58.05,58.45,2357977.0,58.735,12043.0
2023-02-01 14:30:00+00:00,59.08,59.25,57.75,58.26,1170155.0,58.654,4745.0
2023-02-01 15:00:00+00:00,58.31,59.77,57.57,57.6,1527871.0,58.759,7304.0
2023-02-01 16:00:00+00:00,57.61,58.2,57.3,57.74,1017815.0,57.684,4156.0
2023-02-01 17:00:00+00:00,57.74,57.84,57.08,57.2,674415.0,57.472,2842.0
2023-02-01 18:00:00+00:00,57.2,57.53,56.95,57.3,757768.0,57.201,3056.0
2023-02-01 19:00:00+00:00,57.14,62.01,56.65,61.82,4127092.0,59.519,16078.0
2023-02-01 20:00:00+00:00,61.84,66.22,61.68,65.74,5827116.0,64.428,25748.0
2023-02-02 14:30:00+00:00,68.46,74.95,68.31,71.9,5821237.0,72.346,24210.0
2023-02-02 15:00:00+00:00,71.88,80.39,70.68,79.65,7724801.0,76.043,34073.0
2023-02-02 16:00:00+00:00,79.65,80.28,77.34,77.91,5027831.0,78.917,21031.0
2023-02-02 17:00:00+00:00,77.89,79.38,77.16,78.5,1983046.0,78.35,8131.0
2023-02-02 18:00:00+00:00,78.5,85.0,78.41,85.0,3908247.0,81.41,15775.0
2023-02-02 19:00:00+00:00,85.0,85.54,77.14,77.38,4796786.0,80.76,19801.0
2023-02-02 20:00:00+00:00,77.46,82.8,76.25,81.48,5376276.0,80.028,23679.0
2023-02-03 14:30:00+00:00,73.66,82.02,73.02,80.55,5223514.0,77.386,22417.0
2023-02-03 15:00:00+00:00,80.5,87.63,77.56,84.98,7955648.0,82.991,34942.0
2023-02-03 16:00:00+00:00,85.02,86.23,81.52,81.64,3706670.0,84.427,16277.0
2023-02-03 17:00:00+00:00,81.62,83.64,80.1,80.19,2451488.0,82.054,10774.0
2023-02-03 18:00:00+00:00,80.2,80.64,76.79,77.45,3539619.0,78.64,15404.0
2023-02-03 19:00:00+00:00,77.41,77.84,75.79,76.04,1882106.0,77.057,8837.0
2023-02-03 20:00:00+00:00,76.03,77.09,73.28,74.62,4484603.0,74.84,24369.0
2023-02-06 14:30:00+00:00,73.18,75.26,72.0,73.88,2924356.0,73.299,13536.0
2023-02-06 15:00:00+00:00,73.83,74.76,70.52,72.72,3056573.0,72.352,13184.0
2023-02-06 16:00:00+00:00,72.71,75.98,72.2,73.62,2650842.0,74.155,10513.0
2023-02-06 17:00:00+00:00,73.64,75.81,73.2,74.19,1465049.0,74.702,5920.0
2023-02-06 18:00:00+00:00,74.24,74.56,73.35,74.42,1105792.0,73.944,4971.0
2023-02-06 19:00:00+00:00,74.42,75.19,73.04,73.84,1362543.0,74.188,5444.0
2023-02-06 20:00:00+00:00,73.84,75.11,72.93,74.59,1626341.0,74.032,7889.0
2023-02-07 14:30:00+00:00,73.43,73.49,70.33,70.62,2070096.0,72.044,7880.0
2023-02-07 15:00:00+00:00,70.63,70.73,68.63,69.35,3320476.0,69.743,11903.0
2023-02-07 16:00:00+00:00,69.31,70.38,69.1,69.45,1318166.0,69.712,4894.0
2023-02-07 17:00:00+00:00,69.43,73.41,68.32,72.83,2767212.0,70.75,9946.0
2023-02-07 18:00:00+00:00,72.83,73.41,67.3,68.06,2835794.0,69.512,11250.0
2023-02-07 19:00:00+00:00,68.0,70.52,67.94,70.31,1695886.0,69.514,5939.0
2023-02-07 20:00:00+00:00,70.37,72.35,69.47,71.39,1840860.0,71.07,8049.0
2023-02-08 14:30:00+00:00,70.88,73.77,69.82,72.15,1914102.0,71.8,7892.0
2023-02-08 15:00:00+00:00,72.2,73.97,69.78,70.41,2160083.0,71.697,9281.0
2023-02-08 16:00:00+00:00,70.44,70.48,68.3,70.1,1685126.0,69.416,7211.0
2023-02-08 17:00:00+00:00,70.06,70.63,69.5,70.27,769385.0,70.111,3027.0
2023-02-08 18:00:00+00:00,70.27,71.14,69.62,70.07,737935.0,70.286,2951.0
2023-02-08 19:00:00+00:00,70.1,70.79,69.56,70.08,689150.0,70.06,2753.0
2023-02-08 20:00:00+00:00,70.11,70.37,69.3,69.42,1053875.0,69.76,5443.0
2023-02-09 14:30:00+00:00,68.51,68.93,64.01,64.65,3871833.0,66.049,15749.0
2023-02-09 15:00:00+00:00,64.74,65.02,62.9,63.97,3343340.0,63.847,13908.0
2023-02-09 16:00:00+00:00,63.97,64.54,61.69,61.95,2596653.0,63.056,10185.0
2023-02-09 17:00:00+00:00,61.93,62.46,60.55,61.37,2215849.0,61.526,8904.0
2023-02-09 18:00:00+00:00,61.39,63.09,61.26,61.6,1690767.0,62.228,6910.0
2023-02-09 19:00:00+00:00,61.6,61.79,60.35,60.8,1790597.0,60.973,7862.0
2023-02-09 20:00:00+00:00,60.76,60.76,59.0,59.6,3762980.0,59.74,18491.0
2023-02-10 14:30:00+00:00,58.25,61.74,57.55,58.23,3885159.0,59.271,15613.0
2023-02-10 15:00:00+00:00,58.22,60.0,56.93,58.45,2975664.0,58.447,12767.0
2023-02-10 16:00:00+00:00,58.44,59.18,57.2,57.27,1321898.0,58.188,6129.0
2023-02-10 17:00:00+00:00,57.23,57.59,56.3,57.53,1516799.0,57.001,6138.0
2023-02-10 18:00:00+00:00,57.55,58.23,56.94,56.97,869652.0,57.541,3743.0
2023-02-10 19:00:00+00:00,56.97,57.08,55.97,57.0,1506484.0,56.5,6273.0
2023-02-10 20:00:00+00:00,57.0,57.29,56.68,57.08,1606758.0,57.049,8366.0
2023-02-13 14:30:00+00:00,55.54,55.73,53.8,55.4,3192210.0,54.728,13337.0
2023-02-13 15:00:00+00:00,55.41,55.89,53.66,55.3,2411103.0,54.556,10552.0
2023-02-13 16:00:00+00:00,55.37,55.85,54.55,55.41,1258982.0,55.308,5755.0
2023-02-13 17:00:00+00:00,55.4,57.09,55.34,56.18,1123717.0,56.375,4868.0
2023-02-13 18:00:00+00:00,56.22,56.85,55.8,56.75,726233.0,56.367,3021.0
2023-02-13 19:00:00+00:00,56.75,56.84,55.48,55.58,921256.0,56.124,4103.0
2023-02-13 20:00:00+00:00,55.6,56.4,55.31,56.37,1518987.0,55.943,7671.0
2023-02-14 14:30:00+00:00,56.36,59.95,55.03,59.84,3528729.0,57.612,13755.0
2023-02-14 15:00:00+00:00,59.87,61.08,56.34,57.59,5290653.0,58.894,18548.0
2023-02-14 16:00:00+00:00,57.56,58.43,55.41,56.11,3132750.0,56.676,10119.0
2023-02-14 17:00:00+00:00,56.1,57.29,55.9,56.79,1643840.0,56.666,5945.0
2023-02-14 18:00:00+00:00,56.81,58.17,56.76,57.44,1603188.0,57.61,5726.0
2023-02-14 19:00:00+00:00,57.43,58.59,56.8,58.22,1646168.0,57.967,6071.0
2023-02-14 20:00:00+00:00,58.25,59.83,57.93,59.03,2758762.0,58.971,12051.0
2023-02-15 14:30:00+00:00,60.01,63.1,59.46,61.88,3462840.0,61.303,14468.0
2023-02-15 15:00:00+00:00,61.88,65.42,61.83,64.73,5313605.0,64.006,22539.0
2023-02-15 16:00:00+00:00,64.68,65.8,64.42,64.51,2244545.0,65.043,9752.0
2023-02-15 17:00:00+00:00,64.59,65.26,64.0,64.79,1269001.0,64.746,5535.0
2023-02-15 18:00:00+00:00,64.84,66.53,64.32,66.3,1545339.0,65.576,6474.0
2023-02-15 19:00:00+00:00,66.28,67.75,66.24,66.9,2533850.0,67.106,10165.0
2023-02-15 20:00:00+00:00,66.94,69.46,66.9,69.36,4044058.0,68.428,17493.0
2023-02-16 14:30:00+00:00,66.05,67.1,63.91,66.16,4748775.0,65.403,19286.0
2023-02-16 15:00:00+00:00,66.17,70.83,65.35,70.8,4954151.0,68.418,20449.0
2023-02-16 16:00:00+00:00,70.8,73.3,70.34,71.25,5410716.0,71.607,20460.0
2023-02-16 17:00:00+00:00,71.23,71.78,68.9,69.83,2979337.0,70.274,9825.0
2023-02-16 18:00:00+00:00,69.82,70.33,67.31,68.6,2209514.0,68.514,7618.0
2023-02-16 19:00:00+00:00,68.59,69.25,67.31,67.36,1662010.0,68.321,6272.0
2023-02-16 20:00:00+00:00,67.37,67.45,65.03,65.6,3011777.0,66.038,13262.0
2023-02-17 14:30:00+00:00,64.96,67.9,63.15,64.61,3685503.0,65.765,14000.0
2023-02-17 15:00:00+00:00,64.61,66.3,63.9,64.12,3400874.0,65.286,11973.0
2023-02-17 16:00:00+00:00,64.11,64.78,62.89,64.08,1842300.0,63.78,7092.0
2023-02-17 17:00:00+00:00,64.08,65.34,62.22,62.25,1980115.0,63.84,7202.0
2023-02-17 18:00:00+00:00,62.3,63.04,61.51,61.78,1805255.0,62.267,6402.0
2023-02-17 19:00:00+00:00,61.84,64.64,61.8,63.96,1918541.0,63.272,7031.0
2023-02-17 20:00:00+00:00,63.96,65.9,63.95,65.2,3934839.0,65.228,15271.0
2023-02-21 14:30:00+00:00,63.36,66.87,63.32,64.72,2710627.0,65.093,10236.0
2023-02-21 15:00:00+00:00,64.73,66.13,63.5,65.13,2279919.0,64.747,8770.0
2023-02-21 16:00:00+00:00,65.12,65.64,62.89,62.96,1570337.0,63.953,6163.0
2023-02-21 17:00:00+00:00,62.93,63.59,62.38,63.5,1001687.0,62.963,3633.0
2023-02-21 18:00:00+00:00,63.51,63.72,62.66,62.96,1017050.0,63.194,4188.0
2023-02-21 19:00:00+00:00,62.94,63.31,62.52,62.81,1121259.0,62.958,4546.0
2023-02-21 20:00:00+00:00,62.81,63.18,61.85,61.93,2774133.0,62.383,13261.0
2023-02-22 14:30:00+00:00,62.65,67.48,62.32,64.87,5875886.0,65.486,23144.0
2023-02-22 15:00:00+00:00,64.86,64.99,59.12,61.61,6662564.0,61.57,27137.0
2023-02-22 16:00:00+00:00,61.68,61.96,58.4,59.21,3070599.0,59.469,11460.0
2023-02-22 17:00:00+00:00,59.22,59.22,57.89,57.99,2835176.0,58.421,11100.0
2023-02-22 18:00:00+00:00,58.01,59.94,57.35,59.71,2633116.0,58.692,10404.0
2023-02-22 19:00:00+00:00,59.75,60.66,58.52,58.6,2544250.0,59.507,10752.0
2023-02-22 20:00:00+00:00,58.55,61.23,58.45,61.18,3344396.0,60.273,17507.0
2023-02-23 14:30:00+00:00,63.96,64.65,61.34,61.51,2784135.0,62.792,11558.0
2023-02-23 15:00:00+00:00,61.71,63.14,60.65,61.26,2809795.0,61.893,11552.0
2023-02-23 16:00:00+00:00,61.23,61.52,60.02,60.07,1884195.0,60.583,7091.0
2023-02-23 17:00:00+00:00,60.06,62.17,59.89,61.66,1623377.0,61.209,5632.0
2023-02-23 18:00:00+00:00,61.66,62.69,61.05,61.96,1213690.0,61.848,5179.0
2023-02-23 19:00:00+00:00,61.97,62.88,61.7,61.94,1096781.0,62.314,5314.0
2023-02-23 20:00:00+00:00,61.96,63.05,61.96,62.37,1678064.0,62.474,7614.0
2023-02-24 14:30:00+00:00,60.88,61.59,59.55,60.48,1774924.0,60.511,6742.0
2023-02-24 15:00:00+00:00,60.31,61.28,58.78,58.83,2105145.0,59.661,9279.0
2023-02-24 16:00:00+00:00,58.84,59.93,58.21,59.68,1506627.0,59.0,6343.0
2023-02-24 17:00:00+00:00,59.71,59.77,58.63,59.0,768907.0,59.105,3290.0
2023-02-24 18:00:00+00:00,59.01,59.25,58.44,58.53,1171737.0,58.68,4184.0
2023-02-24 19:00:00+00:00,58.57,58.58,56.8,57.84,2005231.0,57.518,8609.0
2023-02-24 20:00:00+00:00,57.85,58.7,57.72,58.43,2174103.0,58.142,9910.0
2023-02-27 14:30:00+00:00,60.0,60.11,58.17,59.73,2278236.0,59.188,8389.0
2023-02-27 15:00:00+00:00,59.75,60.97,58.75,59.25,3212616.0,59.997,12113.0
2023-02-27 16:00:00+00:00,59.3,59.59,58.48,59.45,1293798.0,59.034,5710.0
2023-02-27 17:00:00+00:00,59.47,60.16,58.85,60.0,987521.0,59.501,3824.0
2023-02-27 18:00:00+00:00,60.02,60.1,59.31,59.78,792574.0,59.713,4018.0
2023-02-27 19:00:00+00:00,59.8,59.95,58.87,59.07,680131.0,59.435,3181.0
2023-02-27 20:00:00+00:00,59.05,59.26,58.5,58.96,1297935.0,58.929,6758.0
2023-02-28 14:30:00+00:00,59.66,62.54,59.42,61.88,2584599.0,61.224,9681.0
2023-02-28 15:00:00+00:00,61.91,63.78,61.79,63.3,3571772.0,62.873,14751.0
2023-02-28 16:00:00+00:00,63.31,65.2,63.29,64.52,3243292.0,64.386,12787.0
2023-02-28 17:00:00+00:00,64.52,65.51,64.4,65.14,1787053.0,64.987,6780.0
2023-02-28 18:00:00+00:00,65.15,66.78,65.12,66.67,2085898.0,65.928,8170.0
2023-02-28 19:00:00+00:00,66.68,67.5,66.24,66.26,3451714.0,66.799,11795.0
2023-02-28 20:00:00+00:00,66.25,66.49,64.19,64.84,3490109.0,65.247,15087.0
2023-03-01 14:30:00+00:00,65.06,66.79,63.46,65.5,3708263.0,65.293,13384.0
2023-03-01 15:00:00+00:00,65.52,65.76,63.55,64.19,3062922.0,64.616,11040.0
2023-03-01 16:00:00+00:00,64.2,64.95,63.58,64.54,1654310.0,64.203,5857.0
2023-03-01 17:00:00+00:00,64.54,65.33,64.31,64.36,968391.0,64.776,3195.0
2023-03-01 18:00:00+00:00,64.35,64.38,63.72,64.1,794369.0,64.012,3245.0
2023-03-01 19:00:00+00:00,64.13,64.2,63.09,63.4,1039755.0,63.598,4099.0
2023-03-01 20:00:00+00:00,63.4,64.87,63.34,64.67,1707019.0,64.283,7929.0
2023-03-02 14:30:00+00:00,61.13,62.09,58.2,58.77,3561595.0,59.675,15315.0
2023-03-02 15:00:00+00:00,58.75,59.97,57.5,59.59,3480584.0,58.662,15399.0
2023-03-02 16:00:00+00:00,59.58,60.59,59.45,60.4,1447388.0,59.972,6725.0
2023-03-02 17:00:00+00:00,60.4,61.22,60.28,60.4,1116460.0,60.733,4908.0
2023-03-02 18:00:00+00:00,60.42,62.44,60.34,62.4,1547824.0,61.323,6657.0
2023-03-02 19:00:00+00:00,62.4,63.05,61.85,62.88,1387016.0,62.55,5564.0
2023-03-02 20:00:00+00:00,62.85,63.9,62.67,63.7,1778223.0,63.332,8653.0
2023-03-03 14:30:00+00:00,61.63,63.92,61.38,63.37,2434202.0,62.552,9340.0
2023-03-03 15:00:00+00:00,63.37,63.8,61.87,62.86,2991735.0,62.59,11387.0
2023-03-03 16:00:00+00:00,62.84,64.48,62.71,64.03,2050414.0,63.74,7289.0
2023-03-03 17:00:00+00:00,63.99,65.25,63.7,64.2,1764452.0,64.407,6288.0
2023-03-03 18:00:00+00:00,64.21,64.94,63.67,64.91,1289722.0,64.296,4992.0
2023-03-03 19:00:00+00:00,64.87,65.56,64.7,64.95,1401534.0,65.227,6140.0
2023-03-03 20:00:00+00:00,64.97,65.2,64.03,64.49,2063507.0,64.505,9481.0
2023-03-06 14:30:00+00:00,64.61,65.88,63.64,65.62,2200435.0,64.701,8005.0
2023-03-06 15:00:00+00:00,65.59,69.0,65.26,68.35,4095414.0,67.916,16741.0
2023-03-06 16:00:00+00:00,68.36,69.82,67.39,67.73,2677426.0,68.74,10527.0
2023-03-06 17:00:00+00:00,67.72,67.84,65.86,66.06,1723583.0,66.807,6248.0
2023-03-06 18:00:00+00:00,66.06,66.45,64.85,64.92,1337559.0,65.663,4927.0
2023-03-06 19:00:00+00:00,64.91,64.97,63.42,63.48,1794317.0,64.166,6064.0
2023-03-06 20:00:00+00:00,63.47,64.5,62.64,62.74,2186922.0,63.57,9626.0
2023-03-07 14:30:00+00:00,62.83,64.22,62.02,62.05,2215075.0,63.048,8234.0
2023-03-07 15:00:00+00:00,62.03,63.27,60.59,61.88,3857792.0,61.881,16230.0
2023-03-07 16:00:00+00:00,61.9,63.59,61.7,63.03,1916672.0,62.574,7367.0
2023-03-07 17:00:00+00:00,63.03,64.66,62.8,64.17,1347250.0,63.809,5632.0
2023-03-07 18:00:00+00:00,64.18,64.34,61.93,62.3,1170572.0,63.076,5018.0
2023-03-07 19:00:00+00:00,62.29,62.7,61.53,61.8,880556.0,62.044,3847.0
2023-03-07 20:00:00+00:00,61.81,62.09,61.36,61.86,1487727.0,61.81,8235.0
2023-03-08 14:30:00+00:00,61.22,61.71,60.35,61.37,1404704.0,60.977,6094.0
2023-03-08 15:00:00+00:00,61.42,65.35,60.41,64.8,3703655.0,63.404,16197.0
2023-03-08 16:00:00+00:00,64.8,65.47,62.94,63.48,2398276.0,64.153,8406.0
2023-03-08 17:00:00+00:00,63.5,63.88,62.64,62.79,1015118.0,63.144,3636.0
2023-03-08 18:00:00+00:00,62.8,62.87,61.53,61.77,1022910.0,62.172,4406.0
2023-03-08 19:00:00+00:00,61.73,62.75,61.69,62.38,926520.0,62.313,3556.0
2023-03-08 20:00:00+00:00,62.38,63.2,61.64,63.02,1542284.0,62.525,6885.0
2023-03-09 14:30:00+00:00,62.28,64.12,61.21,61.67,2736461.0,62.374,11054.0
2023-03-09 15:00:00+00:00,61.65,63.41,61.45,62.1,2316212.0,62.368,9593.0
2023-03-09 16:00:00+00:00,62.07,62.41,60.4,60.48,1750237.0,61.409,6269.0
2023-03-09 17:00:00+00:00,60.47,60.6,59.11,59.21,1933898.0,59.731,8298.0
2023-03-09 18:00:00+00:00,59.2,59.31,57.22,57.63,2451517.0,58.072,9812.0
2023-03-09 19:00:00+00:00,57.61,58.89,57.21,58.12,2133352.0,58.212,8917.0
2023-03-09 20:00:00+00:00,58.13,59.17,57.74,58.09,2932107.0,58.289,14543.0
2023-03-10 14:30:00+00:00,56.33,56.41,51.57,53.46,5054733.0,53.597,21533.0
2023-03-10 15:00:00+00:00,53.44,54.99,52.4,54.08,3753563.0,53.803,16988.0
2023-03-10 16:00:00+00:00,54.07,56.34,53.76,54.87,2823863.0,55.047,12668.0
2023-03-10 17:00:00+00:00,54.84,55.08,53.5,53.51,1935274.0,54.423,8663.0
2023-03-10 18:00:00+00:00,53.51,54.09,52.35,52.47,1713367.0,53.017,7886.0
2023-03-10 19:00:00+00:00,52.49,53.6,52.3,53.36,2212154.0,52.844,9887.0
2023-03-10 20:00:00+00:00,53.36,53.92,52.75,53.41,2378484.0,53.318,12517.0
2023-03-13 13:30:00+00:00,54.71,55.8,50.77,55.49,4390491.0,53.398,19159.0
2023-03-13 14:00:00+00:00,55.47,57.8,54.3,57.47,5499212.0,56.384,24457.0
2023-03-13 15:00:00+00:00,57.48,60.84,57.22,60.61,4833714.0,59.341,20165.0
2023-03-13 16:00:00+00:00,60.63,61.1,58.18,58.43,2665628.0,59.545,12867.0
2023-03-13 17:00:00+00:00,58.42,59.63,57.7,59.5,1775459.0,58.627,7050.0
2023-03-13 18:00:00+00:00,59.58,60.74,59.58,60.66,2065935.0,60.195,8218.0
2023-03-13 19:00:00+00:00,60.64,60.95,58.83,59.14,2628845.0,59.52,12104.0
2023-03-14 13:30:00+00:00,65.45,66.21,62.74,62.74,4576151.0,64.746,20537.0
2023-03-14 14:00:00+00:00,62.77,64.49,61.77,63.29,4550596.0,63.074,20292.0
2023-03-14 15:00:00+00:00,63.29,64.5,62.75,64.12,2286328.0,63.553,9202.0
2023-03-14 16:00:00+00:00,64.12,64.77,63.31,63.98,1512642.0,64.13,6818.0
2023-03-14 17:00:00+00:00,63.98,64.36,62.38,62.94,1539423.0,63.201,6344.0
2023-03-14 18:00:00+00:00,62.91,63.15,61.86,62.37,1481767.0,62.505,6116.0
2023-03-14 19:00:00+00:00,62.39,62.91,61.1,62.7,2870834.0,61.946,13476.0
2023-03-15 13:30:00+00:00,61.94,65.55,61.18,64.67,3372954.0,63.877,15042.0
2023-03-15 14:00:00+00:00,64.71,66.29,62.6,63.74,3883574.0,64.455,16803.0
2023-03-15 15:00:00+00:00,63.69,65.5,63.5,64.04,2132086.0,64.601,8882.0
2023-03-15 16:00:00+00:00,63.98,64.2,61.87,62.15,1750413.0,62.983,7805.0
2023-03-15 17:00:00+00:00,62.09,63.48,61.72,63.47,1311287.0,62.591,5643.0
2023-03-15 18:00:00+00:00,63.47,65.12,62.84,64.9,1361335.0,63.995,6038.0
2023-03-15 19:00:00+00:00,64.92,65.41,64.03,64.54,2260859.0,64.682,11839.0
2023-03-16 13:30:00+00:00,64.4,65.4,63.4,64.31,1938942.0,64.394,7632.0
2023-03-16 14:00:00+00:00,64.28,65.25,63.12,64.85,2214624.0,64.082,9966.0
2023-03-16 15:00:00+00:00,64.86,66.6,63.97,66.07,1781051.0,65.163,7473.0
2023-03-16 16:00:00+00:00,66.08,66.15,64.62,65.98,1457332.0,65.318,5481.0
2023-03-16 17:00:00+00:00,66.03,66.52,65.23,65.9,1083106.0,65.974,4627.0
2023-03-16 18:00:00+00:00,65.85,66.99,65.32,66.9,1067511.0,66.212,4795.0
2023-03-16 19:00:00+00:00,66.91,68.62,66.83,67.77,2559348.0,67.835,13858.0
2023-03-17 13:30:00+00:00,70.73,72.12,69.1,71.71,4542589.0,70.504,16262.0
2023-03-17 14:00:00+00:00,71.78,73.37,70.53,71.88,5126926.0,72.188,21579.0
2023-03-17 15:00:00+00:00,71.83,73.17,71.45,72.8,2500471.0,72.477,8756.0
2023-03-17 16:00:00+00:00,72.77,74.75,72.74,74.08,3383531.0,73.762,11603.0
2023-03-17 17:00:00+00:00,74.12,75.04,73.95,74.88,1969358.0,74.581,8322.0
2023-03-17 18:00:00+00:00,74.9,75.18,74.19,74.97,1906348.0,74.751,8025.0
2023-03-17 19:00:00+00:00,75.02,76.8,74.56,74.95,4866790.0,75.617,25711.0
2023-03-20 13:30:00+00:00,76.81,77.06,72.87,74.09,3671429.0,74.989,13934.0
2023-03-20 14:00:00+00:00,74.05,77.0,73.97,76.38,3332400.0,75.689,14965.0
2023-03-20 15:00:00+00:00,76.39,76.64,74.7,74.96,2205264.0,75.438,10796.0
2023-03-20 16:00:00+00:00,74.96,75.0,73.52,74.43,2028093.0,74.221,8771.0
2023-03-20 17:00:00+00:00,74.43,75.45,74.32,74.6,922932.0,74.908,4137.0
2023-03-20 18:00:00+00:00,74.6,75.74,74.15,75.39,980363.0,75.05,4330.0
2023-03-20 19:00:00+00:00,75.39,75.98,74.66,75.08,1617815.0,75.223,7914.0
2023-03-21 13:30:00+00:00,76.15,79.65,75.77,79.19,2480223.0,77.739,9934.0
2023-03-21 14:00:00+00:00,79.19,79.65,77.06,77.78,2817166.0,78.433,12607.0
2023-03-21 15:00:00+00:00,77.8,80.45,77.77,80.11,2335684.0,79.447,9179.0
2023-03-21 16:00:00+00:00,80.07,82.31,80.0,82.07,2607999.0,81.451,11185.0
2023-03-21 17:00:00+00:00,82.08,83.98,81.79,82.52,2655525.0,83.041,11262.0
2023-03-21 18:00:00+00:00,82.59,84.0,82.17,83.61,1789732.0,83.043,7692.0
2023-03-21 19:00:00+00:00,83.61,85.05,83.55,84.08,3325517.0,84.318,15832.0
2023-03-22 13:30:00+00:00,84.42,85.38,81.65,82.46,2646981.0,83.382,11808.0
2023-03-22 14:00:00+00:00,82.42,84.2,82.07,83.43,2161928.0,83.154,9579.0
2023-03-22 15:00:00+00:00,83.47,84.71,82.82,83.53,1331493.0,83.935,5792.0
2023-03-22 16:00:00+00:00,83.49,83.61,82.39,82.79,867768.0,82.837,3791.0
2023-03-22 17:00:00+00:00,82.78,82.81,80.86,82.53,1179020.0,81.907,5215.0
2023-03-22 18:00:00+00:00,82.59,84.18,78.57,80.11,4400238.0,81.649,17939.0
2023-03-22 19:00:00+00:00,80.05,80.71,76.86,77.16,4242565.0,78.608,21248.0
2023-03-23 13:30:00+00:00,61.82,66.42,61.5,65.16,8272833.0,64.55,40241.0
2023-03-23 14:00:00+00:00,65.28,68.75,64.05,68.67,6793854.0,66.372,33152.0
2023-03-23 15:00:00+00:00,68.68,70.0,67.42,68.5,5578965.0,68.893,23951.0
2023-03-23 16:00:00+00:00,68.5,68.94,66.27,66.82,2998102.0,67.29,12981.0
2023-03-23 17:00:00+00:00,66.83,67.42,65.53,66.57,2331926.0,66.48,10476.0
2023-03-23 18:00:00+00:00,66.56,67.11,64.5,65.38,2111345.0,65.747,10435.0
2023-03-23 19:00:00+00:00,65.36,66.89,65.05,66.29,3297215.0,66.122,17062.0
2023-03-24 13:30:00+00:00,64.19,66.17,63.53,66.15,2933610.0,64.793,12709.0
2023-03-24 14:00:00+00:00,66.19,68.37,65.32,68.27,4517119.0,67.142,20010.0
2023-03-24 15:00:00+00:00,68.3,68.55,66.85,67.89,2400605.0,67.595,10585.0
2023-03-24 16:00:00+00:00,67.96,68.29,66.71,66.96,1346597.0,67.543,6111.0
2023-03-24 17:00:00+00:00,66.96,67.55,66.45,67.14,1420328.0,66.988,6096.0
2023-03-24 18:00:00+00:00,67.14,68.73,67.07,67.39,1809366.0,67.899,8033.0
2023-03-24 19:00:00+00:00,67.4,68.6,67.24,67.83,2433028.0,67.927,11104.0
2023-03-27 13:30:00+00:00,67.2,67.6,63.87,64.21,2477073.0,65.644,9846.0
2023-03-27 14:00:00+00:00,64.25,64.57,62.27,62.46,3661590.0,63.515,14617.0
2023-03-27 15:00:00+00:00,62.47,62.69,60.7,60.74,4393976.0,61.717,17765.0
2023-03-27 16:00:00+00:00,60.73,62.1,60.68,61.62,2535981.0,61.417,10114.0
2023-03-27 17:00:00+00:00,61.63,61.85,60.8,60.87,1572253.0,61.127,6518.0
2023-03-27 18:00:00+00:00,60.88,62.36,60.51,62.27,1888390.0,61.46,7306.0
2023-03-27 19:00:00+00:00,62.28,62.77,61.53,62.55,2794316.0,62.305,13016.0
2023-03-28 13:30:00+00:00,62.31,63.12,61.32,61.72,1681031.0,62.289,6931.0
2023-03-28 14:00:00+00:00,61.65,63.0,61.11,62.08,1718505.0,62.186,7569.0
2023-03-28 15:00:00+00:00,62.1,64.05,62.01,63.66,1849582.0,63.19,7860.0
2023-03-28 16:00:00+00:00,63.67,63.72,62.1,62.24,876578.0,62.748,4068.0
2023-03-28 17:00:00+00:00,62.25,62.41,61.8,62.04,713856.0,62.077,3007.0
2023-03-28 18:00:00+00:00,62.03,63.52,61.97,63.39,922837.0,62.707,4356.0
2023-03-28 19:00:00+00:00,63.4,63.7,62.44,63.01,1380589.0,62.963,6511.0
2023-03-29 13:30:00+00:00,65.44,68.63,64.72,67.31,3607110.0,66.814,14646.0
2023-03-29 14:00:00+00:00,67.34,67.93,64.88,65.51,3144468.0,66.357,12699.0
2023-03-29 15:00:00+00:00,65.52,66.69,65.25,65.66,1484281.0,65.904,6256.0
2023-03-29 16:00:00+00:00,65.65,65.8,63.82,63.89,1499293.0,64.836,6101.0
2023-03-29 17:00:00+00:00,63.88,64.96,63.77,64.71,1157811.0,64.516,4556.0
2023-03-29 18:00:00+00:00,64.7,65.71,64.51,65.27,1050716.0,65.172,3884.0
2023-03-29 19:00:00+00:00,65.26,65.39,64.42,65.3,1846960.0,64.947,7801.0
2023-03-30 13:30:00+00:00,66.53,67.1,65.55,66.64,1889189.0,66.311,6232.0
2023-03-30 14:00:00+00:00,66.65,67.17,65.04,65.87,1907850.0,66.083,8110.0
2023-03-30 15:00:00+00:00,65.88,66.65,64.78,65.08,1418444.0,65.56,6085.0
2023-03-30 16:00:00+00:00,65.07,65.15,64.15,64.72,1135514.0,64.6,4700.0
2023-03-30 17:00:00+00:00,64.68,65.3,63.68,63.97,1000974.0,64.369,4181.0
2023-03-30 18:00:00+00:00,63.98,64.4,63.78,64.22,759155.0,64.129,2809.0
2023-03-30 19:00:00+00:00,64.21,64.5,63.86,64.12,1249706.0,64.155,6678.0
2023-03-31 13:30:00+00:00,64.7,65.86,63.93,64.75,1926338.0,65.08,8556.0
2023-03-31 14:00:00+00:00,64.8,67.58,64.61,66.79,2739212.0,66.25,12358.0
2023-03-31 15:00:00+00:00,66.83,68.57,66.59,66.72,2757807.0,67.557,11439.0
2023-03-31 16:00:00+00:00,66.73,67.28,65.88,66.09,1541302.0,66.656,6006.0
2023-03-31 17:00:00+00:00,66.08,66.65,65.67,66.43,896053.0,66.215,3407.0
2023-03-31 18:00:00+00:00,66.42,67.25,66.42,67.1,927122.0,66.846,3359.0
2023-03-31 19:00:00+00:00,67.1,67.96,67.03,67.58,2128927.0,67.53,10774.0
2023-04-03 13:30:00+00:00,66.01,68.33,66.01,66.6,1528936.0,67.139,5448.0
2023-04-03 14:00:00+00:00,66.63,66.9,63.77,63.88,2719267.0,65.072,11425.0
2023-04-03 15:00:00+00:00,63.89,64.17,62.7,63.25,1830523.0,63.249,8666.0
2023-04-03 16:00:00+00:00,63.29,64.25,63.16,63.5,1217528.0,63.697,5039.0
2023-04-03 17:00:00+00:00,63.51,63.76,62.85,63.17,836459.0,63.316,4005.0
2023-04-03 18:00:00+00:00,63.16,64.01,62.91,63.55,1179070.0,63.473,5167.0
2023-04-03 19:00:00+00:00,63.56,64.07,63.36,63.62,1655334.0,63.694,8900.0
2023-04-04 13:30:00+00:00,64.66,65.4,62.91,63.82,1615968.0,64.161,6273.0
2023-04-04 14:00:00+00:00,63.9,64.46,61.85,61.87,1832092.0,63.115,8501.0
2023-04-04 15:00:00+00:00,61.89,62.2,60.95,61.74,1801260.0,61.555,8903.0
2023-04-04 16:00:00+00:00,61.77,62.35,61.19,61.94,855898.0,61.774,3706.0
2023-04-04 17:00:00+00:00,61.98,62.6,61.73,62.35,701001.0,62.19,3697.0
2023-04-04 18:00:00+00:00,62.35,62.65,61.41,61.51,717461.0,61.948,3630.0
2023-04-04 19:00:00+00:00,61.5,62.54,61.28,62.54,1289747.0,62.007,6523.0
2023-04-05 13:30:00+00:00,62.66,63.05,61.75,62.09,768401.0,62.298,2533.0
2023-04-05 14:00:00+00:00,62.1,62.64,59.47,59.65,2501495.0,60.509,10771.0
2023-04-05 15:00:00+00:00,59.64,60.65,59.54,60.24,1127122.0,60.181,5557.0
2023-04-05 16:00:00+00:00,60.24,60.3,59.22,59.42,938829.0,59.68,4004.0
2023-04-05 17:00:00+00:00,59.43,60.46,59.3,59.94,861126.0,60.129,3653.0
2023-04-05 18:00:00+00:00,59.9,60.71,59.68,60.27,844418.0,60.164,3619.0
2023-04-05 19:00:00+00:00,60.26,61.19,59.89,60.77,1561834.0,60.662,7481.0
2023-04-06 13:30:00+00:00,59.59,60.2,58.2,60.1,1965914.0,58.846,8157.0
2023-04-06 14:00:00+00:00,60.09,60.87,59.61,60.33,1820275.0,60.274,8632.0
2023-04-06 15:00:00+00:00,60.34,62.25,60.33,61.84,1592325.0,61.527,6244.0
2023-04-06 16:00:00+00:00,61.83,62.67,61.83,62.08,1000099.0,62.249,4007.0
2023-04-06 17:00:00+00:00,62.06,62.74,61.95,62.2,630386.0,62.384,2536.0
2023-04-06 18:00:00+00:00,62.21,62.42,61.56,61.62,590636.0,62.081,2347.0
2023-04-06 19:00:00+00:00,61.62,62.55,61.4,61.41,1661023.0,61.858,7993.0
2023-04-10 13:30:00+00:00,61.38,61.38,59.79,60.0,979460.0,60.521,3485.0
2023-04-10 14:00:00+00:00,59.93,62.7,59.66,62.26,1580990.0,61.566,6838.0
2023-04-10 15:00:00+00:00,62.28,63.68,61.88,61.95,1529190.0,63.024,5564.0
2023-04-10 16:00:00+00:00,61.95,63.18,61.17,63.11,1760989.0,62.09,5435.0
2023-04-10 17:00:00+00:00,63.16,64.25,63.09,64.07,2274677.0,63.582,6872.0
2023-04-10 18:00:00+00:00,64.12,65.43,64.01,65.38,1310207.0,64.544,5037.0
2023-04-10 19:00:00+00:00,65.41,66.19,64.53,66.14,2309393.0,65.346,8956.0
2023-04-11 13:30:00+00:00,68.09,71.75,67.24,71.1,5245938.0,69.29,20217.0
2023-04-11 14:00:00+00:00,71.11,72.61,70.42,70.73,6083781.0,71.442,22784.0
2023-04-11 15:00:00+00:00,70.74,72.08,70.53,71.2,1842367.0,71.392,7651.0
2023-04-11 16:00:00+00:00,71.16,72.18,70.74,71.03,1306968.0,71.329,5052.0
2023-04-11 17:00:00+00:00,71.03,71.71,70.63,71.41,1043410.0,71.163,3980.0
2023-04-11 18:00:00+00:00,71.42,71.52,69.63,69.97,1751568.0,70.175,6400.0
2023-04-11 19:00:00+00:00,69.97,70.65,69.19,70.14,3195073.0,70.016,12539.0
2023-04-12 13:30:00+00:00,70.77,72.02,69.01,69.3,2710962.0,70.35,10253.0
2023-04-12 14:00:00+00:00,69.25,69.57,67.71,67.75,2832790.0,68.738,10650.0
2023-04-12 15:00:00+00:00,67.74,68.42,66.23,68.37,2414701.0,67.064,9096.0
2023-04-12 16:00:00+00:00,68.38,69.29,68.07,68.87,1110480.0,68.668,3853.0
2023-04-12 17:00:00+00:00,68.86,69.95,68.57,69.35,1192927.0,69.457,3950.0
2023-04-12 18:00:00+00:00,69.34,69.96,68.02,68.26,1148337.0,69.015,3929.0
2023-04-12 19:00:00+00:00,68.23,68.67,67.42,67.8,1612830.0,67.907,6308.0
2023-04-13 13:30:00+00:00,69.89,70.75,69.03,70.02,2751352.0,69.972,7841.0
2023-04-13 14:00:00+00:00,69.99,71.95,69.97,71.24,3591488.0,71.279,11908.0
2023-04-13 15:00:00+00:00,71.25,72.53,71.2,71.8,2372103.0,71.754,9213.0
2023-04-13 16:00:00+00:00,71.79,72.34,69.21,69.53,2582753.0,70.75,8068.0
2023-04-13 17:00:00+00:00,69.54,70.36,69.02,70.14,1526131.0,69.775,5415.0
2023-04-13 18:00:00+00:00,70.16,70.2,68.45,68.71,1689987.0,69.136,5851.0
2023-04-13 19:00:00+00:00,68.72,69.11,68.05,68.95,1628323.0,68.619,8174.0
2023-04-14 13:30:00+00:00,69.3,71.7,69.0,70.5,2537452.0,70.517,8598.0
2023-04-14 14:00:00+00:00,70.48,70.69,68.17,69.59,2645583.0,69.28,10340.0
2023-04-14 15:00:00+00:00,69.58,69.7,68.4,68.76,1220386.0,68.961,5224.0
2023-04-14 16:00:00+00:00,68.76,68.88,67.87,68.34,1082901.0,68.334,4180.0
2023-04-14 17:00:00+00:00,68.37,69.6,68.3,69.39,899843.0,69.049,3996.0
2023-04-14 18:00:00+00:00,69.4,70.1,69.03,69.73,734099.0,69.642,2988.0
2023-04-14 19:00:00+00:00,69.7,70.17,69.15,69.87,1247739.0,69.833,5586.0
2023-04-17 13:30:00+00:00,67.21,67.82,65.24,65.75,2855487.0,66.531,10357.0
2023-04-17 14:00:00+00:00,65.75,66.54,64.9,65.36,2500457.0,65.686,11119.0
2023-04-17 15:00:00+00:00,65.45,66.45,65.27,65.76,1345861.0,65.816,5947.0
2023-04-17 16:00:00+00:00,65.74,67.04,65.52,66.96,972278.0,66.424,3464.0
2023-04-17 17:00:00+00:00,66.95,67.65,66.77,66.81,927371.0,67.24,3419.0
2023-04-17 18:00:00+00:00,66.82,67.65,66.31,67.54,1226245.0,66.845,3547.0
2023-04-17 19:00:00+00:00,67.57,68.05,67.41,67.69,1047737.0,67.684,4771.0
2023-04-18 13:30:00+00:00,70.39,71.79,69.26,70.85,3226889.0,70.504,11091.0
2023-04-18 14:00:00+00:00,70.9,70.95,67.88,68.56,3182041.0,69.066,11106.0
2023-04-18 15:00:00+00:00,68.56,68.7,67.65,68.0,1279568.0,68.155,4356.0
2023-04-18 16:00:00+00:00,67.99,68.68,67.87,67.88,1183674.0,68.291,2993.0
2023-04-18 17:00:00+00:00,67.9,68.07,66.93,67.04,979998.0,67.498,3502.0
2023-04-18 18:00:00+00:00,67.05,67.52,66.55,67.07,1205732.0,66.994,4513.0
2023-04-18 19:00:00+00:00,67.08,67.59,66.99,67.28,903733.0,67.313,4010.0
2023-04-19 13:30:00+00:00,64.42,65.65,63.4,63.77,1968072.0,64.506,8534.0
2023-04-19 14:00:00+00:00,63.76,64.96,63.53,64.93,1865450.0,64.238,8035.0
2023-04-19 15:00:00+00:00,64.93,65.39,64.3,64.75,962107.0,64.808,3672.0
2023-04-19 16:00:00+00:00,64.79,65.93,64.65,65.69,753749.0,65.523,3404.0
2023-04-19 17:00:00+00:00,65.69,65.94,64.7,64.89,760306.0,65.179,3260.0
2023-04-19 18:00:00+00:00,64.9,65.34,64.76,65.29,477092.0,65.09,2251.0
2023-04-19 19:00:00+00:00,65.3,65.63,64.27,64.46,1047403.0,64.849,5090.0
2023-04-20 13:30:00+00:00,63.27,65.33,63.1,64.45,1373737.0,64.385,5237.0
2023-04-20 14:00:00+00:00,64.4,64.85,63.52,63.6,1189847.0,64.035,4824.0
2023-04-20 15:00:00+00:00,63.58,63.63,62.41,63.21,1429405.0,62.949,6136.0
2023-04-20 16:00:00+00:00,63.19,63.5,62.57,62.7,877232.0,63.058,3354.0
2023-04-20 17:00:00+00:00,62.7,63.26,62.13,62.22,861473.0,62.729,3503.0
2023-04-20 18:00:00+00:00,62.21,62.54,61.83,62.23,874509.0,62.108,4224.0
2023-04-20 19:00:00+00:00,62.24,62.26,60.17,60.49,2466641.0,60.935,11786.0
2023-04-21 13:30:00+00:00,61.23,61.45,59.19,59.55,1878425.0,60.23,7333.0
2023-04-21 14:00:00+00:00,59.55,60.75,59.47,59.85,1538955.0,60.028,6299.0
2023-04-21 15:00:00+00:00,59.85,60.37,59.48,60.29,1153791.0,59.891,4362.0
2023-04-21 16:00:00+00:00,60.33,60.47,59.6,59.75,761567.0,59.972,3204.0
2023-04-21 17:00:00+00:00,59.73,60.19,59.63,60.15,791869.0,59.93,3545.0
2023-04-21 18:00:00+00:00,60.15,60.45,59.69,59.75,1234980.0,60.094,4412.0
2023-04-21 19:00:00+00:00,59.74,59.83,58.7,59.08,2893459.0,59.182,11017.0
2023-04-24 13:30:00+00:00,58.95,59.09,57.03,57.48,3222114.0,57.899,10563.0
2023-04-24 14:00:00+00:00,57.51,57.75,54.51,54.97,4570079.0,55.697,19582.0
2023-04-24 15:00:00+00:00,54.97,55.18,54.32,54.76,2283012.0,54.747,10090.0
2023-04-24 16:00:00+00:00,54.76,55.29,54.21,54.49,1662445.0,54.685,6319.0
2023-04-24 17:00:00+00:00,54.5,55.36,54.18,55.34,1265296.0,54.752,5191.0
2023-04-24 18:00:00+00:00,55.35,55.49,54.33,54.36,1471245.0,54.958,6191.0
2023-04-24 19:00:00+00:00,54.37,54.98,54.08,54.74,2585188.0,54.574,12551.0
2023-04-25 13:30:00+00:00,55.71,55.85,53.62,54.48,1888403.0,54.764,7138.0
2023-04-25 14:00:00+00:00,54.43,56.05,54.39,55.35,2587887.0,55.354,11534.0
2023-04-25 15:00:00+00:00,55.34,55.53,54.19,54.26,1419516.0,54.806,5266.0
2023-04-25 16:00:00+00:00,54.25,54.58,53.9,54.19,1064183.0,54.176,4552.0
2023-04-25 17:00:00+00:00,54.2,55.45,54.02,55.31,1184992.0,54.744,5310.0
2023-04-25 18:00:00+00:00,55.32,56.09,55.01,55.64,1607858.0,55.598,6318.0
2023-04-25 19:00:00+00:00,55.66,55.86,55.05,55.52,1461243.0,55.562,7277.0
2023-04-26 13:30:00+00:00,59.52,59.52,56.68,57.65,3062779.0,57.455,11804.0
2023-04-26 14:00:00+00:00,57.66,58.31,55.67,57.02,2768718.0,56.856,11877.0
2023-04-26 15:00:00+00:00,57.07,57.86,56.85,57.65,1355115.0,57.372,5745.0
2023-04-26 16:00:00+00:00,57.65,57.98,56.46,56.57,969757.0,57.152,4059.0
2023-04-26 17:00:00+00:00,56.6,56.85,55.93,56.21,867696.0,56.376,3527.0
2023-04-26 18:00:00+00:00,56.23,56.54,55.56,55.7,837670.0,56.079,3354.0
2023-04-26 19:00:00+00:00,55.71,55.71,53.6,53.86,2594585.0,54.47,11433.0
2023-04-27 13:30:00+00:00,54.63,55.08,53.58,53.74,1416003.0,54.173,5811.0
2023-04-27 14:00:00+00:00,53.72,55.57,53.7,53.82,1499828.0,54.652,6896.0
2023-04-27 15:00:00+00:00,53.88,55.37,53.85,54.69,1312252.0,54.76,5895.0
2023-04-27 16:00:00+00:00,54.72,55.4,54.19,54.37,824867.0,54.849,3447.0
2023-04-27 17:00:00+00:00,54.37,55.15,54.11,54.6,835911.0,54.568,3486.0
2023-04-27 18:00:00+00:00,54.62,55.73,54.58,55.23,1162253.0,55.312,5116.0
2023-04-27 19:00:00+00:00,55.21,55.22,54.01,54.2,2137986.0,54.335,8841.0
2023-04-28 13:30:00+00:00,53.65,54.17,52.17,52.76,2195626.0,52.911,6688.0
2023-04-28 14:00:00+00:00,52.73,54.52,52.61,53.52,1713191.0,53.858,7306.0
2023-04-28 15:00:00+00:00,53.54,53.54,52.52,53.08,1443851.0,52.908,4858.0
2023-04-28 16:00:00+00:00,53.13,53.89,52.95,53.85,1120306.0,53.446,4284.0
2023-04-28 17:00:00+00:00,53.87,53.9,53.25,53.64,751885.0,53.584,2218.0
2023-04-28 18:00:00+00:00,53.66,53.86,53.0,53.84,679434.0,53.399,2601.0
2023-04-28 19:00:00+00:00,53.83,54.31,53.4,53.79,1207514.0,53.832,6232.0
2023-05-01 13:30:00+00:00,53.3,54.38,52.44,53.18,1325885.0,53.255,5135.0
2023-05-01 14:00:00+00:00,53.15,53.15,51.77,51.95,1694940.0,52.317,7540.0
2023-05-01 15:00:00+00:00,51.95,52.01,49.77,49.99,3298729.0,50.432,12595.0
2023-05-01 16:00:00+00:00,50.02,50.15,48.45,49.52,3514365.0,49.161,11842.0
2023-05-01 17:00:00+00:00,49.53,50.38,49.22,50.33,2004023.0,49.797,7428.0
2023-05-01 18:00:00+00:00,50.33,51.05,49.9,50.24,1631793.0,50.453,6735.0
2023-05-01 19:00:00+00:00,50.25,50.47,49.74,50.15,1586605.0,50.137,8364.0
2023-05-02 13:30:00+00:00,50.23,50.9,48.55,48.78,1913955.0,49.412,8143.0
2023-05-02 14:00:00+00:00,48.78,50.97,48.26,50.6,3287602.0,49.67,13795.0
2023-05-02 15:00:00+00:00,50.59,51.79,49.96,50.84,2593592.0,50.892,11490.0
2023-05-02 16:00:00+00:00,50.8,51.79,50.4,51.66,1329664.0,50.99,5884.0
2023-05-02 17:00:00+00:00,51.67,52.04,51.04,51.8,1302986.0,51.53,5660.0
2023-05-02 18:00:00+00:00,51.81,51.83,50.9,51.37,807564.0,51.312,3748.0
2023-05-02 19:00:00+00:00,51.35,52.14,51.07,51.3,1656250.0,51.539,9455.0
2023-05-03 13:30:00+00:00,50.15,51.15,49.69,50.65,1404395.0,50.255,6121.0
2023-05-03 14:00:00+00:00,50.68,51.6,50.02,50.04,1298754.0,50.705,5976.0
2023-05-03 15:00:00+00:00,50.04,50.28,48.75,49.09,2044812.0,49.486,8460.0
2023-05-03 16:00:00+00:00,49.06,49.34,48.75,49.16,1016505.0,49.055,4427.0
2023-05-03 17:00:00+00:00,49.18,49.98,49.04,49.61,1002549.0,49.547,4006.0
2023-05-03 18:00:00+00:00,49.59,50.75,49.37,49.83,1758242.0,50.024,7120.0
2023-05-03 19:00:00+00:00,49.84,50.08,48.31,48.47,2189152.0,48.779,10749.0
2023-05-04 13:30:00+00:00,48.84,49.61,47.72,47.85,1408322.0,48.394,5636.0
2023-05-04 14:00:00+00:00,47.8,49.86,47.65,48.83,2214632.0,48.961,9965.0
2023-05-04 15:00:00+00:00,48.79,50.47,48.68,49.23,1510964.0,49.78,6949.0
2023-05-04 16:00:00+00:00,49.26,49.77,49.0,49.47,698636.0,49.409,3336.0
2023-05-04 17:00:00+00:00,49.5,50.1,49.22,49.71,675503.0,49.61,3168.0
2023-05-04 18:00:00+00:00,49.75,49.79,49.05,49.24,609844.0,49.325,3339.0
2023-05-04 19:00:00+00:00,49.24,49.49,48.84,49.22,1546331.0,49.174,9527.0
2023-05-05 13:30:00+00:00,54.0,56.39,53.75,55.37,4796262.0,55.131,19705.0
2023-05-05 14:00:00+00:00,55.36,57.46,54.75,55.85,4547513.0,56.045,21677.0
2023-05-05 15:00:00+00:00,55.87,57.53,55.8,57.12,2248182.0,56.682,9979.0
2023-05-05 16:00:00+00:00,57.12,58.05,56.9,57.98,1785340.0,57.563,8351.0
2023-05-05 17:00:00+00:00,58.0,58.15,57.19,57.4,1630439.0,57.664,7794.0
2023-05-05 18:00:00+00:00,57.43,57.84,57.09,57.12,1285025.0,57.485,6421.0
2023-05-05 19:00:00+00:00,57.12,58.58,56.44,58.23,3565433.0,57.537,17112.0
2023-05-08 13:30:00+00:00,55.9,56.5,54.61,55.5,2230447.0,55.423,9159.0
2023-05-08 14:00:00+00:00,55.47,56.85,54.63,55.5,2526793.0,55.531,11314.0
2023-05-08 15:00:00+00:00,55.5,57.07,55.23,56.99,1501715.0,56.423,6482.0
2023-05-08 16:00:00+00:00,56.99,58.4,56.87,58.28,1581944.0,57.552,6405.0
2023-05-08 17:00:00+00:00,58.28,58.8,57.62,57.62,1606699.0,58.233,5909.0
2023-05-08 18:00:00+00:00,57.6,57.76,56.85,57.4,1091667.0,57.324,4662.0
2023-05-08 19:00:00+00:00,57.4,58.35,57.26,58.1,1429529.0,57.864,8088.0
2023-05-09 13:30:00+00:00,57.9,58.68,57.03,57.67,1060676.0,57.821,4025.0
2023-05-09 14:00:00+00:00,57.7,58.09,56.59,57.94,1191254.0,57.315,5208.0
2023-05-09 15:00:00+00:00,57.94,58.08,57.02,57.42,711159.0,57.571,3140.0
2023-05-09 16:00:00+00:00,57.4,59.37,57.22,59.37,888201.0,58.12,3799.0
2023-05-09 17:00:00+00:00,59.35,59.9,58.56,58.88,1639516.0,59.233,6133.0
2023-05-09 18:00:00+00:00,58.92,59.37,58.55,58.99,778904.0,59.019,3039.0
2023-05-09 19:00:00+00:00,59.0,60.24,58.82,60.21,1567333.0,59.607,7547.0
2023-05-10 13:30:00+00:00,61.42,62.62,60.48,61.89,1886402.0,61.627,7262.0
2023-05-10 14:00:00+00:00,61.96,63.75,60.67,61.45,3397916.0,62.375,15677.0
2023-05-10 15:00:00+00:00,61.47,62.92,61.43,62.04,1312696.0,62.192,5987.0
2023-05-10 16:00:00+00:00,61.98,63.15,61.61,62.18,1041859.0,62.52,4296.0
2023-05-10 17:00:00+00:00,62.13,62.7,59.89,61.38,1951535.0,61.062,8489.0
2023-05-10 18:00:00+00:00,61.45,62.2,61.4,62.17,887290.0,61.884,4106.0
2023-05-10 19:00:00+00:00,62.14,63.0,62.05,62.65,1954373.0,62.653,9162.0
2023-05-11 13:30:00+00:00,62.41,63.11,61.19,61.92,896954.0,62.317,3881.0
2023-05-11 14:00:00+00:00,61.88,62.28,59.81,60.43,1814806.0,60.927,8077.0
2023-05-11 15:00:00+00:00,60.45,61.4,60.35,61.03,768657.0,60.964,3881.0
2023-05-11 16:00:00+00:00,61.06,62.01,60.45,61.97,735575.0,61.399,3167.0
2023-05-11 17:00:00+00:00,61.99,62.16,59.77,60.34,1095510.0,60.795,5365.0
2023-05-11 18:00:00+00:00,60.37,60.86,59.93,60.81,631891.0,60.386,2802.0
2023-05-11 19:00:00+00:00,60.81,60.86,60.1,60.35,928823.0,60.466,4844.0
2023-05-12 13:30:00+00:00,60.89,61.13,59.47,59.9,990935.0,60.237,4649.0
2023-05-12 14:00:00+00:00,59.85,60.08,58.41,58.51,1516528.0,59.008,7653.0
2023-05-12 15:00:00+00:00,58.51,59.21,58.12,58.39,824869.0,58.599,3808.0
2023-05-12 16:00:00+00:00,58.41,58.43,57.46,57.86,904005.0,57.829,4108.0
2023-05-12 17:00:00+00:00,57.84,58.49,57.76,57.94,548985.0,58.064,3000.0
2023-05-12 18:00:00+00:00,57.95,58.2,57.61,57.62,414707.0,57.838,2482.0
2023-05-12 19:00:00+00:00,57.61,57.64,56.77,57.31,1850178.0,57.263,9994.0
2023-05-15 13:30:00+00:00,58.4,58.74,57.2,57.67,1290546.0,58.061,4998.0
2023-05-15 14:00:00+00:00,57.68,58.83,57.26,58.27,1308935.0,58.174,5181.0
2023-05-15 15:00:00+00:00,58.27,59.82,58.22,59.79,1029279.0,59.088,4180.0
2023-05-15 16:00:00+00:00,59.81,60.86,59.63,60.72,1030333.0,60.185,4342.0
2023-05-15 17:00:00+00:00,60.73,61.06,60.0,60.15,1030510.0,60.53,4545.0
2023-05-15 18:00:00+00:00,60.18,61.3,60.1,60.86,915145.0,60.676,3033.0
2023-05-15 19:00:00+00:00,60.87,61.16,60.63,60.76,916716.0,60.905,4576.0
2023-05-16 13:30:00+00:00,58.68,60.11,58.58,59.59,1030237.0,59.415,4236.0
2023-05-16 14:00:00+00:00,59.63,59.64,58.17,58.58,1124093.0,58.752,5158.0
2023-05-16 15:00:00+00:00,58.6,58.69,57.21,57.74,1235657.0,57.842,5863.0
2023-05-16 16:00:00+00:00,57.74,58.35,57.14,57.61,838033.0,57.731,3652.0
2023-05-16 17:00:00+00:00,57.66,58.18,57.51,58.07,533208.0,57.812,2228.0
2023-05-16 18:00:00+00:00,58.1,58.62,57.77,58.52,572956.0,58.255,2502.0
2023-05-16 19:00:00+00:00,58.53,58.74,57.69,57.92,808845.0,58.144,4081.0
2023-05-17 13:30:00+00:00,57.49,58.8,57.3,57.35,903467.0,57.961,3576.0
2023-05-17 14:00:00+00:00,57.3,59.38,57.3,58.63,1295362.0,58.593,5973.0
2023-05-17 15:00:00+00:00,58.63,59.95,58.18,59.95,1337610.0,59.185,4728.0
2023-05-17 16:00:00+00:00,59.9,60.56,59.51,60.42,801092.0,60.04,3153.0
2023-05-17 17:00:00+00:00,60.42,60.8,59.89,60.46,763309.0,60.378,3215.0
2023-05-17 18:00:00+00:00,60.42,60.74,60.15,60.31,609837.0,60.413,2475.0
2023-05-17 19:00:00+00:00,60.3,61.31,60.22,61.03,1287623.0,60.879,6589.0
2023-05-18 13:30:00+00:00,60.47,60.76,59.43,60.01,976536.0,60.152,3593.0
2023-05-18 14:00:00+00:00,60.05,61.7,59.81,60.21,1414941.0,60.701,6045.0
2023-05-18 15:00:00+00:00,60.23,61.22,59.94,60.61,995649.0,60.669,4390.0
2023-05-18 16:00:00+00:00,60.6,60.67,59.6,59.91,561412.0,59.992,2485.0
2023-05-18 17:00:00+00:00,59.9,60.25,58.6,58.85,773054.0,59.474,3078.0
2023-05-18 18:00:00+00:00,58.84,59.64,58.62,59.58,721178.0,59.057,2992.0
2023-05-18 19:00:00+00:00,59.6,60.3,59.36,60.26,1058932.0,59.943,5027.0
2023-05-19 13:30:00+00:00,60.48,61.47,59.81,60.13,1461560.0,60.586,5520.0
2023-05-19 14:00:00+00:00,60.13,60.16,58.16,58.63,2041089.0,58.75,8450.0
2023-05-19 15:00:00+00:00,58.6,59.34,57.52,57.79,2334286.0,58.339,8842.0
2023-05-19 16:00:00+00:00,57.75,57.9,56.59,56.94,1324581.0,57.172,5511.0
2023-05-19 17:00:00+00:00,56.96,57.62,56.91,56.98,850972.0,57.25,3320.0
2023-05-19 18:00:00+00:00,56.97,57.4,56.77,57.3,675352.0,57.03,2923.0
2023-05-19 19:00:00+00:00,57.31,57.34,56.66,56.77,1196728.0,56.881,5943.0
2023-05-22 13:30:00+00:00,56.85,58.62,55.9,58.24,1832003.0,57.257,7426.0
2023-05-22 14:00:00+00:00,58.27,59.34,57.43,59.31,1612271.0,58.441,6684.0
2023-05-22 15:00:00+00:00,59.32,59.7,58.81,59.53,1076407.0,59.215,4592.0
2023-05-22 16:00:00+00:00,59.49,60.37,59.3,60.3,1256215.0,59.863,5538.0
2023-05-22 17:00:00+00:00,60.32,60.88,59.9,60.09,1101704.0,60.376,5191.0
2023-05-22 18:00:00+00:00,60.09,60.48,59.36,60.42,1452558.0,59.932,4914.0
2023-05-22 19:00:00+00:00,60.42,61.1,60.34,61.07,1653038.0,60.806,7767.0
2023-05-23 13:30:00+00:00,60.9,62.38,60.41,62.17,1576612.0,61.376,5853.0
2023-05-23 14:00:00+00:00,62.19,62.58,60.82,61.78,1841573.0,61.76,7537.0
2023-05-23 15:00:00+00:00,61.78,63.25,61.62,61.99,1744466.0,62.544,7079.0
2023-05-23 16:00:00+00:00,62.04,62.33,60.49,60.62,1341032.0,61.374,4664.0
2023-05-23 17:00:00+00:00,60.64,61.08,59.93,60.18,944695.0,60.471,3307.0
2023-05-23 18:00:00+00:00,60.14,60.41,58.67,58.93,1116524.0,59.379,5418.0
2023-05-23 19:00:00+00:00,58.91,59.39,58.71,59.09,1144648.0,59.072,5184.0
2023-05-24 13:30:00+00:00,57.94,58.74,56.8,57.28,1375767.0,57.701,5010.0
2023-05-24 14:00:00+00:00,57.24,57.64,56.6,56.77,1296292.0,57.025,5560.0
2023-05-24 15:00:00+00:00,56.77,58.49,56.61,58.35,1056312.0,57.647,4555.0
2023-05-24 16:00:00+00:00,58.29,58.65,57.58,57.65,521608.0,58.017,2404.0
2023-05-24 17:00:00+00:00,57.67,58.33,57.27,58.32,467885.0,57.848,1998.0
2023-05-24 18:00:00+00:00,58.31,58.35,57.67,57.77,319774.0,57.98,1493.0
2023-05-24 19:00:00+00:00,57.8,58.97,57.63,58.36,809655.0,58.46,4192.0
2023-05-25 13:30:00+00:00,58.56,59.14,56.92,57.1,1010867.0,57.87,4323.0
2023-05-25 14:00:00+00:00,57.05,57.48,56.06,57.13,1557696.0,56.817,7185.0
2023-05-25 15:00:00+00:00,57.11,57.14,56.2,56.91,804238.0,56.626,3727.0
2023-05-25 16:00:00+00:00,56.9,56.92,55.88,56.46,835624.0,56.311,3528.0
2023-05-25 17:00:00+00:00,56.46,56.77,55.98,56.73,367183.0,56.35,1804.0
2023-05-25 18:00:00+00:00,56.73,57.2,56.43,56.54,612532.0,56.82,2237.0
2023-05-25 19:00:00+00:00,56.55,57.2,56.49,56.9,881876.0,56.908,4882.0
2023-05-26 13:30:00+00:00,56.86,57.75,56.63,57.05,793546.0,57.209,2822.0
2023-05-26 14:00:00+00:00,57.04,58.91,56.98,57.92,1597850.0,58.15,6353.0
2023-05-26 15:00:00+00:00,57.93,58.3,57.06,57.16,867045.0,57.603,3326.0
2023-05-26 16:00:00+00:00,57.13,58.41,56.93,58.24,836027.0,57.722,3321.0
2023-05-26 17:00:00+00:00,58.27,58.48,56.97,57.02,542848.0,57.66,2252.0
2023-05-26 18:00:00+00:00,57.04,57.4,56.7,57.1,612336.0,57.007,2400.0
2023-05-26 19:00:00+00:00,57.16,57.45,56.68,56.9,780942.0,57.01,3657.0
2023-05-30 13:30:00+00:00,60.07,63.38,60.0,61.86,3705114.0,62.021,15295.0
2023-05-30 14:00:00+00:00,61.94,63.04,60.12,60.54,2685449.0,61.52,12378.0
2023-05-30 15:00:00+00:00,60.5,61.3,60.12,60.47,1226202.0,60.765,5070.0
2023-05-30 16:00:00+00:00,60.45,60.48,59.24,59.91,978513.0,59.823,3661.0
2023-05-30 17:00:00+00:00,59.93,60.09,59.23,59.55,658122.0,59.773,2817.0
2023-05-30 18:00:00+00:00,59.64,60.78,59.29,60.48,670085.0,60.211,2995.0
2023-05-30 19:00:00+00:00,60.48,61.31,60.17,61.14,1252297.0,60.853,6379.0
2023-05-31 13:30:00+00:00,59.3,61.86,59.21,61.67,1028152.0,60.777,4653.0
2023-05-31 14:00:00+00:00,61.66,61.66,59.27,59.85,1299088.0,59.957,6972.0
2023-05-31 15:00:00+00:00,59.87,60.63,59.33,60.34,592813.0,59.925,2672.0
2023-05-31 16:00:00+00:00,60.39,60.75,60.16,60.5,454550.0,60.469,1866.0
2023-05-31 17:00:00+00:00,60.51,62.23,60.43,62.11,900811.0,61.505,3893.0
2023-05-31 18:00:00+00:00,62.12,62.59,61.41,62.48,844495.0,62.049,3302.0
2023-05-31 19:00:00+00:00,62.47,62.53,61.85,62.2,1060547.0,62.235,5260.0
2023-06-01 13:30:00+00:00,61.81,62.24,60.67,61.56,818956.0,61.38,2798.0
2023-06-01 14:00:00+00:00,61.5,63.21,61.42,62.77,990486.0,62.432,4169.0
2023-06-01 15:00:00+00:00,62.8,63.88,62.67,63.88,1123300.0,63.321,4590.0
2023-06-01 16:00:00+00:00,63.88,65.55,63.37,65.05,1914908.0,64.799,7443.0
2023-06-01 17:00:00+00:00,65.1,65.43,64.73,65.18,858503.0,65.065,3586.0
2023-06-01 18:00:00+00:00,65.15,66.36,65.12,65.5,1260954.0,65.893,5305.0
2023-06-01 19:00:00+00:00,65.5,66.04,63.51,63.53,1777784.0,64.503,8044.0
2023-06-02 13:30:00+00:00,65.18,65.23,62.95,63.07,1451619.0,64.086,5019.0
2023-06-02 14:00:00+00:00,63.12,63.89,62.0,63.75,1692656.0,62.948,7579.0
2023-06-02 15:00:00+00:00,63.75,64.49,63.5,64.43,706628.0,64.103,3152.0
2023-06-02 16:00:00+00:00,64.46,64.67,63.95,64.05,466478.0,64.329,1882.0
2023-06-02 17:00:00+00:00,64.03,64.33,63.67,64.18,554277.0,64.119,2182.0
2023-06-02 18:00:00+00:00,64.19,64.68,63.71,64.63,487452.0,64.158,1929.0
2023-06-02 19:00:00+00:00,64.64,64.75,64.01,64.55,942213.0,64.434,4622.0
2023-06-05 13:30:00+00:00,63.36,64.45,62.12,62.3,1084965.0,63.273,4643.0
2023-06-05 14:00:00+00:00,62.4,63.05,61.52,61.95,1527971.0,62.108,6604.0
2023-06-05 15:00:00+00:00,61.99,62.28,57.05,57.08,5350033.0,59.374,21910.0
2023-06-05 16:00:00+00:00,57.1,58.49,56.83,57.77,4417403.0,57.663,17981.0
2023-06-05 17:00:00+00:00,57.78,57.97,55.81,57.45,3516691.0,56.819,15097.0
2023-06-05 18:00:00+00:00,57.47,57.61,56.42,57.26,1972162.0,57.03,9778.0
2023-06-05 19:00:00+00:00,57.27,58.71,57.05,58.71,3527317.0,58.034,16121.0
2023-06-06 13:30:00+00:00,47.1,50.23,46.43,49.74,12645593.0,48.152,50239.0
2023-06-06 14:00:00+00:00,49.74,50.86,49.1,50.57,8717149.0,50.118,36823.0
2023-06-06 15:00:00+00:00,50.59,51.86,49.91,51.58,5330501.0,51.079,21342.0
2023-06-06 16:00:00+00:00,51.57,52.38,50.22,50.69,3875398.0,51.378,14099.0
2023-06-06 17:00:00+00:00,50.67,51.78,50.43,51.0,2811129.0,51.075,9864.0
2023-06-06 18:00:00+00:00,51.0,51.52,50.81,51.15,1621533.0,51.092,5776.0
2023-06-06 19:00:00+00:00,51.15,51.75,51.15,51.62,2503992.0,51.496,10469.0
2023-06-07 13:30:00+00:00,53.26,53.73,51.7,53.22,3906686.0,52.791,14539.0
2023-06-07 14:00:00+00:00,53.22,53.65,52.06,52.78,3058677.0,52.71,12593.0
2023-06-07 15:00:00+00:00,52.76,54.0,52.41,52.83,2381781.0,53.249,9277.0
2023-06-07 16:00:00+00:00,52.85,53.53,52.51,53.19,1344871.0,53.068,5099.0
2023-06-07 17:00:00+00:00,53.19,53.49,52.6,52.93,943147.0,53.07,4049.0
2023-06-07 18:00:00+00:00,52.94,53.44,52.75,53.09,757522.0,53.072,3152.0
2023-06-07 19:00:00+00:00,53.09,53.35,52.91,53.26,1337118.0,53.155,5795.0
2023-06-08 13:30:00+00:00,52.28,54.24,51.96,52.66,2049234.0,53.014,8019.0
2023-06-08 14:00:00+00:00,52.65,54.54,52.54,54.5,2387408.0,53.673,8932.0
2023-06-08 15:00:00+00:00,54.48,54.83,53.71,54.05,1307429.0,54.223,5817.0
2023-06-08 16:00:00+00:00,54.05,54.37,53.01,53.44,1275583.0,53.588,5036.0
2023-06-08 17:00:00+00:00,53.44,53.99,53.33,53.94,734847.0,53.662,2937.0
2023-06-08 18:00:00+00:00,53.96,54.95,53.88,54.9,1066217.0,54.435,4378.0
2023-06-08 19:00:00+00:00,54.93,55.05,54.5,54.91,1136907.0,54.799,5503.0
2023-06-09 13:30:00+00:00,54.97,56.1,54.39,55.7,1523145.0,55.311,6350.0
2023-06-09 14:00:00+00:00,55.72,57.42,54.82,55.03,2968861.0,56.185,14194.0
2023-06-09 15:00:00+00:00,55.03,55.04,53.3,53.49,2474040.0,53.989,11240.0
2023-06-09 16:00:00+00:00,53.53,53.59,52.48,53.08,1545847.0,53.013,7134.0
2023-06-09 17:00:00+00:00,53.09,53.72,53.0,53.72,780424.0,53.384,3581.0
2023-06-09 18:00:00+00:00,53.72,53.93,53.16,53.29,622855.0,53.568,2496.0
2023-06-09 19:00:00+00:00,53.31,53.45,52.82,53.29,1251746.0,53.207,6560.0
2023-06-12 13:30:00+00:00,52.53,52.93,50.7,51.62,2292368.0,51.523,9685.0
2023-06-12 14:00:00+00:00,51.64,51.85,50.1,50.34,2468937.0,50.848,9916.0
2023-06-12 15:00:00+00:00,50.36,51.04,50.26,50.63,1132807.0,50.669,5249.0
2023-06-12 16:00:00+00:00,50.62,51.13,50.54,50.84,839333.0,50.877,4094.0
2023-06-12 17:00:00+00:00,50.85,50.89,50.38,50.75,855931.0,50.693,3672.0
2023-06-12 18:00:00+00:00,50.75,50.84,50.5,50.7,581155.0,50.684,2789.0
2023-06-12 19:00:00+00:00,50.7,50.74,50.49,50.57,1362274.0,50.574,6876.0
2023-06-13 13:30:00+00:00,51.8,52.6,50.7,51.9,1908990.0,51.569,7575.0
2023-06-13 14:00:00+00:00,51.94,52.31,50.83,51.49,1602017.0,51.352,6113.0
2023-06-13 15:00:00+00:00,51.46,51.62,50.52,50.88,1196865.0,51.012,5075.0
2023-06-13 16:00:00+00:00,50.87,51.77,50.7,51.57,982429.0,51.239,3951.0
2023-06-13 17:00:00+00:00,51.57,52.57,51.52,51.95,1331674.0,52.109,5443.0
2023-06-13 18:00:00+00:00,51.94,52.25,51.57,51.93,696978.0,51.86,2809.0
2023-06-13 19:00:00+00:00,51.95,52.66,51.89,52.42,1008175.0,52.331,5029.0
2023-06-14 13:30:00+00:00,52.92,53.66,51.56,53.62,1436242.0,52.761,5967.0
2023-06-14 14:00:00+00:00,53.64,53.84,52.71,53.81,1261842.0,53.36,4695.0
2023-06-14 15:00:00+00:00,53.8,54.79,53.62,54.14,1523148.0,54.252,7026.0
2023-06-14 16:00:00+00:00,54.12,54.67,53.86,54.41,725742.0,54.336,3346.0
2023-06-14 17:00:00+00:00,54.39,54.39,53.71,54.0,494163.0,54.015,2178.0
2023-06-14 18:00:00+00:00,53.96,54.07,52.08,53.7,2001304.0,53.072,8910.0
2023-06-14 19:00:00+00:00,53.66,54.07,53.05,53.89,1139192.0,53.69,5886.0
2023-06-15 13:30:00+00:00,52.71,52.71,50.93,51.92,2275652.0,51.776,9410.0
2023-06-15 14:00:00+00:00,51.94,52.78,51.89,52.2,1389991.0,52.394,6038.0
2023-06-15 15:00:00+00:00,52.2,53.16,52.04,52.97,1101107.0,52.787,5007.0
2023-06-15 16:00:00+00:00,52.95,53.52,52.5,52.98,886109.0,52.949,3763.0
2023-06-15 17:00:00+00:00,52.98,53.85,52.78,53.47,866992.0,53.397,3216.0
2023-06-15 18:00:00+00:00,53.45,54.45,53.36,54.34,832952.0,53.869,3498.0
2023-06-15 19:00:00+00:00,54.35,54.58,53.78,54.23,1171685.0,54.181,5289.0
2023-06-16 13:30:00+00:00,55.41,56.28,54.53,55.14,1430619.0,55.345,5025.0
2023-06-16 14:00:00+00:00,55.18,55.68,54.02,55.16,1912335.0,54.883,7171.0
2023-06-16 15:00:00+00:00,55.18,55.6,53.9,54.51,1274963.0,54.758,4919.0
2023-06-16 16:00:00+00:00,54.54,55.77,54.42,55.74,888444.0,55.141,3815.0
2023-06-16 17:00:00+00:00,55.76,55.86,55.12,55.8,821389.0,55.522,3270.0
2023-06-16 18:00:00+00:00,55.8,56.05,55.46,55.46,981187.0,55.815,3792.0
2023-06-16 19:00:00+00:00,55.47,55.85,54.95,55.57,1587440.0,55.466,7527.0
2023-06-20 13:30:00+00:00,55.91,57.35,55.58,55.6,1733313.0,56.564,6150.0
2023-06-20 14:00:00+00:00,55.63,55.64,53.63,55.13,2452336.0,54.632,8743.0
2023-06-20 15:00:00+00:00,55.06,55.44,54.84,55.02,869434.0,55.126,4027.0
2023-06-20 16:00:00+00:00,55.05,56.49,54.8,55.98,1370111.0,55.901,5101.0
2023-06-20 17:00:00+00:00,56.0,56.95,55.99,56.63,1027743.0,56.417,3759.0
2023-06-20 18:00:00+00:00,56.64,57.93,56.64,57.87,1890092.0,57.405,7402.0
2023-06-20 19:00:00+00:00,57.9,57.94,56.87,57.09,1749488.0,57.356,8475.0
2023-06-21 13:30:00+00:00,58.94,59.03,57.01,57.2,3991537.0,58.394,13728.0
2023-06-21 14:00:00+00:00,57.26,58.88,56.82,58.43,3005280.0,57.949,12421.0
2023-06-21 15:00:00+00:00,58.41,58.8,57.32,57.53,2175316.0,58.077,8999.0
2023-06-21 16:00:00+00:00,57.55,59.24,57.45,57.94,2936761.0,58.539,11452.0
2023-06-21 17:00:00+00:00,57.96,58.36,57.46,58.0,1401545.0,57.811,6007.0
2023-06-21 18:00:00+00:00,58.0,58.63,57.82,58.22,1022142.0,58.25,4603.0
2023-06-21 19:00:00+00:00,58.22,58.29,57.63,58.07,1340072.0,57.986,6123.0
2023-06-22 13:30:00+00:00,58.99,59.28,57.48,57.74,1949384.0,58.243,7092.0
2023-06-22 14:00:00+00:00,57.72,57.75,55.1,55.44,3080073.0,56.236,13178.0
2023-06-22 15:00:00+00:00,55.43,56.43,55.17,56.41,1386865.0,55.715,5851.0
2023-06-22 16:00:00+00:00,56.4,57.36,55.98,57.14,1232372.0,56.791,4875.0
2023-06-22 17:00:00+00:00,57.16,57.23,56.56,56.97,669824.0,56.878,2398.0
2023-06-22 18:00:00+00:00,57.0,57.43,56.88,57.33,636066.0,57.2,2575.0
2023-06-22 19:00:00+00:00,57.34,57.5,56.71,57.5,1059899.0,57.193,5090.0
2023-06-23 13:30:00+00:00,56.74,57.43,55.75,56.42,966705.0,56.614,4088.0
2023-06-23 14:00:00+00:00,56.41,58.71,56.02,57.52,3652900.0,57.329,14290.0
2023-06-23 15:00:00+00:00,57.54,60.5,57.31,60.4,4982797.0,59.328,18670.0
2023-06-23 16:00:00+00:00,60.42,61.2,59.72,60.54,3839426.0,60.484,13939.0
2023-06-23 17:00:00+00:00,60.54,61.89,60.33,61.74,2656938.0,61.255,9379.0
2023-06-23 18:00:00+00:00,61.71,61.8,60.69,61.23,1888945.0,61.264,7713.0
2023-06-23 19:00:00+00:00,61.22,61.56,60.81,61.48,2813068.0,61.231,13107.0
2023-06-26 13:30:00+00:00,61.16,66.04,61.0,65.77,5031136.0,64.355,21655.0
2023-06-26 14:00:00+00:00,65.78,66.16,63.56,64.05,4012379.0,64.825,17361.0
2023-06-26 15:00:00+00:00,64.04,64.45,62.81,63.5,1981693.0,63.528,8562.0
2023-06-26 16:00:00+00:00,63.49,63.52,61.76,62.74,1910581.0,62.358,7402.0
2023-06-26 17:00:00+00:00,62.72,63.1,62.13,62.94,1014911.0,62.685,4247.0
2023-06-26 18:00:00+00:00,62.95,63.3,62.52,63.14,1018610.0,62.944,3631.0
2023-06-26 19:00:00+00:00,63.15,63.2,61.6,61.92,1474809.0,62.165,7310.0
2023-06-27 13:30:00+00:00,63.8,64.9,62.84,64.85,2246867.0,63.964,7908.0
2023-06-27 14:00:00+00:00,64.8,66.77,64.57,66.32,5006090.0,65.774,20961.0
2023-06-27 15:00:00+00:00,66.35,66.53,65.02,65.77,2021455.0,65.67,8748.0
2023-06-27 16:00:00+00:00,65.76,67.46,65.63,67.07,2211188.0,66.788,8394.0
2023-06-27 17:00:00+00:00,67.09,67.7,66.86,67.67,1564022.0,67.348,6683.0
2023-06-27 18:00:00+00:00,67.68,69.21,67.63,68.98,2464516.0,68.403,10813.0
2023-06-27 19:00:00+00:00,69.01,70.38,68.57,69.88,4206453.0,69.578,18877.0
2023-06-28 13:30:00+00:00,68.99,71.65,68.99,70.55,3348018.0,70.179,15135.0
2023-06-28 14:00:00+00:00,70.57,74.32,70.35,73.2,5005900.0,72.854,21927.0
2023-06-28 15:00:00+00:00,73.22,73.51,71.24,72.95,3040576.0,72.384,12555.0
2023-06-28 16:00:00+00:00,72.95,73.01,69.36,70.44,2478759.0,71.138,9400.0
2023-06-28 17:00:00+00:00,70.44,70.98,69.5,70.42,1409971.0,70.323,5246.0
2023-06-28 18:00:00+00:00,70.42,71.49,70.28,71.31,1296411.0,71.082,4365.0
2023-06-28 19:00:00+00:00,71.38,71.4,70.47,70.66,1781906.0,70.841,8782.0
2023-06-29 13:30:00+00:00,72.07,73.93,71.58,73.13,2551001.0,72.943,10715.0
2023-06-29 14:00:00+00:00,73.17,74.18,72.02,72.59,2853102.0,73.051,12069.0
2023-06-29 15:00:00+00:00,72.58,73.82,72.11,72.3,1424991.0,72.96,6150.0
2023-06-29 16:00:00+00:00,72.3,72.59,71.42,71.5,1196866.0,72.024,4276.0
2023-06-29 17:00:00+00:00,71.48,72.19,70.82,71.71,1279048.0,71.411,5411.0
2023-06-29 18:00:00+00:00,71.74,72.3,71.44,72.19,819699.0,71.988,3181.0
2023-06-29 19:00:00+00:00,72.19,72.7,71.7,72.38,1624246.0,72.307,7569.0
2023-06-30 13:30:00+00:00,73.83,74.97,68.15,70.76,6271558.0,70.722,27315.0
2023-06-30 14:00:00+00:00,70.74,71.92,69.7,70.68,4187890.0,71.037,16853.0
2023-06-30 15:00:00+00:00,70.68,71.4,69.12,69.17,1999615.0,70.223,8488.0
2023-06-30 16:00:00+00:00,69.19,70.84,68.89,70.63,1738350.0,69.798,6393.0
2023-06-30 17:00:00+00:00,70.63,72.2,70.4,71.65,1887588.0,71.445,6857.0
2023-06-30 18:00:00+00:00,71.65,72.36,71.25,71.86,1445352.0,71.853,5761.0
2023-06-30 19:00:00+00:00,71.87,72.29,71.31,71.55,1989966.0,71.711,10451.0
2023-07-03 13:30:00+00:00,73.2,77.99,73.01,77.05,3810954.0,76.024,15274.0
2023-07-03 14:00:00+00:00,77.12,80.2,76.9,77.69,5311196.0,78.733,21997.0
2023-07-03 15:00:00+00:00,77.77,80.85,77.72,80.13,3981495.0,79.663,15979.0
2023-07-03 16:00:00+00:00,80.13,80.3,78.86,79.93,2645248.0,79.678,11511.0
2023-07-05 13:30:00+00:00,76.85,78.85,76.16,78.01,2821186.0,77.711,11319.0
2023-07-05 14:00:00+00:00,78.04,78.55,77.01,77.73,1766330.0,77.782,8618.0
2023-07-05 15:00:00+00:00,77.8,77.83,76.16,76.99,1673978.0,76.854,7477.0
2023-07-05 16:00:00+00:00,76.96,78.78,76.82,78.49,1342255.0,78.03,5179.0
2023-07-05 17:00:00+00:00,78.52,79.93,78.47,78.95,1526132.0,79.342,5860.0
2023-07-05 18:00:00+00:00,78.92,79.32,78.3,79.05,944765.0,78.794,4269.0
2023-07-05 19:00:00+00:00,79.05,79.28,78.31,78.33,965380.0,78.769,4890.0
2023-07-06 13:30:00+00:00,78.1,78.47,75.42,75.78,1994453.0,76.877,9387.0
2023-07-06 14:00:00+00:00,75.86,76.15,74.52,75.52,2015504.0,75.232,8941.0
2023-07-06 15:00:00+00:00,75.53,77.29,75.34,76.84,1483289.0,76.425,5835.0
2023-07-06 16:00:00+00:00,76.82,76.96,76.0,76.94,682582.0,76.427,2509.0
2023-07-06 17:00:00+00:00,76.95,77.16,76.26,77.06,535153.0,76.817,2173.0
2023-07-06 18:00:00+00:00,77.1,77.5,76.67,77.37,568979.0,77.031,2355.0
2023-07-06 19:00:00+00:00,77.42,78.15,76.92,78.1,1196468.0,77.698,4804.0
2023-07-07 13:30:00+00:00,78.15,81.19,77.62,80.17,2222458.0,79.927,8483.0
2023-07-07 14:00:00+00:00,80.17,80.78,78.14,79.83,2210920.0,79.365,8589.0
2023-07-07 15:00:00+00:00,79.8,80.64,79.28,80.55,1092924.0,80.024,4248.0
2023-07-07 16:00:00+00:00,80.5,81.07,79.96,81.0,1144266.0,80.579,4300.0
2023-07-07 17:00:00+00:00,81.0,81.16,79.14,79.79,1411885.0,80.318,5942.0
2023-07-07 18:00:00+00:00,79.81,80.21,78.61,78.9,923851.0,79.342,4472.0
2023-07-07 19:00:00+00:00,78.91,79.26,78.24,78.69,1187674.0,78.788,6086.0
2023-07-10 13:30:00+00:00,79.08,79.53,76.55,77.05,1462038.0,78.177,5705.0
2023-07-10 14:00:00+00:00,77.08,78.5,76.94,77.45,1516031.0,77.637,5336.0
2023-07-10 15:00:00+00:00,77.47,78.44,76.82,77.87,1122601.0,77.478,3710.0
2023-07-10 16:00:00+00:00,77.87,78.17,76.7,77.82,681852.0,77.36,2769.0
2023-07-10 17:00:00+00:00,77.82,78.32,77.54,77.7,402262.0,78.003,1450.0
2023-07-10 18:00:00+00:00,77.7,79.86,77.58,79.65,1078796.0,79.079,4396.0
2023-07-10 19:00:00+00:00,79.64,81.37,79.4,81.24,1882764.0,80.538,8387.0
2023-07-11 13:30:00+00:00,80.5,84.71,80.49,84.59,3694991.0,83.001,15149.0
2023-07-11 14:00:00+00:00,84.64,92.15,84.23,90.99,8010039.0,87.968,37659.0
2023-07-11 15:00:00+00:00,91.02,91.82,88.63,89.59,4750972.0,90.021,21273.0
2023-07-11 16:00:00+00:00,89.59,90.88,88.75,88.9,2416707.0,90.003,9819.0
2023-07-11 17:00:00+00:00,88.88,90.0,87.81,88.23,2409358.0,88.721,10414.0
2023-07-11 18:00:00+00:00,88.21,90.05,87.42,89.43,1973415.0,88.766,8698.0
2023-07-11 19:00:00+00:00,89.44,89.75,88.59,89.09,2458701.0,89.258,12828.0
2023-07-12 13:30:00+00:00,89.0,89.0,85.83,87.11,2945198.0,87.394,12763.0
2023-07-12 14:00:00+00:00,87.16,89.07,86.99,88.22,2429044.0,88.076,10819.0
2023-07-12 15:00:00+00:00,88.23,88.5,84.45,85.25,2729774.0,86.041,12668.0
2023-07-12 16:00:00+00:00,85.18,86.23,84.75,86.16,1216857.0,85.588,5622.0
2023-07-12 17:00:00+00:00,86.2,86.56,85.62,86.22,726547.0,86.189,3423.0
2023-07-12 18:00:00+00:00,86.19,86.31,85.53,86.23,632904.0,85.951,3155.0
2023-07-12 19:00:00+00:00,86.25,86.26,85.18,85.96,1330131.0,85.773,6705.0
2023-07-13 13:30:00+00:00,85.34,86.74,83.65,85.62,1889777.0,85.035,7652.0
2023-07-13 14:00:00+00:00,85.62,85.94,84.05,84.38,1620424.0,85.011,6741.0
2023-07-13 15:00:00+00:00,84.41,94.12,83.42,92.64,9906062.0,90.032,45943.0
2023-07-13 16:00:00+00:00,92.67,95.5,91.79,95.03,7592294.0,93.865,33587.0
2023-07-13 17:00:00+00:00,95.03,97.72,94.25,97.42,4750582.0,95.897,20538.0
2023-07-13 18:00:00+00:00,97.41,102.4,97.35,100.68,11181083.0,100.415,49936.0
2023-07-13 19:00:00+00:00,100.72,109.21,100.45,107.03,15071336.0,105.849,68099.0
2023-07-14 13:30:00+00:00,106.68,114.43,105.88,112.38,8331402.0,111.492,39167.0
2023-07-14 14:00:00+00:00,112.17,112.43,105.41,107.06,7663531.0,108.62,37060.0
2023-07-14 15:00:00+00:00,107.11,108.58,104.7,106.1,3862789.0,106.715,18308.0
2023-07-14 16:00:00+00:00,106.17,107.77,105.02,105.69,2655740.0,106.601,11585.0
2023-07-14 17:00:00+00:00,105.7,105.88,103.85,104.05,2524087.0,104.644,10877.0
2023-07-14 18:00:00+00:00,104.12,104.96,101.45,102.79,2892667.0,102.878,12840.0
2023-07-14 19:00:00+00:00,102.78,105.87,101.22,105.31,4658758.0,104.056,20898.0
2023-07-17 13:30:00+00:00,104.57,108.2,103.5,106.13,2962525.0,105.902,12328.0
2023-07-17 14:00:00+00:00,106.07,109.48,104.6,105.2,4275909.0,106.703,18311.0
2023-07-17 15:00:00+00:00,105.27,106.81,104.48,106.39,1799472.0,105.604,7096.0
2023-07-17 16:00:00+00:00,106.43,108.32,105.81,107.04,1457338.0,106.97,5937.0
2023-07-17 17:00:00+00:00,107.05,107.39,105.6,106.53,1367493.0,106.268,5165.0
2023-07-17 18:00:00+00:00,106.49,106.74,103.87,104.83,1731035.0,104.899,6365.0
2023-07-17 19:00:00+00:00,104.78,105.71,104.52,105.58,1657804.0,105.213,7586.0
2023-07-18 13:30:00+00:00,104.33,105.92,103.89,105.78,1691797.0,105.023,7444.0
2023-07-18 14:00:00+00:00,105.82,109.85,105.75,107.43,4403711.0,108.02,19671.0
2023-07-18 15:00:00+00:00,107.44,108.07,105.52,106.73,1216611.0,106.679,5232.0
2023-07-18 16:00:00+00:00,106.79,107.71,104.11,104.42,1519234.0,105.795,6874.0
2023-07-18 17:00:00+00:00,104.49,104.59,101.9,103.16,2117603.0,103.055,9860.0
2023-07-18 18:00:00+00:00,103.13,104.71,103.0,104.51,1007768.0,104.049,4163.0
2023-07-18 19:00:00+00:00,104.52,105.5,104.1,104.52,1848164.0,104.737,8979.0
2023-07-19 13:30:00+00:00,107.31,111.07,105.76,108.01,2872452.0,108.688,12666.0
2023-07-19 14:00:00+00:00,108.05,108.98,105.1,106.68,2632524.0,106.534,11640.0
2023-07-19 15:00:00+00:00,106.55,108.85,106.4,108.42,1582582.0,107.876,6310.0
2023-07-19 16:00:00+00:00,108.5,108.75,105.08,106.22,1538915.0,106.717,6007.0
2023-07-19 17:00:00+00:00,106.22,107.76,105.84,107.06,809125.0,106.953,3609.0
2023-07-19 18:00:00+00:00,107.06,107.92,105.92,107.92,869553.0,106.867,4008.0
2023-07-19 19:00:00+00:00,107.91,110.26,107.76,110.18,2045998.0,109.202,9611.0
2023-07-20 13:30:00+00:00,109.26,111.88,106.66,107.48,2202541.0,108.713,8876.0
2023-07-20 14:00:00+00:00,107.41,108.51,103.5,104.83,2567884.0,105.486,11749.0
2023-07-20 15:00:00+00:00,104.84,106.82,104.35,106.25,1292538.0,105.819,5799.0
2023-07-20 16:00:00+00:00,106.28,106.89,105.22,105.38,882071.0,106.062,3759.0
2023-07-20 17:00:00+00:00,105.34,105.4,102.83,104.29,1147555.0,104.132,5180.0
2023-07-20 18:00:00+00:00,104.27,104.31,100.79,100.81,1321064.0,102.458,5306.0
2023-07-20 19:00:00+00:00,100.78,101.89,100.37,101.31,1891072.0,101.214,9701.0
2023-07-21 13:30:00+00:00,102.51,104.34,98.71,99.07,2099727.0,101.31,8502.0
2023-07-21 14:00:00+00:00,99.09,102.16,98.9,101.36,1892373.0,100.38,9394.0
2023-07-21 15:00:00+00:00,101.25,102.83,101.21,101.81,947660.0,102.094,4320.0
2023-07-21 16:00:00+00:00,101.79,102.03,100.5,101.0,616908.0,101.202,2664.0
2023-07-21 17:00:00+00:00,101.0,102.13,100.66,102.03,570749.0,101.347,2712.0
2023-07-21 18:00:00+00:00,101.96,102.32,101.17,101.2,659388.0,101.72,2885.0
2023-07-21 19:00:00+00:00,101.2,101.26,99.74,100.85,1241779.0,100.527,6235.0
2023-07-24 13:30:00+00:00,99.23,100.39,95.7,96.06,2369072.0,98.088,10245.0
2023-07-24 14:00:00+00:00,96.05,98.2,96.04,97.17,1289573.0,97.156,5970.0
2023-07-24 15:00:00+00:00,97.16,98.4,96.7,97.42,847264.0,97.554,4054.0
2023-07-24 16:00:00+00:00,97.42,99.76,97.3,98.96,838358.0,98.789,3937.0
2023-07-24 17:00:00+00:00,98.92,100.37,98.53,99.77,654821.0,99.551,2738.0
2023-07-24 18:00:00+00:00,99.76,100.35,99.31,99.94,505852.0,99.853,2236.0
2023-07-24 19:00:00+00:00,99.94,100.01,98.58,98.86,886614.0,99.085,5338.0
2023-07-25 13:30:00+00:00,99.34,102.15,99.33,101.27,1286783.0,100.926,5537.0
2023-07-25 14:00:00+00:00,101.28,102.59,99.92,99.96,1025047.0,101.29,4582.0
2023-07-25 15:00:00+00:00,99.9,102.05,99.63,101.22,789933.0,100.882,3728.0
2023-07-25 16:00:00+00:00,101.23,101.54,100.22,100.4,428072.0,100.865,1984.0
2023-07-25 17:00:00+00:00,100.42,100.94,100.04,100.43,435346.0,100.475,1952.0
2023-07-25 18:00:00+00:00,100.42,100.54,99.29,99.33,523196.0,100.041,2276.0
2023-07-25 19:00:00+00:00,99.35,99.57,97.63,97.75,1023308.0,98.484,5268.0
2023-07-26 13:30:00+00:00,97.37,100.44,97.27,99.9,908011.0,99.077,3242.0
2023-07-26 14:00:00+00:00,99.9,100.7,98.34,98.51,873915.0,99.651,3871.0
2023-07-26 15:00:00+00:00,98.49,99.69,98.41,99.45,430010.0,99.024,1853.0
2023-07-26 16:00:00+00:00,99.5,99.57,98.74,99.52,298182.0,99.152,1426.0
2023-07-26 17:00:00+00:00,99.47,100.05,98.86,98.94,381077.0,99.553,1548.0
2023-07-26 18:00:00+00:00,98.8,101.32,98.53,100.42,1000875.0,100.264,4128.0
2023-07-26 19:00:00+00:00,100.5,100.84,99.09,99.76,909235.0,99.975,4587.0
2023-07-27 13:30:00+00:00,102.59,102.73,99.3,99.78,1019361.0,100.856,4697.0
2023-07-27 14:00:00+00:00,99.75,99.97,96.04,97.24,2098652.0,97.476,10752.0
2023-07-27 15:00:00+00:00,97.26,97.45,96.17,96.19,795083.0,96.761,4158.0
2023-07-27 16:00:00+00:00,96.22,97.43,95.91,96.55,600989.0,96.701,2713.0
2023-07-27 17:00:00+00:00,96.65,96.91,93.97,94.2,1416421.0,95.128,6087.0
2023-07-27 18:00:00+00:00,94.16,94.2,92.05,92.35,1668757.0,92.991,7110.0
2023-07-27 19:00:00+00:00,92.32,93.41,91.8,92.69,1638536.0,92.716,8015.0
2023-07-28 13:30:00+00:00,94.78,96.38,93.55,94.9,1286905.0,95.084,5274.0
2023-07-28 14:00:00+00:00,94.98,96.78,94.84,95.85,1097600.0,95.913,5005.0
2023-07-28 15:00:00+00:00,95.85,96.92,95.57,96.45,720280.0,96.397,3256.0
2023-07-28 16:00:00+00:00,96.49,96.68,95.76,96.04,499042.0,96.239,2452.0
2023-07-28 17:00:00+00:00,96.05,96.3,94.94,95.5,460670.0,95.559,1992.0
2023-07-28 18:00:00+00:00,95.57,95.66,94.72,95.45,369183.0,95.203,1771.0
2023-07-28 19:00:00+00:00,95.44,95.6,94.56,94.75,688828.0,94.962,3965.0
2023-07-31 13:30:00+00:00,94.75,98.2,94.59,96.61,1359298.0,96.762,5529.0
2023-07-31 14:00:00+00:00,96.74,100.2,96.47,98.93,1589928.0,98.484,6732.0
2023-07-31 15:00:00+00:00,98.96,99.09,97.75,98.08,596633.0,98.366,3004.0
2023-07-31 16:00:00+00:00,98.15,99.47,97.98,97.99,591261.0,98.764,2720.0
2023-07-31 17:00:00+00:00,97.99,98.14,97.21,97.69,505600.0,97.708,1975.0
2023-07-31 18:00:00+00:00,97.73,97.96,96.87,97.25,349983.0,97.364,1768.0
2023-07-31 19:00:00+00:00,97.33,98.74,96.82,98.63,971804.0,97.889,5990.0
2023-08-01 13:30:00+00:00,95.88,95.95,91.19,91.48,2087443.0,92.601,9316.0
2023-08-01 14:00:00+00:00,91.51,91.89,89.23,90.65,2853199.0,90.424,11392.0
2023-08-01 15:00:00+00:00,90.7,92.58,90.41,92.45,1142675.0,91.541,4718.0
2023-08-01 16:00:00+00:00,92.42,93.25,91.59,93.1,733683.0,92.369,3432.0
2023-08-01 17:00:00+00:00,93.15,93.62,92.72,93.09,448326.0,93.201,1948.0
2023-08-01 18:00:00+00:00,93.11,94.4,92.53,94.39,586712.0,93.67,2821.0
2023-08-01 19:00:00+00:00,94.41,94.76,93.84,94.21,871857.0,94.287,4703.0
2023-08-02 13:30:00+00:00,91.45,95.42,91.08,93.06,1385239.0,93.343,5280.0
2023-08-02 14:00:00+00:00,93.09,93.24,90.16,90.22,1273497.0,91.839,5041.0
2023-08-02 15:00:00+00:00,90.21,90.78,88.81,89.89,1401700.0,89.823,5956.0
2023-08-02 16:00:00+00:00,89.9,90.78,88.05,90.25,1617150.0,89.349,7565.0
2023-08-02 17:00:00+00:00,90.3,91.31,89.9,90.37,823109.0,90.648,3451.0
2023-08-02 18:00:00+00:00,90.42,91.25,89.99,90.99,491087.0,90.662,2353.0
2023-08-02 19:00:00+00:00,91.04,91.37,90.1,90.4,1065271.0,90.509,4796.0
2023-08-03 13:30:00+00:00,89.0,91.16,88.46,90.43,934063.0,89.983,3705.0
2023-08-03 14:00:00+00:00,90.39,93.0,90.32,92.62,1062328.0,91.741,5663.0
2023-08-03 15:00:00+00:00,92.69,92.9,90.73,90.86,632042.0,91.559,2791.0
2023-08-03 16:00:00+00:00,90.84,92.35,90.56,92.27,461167.0,91.649,2222.0
2023-08-03 17:00:00+00:00,92.34,93.44,91.37,91.69,814178.0,92.371,3791.0
2023-08-03 18:00:00+00:00,91.71,92.11,91.46,91.81,530177.0,91.85,3595.0
2023-08-03 19:00:00+00:00,91.8,91.84,90.69,90.75,1179850.0,91.205,7586.0
2023-08-04 13:30:00+00:00,89.0,94.29,86.9,91.75,2892459.0,91.436,13462.0
2023-08-04 14:00:00+00:00,91.65,91.92,88.66,90.67,1842143.0,90.158,8634.0
2023-08-04 15:00:00+00:00,90.73,90.98,88.33,89.35,1072458.0,89.262,5373.0
2023-08-04 16:00:00+00:00,89.35,90.53,89.0,90.03,530533.0,89.801,2617.0
2023-08-04 17:00:00+00:00,90.04,91.24,89.36,89.41,724835.0,90.206,3241.0
2023-08-04 18:00:00+00:00,89.36,89.54,87.82,88.33,986496.0,88.665,4286.0
2023-08-04 19:00:00+00:00,88.3,88.69,86.7,87.31,1665773.0,87.397,8851.0
2023-08-07 13:30:00+00:00,87.2,87.3,84.45,84.81,1631082.0,85.662,6515.0
2023-08-07 14:00:00+00:00,84.86,86.38,84.25,85.23,1265388.0,85.262,5374.0
2023-08-07 15:00:00+00:00,85.19,85.3,82.09,83.82,1781187.0,83.552,7074.0
2023-08-07 16:00:00+00:00,83.78,85.36,83.52,85.29,791651.0,84.325,3113.0
2023-08-07 17:00:00+00:00,85.23,85.38,84.44,85.05,479261.0,84.921,1915.0
2023-08-07 18:00:00+00:00,85.04,87.07,84.9,86.3,789451.0,86.176,3598.0
2023-08-07 19:00:00+00:00,86.24,86.75,85.67,85.92,800949.0,86.151,4579.0
2023-08-08 13:30:00+00:00,87.04,87.84,84.55,87.04,1295032.0,86.189,5229.0
2023-08-08 14:00:00+00:00,87.0,88.15,85.7,85.88,1643059.0,86.907,7457.0
2023-08-08 15:00:00+00:00,85.85,87.04,85.76,86.86,539666.0,86.478,2582.0
2023-08-08 16:00:00+00:00,86.82,88.33,86.56,87.54,832581.0,87.662,3798.0
2023-08-08 17:00:00+00:00,87.46,88.28,86.67,88.18,623210.0,87.519,2966.0
2023-08-08 18:00:00+00:00,88.15,88.66,87.59,88.19,656826.0,88.268,2912.0
2023-08-08 19:00:00+00:00,88.2,88.99,87.76,88.06,1035502.0,88.234,5123.0
2023-08-09 13:30:00+00:00,88.62,88.9,87.0,88.21,877799.0,87.738,3147.0
2023-08-09 14:00:00+00:00,88.24,88.65,85.6,85.73,1303668.0,86.643,5019.0
2023-08-09 15:00:00+00:00,85.78,86.26,84.62,85.09,1048724.0,85.163,4186.0
2023-08-09 16:00:00+00:00,85.09,86.15,84.81,84.84,587529.0,85.608,2639.0
2023-08-09 17:00:00+00:00,84.81,86.0,84.76,85.61,399614.0,85.454,1878.0
2023-08-09 18:00:00+00:00,85.55,85.87,84.58,85.55,571167.0,85.255,2486.0
2023-08-09 19:00:00+00:00,85.58,85.7,84.08,84.34,798404.0,84.891,4414.0
2023-08-10 13:30:00+00:00,85.0,88.31,84.17,88.3,1019397.0,86.524,3955.0
2023-08-10 14:00:00+00:00,88.27,88.49,84.9,85.65,1381463.0,86.803,6418.0
2023-08-10 15:00:00+00:00,85.61,85.73,84.19,84.4,806892.0,85.023,3211.0
2023-08-10 16:00:00+00:00,84.38,84.73,83.73,83.91,503051.0,84.316,2033.0
2023-08-10 17:00:00+00:00,83.9,84.15,82.51,82.66,612936.0,83.276,2555.0
2023-08-10 18:00:00+00:00,82.74,83.93,82.65,83.91,578910.0,83.281,2843.0
2023-08-10 19:00:00+00:00,83.92,84.19,82.9,83.36,786349.0,83.384,4318.0
2023-08-11 13:30:00+00:00,82.0,82.11,80.47,81.33,997650.0,81.385,3922.0
2023-08-11 14:00:00+00:00,81.4,83.48,81.4,82.35,904373.0,82.495,4231.0
2023-08-11 15:00:00+00:00,82.46,82.68,81.37,81.95,392110.0,81.966,1558.0
2023-08-11 16:00:00+00:00,82.01,82.4,81.3,81.56,316404.0,81.76,1284.0
2023-08-11 17:00:00+00:00,81.57,81.78,81.07,81.38,331691.0,81.367,1236.0
2023-08-11 18:00:00+00:00,81.39,81.93,81.2,81.47,347477.0,81.578,1474.0
2023-08-11 19:00:00+00:00,81.47,81.48,80.6,80.99,914740.0,81.0,5004.0
2023-08-14 13:30:00+00:00,80.04,80.58,78.91,80.01,1055864.0,79.684,3793.0
2023-08-14 14:00:00+00:00,79.95,81.35,79.3,80.53,1051508.0,80.65,4198.0
2023-08-14 15:00:00+00:00,80.55,81.75,80.01,81.19,641975.0,81.071,2768.0
2023-08-14 16:00:00+00:00,81.18,81.99,81.02,81.53,364287.0,81.621,1828.0
2023-08-14 17:00:00+00:00,81.5,81.75,80.7,81.06,347644.0,81.117,1562.0
2023-08-14 18:00:00+00:00,81.05,81.1,80.29,80.4,367923.0,80.735,1178.0
2023-08-14 19:00:00+00:00,80.36,80.89,80.33,80.81,531859.0,80.654,2701.0
2023-08-15 13:30:00+00:00,81.15,83.1,79.8,81.03,1392089.0,81.476,6723.0
2023-08-15 14:00:00+00:00,81.04,82.48,80.3,82.14,1239897.0,81.277,5632.0
2023-08-15 15:00:00+00:00,82.17,82.18,80.04,80.3,625953.0,80.864,2735.0
2023-08-15 16:00:00+00:00,80.26,80.72,79.8,80.38,405416.0,80.218,1580.0
2023-08-15 17:00:00+00:00,80.39,80.64,79.9,80.04,212626.0,80.289,963.0
2023-08-15 18:00:00+00:00,80.06,80.46,79.68,80.45,386496.0,80.011,1411.0
2023-08-15 19:00:00+00:00,80.47,80.47,79.11,79.15,1231188.0,79.463,5842.0
2023-08-16 13:30:00+00:00,82.55,82.85,80.37,81.44,1714336.0,81.55,7437.0
2023-08-16 14:00:00+00:00,81.53,81.74,79.63,80.09,1308018.0,80.654,5593.0
2023-08-16 15:00:00+00:00,80.05,80.33,78.32,78.61,1095894.0,79.385,4965.0
2023-08-16 16:00:00+00:00,78.55,78.88,77.8,78.78,798463.0,78.254,3337.0
2023-08-16 17:00:00+00:00,78.8,79.57,78.4,79.48,538925.0,79.062,2079.0
2023-08-16 18:00:00+00:00,79.43,80.28,78.58,79.58,731792.0,79.629,2989.0
2023-08-16 19:00:00+00:00,79.57,79.71,78.84,79.0,877270.0,79.26,4216.0
2023-08-17 13:30:00+00:00,78.55,78.56,76.92,77.31,848326.0,77.682,3307.0
2023-08-17 14:00:00+00:00,77.31,78.56,77.22,78.4,789185.0,77.712,3635.0
2023-08-17 15:00:00+00:00,78.38,79.19,76.57,76.79,1064026.0,77.627,5617.0
2023-08-17 16:00:00+00:00,76.78,77.55,75.71,77.55,1164702.0,76.526,5203.0
2023-08-17 17:00:00+00:00,77.56,77.96,76.36,76.64,532267.0,76.912,2198.0
2023-08-17 18:00:00+00:00,76.6,76.85,75.78,75.84,499294.0,76.192,2288.0
2023-08-17 19:00:00+00:00,75.84,77.89,75.4,75.56,1604093.0,76.184,8464.0
2023-08-18 13:30:00+00:00,72.36,75.25,72.25,73.4,1626219.0,73.699,7112.0
2023-08-18 14:00:00+00:00,73.36,75.01,72.55,73.62,1520843.0,73.665,7220.0
2023-08-18 15:00:00+00:00,73.65,74.86,73.3,73.94,681278.0,74.045,3608.0
2023-08-18 16:00:00+00:00,74.0,74.42,73.26,73.32,652678.0,73.918,3007.0
2023-08-18 17:00:00+00:00,73.32,73.97,72.75,73.56,571804.0,73.268,2541.0
2023-08-18 18:00:00+00:00,73.55,75.1,73.35,74.09,836165.0,74.251,3894.0
2023-08-18 19:00:00+00:00,74.11,74.12,73.09,73.21,1232520.0,73.632,6530.0
2023-08-21 13:30:00+00:00,73.25,74.29,72.3,74.29,859926.0,73.375,3431.0
2023-08-21 14:00:00+00:00,74.26,74.49,72.39,72.9,1161293.0,73.225,5075.0
2023-08-21 15:00:00+00:00,72.93,73.06,72.1,72.35,443209.0,72.504,2102.0
2023-08-21 16:00:00+00:00,72.3,72.96,72.29,72.95,293734.0,72.608,1602.0
2023-08-21 17:00:00+00:00,72.96,75.71,72.61,74.31,1493012.0,74.482,6857.0
2023-08-21 18:00:00+00:00,74.31,75.56,74.23,75.46,549553.0,74.932,2600.0
2023-08-21 19:00:00+00:00,75.42,76.03,75.06,75.3,886027.0,75.455,4860.0
2023-08-22 13:30:00+00:00,76.74,77.46,74.09,74.35,873179.0,75.548,3827.0
2023-08-22 14:00:00+00:00,74.31,75.56,74.04,75.34,956946.0,74.635,4395.0
2023-08-22 15:00:00+00:00,75.36,75.5,74.18,74.35,570613.0,74.903,2564.0
2023-08-22 16:00:00+00:00,74.32,76.42,74.02,76.07,673997.0,75.194,3130.0
2023-08-22 17:00:00+00:00,76.06,76.25,74.67,75.16,581722.0,75.387,2461.0
2023-08-22 18:00:00+00:00,75.16,75.95,74.96,75.93,296049.0,75.478,1418.0
2023-08-22 19:00:00+00:00,75.9,76.34,74.84,74.9,757497.0,75.377,4130.0
2023-08-23 13:30:00+00:00,74.45,76.36,74.07,76.14,631942.0,75.108,2452.0
2023-08-23 14:00:00+00:00,76.19,76.97,75.69,76.07,844590.0,76.423,4335.0
2023-08-23 15:00:00+00:00,76.09,77.36,75.85,76.92,589716.0,76.626,2867.0
2023-08-23 16:00:00+00:00,76.93,77.7,76.56,77.27,743791.0,77.168,3141.0
2023-08-23 17:00:00+00:00,77.28,78.12,76.93,77.53,634545.0,77.702,2924.0
2023-08-23 18:00:00+00:00,77.54,77.72,77.08,77.62,368315.0,77.397,2092.0
2023-08-23 19:00:00+00:00,77.61,78.17,76.94,77.76,864679.0,77.767,4821.0
2023-08-24 13:30:00+00:00,77.73,78.04,75.33,75.98,794999.0,76.255,2991.0
2023-08-24 14:00:00+00:00,76.05,76.54,74.54,74.6,734963.0,75.281,3704.0
2023-08-24 15:00:00+00:00,74.64,74.65,73.38,73.64,693323.0,73.987,2924.0
2023-08-24 16:00:00+00:00,73.7,74.89,73.61,74.6,375243.0,74.347,1859.0
2023-08-24 17:00:00+00:00,74.67,75.03,74.15,74.65,288014.0,74.636,1661.0
2023-08-24 18:00:00+00:00,74.7,74.86,74.32,74.47,179494.0,74.61,1119.0
2023-08-24 19:00:00+00:00,74.45,74.75,73.51,73.65,874460.0,73.951,4895.0
2023-08-25 13:30:00+00:00,74.32,75.59,73.58,74.33,568803.0,74.589,2194.0
2023-08-25 14:00:00+00:00,74.31,75.35,72.41,72.55,1100044.0,73.726,5285.0
2023-08-25 15:00:00+00:00,72.57,74.38,72.41,73.58,593449.0,73.439,2975.0
2023-08-25 16:00:00+00:00,73.51,74.6,73.5,74.28,296578.0,74.158,1269.0
2023-08-25 17:00:00+00:00,74.25,74.36,73.54,73.91,165377.0,73.868,836.0
2023-08-25 18:00:00+00:00,73.88,75.06,73.86,75.02,251781.0,74.634,1393.0
2023-08-25 19:00:00+00:00,75.03,75.18,73.97,74.27,481535.0,74.398,2963.0
2023-08-28 13:30:00+00:00,74.57,74.71,73.41,73.97,562609.0,74.087,2174.0
2023-08-28 14:00:00+00:00,74.03,74.38,73.24,73.9,436028.0,73.903,2419.0
2023-08-28 15:00:00+00:00,73.86,74.08,73.13,73.26,334459.0,73.607,1787.0
2023-08-28 16:00:00+00:00,73.24,73.98,73.18,73.67,289103.0,73.57,1376.0
2023-08-28 17:00:00+00:00,73.65,73.99,73.18,73.37,218628.0,73.606,1206.0
2023-08-28 18:00:00+00:00,73.36,73.73,73.1,73.7,192391.0,73.363,1050.0
2023-08-28 19:00:00+00:00,73.71,73.84,73.05,73.71,550265.0,73.532,3296.0
2023-08-29 13:30:00+00:00,73.5,75.66,73.17,75.55,684908.0,74.827,2887.0
2023-08-29 14:00:00+00:00,75.65,86.26,75.64,85.36,8378438.0,82.332,40706.0
2023-08-29 15:00:00+00:00,85.3,86.2,82.52,83.21,3222768.0,84.215,14792.0
2023-08-29 16:00:00+00:00,83.2,85.18,83.06,84.19,1967806.0,84.02,8685.0
2023-08-29 17:00:00+00:00,84.19,85.09,83.74,84.83,1141366.0,84.507,5067.0
2023-08-29 18:00:00+00:00,84.81,86.19,84.47,85.55,1321786.0,85.305,5849.0
2023-08-29 19:00:00+00:00,85.55,85.71,84.46,84.7,1480505.0,84.862,9192.0
2023-08-30 13:30:00+00:00,83.56,85.72,82.57,84.41,1619355.0,84.107,7107.0
2023-08-30 14:00:00+00:00,84.45,86.5,83.8,84.36,1808183.0,85.096,8729.0
2023-08-30 15:00:00+00:00,84.36,85.75,83.83,85.12,841076.0,84.934,4097.0
2023-08-30 16:00:00+00:00,85.13,85.59,84.01,84.62,783004.0,84.601,3319.0
2023-08-30 17:00:00+00:00,84.59,84.59,83.7,83.92,540247.0,84.161,2537.0
2023-08-30 18:00:00+00:00,83.88,83.97,83.08,83.71,573212.0,83.593,2439.0
2023-08-30 19:00:00+00:00,83.75,84.34,83.24,83.72,858733.0,83.834,4394.0
2023-08-31 13:30:00+00:00,84.44,84.57,82.35,83.25,833999.0,83.194,3392.0
2023-08-31 14:00:00+00:00,83.24,83.68,81.86,82.36,1050739.0,82.527,4743.0
2023-08-31 15:00:00+00:00,82.3,82.97,81.36,81.75,704744.0,82.069,3416.0
2023-08-31 16:00:00+00:00,81.73,81.79,79.18,79.25,1078411.0,80.361,4618.0
2023-08-31 17:00:00+00:00,79.25,80.29,78.9,79.55,682747.0,79.607,3389.0
2023-08-31 18:00:00+00:00,79.59,80.28,79.13,79.42,506402.0,79.665,2398.0
2023-08-31 19:00:00+00:00,79.41,80.22,78.94,79.6,1159758.0,79.68,6889.0
2023-09-01 13:30:00+00:00,80.0,80.35,78.07,78.91,760201.0,78.974,3308.0
2023-09-01 14:00:00+00:00,78.85,79.79,77.79,77.98,692341.0,78.754,3270.0
2023-09-01 15:00:00+00:00,77.91,78.97,77.8,77.97,465288.0,78.467,2191.0
2023-09-01 16:00:00+00:00,77.98,79.04,77.57,78.66,412101.0,78.261,1918.0
2023-09-01 17:00:00+00:00,78.66,78.85,77.43,77.92,1170450.0,77.881,3172.0
2023-09-01 18:00:00+00:00,77.9,78.14,77.15,77.62,423051.0,77.601,2175.0
2023-09-01 19:00:00+00:00,77.66,78.38,77.51,77.99,884911.0,77.901,5200.0
2023-09-05 13:30:00+00:00,78.0,78.21,76.28,77.55,613361.0,77.326,3100.0
2023-09-05 14:00:00+00:00,77.55,79.29,77.14,77.5,922771.0,78.08,5262.0
2023-09-05 15:00:00+00:00,77.44,78.05,76.88,77.17,397366.0,77.32,2402.0
2023-09-05 16:00:00+00:00,77.19,77.89,77.14,77.2,367971.0,77.488,2269.0
2023-09-05 17:00:00+00:00,77.16,77.68,76.96,77.23,341904.0,77.297,1979.0
2023-09-05 18:00:00+00:00,77.25,77.62,77.09,77.37,352660.0,77.331,2000.0
2023-09-05 19:00:00+00:00,77.43,77.74,76.98,77.52,542850.0,77.447,3119.0
2023-09-06 13:30:00+00:00,77.25,79.75,77.25,79.66,990005.0,78.735,3760.0
2023-09-06 14:00:00+00:00,79.58,79.59,76.75,78.48,1094319.0,77.722,5052.0
2023-09-06 15:00:00+00:00,78.43,79.97,77.25,77.84,809729.0,78.351,3690.0
2023-09-06 16:00:00+00:00,77.87,78.27,77.25,77.42,306444.0,77.682,1509.0
2023-09-06 17:00:00+00:00,77.41,79.6,76.91,79.41,546777.0,78.34,2702.0
2023-09-06 18:00:00+00:00,79.49,79.8,78.57,78.67,675912.0,79.194,2720.0
2023-09-06 19:00:00+00:00,78.64,78.85,77.94,78.06,524356.0,78.325,2705.0
2023-09-07 13:30:00+00:00,76.35,77.13,75.45,76.17,642866.0,76.135,2405.0
2023-09-07 14:00:00+00:00,76.15,79.05,75.8,78.72,894993.0,77.58,3672.0
2023-09-07 15:00:00+00:00,78.75,79.33,78.3,78.42,386552.0,78.767,1894.0
2023-09-07 16:00:00+00:00,78.42,80.86,78.42,80.1,723981.0,80.01,3297.0
2023-09-07 17:00:00+00:00,80.13,81.33,79.73,81.21,499780.0,80.651,2348.0
2023-09-07 18:00:00+00:00,81.17,81.81,80.82,81.59,576341.0,81.378,2829.0
2023-09-07 19:00:00+00:00,81.59,82.07,81.03,81.88,775360.0,81.655,4614.0
2023-09-08 13:30:00+00:00,81.64,82.69,80.35,80.77,887863.0,81.3,4070.0
2023-09-08 14:00:00+00:00,80.77,82.5,80.51,80.59,887014.0,81.603,4109.0
2023-09-08 15:00:00+00:00,80.61,81.85,80.43,81.53,606287.0,81.22,2711.0
2023-09-08 16:00:00+00:00,81.54,82.44,80.97,81.61,579404.0,81.675,2350.0
2023-09-08 17:00:00+00:00,81.63,82.02,81.19,81.83,203278.0,81.695,1088.0
2023-09-08 18:00:00+00:00,81.82,82.09,81.26,81.61,255950.0,81.67,1345.0
2023-09-08 19:00:00+00:00,81.62,82.25,81.08,82.03,586606.0,81.729,3557.0
2023-09-11 13:30:00+00:00,82.13,83.2,78.71,79.05,844022.0,81.032,3671.0
2023-09-11 14:00:00+00:00,79.03,80.25,77.79,80.03,1582060.0,79.048,8418.0
2023-09-11 15:00:00+00:00,79.95,80.77,78.71,79.16,851475.0,79.765,4458.0
2023-09-11 16:00:00+00:00,79.15,79.78,79.05,79.65,362107.0,79.462,2073.0
2023-09-11 17:00:00+00:00,79.58,80.92,79.3,80.9,371841.0,80.124,2103.0
2023-09-11 18:00:00+00:00,80.91,81.55,80.54,81.5,373573.0,81.124,1670.0
2023-09-11 19:00:00+00:00,81.49,81.67,80.34,80.61,796094.0,80.946,4405.0
2023-09-12 13:30:00+00:00,82.02,85.64,81.8,85.2,2041182.0,83.926,9344.0
2023-09-12 14:00:00+00:00,85.32,86.36,82.08,82.42,2256620.0,84.291,10935.0
2023-09-12 15:00:00+00:00,82.41,82.92,80.89,82.48,1140090.0,81.953,5358.0
2023-09-12 16:00:00+00:00,82.46,83.78,81.87,81.95,771130.0,82.843,3128.0
2023-09-12 17:00:00+00:00,81.92,82.38,81.27,81.28,436223.0,81.906,1868.0
2023-09-12 18:00:00+00:00,81.3,81.92,80.54,80.84,549794.0,81.224,2505.0
2023-09-12 19:00:00+00:00,80.8,81.55,80.72,81.34,829139.0,81.148,4015.0
2023-09-13 13:30:00+00:00,81.89,82.94,80.66,81.27,838149.0,81.88,3287.0
2023-09-13 14:00:00+00:00,81.3,83.15,80.51,82.15,1035600.0,82.105,4582.0
2023-09-13 15:00:00+00:00,82.15,82.75,81.68,82.16,566260.0,82.27,2573.0
2023-09-13 16:00:00+00:00,82.12,82.6,81.59,81.94,254905.0,82.121,1286.0
2023-09-13 17:00:00+00:00,81.99,82.2,80.88,80.95,340093.0,81.589,1448.0
2023-09-13 18:00:00+00:00,80.9,80.94,79.61,79.81,595253.0,80.156,2973.0
2023-09-13 19:00:00+00:00,79.76,80.66,79.66,79.83,648211.0,80.073,3695.0
2023-09-14 13:30:00+00:00,81.67,83.23,81.26,82.41,1225484.0,82.227,5903.0
2023-09-14 14:00:00+00:00,82.47,83.83,81.54,83.6,1238417.0,82.952,5588.0
2023-09-14 15:00:00+00:00,83.62,84.1,82.95,83.21,679689.0,83.563,3304.0
2023-09-14 16:00:00+00:00,83.19,83.69,82.21,82.74,362184.0,82.844,1471.0
2023-09-14 17:00:00+00:00,82.75,83.25,82.45,83.04,260438.0,82.851,1001.0
2023-09-14 18:00:00+00:00,83.0,83.7,82.73,83.15,516293.0,83.197,1949.0
2023-09-14 19:00:00+00:00,83.14,83.65,82.5,83.29,760409.0,83.164,4084.0
2023-09-15 13:30:00+00:00,82.74,83.32,80.69,81.08,671255.0,81.871,3175.0
2023-09-15 14:00:00+00:00,81.06,82.26,79.95,80.56,1138539.0,81.137,5403.0
2023-09-15 15:00:00+00:00,80.55,80.99,80.08,80.14,406591.0,80.587,2115.0
2023-09-15 16:00:00+00:00,80.17,81.58,80.15,81.58,249343.0,80.864,1217.0
2023-09-15 17:00:00+00:00,81.54,81.6,80.16,81.03,310979.0,80.784,1375.0
2023-09-15 18:00:00+00:00,81.03,81.64,80.79,81.35,313613.0,81.223,1624.0
2023-09-15 19:00:00+00:00,81.34,82.21,81.14,82.17,896929.0,81.848,5458.0
2023-09-18 13:30:00+00:00,83.8,84.35,81.22,82.59,1368021.0,82.963,5573.0
2023-09-18 14:00:00+00:00,82.56,83.09,81.22,82.02,972011.0,82.137,4430.0
2023-09-18 15:00:00+00:00,82.12,83.55,81.95,82.83,552790.0,82.962,2461.0
2023-09-18 16:00:00+00:00,82.84,83.14,82.36,82.93,224369.0,82.791,1014.0
2023-09-18 17:00:00+00:00,83.0,83.15,81.68,82.48,397536.0,82.382,1615.0
2023-09-18 18:00:00+00:00,82.54,82.78,81.86,82.08,346999.0,82.415,1445.0
2023-09-18 19:00:00+00:00,82.04,82.51,81.53,81.53,667564.0,81.875,3569.0
2023-09-19 13:30:00+00:00,82.15,82.4,78.71,78.8,1123694.0,80.389,4413.0
2023-09-19 14:00:00+00:00,78.84,79.39,77.77,79.17,1193706.0,78.607,5494.0
2023-09-19 15:00:00+00:00,79.28,80.67,79.16,80.19,853491.0,79.837,3863.0
2023-09-19 16:00:00+00:00,80.19,80.46,79.63,80.29,334374.0,80.05,1852.0
2023-09-19 17:00:00+00:00,80.3,81.08,80.14,80.72,372407.0,80.716,1939.0
2023-09-19 18:00:00+00:00,80.74,80.79,79.14,79.18,669917.0,79.999,2277.0
2023-09-19 19:00:00+00:00,79.15,79.46,78.08,78.15,1040523.0,78.665,5451.0
2023-09-20 13:30:00+00:00,78.62,80.59,77.4,80.29,807874.0,79.304,3519.0
2023-09-20 14:00:00+00:00,80.34,80.4,79.03,79.23,553015.0,79.584,2366.0
2023-09-20 15:00:00+00:00,79.22,79.63,78.84,79.6,270467.0,79.138,1145.0
2023-09-20 16:00:00+00:00,79.59,79.94,79.4,79.55,210798.0,79.674,1009.0
2023-09-20 17:00:00+00:00,79.6,80.1,79.33,79.61,190453.0,79.738,913.0
2023-09-20 18:00:00+00:00,79.53,80.14,78.67,79.01,508076.0,79.493,2005.0
2023-09-20 19:00:00+00:00,78.91,79.24,76.56,76.63,1260433.0,77.463,5685.0
2023-09-21 13:30:00+00:00,74.42,74.76,72.86,73.51,1260348.0,73.734,6119.0
2023-09-21 14:00:00+00:00,73.58,74.48,73.18,73.98,748535.0,73.862,3692.0
2023-09-21 15:00:00+00:00,73.99,74.84,73.55,74.73,506855.0,74.192,2844.0
2023-09-21 16:00:00+00:00,74.71,74.74,73.7,74.34,580191.0,74.05,2234.0
2023-09-21 17:00:00+00:00,74.32,74.85,74.05,74.58,440993.0,74.516,2077.0
2023-09-21 18:00:00+00:00,74.56,75.19,74.44,74.57,429186.0,74.806,2130.0
2023-09-21 19:00:00+00:00,74.56,74.79,74.09,74.4,716950.0,74.412,4230.0
2023-09-22 13:30:00+00:00,75.48,75.95,74.35,74.86,462250.0,75.137,1724.0
2023-09-22 14:00:00+00:00,74.79,75.51,74.24,74.91,439007.0,74.931,2383.0
2023-09-22 15:00:00+00:00,74.91,74.91,73.39,73.42,430226.0,74.0,1984.0
2023-09-22 16:00:00+00:00,73.44,73.5,72.66,72.82,610487.0,73.052,2708.0
2023-09-22 17:00:00+00:00,72.82,73.04,71.67,71.78,465092.0,72.343,2436.0
2023-09-22 18:00:00+00:00,71.82,71.82,70.81,70.96,699391.0,71.219,3701.0
2023-09-22 19:00:00+00:00,70.96,72.08,70.84,70.96,1281770.0,71.331,7748.0
2023-09-25 13:30:00+00:00,69.91,71.67,69.63,71.05,754066.0,70.449,3669.0
2023-09-25 14:00:00+00:00,71.08,71.28,69.81,70.14,603503.0,70.451,3289.0
2023-09-25 15:00:00+00:00,70.15,72.15,70.14,71.49,585992.0,71.491,2859.0
2023-09-25 16:00:00+00:00,71.48,72.29,71.38,71.63,259447.0,71.87,1435.0
2023-09-25 17:00:00+00:00,71.58,72.36,71.53,72.06,286734.0,71.995,1651.0
2023-09-25 18:00:00+00:00,72.03,72.09,71.08,71.14,349254.0,71.409,2066.0
2023-09-25 19:00:00+00:00,71.14,71.77,70.75,71.74,533020.0,71.37,3271.0
2023-09-26 13:30:00+00:00,71.74,72.77,71.2,71.61,442212.0,71.92,2045.0
2023-09-26 14:00:00+00:00,71.6,73.09,71.26,72.37,634426.0,72.169,2708.0
2023-09-26 15:00:00+00:00,72.39,72.55,71.04,71.24,335926.0,71.664,1593.0
2023-09-26 16:00:00+00:00,71.17,71.65,70.96,71.04,280455.0,71.314,1177.0
2023-09-26 17:00:00+00:00,71.03,71.48,69.83,69.99,458659.0,70.427,2467.0
2023-09-26 18:00:00+00:00,70.04,70.48,69.71,70.36,420566.0,70.107,2177.0
2023-09-26 19:00:00+00:00,70.33,70.62,69.87,70.53,750954.0,70.315,5024.0
2023-09-27 13:30:00+00:00,72.8,73.48,71.84,72.31,915241.0,72.805,3987.0
2023-09-27 14:00:00+00:00,72.33,72.37,71.32,71.49,766490.0,71.828,3389.0
2023-09-27 15:00:00+00:00,71.45,72.08,71.32,71.69,343302.0,71.659,1485.0
2023-09-27 16:00:00+00:00,71.63,71.64,70.66,70.67,365086.0,71.14,1834.0
2023-09-27 17:00:00+00:00,70.66,71.05,69.95,70.91,361717.0,70.508,1867.0
2023-09-27 18:00:00+00:00,70.93,71.86,70.35,71.62,382889.0,71.119,2195.0
2023-09-27 19:00:00+00:00,71.63,72.6,71.24,71.55,604269.0,71.759,3493.0
2023-09-28 13:30:00+00:00,72.59,73.55,71.51,73.47,678982.0,72.499,2644.0
2023-09-28 14:00:00+00:00,73.45,74.95,72.33,74.49,1077675.0,73.695,5489.0
2023-09-28 15:00:00+00:00,74.45,75.82,74.15,75.74,732756.0,74.871,4313.0
2023-09-28 16:00:00+00:00,75.8,77.13,75.43,75.91,1252978.0,76.28,6082.0
2023-09-28 17:00:00+00:00,75.92,76.46,75.45,75.78,632125.0,75.977,2906.0
2023-09-28 18:00:00+00:00,75.8,76.1,74.52,74.81,566628.0,75.261,2557.0
2023-09-28 19:00:00+00:00,74.81,75.56,74.62,75.15,796803.0,75.084,4664.0
2023-09-29 13:30:00+00:00,76.8,77.5,76.03,76.63,683347.0,76.886,3228.0
2023-09-29 14:00:00+00:00,76.69,76.99,75.18,76.05,967557.0,76.158,4580.0
2023-09-29 15:00:00+00:00,76.07,76.16,75.06,75.56,521638.0,75.619,2774.0
2023-09-29 16:00:00+00:00,75.62,76.05,74.76,75.41,570064.0,75.393,1982.0
2023-09-29 17:00:00+00:00,75.4,75.4,74.57,74.76,357228.0,74.896,1643.0
2023-09-29 18:00:00+00:00,74.74,75.84,74.62,75.83,271502.0,75.126,1367.0
2023-09-29 19:00:00+00:00,75.83,75.86,74.76,75.06,697481.0,75.153,3954.0
2023-10-02 13:30:00+00:00,78.55,79.95,77.26,77.97,2146906.0,78.652,8468.0
2023-10-02 14:00:00+00:00,77.89,78.68,75.88,76.71,1527961.0,76.866,6897.0
2023-10-02 15:00:00+00:00,76.78,77.54,75.35,75.47,792252.0,76.628,4124.0
2023-10-02 16:00:00+00:00,75.5,76.18,75.07,75.7,633135.0,75.618,3084.0
2023-10-02 17:00:00+00:00,75.63,76.17,75.35,75.95,367252.0,75.804,1710.0
2023-10-02 18:00:00+00:00,75.93,76.46,74.85,75.01,692526.0,75.368,2973.0
2023-10-02 19:00:00+00:00,74.95,75.46,74.4,75.32,890960.0,75.075,4992.0
2023-10-03 13:30:00+00:00,74.34,75.65,73.33,74.96,811603.0,74.342,2900.0
2023-10-03 14:00:00+00:00,74.94,74.94,72.18,72.32,798913.0,73.429,3515.0
2023-10-03 15:00:00+00:00,72.3,73.39,71.95,72.53,645764.0,72.702,3140.0
2023-10-03 16:00:00+00:00,72.51,73.48,72.1,73.39,400737.0,72.763,1801.0
2023-10-03 17:00:00+00:00,73.35,73.89,72.47,72.58,347066.0,73.38,1693.0
2023-10-03 18:00:00+00:00,72.58,72.84,72.03,72.31,311309.0,72.429,1370.0
2023-10-03 19:00:00+00:00,72.33,72.57,71.75,72.45,714065.0,72.235,4168.0
2023-10-04 13:30:00+00:00,73.24,73.72,71.25,71.45,967583.0,72.483,4171.0
2023-10-04 14:00:00+00:00,71.39,72.33,70.41,70.95,936345.0,71.349,4864.0
2023-10-04 15:00:00+00:00,70.94,71.8,70.6,71.68,716635.0,71.151,3774.0
2023-10-04 16:00:00+00:00,71.69,72.06,71.11,71.78,362456.0,71.672,1804.0
2023-10-04 17:00:00+00:00,71.8,72.17,71.2,71.43,398890.0,71.656,1831.0
2023-10-04 18:00:00+00:00,71.42,72.11,71.06,72.07,366814.0,71.503,2267.0
2023-10-04 19:00:00+00:00,72.08,74.11,72.05,73.48,1759834.0,73.307,9174.0
2023-10-05 13:30:00+00:00,73.51,75.48,73.05,73.87,980452.0,73.909,4323.0
2023-10-05 14:00:00+00:00,73.87,74.77,73.11,73.5,818064.0,73.879,3719.0
2023-10-05 15:00:00+00:00,73.44,73.64,72.1,72.55,699112.0,72.659,3160.0
2023-10-05 16:00:00+00:00,72.51,73.52,72.49,73.43,340901.0,73.095,1319.0
2023-10-05 17:00:00+00:00,73.38,74.68,73.08,74.55,372750.0,74.01,1745.0
2023-10-05 18:00:00+00:00,74.55,75.18,74.13,74.97,414932.0,74.706,2085.0
2023-10-05 19:00:00+00:00,74.98,75.3,74.33,74.61,866224.0,74.803,4905.0
2023-10-06 13:30:00+00:00,72.37,73.78,72.31,73.65,671971.0,73.194,2831.0
2023-10-06 14:00:00+00:00,73.69,76.48,73.31,74.91,1216586.0,75.032,6556.0
2023-10-06 15:00:00+00:00,75.04,77.24,74.96,77.08,980179.0,76.371,4839.0
2023-10-06 16:00:00+00:00,77.09,77.68,76.64,77.27,603736.0,77.182,3273.0
2023-10-06 17:00:00+00:00,77.25,78.1,77.1,77.78,478346.0,77.702,2612.0
2023-10-06 18:00:00+00:00,77.78,78.95,77.5,78.86,615882.0,78.3,3384.0
2023-10-06 19:00:00+00:00,78.86,78.95,78.15,78.45,898209.0,78.523,5397.0
2023-10-09 13:30:00+00:00,76.6,79.46,76.5,78.26,800353.0,78.225,4001.0
2023-10-09 14:00:00+00:00,78.23,79.31,77.29,77.79,774833.0,78.381,4371.0
2023-10-09 15:00:00+00:00,77.8,78.55,77.36,78.0,416048.0,77.893,2101.0
2023-10-09 16:00:00+00:00,78.03,78.63,77.77,78.01,374788.0,78.165,1906.0
2023-10-09 17:00:00+00:00,78.04,79.53,77.85,79.44,376927.0,78.844,2022.0
2023-10-09 18:00:00+00:00,79.46,79.86,78.97,79.58,510601.0,79.447,2752.0
2023-10-09 19:00:00+00:00,79.57,80.06,79.01,79.1,759691.0,79.368,4631.0
2023-10-10 13:30:00+00:00,79.0,79.68,77.97,79.09,583326.0,78.748,2595.0
2023-10-10 14:00:00+00:00,79.11,81.45,79.04,81.36,1079985.0,80.632,5680.0
2023-10-10 15:00:00+00:00,81.34,82.07,80.31,80.97,726715.0,81.263,3942.0
2023-10-10 16:00:00+00:00,80.99,81.09,79.74,79.97,337182.0,80.401,1775.0
2023-10-10 17:00:00+00:00,79.95,79.97,78.9,79.22,533702.0,79.37,2803.0
2023-10-10 18:00:00+00:00,79.19,79.86,79.11,79.41,326023.0,79.476,2074.0
2023-10-10 19:00:00+00:00,79.4,79.88,79.35,79.61,518820.0,79.624,3640.0
2023-10-11 13:30:00+00:00,79.26,80.49,78.05,78.23,729437.0,79.211,3724.0
2023-10-11 14:00:00+00:00,78.25,78.91,77.51,78.81,906790.0,78.071,4914.0
2023-10-11 15:00:00+00:00,78.81,79.2,76.13,76.2,861048.0,77.481,4577.0
2023-10-11 16:00:00+00:00,76.2,76.87,75.72,76.16,720353.0,76.336,3926.0
2023-10-11 17:00:00+00:00,76.15,76.42,75.6,76.4,413245.0,76.089,1969.0
2023-10-11 18:00:00+00:00,76.4,77.37,76.29,77.3,376287.0,76.93,1899.0
2023-10-11 19:00:00+00:00,77.3,77.88,77.24,77.38,645325.0,77.538,3596.0
2023-10-12 13:30:00+00:00,77.07,77.19,74.45,75.49,1116042.0,75.451,4861.0
2023-10-12 14:00:00+00:00,75.34,76.6,75.22,76.03,645808.0,75.882,2829.0
2023-10-12 15:00:00+00:00,75.99,76.74,75.47,76.64,463158.0,76.061,1760.0
2023-10-12 16:00:00+00:00,76.73,77.19,76.37,76.46,316054.0,76.855,1389.0
2023-10-12 17:00:00+00:00,76.45,76.49,75.22,75.51,374009.0,75.684,1553.0
2023-10-12 18:00:00+00:00,75.49,75.77,74.65,75.43,402874.0,75.257,1788.0
2023-10-12 19:00:00+00:00,75.47,76.03,75.11,75.2,646760.0,75.522,4006.0
2023-10-13 13:30:00+00:00,75.0,75.19,72.8,73.92,1017267.0,73.904,4976.0
2023-10-13 14:00:00+00:00,73.8,74.1,72.45,73.07,738883.0,73.29,3564.0
2023-10-13 15:00:00+00:00,73.0,73.06,72.22,72.62,453468.0,72.645,2395.0
2023-10-13 16:00:00+00:00,72.62,73.52,72.55,72.78,525339.0,73.08,1987.0
2023-10-13 17:00:00+00:00,72.78,73.05,72.1,72.59,401663.0,72.561,2103.0
2023-10-13 18:00:00+00:00,72.64,73.1,72.23,73.01,315080.0,72.655,1745.0
2023-10-13 19:00:00+00:00,72.96,74.03,72.5,73.44,848171.0,73.425,5588.0
2023-10-16 13:30:00+00:00,77.61,79.3,73.65,74.5,4061443.0,76.328,18566.0
2023-10-16 14:00:00+00:00,74.5,76.38,73.57,75.46,2133681.0,74.78,8527.0
2023-10-16 15:00:00+00:00,75.42,75.94,73.7,73.83,822773.0,74.321,4254.0
2023-10-16 16:00:00+00:00,73.86,74.59,73.81,74.03,662983.0,74.181,3109.0
2023-10-16 17:00:00+00:00,74.03,74.68,73.35,74.06,648789.0,73.938,2861.0
2023-10-16 18:00:00+00:00,74.05,75.25,74.01,75.1,452198.0,74.646,2084.0
2023-10-16 19:00:00+00:00,75.09,75.58,74.77,75.2,829054.0,75.185,4663.0
2023-10-17 13:30:00+00:00,74.79,77.44,74.5,77.2,1175874.0,75.93,5482.0
2023-10-17 14:00:00+00:00,77.16,78.7,76.95,78.16,1488829.0,77.899,7662.0
2023-10-17 15:00:00+00:00,78.17,79.12,77.81,77.87,797426.0,78.471,4324.0
2023-10-17 16:00:00+00:00,77.87,78.59,77.64,78.18,533374.0,78.223,2904.0
2023-10-17 17:00:00+00:00,78.16,78.33,76.8,76.9,449527.0,77.539,2221.0
2023-10-17 18:00:00+00:00,76.9,77.7,76.7,76.92,369516.0,77.219,1796.0
2023-10-17 19:00:00+00:00,76.89,77.64,76.8,77.43,543890.0,77.382,3257.0
2023-10-18 13:30:00+00:00,76.76,78.38,76.37,76.4,555802.0,77.031,2248.0
2023-10-18 14:00:00+00:00,76.41,76.69,75.06,75.29,618327.0,75.878,2881.0
2023-10-18 15:00:00+00:00,75.25,75.66,74.32,74.77,576807.0,75.047,2560.0
2023-10-18 16:00:00+00:00,74.78,75.18,74.33,74.43,538648.0,74.758,2330.0
2023-10-18 17:00:00+00:00,74.37,75.52,74.27,74.56,422280.0,74.858,1949.0
2023-10-18 18:00:00+00:00,74.56,74.84,73.78,74.13,321936.0,74.21,1793.0
2023-10-18 19:00:00+00:00,74.1,74.32,73.87,73.94,489707.0,74.052,3207.0
2023-10-19 13:30:00+00:00,74.28,74.85,73.25,74.3,421109.0,74.214,1651.0
2023-10-19 14:00:00+00:00,74.29,75.79,74.13,74.63,674559.0,74.878,3368.0
2023-10-19 15:00:00+00:00,74.61,75.51,74.1,75.0,519731.0,74.903,2412.0
2023-10-19 16:00:00+00:00,75.05,76.17,74.05,74.63,622599.0,75.173,3065.0
2023-10-19 17:00:00+00:00,74.65,75.45,73.82,74.25,500844.0,74.606,2065.0
2023-10-19 18:00:00+00:00,74.22,74.53,72.8,72.85,445058.0,73.655,2628.0
2023-10-19 19:00:00+00:00,72.85,73.44,72.72,73.08,678607.0,73.078,3930.0
2023-10-20 13:30:00+00:00,74.67,76.24,73.8,76.03,1795111.0,75.172,7463.0
2023-10-20 14:00:00+00:00,75.98,76.76,73.97,74.11,1381692.0,75.164,5571.0
2023-10-20 15:00:00+00:00,74.08,75.66,73.5,75.32,850922.0,74.678,3993.0
2023-10-20 16:00:00+00:00,75.31,75.55,74.15,75.42,537830.0,74.894,2165.0
2023-10-20 17:00:00+00:00,75.46,75.87,74.76,75.74,361118.0,75.352,1627.0
2023-10-20 18:00:00+00:00,75.72,75.74,74.53,74.64,279042.0,74.976,1431.0
2023-10-20 19:00:00+00:00,74.65,74.78,73.62,74.63,919628.0,74.323,5619.0
2023-10-23 13:30:00+00:00,75.5,75.88,72.42,74.89,1735491.0,74.178,7479.0
2023-10-23 14:00:00+00:00,74.9,77.42,74.13,77.35,1497278.0,75.859,6918.0
2023-10-23 15:00:00+00:00,77.37,78.57,77.1,78.23,1144498.0,77.866,5700.0
2023-10-23 16:00:00+00:00,78.2,80.45,77.63,80.04,1440455.0,79.072,6358.0
2023-10-23 17:00:00+00:00,80.06,80.73,79.02,79.34,1287361.0,79.942,5606.0
2023-10-23 18:00:00+00:00,79.4,79.95,77.32,79.05,1210452.0,78.925,6108.0
2023-10-23 19:00:00+00:00,79.1,79.5,77.1,77.2,1368742.0,77.889,8287.0
2023-10-24 13:30:00+00:00,83.32,89.4,82.26,89.29,4604269.0,86.172,21961.0
2023-10-24 14:00:00+00:00,89.31,89.34,87.07,87.72,3280881.0,88.209,16974.0
2023-10-24 15:00:00+00:00,87.81,88.6,83.28,84.45,4157227.0,85.142,19885.0
2023-10-24 16:00:00+00:00,84.47,85.4,82.28,82.72,2091978.0,83.527,10598.0
2023-10-24 17:00:00+00:00,82.69,83.44,81.58,81.84,1182543.0,82.558,5557.0
2023-10-24 18:00:00+00:00,81.83,82.01,80.88,81.88,1137979.0,81.518,5122.0
2023-10-24 19:00:00+00:00,81.84,82.41,81.31,82.04,1242160.0,81.976,6661.0
2023-10-25 13:30:00+00:00,83.51,84.09,81.52,82.07,1584951.0,82.762,7899.0
2023-10-25 14:00:00+00:00,82.11,82.14,80.56,81.55,1460004.0,81.287,7544.0
2023-10-25 15:00:00+00:00,81.49,82.54,81.04,81.56,1161030.0,81.878,5082.0
2023-10-25 16:00:00+00:00,81.5,81.94,78.8,78.95,1336431.0,80.564,5833.0
2023-10-25 17:00:00+00:00,78.94,79.86,78.22,78.82,1078820.0,78.939,5438.0
2023-10-25 18:00:00+00:00,78.87,79.29,77.58,78.59,866841.0,78.478,4308.0
2023-10-25 19:00:00+00:00,78.59,78.84,77.4,77.79,1360376.0,77.962,8114.0
2023-10-26 13:30:00+00:00,77.26,78.4,76.17,76.67,1049241.0,77.405,4607.0
2023-10-26 14:00:00+00:00,76.67,79.02,76.43,78.78,1028468.0,77.691,5468.0
2023-10-26 15:00:00+00:00,78.82,79.16,75.92,76.29,785616.0,77.363,3658.0
2023-10-26 16:00:00+00:00,76.25,76.38,73.33,73.36,1025791.0,74.839,5281.0
2023-10-26 17:00:00+00:00,73.33,75.49,73.15,75.36,841873.0,74.429,3574.0
2023-10-26 18:00:00+00:00,75.41,76.3,75.3,76.09,496895.0,75.739,2232.0
2023-10-26 19:00:00+00:00,76.1,76.5,74.57,74.59,873856.0,75.232,5142.0
2023-10-27 13:30:00+00:00,76.36,76.5,73.65,74.23,1146646.0,74.841,4737.0
2023-10-27 14:00:00+00:00,74.18,74.56,72.53,72.98,961870.0,73.582,5034.0
2023-10-27 15:00:00+00:00,73.02,74.28,72.9,73.46,662154.0,73.73,3773.0
2023-10-27 16:00:00+00:00,73.41,73.48,71.39,71.43,855802.0,72.454,3618.0
2023-10-27 17:00:00+00:00,71.41,71.6,70.42,70.97,1064513.0,71.067,5607.0
2023-10-27 18:00:00+00:00,70.94,71.47,70.7,70.99,597816.0,71.114,3127.0
2023-10-27 19:00:00+00:00,71.0,71.7,70.74,70.74,1250187.0,71.094,6946.0
2023-10-30 13:30:00+00:00,72.05,73.77,71.88,73.03,1114396.0,72.81,5024.0
2023-10-30 14:00:00+00:00,73.13,73.85,72.14,72.33,1053898.0,72.91,5158.0
2023-10-30 15:00:00+00:00,72.36,73.72,72.3,73.13,657319.0,73.209,3130.0
2023-10-30 16:00:00+00:00,73.05,73.55,72.12,72.42,396970.0,72.815,2026.0
2023-10-30 17:00:00+00:00,72.49,73.17,71.9,73.08,398776.0,72.566,2050.0
2023-10-30 18:00:00+00:00,73.1,73.7,72.9,73.36,348500.0,73.314,1827.0
2023-10-30 19:00:00+00:00,73.38,74.08,73.18,73.66,668758.0,73.579,3901.0
2023-10-31 13:30:00+00:00,73.6,75.1,73.56,74.25,751089.0,74.124,3303.0
2023-10-31 14:00:00+00:00,74.2,75.56,73.78,75.46,738900.0,74.68,3275.0
2023-10-31 15:00:00+00:00,75.52,76.28,75.14,75.83,761199.0,75.824,4208.0
2023-10-31 16:00:00+00:00,75.86,76.2,75.31,75.78,297233.0,75.731,1601.0
2023-10-31 17:00:00+00:00,75.79,76.0,75.36,75.94,244714.0,75.756,1223.0
2023-10-31 18:00:00+00:00,75.93,76.75,75.59,76.6,358543.0,76.14,1714.0
2023-10-31 19:00:00+00:00,76.63,77.47,76.42,77.11,1117853.0,76.934,7068.0
2023-11-01 13:30:00+00:00,77.42,78.02,76.4,76.84,1134712.0,77.182,4526.0
2023-11-01 14:00:00+00:00,76.89,79.41,76.66,78.16,1071087.0,78.193,5307.0
2023-11-01 15:00:00+00:00,78.16,78.84,77.17,77.57,458431.0,77.867,2310.0
2023-11-01 16:00:00+00:00,77.55,78.0,77.16,77.52,350832.0,77.48,1974.0
2023-11-01 17:00:00+00:00,77.51,77.8,76.86,77.08,326782.0,77.263,1823.0
2023-11-01 18:00:00+00:00,77.18,77.67,75.87,76.8,740365.0,76.681,3925.0
2023-11-01 19:00:00+00:00,76.84,78.03,76.84,77.81,748306.0,77.611,4724.0
2023-11-02 13:30:00+00:00,81.71,83.21,80.81,82.65,1841207.0,82.088,8308.0
2023-11-02 14:00:00+00:00,82.65,83.98,81.34,83.89,1430142.0,82.603,7386.0
2023-11-02 15:00:00+00:00,83.91,84.4,83.08,83.74,1170093.0,83.776,6411.0
2023-11-02 16:00:00+00:00,83.66,83.71,82.35,82.99,757571.0,83.129,3907.0
2023-11-02 17:00:00+00:00,82.95,84.09,82.77,83.88,514113.0,83.474,2941.0
2023-11-02 18:00:00+00:00,83.92,84.7,83.59,84.33,905405.0,84.299,4556.0
2023-11-02 19:00:00+00:00,84.33,84.8,84.1,84.62,1578901.0,84.461,9337.0
2023-11-03 13:30:00+00:00,83.64,86.58,82.05,86.16,1907855.0,84.438,8892.0
2023-11-03 14:00:00+00:00,86.2,86.86,83.05,86.0,1997945.0,84.846,9623.0
2023-11-03 15:00:00+00:00,86.04,88.34,85.71,86.88,1551005.0,86.991,8474.0
2023-11-03 16:00:00+00:00,86.88,88.03,86.73,87.14,754144.0,87.39,4262.0
2023-11-03 17:00:00+00:00,87.13,87.31,85.24,85.83,708511.0,86.269,4110.0
2023-11-03 18:00:00+00:00,85.85,87.31,85.42,87.3,611586.0,86.597,3842.0
2023-11-03 19:00:00+00:00,87.31,87.35,85.32,85.78,1220589.0,86.007,8441.0
2023-11-06 14:30:00+00:00,86.81,88.39,86.61,87.4,1410216.0,87.402,5999.0
2023-11-06 15:00:00+00:00,87.48,89.27,86.51,87.86,1681187.0,87.76,8226.0
2023-11-06 16:00:00+00:00,87.87,88.39,86.07,86.83,1156938.0,86.926,5534.0
2023-11-06 17:00:00+00:00,86.87,86.9,85.31,86.01,635914.0,85.926,3541.0
2023-11-06 18:00:00+00:00,86.01,86.09,84.09,84.88,692941.0,84.738,3977.0
2023-11-06 19:00:00+00:00,84.89,86.43,84.71,86.33,601061.0,85.638,3358.0
2023-11-06 20:00:00+00:00,86.35,86.84,86.13,86.36,1313459.0,86.501,8314.0
2023-11-07 14:30:00+00:00,86.2,86.42,84.3,86.1,774156.0,85.102,3390.0
2023-11-07 15:00:00+00:00,86.14,86.98,85.75,86.52,608705.0,86.516,3328.0
2023-11-07 16:00:00+00:00,86.48,86.99,85.8,85.95,453108.0,86.435,2647.0
2023-11-07 17:00:00+00:00,85.97,86.33,85.26,86.32,353273.0,85.795,2047.0
2023-11-07 18:00:00+00:00,86.35,88.08,86.28,87.28,873506.0,87.324,3861.0
2023-11-07 19:00:00+00:00,87.29,88.1,87.22,87.87,420000.0,87.724,2037.0
2023-11-07 20:00:00+00:00,87.83,89.49,87.63,89.08,1305549.0,88.772,7408.0
2023-11-08 14:30:00+00:00,88.76,88.8,86.5,86.56,1033183.0,87.329,4025.0
2023-11-08 15:00:00+00:00,86.61,86.85,84.69,85.37,1062876.0,85.552,5156.0
2023-11-08 16:00:00+00:00,85.43,86.85,85.21,86.44,578736.0,86.11,2729.0
2023-11-08 17:00:00+00:00,86.44,86.75,85.62,85.92,342786.0,86.215,1902.0
2023-11-08 18:00:00+00:00,85.9,87.05,85.82,86.87,384408.0,86.678,1802.0
2023-11-08 19:00:00+00:00,86.94,88.38,86.76,87.87,767797.0,87.863,3852.0
2023-11-08 20:00:00+00:00,87.86,89.15,87.85,88.32,1024164.0,88.633,5566.0
2023-11-09 14:30:00+00:00,92.9,98.48,92.88,98.2,3694799.0,95.688,17005.0
2023-11-09 15:00:00+00:00,98.3,99.82,96.29,98.91,3548395.0,97.872,16538.0
2023-11-09 16:00:00+00:00,98.88,99.4,94.51,95.6,2892888.0,96.579,14287.0
2023-11-09 17:00:00+00:00,95.56,96.15,93.59,95.58,1582242.0,94.883,6245.0
2023-11-09 18:00:00+00:00,95.61,95.61,93.84,94.37,878285.0,94.639,4089.0
2023-11-09 19:00:00+00:00,94.37,94.38,92.49,92.81,932709.0,93.313,4156.0
2023-11-09 20:00:00+00:00,92.77,93.27,91.36,92.86,1852136.0,92.417,10599.0
2023-11-10 14:30:00+00:00,94.41,96.22,93.5,95.7,1755402.0,95.19,7976.0
2023-11-10 15:00:00+00:00,95.62,95.68,91.8,93.23,1881287.0,93.717,7711.0
2023-11-10 16:00:00+00:00,93.2,94.65,92.6,93.43,926946.0,93.7,4447.0
2023-11-10 17:00:00+00:00,93.47,94.62,92.65,93.71,684467.0,93.42,3221.0
2023-11-10 18:00:00+00:00,93.7,93.92,92.32,92.33,547415.0,93.304,2786.0
2023-11-10 19:00:00+00:00,92.33,93.34,92.32,92.85,488146.0,92.962,2679.0
2023-11-10 20:00:00+00:00,92.81,93.24,92.3,92.94,988909.0,92.769,5200.0
2023-11-13 14:30:00+00:00,91.78,93.15,88.62,89.99,1741020.0,90.23,7093.0
2023-11-13 15:00:00+00:00,89.99,91.65,89.27,91.17,1012894.0,90.283,5246.0
2023-11-13 16:00:00+00:00,91.23,93.27,91.22,92.24,679513.0,92.401,3249.0
2023-11-13 17:00:00+00:00,92.22,92.4,91.08,91.35,363171.0,91.649,1808.0
2023-11-13 18:00:00+00:00,91.3,91.63,90.87,91.1,307076.0,91.248,1476.0
2023-11-13 19:00:00+00:00,91.13,92.24,91.12,91.15,290602.0,91.721,1671.0
2023-11-13 20:00:00+00:00,91.16,92.75,90.82,92.64,981604.0,92.096,5140.0
2023-11-14 14:30:00+00:00,94.95,95.32,92.76,94.36,1326175.0,94.16,5117.0
2023-11-14 15:00:00+00:00,94.43,94.59,92.18,93.04,1166760.0,93.054,5920.0
2023-11-14 16:00:00+00:00,93.08,94.35,93.08,93.35,741351.0,93.761,4193.0
2023-11-14 17:00:00+00:00,93.28,93.38,92.1,92.8,589832.0,92.632,2718.0
2023-11-14 18:00:00+00:00,92.72,92.89,90.0,90.04,1277031.0,91.068,6249.0
2023-11-14 19:00:00+00:00,90.03,91.65,89.79,91.49,837616.0,90.764,4430.0
2023-11-14 20:00:00+00:00,91.52,93.19,91.2,92.09,1280433.0,92.371,6850.0
2023-11-15 14:30:00+00:00,93.91,95.88,93.07,95.76,1221805.0,94.533,5510.0
2023-11-15 15:00:00+00:00,95.76,98.26,95.71,97.27,1673131.0,97.003,8021.0
2023-11-15 16:00:00+00:00,97.26,97.83,96.12,96.52,857442.0,97.073,4675.0
2023-11-15 17:00:00+00:00,96.45,98.64,96.17,98.09,757885.0,97.71,3687.0
2023-11-15 18:00:00+00:00,98.09,99.56,97.3,99.12,1381131.0,98.595,6715.0
2023-11-15 19:00:00+00:00,99.19,100.11,98.27,99.37,1314804.0,99.334,6107.0
2023-11-15 20:00:00+00:00,99.32,100.13,98.06,98.11,1566044.0,99.077,8620.0
2023-11-16 14:30:00+00:00,97.74,97.79,95.4,95.92,1137876.0,96.729,5513.0
2023-11-16 15:00:00+00:00,95.98,97.36,94.45,94.9,1177749.0,95.855,6635.0
2023-11-16 16:00:00+00:00,94.93,96.78,94.84,96.68,605911.0,95.986,3270.0
2023-11-16 17:00:00+00:00,96.75,97.89,96.62,96.82,541137.0,97.212,2468.0
2023-11-16 18:00:00+00:00,96.75,97.24,95.89,96.49,382551.0,96.533,1885.0
2023-11-16 19:00:00+00:00,96.48,96.72,95.55,96.49,449767.0,96.102,2195.0
2023-11-16 20:00:00+00:00,96.5,97.0,95.87,96.95,679715.0,96.575,3537.0
2023-11-17 14:30:00+00:00,97.0,97.04,94.9,95.91,940307.0,95.711,3021.0
2023-11-17 15:00:00+00:00,95.88,97.25,95.59,96.55,885604.0,96.488,4148.0
2023-11-17 16:00:00+00:00,96.51,97.37,96.05,97.36,412033.0,96.791,2299.0
2023-11-17 17:00:00+00:00,97.37,99.22,97.25,98.88,1017346.0,98.454,4812.0
2023-11-17 18:00:00+00:00,98.88,99.43,98.42,98.72,650504.0,99.003,3431.0
2023-11-17 19:00:00+00:00,98.74,99.14,98.05,98.27,452092.0,98.543,2359.0
2023-11-17 20:00:00+00:00,98.28,99.17,97.75,99.08,956117.0,98.642,6179.0
2023-11-20 14:30:00+00:00,100.71,103.46,100.01,102.95,1827002.0,101.998,8173.0
2023-11-20 15:00:00+00:00,102.97,104.1,102.22,103.67,1410753.0,103.322,5782.0
2023-11-20 16:00:00+00:00,103.68,104.53,103.03,103.7,882976.0,103.731,4532.0
2023-11-20 17:00:00+00:00,103.69,105.1,102.4,104.74,1102458.0,103.87,5533.0
2023-11-20 18:00:00+00:00,104.75,105.92,104.4,105.51,876676.0,105.191,4378.0
2023-11-20 19:00:00+00:00,105.58,106.1,105.19,106.06,678356.0,105.612,3006.0
2023-11-20 20:00:00+00:00,106.06,106.46,105.3,106.09,1226904.0,105.867,7102.0
2023-11-21 14:30:00+00:00,104.05,104.65,101.88,102.8,1394046.0,103.235,6056.0
2023-11-21 15:00:00+00:00,102.81,103.6,101.34,103.46,1913690.0,102.297,8156.0
2023-11-21 16:00:00+00:00,103.43,105.38,102.9,105.14,891829.0,104.228,4697.0
2023-11-21 17:00:00+00:00,105.12,106.06,104.2,104.84,959025.0,105.17,4134.0
2023-11-21 18:00:00+00:00,104.85,105.17,104.0,104.7,540080.0,104.582,2319.0
2023-11-21 19:00:00+00:00,104.69,105.54,104.39,105.15,563664.0,105.083,2644.0
2023-11-21 20:00:00+00:00,105.21,105.63,104.81,105.49,796508.0,105.288,4839.0
2023-11-22 14:30:00+00:00,106.17,106.84,103.36,104.71,1300006.0,105.097,5404.0
2023-11-22 15:00:00+00:00,104.78,106.42,103.55,105.97,1149245.0,105.217,5412.0
2023-11-22 16:00:00+00:00,105.92,107.82,105.87,107.75,1070782.0,107.042,4851.0
2023-11-22 17:00:00+00:00,107.78,108.09,107.08,107.19,649569.0,107.724,2944.0
2023-11-22 18:00:00+00:00,107.23,108.7,106.83,108.48,846391.0,107.915,3993.0
2023-11-22 19:00:00+00:00,108.57,109.99,108.11,109.5,1279342.0,109.244,5682.0
2023-11-22 20:00:00+00:00,109.45,109.75,108.9,109.28,1196792.0,109.321,6921.0
2023-11-24 14:30:00+00:00,108.46,111.64,107.98,111.07,1550375.0,109.738,6911.0
2023-11-24 15:00:00+00:00,111.12,115.92,111.02,115.6,3219198.0,114.03,15243.0
2023-11-24 16:00:00+00:00,115.61,116.94,114.5,114.83,2130585.0,115.872,10481.0
2023-11-24 17:00:00+00:00,114.81,116.28,114.7,115.54,1650050.0,115.576,9275.0
2023-11-27 14:30:00+00:00,112.58,116.63,112.18,116.44,2125145.0,114.223,8429.0
2023-11-27 15:00:00+00:00,116.46,119.36,116.46,117.75,2329597.0,118.254,11369.0
2023-11-27 16:00:00+00:00,117.74,120.35,117.17,119.98,1580580.0,119.016,7871.0
2023-11-27 17:00:00+00:00,120.0,121.46,119.11,119.58,1538836.0,120.43,7044.0
2023-11-27 18:00:00+00:00,119.61,120.84,119.26,119.52,869548.0,119.979,4368.0
2023-11-27 19:00:00+00:00,119.49,120.25,118.3,119.5,840990.0,119.418,4433.0
2023-11-27 20:00:00+00:00,119.49,120.72,119.33,119.77,1359081.0,119.959,7852.0
2023-11-28 14:30:00+00:00,122.16,123.96,119.7,121.11,2538189.0,122.207,12337.0
2023-11-28 15:00:00+00:00,121.14,125.25,121.07,124.76,2311299.0,123.306,11496.0
2023-11-28 16:00:00+00:00,124.77,127.62,124.31,127.28,1984536.0,126.001,10426.0
2023-11-28 17:00:00+00:00,127.27,128.64,126.32,127.0,1977976.0,127.643,10116.0
2023-11-28 18:00:00+00:00,127.02,127.54,125.9,127.18,1130337.0,126.645,6481.0
2023-11-28 19:00:00+00:00,127.23,128.78,126.77,128.44,1103472.0,127.91,5587.0
2023-11-28 20:00:00+00:00,128.43,129.26,127.91,128.27,1753137.0,128.49,10284.0
2023-11-29 14:30:00+00:00,127.94,129.53,126.3,128.24,2369314.0,127.929,11707.0
2023-11-29 15:00:00+00:00,128.26,130.8,127.2,130.31,2691553.0,129.011,13208.0
2023-11-29 16:00:00+00:00,130.39,131.42,126.54,128.0,1714633.0,128.417,9343.0
2023-11-29 17:00:00+00:00,128.0,129.19,127.11,128.58,888221.0,127.992,5200.0
2023-11-29 18:00:00+00:00,128.62,129.2,127.87,128.98,543826.0,128.662,2833.0
2023-11-29 19:00:00+00:00,128.92,129.45,127.12,128.23,702859.0,128.241,4134.0
2023-11-29 20:00:00+00:00,128.22,128.75,126.71,127.99,1161440.0,127.512,7556.0
2023-11-30 14:30:00+00:00,126.06,127.14,123.69,125.34,1939198.0,125.05,10452.0
2023-11-30 15:00:00+00:00,125.36,125.87,121.56,121.78,2302002.0,123.666,12311.0
2023-11-30 16:00:00+00:00,121.78,122.61,118.4,121.66,2037539.0,121.124,11486.0
2023-11-30 17:00:00+00:00,121.6,124.09,121.11,123.63,890560.0,122.761,4298.0
2023-11-30 18:00:00+00:00,123.59,124.75,122.86,124.19,513779.0,123.94,2617.0
2023-11-30 19:00:00+00:00,124.13,125.69,123.95,125.56,761482.0,125.036,4068.0
2023-11-30 20:00:00+00:00,125.59,125.79,123.8,124.59,1043511.0,124.911,6440.0
2023-12-01 14:30:00+00:00,126.39,129.98,125.88,129.68,2033395.0,128.167,9875.0
2023-12-01 15:00:00+00:00,129.71,131.66,129.34,130.9,2146574.0,130.374,10006.0
2023-12-01 16:00:00+00:00,130.89,132.4,129.73,131.67,1407183.0,131.13,6931.0
2023-12-01 17:00:00+00:00,131.66,133.85,131.63,133.84,1223099.0,132.788,6212.0
2023-12-01 18:00:00+00:00,133.86,134.33,132.16,132.76,940424.0,133.237,4752.0
2023-12-01 19:00:00+00:00,132.87,133.78,131.93,133.52,912325.0,132.94,4671.0
2023-12-01 20:00:00+00:00,133.52,134.02,132.72,133.77,1373222.0,133.423,8250.0
2023-12-04 14:30:00+00:00,143.53,146.3,139.9,144.39,4444757.0,143.238,22182.0
2023-12-04 15:00:00+00:00,144.39,146.29,137.6,139.47,4229894.0,141.508,21790.0
2023-12-04 16:00:00+00:00,139.46,142.99,137.95,142.64,1928879.0,140.233,10191.0
2023-12-04 17:00:00+00:00,142.65,144.48,142.17,143.86,1121928.0,143.4,5518.0
2023-12-04 18:00:00+00:00,143.89,143.89,142.26,142.27,936508.0,142.992,4576.0
2023-12-04 19:00:00+00:00,142.31,142.74,140.44,141.2,957168.0,141.622,4827.0
2023-12-04 20:00:00+00:00,141.29,142.44,139.81,141.11,1718652.0,141.237,9481.0
2023-12-05 14:30:00+00:00,140.0,144.74,139.91,144.41,2210842.0,142.73,10706.0
2023-12-05 15:00:00+00:00,144.46,147.49,144.05,146.56,2693219.0,145.923,13526.0
2023-12-05 16:00:00+00:00,146.6,147.86,144.62,145.7,2132098.0,146.285,10786.0
2023-12-05 17:00:00+00:00,145.74,147.52,143.05,143.81,1807389.0,145.586,9489.0
2023-12-05 18:00:00+00:00,143.77,144.99,142.47,142.68,1280525.0,143.571,6703.0
2023-12-05 19:00:00+00:00,142.75,142.98,140.72,142.5,1188185.0,141.846,5849.0
2023-12-05 20:00:00+00:00,142.48,143.0,139.17,140.23,2072880.0,140.838,11410.0
2023-12-06 14:30:00+00:00,142.37,143.44,137.79,138.33,2149601.0,140.078,10289.0
2023-12-06 15:00:00+00:00,138.37,141.44,138.04,140.06,1655704.0,140.001,8004.0
2023-12-06 16:00:00+00:00,140.11,142.14,139.72,141.71,1099648.0,141.14,5808.0
2023-12-06 17:00:00+00:00,141.75,142.18,139.91,139.97,669895.0,141.407,3683.0
2023-12-06 18:00:00+00:00,140.0,140.31,135.6,137.35,1291454.0,137.424,6792.0
2023-12-06 19:00:00+00:00,137.39,138.16,136.5,137.27,710480.0,137.313,3557.0
2023-12-06 20:00:00+00:00,137.2,137.42,134.11,134.63,1564353.0,135.09,8918.0
2023-12-07 14:30:00+00:00,131.29,136.17,130.17,135.28,1919400.0,133.504,9184.0
2023-12-07 15:00:00+00:00,135.26,138.48,134.97,136.43,1576030.0,136.838,7789.0
2023-12-07 16:00:00+00:00,136.45,137.6,134.63,137.3,1221963.0,136.362,4857.0
2023-12-07 17:00:00+00:00,137.31,137.37,135.22,135.91,643089.0,136.272,3028.0
2023-12-07 18:00:00+00:00,135.91,136.57,135.5,135.79,347878.0,136.02,1981.0
2023-12-07 19:00:00+00:00,135.8,135.81,134.15,134.67,501072.0,134.811,2778.0
2023-12-07 20:00:00+00:00,134.65,136.8,134.63,136.19,1051590.0,136.11,5853.0
2023-12-08 14:30:00+00:00,136.19,140.8,135.85,140.0,1677147.0,139.11,7758.0
2023-12-08 15:00:00+00:00,140.05,143.87,140.0,141.22,1998975.0,142.18,9493.0
2023-12-08 16:00:00+00:00,141.34,143.21,141.03,142.67,904068.0,142.239,4546.0
2023-12-08 17:00:00+00:00,142.71,143.16,140.66,142.88,647034.0,142.275,3312.0
2023-12-08 18:00:00+00:00,142.86,144.59,142.73,144.41,839611.0,143.775,4021.0
2023-12-08 19:00:00+00:00,144.44,144.86,143.88,144.41,621149.0,144.419,3207.0
2023-12-08 20:00:00+00:00,144.48,146.74,144.32,146.63,1549673.0,145.871,8727.0
2023-12-11 14:30:00+00:00,141.5,141.85,138.3,139.95,2387962.0,140.117,12096.0
2023-12-11 15:00:00+00:00,140.27,142.87,139.95,140.6,1660077.0,141.476,9059.0
2023-12-11 16:00:00+00:00,140.6,140.67,136.81,139.05,1409295.0,138.375,6826.0
2023-12-11 17:00:00+00:00,139.0,139.3,137.48,137.83,445654.0,138.413,2519.0
2023-12-11 18:00:00+00:00,137.82,138.11,135.98,137.87,917467.0,137.107,5060.0
2023-12-11 19:00:00+00:00,137.89,138.33,136.3,137.6,616808.0,137.399,3297.0
2023-12-11 20:00:00+00:00,137.7,138.97,137.14,138.02,1052709.0,138.166,5467.0
2023-12-12 14:30:00+00:00,139.89,141.75,135.99,138.94,1555513.0,138.877,6875.0
2023-12-12 15:00:00+00:00,138.92,140.28,138.2,139.67,1149485.0,139.41,5175.0
2023-12-12 16:00:00+00:00,139.59,140.48,138.7,139.89,688804.0,139.642,3741.0
2023-12-12 17:00:00+00:00,139.89,139.96,137.47,137.6,574157.0,138.411,2888.0
2023-12-12 18:00:00+00:00,137.5,140.38,137.37,140.17,670856.0,139.166,3619.0
2023-12-12 19:00:00+00:00,140.16,140.43,139.36,139.82,527647.0,139.968,2507.0
2023-12-12 20:00:00+00:00,139.94,140.44,139.07,139.53,654557.0,139.64,3768.0
2023-12-13 14:30:00+00:00,139.62,140.27,137.15,137.48,777944.0,138.549,3447.0
2023-12-13 15:00:00+00:00,137.52,141.34,137.15,140.93,1599226.0,139.983,7422.0
2023-12-13 16:00:00+00:00,140.97,142.25,139.64,139.88,913372.0,140.999,4535.0
2023-12-13 17:00:00+00:00,139.86,141.15,139.75,141.04,355521.0,140.504,1927.0
2023-12-13 18:00:00+00:00,140.87,141.68,140.0,141.03,401710.0,140.859,2068.0
2023-12-13 19:00:00+00:00,141.1,148.1,141.1,147.08,2523101.0,144.681,12642.0
2023-12-13 20:00:00+00:00,147.3,150.49,145.17,150.47,2451292.0,148.37,13250.0
2023-12-14 14:30:00+00:00,152.09,154.74,149.7,153.8,2296799.0,152.262,11548.0
2023-12-14 15:00:00+00:00,153.96,154.47,149.1,151.06,1728844.0,151.262,9025.0
2023-12-14 16:00:00+00:00,151.06,152.55,150.06,152.38,778568.0,151.261,4351.0
2023-12-14 17:00:00+00:00,152.43,154.65,152.05,152.87,891819.0,153.643,4493.0
2023-12-14 18:00:00+00:00,152.83,154.24,150.83,151.58,848154.0,152.691,4549.0
2023-12-14 19:00:00+00:00,151.57,154.5,151.32,154.15,693606.0,153.275,3845.0
2023-12-14 20:00:00+00:00,154.16,154.26,152.1,153.63,1073871.0,153.103,6842.0
2023-12-15 14:30:00+00:00,151.8,151.92,147.93,148.86,1334680.0,149.77,5724.0
2023-12-15 15:00:00+00:00,148.99,150.09,148.37,149.33,960255.0,149.219,5076.0
2023-12-15 16:00:00+00:00,149.31,150.3,148.45,148.7,687660.0,149.316,3519.0
2023-12-15 17:00:00+00:00,148.7,150.34,148.59,148.86,719476.0,149.6,3934.0
2023-12-15 18:00:00+00:00,148.81,149.3,147.51,148.02,705863.0,148.178,3774.0
2023-12-15 19:00:00+00:00,147.9,148.59,147.59,147.98,478051.0,148.155,2454.0
2023-12-15 20:00:00+00:00,147.98,148.41,146.84,147.85,1156624.0,147.603,6832.0
2023-12-18 14:30:00+00:00,144.9,151.81,144.0,150.35,1520163.0,149.015,6997.0
2023-12-18 15:00:00+00:00,150.55,150.89,147.33,148.22,1249585.0,148.451,6687.0
2023-12-18 16:00:00+00:00,148.12,149.58,147.1,149.41,605124.0,148.52,3199.0
2023-12-18 17:00:00+00:00,149.41,150.51,149.16,150.09,508043.0,149.919,2814.0
2023-12-18 18:00:00+00:00,150.11,152.99,149.98,152.77,975188.0,151.693,4886.0
2023-12-18 19:00:00+00:00,152.73,154.26,152.56,153.75,804516.0,153.51,4527.0
2023-12-18 20:00:00+00:00,153.72,155.01,152.78,153.34,1304394.0,153.948,8378.0
2023-12-19 14:30:00+00:00,155.5,157.6,153.61,157.4,1638575.0,155.93,8507.0
2023-12-19 15:00:00+00:00,157.44,162.09,156.7,160.07,2490209.0,159.963,13280.0
2023-12-19 16:00:00+00:00,160.12,161.69,159.37,159.59,1191376.0,160.373,6998.0
2023-12-19 17:00:00+00:00,159.53,159.6,155.81,155.88,1361581.0,157.514,7026.0
2023-12-19 18:00:00+00:00,155.88,157.55,154.32,157.31,1023472.0,156.19,5348.0
2023-12-19 19:00:00+00:00,157.31,159.5,157.08,159.34,799315.0,158.358,4076.0
2023-12-19 20:00:00+00:00,159.35,161.18,159.07,161.12,1356565.0,160.065,7907.0
2023-12-20 14:30:00+00:00,164.73,167.78,162.3,165.16,2553195.0,165.691,12239.0
2023-12-20 15:00:00+00:00,165.1,169.47,164.7,168.84,2206487.0,167.973,10854.0
2023-12-20 16:00:00+00:00,168.79,169.48,165.55,166.15,1414493.0,167.254,6286.0
2023-12-20 17:00:00+00:00,166.2,168.95,165.75,168.04,1017088.0,167.172,5076.0
2023-12-20 18:00:00+00:00,168.07,169.1,167.45,167.88,859269.0,168.355,4214.0
2023-12-20 19:00:00+00:00,167.6,168.87,161.11,162.26,1512968.0,165.106,7643.0
2023-12-20 20:00:00+00:00,162.24,164.03,160.07,161.8,2119634.0,162.247,11022.0
2023-12-21 14:30:00+00:00,166.7,168.42,164.38,164.8,1632509.0,166.745,6940.0
2023-12-21 15:00:00+00:00,164.81,167.9,163.66,167.18,1628328.0,166.204,7555.0
2023-12-21 16:00:00+00:00,167.16,168.6,164.91,165.8,998655.0,166.728,4977.0
2023-12-21 17:00:00+00:00,165.77,165.82,163.1,164.11,745433.0,164.155,3918.0
2023-12-21 18:00:00+00:00,164.26,167.5,164.17,167.26,724875.0,165.858,3746.0
2023-12-21 19:00:00+00:00,167.2,169.77,166.7,169.7,1027761.0,167.892,5067.0
2023-12-21 20:00:00+00:00,169.7,170.17,167.26,168.1,1632088.0,169.051,8236.0
2023-12-22 14:30:00+00:00,169.8,175.1,167.9,174.53,2390332.0,172.452,11805.0
2023-12-22 15:00:00+00:00,174.63,176.43,173.64,174.68,2185247.0,175.083,11477.0
2023-12-22 16:00:00+00:00,174.68,178.05,173.76,177.07,1635392.0,176.684,8164.0
2023-12-22 17:00:00+00:00,177.14,177.83,174.53,177.0,1137338.0,176.301,5765.0
2023-12-22 18:00:00+00:00,177.03,178.7,176.64,178.06,1484227.0,177.838,6232.0
2023-12-22 19:00:00+00:00,178.01,178.02,173.34,175.96,1666910.0,175.471,8224.0
2023-12-22 20:00:00+00:00,176.0,176.64,174.81,175.56,1261064.0,175.616,7681.0
2023-12-26 14:30:00+00:00,174.93,176.36,172.26,173.82,1508226.0,174.353,7195.0
2023-12-26 15:00:00+00:00,173.91,178.12,172.88,175.96,1625875.0,176.002,8340.0
2023-12-26 16:00:00+00:00,175.96,176.85,174.96,175.46,738748.0,175.839,3946.0
2023-12-26 17:00:00+00:00,175.45,176.61,170.78,171.01,1371774.0,173.169,7064.0
2023-12-26 18:00:00+00:00,170.96,171.96,169.29,170.09,1532478.0,170.528,7852.0
2023-12-26 19:00:00+00:00,170.06,171.23,169.05,170.26,1000691.0,170.25,5225.0
2023-12-26 20:00:00+00:00,170.27,173.06,169.94,172.15,1181377.0,172.022,6440.0
2023-12-27 14:30:00+00:00,176.29,184.4,175.5,182.52,2767733.0,180.664,13238.0
2023-12-27 15:00:00+00:00,182.49,186.3,180.96,183.31,2872371.0,183.642,13216.0
2023-12-27 16:00:00+00:00,183.3,184.81,182.0,183.64,1214399.0,183.731,5672.0
2023-12-27 17:00:00+00:00,183.71,184.99,183.32,184.02,772433.0,184.122,3704.0
2023-12-27 18:00:00+00:00,184.1,184.96,183.9,184.04,837877.0,184.34,3480.0
2023-12-27 19:00:00+00:00,184.04,184.88,182.58,184.79,947773.0,183.996,4942.0
2023-12-27 20:00:00+00:00,184.79,186.97,184.31,185.24,1931049.0,185.57,10273.0
2023-12-28 14:30:00+00:00,179.21,184.6,177.75,182.88,3281142.0,181.888,16220.0
2023-12-28 15:00:00+00:00,182.91,185.52,182.07,183.11,2482823.0,184.016,13396.0
2023-12-28 16:00:00+00:00,183.11,183.86,180.1,183.56,1404061.0,182.01,8041.0
2023-12-28 17:00:00+00:00,183.55,187.39,183.53,187.1,1577716.0,185.504,7696.0
2023-12-28 18:00:00+00:00,187.04,187.09,184.1,185.41,1201921.0,185.724,7079.0
2023-12-28 19:00:00+00:00,185.46,186.45,184.11,184.79,1009275.0,185.366,5404.0
2023-12-28 20:00:00+00:00,184.8,186.45,183.52,186.36,1543668.0,185.346,9028.0
2023-12-29 14:30:00+00:00,186.06,187.25,183.8,184.44,1496627.0,185.384,7118.0
2023-12-29 15:00:00+00:00,184.5,185.25,172.19,173.73,5231987.0,177.027,28666.0
2023-12-29 16:00:00+00:00,173.83,174.96,171.0,173.3,2359390.0,172.973,13749.0
2023-12-29 17:00:00+00:00,173.38,174.53,171.21,174.17,1470178.0,172.999,8298.0
2023-12-29 18:00:00+00:00,174.22,176.61,173.53,175.22,1438422.0,175.173,7595.0
2023-12-29 19:00:00+00:00,175.25,176.49,174.53,176.25,881837.0,175.639,5021.0
2023-12-29 20:00:00+00:00,176.27,176.55,173.52,173.91,1648716.0,174.901,9655.0
2024-01-02 14:30:00+00:00,173.33,175.57,161.26,164.8,5043367.0,169.756,23407.0
2024-01-02 15:00:00+00:00,164.78,170.24,161.62,164.58,3942625.0,165.037,19360.0
2024-01-02 16:00:00+00:00,164.48,167.7,163.11,166.61,1748619.0,165.306,9301.0
2024-01-02 17:00:00+00:00,166.61,166.63,162.36,162.56,1071681.0,164.332,5461.0
2024-01-02 18:00:00+00:00,162.61,164.21,159.69,160.22,1297550.0,162.017,5400.0
2024-01-02 19:00:00+00:00,160.19,160.76,157.62,157.85,1969158.0,158.947,8765.0
2024-01-02 20:00:00+00:00,157.77,158.26,155.35,156.89,2777948.0,156.769,14913.0
2024-01-03 14:30:00+00:00,146.0,153.39,144.11,151.02,3794404.0,149.741,17685.0
2024-01-03 15:00:00+00:00,151.01,154.0,148.24,153.86,2772346.0,151.031,14695.0
2024-01-03 16:00:00+00:00,154.0,156.25,152.54,153.81,2077872.0,154.279,10693.0
2024-01-03 17:00:00+00:00,153.84,154.7,152.36,153.43,972192.0,153.515,5211.0
2024-01-03 18:00:00+00:00,153.36,154.45,152.25,152.33,639113.0,153.316,3682.0
2024-01-03 19:00:00+00:00,152.3,155.4,151.75,153.48,1003211.0,153.735,5465.0
2024-01-03 20:00:00+00:00,153.43,154.1,152.14,152.21,1334358.0,152.819,8624.0
2024-01-04 14:30:00+00:00,152.5,154.88,148.8,154.57,1910889.0,152.204,8591.0
2024-01-04 15:00:00+00:00,154.57,161.28,154.19,158.73,3496191.0,158.57,16388.0
2024-01-04 16:00:00+00:00,158.73,159.8,157.37,158.22,1111845.0,158.433,5736.0
2024-01-04 17:00:00+00:00,158.15,159.57,157.42,158.54,871855.0,158.488,3720.0
2024-01-04 18:00:00+00:00,158.55,160.89,157.92,158.16,770368.0,158.997,3712.0
2024-01-04 19:00:00+00:00,158.1,159.5,155.77,157.14,1145120.0,157.662,5889.0
2024-01-04 20:00:00+00:00,157.12,158.1,155.12,155.6,1627420.0,156.668,8686.0
2024-01-05 14:30:00+00:00,152.67,155.05,151.09,151.62,1415408.0,153.127,6166.0
2024-01-05 15:00:00+00:00,151.86,157.69,151.75,155.28,1754542.0,155.281,7732.0
2024-01-05 16:00:00+00:00,155.29,155.76,153.25,153.6,809162.0,154.318,4148.0
2024-01-05 17:00:00+00:00,153.6,156.09,153.08,155.45,695597.0,154.964,3611.0
2024-01-05 18:00:00+00:00,155.42,156.44,153.78,156.24,729863.0,155.284,3599.0
2024-01-05 19:00:00+00:00,156.28,156.78,154.27,154.5,645467.0,155.893,3247.0
2024-01-05 20:00:00+00:00,154.51,155.09,153.51,154.03,1420352.0,154.084,8898.0
2024-01-08 14:30:00+00:00,157.8,160.78,146.51,148.28,2755221.0,154.113,11639.0
2024-01-08 15:00:00+00:00,148.23,154.65,147.12,152.14,2899932.0,151.224,13321.0
2024-01-08 16:00:00+00:00,152.13,153.38,150.62,151.99,1059057.0,151.793,4322.0
2024-01-08 17:00:00+00:00,152.06,156.81,151.96,155.71,1449057.0,154.568,6507.0
2024-01-08 18:00:00+00:00,155.73,161.38,155.18,159.25,2227884.0,158.448,10215.0
2024-01-08 19:00:00+00:00,159.25,160.01,157.0,159.1,1481934.0,158.649,6882.0
2024-01-08 20:00:00+00:00,159.04,160.04,158.11,159.42,1288067.0,159.229,6698.0
2024-01-09 14:30:00+00:00,159.6,159.99,153.29,155.35,1950948.0,155.723,8932.0
2024-01-09 15:00:00+00:00,155.31,156.37,151.83,153.69,1733885.0,154.233,8021.0
2024-01-09 16:00:00+00:00,153.73,154.7,152.99,154.25,1080745.0,153.743,4179.0
2024-01-09 17:00:00+00:00,154.28,155.5,153.33,155.2,768840.0,154.372,3182.0
2024-01-09 18:00:00+00:00,155.38,155.83,153.56,154.51,777341.0,154.427,3521.0
2024-01-09 19:00:00+00:00,154.64,154.79,152.69,153.23,698071.0,153.37,3116.0
2024-01-09 20:00:00+00:00,153.23,153.98,151.32,152.03,1336305.0,152.324,7543.0
2024-01-10 14:30:00+00:00,149.21,150.41,143.15,144.68,2812460.0,146.734,12932.0
2024-01-10 15:00:00+00:00,144.57,151.01,143.76,150.39,2509573.0,146.667,12526.0
2024-01-10 16:00:00+00:00,150.42,151.15,148.77,149.58,1114407.0,149.83,5419.0
2024-01-10 17:00:00+00:00,149.57,153.24,148.56,152.85,1298173.0,151.165,5782.0
2024-01-10 18:00:00+00:00,153.02,153.48,150.7,151.56,1240393.0,152.271,5509.0
2024-01-10 19:00:00+00:00,151.63,153.08,150.69,152.88,920137.0,151.975,4515.0
2024-01-10 20:00:00+00:00,152.94,152.96,149.38,151.24,1676912.0,150.572,9247.0
2024-01-11 14:30:00+00:00,158.87,161.04,151.34,151.85,5891426.0,156.491,27863.0
2024-01-11 15:00:00+00:00,151.78,152.34,143.55,146.31,6487677.0,147.561,31902.0
2024-01-11 16:00:00+00:00,146.37,147.44,140.12,141.74,3605365.0,143.008,18210.0
2024-01-11 17:00:00+00:00,141.67,144.42,140.01,144.25,1857831.0,142.017,8630.0
2024-01-11 18:00:00+00:00,144.19,144.21,140.35,142.2,1689752.0,141.947,8424.0
2024-01-11 19:00:00+00:00,142.23,144.09,140.53,143.27,1320740.0,142.141,6438.0
2024-01-11 20:00:00+00:00,143.31,143.53,140.7,141.16,2065029.0,141.694,11208.0
2024-01-12 14:30:00+00:00,137.19,141.07,135.61,139.26,3064144.0,137.996,15412.0
2024-01-12 15:00:00+00:00,139.26,139.27,133.55,134.68,3496235.0,135.412,16506.0
2024-01-12 16:00:00+00:00,134.66,135.76,132.03,132.72,1895998.0,133.764,9479.0
2024-01-12 17:00:00+00:00,132.9,133.31,131.81,133.27,1382630.0,132.401,6772.0
2024-01-12 18:00:00+00:00,133.31,133.88,132.07,132.77,978875.0,133.01,5204.0
2024-01-12 19:00:00+00:00,132.82,133.02,130.91,132.04,1503485.0,131.835,7474.0
2024-01-12 20:00:00+00:00,132.02,132.6,130.37,130.77,1975544.0,131.468,11395.0
2024-01-16 14:30:00+00:00,129.44,133.98,126.88,132.75,3199422.0,130.333,13190.0
2024-01-16 15:00:00+00:00,132.83,136.4,131.2,134.63,3130313.0,133.944,15475.0
2024-01-16 16:00:00+00:00,134.63,134.75,132.08,132.85,1208812.0,132.997,6371.0
2024-01-16 17:00:00+00:00,132.83,134.18,132.5,133.94,665176.0,133.329,3417.0
2024-01-16 18:00:00+00:00,133.85,134.52,132.36,132.78,564714.0,133.376,2821.0
2024-01-16 19:00:00+00:00,132.83,133.92,132.29,133.76,461688.0,133.107,2272.0
2024-01-16 20:00:00+00:00,133.82,134.27,132.5,133.82,1024246.0,133.395,5981.0
2024-01-17 14:30:00+00:00,130.73,133.52,129.8,130.16,1322390.0,131.73,6804.0
2024-01-17 15:00:00+00:00,130.19,132.4,129.41,130.81,931108.0,131.083,5215.0
2024-01-17 16:00:00+00:00,130.81,131.4,129.9,131.16,677182.0,130.527,3708.0
2024-01-17 17:00:00+00:00,131.17,133.41,130.99,132.66,658007.0,132.405,3217.0
2024-01-17 18:00:00+00:00,132.61,132.89,131.71,132.2,305477.0,132.247,1702.0
2024-01-17 19:00:00+00:00,132.26,133.34,132.0,133.03,343813.0,132.747,1857.0
2024-01-17 20:00:00+00:00,133.0,134.26,132.64,133.9,1007416.0,133.524,5881.0
2024-01-18 14:30:00+00:00,133.24,135.13,130.14,134.04,1274705.0,132.368,5836.0
2024-01-18 15:00:00+00:00,134.1,137.31,132.7,133.19,1914453.0,135.016,9381.0
2024-01-18 16:00:00+00:00,133.1,133.4,130.54,130.98,896363.0,131.825,4777.0
2024-01-18 17:00:00+00:00,130.99,131.0,126.34,127.36,1463793.0,128.796,7387.0
2024-01-18 18:00:00+00:00,127.3,127.8,124.33,124.46,1689337.0,125.817,8640.0
2024-01-18 19:00:00+00:00,124.49,126.75,124.44,124.93,1079349.0,125.6,5439.0
2024-01-18 20:00:00+00:00,124.92,125.9,123.93,124.33,1664727.0,124.799,9716.0
2024-01-19 14:30:00+00:00,124.16,124.4,120.99,123.36,1872592.0,122.578,8907.0
2024-01-19 15:00:00+00:00,123.34,124.0,118.66,121.83,1768352.0,121.861,8820.0
2024-01-19 16:00:00+00:00,121.84,122.33,118.77,118.9,1684422.0,120.371,8491.0
2024-01-19 17:00:00+00:00,118.87,120.76,118.02,119.88,1586870.0,119.276,8861.0
2024-01-19 18:00:00+00:00,119.94,122.31,119.75,121.87,1743510.0,121.301,8995.0
2024-01-19 19:00:00+00:00,121.94,124.76,120.86,123.42,1521743.0,123.068,7576.0
2024-01-19 20:00:00+00:00,123.41,124.82,123.18,124.75,1621241.0,124.154,10178.0
2024-01-22 14:30:00+00:00,124.05,130.83,122.5,130.81,1964303.0,127.419,10188.0
2024-01-22 15:00:00+00:00,130.83,131.78,127.46,127.66,1836960.0,129.551,9611.0
2024-01-22 16:00:00+00:00,127.7,128.39,125.48,126.24,1223376.0,126.749,5882.0
2024-01-22 17:00:00+00:00,126.32,127.27,125.21,126.13,687613.0,126.265,2983.0
2024-01-22 18:00:00+00:00,126.06,126.51,124.22,125.54,622548.0,125.217,2826.0
2024-01-22 19:00:00+00:00,125.59,125.86,124.12,124.75,526031.0,124.819,2903.0
2024-01-22 20:00:00+00:00,124.75,128.73,124.64,128.2,1358074.0,127.597,7837.0
2024-01-23 14:30:00+00:00,122.41,123.54,120.33,122.1,1559899.0,122.063,7531.0
2024-01-23 15:00:00+00:00,122.21,124.6,121.8,122.68,1568107.0,123.321,7598.0
2024-01-23 16:00:00+00:00,122.76,125.99,122.42,125.68,1030874.0,123.963,4825.0
2024-01-23 17:00:00+00:00,125.67,126.15,123.87,124.46,657854.0,125.019,2996.0
2024-01-23 18:00:00+00:00,124.46,124.74,123.4,124.15,401910.0,124.083,1886.0
2024-01-23 19:00:00+00:00,124.12,124.43,123.1,123.75,410736.0,123.684,1759.0
2024-01-23 20:00:00+00:00,123.75,124.9,123.25,124.2,816281.0,124.353,4393.0
2024-01-24 14:30:00+00:00,127.28,127.97,122.62,123.39,1497045.0,125.305,7426.0
2024-01-24 15:00:00+00:00,123.35,125.49,122.69,124.69,1198589.0,124.32,5745.0
2024-01-24 16:00:00+00:00,124.69,125.08,123.43,124.3,661689.0,124.343,2921.0
2024-01-24 17:00:00+00:00,124.39,124.65,123.33,124.09,552416.0,124.003,2672.0
2024-01-24 18:00:00+00:00,124.13,124.2,121.22,121.45,823615.0,122.224,3684.0
2024-01-24 19:00:00+00:00,121.41,122.18,120.79,122.08,595929.0,121.449,2701.0
2024-01-24 20:00:00+00:00,122.09,122.51,121.24,121.4,785933.0,121.653,4904.0
2024-01-25 14:30:00+00:00,122.38,124.26,121.55,123.28,1089388.0,123.066,4499.0
2024-01-25 15:00:00+00:00,123.5,123.84,118.92,119.92,1321329.0,120.7,6771.0
2024-01-25 16:00:00+00:00,119.93,121.71,119.7,120.81,606402.0,120.834,3118.0
2024-01-25 17:00:00+00:00,120.87,120.91,119.61,120.42,530071.0,120.09,2592.0
2024-01-25 18:00:00+00:00,120.49,122.05,120.3,120.99,608229.0,121.362,3228.0
2024-01-25 19:00:00+00:00,120.95,121.38,120.2,121.13,440359.0,120.851,2419.0
2024-01-25 20:00:00+00:00,121.14,121.3,120.49,120.97,830737.0,120.922,5583.0
2024-01-26 14:30:00+00:00,127.52,128.1,123.51,125.22,2366675.0,125.907,10719.0
2024-01-26 15:00:00+00:00,125.22,125.22,121.46,124.74,2143418.0,123.113,9864.0
2024-01-26 16:00:00+00:00,124.69,126.15,123.82,125.9,1522428.0,125.152,6284.0
2024-01-26 17:00:00+00:00,125.94,126.37,123.7,123.92,978402.0,124.993,4317.0
2024-01-26 18:00:00+00:00,123.92,125.52,123.64,124.9,628514.0,124.709,2932.0
2024-01-26 19:00:00+00:00,124.89,126.2,124.51,125.98,785343.0,125.538,4169.0
2024-01-26 20:00:00+00:00,125.99,126.01,124.35,125.2,1369169.0,125.104,8137.0
2024-01-29 14:30:00+00:00,127.09,130.3,125.79,130.3,2110639.0,128.379,9132.0
2024-01-29 15:00:00+00:00,130.32,135.45,129.72,135.23,3657635.0,132.797,17224.0
2024-01-29 16:00:00+00:00,135.16,136.89,134.06,134.84,2266974.0,135.506,10634.0
2024-01-29 17:00:00+00:00,134.72,135.29,131.11,132.41,1595395.0,132.815,7438.0
2024-01-29 18:00:00+00:00,132.43,134.06,131.41,133.5,1180589.0,132.875,4764.0
2024-01-29 19:00:00+00:00,133.49,133.79,131.68,131.89,754034.0,132.543,3138.0
2024-01-29 20:00:00+00:00,131.89,133.1,131.88,132.81,1369334.0,132.609,7936.0
2024-01-30 14:30:00+00:00,136.06,136.7,131.78,134.21,1759169.0,133.994,7439.0
2024-01-30 15:00:00+00:00,134.34,134.5,131.2,131.7,1452912.0,133.044,6371.0
2024-01-30 16:00:00+00:00,131.7,132.65,130.47,132.19,803693.0,131.636,3723.0
2024-01-30 17:00:00+00:00,132.26,132.56,130.45,130.58,498260.0,131.439,2542.0
2024-01-30 18:00:00+00:00,130.55,132.41,130.55,131.12,354930.0,131.564,1867.0
2024-01-30 19:00:00+00:00,131.2,131.8,130.44,131.36,365428.0,131.161,1946.0
2024-01-30 20:00:00+00:00,131.34,131.82,130.65,130.82,755026.0,131.216,4411.0
2024-01-31 14:30:00+00:00,129.45,132.31,128.3,131.82,920101.0,130.305,4169.0
2024-01-31 15:00:00+00:00,131.92,133.0,131.03,132.71,949968.0,131.935,5191.0
2024-01-31 16:00:00+00:00,132.7,135.55,132.51,133.2,1549685.0,133.861,7205.0
2024-01-31 17:00:00+00:00,133.21,135.15,133.2,135.07,558362.0,134.295,3014.0
2024-01-31 18:00:00+00:00,135.09,135.14,133.21,133.27,473637.0,134.311,2701.0
2024-01-31 19:00:00+00:00,133.35,135.17,130.76,132.7,1114499.0,132.842,5511.0
2024-01-31 20:00:00+00:00,132.65,132.92,127.57,128.19,1492422.0,129.418,8152.0
2024-02-01 14:30:00+00:00,128.91,132.07,128.21,130.9,932086.0,130.376,4698.0
2024-02-01 15:00:00+00:00,130.77,131.58,124.24,124.54,1336768.0,128.003,6792.0
2024-02-01 16:00:00+00:00,124.49,126.98,124.45,126.87,693143.0,126.087,3562.0
2024-02-01 17:00:00+00:00,126.94,129.6,126.82,129.0,625522.0,128.518,3285.0
2024-02-01 18:00:00+00:00,129.1,130.88,128.21,130.02,727630.0,129.782,3282.0
2024-02-01 19:00:00+00:00,130.08,130.54,129.09,130.13,331763.0,129.944,1778.0
2024-02-01 20:00:00+00:00,130.14,130.36,128.57,128.9,513533.0,129.276,3408.0
2024-02-02 14:30:00+00:00,126.9,128.29,126.1,126.64,707642.0,127.097,3282.0
2024-02-02 15:00:00+00:00,126.6,129.97,125.55,128.4,1129714.0,127.695,5150.0
2024-02-02 16:00:00+00:00,128.55,129.2,127.44,128.1,537301.0,128.224,2613.0
2024-02-02 17:00:00+00:00,128.1,128.86,126.66,127.27,383055.0,127.818,2032.0
2024-02-02 18:00:00+00:00,127.31,128.01,126.17,127.74,377219.0,127.002,1977.0
2024-02-02 19:00:00+00:00,127.72,130.13,127.6,129.32,527663.0,129.211,2847.0
2024-02-02 20:00:00+00:00,129.4,129.66,128.19,129.18,576634.0,129.144,3465.0
2024-02-05 14:30:00+00:00,128.7,128.89,122.72,123.51,1571799.0,125.102,7019.0
2024-02-05 15:00:00+00:00,123.52,123.52,115.8,117.29,3396314.0,119.371,17283.0
2024-02-05 16:00:00+00:00,117.26,119.09,117.0,118.61,1497071.0,117.967,7844.0
2024-02-05 17:00:00+00:00,118.6,120.19,118.5,119.96,937973.0,119.49,4438.0
2024-02-05 18:00:00+00:00,119.97,120.09,117.7,118.44,610649.0,118.515,2946.0
2024-02-05 19:00:00+00:00,118.4,119.4,117.83,118.55,536084.0,118.606,2779.0
2024-02-05 20:00:00+00:00,118.56,118.56,116.8,117.31,1209010.0,117.495,7648.0
2024-02-06 14:30:00+00:00,118.35,119.79,115.9,118.94,1249118.0,118.48,6594.0
2024-02-06 15:00:00+00:00,118.9,120.9,118.39,119.43,1107019.0,120.111,6175.0
2024-02-06 16:00:00+00:00,119.34,120.3,117.1,117.1,596387.0,119.007,3320.0
2024-02-06 17:00:00+00:00,117.12,118.4,117.0,118.2,350537.0,117.893,1935.0
2024-02-06 18:00:00+00:00,118.22,119.07,118.0,119.06,262427.0,118.5,1663.0
2024-02-06 19:00:00+00:00,119.06,119.74,118.5,119.54,381729.0,119.006,2236.0
2024-02-06 20:00:00+00:00,119.57,120.2,119.04,119.82,761640.0,119.532,5391.0
2024-02-07 14:30:00+00:00,119.9,119.9,116.25,116.68,697119.0,117.82,3565.0
2024-02-07 15:00:00+00:00,116.61,119.08,114.51,117.46,1490180.0,116.803,7413.0
2024-02-07 16:00:00+00:00,117.53,119.11,117.28,118.88,452812.0,118.411,2603.0
2024-02-07 17:00:00+00:00,118.98,121.84,118.77,121.36,986528.0,120.489,4526.0
2024-02-07 18:00:00+00:00,121.37,124.4,121.14,123.93,1216338.0,123.116,6078.0
2024-02-07 19:00:00+00:00,123.95,124.29,122.01,122.55,513431.0,122.997,2675.0
2024-02-07 20:00:00+00:00,122.62,123.75,121.77,122.07,995094.0,122.544,6025.0
2024-02-08 14:30:00+00:00,127.22,131.21,125.81,129.88,2300735.0,128.326,11211.0
2024-02-08 15:00:00+00:00,129.83,133.05,129.15,132.56,2179081.0,131.399,11355.0
2024-02-08 16:00:00+00:00,132.5,132.83,130.08,130.97,1104894.0,131.607,5546.0
2024-02-08 17:00:00+00:00,130.97,131.88,130.02,130.55,523660.0,131.004,2825.0
2024-02-08 18:00:00+00:00,130.55,132.48,130.4,132.41,469206.0,131.66,2680.0
2024-02-08 19:00:00+00:00,132.43,132.85,131.38,131.56,489809.0,132.111,2771.0
2024-02-08 20:00:00+00:00,131.56,132.98,131.52,132.55,1092299.0,132.221,7319.0
2024-02-09 14:30:00+00:00,142.16,144.55,138.85,140.41,3133786.0,141.407,15503.0
2024-02-09 15:00:00+00:00,140.4,142.97,138.88,141.33,1769960.0,140.973,9580.0
2024-02-09 16:00:00+00:00,141.31,141.69,137.17,138.92,1348048.0,139.149,6838.0
2024-02-09 17:00:00+00:00,138.87,141.69,138.16,141.38,946010.0,140.046,5390.0
2024-02-09 18:00:00+00:00,141.43,143.3,140.03,140.39,1425454.0,142.127,7740.0
2024-02-09 19:00:00+00:00,140.35,141.16,139.45,140.13,538486.0,140.355,3222.0
2024-02-09 20:00:00+00:00,140.2,142.37,139.96,141.99,1844377.0,141.224,11198.0
2024-02-12 14:30:00+00:00,141.22,146.45,140.98,145.95,1462333.0,144.53,7398.0
2024-02-12 15:00:00+00:00,145.88,150.35,144.62,149.72,2071986.0,147.605,10653.0
2024-02-12 16:00:00+00:00,149.8,149.8,146.45,147.22,1105976.0,148.207,5862.0
2024-02-12 17:00:00+00:00,147.3,150.16,146.77,148.98,851191.0,148.77,4344.0
2024-02-12 18:00:00+00:00,148.95,149.46,145.8,147.19,692826.0,147.613,3211.0
2024-02-12 19:00:00+00:00,147.25,149.35,145.91,146.39,697934.0,147.274,3360.0
2024-02-12 20:00:00+00:00,146.47,148.41,146.41,147.3,964086.0,147.661,5555.0
2024-02-13 14:30:00+00:00,138.18,142.91,137.13,140.29,2267415.0,139.918,10305.0
2024-02-13 15:00:00+00:00,140.25,142.2,138.02,139.8,1319249.0,140.211,6649.0
2024-02-13 16:00:00+00:00,139.81,142.49,139.71,141.0,554425.0,141.306,2913.0
2024-02-13 17:00:00+00:00,141.05,141.75,139.63,141.58,425859.0,140.72,2457.0
2024-02-13 18:00:00+00:00,141.59,143.75,141.43,142.74,502175.0,142.767,2677.0
2024-02-13 19:00:00+00:00,142.63,142.77,140.02,140.16,451082.0,141.46,2471.0
2024-02-13 20:00:00+00:00,140.16,140.84,138.33,140.41,993257.0,139.933,5670.0
2024-02-14 14:30:00+00:00,151.63,160.22,150.4,159.9,3836412.0,155.638,18253.0
2024-02-14 15:00:00+00:00,159.93,160.1,154.88,155.64,2598641.0,157.257,13400.0
2024-02-14 16:00:00+00:00,155.52,158.0,153.91,157.28,1569222.0,155.833,8130.0
2024-02-14 17:00:00+00:00,157.29,158.91,155.7,158.6,800938.0,157.569,4105.0
2024-02-14 18:00:00+00:00,158.57,160.69,157.13,160.41,1085617.0,159.25,5550.0
2024-02-14 19:00:00+00:00,160.41,160.6,158.55,159.61,868318.0,159.427,4904.0
2024-02-14 20:00:00+00:00,159.63,161.13,159.32,160.37,1749351.0,160.159,10509.0
2024-02-15 14:30:00+00:00,168.79,172.82,166.25,170.14,3299696.0,170.049,16794.0
2024-02-15 15:00:00+00:00,170.08,171.89,166.71,167.9,2479064.0,169.367,13556.0
2024-02-15 16:00:00+00:00,167.92,168.39,164.25,167.19,1690430.0,166.502,8917.0
2024-02-15 17:00:00+00:00,167.27,167.52,165.0,165.09,922997.0,166.064,4914.0
2024-02-15 18:00:00+00:00,165.17,167.69,165.0,166.47,927417.0,166.177,4699.0
2024-02-15 19:00:00+00:00,166.47,166.53,162.08,165.17,1394685.0,164.508,7721.0
2024-02-15 20:00:00+00:00,165.04,166.35,163.86,165.65,1651848.0,165.444,10273.0
2024-02-16 14:30:00+00:00,189.05,193.64,178.8,185.21,8294285.0,187.709,39011.0
2024-02-16 15:00:00+00:00,185.31,189.8,180.72,189.46,4785363.0,185.474,22486.0
2024-02-16 16:00:00+00:00,189.53,192.99,189.01,191.39,3124277.0,191.211,15441.0
2024-02-16 17:00:00+00:00,191.39,192.0,188.76,190.67,1769552.0,190.541,10544.0
2024-02-16 18:00:00+00:00,190.61,190.69,185.28,188.36,1837383.0,187.708,10255.0
2024-02-16 19:00:00+00:00,188.34,188.95,183.9,185.21,1496882.0,186.529,7469.0
2024-02-16 20:00:00+00:00,185.14,185.52,179.01,180.29,2723286.0,181.29,15609.0
2024-02-20 14:30:00+00:00,180.01,181.31,172.54,173.32,2742154.0,176.005,12031.0
2024-02-20 15:00:00+00:00,173.44,174.22,167.56,170.46,2470030.0,170.667,12495.0
2024-02-20 16:00:00+00:00,170.53,171.22,166.66,166.85,1156339.0,168.8,6190.0
2024-02-20 17:00:00+00:00,166.9,166.98,163.39,166.63,1319211.0,165.424,6645.0
2024-02-20 18:00:00+00:00,166.61,168.08,165.5,166.89,1069657.0,167.017,5715.0
2024-02-20 19:00:00+00:00,166.89,168.66,163.8,168.56,981677.0,166.086,5374.0
2024-02-20 20:00:00+00:00,168.65,173.5,168.44,173.31,1649406.0,171.465,10394.0
2024-02-21 14:30:00+00:00,164.21,166.74,162.49,163.26,2091459.0,164.319,10845.0
2024-02-21 15:00:00+00:00,163.43,167.11,162.67,165.84,1322890.0,165.297,6452.0
2024-02-21 16:00:00+00:00,165.9,168.09,165.33,167.15,801440.0,166.934,4061.0
2024-02-21 17:00:00+00:00,167.14,167.15,162.84,163.95,985773.0,164.093,4586.0
2024-02-21 18:00:00+00:00,164.0,164.85,162.78,163.71,434119.0,163.904,2254.0
2024-02-21 19:00:00+00:00,163.65,164.49,162.25,162.7,562468.0,163.216,3067.0
2024-02-21 20:00:00+00:00,162.7,162.99,161.19,162.39,972356.0,162.26,5570.0
2024-02-22 14:30:00+00:00,164.85,168.4,163.8,167.57,1362041.0,166.145,6681.0
2024-02-22 15:00:00+00:00,167.81,171.99,167.25,169.32,1672925.0,169.805,8612.0
2024-02-22 16:00:00+00:00,169.33,171.19,167.27,167.67,686724.0,169.469,3810.0
2024-02-22 17:00:00+00:00,167.66,169.29,167.46,168.63,515445.0,168.422,2650.0
2024-02-22 18:00:00+00:00,168.56,170.45,168.13,170.44,496152.0,169.119,2679.0
2024-02-22 19:00:00+00:00,170.42,170.99,169.61,170.05,426934.0,170.303,2343.0
2024-02-22 20:00:00+00:00,170.01,171.27,168.75,170.9,794736.0,170.414,4863.0
2024-02-23 14:30:00+00:00,167.36,170.0,165.63,166.42,1334544.0,167.183,6807.0
2024-02-23 15:00:00+00:00,166.39,166.51,164.22,164.29,884248.0,165.289,4912.0
2024-02-23 16:00:00+00:00,164.28,165.78,160.66,165.49,1043038.0,163.006,5778.0
2024-02-23 17:00:00+00:00,165.56,167.61,165.51,167.43,500628.0,166.648,2816.0
2024-02-23 18:00:00+00:00,167.42,167.63,165.75,165.9,255960.0,166.753,1477.0
2024-02-23 19:00:00+00:00,165.94,166.02,164.5,165.35,348226.0,165.146,2108.0
2024-02-23 20:00:00+00:00,165.43,166.22,164.46,165.99,756692.0,165.43,5023.0
2024-02-26 14:30:00+00:00,168.7,178.5,168.4,177.88,1947481.0,174.969,9845.0
2024-02-26 15:00:00+00:00,177.88,186.34,177.19,182.92,3219149.0,182.596,16444.0
2024-02-26 16:00:00+00:00,182.94,186.45,182.12,185.62,1626416.0,184.49,7870.0
2024-02-26 17:00:00+00:00,185.59,189.97,184.71,189.73,1456006.0,187.871,7630.0
2024-02-26 18:00:00+00:00,189.75,191.0,187.4,190.0,1460775.0,189.392,7367.0
2024-02-26 19:00:00+00:00,189.96,196.15,188.79,194.98,2964220.0,193.454,14478.0
2024-02-26 20:00:00+00:00,194.96,196.95,191.3,193.53,3167954.0,193.641,17274.0
2024-02-27 14:30:00+00:00,205.16,209.94,200.8,204.67,5355820.0,205.435,26864.0
2024-02-27 15:00:00+00:00,204.55,206.5,196.65,200.28,3350705.0,202.118,16943.0
2024-02-27 16:00:00+00:00,200.27,200.97,196.12,200.19,1878151.0,198.871,9177.0
2024-02-27 17:00:00+00:00,200.19,201.3,192.09,193.5,1774126.0,196.279,9154.0
2024-02-27 18:00:00+00:00,193.67,199.32,193.04,198.39,1354176.0,197.239,6642.0
2024-02-27 19:00:00+00:00,198.28,199.74,196.24,199.48,767128.0,198.124,3978.0
2024-02-27 20:00:00+00:00,199.49,199.85,197.99,199.13,1195315.0,198.984,6731.0
2024-02-28 14:30:00+00:00,209.41,210.18,203.9,209.82,3212295.0,207.586,15384.0
2024-02-28 15:00:00+00:00,209.72,212.22,205.67,208.04,3065012.0,208.231,15874.0
2024-02-28 16:00:00+00:00,208.11,210.5,207.15,210.48,1592260.0,208.915,8150.0
2024-02-28 17:00:00+00:00,210.44,211.63,200.53,205.78,4215767.0,205.698,21418.0
2024-02-28 18:00:00+00:00,205.65,205.9,197.66,205.52,2702386.0,202.156,13361.0
2024-02-28 19:00:00+00:00,205.56,206.05,202.37,204.26,1091735.0,204.161,5623.0
2024-02-28 20:00:00+00:00,204.26,205.0,199.24,200.73,1710128.0,201.19,9330.0
2024-02-29 14:30:00+00:00,206.46,211.31,203.04,204.88,2394255.0,207.008,11767.0
2024-02-29 15:00:00+00:00,204.85,205.7,197.21,200.58,2632168.0,201.257,13057.0
2024-02-29 16:00:00+00:00,200.44,201.23,193.88,197.54,1917708.0,197.22,9515.0
2024-02-29 17:00:00+00:00,197.46,199.23,195.06,197.24,998585.0,197.044,5508.0
2024-02-29 18:00:00+00:00,197.22,200.3,196.25,197.39,777804.0,198.382,4008.0
2024-02-29 19:00:00+00:00,197.35,199.93,196.78,199.12,776199.0,198.526,3866.0
2024-02-29 20:00:00+00:00,199.15,204.51,199.0,203.42,1474666.0,202.435,8356.0
2024-03-01 14:30:00+00:00,202.7,204.89,196.01,202.67,1389959.0,200.632,6609.0
2024-03-01 15:00:00+00:00,202.78,205.0,199.92,200.86,1406404.0,202.973,7473.0
2024-03-01 16:00:00+00:00,201.0,205.18,200.6,203.38,859573.0,203.357,4607.0
2024-03-01 17:00:00+00:00,203.48,206.39,203.32,204.88,656966.0,205.196,3482.0
2024-03-01 18:00:00+00:00,204.92,206.27,203.6,206.08,462317.0,205.08,2769.0
2024-03-01 19:00:00+00:00,206.09,206.21,204.64,204.97,377759.0,205.241,2366.0
2024-03-01 20:00:00+00:00,205.02,205.94,203.49,205.8,933010.0,204.614,5590.0
2024-03-04 14:30:00+00:00,217.4,222.5,212.24,220.11,2921765.0,218.646,14003.0
2024-03-04 15:00:00+00:00,220.23,224.9,217.92,223.86,2343735.0,222.287,11396.0
2024-03-04 16:00:00+00:00,223.72,224.94,218.12,219.88,1849820.0,221.836,9108.0
2024-03-04 17:00:00+00:00,219.88,224.94,217.8,224.01,1912953.0,221.845,9803.0
2024-03-04 18:00:00+00:00,223.98,233.31,223.92,231.16,2908415.0,228.914,14407.0
2024-03-04 19:00:00+00:00,231.28,235.24,229.71,234.1,1312635.0,232.569,6858.0
2024-03-04 20:00:00+00:00,234.19,236.46,226.0,228.72,2350578.0,232.012,13851.0
2024-03-05 14:30:00+00:00,230.0,237.85,225.0,234.84,2961238.0,232.832,14785.0
2024-03-05 15:00:00+00:00,234.9,239.98,225.61,229.09,4361991.0,233.224,23436.0
2024-03-05 16:00:00+00:00,229.25,230.0,218.01,225.05,3192916.0,223.388,17599.0
2024-03-05 17:00:00+00:00,224.87,227.19,220.77,225.97,1266260.0,224.085,6748.0
2024-03-05 18:00:00+00:00,225.96,226.0,221.55,221.91,790198.0,223.657,4616.0
2024-03-05 19:00:00+00:00,221.9,223.5,215.51,217.6,1511752.0,219.425,8955.0
2024-03-05 20:00:00+00:00,217.7,219.55,215.4,216.77,2069866.0,217.388,12950.0
2024-03-06 14:30:00+00:00,229.2,235.01,228.27,231.32,2243261.0,231.956,11286.0
2024-03-06 15:00:00+00:00,231.28,231.8,223.03,228.92,2914108.0,226.664,16816.0
2024-03-06 16:00:00+00:00,228.85,233.07,228.85,232.7,1132118.0,231.657,6056.0
2024-03-06 17:00:00+00:00,232.67,238.92,231.21,238.8,1660479.0,235.699,8549.0
2024-03-06 18:00:00+00:00,238.75,239.9,234.0,236.45,1368733.0,236.902,7398.0
2024-03-06 19:00:00+00:00,236.25,239.24,234.76,237.95,912884.0,237.821,5511.0
2024-03-06 20:00:00+00:00,237.78,239.15,232.55,238.61,1667745.0,236.794,10225.0
2024-03-07 14:30:00+00:00,240.07,242.8,236.35,239.27,1949020.0,240.115,10059.0
2024-03-07 15:00:00+00:00,239.33,242.28,235.5,239.73,1511100.0,238.969,7191.0
2024-03-07 16:00:00+00:00,239.81,240.78,236.47,239.63,792806.0,239.207,4208.0
2024-03-07 17:00:00+00:00,239.8,241.56,238.21,238.62,583722.0,240.225,3185.0
2024-03-07 18:00:00+00:00,238.54,241.0,237.85,240.1,454386.0,239.804,2322.0
2024-03-07 19:00:00+00:00,240.25,241.5,239.13,239.62,524230.0,240.476,2786.0
2024-03-07 20:00:00+00:00,239.56,242.87,238.83,242.56,805951.0,241.434,4982.0
2024-03-08 14:30:00+00:00,246.16,255.06,244.9,254.32,2673315.0,250.343,13735.0
2024-03-08 15:00:00+00:00,254.37,270.55,254.3,259.12,5041372.0,262.82,26866.0
2024-03-08 16:00:00+00:00,259.14,260.41,246.63,255.62,3015415.0,254.073,15484.0
2024-03-08 17:00:00+00:00,255.57,258.9,252.21,254.5,1558643.0,255.786,8164.0
2024-03-08 18:00:00+00:00,254.25,255.75,250.33,253.75,855426.0,253.341,4778.0
2024-03-08 19:00:00+00:00,253.65,257.9,252.25,257.49,927674.0,255.571,5208.0
2024-03-08 20:00:00+00:00,257.49,259.09,254.52,256.72,1289385.0,256.301,7980.0
2024-03-11 13:30:00+00:00,270.01,271.65,256.75,258.74,2979471.0,264.127,15345.0
2024-03-11 14:00:00+00:00,258.89,268.77,258.87,268.44,2306334.0,264.739,12651.0
2024-03-11 15:00:00+00:00,268.42,271.0,265.0,267.51,1995970.0,267.866,10950.0
2024-03-11 16:00:00+00:00,267.51,271.0,267.02,269.02,1389744.0,269.158,7416.0
2024-03-11 17:00:00+00:00,269.03,269.49,265.83,268.19,1088153.0,267.312,5799.0
2024-03-11 18:00:00+00:00,268.17,269.69,263.52,264.61,1122220.0,267.031,6214.0
2024-03-11 19:00:00+00:00,264.79,265.28,253.96,254.29,2607437.0,257.717,14726.0
2024-03-12 13:30:00+00:00,257.65,260.79,242.09,254.47,2507548.0,251.31,13315.0
2024-03-12 14:00:00+00:00,254.53,259.95,250.11,253.0,1905692.0,254.418,9923.0
2024-03-12 15:00:00+00:00,252.97,259.05,250.31,256.11,1386073.0,256.361,7203.0
2024-03-12 16:00:00+00:00,256.28,257.73,250.52,252.3,965146.0,253.803,5120.0
2024-03-12 17:00:00+00:00,252.56,254.55,247.31,254.55,1191955.0,250.131,6539.0
2024-03-12 18:00:00+00:00,254.43,258.96,252.96,258.0,943301.0,255.749,4576.0
2024-03-12 19:00:00+00:00,258.0,258.89,254.34,256.27,1101963.0,256.523,6640.0
2024-03-13 13:30:00+00:00,253.36,261.33,252.2,257.9,2144201.0,257.142,9396.0
2024-03-13 14:00:00+00:00,257.79,269.39,256.91,265.54,2513702.0,264.864,12785.0
2024-03-13 15:00:00+00:00,265.6,266.69,260.55,263.78,1214077.0,263.875,5703.0
2024-03-13 16:00:00+00:00,263.53,265.9,262.2,265.48,874221.0,264.34,4057.0
2024-03-13 17:00:00+00:00,265.02,265.77,257.5,257.82,802662.0,261.322,4482.0
2024-03-13 18:00:00+00:00,257.9,259.12,254.83,256.38,984338.0,256.917,5814.0
2024-03-13 19:00:00+00:00,256.4,256.88,250.53,251.63,1903826.0,252.574,12936.0
2024-03-14 13:30:00+00:00,245.13,248.27,233.23,238.3,2618800.0,240.026,12951.0
2024-03-14 14:00:00+00:00,238.11,243.96,235.87,238.77,1911717.0,239.485,10042.0
2024-03-14 15:00:00+00:00,238.81,240.5,232.32,233.34,1500972.0,235.564,8558.0
2024-03-14 16:00:00+00:00,233.08,234.66,227.5,234.16,1690211.0,231.155,8914.0
2024-03-14 17:00:00+00:00,234.06,235.44,231.0,235.21,801548.0,232.932,4558.0
2024-03-14 18:00:00+00:00,235.46,235.72,229.92,231.18,780125.0,232.973,4385.0
2024-03-14 19:00:00+00:00,231.12,234.44,227.24,233.81,1951535.0,231.331,13139.0
2024-03-15 13:30:00+00:00,225.06,237.22,222.83,237.0,2067981.0,230.476,11162.0
2024-03-15 14:00:00+00:00,237.03,242.83,231.29,242.83,2225514.0,237.948,12772.0
2024-03-15 15:00:00+00:00,242.9,242.93,236.49,237.9,1267199.0,239.228,7133.0
2024-03-15 16:00:00+00:00,237.81,238.75,234.11,234.11,790261.0,235.876,4780.0
2024-03-15 17:00:00+00:00,234.3,238.57,234.0,238.56,528412.0,236.125,3176.0
2024-03-15 18:00:00+00:00,238.4,244.18,238.07,243.03,926233.0,240.832,5383.0
2024-03-15 19:00:00+00:00,242.95,244.65,240.28,242.44,1472729.0,242.321,9679.0
2024-03-18 13:30:00+00:00,238.61,244.05,235.57,236.86,1286312.0,239.549,6346.0
2024-03-18 14:00:00+00:00,236.95,241.24,235.05,240.28,1450782.0,238.904,7876.0
2024-03-18 15:00:00+00:00,240.36,240.69,236.58,240.06,545712.0,238.73,3362.0
2024-03-18 16:00:00+00:00,240.06,242.65,233.5,234.73,788134.0,238.546,4538.0
2024-03-18 17:00:00+00:00,234.55,239.3,230.21,238.94,1088627.0,234.396,6347.0
2024-03-18 18:00:00+00:00,239.09,240.36,238.04,238.94,513691.0,239.356,2991.0
2024-03-18 19:00:00+00:00,238.79,242.45,238.08,239.74,805648.0,240.225,5031.0
2024-03-19 13:30:00+00:00,223.24,227.91,218.02,221.54,2377849.0,223.156,12119.0
2024-03-19 14:00:00+00:00,221.61,221.65,216.16,220.0,1742160.0,218.993,10675.0
2024-03-19 15:00:00+00:00,220.0,228.67,219.19,227.45,1415381.0,224.096,7568.0
2024-03-19 16:00:00+00:00,227.45,232.24,227.05,230.12,924149.0,229.443,5325.0
2024-03-19 17:00:00+00:00,230.16,233.29,229.12,230.31,742842.0,231.468,4076.0
2024-03-19 18:00:00+00:00,230.2,232.55,228.48,231.07,523393.0,231.011,2803.0
2024-03-19 19:00:00+00:00,231.08,232.07,228.67,229.99,679580.0,230.641,4464.0
2024-03-20 13:30:00+00:00,231.38,235.5,228.8,233.23,1158708.0,232.235,5606.0
2024-03-20 14:00:00+00:00,233.3,240.85,231.62,240.09,1517098.0,237.621,8638.0
2024-03-20 15:00:00+00:00,239.74,243.11,238.91,239.9,965092.0,240.914,5620.0
2024-03-20 16:00:00+00:00,239.85,241.6,234.3,238.9,972748.0,237.886,5342.0
2024-03-20 17:00:00+00:00,238.8,241.26,237.56,239.92,528787.0,239.54,2984.0
2024-03-20 18:00:00+00:00,240.42,251.22,240.42,250.88,1846430.0,245.948,10423.0
2024-03-20 19:00:00+00:00,251.07,256.96,249.6,256.85,2199821.0,254.116,13272.0
2024-03-21 13:30:00+00:00,260.22,268.61,256.26,265.5,2908238.0,263.364,15848.0
2024-03-21 14:00:00+00:00,265.6,276.34,264.47,275.18,3183043.0,272.293,17660.0
2024-03-21 15:00:00+00:00,275.23,276.38,268.69,269.68,1374494.0,271.673,7816.0
2024-03-21 16:00:00+00:00,269.55,271.69,268.0,270.81,811856.0,269.959,4221.0
2024-03-21 17:00:00+00:00,270.85,272.42,263.13,264.42,946655.0,268.731,5131.0
2024-03-21 18:00:00+00:00,264.41,265.8,261.1,262.52,1015475.0,263.133,5812.0
2024-03-21 19:00:00+00:00,262.42,263.73,259.06,261.91,1109583.0,261.954,7041.0
2024-03-22 13:30:00+00:00,254.24,259.93,249.55,252.93,1381469.0,253.538,7009.0
2024-03-22 14:00:00+00:00,252.79,255.6,251.02,253.62,1265269.0,253.017,6786.0
2024-03-22 15:00:00+00:00,253.69,260.2,253.0,259.07,1378742.0,257.001,6992.0
2024-03-22 16:00:00+00:00,258.96,259.09,254.71,258.33,539564.0,257.091,2602.0
2024-03-22 17:00:00+00:00,258.27,260.73,257.83,259.15,441303.0,259.318,2449.0
2024-03-22 18:00:00+00:00,259.03,260.22,255.01,257.25,685854.0,256.94,3762.0
2024-03-22 19:00:00+00:00,257.1,257.38,254.21,255.4,911430.0,255.536,5058.0
2024-03-25 13:30:00+00:00,261.01,273.0,260.25,272.6,1423613.0,267.581,7348.0
2024-03-25 14:00:00+00:00,272.29,281.0,270.26,280.03,2772006.0,277.271,14717.0
2024-03-25 15:00:00+00:00,280.09,283.48,278.16,279.29,1421343.0,280.746,8139.0
2024-03-25 16:00:00+00:00,279.23,281.14,276.62,280.31,917567.0,279.064,5037.0
2024-03-25 17:00:00+00:00,280.47,281.6,278.37,280.49,612119.0,280.425,3203.0
2024-03-25 18:00:00+00:00,280.53,280.73,276.92,278.69,609062.0,278.368,3506.0
2024-03-25 19:00:00+00:00,278.6,280.89,273.5,279.77,1330568.0,277.529,8369.0
2024-03-26 13:30:00+00:00,280.17,280.83,271.1,278.0,2011267.0,275.792,11504.0
2024-03-26 14:00:00+00:00,278.0,279.9,271.79,276.79,1154963.0,275.654,6614.0
2024-03-26 15:00:00+00:00,276.87,279.0,274.28,277.88,568869.0,276.992,3391.0
2024-03-26 16:00:00+00:00,277.82,278.94,274.52,274.76,377432.0,276.346,2235.0
2024-03-26 17:00:00+00:00,274.59,277.07,273.18,275.32,388812.0,275.391,2154.0
2024-03-26 18:00:00+00:00,275.41,277.09,273.84,274.67,422663.0,275.594,2557.0
2024-03-26 19:00:00+00:00,274.66,275.07,266.69,266.81,1231830.0,270.096,7197.0
2024-03-27 13:30:00+00:00,276.06,276.61,256.81,258.55,2561984.0,265.418,13582.0
2024-03-27 14:00:00+00:00,258.49,265.4,253.95,264.97,1970267.0,260.507,10167.0
2024-03-27 15:00:00+00:00,265.1,265.4,258.1,258.31,696556.0,261.059,3985.0
2024-03-27 16:00:00+00:00,258.31,263.56,257.69,262.77,526103.0,261.409,3255.0
2024-03-27 17:00:00+00:00,262.71,264.09,259.09,259.2,410966.0,261.762,2214.0
2024-03-27 18:00:00+00:00,259.19,260.75,257.09,257.39,402977.0,259.374,2513.0
2024-03-27 19:00:00+00:00,257.45,258.5,255.42,256.59,853154.0,256.876,5730.0
2024-03-28 13:30:00+00:00,260.21,267.02,257.91,263.5,1478446.0,263.193,7365.0
2024-03-28 14:00:00+00:00,263.5,269.22,261.0,268.33,1375834.0,265.144,6872.0
2024-03-28 15:00:00+00:00,268.07,270.79,261.41,264.56,1414876.0,264.952,6759.0
2024-03-28 16:00:00+00:00,264.66,268.8,260.6,266.47,1008810.0,265.423,5163.0
2024-03-28 17:00:00+00:00,266.39,268.02,264.72,266.25,464880.0,266.546,2603.0
2024-03-28 18:00:00+00:00,266.27,267.4,263.51,265.27,552628.0,265.787,3182.0
2024-03-28 19:00:00+00:00,265.36,266.3,263.59,265.1,879979.0,264.914,5678.0
2024-04-01 13:30:00+00:00,261.87,268.81,257.6,268.58,1167716.0,263.718,5866.0
2024-04-01 14:00:00+00:00,268.44,268.8,258.34,260.67,1311145.0,263.532,7261.0
2024-04-01 15:00:00+00:00,260.69,261.26,255.3,255.44,863224.0,257.684,4847.0
2024-04-01 16:00:00+00:00,255.46,256.99,252.42,254.2,735866.0,254.914,3984.0
2024-04-01 17:00:00+00:00,254.16,254.41,249.22,251.68,792861.0,251.01,4038.0
2024-04-01 18:00:00+00:00,251.77,252.2,249.43,250.81,683956.0,251.103,3910.0
2024-04-01 19:00:00+00:00,250.94,253.91,250.03,252.1,827918.0,252.522,5240.0
2024-04-02 13:30:00+00:00,238.99,241.1,235.99,239.84,1633814.0,238.531,8627.0
2024-04-02 14:00:00+00:00,240.04,248.13,239.2,245.11,1479374.0,244.495,8110.0
2024-04-02 15:00:00+00:00,245.06,245.73,242.24,242.41,637358.0,244.267,3203.0
2024-04-02 16:00:00+00:00,242.44,245.97,242.16,245.54,501864.0,244.197,2453.0
2024-04-02 17:00:00+00:00,245.54,246.88,242.03,243.76,359465.0,244.609,2147.0
2024-04-02 18:00:00+00:00,243.72,245.61,242.95,244.28,314286.0,244.512,1671.0
2024-04-02 19:00:00+00:00,244.15,247.89,244.01,245.69,629900.0,246.243,3904.0
2024-04-03 13:30:00+00:00,244.04,248.87,243.0,247.27,675767.0,246.756,3478.0
2024-04-03 14:00:00+00:00,247.5,256.0,247.44,252.73,1339517.0,253.171,7261.0
2024-04-03 15:00:00+00:00,252.67,252.87,249.24,249.88,554276.0,251.028,3124.0
2024-04-03 16:00:00+00:00,249.98,253.47,249.58,252.4,505360.0,252.065,2763.0
2024-04-03 17:00:00+00:00,252.44,253.74,251.67,252.02,268023.0,252.717,1411.0
2024-04-03 18:00:00+00:00,251.92,253.41,250.82,252.64,284200.0,252.2,1761.0
2024-04-03 19:00:00+00:00,252.79,252.95,249.86,251.57,556517.0,251.373,3940.0
2024-04-04 13:30:00+00:00,260.14,261.5,254.26,254.45,1084290.0,258.086,5303.0
2024-04-04 14:00:00+00:00,254.38,260.48,253.23,258.26,1063427.0,257.965,5787.0
2024-04-04 15:00:00+00:00,258.15,259.0,255.22,257.57,546456.0,257.264,3046.0
2024-04-04 16:00:00+00:00,257.38,259.4,256.55,257.3,453083.0,258.111,2355.0
2024-04-04 17:00:00+00:00,257.44,259.43,255.5,258.9,402336.0,257.364,2154.0
2024-04-04 18:00:00+00:00,258.95,259.75,251.0,251.93,774767.0,254.49,4223.0
2024-04-04 19:00:00+00:00,251.79,252.53,249.46,249.51,745757.0,250.674,4463.0
2024-04-05 13:30:00+00:00,244.67,251.44,243.55,250.05,814524.0,247.518,4371.0
2024-04-05 14:00:00+00:00,250.01,253.96,249.22,253.2,898669.0,251.571,5240.0
2024-04-05 15:00:00+00:00,253.1,253.27,247.03,248.93,619718.0,249.249,3737.0
2024-04-05 16:00:00+00:00,248.88,249.59,244.0,246.29,616125.0,246.316,3646.0
2024-04-05 17:00:00+00:00,246.29,247.73,245.08,245.52,464644.0,246.265,2834.0
2024-04-05 18:00:00+00:00,245.78,246.27,241.88,242.5,524413.0,243.939,3602.0
2024-04-05 19:00:00+00:00,242.5,243.55,240.2,241.38,1103813.0,241.742,7510.0
2024-04-08 13:30:00+00:00,252.5,261.63,252.41,258.98,1808042.0,257.433,9359.0
2024-04-08 14:00:00+00:00,258.88,259.06,249.68,252.5,1626997.0,253.061,9560.0
2024-04-08 15:00:00+00:00,252.54,257.75,251.06,255.54,921188.0,255.752,4621.0
2024-04-08 16:00:00+00:00,255.4,258.89,254.74,258.58,520160.0,256.843,2832.0
2024-04-08 17:00:00+00:00,258.48,259.29,256.36,257.98,363687.0,257.812,2080.0
2024-04-08 18:00:00+00:00,257.95,259.98,257.51,259.73,540484.0,259.156,2704.0
2024-04-08 19:00:00+00:00,259.68,259.68,255.15,256.98,683242.0,256.811,4382.0
2024-04-09 13:30:00+00:00,253.07,254.55,246.32,247.51,1114805.0,249.697,5876.0
2024-04-09 14:00:00+00:00,247.58,251.06,241.1,244.28,1582903.0,245.609,8660.0
2024-04-09 15:00:00+00:00,244.18,245.8,242.54,245.49,732761.0,244.267,4186.0
2024-04-09 16:00:00+00:00,245.48,246.47,243.5,243.95,334356.0,245.418,1888.0
2024-04-09 17:00:00+00:00,243.87,245.94,243.25,244.05,243349.0,244.599,1406.0
2024-04-09 18:00:00+00:00,244.19,245.98,243.55,245.02,186400.0,244.839,1166.0
2024-04-09 19:00:00+00:00,245.12,245.97,242.82,243.03,764369.0,243.978,5055.0
2024-04-10 13:30:00+00:00,238.24,247.59,234.12,246.16,1238535.0,241.478,6572.0
2024-04-10 14:00:00+00:00,246.07,248.91,242.52,246.0,1226483.0,245.937,7059.0
2024-04-10 15:00:00+00:00,246.35,248.09,244.36,247.44,478121.0,246.444,2594.0
2024-04-10 16:00:00+00:00,247.6,249.42,246.29,248.61,444734.0,247.918,2503.0
2024-04-10 17:00:00+00:00,248.69,250.81,246.01,249.7,605119.0,248.563,3273.0
2024-04-10 18:00:00+00:00,250.0,250.25,247.75,248.49,523420.0,248.979,3173.0
2024-04-10 19:00:00+00:00,248.37,251.27,247.8,251.05,792268.0,249.787,5551.0
2024-04-11 13:30:00+00:00,250.99,254.32,248.44,252.46,949882.0,251.102,5079.0
2024-04-11 14:00:00+00:00,252.3,252.55,247.31,249.4,665187.0,250.064,3987.0
2024-04-11 15:00:00+00:00,249.35,257.96,249.25,257.59,912262.0,253.507,4893.0
2024-04-11 16:00:00+00:00,257.59,260.33,255.78,256.24,1085068.0,257.927,6237.0
2024-04-11 17:00:00+00:00,256.26,258.7,255.2,257.6,478303.0,257.157,2568.0
2024-04-11 18:00:00+00:00,257.7,259.6,257.01,257.1,361666.0,258.518,2198.0
2024-04-11 19:00:00+00:00,257.08,264.3,256.86,263.07,1039836.0,261.111,6129.0
2024-04-12 13:30:00+00:00,259.42,259.97,252.62,256.4,915276.0,255.635,5367.0
2024-04-12 14:00:00+00:00,256.55,259.33,254.31,255.22,804913.0,256.507,4205.0
2024-04-12 15:00:00+00:00,255.35,258.23,255.34,257.82,353370.0,256.98,2123.0
2024-04-12 16:00:00+00:00,257.9,259.1,255.81,256.3,425401.0,257.08,2101.0
2024-04-12 17:00:00+00:00,256.1,256.47,250.36,252.8,728977.0,253.017,4163.0
2024-04-12 18:00:00+00:00,252.78,252.92,244.31,246.45,1120389.0,247.538,5928.0
2024-04-12 19:00:00+00:00,246.34,248.46,244.52,245.78,1255003.0,246.41,6934.0
2024-04-15 13:30:00+00:00,247.94,249.74,244.5,245.81,917395.0,247.292,4574.0
2024-04-15 14:00:00+00:00,245.81,246.46,238.01,238.8,1188056.0,242.538,7076.0
2024-04-15 15:00:00+00:00,238.95,241.09,237.0,240.42,782560.0,238.959,5021.0
2024-04-15 16:00:00+00:00,240.38,241.3,235.66,236.27,519824.0,237.719,3459.0
2024-04-15 17:00:00+00:00,236.26,237.25,228.55,232.14,1029235.0,232.749,6584.0
2024-04-15 18:00:00+00:00,232.2,232.32,228.33,228.43,664360.0,230.009,4339.0
2024-04-15 19:00:00+00:00,228.36,228.48,222.14,223.36,1949851.0,225.639,13119.0
2024-04-16 13:30:00+00:00,223.0,223.0,207.55,214.85,2965606.0,214.603,17015.0
2024-04-16 14:00:00+00:00,214.78,217.53,209.5,209.86,2129708.0,213.021,13140.0
2024-04-16 15:00:00+00:00,209.81,211.4,206.83,208.25,1291938.0,209.425,7922.0
2024-04-16 16:00:00+00:00,208.07,211.15,205.67,210.72,1191702.0,208.605,7260.0
2024-04-16 17:00:00+00:00,210.74,214.17,208.93,213.12,1191516.0,211.684,6781.0
2024-04-16 18:00:00+00:00,213.0,217.37,211.77,215.72,964692.0,214.65,5343.0
2024-04-16 19:00:00+00:00,215.97,219.66,215.03,218.84,1291422.0,218.135,7755.0
2024-04-17 13:30:00+00:00,221.93,224.87,216.79,217.47,1306085.0,220.493,7195.0
2024-04-17 14:00:00+00:00,217.48,217.54,210.54,213.46,1169207.0,213.439,6626.0
2024-04-17 15:00:00+00:00,213.09,215.18,209.63,210.68,768498.0,211.916,4173.0
2024-04-17 16:00:00+00:00,210.72,210.72,205.9,207.29,767468.0,208.404,4530.0
2024-04-17 17:00:00+00:00,207.24,214.91,207.24,214.91,725206.0,211.163,3986.0
2024-04-17 18:00:00+00:00,214.89,216.33,212.01,212.14,626450.0,214.58,3510.0
2024-04-17 19:00:00+00:00,212.14,214.77,211.19,213.54,742933.0,213.125,4412.0
2024-04-18 13:30:00+00:00,215.59,219.86,213.25,219.71,863697.0,216.6,4488.0
2024-04-18 14:00:00+00:00,219.79,226.39,217.46,225.39,1805129.0,223.744,9769.0
2024-04-18 15:00:00+00:00,225.6,228.05,224.22,226.68,829782.0,226.43,4506.0
2024-04-18 16:00:00+00:00,226.68,227.96,222.82,223.8,570147.0,225.422,3288.0
2024-04-18 17:00:00+00:00,223.75,224.65,219.08,220.18,628101.0,221.347,3873.0
2024-04-18 18:00:00+00:00,219.93,220.1,216.57,217.89,720552.0,218.18,4398.0
2024-04-18 19:00:00+00:00,217.91,219.42,217.32,218.07,763769.0,218.225,5349.0
2024-04-19 13:30:00+00:00,223.83,227.76,219.63,224.91,1239795.0,224.159,6329.0
2024-04-19 14:00:00+00:00,224.81,227.08,215.14,221.11,1757774.0,219.828,8046.0
2024-04-19 15:00:00+00:00,221.0,221.77,217.91,219.12,660424.0,219.709,3782.0
2024-04-19 16:00:00+00:00,219.07,220.23,213.26,215.84,826979.0,216.015,4840.0
2024-04-19 17:00:00+00:00,215.69,218.25,215.1,216.86,388992.0,216.643,2257.0
2024-04-19 18:00:00+00:00,216.86,217.03,211.44,212.62,441524.0,213.363,2784.0
2024-04-19 19:00:00+00:00,212.44,213.79,210.18,210.96,810195.0,211.347,5379.0
2024-04-22 13:30:00+00:00,216.63,227.14,216.3,224.45,1546661.0,222.247,8084.0
2024-04-22 14:00:00+00:00,224.51,226.68,219.0,219.8,1265312.0,223.321,7081.0
2024-04-22 15:00:00+00:00,219.76,220.96,215.03,220.76,751898.0,217.668,3828.0
2024-04-22 16:00:00+00:00,220.97,223.88,220.16,222.99,420905.0,222.351,2342.0
2024-04-22 17:00:00+00:00,222.93,225.86,222.47,224.95,390125.0,224.243,2275.0
2024-04-22 18:00:00+00:00,224.79,226.54,223.69,225.38,331066.0,225.242,1949.0
2024-04-22 19:00:00+00:00,225.41,226.0,222.66,226.0,700831.0,224.75,4770.0
2024-04-23 13:30:00+00:00,223.62,231.0,223.61,230.84,1040218.0,228.024,5509.0
2024-04-23 14:00:00+00:00,231.0,238.67,230.68,236.75,1664439.0,235.228,9588.0
2024-04-23 15:00:00+00:00,236.85,237.01,232.5,232.6,614322.0,234.691,3700.0
2024-04-23 16:00:00+00:00,232.75,235.05,232.6,234.37,333263.0,233.976,1891.0
2024-04-23 17:00:00+00:00,234.21,237.25,233.23,237.06,237357.0,235.299,1370.0
2024-04-23 18:00:00+00:00,236.93,237.21,235.48,236.85,257406.0,236.522,1368.0
2024-04-23 19:00:00+00:00,236.9,237.1,234.4,236.43,505225.0,235.919,3468.0
2024-04-24 13:30:00+00:00,236.83,239.0,231.38,235.04,896089.0,234.761,4682.0
2024-04-24 14:00:00+00:00,234.91,238.1,228.02,232.34,975324.0,232.303,5733.0
2024-04-24 15:00:00+00:00,232.41,232.95,227.04,227.32,496152.0,229.736,2828.0
2024-04-24 16:00:00+00:00,227.34,230.37,226.1,230.37,314323.0,227.766,1939.0
2024-04-24 17:00:00+00:00,230.37,232.9,230.01,231.16,219907.0,231.369,1332.0
2024-04-24 18:00:00+00:00,231.36,231.36,224.63,224.88,307317.0,227.769,1817.0
2024-04-24 19:00:00+00:00,224.72,226.62,223.87,224.3,639466.0,225.22,4182.0
2024-04-25 13:30:00+00:00,216.25,219.5,213.64,217.94,979058.0,217.203,5199.0
2024-04-25 14:00:00+00:00,218.07,224.59,217.17,219.81,853101.0,221.226,4493.0
2024-04-25 15:00:00+00:00,219.7,222.87,219.55,222.73,275034.0,220.89,1526.0
2024-04-25 16:00:00+00:00,222.68,224.05,221.57,224.05,205147.0,222.817,1162.0
2024-04-25 17:00:00+00:00,224.11,225.94,223.51,224.5,262982.0,224.844,1555.0
2024-04-25 18:00:00+00:00,224.55,225.47,222.41,223.93,170804.0,223.892,1039.0
2024-04-25 19:00:00+00:00,224.04,225.37,223.54,223.61,327198.0,224.315,2194.0
2024-04-26 13:30:00+00:00,220.77,226.99,218.66,226.19,659131.0,222.846,3196.0
2024-04-26 14:00:00+00:00,226.62,231.83,226.0,228.19,834053.0,228.941,4935.0
2024-04-26 15:00:00+00:00,228.25,229.69,225.06,227.85,558521.0,226.83,3049.0
2024-04-26 16:00:00+00:00,227.63,230.92,227.01,229.99,372758.0,228.914,1715.0
2024-04-26 17:00:00+00:00,229.97,233.55,229.87,232.75,387633.0,231.969,1750.0
2024-04-26 18:00:00+00:00,232.52,234.5,232.22,234.35,284175.0,233.397,1423.0
2024-04-26 19:00:00+00:00,234.21,237.02,232.6,236.44,730535.0,234.962,4145.0
2024-04-29 13:30:00+00:00,229.94,230.2,222.62,225.98,1208788.0,226.642,6448.0
2024-04-29 14:00:00+00:00,226.0,229.62,224.51,228.72,918235.0,227.32,5537.0
2024-04-29 15:00:00+00:00,228.79,230.32,226.16,227.76,548940.0,227.877,3343.0
2024-04-29 16:00:00+00:00,227.82,228.46,223.69,224.31,452023.0,225.899,2538.0
2024-04-29 17:00:00+00:00,224.3,225.6,223.11,223.58,356352.0,224.291,2108.0
2024-04-29 18:00:00+00:00,223.56,223.59,219.83,221.0,674752.0,221.404,3786.0
2024-04-29 19:00:00+00:00,221.02,221.02,216.54,218.14,1354134.0,217.873,8534.0
2024-04-30 13:30:00+00:00,214.67,216.57,211.41,212.7,931478.0,213.744,4638.0
2024-04-30 14:00:00+00:00,212.59,213.47,208.71,211.5,1241569.0,210.887,6778.0
2024-04-30 15:00:00+00:00,211.5,212.54,207.77,208.87,612282.0,209.836,3520.0
2024-04-30 16:00:00+00:00,208.95,210.2,205.41,205.62,497120.0,207.311,2993.0
2024-04-30 17:00:00+00:00,205.52,206.36,203.92,205.47,482373.0,205.155,2677.0
2024-04-30 18:00:00+00:00,205.31,206.36,203.49,204.07,569657.0,205.007,3658.0
2024-04-30 19:00:00+00:00,204.03,204.89,202.59,204.02,1086407.0,203.693,6991.0
2024-05-01 13:30:00+00:00,199.0,206.05,198.2,203.78,1481084.0,202.561,6967.0
2024-05-01 14:00:00+00:00,203.89,204.88,200.78,202.25,671655.0,202.944,4243.0
2024-05-01 15:00:00+00:00,202.46,203.3,199.63,201.17,554125.0,201.308,3272.0
2024-05-01 16:00:00+00:00,201.01,206.3,200.59,205.66,457014.0,205.028,2557.0
2024-05-01 17:00:00+00:00,205.65,210.12,204.87,209.3,521974.0,207.726,2780.0
2024-05-01 18:00:00+00:00,209.33,218.52,208.46,217.0,1366939.0,214.156,7645.0
2024-05-01 19:00:00+00:00,217.0,218.46,209.51,209.93,1287122.0,212.759,8406.0
2024-05-02 13:30:00+00:00,216.49,220.09,212.11,212.55,1095656.0,215.743,6258.0
2024-05-02 14:00:00+00:00,212.47,219.68,210.76,219.37,987591.0,215.493,5667.0
2024-05-02 15:00:00+00:00,219.37,223.63,219.23,222.47,918146.0,221.945,5236.0
2024-05-02 16:00:00+00:00,222.56,223.25,219.9,221.59,577886.0,221.227,3395.0
2024-05-02 17:00:00+00:00,221.66,226.19,221.51,225.57,705157.0,224.277,4190.0
2024-05-02 18:00:00+00:00,225.6,230.0,225.21,229.21,812018.0,227.735,4793.0
2024-05-02 19:00:00+00:00,229.27,232.71,227.31,229.28,1510060.0,229.618,9506.0
2024-05-03 13:30:00+00:00,230.9,232.25,224.4,227.16,2560529.0,228.727,13358.0
2024-05-03 14:00:00+00:00,227.17,229.0,221.66,223.45,1685197.0,224.892,9407.0
2024-05-03 15:00:00+00:00,223.29,224.36,216.55,219.66,1489314.0,219.59,8199.0
2024-05-03 16:00:00+00:00,219.73,223.03,219.06,221.0,710529.0,221.182,3818.0
2024-05-03 17:00:00+00:00,221.09,221.8,219.74,221.0,396648.0,220.639,2408.0
2024-05-03 18:00:00+00:00,221.04,225.19,221.04,224.56,761091.0,223.781,4499.0
2024-05-03 19:00:00+00:00,224.5,225.0,222.99,223.02,895604.0,223.866,5730.0
2024-05-06 13:30:00+00:00,226.3,233.5,225.5,232.14,1341242.0,230.192,6187.0
2024-05-06 14:00:00+00:00,232.14,235.8,229.6,231.16,1522378.0,233.191,7836.0
2024-05-06 15:00:00+00:00,231.04,231.39,226.67,229.49,825306.0,229.079,4678.0
2024-05-06 16:00:00+00:00,229.5,229.5,224.9,225.78,663744.0,226.73,3590.0
2024-05-06 17:00:00+00:00,225.75,227.47,225.21,226.76,351104.0,226.284,2022.0
2024-05-06 18:00:00+00:00,226.71,227.48,225.5,227.05,379603.0,226.571,1828.0
2024-05-06 19:00:00+00:00,227.14,227.4,225.27,226.93,733498.0,226.404,4546.0
2024-05-07 13:30:00+00:00,226.76,230.82,220.9,221.6,915237.0,225.952,4088.0
2024-05-07 14:00:00+00:00,221.4,223.06,219.58,222.58,1065236.0,221.115,4822.0
2024-05-07 15:00:00+00:00,222.49,223.99,220.25,221.7,559423.0,221.975,2590.0
2024-05-07 16:00:00+00:00,221.7,221.73,216.88,217.8,607686.0,218.562,3041.0
2024-05-07 17:00:00+00:00,217.75,218.45,215.24,215.81,557353.0,216.834,3126.0
2024-05-07 18:00:00+00:00,215.77,216.21,214.25,215.22,480863.0,215.275,2316.0
2024-05-07 19:00:00+00:00,215.24,216.34,214.12,214.31,648799.0,215.109,4216.0
2024-05-08 13:30:00+00:00,209.5,212.98,206.52,211.86,870449.0,209.891,4099.0
2024-05-08 14:00:00+00:00,212.11,214.49,209.81,212.67,557538.0,212.861,2904.0
2024-05-08 15:00:00+00:00,212.74,214.9,211.25,213.08,350846.0,213.267,1847.0
2024-05-08 16:00:00+00:00,212.81,214.43,212.28,214.0,178204.0,213.373,1011.0
2024-05-08 17:00:00+00:00,213.99,214.03,212.51,212.95,177445.0,213.075,1165.0
2024-05-08 18:00:00+00:00,213.0,213.5,211.6,212.2,142087.0,212.685,868.0
2024-05-08 19:00:00+00:00,212.05,212.98,210.93,211.1,365286.0,211.671,2329.0
2024-05-09 13:30:00+00:00,210.22,211.69,205.11,206.0,822051.0,207.785,4602.0
2024-05-09 14:00:00+00:00,205.91,211.91,205.83,211.82,701934.0,209.514,4007.0
2024-05-09 15:00:00+00:00,211.9,213.75,211.15,212.27,399817.0,212.596,2120.0
2024-05-09 16:00:00+00:00,212.4,213.85,211.61,211.97,252187.0,213.028,1195.0
2024-05-09 17:00:00+00:00,211.67,212.75,210.2,210.31,165558.0,211.59,873.0
2024-05-09 18:00:00+00:00,210.22,211.23,209.68,211.04,126388.0,210.417,792.0
2024-05-09 19:00:00+00:00,211.16,211.62,209.9,210.6,305190.0,210.508,1891.0
2024-05-10 13:30:00+00:00,214.18,214.87,209.29,213.31,629860.0,212.501,3102.0
2024-05-10 14:00:00+00:00,213.41,213.49,204.21,205.66,1021867.0,207.296,5827.0
2024-05-10 15:00:00+00:00,205.57,205.75,203.5,204.41,551932.0,204.6,3266.0
2024-05-10 16:00:00+00:00,204.31,204.59,202.37,202.75,541847.0,203.218,2898.0
2024-05-10 17:00:00+00:00,202.72,203.43,200.75,202.7,563551.0,202.05,3179.0
2024-05-10 18:00:00+00:00,202.6,203.37,201.17,202.47,296629.0,202.205,1828.0
2024-05-10 19:00:00+00:00,202.26,203.18,200.5,200.5,808351.0,201.735,5269.0
2024-05-13 13:30:00+00:00,204.0,206.67,200.02,204.02,1164377.0,203.596,6125.0
2024-05-13 14:00:00+00:00,204.32,205.45,201.92,202.85,788444.0,203.479,4641.0
2024-05-13 15:00:00+00:00,202.88,203.65,200.7,203.14,533707.0,202.303,2677.0
2024-05-13 16:00:00+00:00,203.15,203.47,201.12,201.31,318441.0,202.537,1578.0
2024-05-13 17:00:00+00:00,201.23,201.33,197.64,199.18,723128.0,198.957,3536.0
2024-05-13 18:00:00+00:00,199.18,201.2,199.01,200.61,274385.0,200.236,1576.0
2024-05-13 19:00:00+00:00,200.59,202.26,199.0,199.51,520594.0,200.327,3334.0
2024-05-14 13:30:00+00:00,195.97,203.58,194.93,202.04,790579.0,199.899,4008.0
2024-05-14 14:00:00+00:00,202.04,205.69,199.84,203.45,816993.0,202.653,4512.0
2024-05-14 15:00:00+00:00,203.6,206.97,202.86,205.43,571927.0,205.308,3254.0
2024-05-14 16:00:00+00:00,205.4,205.87,201.7,202.38,246757.0,203.601,1421.0
2024-05-14 17:00:00+00:00,202.29,202.45,200.69,201.09,176260.0,201.48,1067.0
2024-05-14 18:00:00+00:00,201.0,202.64,200.98,202.19,126996.0,201.752,821.0
2024-05-14 19:00:00+00:00,202.11,203.3,201.23,203.09,335055.0,202.635,2098.0
2024-05-15 13:30:00+00:00,212.21,216.87,209.8,209.98,1519753.0,213.674,7954.0
2024-05-15 14:00:00+00:00,210.09,214.6,207.7,212.36,1042556.0,210.888,5727.0
2024-05-15 15:00:00+00:00,212.35,215.3,210.78,212.19,610594.0,213.067,3216.0
2024-05-15 16:00:00+00:00,212.26,214.99,211.2,214.02,335663.0,213.463,2016.0
2024-05-15 17:00:00+00:00,214.08,215.69,213.65,214.86,282326.0,214.754,1610.0
2024-05-15 18:00:00+00:00,214.86,217.75,214.17,217.32,511457.0,216.37,2832.0
2024-05-15 19:00:00+00:00,217.4,221.4,216.89,219.81,1079987.0,219.489,7097.0
2024-05-16 13:30:00+00:00,215.0,216.45,213.16,213.94,1158594.0,214.64,6454.0
2024-05-16 14:00:00+00:00,213.87,213.95,206.53,206.56,1783136.0,209.785,10499.0
2024-05-16 15:00:00+00:00,206.69,207.99,205.03,207.17,1119297.0,206.406,6245.0
2024-05-16 16:00:00+00:00,207.05,207.07,202.7,202.98,798384.0,204.439,4204.0
2024-05-16 17:00:00+00:00,202.98,203.26,200.08,201.41,890290.0,201.559,4941.0
2024-05-16 18:00:00+00:00,201.54,202.69,200.5,201.85,548106.0,201.545,3384.0
2024-05-16 19:00:00+00:00,201.87,202.44,198.64,199.01,1180991.0,200.441,7337.0
2024-05-17 13:30:00+00:00,205.66,205.77,200.5,201.08,858230.0,203.088,4601.0
2024-05-17 14:00:00+00:00,201.02,206.31,199.83,206.18,1070251.0,202.963,5690.0
2024-05-17 15:00:00+00:00,206.23,209.97,205.53,209.72,1464482.0,208.194,7732.0
2024-05-17 16:00:00+00:00,209.78,210.67,207.86,208.79,609196.0,209.459,3189.0
2024-05-17 17:00:00+00:00,208.73,209.25,207.0,208.36,332170.0,208.219,1987.0
2024-05-17 18:00:00+00:00,208.34,208.42,205.28,207.66,485904.0,206.662,2884.0
2024-05-17 19:00:00+00:00,207.81,208.44,207.07,207.73,530637.0,207.702,3313.0
2024-05-20 13:30:00+00:00,207.92,209.65,203.72,208.56,775956.0,207.093,4160.0
2024-05-20 14:00:00+00:00,208.56,209.58,206.61,207.46,578223.0,207.836,3224.0
2024-05-20 15:00:00+00:00,207.34,213.2,206.01,212.7,904671.0,209.769,4414.0
2024-05-20 16:00:00+00:00,212.7,216.61,212.7,214.79,1052323.0,214.807,5665.0
2024-05-20 17:00:00+00:00,214.8,216.13,213.35,214.81,481674.0,214.821,2764.0
2024-05-20 18:00:00+00:00,214.77,219.78,214.77,219.72,1038963.0,217.693,5490.0
2024-05-20 19:00:00+00:00,219.75,226.26,218.81,225.17,2085894.0,223.247,12538.0
2024-05-21 13:30:00+00:00,231.97,233.65,223.51,224.2,2076660.0,227.931,10073.0
2024-05-21 14:00:00+00:00,224.03,227.25,221.4,221.63,1202602.0,224.195,6703.0
2024-05-21 15:00:00+00:00,221.59,224.35,220.12,222.4,865122.0,222.268,4329.0
2024-05-21 16:00:00+00:00,222.3,226.81,222.16,226.28,543640.0,225.273,2925.0
2024-05-21 17:00:00+00:00,226.31,229.52,225.93,229.32,563958.0,227.723,2801.0
2024-05-21 18:00:00+00:00,229.32,229.97,228.05,229.17,512690.0,229.097,2721.0
2024-05-21 19:00:00+00:00,229.17,230.75,223.91,225.81,1050705.0,226.763,6313.0
2024-05-22 13:30:00+00:00,225.01,227.14,221.2,224.7,594928.0,224.175,2755.0
2024-05-22 14:00:00+00:00,224.86,229.59,224.01,228.38,898241.0,227.239,4381.0
2024-05-22 15:00:00+00:00,228.27,236.28,227.47,235.49,1129980.0,231.805,5352.0
2024-05-22 16:00:00+00:00,235.45,238.77,234.11,234.39,1017166.0,236.493,5167.0
2024-05-22 17:00:00+00:00,234.29,235.3,231.32,232.61,537103.0,233.414,2874.0
2024-05-22 18:00:00+00:00,232.52,232.59,226.12,228.7,677979.0,228.705,3569.0
2024-05-22 19:00:00+00:00,228.59,232.89,228.45,231.37,906655.0,230.9,5393.0
2024-05-23 13:30:00+00:00,233.81,234.85,220.98,222.65,1422553.0,225.991,7706.0
2024-05-23 14:00:00+00:00,222.42,227.34,221.63,221.77,1025710.0,224.31,5705.0
2024-05-23 15:00:00+00:00,221.82,228.55,221.6,227.87,585713.0,225.836,3226.0
2024-05-23 16:00:00+00:00,227.95,228.25,225.4,225.4,396015.0,226.982,1892.0
2024-05-23 17:00:00+00:00,225.25,227.72,222.04,222.12,320128.0,225.108,1888.0
2024-05-23 18:00:00+00:00,222.12,222.65,217.66,220.58,749581.0,219.932,4382.0
2024-05-23 19:00:00+00:00,220.48,221.73,218.55,218.84,802316.0,219.988,5192.0
2024-05-24 13:30:00+00:00,221.0,227.3,220.05,222.4,764554.0,223.495,3973.0
2024-05-24 14:00:00+00:00,222.89,230.8,222.52,230.2,1218996.0,227.974,6555.0
2024-05-24 15:00:00+00:00,230.5,236.91,230.44,235.52,1421296.0,234.495,7437.0
2024-05-24 16:00:00+00:00,235.6,236.63,230.61,230.94,890640.0,233.174,4718.0
2024-05-24 17:00:00+00:00,230.83,235.23,230.78,235.13,507541.0,233.529,2570.0
2024-05-24 18:00:00+00:00,235.1,236.23,233.08,234.56,532984.0,234.538,2789.0
2024-05-24 19:00:00+00:00,234.61,237.79,233.29,237.74,1059383.0,236.343,6196.0
2024-05-28 13:30:00+00:00,235.22,241.26,231.05,234.25,1746505.0,235.926,9362.0
2024-05-28 14:00:00+00:00,234.32,240.33,231.77,240.07,1317076.0,237.457,7543.0
2024-05-28 15:00:00+00:00,240.15,243.96,238.18,243.75,1035168.0,241.081,5394.0
2024-05-28 16:00:00+00:00,243.78,243.98,239.2,239.79,508888.0,241.804,2741.0
2024-05-28 17:00:00+00:00,239.83,242.42,239.02,240.72,372901.0,240.638,2154.0
2024-05-28 18:00:00+00:00,240.73,242.37,236.03,239.13,521842.0,239.099,3062.0
2024-05-28 19:00:00+00:00,239.1,247.14,239.05,245.12,1526324.0,244.682,9118.0
2024-05-29 13:30:00+00:00,239.02,240.18,233.7,237.19,1110547.0,236.158,5719.0
2024-05-29 14:00:00+00:00,237.3,240.49,235.24,235.49,1025613.0,238.019,5356.0
2024-05-29 15:00:00+00:00,235.42,236.7,234.34,234.86,534991.0,235.577,3095.0
2024-05-29 16:00:00+00:00,234.75,238.81,233.18,237.65,586749.0,235.901,3039.0
2024-05-29 17:00:00+00:00,237.65,239.12,236.63,239.07,302488.0,237.88,1629.0
2024-05-29 18:00:00+00:00,238.87,239.4,237.53,238.93,237184.0,238.575,1542.0
2024-05-29 19:00:00+00:00,239.06,240.35,236.45,236.46,639790.0,238.385,3965.0
2024-05-30 13:30:00+00:00,241.1,248.86,240.99,244.73,1524376.0,245.07,7771.0
2024-05-30 14:00:00+00:00,244.96,245.47,235.54,238.09,1492303.0,240.734,8449.0
2024-05-30 15:00:00+00:00,238.0,239.93,234.67,239.03,770564.0,237.047,4614.0
2024-05-30 16:00:00+00:00,239.02,240.18,235.57,238.59,433786.0,238.175,2367.0
2024-05-30 17:00:00+00:00,238.54,243.99,238.43,242.48,600629.0,241.79,3275.0
2024-05-30 18:00:00+00:00,242.43,243.65,240.0,241.39,500365.0,242.117,2775.0
2024-05-30 19:00:00+00:00,241.41,241.62,233.38,234.9,810299.0,236.662,4820.0
2024-05-31 13:30:00+00:00,239.28,240.41,235.1,238.06,836572.0,237.727,4128.0
2024-05-31 14:00:00+00:00,238.06,238.06,224.13,228.53,1577061.0,229.068,8212.0
2024-05-31 15:00:00+00:00,228.38,228.64,223.32,223.53,623250.0,225.844,3662.0
2024-05-31 16:00:00+00:00,223.5,224.49,219.17,223.25,883603.0,221.643,4825.0
2024-05-31 17:00:00+00:00,223.24,225.42,222.0,222.36,451178.0,223.802,2569.0
2024-05-31 18:00:00+00:00,222.27,223.2,221.05,221.71,329899.0,222.221,2138.0
2024-05-31 19:00:00+00:00,221.75,226.4,221.22,226.06,978727.0,224.341,6153.0
2024-06-03 13:30:00+00:00,232.5,239.2,229.85,233.53,1446498.0,235.489,7251.0
2024-06-03 14:00:00+00:00,233.75,236.35,226.56,228.38,1114258.0,230.624,6023.0
2024-06-03 15:00:00+00:00,228.39,232.2,228.04,231.57,530485.0,230.059,2836.0
2024-06-03 16:00:00+00:00,231.64,232.0,226.66,227.93,410326.0,228.329,2476.0
2024-06-03 17:00:00+00:00,227.85,230.21,224.69,229.75,352473.0,227.802,1830.0
2024-06-03 18:00:00+00:00,229.76,231.23,229.39,229.9,233878.0,230.3,1412.0
2024-06-03 19:00:00+00:00,229.84,232.0,229.04,231.39,497714.0,230.41,3205.0
2024-06-04 13:30:00+00:00,230.23,236.79,230.15,234.12,966781.0,234.503,4247.0
2024-06-04 14:00:00+00:00,234.42,239.15,233.77,236.63,1287734.0,236.988,6746.0
2024-06-04 15:00:00+00:00,236.8,243.57,234.4,242.92,1452252.0,239.803,7398.0
2024-06-04 16:00:00+00:00,243.0,245.75,241.76,244.51,1096326.0,244.009,5771.0
2024-06-04 17:00:00+00:00,244.41,245.0,242.1,244.87,593142.0,243.706,3521.0
2024-06-04 18:00:00+00:00,244.79,247.2,244.51,245.27,930150.0,245.925,4928.0
2024-06-04 19:00:00+00:00,245.16,246.75,242.68,244.11,1130695.0,244.947,6968.0
2024-06-05 13:30:00+00:00,246.86,248.28,243.26,246.06,1200057.0,245.96,5761.0
2024-06-05 14:00:00+00:00,245.87,250.5,240.7,249.04,1615243.0,246.785,7647.0
2024-06-05 15:00:00+00:00,249.05,250.18,244.83,246.52,1110983.0,247.798,5598.0
2024-06-05 16:00:00+00:00,246.46,249.8,246.1,247.61,606169.0,247.95,2891.0
2024-06-05 17:00:00+00:00,247.5,250.32,247.06,249.91,543169.0,249.044,2232.0
2024-06-05 18:00:00+00:00,249.87,250.42,247.73,249.22,384812.0,249.24,2046.0
2024-06-05 19:00:00+00:00,249.16,251.89,248.48,251.41,769337.0,250.661,4905.0
2024-06-06 13:30:00+00:00,250.0,256.85,248.75,250.45,1199892.0,253.182,5566.0
2024-06-06 14:00:00+00:00,250.47,257.56,249.66,256.84,962138.0,254.672,4632.0
2024-06-06 15:00:00+00:00,256.61,259.15,255.56,256.8,648023.0,257.407,3543.0
2024-06-06 16:00:00+00:00,256.75,257.47,253.3,256.81,579591.0,255.354,3197.0
2024-06-06 17:00:00+00:00,256.92,263.46,256.3,263.02,1045238.0,260.203,4980.0
2024-06-06 18:00:00+00:00,263.06,263.8,260.24,261.33,659993.0,261.685,3668.0
2024-06-06 19:00:00+00:00,261.24,261.48,256.15,257.02,886449.0,258.232,5512.0
2024-06-07 13:30:00+00:00,256.19,262.02,254.08,260.37,972093.0,257.959,4659.0
2024-06-07 14:00:00+00:00,260.37,263.18,257.77,261.21,933907.0,260.863,4750.0
2024-06-07 15:00:00+00:00,261.21,261.99,257.14,259.0,527577.0,259.615,2821.0
2024-06-07 16:00:00+00:00,259.0,260.1,256.81,258.57,316868.0,258.681,1631.0
2024-06-07 17:00:00+00:00,258.52,258.52,251.16,252.0,618329.0,255.159,3251.0
2024-06-07 18:00:00+00:00,251.72,251.79,245.69,248.18,1156222.0,248.707,6244.0
2024-06-07 19:00:00+00:00,248.0,248.0,243.86,243.89,1093140.0,245.635,7015.0
2024-06-10 13:30:00+00:00,241.11,247.0,239.53,244.31,841739.0,243.97,4111.0
2024-06-10 14:00:00+00:00,244.11,247.96,242.5,247.79,594799.0,245.595,3256.0
2024-06-10 15:00:00+00:00,247.79,250.94,246.8,249.65,524994.0,249.226,2879.0
2024-06-10 16:00:00+00:00,249.85,250.87,247.84,249.72,294818.0,249.56,1587.0
2024-06-10 17:00:00+00:00,249.57,252.52,248.25,252.27,381005.0,250.736,1978.0
2024-06-10 18:00:00+00:00,252.29,252.97,251.0,252.64,310319.0,252.089,1705.0
2024-06-10 19:00:00+00:00,252.44,253.43,249.15,249.81,545881.0,251.201,3281.0
2024-06-11 13:30:00+00:00,242.89,243.74,234.09,236.06,1529610.0,237.252,8318.0
2024-06-11 14:00:00+00:00,236.01,243.42,235.64,242.36,1129627.0,239.833,6059.0
2024-06-11 15:00:00+00:00,242.42,242.86,236.2,236.66,637882.0,239.656,3436.0
2024-06-11 16:00:00+00:00,236.79,239.63,236.34,238.56,384851.0,238.23,1855.0
2024-06-11 17:00:00+00:00,238.73,241.0,238.03,240.44,426888.0,239.523,2199.0
2024-06-11 18:00:00+00:00,240.63,244.91,239.66,243.27,525039.0,242.703,2618.0
2024-06-11 19:00:00+00:00,243.29,245.66,242.83,244.07,555732.0,243.953,3270.0
2024-06-12 13:30:00+00:00,251.8,257.95,250.58,257.5,1182345.0,254.748,6075.0
2024-06-12 14:00:00+00:00,257.64,259.8,255.81,257.54,1109408.0,258.069,5963.0
2024-06-12 15:00:00+00:00,257.45,258.45,255.03,258.25,652953.0,256.921,3315.0
2024-06-12 16:00:00+00:00,258.22,261.13,257.95,261.08,689056.0,259.28,3619.0
2024-06-12 17:00:00+00:00,261.13,262.11,259.92,261.89,506251.0,261.293,2816.0
2024-06-12 18:00:00+00:00,261.89,263.26,257.6,259.41,1170222.0,260.547,6739.0
2024-06-12 19:00:00+00:00,259.28,262.88,253.53,254.97,1535055.0,256.893,9134.0
2024-06-13 13:30:00+00:00,253.77,257.13,251.1,252.26,713885.0,253.886,3583.0
2024-06-13 14:00:00+00:00,251.98,253.59,246.0,246.64,1119828.0,249.05,5670.0
2024-06-13 15:00:00+00:00,246.63,248.15,243.6,245.43,821576.0,245.798,4298.0
2024-06-13 16:00:00+00:00,245.28,246.97,243.71,246.41,385990.0,245.535,2263.0
2024-06-13 17:00:00+00:00,246.28,247.68,244.99,246.35,385574.0,246.291,2191.0
2024-06-13 18:00:00+00:00,246.31,247.21,243.26,244.4,479969.0,244.844,2708.0
2024-06-13 19:00:00+00:00,244.33,248.88,243.49,247.59,827447.0,246.934,5351.0
2024-06-14 13:30:00+00:00,246.16,250.25,246.0,247.4,674242.0,247.947,3657.0
2024-06-14 14:00:00+00:00,247.26,247.57,242.05,245.94,633870.0,245.246,3252.0
2024-06-14 15:00:00+00:00,245.93,246.0,241.35,243.1,415217.0,243.349,2364.0
2024-06-14 16:00:00+00:00,243.1,244.0,237.06,241.29,824426.0,239.928,4474.0
2024-06-14 17:00:00+00:00,241.35,242.96,239.56,240.08,316965.0,241.454,1790.0
2024-06-14 18:00:00+00:00,240.06,241.0,238.29,240.98,368067.0,239.523,2085.0
2024-06-14 19:00:00+00:00,241.05,244.57,240.75,244.48,607553.0,242.799,3978.0
2024-06-17 13:30:00+00:00,239.75,240.94,234.57,235.96,895401.0,237.714,4168.0
2024-06-17 14:00:00+00:00,236.0,238.8,234.23,237.27,831598.0,236.984,4104.0
2024-06-17 15:00:00+00:00,237.51,240.26,236.73,238.52,379383.0,238.683,2218.0
2024-06-17 16:00:00+00:00,238.33,243.17,238.33,242.14,460033.0,241.37,2401.0
2024-06-17 17:00:00+00:00,242.01,245.75,242.01,245.65,393284.0,244.135,2377.0
2024-06-17 18:00:00+00:00,245.6,248.64,245.0,248.2,711738.0,246.829,3501.0
2024-06-17 19:00:00+00:00,248.13,248.14,244.0,245.09,612631.0,246.09,4122.0
2024-06-18 13:30:00+00:00,238.25,239.22,234.6,238.37,1045348.0,236.651,5285.0
2024-06-18 14:00:00+00:00,238.21,242.8,237.58,238.5,823475.0,240.265,4238.0
2024-06-18 15:00:00+00:00,238.5,239.5,236.04,238.41,480965.0,237.919,2847.0
2024-06-18 16:00:00+00:00,238.41,239.34,237.0,238.86,260989.0,238.02,1300.0
2024-06-18 17:00:00+00:00,238.74,239.15,236.92,237.32,232999.0,237.871,1332.0
2024-06-18 18:00:00+00:00,237.32,239.56,236.06,237.93,287214.0,237.976,1554.0
2024-06-18 19:00:00+00:00,237.84,238.34,235.67,235.97,577180.0,236.962,3569.0
2024-06-20 13:30:00+00:00,237.6,240.49,235.37,239.0,699328.0,238.342,3443.0
2024-06-20 14:00:00+00:00,239.16,239.43,232.4,238.09,1030891.0,235.913,5654.0
2024-06-20 15:00:00+00:00,238.19,239.64,237.11,237.54,443082.0,238.32,2488.0
2024-06-20 16:00:00+00:00,237.26,237.74,233.54,235.37,544490.0,235.564,2772.0
2024-06-20 17:00:00+00:00,235.39,235.39,228.44,231.23,630196.0,230.967,3991.0
2024-06-20 18:00:00+00:00,231.16,234.89,231.15,233.16,306769.0,233.509,1755.0
2024-06-20 19:00:00+00:00,233.15,235.61,230.79,235.06,567307.0,233.7,3886.0
2024-06-21 13:30:00+00:00,227.27,228.26,223.38,225.14,1132290.0,225.703,5916.0
2024-06-21 14:00:00+00:00,225.14,225.9,222.22,224.15,1769886.0,224.117,10536.0
2024-06-21 15:00:00+00:00,224.16,225.68,223.12,224.84,875360.0,224.427,5399.0
2024-06-21 16:00:00+00:00,224.98,226.59,224.2,225.16,442151.0,225.609,2558.0
2024-06-21 17:00:00+00:00,225.06,226.12,220.71,221.01,639741.0,222.702,3833.0
2024-06-21 18:00:00+00:00,221.1,223.13,220.74,222.96,487907.0,221.788,3065.0
2024-06-21 19:00:00+00:00,222.96,226.65,222.07,226.15,932469.0,224.476,6408.0
2024-06-24 13:30:00+00:00,217.1,219.9,215.15,217.45,1103338.0,217.656,5504.0
2024-06-24 14:00:00+00:00,217.35,221.45,215.36,216.59,929765.0,218.24,5382.0
2024-06-24 15:00:00+00:00,216.66,216.91,212.42,212.75,811227.0,215.074,4945.0
2024-06-24 16:00:00+00:00,212.61,214.0,209.0,209.35,1107954.0,211.337,5879.0
2024-06-24 17:00:00+00:00,209.35,212.68,207.71,212.5,1034170.0,209.858,4992.0
2024-06-24 18:00:00+00:00,212.43,213.63,210.16,212.87,542588.0,211.872,3373.0
2024-06-24 19:00:00+00:00,212.7,214.72,210.45,212.26,968024.0,212.586,5876.0
2024-06-25 13:30:00+00:00,217.1,217.17,213.22,216.37,687322.0,215.532,3605.0
2024-06-25 14:00:00+00:00,216.34,220.5,216.01,219.67,876637.0,218.807,4682.0
2024-06-25 15:00:00+00:00,219.58,221.83,218.32,221.8,535424.0,220.387,3136.0
2024-06-25 16:00:00+00:00,221.7,222.88,220.44,221.12,589487.0,221.752,3063.0
2024-06-25 17:00:00+00:00,220.96,222.6,220.1,221.32,233334.0,221.762,1154.0
2024-06-25 18:00:00+00:00,221.17,222.53,220.65,222.34,183522.0,221.729,1200.0
2024-06-25 19:00:00+00:00,222.22,222.74,221.26,221.84,630366.0,222.016,4069.0
2024-06-26 13:30:00+00:00,220.0,223.73,219.36,220.21,586772.0,221.556,2872.0
2024-06-26 14:00:00+00:00,220.45,223.45,220.0,221.85,435645.0,221.647,2117.0
2024-06-26 15:00:00+00:00,222.18,222.4,217.72,219.3,364065.0,219.605,2196.0
2024-06-26 16:00:00+00:00,219.33,219.34,217.04,217.5,194548.0,217.789,1017.0
2024-06-26 17:00:00+00:00,217.31,217.57,215.44,216.43,303822.0,216.496,1559.0
2024-06-26 18:00:00+00:00,216.3,216.3,213.9,214.03,301446.0,214.993,1677.0
2024-06-26 19:00:00+00:00,214.1,215.2,212.46,214.46,780887.0,213.599,4971.0
2024-06-27 13:30:00+00:00,217.6,220.86,216.32,220.33,675136.0,218.45,3203.0
2024-06-27 14:00:00+00:00,220.46,223.36,219.03,220.0,656691.0,221.386,3410.0
2024-06-27 15:00:00+00:00,220.0,220.86,218.11,219.9,317139.0,219.734,1587.0
2024-06-27 16:00:00+00:00,219.95,223.32,219.51,222.98,334115.0,221.732,1780.0
2024-06-27 17:00:00+00:00,223.01,225.03,222.97,223.82,365949.0,224.051,2145.0
2024-06-27 18:00:00+00:00,223.83,225.77,222.18,225.54,333112.0,224.34,1905.0
2024-06-27 19:00:00+00:00,225.6,225.68,222.81,224.07,708774.0,224.398,4970.0
2024-06-28 13:30:00+00:00,223.95,225.53,221.49,222.82,489555.0,223.757,2317.0
2024-06-28 14:00:00+00:00,222.92,225.0,221.0,221.38,806292.0,223.026,4172.0
2024-06-28 15:00:00+00:00,221.25,223.52,219.52,223.11,595812.0,221.138,3158.0
2024-06-28 16:00:00+00:00,223.19,223.57,218.8,220.32,321766.0,220.638,1989.0
2024-06-28 17:00:00+00:00,220.37,222.8,220.07,221.6,309917.0,221.78,1597.0
2024-06-28 18:00:00+00:00,221.54,222.61,220.6,221.1,215939.0,221.406,1173.0
2024-06-28 19:00:00+00:00,221.1,223.53,220.28,222.23,826524.0,222.086,4724.0
2024-07-01 13:30:00+00:00,226.0,233.86,225.56,228.88,1210694.0,229.833,6151.0
2024-07-01 14:00:00+00:00,229.2,231.62,224.04,228.56,925087.0,228.323,5283.0
2024-07-01 15:00:00+00:00,228.37,231.91,228.0,231.32,382424.0,230.451,2273.0
2024-07-01 16:00:00+00:00,231.15,232.15,230.5,231.35,291227.0,231.24,1699.0
2024-07-01 17:00:00+00:00,231.36,233.75,229.52,233.62,401388.0,232.157,2316.0
2024-07-01 18:00:00+00:00,233.62,235.7,232.62,234.61,436393.0,234.546,2671.0
2024-07-01 19:00:00+00:00,234.62,236.04,233.09,233.41,935233.0,234.706,6086.0
2024-07-02 13:30:00+00:00,231.34,234.78,229.21,233.12,625570.0,232.144,3102.0
2024-07-02 14:00:00+00:00,233.12,234.97,228.55,230.29,509312.0,230.806,2865.0
2024-07-02 15:00:00+00:00,230.29,231.03,227.53,227.75,293370.0,229.408,1526.0
2024-07-02 16:00:00+00:00,227.79,228.06,226.32,227.34,261621.0,227.164,1443.0
2024-07-02 17:00:00+00:00,227.29,229.61,226.7,229.32,239868.0,228.095,1302.0
2024-07-02 18:00:00+00:00,229.39,230.1,228.77,229.77,216473.0,229.546,1078.0
2024-07-02 19:00:00+00:00,229.78,230.1,227.21,227.49,408096.0,228.446,2565.0
2024-07-03 13:30:00+00:00,223.81,225.98,222.22,225.48,491788.0,224.433,2362.0
2024-07-03 14:00:00+00:00,225.59,227.11,223.53,224.33,496772.0,225.325,2824.0
2024-07-03 15:00:00+00:00,224.2,224.64,222.4,223.24,400928.0,223.314,2271.0
2024-07-03 16:00:00+00:00,223.2,226.36,223.0,224.93,445801.0,225.088,2972.0
2024-07-05 13:30:00+00:00,213.48,213.79,209.45,213.5,1715407.0,211.304,8759.0
2024-07-05 14:00:00+00:00,213.43,215.96,212.8,214.45,1134149.0,214.458,5951.0
2024-07-05 15:00:00+00:00,214.45,222.5,213.6,222.22,1100486.0,219.044,6194.0
2024-07-05 16:00:00+00:00,222.3,222.6,219.3,219.73,397922.0,220.817,2239.0
2024-07-05 17:00:00+00:00,219.7,223.68,219.62,222.96,308890.0,221.985,1664.0
2024-07-05 18:00:00+00:00,223.0,224.17,221.78,224.05,316054.0,222.871,1746.0
2024-07-05 19:00:00+00:00,223.96,225.13,223.16,223.56,615737.0,224.049,4030.0
2024-07-08 13:30:00+00:00,226.51,226.51,219.01,221.4,989001.0,222.031,4631.0
2024-07-08 14:00:00+00:00,221.5,223.41,217.75,219.5,889316.0,220.271,4485.0
2024-07-08 15:00:00+00:00,219.37,222.37,219.21,220.16,387580.0,220.5,1793.0
2024-07-08 16:00:00+00:00,220.14,220.97,219.6,220.35,154056.0,220.213,818.0
2024-07-08 17:00:00+00:00,220.4,221.7,218.9,221.52,229927.0,220.253,1310.0
2024-07-08 18:00:00+00:00,221.59,221.79,220.0,220.45,182146.0,220.92,1019.0
2024-07-08 19:00:00+00:00,220.37,221.1,220.09,220.56,339841.0,220.552,2451.0
2024-07-09 13:30:00+00:00,223.58,224.2,220.64,221.9,523280.0,222.199,2612.0
2024-07-09 14:00:00+00:00,222.1,224.18,219.91,221.98,577584.0,222.412,3004.0
2024-07-09 15:00:00+00:00,222.0,223.2,220.8,223.09,301673.0,221.871,1404.0
2024-07-09 16:00:00+00:00,223.2,225.64,221.15,221.98,544516.0,223.763,2837.0
2024-07-09 17:00:00+00:00,221.89,222.7,218.68,219.58,463569.0,220.455,2482.0
2024-07-09 18:00:00+00:00,219.52,221.75,218.73,221.41,278051.0,220.478,1399.0
2024-07-09 19:00:00+00:00,221.26,221.55,219.29,220.01,345940.0,220.259,2117.0
2024-07-10 13:30:00+00:00,221.64,223.34,220.66,221.32,401943.0,222.035,1848.0
2024-07-10 14:00:00+00:00,221.75,222.03,216.2,216.44,721498.0,218.441,4300.0
2024-07-10 15:00:00+00:00,216.59,219.45,215.13,218.15,520913.0,217.302,2859.0
2024-07-10 16:00:00+00:00,218.2,219.55,217.1,217.17,274695.0,218.329,1442.0
2024-07-10 17:00:00+00:00,217.14,218.55,216.75,218.13,277338.0,217.549,1502.0
2024-07-10 18:00:00+00:00,218.0,218.54,217.51,218.0,126226.0,217.977,627.0
2024-07-10 19:00:00+00:00,217.99,220.21,217.1,219.48,384346.0,218.779,2339.0
2024-07-11 13:30:00+00:00,224.25,227.15,222.15,224.71,974669.0,224.835,4765.0
2024-07-11 14:00:00+00:00,225.0,227.14,221.2,224.34,989153.0,225.006,5496.0
2024-07-11 15:00:00+00:00,224.33,224.55,216.83,217.18,592093.0,220.837,3155.0
2024-07-11 16:00:00+00:00,217.16,219.24,215.51,217.46,424775.0,217.303,2332.0
2024-07-11 17:00:00+00:00,217.58,218.66,215.91,216.2,258719.0,217.316,1504.0
2024-07-11 18:00:00+00:00,216.1,216.29,214.7,215.66,324903.0,215.451,1933.0
2024-07-11 19:00:00+00:00,215.8,215.83,213.57,214.56,762487.0,214.629,5019.0
2024-07-12 13:30:00+00:00,215.34,218.4,214.57,217.7,513431.0,216.932,2755.0
2024-07-12 14:00:00+00:00,217.86,218.95,215.5,217.81,436017.0,217.464,2454.0
2024-07-12 15:00:00+00:00,217.92,220.58,217.09,219.49,383683.0,218.864,2174.0
2024-07-12 16:00:00+00:00,219.59,222.15,219.01,220.98,517982.0,220.76,2624.0
2024-07-12 17:00:00+00:00,220.89,221.05,219.49,219.75,262602.0,220.177,1437.0
2024-07-12 18:00:00+00:00,219.69,221.64,219.37,221.48,227539.0,220.661,1417.0
2024-07-12 19:00:00+00:00,221.31,221.67,217.78,218.05,475787.0,219.439,3204.0
2024-07-15 13:30:00+00:00,229.38,238.76,228.0,238.05,2559747.0,234.512,13235.0
2024-07-15 14:00:00+00:00,238.45,244.69,235.66,244.3,1901988.0,239.839,10831.0
2024-07-15 15:00:00+00:00,244.3,244.89,238.25,241.54,1124447.0,241.781,6325.0
2024-07-15 16:00:00+00:00,241.49,247.5,240.63,245.97,1047185.0,244.118,5472.0
2024-07-15 17:00:00+00:00,245.94,246.23,238.4,238.54,866874.0,242.616,4897.0
2024-07-15 18:00:00+00:00,238.36,243.05,237.77,241.9,584501.0,240.951,3213.0
2024-07-15 19:00:00+00:00,241.91,244.4,241.21,243.16,1060208.0,242.889,6712.0
2024-07-16 13:30:00+00:00,243.0,244.4,238.05,238.1,907123.0,241.228,4571.0
2024-07-16 14:00:00+00:00,238.28,240.83,234.2,240.23,1394741.0,237.546,6903.0
2024-07-16 15:00:00+00:00,239.99,247.11,239.01,246.69,1215428.0,244.095,5618.0
2024-07-16 16:00:00+00:00,246.75,248.79,244.01,246.38,863573.0,246.261,3991.0
2024-07-16 17:00:00+00:00,246.4,246.9,244.9,246.24,284330.0,245.983,1564.0
2024-07-16 18:00:00+00:00,246.05,250.5,245.99,250.28,814511.0,249.014,4251.0
2024-07-16 19:00:00+00:00,250.27,252.12,248.81,251.45,1287503.0,251.05,7849.0
2024-07-17 13:30:00+00:00,245.9,255.2,245.89,254.55,1204625.0,250.046,6219.0
2024-07-17 14:00:00+00:00,254.58,255.08,247.31,253.63,1238354.0,252.022,6769.0
2024-07-17 15:00:00+00:00,253.54,255.9,245.21,245.56,1097111.0,251.777,6052.0
2024-07-17 16:00:00+00:00,245.5,247.85,241.31,245.88,1069990.0,244.454,5099.0
2024-07-17 17:00:00+00:00,245.88,247.8,243.63,246.03,413050.0,246.12,2221.0
2024-07-17 18:00:00+00:00,246.11,247.95,245.1,246.37,259225.0,246.75,1505.0
2024-07-17 19:00:00+00:00,246.53,250.8,246.43,249.04,650485.0,249.2,3906.0
2024-07-18 13:30:00+00:00,251.38,253.87,245.79,250.74,679110.0,249.55,3430.0
2024-07-18 14:00:00+00:00,250.86,252.86,238.5,243.11,1165189.0,245.139,6412.0
2024-07-18 15:00:00+00:00,243.07,243.6,235.63,236.71,982923.0,238.004,5427.0
2024-07-18 16:00:00+00:00,236.6,240.28,234.84,240.19,484034.0,237.509,2499.0
2024-07-18 17:00:00+00:00,240.34,241.4,235.85,236.32,346927.0,239.289,2029.0
2024-07-18 18:00:00+00:00,236.36,236.76,232.53,233.89,485083.0,234.566,2837.0
2024-07-18 19:00:00+00:00,233.97,234.56,230.57,233.17,1001825.0,232.687,6548.0
2024-07-19 13:30:00+00:00,235.1,243.78,233.5,242.95,779751.0,238.994,4058.0
2024-07-19 14:00:00+00:00,242.64,248.75,242.51,247.56,1515543.0,246.309,7954.0
2024-07-19 15:00:00+00:00,247.78,252.33,244.25,250.87,1151787.0,248.687,6208.0
2024-07-19 16:00:00+00:00,250.73,257.18,249.21,256.16,1016057.0,252.7,5481.0
2024-07-19 17:00:00+00:00,256.1,258.5,254.0,258.22,976026.0,256.209,5172.0
2024-07-19 18:00:00+00:00,258.14,258.66,253.95,256.7,605262.0,256.076,3609.0
2024-07-19 19:00:00+00:00,256.71,259.8,256.52,257.92,1561986.0,258.12,9562.0
2024-07-22 13:30:00+00:00,260.47,264.5,252.84,254.79,1882132.0,259.855,9229.0
2024-07-22 14:00:00+00:00,254.79,258.4,253.75,254.71,967618.0,256.016,5302.0
2024-07-22 15:00:00+00:00,254.87,260.63,253.89,259.65,795189.0,257.065,4064.0
2024-07-22 16:00:00+00:00,259.74,264.41,258.53,263.31,802478.0,262.118,4126.0
2024-07-22 17:00:00+00:00,263.22,265.5,263.05,265.44,904503.0,264.645,4039.0
2024-07-22 18:00:00+00:00,265.42,266.0,264.3,264.8,604020.0,265.435,3176.0
2024-07-22 19:00:00+00:00,264.6,266.0,263.36,265.15,910696.0,265.139,5318.0
2024-07-23 13:30:00+00:00,263.88,267.73,261.21,264.6,1253773.0,264.012,6700.0
2024-07-23 14:00:00+00:00,264.68,272.55,264.12,268.21,1641449.0,268.638,8652.0
2024-07-23 15:00:00+00:00,268.2,268.94,264.63,266.6,709557.0,266.783,3907.0
2024-07-23 16:00:00+00:00,266.46,267.89,261.35,262.32,663725.0,264.114,3002.0
2024-07-23 17:00:00+00:00,262.31,263.28,258.8,259.32,427568.0,260.831,2200.0
2024-07-23 18:00:00+00:00,259.37,260.33,258.51,259.46,421293.0,259.239,1961.0
2024-07-23 19:00:00+00:00,259.26,260.91,257.29,257.42,777566.0,258.552,4997.0
2024-07-24 13:30:00+00:00,261.0,265.0,251.62,251.92,1367792.0,260.071,5784.0
2024-07-24 14:00:00+00:00,251.91,261.18,251.03,257.68,1109921.0,257.619,6059.0
2024-07-24 15:00:00+00:00,257.63,258.14,251.77,251.78,533778.0,253.945,3021.0
2024-07-24 16:00:00+00:00,251.81,252.77,249.2,251.58,443628.0,250.983,2720.0
2024-07-24 17:00:00+00:00,251.6,255.27,251.24,252.72,280553.0,253.625,1719.0
2024-07-24 18:00:00+00:00,252.64,253.0,243.75,245.02,621424.0,247.235,3406.0
2024-07-24 19:00:00+00:00,244.72,247.82,244.05,245.13,865208.0,245.571,5825.0
2024-07-25 13:30:00+00:00,239.26,241.64,233.23,234.58,906151.0,236.224,4477.0
2024-07-25 14:00:00+00:00,234.33,240.29,226.3,237.93,1417819.0,233.86,8067.0
2024-07-25 15:00:00+00:00,237.89,239.14,232.31,235.53,670283.0,235.755,3859.0
2024-07-25 16:00:00+00:00,235.73,241.0,234.52,238.92,436682.0,238.484,2454.0
2024-07-25 17:00:00+00:00,238.68,240.49,235.22,237.25,306818.0,237.548,1601.0
2024-07-25 18:00:00+00:00,237.35,237.68,232.23,232.78,300768.0,234.988,1499.0
2024-07-25 19:00:00+00:00,232.81,236.0,231.1,231.52,1160237.0,232.794,7007.0
2024-07-26 13:30:00+00:00,243.34,248.85,240.32,248.62,1373274.0,245.152,7150.0
2024-07-26 14:00:00+00:00,248.36,249.16,237.56,241.47,1197730.0,242.823,6450.0
2024-07-26 15:00:00+00:00,241.31,242.41,239.25,241.21,541494.0,241.012,2973.0
2024-07-26 16:00:00+00:00,241.13,243.39,238.3,241.42,448730.0,241.344,2371.0
2024-07-26 17:00:00+00:00,241.74,245.0,240.87,242.06,427843.0,242.927,2342.0
2024-07-26 18:00:00+00:00,241.93,243.89,241.7,242.02,247712.0,242.94,1575.0
2024-07-26 19:00:00+00:00,242.0,244.23,241.09,243.14,573774.0,242.815,3579.0
2024-07-29 13:30:00+00:00,251.55,255.42,248.69,250.45,1334294.0,251.807,6326.0
2024-07-29 14:00:00+00:00,250.25,251.26,240.81,241.59,1520896.0,244.515,7830.0
2024-07-29 15:00:00+00:00,241.46,242.38,236.06,240.61,905437.0,239.151,4791.0
2024-07-29 16:00:00+00:00,240.52,240.77,236.68,237.55,508071.0,238.637,2525.0
2024-07-29 17:00:00+00:00,237.66,240.2,236.5,237.52,451940.0,238.245,2312.0
2024-07-29 18:00:00+00:00,237.3,239.33,236.58,237.15,338119.0,238.228,1705.0
2024-07-29 19:00:00+00:00,237.03,237.76,234.0,234.11,738771.0,235.712,4493.0
2024-07-30 13:30:00+00:00,235.52,239.0,233.1,234.92,691271.0,236.41,3160.0
2024-07-30 14:00:00+00:00,234.65,235.5,229.56,229.94,514246.0,232.332,2951.0
2024-07-30 15:00:00+00:00,229.8,230.19,225.2,226.84,796833.0,227.21,4624.0
2024-07-30 16:00:00+00:00,227.04,229.5,225.49,225.49,329486.0,227.816,1740.0
2024-07-30 17:00:00+00:00,225.56,228.43,224.42,227.5,249977.0,226.603,1436.0
2024-07-30 18:00:00+00:00,227.58,227.99,224.59,225.44,244933.0,226.056,1427.0
2024-07-30 19:00:00+00:00,225.44,226.41,223.03,224.62,821956.0,224.613,5216.0
2024-07-31 13:30:00+00:00,233.0,233.68,229.1,231.12,499328.0,231.854,2115.0
2024-07-31 14:00:00+00:00,230.89,234.11,230.75,232.25,461092.0,232.332,2371.0
2024-07-31 15:00:00+00:00,232.34,233.26,230.34,230.84,191726.0,231.959,1030.0
2024-07-31 16:00:00+00:00,230.84,234.0,230.5,232.1,193650.0,231.929,1082.0
2024-07-31 17:00:00+00:00,232.2,233.62,230.48,230.7,231922.0,232.048,1305.0
2024-07-31 18:00:00+00:00,231.12,232.85,228.2,232.31,330409.0,230.395,1686.0
2024-07-31 19:00:00+00:00,232.02,233.97,224.04,224.47,710066.0,227.407,3977.0
2024-08-01 13:30:00+00:00,227.0,227.1,222.8,225.43,579798.0,225.495,2954.0
2024-08-01 14:00:00+00:00,224.88,225.83,217.0,217.47,810333.0,220.689,4231.0
2024-08-01 15:00:00+00:00,217.42,218.26,215.11,216.67,636622.0,216.506,3616.0
2024-08-01 16:00:00+00:00,216.67,218.3,212.75,213.54,611879.0,215.368,3180.0
2024-08-01 17:00:00+00:00,213.44,213.44,207.82,211.86,893224.0,210.657,4557.0
2024-08-01 18:00:00+00:00,211.86,212.71,207.9,208.48,441655.0,210.067,2561.0
2024-08-01 19:00:00+00:00,208.25,213.76,208.23,212.64,1131660.0,211.628,7634.0
2024-08-02 13:30:00+00:00,213.12,219.3,210.09,215.86,1169596.0,214.58,5414.0
2024-08-02 14:00:00+00:00,215.81,217.5,201.81,202.0,1341855.0,208.413,7163.0
2024-08-02 15:00:00+00:00,201.84,209.05,199.38,208.35,1155119.0,203.415,5815.0
2024-08-02 16:00:00+00:00,208.35,209.7,205.92,207.13,479295.0,207.403,2677.0
2024-08-02 17:00:00+00:00,207.2,207.68,204.23,204.44,253555.0,205.6,1807.0
2024-08-02 18:00:00+00:00,204.44,204.45,201.6,202.56,468320.0,203.014,2668.0
2024-08-02 19:00:00+00:00,202.44,205.66,201.75,204.35,754818.0,203.892,5186.0
2024-08-05 13:30:00+00:00,162.01,185.0,161.13,183.95,3574611.0,173.338,18433.0
2024-08-05 14:00:00+00:00,183.81,195.2,183.81,191.24,2205878.0,189.453,12306.0
2024-08-05 15:00:00+00:00,191.22,197.5,188.14,194.66,1639356.0,193.065,9805.0
2024-08-05 16:00:00+00:00,194.66,197.88,189.13,190.64,771339.0,193.928,4726.0
2024-08-05 17:00:00+00:00,190.69,195.12,189.44,193.06,561866.0,192.663,3208.0
2024-08-05 18:00:00+00:00,192.84,193.72,187.16,187.68,657325.0,190.286,3720.0
2024-08-05 19:00:00+00:00,187.7,191.67,184.85,189.48,1363687.0,188.288,8941.0
2024-08-06 13:30:00+00:00,191.99,192.5,182.7,187.59,782147.0,187.631,3898.0
2024-08-06 14:00:00+00:00,187.46,195.02,187.06,191.29,915470.0,191.123,4681.0
2024-08-06 15:00:00+00:00,190.97,191.97,188.38,191.78,463745.0,190.286,2629.0
2024-08-06 16:00:00+00:00,191.85,196.29,190.77,195.6,422847.0,193.539,2174.0
2024-08-06 17:00:00+00:00,195.6,197.18,194.74,196.28,318103.0,195.789,1721.0
2024-08-06 18:00:00+00:00,196.34,197.4,194.73,195.23,331325.0,196.293,1878.0
2024-08-06 19:00:00+00:00,195.22,196.2,191.86,194.09,908794.0,194.068,5234.0
2024-08-07 13:30:00+00:00,196.8,199.96,192.48,193.66,537484.0,195.885,2616.0
2024-08-07 14:00:00+00:00,193.7,195.77,187.49,189.25,1085018.0,190.312,5259.0
2024-08-07 15:00:00+00:00,189.4,190.99,186.06,188.5,537672.0,188.467,2768.0
2024-08-07 16:00:00+00:00,188.49,189.47,185.89,187.07,369091.0,187.358,2028.0
2024-08-07 17:00:00+00:00,186.9,187.41,181.34,181.85,474897.0,184.209,2567.0
2024-08-07 18:00:00+00:00,181.92,182.65,178.4,179.35,677110.0,179.977,3976.0
2024-08-07 19:00:00+00:00,179.49,182.21,177.39,178.83,914770.0,179.228,6121.0
2024-08-08 13:30:00+00:00,185.67,188.57,182.46,188.52,871268.0,185.632,4573.0
2024-08-08 14:00:00+00:00,188.44,193.3,187.66,192.94,1010091.0,190.585,5778.0
2024-08-08 15:00:00+00:00,192.83,192.88,189.75,191.65,510621.0,191.301,2740.0
2024-08-08 16:00:00+00:00,191.57,192.8,188.07,191.11,449286.0,190.807,2241.0
2024-08-08 17:00:00+00:00,191.2,193.59,189.55,192.16,334429.0,192.153,1823.0
2024-08-08 18:00:00+00:00,192.05,194.58,192.0,192.9,267026.0,193.626,1543.0
2024-08-08 19:00:00+00:00,192.91,194.98,192.06,192.6,653091.0,193.398,4234.0
2024-08-09 13:30:00+00:00,191.29,194.66,189.78,192.01,472158.0,191.785,2260.0
2024-08-09 14:00:00+00:00,192.08,196.85,190.89,195.6,742550.0,194.923,3522.0
2024-08-09 15:00:00+00:00,195.74,197.02,193.21,193.27,294083.0,195.573,1494.0
2024-08-09 16:00:00+00:00,193.3,196.89,193.29,196.71,247738.0,194.835,1318.0
2024-08-09 17:00:00+00:00,196.82,199.1,196.16,196.53,315695.0,197.672,1652.0
2024-08-09 18:00:00+00:00,196.58,197.59,195.19,196.08,168025.0,196.237,1038.0
2024-08-09 19:00:00+00:00,196.06,197.48,195.56,196.28,344427.0,196.378,2256.0
2024-08-12 13:30:00+00:00,194.31,196.28,188.32,189.35,848687.0,192.264,3989.0
2024-08-12 14:00:00+00:00,189.47,197.69,188.29,194.4,795430.0,193.286,4408.0
2024-08-12 15:00:00+00:00,194.41,195.63,191.66,195.25,383148.0,193.666,2090.0
2024-08-12 16:00:00+00:00,195.4,195.62,191.99,192.2,178360.0,193.681,909.0
2024-08-12 17:00:00+00:00,192.13,193.84,191.4,192.35,187352.0,192.5,969.0
2024-08-12 18:00:00+00:00,192.41,193.7,191.91,193.11,168007.0,192.911,980.0
2024-08-12 19:00:00+00:00,193.24,193.4,191.38,191.74,564382.0,192.108,3875.0
2024-08-13 13:30:00+00:00,193.13,196.25,191.87,195.64,361808.0,194.408,1690.0
2024-08-13 14:00:00+00:00,195.8,196.83,193.25,196.1,534108.0,195.364,2604.0
2024-08-13 15:00:00+00:00,196.19,196.25,194.63,194.75,202902.0,195.423,1129.0
2024-08-13 16:00:00+00:00,194.71,201.1,194.01,200.6,745169.0,198.165,2882.0
2024-08-13 17:00:00+00:00,200.64,201.01,198.42,199.4,296828.0,199.78,1571.0
2024-08-13 18:00:00+00:00,199.3,199.45,197.5,198.19,212150.0,198.478,1242.0
2024-08-13 19:00:00+00:00,198.07,198.68,196.46,197.71,461860.0,197.821,2768.0
2024-08-14 13:30:00+00:00,200.9,201.97,192.94,193.76,723121.0,196.685,3549.0
2024-08-14 14:00:00+00:00,193.77,196.75,192.4,196.5,737317.0,194.184,2865.0
2024-08-14 15:00:00+00:00,196.67,197.43,195.01,196.0,337724.0,196.281,1905.0
2024-08-14 16:00:00+00:00,196.13,196.29,192.52,194.64,420008.0,193.902,2014.0
2024-08-14 17:00:00+00:00,194.69,195.0,193.11,193.5,123814.0,194.058,852.0
2024-08-14 18:00:00+00:00,193.5,194.06,192.81,193.98,180006.0,193.377,910.0
2024-08-14 19:00:00+00:00,194.05,196.54,193.29,195.99,512035.0,195.144,3201.0
2024-08-15 13:30:00+00:00,198.7,199.88,196.2,199.11,455972.0,198.49,2117.0
2024-08-15 14:00:00+00:00,199.11,202.36,198.5,201.28,1093514.0,200.612,4647.0
2024-08-15 15:00:00+00:00,201.35,205.07,200.6,204.06,419090.0,202.72,2285.0
2024-08-15 16:00:00+00:00,203.76,204.87,203.26,204.11,304828.0,204.142,1692.0
2024-08-15 17:00:00+00:00,203.9,204.28,202.34,202.62,250350.0,203.064,1225.0
2024-08-15 18:00:00+00:00,202.68,202.73,198.68,198.91,585544.0,200.026,2990.0
2024-08-15 19:00:00+00:00,198.85,199.05,196.57,197.13,852598.0,197.598,4952.0
2024-08-16 13:30:00+00:00,199.0,204.9,197.14,204.38,856126.0,202.11,3950.0
2024-08-16 14:00:00+00:00,204.28,205.03,201.48,202.17,1115928.0,203.228,4286.0
2024-08-16 15:00:00+00:00,202.25,203.29,200.8,202.72,423577.0,201.9,1872.0
2024-08-16 16:00:00+00:00,202.57,204.05,201.65,203.63,273594.0,203.251,1570.0
2024-08-16 17:00:00+00:00,203.52,203.6,201.9,203.16,285728.0,202.753,1608.0
2024-08-16 18:00:00+00:00,203.25,205.73,202.35,204.96,443797.0,204.4,2145.0
2024-08-16 19:00:00+00:00,204.97,205.95,203.75,205.36,582994.0,204.964,3956.0
2024-08-19 13:30:00+00:00,203.17,207.49,201.2,202.03,647821.0,203.8,3214.0
2024-08-19 14:00:00+00:00,201.96,204.0,200.86,203.0,731989.0,202.334,3754.0
2024-08-19 15:00:00+00:00,203.08,203.66,200.79,200.86,516832.0,202.185,2871.0
2024-08-19 16:00:00+00:00,200.75,202.0,200.35,201.69,559200.0,200.922,3157.0
2024-08-19 17:00:00+00:00,201.69,203.45,201.01,201.36,607720.0,202.371,2752.0
2024-08-19 18:00:00+00:00,201.47,202.69,201.01,202.08,431950.0,201.822,2247.0
2024-08-19 19:00:00+00:00,202.15,204.63,202.0,204.46,742510.0,203.013,4478.0
2024-08-20 13:30:00+00:00,209.11,209.8,204.59,206.05,984747.0,206.938,4988.0
2024-08-20 14:00:00+00:00,206.05,206.36,195.37,195.48,1977981.0,199.386,10818.0
2024-08-20 15:00:00+00:00,195.68,196.79,193.81,195.7,1237721.0,195.416,7146.0
2024-08-20 16:00:00+00:00,195.64,195.67,191.9,192.43,913562.0,193.632,5207.0
2024-08-20 17:00:00+00:00,192.4,193.29,191.21,192.53,788462.0,192.197,4370.0
2024-08-20 18:00:00+00:00,192.47,194.35,192.1,193.67,868591.0,193.347,5013.0
2024-08-20 19:00:00+00:00,193.6,197.66,193.44,197.28,1223062.0,196.264,7646.0
2024-08-21 13:30:00+00:00,197.0,199.04,195.11,198.83,584640.0,197.156,2741.0
2024-08-21 14:00:00+00:00,198.83,201.0,196.79,198.22,943538.0,199.163,5120.0
2024-08-21 15:00:00+00:00,198.16,201.47,197.22,199.33,520520.0,200.011,2788.0
2024-08-21 16:00:00+00:00,199.32,199.89,198.0,199.86,172859.0,199.228,959.0
2024-08-21 17:00:00+00:00,199.79,199.89,198.51,198.75,198511.0,199.048,1224.0
2024-08-21 18:00:00+00:00,198.78,204.51,198.78,203.06,1070572.0,202.72,5239.0
2024-08-21 19:00:00+00:00,203.13,207.0,202.41,206.23,1400855.0,205.215,8587.0
2024-08-22 13:30:00+00:00,204.99,207.1,202.35,204.07,717732.0,204.833,3623.0
2024-08-22 14:00:00+00:00,204.35,205.25,202.62,203.29,438025.0,203.704,2283.0
2024-08-22 15:00:00+00:00,203.32,204.6,199.6,200.5,511650.0,201.58,2661.0
2024-08-22 16:00:00+00:00,200.16,203.21,200.16,201.73,239322.0,201.81,1373.0
2024-08-22 17:00:00+00:00,201.89,203.29,199.6,200.16,237784.0,201.399,1290.0
2024-08-22 18:00:00+00:00,199.97,201.19,199.59,200.11,250942.0,200.49,1301.0
2024-08-22 19:00:00+00:00,200.2,201.19,197.43,198.36,772534.0,198.867,5022.0
2024-08-23 13:30:00+00:00,200.97,203.36,200.0,202.53,339113.0,201.977,1710.0
2024-08-23 14:00:00+00:00,202.6,208.93,201.3,203.85,1609905.0,206.038,8290.0
2024-08-23 15:00:00+00:00,203.72,207.27,203.06,205.25,420908.0,205.334,2409.0
2024-08-23 16:00:00+00:00,205.0,208.12,204.51,207.06,387965.0,206.603,2120.0
2024-08-23 17:00:00+00:00,207.05,210.29,206.32,210.09,747778.0,209.118,3694.0
2024-08-23 18:00:00+00:00,210.0,210.31,207.86,209.19,606044.0,209.541,3584.0
2024-08-23 19:00:00+00:00,209.28,211.92,208.34,211.29,1410481.0,210.903,7924.0
2024-08-26 13:30:00+00:00,209.32,210.85,206.73,208.8,807741.0,208.824,3360.0
2024-08-26 14:00:00+00:00,208.85,209.1,204.26,206.31,847342.0,206.455,4281.0
2024-08-26 15:00:00+00:00,206.15,208.3,205.25,207.2,287239.0,206.827,1648.0
2024-08-26 16:00:00+00:00,207.14,208.38,206.31,207.87,224376.0,207.476,1133.0
2024-08-26 17:00:00+00:00,207.74,208.09,204.24,204.72,357872.0,206.215,1758.0
2024-08-26 18:00:00+00:00,204.62,205.79,203.7,205.55,308655.0,204.757,1795.0
2024-08-26 19:00:00+00:00,205.63,205.81,202.68,204.0,619842.0,203.981,4256.0
2024-08-27 13:30:00+00:00,201.84,202.5,195.04,195.38,1054304.0,197.738,5720.0
2024-08-27 14:00:00+00:00,195.53,199.36,194.66,198.01,702301.0,197.139,3927.0
2024-08-27 15:00:00+00:00,198.17,198.65,194.1,196.08,607509.0,195.78,3804.0
2024-08-27 16:00:00+00:00,196.09,197.27,195.0,195.73,328415.0,196.158,1899.0
2024-08-27 17:00:00+00:00,195.69,196.85,195.3,196.62,216251.0,196.183,1410.0
2024-08-27 18:00:00+00:00,196.53,198.58,196.53,198.21,289307.0,197.493,1667.0
2024-08-27 19:00:00+00:00,198.06,198.54,197.12,198.35,431427.0,197.914,2917.0
2024-08-28 13:30:00+00:00,195.01,197.49,194.88,194.88,422427.0,196.002,2185.0
2024-08-28 14:00:00+00:00,194.9,195.36,190.56,190.83,684914.0,193.493,3860.0
2024-08-28 15:00:00+00:00,190.75,191.88,188.62,191.53,490979.0,189.846,2974.0
2024-08-28 16:00:00+00:00,191.43,191.51,187.88,191.01,426939.0,189.614,2371.0
2024-08-28 17:00:00+00:00,191.19,191.24,187.9,188.11,243264.0,189.589,1414.0
2024-08-28 18:00:00+00:00,188.19,191.32,187.73,191.18,218211.0,189.233,1427.0
2024-08-28 19:00:00+00:00,191.12,192.9,190.05,190.2,531600.0,191.385,3757.0
2024-08-29 13:30:00+00:00,194.01,195.71,192.82,194.42,372387.0,194.309,1894.0
2024-08-29 14:00:00+00:00,194.59,196.25,192.22,195.12,557214.0,194.451,3003.0
2024-08-29 15:00:00+00:00,195.22,196.5,194.49,195.15,264987.0,195.663,1474.0
2024-08-29 16:00:00+00:00,195.13,196.3,193.09,194.01,202398.0,194.737,1039.0
2024-08-29 17:00:00+00:00,194.0,194.53,193.07,194.05,136403.0,193.826,768.0
2024-08-29 18:00:00+00:00,194.16,194.16,187.88,188.47,431263.0,190.313,2476.0
2024-08-29 19:00:00+00:00,188.4,190.22,187.6,188.3,431765.0,188.728,3029.0
2024-08-30 13:30:00+00:00,188.99,189.22,185.18,187.91,1009836.0,187.154,3869.0
2024-08-30 14:00:00+00:00,187.89,189.94,183.95,183.99,732216.0,186.938,4107.0
2024-08-30 15:00:00+00:00,183.9,184.96,180.9,182.0,1021444.0,182.684,5796.0
2024-08-30 16:00:00+00:00,181.9,183.35,180.7,181.32,640587.0,181.68,3080.0
2024-08-30 17:00:00+00:00,181.48,181.73,180.04,180.77,341751.0,180.835,1852.0
2024-08-30 18:00:00+00:00,180.91,182.69,180.68,182.55,305556.0,181.83,1562.0
2024-08-30 19:00:00+00:00,182.5,183.65,181.36,183.28,646325.0,182.565,4119.0
2024-09-03 13:30:00+00:00,181.98,182.7,176.03,177.22,1096356.0,178.277,6067.0
2024-09-03 14:00:00+00:00,177.13,178.09,174.8,177.63,1750920.0,176.298,9994.0
2024-09-03 15:00:00+00:00,177.74,178.47,173.88,174.31,660656.0,176.014,3789.0
2024-09-03 16:00:00+00:00,174.3,174.88,171.28,171.8,917367.0,172.696,4929.0
2024-09-03 17:00:00+00:00,171.79,172.74,170.56,170.65,459700.0,171.624,2764.0
2024-09-03 18:00:00+00:00,170.68,171.15,170.0,170.43,511467.0,170.597,3512.0
2024-09-03 19:00:00+00:00,170.5,170.93,168.07,169.18,1099252.0,169.361,7438.0
2024-09-04 13:30:00+00:00,166.5,166.5,162.02,163.65,1369940.0,164.12,7491.0
2024-09-04 14:00:00+00:00,163.72,169.04,160.67,168.51,1206388.0,165.771,6382.0
2024-09-04 15:00:00+00:00,168.67,168.97,165.03,167.45,539203.0,166.907,3255.0
2024-09-04 16:00:00+00:00,167.3,167.78,166.21,167.31,393228.0,167.118,1958.0
2024-09-04 17:00:00+00:00,167.31,167.59,164.65,164.75,336904.0,165.997,2223.0
2024-09-04 18:00:00+00:00,164.84,165.21,162.34,162.5,435104.0,163.798,2549.0
2024-09-04 19:00:00+00:00,162.55,163.5,161.0,163.22,775225.0,162.661,4980.0
2024-09-05 13:30:00+00:00,161.7,166.37,161.1,164.39,748753.0,163.965,3144.0
2024-09-05 14:00:00+00:00,164.66,165.76,161.68,162.08,652509.0,163.703,3569.0
2024-09-05 15:00:00+00:00,162.0,163.3,159.69,160.5,578320.0,161.092,2993.0
2024-09-05 16:00:00+00:00,160.6,161.9,160.25,161.21,244314.0,161.183,1447.0
2024-09-05 17:00:00+00:00,161.25,162.14,160.59,162.07,234690.0,161.327,1466.0
2024-09-05 18:00:00+00:00,162.03,162.39,160.46,160.79,220954.0,161.163,1240.0
2024-09-05 19:00:00+00:00,160.65,160.79,158.12,159.63,726678.0,159.476,4184.0
2024-09-06 13:30:00+00:00,163.24,164.15,158.8,159.02,635022.0,162.0,3320.0
2024-09-06 14:00:00+00:00,158.88,159.09,152.58,154.02,1167283.0,156.053,6248.0
2024-09-06 15:00:00+00:00,154.01,156.25,151.13,151.86,883619.0,153.048,5177.0
2024-09-06 16:00:00+00:00,152.0,152.08,148.07,149.19,755491.0,150.133,4742.0
2024-09-06 17:00:00+00:00,149.18,150.5,147.73,147.83,727448.0,149.01,4538.0
2024-09-06 18:00:00+00:00,147.88,147.99,146.12,146.92,800902.0,147.02,4091.0
2024-09-06 19:00:00+00:00,146.91,148.32,146.62,147.21,1266384.0,147.384,8506.0
2024-09-09 13:30:00+00:00,151.1,156.75,150.06,156.55,1145091.0,153.996,5625.0
2024-09-09 14:00:00+00:00,156.55,157.4,151.34,151.35,1235332.0,154.294,6561.0
2024-09-09 15:00:00+00:00,151.23,152.9,151.16,152.64,488504.0,152.163,2889.0
2024-09-09 16:00:00+00:00,152.64,154.46,152.15,153.44,676971.0,153.514,3541.0
2024-09-09 17:00:00+00:00,153.36,155.29,153.19,153.81,466242.0,154.417,2470.0
2024-09-09 18:00:00+00:00,153.79,154.8,153.21,154.32,279619.0,154.161,1562.0
2024-09-09 19:00:00+00:00,154.18,156.17,153.84,155.07,881785.0,155.145,5156.0
2024-09-10 13:30:00+00:00,155.01,155.5,150.51,151.0,583231.0,152.695,2893.0
2024-09-10 14:00:00+00:00,151.09,154.63,149.51,154.2,711037.0,152.321,3885.0
2024-09-10 15:00:00+00:00,154.33,155.41,151.97,152.02,336826.0,154.079,2086.0
2024-09-10 16:00:00+00:00,151.94,153.14,151.8,152.16,189619.0,152.508,1163.0
2024-09-10 17:00:00+00:00,152.11,156.87,152.05,155.82,405287.0,154.939,2027.0
2024-09-10 18:00:00+00:00,155.85,158.14,155.85,157.72,509287.0,157.04,2612.0
2024-09-10 19:00:00+00:00,157.75,159.14,157.38,158.65,848197.0,158.276,5475.0
2024-09-11 13:30:00+00:00,153.56,154.16,150.69,151.07,815851.0,152.05,4072.0
2024-09-11 14:00:00+00:00,151.21,152.85,149.95,152.85,750046.0,150.98,4174.0
2024-09-11 15:00:00+00:00,152.85,155.1,151.95,153.69,519996.0,153.692,2839.0
2024-09-11 16:00:00+00:00,153.69,156.2,153.62,155.66,338920.0,155.034,1839.0
2024-09-11 17:00:00+00:00,155.69,157.36,155.56,156.56,419174.0,156.575,2149.0
2024-09-11 18:00:00+00:00,156.54,158.84,155.74,155.92,479959.0,157.488,2679.0
2024-09-11 19:00:00+00:00,155.9,157.81,155.7,157.15,711918.0,156.807,4852.0
2024-09-12 13:30:00+00:00,158.61,159.9,156.1,158.97,759121.0,158.293,4157.0
2024-09-12 14:00:00+00:00,159.0,163.15,157.58,159.51,1394724.0,160.932,6700.0
2024-09-12 15:00:00+00:00,159.53,161.47,158.81,160.13,308103.0,160.267,1850.0
2024-09-12 16:00:00+00:00,160.17,162.65,160.08,162.35,321489.0,161.52,1550.0
2024-09-12 17:00:00+00:00,162.32,164.04,161.92,163.92,420454.0,162.993,2235.0
2024-09-12 18:00:00+00:00,163.93,165.43,162.53,163.57,565926.0,164.32,3233.0
2024-09-12 19:00:00+00:00,163.53,164.72,162.0,162.8,706966.0,163.008,4648.0
2024-09-13 13:30:00+00:00,162.24,164.8,161.58,164.19,411284.0,163.164,2157.0
2024-09-13 14:00:00+00:00,164.21,165.99,162.0,165.84,713089.0,164.438,3841.0
2024-09-13 15:00:00+00:00,165.84,168.8,164.0,168.57,1175307.0,166.703,5698.0
2024-09-13 16:00:00+00:00,168.6,168.93,164.6,165.9,533847.0,166.61,2815.0
2024-09-13 17:00:00+00:00,165.9,166.97,165.3,165.8,382363.0,166.105,1913.0
2024-09-13 18:00:00+00:00,165.8,165.92,163.68,164.42,267866.0,164.691,1643.0
2024-09-13 19:00:00+00:00,164.39,164.93,162.8,163.06,568876.0,163.656,3657.0
2024-09-16 13:30:00+00:00,158.6,160.34,155.88,160.28,1040731.0,158.144,6038.0
2024-09-16 14:00:00+00:00,160.28,161.57,158.25,160.46,670395.0,160.322,4503.0
2024-09-16 15:00:00+00:00,160.33,163.16,160.28,162.76,341977.0,162.21,2120.0
2024-09-16 16:00:00+00:00,162.82,162.96,161.14,161.68,146315.0,161.709,897.0
2024-09-16 17:00:00+00:00,161.8,161.8,160.05,161.6,229753.0,160.796,1336.0
2024-09-16 18:00:00+00:00,161.6,161.64,160.3,161.15,147601.0,160.936,1081.0
2024-09-16 19:00:00+00:00,161.08,161.65,160.45,161.55,321399.0,161.151,2276.0
2024-09-17 13:30:00+00:00,164.14,164.8,161.6,162.7,467031.0,163.09,2230.0
2024-09-17 14:00:00+00:00,162.8,167.37,162.37,164.43,851107.0,165.588,4258.0
2024-09-17 15:00:00+00:00,164.6,167.67,164.25,166.92,688511.0,166.812,3270.0
2024-09-17 16:00:00+00:00,166.98,167.41,162.06,162.29,505823.0,164.828,2734.0
2024-09-17 17:00:00+00:00,162.41,163.34,160.5,163.17,551036.0,162.078,2712.0
2024-09-17 18:00:00+00:00,162.9,163.46,161.66,162.25,140250.0,162.606,850.0
2024-09-17 19:00:00+00:00,162.2,163.0,161.5,162.53,368125.0,162.337,2480.0
2024-09-18 13:30:00+00:00,161.5,163.4,161.01,161.7,297747.0,162.094,1219.0
2024-09-18 14:00:00+00:00,161.71,164.85,161.5,163.4,352566.0,163.126,2012.0
2024-09-18 15:00:00+00:00,163.39,164.15,160.9,161.77,187908.0,162.393,1159.0
2024-09-18 16:00:00+00:00,161.52,163.8,161.01,163.51,152989.0,162.451,874.0
2024-09-18 17:00:00+00:00,163.58,163.63,162.05,162.32,137166.0,162.816,877.0
2024-09-18 18:00:00+00:00,162.03,169.1,161.68,165.58,1370088.0,166.311,6477.0
2024-09-18 19:00:00+00:00,165.38,165.4,160.8,162.53,917698.0,162.664,5481.0
2024-09-19 13:30:00+00:00,172.03,173.08,169.6,171.88,1492256.0,171.446,8172.0
2024-09-19 14:00:00+00:00,171.81,174.53,171.06,171.49,1295056.0,172.73,7340.0
2024-09-19 15:00:00+00:00,171.49,175.39,171.07,172.77,1045273.0,173.586,4847.0
2024-09-19 16:00:00+00:00,172.92,173.79,171.6,173.17,432153.0,172.754,2576.0
2024-09-19 17:00:00+00:00,173.27,173.31,170.3,170.36,493415.0,171.456,2814.0
2024-09-19 18:00:00+00:00,170.31,170.71,169.2,169.81,368706.0,169.965,2219.0
2024-09-19 19:00:00+00:00,169.73,169.98,167.0,168.24,1045633.0,167.934,6852.0
2024-09-20 13:30:00+00:00,168.99,170.37,167.5,169.87,656175.0,169.001,3537.0
2024-09-20 14:00:00+00:00,169.86,170.58,167.35,167.39,642945.0,168.937,3745.0
2024-09-20 15:00:00+00:00,167.37,169.33,165.4,169.0,624236.0,167.354,3476.0
2024-09-20 16:00:00+00:00,169.1,171.63,168.16,171.39,663910.0,169.921,3845.0
2024-09-20 17:00:00+00:00,171.44,173.4,169.87,170.12,605841.0,171.653,3352.0
2024-09-20 18:00:00+00:00,170.18,171.95,168.98,171.76,325410.0,170.319,1848.0
2024-09-20 19:00:00+00:00,171.81,171.81,169.63,170.09,711482.0,170.533,4543.0
2024-09-23 13:30:00+00:00,171.3,173.57,170.2,172.94,541626.0,172.366,2967.0
2024-09-23 14:00:00+00:00,172.92,173.35,169.7,170.4,601167.0,171.792,3150.0
2024-09-23 15:00:00+00:00,170.39,173.48,169.32,172.6,381810.0,171.319,2172.0
2024-09-23 16:00:00+00:00,172.5,172.8,169.39,170.58,331655.0,170.579,1903.0
2024-09-23 17:00:00+00:00,170.6,170.73,169.32,170.14,392886.0,169.876,1946.0
2024-09-23 18:00:00+00:00,170.18,170.41,169.05,169.07,334321.0,169.672,1547.0
2024-09-23 19:00:00+00:00,169.14,170.45,168.7,170.18,489176.0,169.663,2878.0
2024-09-24 13:30:00+00:00,170.38,172.25,169.84,170.46,475890.0,171.192,2247.0
2024-09-24 14:00:00+00:00,170.26,170.51,163.8,166.9,1494518.0,166.317,8602.0
2024-09-24 15:00:00+00:00,166.79,168.8,165.81,168.3,546680.0,167.559,3309.0
2024-09-24 16:00:00+00:00,168.18,169.56,167.41,169.05,302926.0,168.751,1386.0
2024-09-24 17:00:00+00:00,168.93,171.03,168.92,170.41,295150.0,170.273,1700.0
2024-09-24 18:00:00+00:00,170.3,170.81,168.94,169.45,244608.0,169.683,1231.0
2024-09-24 19:00:00+00:00,169.42,171.82,169.34,171.68,551277.0,170.78,3408.0
2024-09-25 13:30:00+00:00,170.25,173.94,170.16,171.7,636157.0,172.047,3421.0
2024-09-25 14:00:00+00:00,171.8,172.88,170.5,171.19,529232.0,171.542,2778.0
2024-09-25 15:00:00+00:00,171.33,172.83,169.3,169.6,497880.0,170.862,2650.0
2024-09-25 16:00:00+00:00,169.66,170.39,167.9,168.21,391968.0,169.125,2110.0
2024-09-25 17:00:00+00:00,168.18,168.78,167.05,168.05,358828.0,167.98,1778.0
2024-09-25 18:00:00+00:00,168.04,168.84,167.65,168.34,261105.0,168.193,1356.0
2024-09-25 19:00:00+00:00,168.24,168.58,166.88,167.07,654863.0,167.423,4216.0
2024-09-26 13:30:00+00:00,170.75,172.7,170.26,171.75,850514.0,171.556,4676.0
2024-09-26 14:00:00+00:00,171.5,176.33,171.49,174.06,2777363.0,174.548,14379.0
2024-09-26 15:00:00+00:00,174.24,179.72,172.03,179.71,1598301.0,176.698,9545.0
2024-09-26 16:00:00+00:00,179.53,181.07,177.73,177.89,1047343.0,179.694,6127.0
2024-09-26 17:00:00+00:00,177.85,178.94,176.4,178.53,625329.0,177.869,3730.0
2024-09-26 18:00:00+00:00,178.62,179.99,178.15,179.88,441097.0,179.179,2833.0
2024-09-26 19:00:00+00:00,179.81,181.49,179.57,179.89,1070694.0,180.451,7014.0
2024-09-27 13:30:00+00:00,183.07,183.5,179.5,182.42,831234.0,181.786,4400.0
2024-09-27 14:00:00+00:00,182.33,187.56,180.67,185.35,1566967.0,185.065,8519.0
2024-09-27 15:00:00+00:00,185.36,187.05,184.32,186.14,990789.0,185.771,5488.0
2024-09-27 16:00:00+00:00,186.14,191.53,186.06,190.92,989328.0,189.036,5586.0
2024-09-27 17:00:00+00:00,190.97,191.52,188.66,191.3,715684.0,190.176,3925.0
2024-09-27 18:00:00+00:00,191.22,192.45,188.88,191.03,760756.0,190.946,4049.0
2024-09-27 19:00:00+00:00,191.03,192.26,190.22,191.22,955785.0,191.05,5878.0
2024-09-30 13:30:00+00:00,184.0,185.41,179.93,180.82,1997077.0,181.882,10807.0
2024-09-30 14:00:00+00:00,180.95,182.22,178.32,180.83,1439284.0,180.215,7963.0
2024-09-30 15:00:00+00:00,180.73,182.49,177.9,179.22,1071093.0,180.32,6086.0
2024-09-30 16:00:00+00:00,179.23,179.55,178.0,178.51,547841.0,178.742,3310.0
2024-09-30 17:00:00+00:00,178.47,180.5,178.12,180.37,413074.0,179.255,2595.0
2024-09-30 18:00:00+00:00,180.32,180.84,177.0,178.86,692521.0,178.684,3624.0
2024-09-30 19:00:00+00:00,178.82,179.43,177.58,178.16,1019199.0,178.428,6993.0
2024-10-01 13:30:00+00:00,178.72,178.9,171.82,171.98,1108094.0,174.441,5339.0
2024-10-01 14:00:00+00:00,172.05,173.02,164.82,165.58,2943556.0,167.654,16545.0
2024-10-01 15:00:00+00:00,165.57,167.52,162.86,166.76,1661905.0,164.772,9398.0
2024-10-01 16:00:00+00:00,166.76,168.5,164.0,165.18,1287270.0,166.19,7122.0
2024-10-01 17:00:00+00:00,165.0,165.16,160.0,163.53,1533521.0,161.964,8749.0
2024-10-01 18:00:00+00:00,163.58,165.5,163.58,165.16,900017.0,164.596,5174.0
2024-10-01 19:00:00+00:00,165.05,166.75,163.93,165.1,1293073.0,165.076,8500.0
2024-10-02 13:30:00+00:00,163.2,164.71,161.39,162.55,832820.0,162.858,4070.0
2024-10-02 14:00:00+00:00,162.47,166.0,162.45,164.0,984147.0,164.342,5463.0
2024-10-02 15:00:00+00:00,164.04,168.86,163.9,168.78,679373.0,166.597,3878.0
2024-10-02 16:00:00+00:00,168.81,169.29,166.21,166.21,712814.0,168.19,4097.0
2024-10-02 17:00:00+00:00,166.24,166.82,165.04,166.36,320073.0,165.917,1945.0
2024-10-02 18:00:00+00:00,166.32,166.47,164.3,164.78,360528.0,165.243,2102.0
2024-10-02 19:00:00+00:00,164.8,165.25,163.39,164.49,782501.0,164.339,4768.0
2024-10-03 13:30:00+00:00,163.0,164.79,161.69,163.59,506367.0,163.377,2271.0
2024-10-03 14:00:00+00:00,163.88,166.41,161.54,161.59,738421.0,163.48,3781.0
2024-10-03 15:00:00+00:00,161.6,165.32,161.41,164.57,429267.0,163.435,2236.0
2024-10-03 16:00:00+00:00,164.7,164.72,162.34,162.64,182497.0,163.446,1063.0
2024-10-03 17:00:00+00:00,162.73,165.05,162.22,163.93,290532.0,163.799,1488.0
2024-10-03 18:00:00+00:00,163.94,164.1,163.05,163.59,159577.0,163.63,932.0
2024-10-03 19:00:00+00:00,163.57,164.0,162.7,163.23,393090.0,163.278,2417.0
2024-10-04 13:30:00+00:00,167.96,170.81,166.85,168.24,1150742.0,169.208,5377.0
2024-10-04 14:00:00+00:00,168.15,168.68,164.0,166.36,888744.0,165.991,4664.0
2024-10-04 15:00:00+00:00,166.28,168.0,165.1,166.58,447949.0,166.586,2430.0
2024-10-04 16:00:00+00:00,166.58,168.9,166.05,168.83,517957.0,167.826,2334.0
2024-10-04 17:00:00+00:00,168.78,169.75,167.09,167.94,354508.0,168.645,2191.0
2024-10-04 18:00:00+00:00,167.95,169.53,167.55,169.48,216704.0,168.464,1268.0
2024-10-04 19:00:00+00:00,169.43,171.25,169.05,170.95,839440.0,170.359,5636.0
2024-10-07 13:30:00+00:00,172.0,173.84,171.53,173.31,703073.0,172.633,3490.0
2024-10-07 14:00:00+00:00,173.45,176.15,172.44,172.5,1287333.0,174.404,6714.0
2024-10-07 15:00:00+00:00,172.45,172.46,170.1,170.3,599665.0,171.096,3224.0
2024-10-07 16:00:00+00:00,170.23,172.14,170.18,171.36,398453.0,171.289,2500.0
2024-10-07 17:00:00+00:00,171.36,172.08,170.29,171.5,205153.0,171.153,1141.0
2024-10-07 18:00:00+00:00,171.48,171.56,166.89,167.4,476932.0,168.922,2677.0
2024-10-07 19:00:00+00:00,167.35,169.16,167.35,168.96,620989.0,168.381,4069.0
2024-10-08 13:30:00+00:00,166.36,170.05,165.85,168.66,628320.0,167.788,2560.0
2024-10-08 14:00:00+00:00,168.6,169.99,166.01,167.85,842060.0,167.424,4455.0
2024-10-08 15:00:00+00:00,167.83,168.0,165.61,166.44,655738.0,166.465,2460.0
2024-10-08 16:00:00+00:00,166.41,166.96,165.3,166.81,298314.0,166.094,1772.0
2024-10-08 17:00:00+00:00,166.77,166.77,165.02,166.04,254961.0,165.658,1213.0
2024-10-08 18:00:00+00:00,166.2,166.3,165.3,165.53,199408.0,165.651,1084.0
2024-10-08 19:00:00+00:00,165.48,167.93,165.29,167.68,578108.0,166.694,3259.0
2024-10-09 13:30:00+00:00,167.49,170.06,167.13,167.97,520446.0,168.519,2604.0
2024-10-09 14:00:00+00:00,167.97,168.79,165.78,167.44,481637.0,167.302,2760.0
2024-10-09 15:00:00+00:00,167.5,172.49,167.4,170.86,925228.0,170.279,4225.0
2024-10-09 16:00:00+00:00,170.86,170.97,168.32,169.05,448270.0,169.345,2133.0
2024-10-09 17:00:00+00:00,169.03,169.03,166.51,166.66,329648.0,167.531,1808.0
2024-10-09 18:00:00+00:00,166.77,167.51,166.04,166.59,426514.0,166.702,2669.0
2024-10-09 19:00:00+00:00,166.53,167.33,165.78,166.97,631874.0,166.638,3760.0
2024-10-10 13:30:00+00:00,166.05,166.07,163.17,165.31,586982.0,164.63,2694.0
2024-10-10 14:00:00+00:00,165.3,167.31,162.77,163.92,829826.0,164.795,4591.0
2024-10-10 15:00:00+00:00,163.91,164.96,163.24,164.81,411085.0,164.053,2256.0
2024-10-10 16:00:00+00:00,164.75,165.57,163.91,164.28,243744.0,164.831,1467.0
2024-10-10 17:00:00+00:00,164.34,164.7,162.98,163.47,273446.0,163.749,1654.0
2024-10-10 18:00:00+00:00,163.43,164.6,161.87,164.47,449609.0,162.868,2378.0
2024-10-10 19:00:00+00:00,164.52,165.45,164.12,164.21,507757.0,164.668,3366.0
2024-10-11 13:30:00+00:00,165.29,170.14,165.12,169.53,864525.0,168.29,4243.0
2024-10-11 14:00:00+00:00,169.77,171.8,168.41,171.29,869872.0,169.97,4340.0
2024-10-11 15:00:00+00:00,171.28,176.22,171.23,175.21,1795939.0,174.717,9229.0
2024-10-11 16:00:00+00:00,175.21,179.18,174.81,177.89,1279308.0,177.275,6556.0
2024-10-11 17:00:00+00:00,177.79,178.83,176.77,177.49,678659.0,177.657,3981.0
2024-10-11 18:00:00+00:00,177.45,177.85,175.65,176.84,598953.0,176.908,3472.0
2024-10-11 19:00:00+00:00,176.83,177.51,175.67,176.37,989122.0,176.441,6370.0
2024-10-14 13:30:00+00:00,181.36,183.0,178.27,182.23,1570722.0,180.627,8476.0
2024-10-14 14:00:00+00:00,182.3,192.23,182.22,190.64,2754602.0,187.393,14821.0
2024-10-14 15:00:00+00:00,190.57,193.6,189.1,191.23,1744046.0,191.647,8704.0
2024-10-14 16:00:00+00:00,191.0,192.16,188.75,191.28,1130576.0,190.856,6139.0
2024-10-14 17:00:00+00:00,191.34,193.3,190.69,192.66,886759.0,191.941,4897.0
2024-10-14 18:00:00+00:00,192.72,195.42,192.34,194.8,1375643.0,194.39,7220.0
2024-10-14 19:00:00+00:00,194.86,197.69,194.61,196.39,2229708.0,196.32,13114.0
2024-10-15 13:30:00+00:00,195.68,204.15,193.8,204.15,2192830.0,199.329,12455.0
2024-10-15 14:00:00+00:00,204.03,204.9,188.31,192.98,3958815.0,196.885,21456.0
2024-10-15 15:00:00+00:00,192.95,197.8,190.43,197.09,1514871.0,194.703,7162.0
2024-10-15 16:00:00+00:00,197.22,201.45,196.75,199.11,1347822.0,199.461,7170.0
2024-10-15 17:00:00+00:00,199.05,200.43,195.1,196.25,705553.0,197.496,3252.0
2024-10-15 18:00:00+00:00,196.29,198.22,194.4,194.58,607666.0,196.203,3064.0
2024-10-15 19:00:00+00:00,194.75,197.19,193.91,196.26,996682.0,195.835,5735.0
2024-10-16 13:30:00+00:00,203.5,205.53,197.6,199.26,1245730.0,201.476,5746.0
2024-10-16 14:00:00+00:00,199.38,206.49,198.9,204.41,1894530.0,203.851,9128.0
2024-10-16 15:00:00+00:00,204.4,209.16,203.57,209.14,1401199.0,206.893,6897.0
2024-10-16 16:00:00+00:00,209.03,210.96,208.16,209.87,1463153.0,209.59,6744.0
2024-10-16 17:00:00+00:00,209.83,210.68,207.52,209.69,766164.0,209.13,3847.0
2024-10-16 18:00:00+00:00,209.64,211.2,209.51,210.35,689066.0,210.338,3456.0
2024-10-16 19:00:00+00:00,210.42,212.42,209.74,210.47,1389564.0,210.901,8535.0
2024-10-17 13:30:00+00:00,209.16,209.2,201.36,203.62,1668174.0,204.98,8186.0
2024-10-17 14:00:00+00:00,203.77,205.15,201.13,204.36,1381957.0,203.717,7576.0
2024-10-17 15:00:00+00:00,204.62,209.17,203.27,208.2,939094.0,206.529,4686.0
2024-10-17 16:00:00+00:00,208.34,208.41,206.05,207.33,421447.0,207.573,2112.0
2024-10-17 17:00:00+00:00,207.28,209.45,207.05,208.47,392837.0,208.228,1687.0
2024-10-17 18:00:00+00:00,208.46,208.6,205.03,205.74,459357.0,206.377,1956.0
2024-10-17 19:00:00+00:00,205.82,205.97,204.04,204.12,634319.0,204.891,3351.0
2024-10-18 13:30:00+00:00,208.05,212.88,207.14,212.81,1352727.0,210.315,6259.0
2024-10-18 14:00:00+00:00,212.88,216.18,212.52,215.65,1848504.0,214.736,9666.0
2024-10-18 15:00:00+00:00,215.65,218.31,214.81,215.89,1329238.0,216.635,6652.0
2024-10-18 16:00:00+00:00,215.81,216.21,213.08,213.34,1018143.0,214.384,5071.0
2024-10-18 17:00:00+00:00,213.28,217.07,212.4,215.78,919309.0,215.223,4168.0
2024-10-18 18:00:00+00:00,215.84,219.52,215.05,219.43,1057915.0,217.989,4594.0
2024-10-18 19:00:00+00:00,219.38,220.26,218.54,220.21,1733802.0,219.527,9485.0
2024-10-21 13:30:00+00:00,215.39,216.2,208.59,213.09,2143217.0,211.718,11744.0
2024-10-21 14:00:00+00:00,213.2,215.83,210.57,211.88,1733720.0,213.499,9963.0
2024-10-21 15:00:00+00:00,211.87,213.3,208.13,213.3,1251686.0,210.375,6255.0
2024-10-21 16:00:00+00:00,213.23,213.84,210.25,212.11,599747.0,212.048,3055.0
2024-10-21 17:00:00+00:00,212.19,213.69,211.62,212.95,498171.0,212.687,2689.0
2024-10-21 18:00:00+00:00,213.0,213.79,211.8,213.65,380446.0,212.98,1857.0
2024-10-21 19:00:00+00:00,213.66,216.86,213.31,213.62,1454687.0,214.714,7819.0
2024-10-22 13:30:00+00:00,209.74,211.75,207.3,210.75,938453.0,209.87,4309.0
2024-10-22 14:00:00+00:00,210.75,215.86,210.25,215.59,1484216.0,213.529,6838.0
2024-10-22 15:00:00+00:00,215.58,215.95,211.95,212.95,673578.0,213.73,2955.0
2024-10-22 16:00:00+00:00,212.88,212.88,210.15,210.56,586685.0,211.085,2470.0
2024-10-22 17:00:00+00:00,210.56,211.57,209.91,210.75,356750.0,210.62,1869.0
2024-10-22 18:00:00+00:00,210.68,210.93,208.73,209.62,484622.0,209.632,2450.0
2024-10-22 19:00:00+00:00,209.58,211.95,209.51,210.72,611651.0,210.862,3405.0
2024-10-23 13:30:00+00:00,206.3,209.7,205.5,209.15,904603.0,207.674,4454.0
2024-10-23 14:00:00+00:00,209.05,209.39,204.36,205.55,817961.0,206.426,4050.0
2024-10-23 15:00:00+00:00,205.6,205.99,200.52,202.85,1336583.0,202.385,7084.0
2024-10-23 16:00:00+00:00,202.82,203.1,198.35,198.55,859158.0,200.332,4322.0
2024-10-23 17:00:00+00:00,198.46,198.6,195.31,195.37,1059317.0,196.779,5521.0
2024-10-23 18:00:00+00:00,195.48,198.45,194.6,198.29,842442.0,196.472,4337.0
2024-10-23 19:00:00+00:00,198.2,199.38,197.5,198.93,967211.0,198.615,5961.0
2024-10-24 13:30:00+00:00,206.87,209.69,205.32,209.37,1413191.0,207.722,7477.0
2024-10-24 14:00:00+00:00,209.23,210.55,204.29,204.92,1301185.0,206.902,6555.0
2024-10-24 15:00:00+00:00,204.91,206.85,202.93,203.38,765776.0,204.573,3840.0
2024-10-24 16:00:00+00:00,203.3,203.99,200.8,203.27,624602.0,202.525,2880.0
2024-10-24 17:00:00+00:00,203.2,204.5,202.16,203.58,443311.0,203.415,1878.0
2024-10-24 18:00:00+00:00,203.65,207.58,203.42,206.98,610800.0,206.424,2655.0
2024-10-24 19:00:00+00:00,206.83,209.67,206.12,209.16,1028250.0,208.629,5734.0
2024-10-25 13:30:00+00:00,208.3,211.11,205.8,210.63,884903.0,208.53,4259.0
2024-10-25 14:00:00+00:00,210.4,213.67,210.13,211.83,1014303.0,212.116,5510.0
2024-10-25 15:00:00+00:00,211.93,213.09,208.05,210.02,708075.0,211.121,3599.0
2024-10-25 16:00:00+00:00,209.94,210.59,208.47,209.88,473805.0,209.585,2436.0
2024-10-25 17:00:00+00:00,209.97,211.67,206.94,207.02,1041393.0,209.869,5496.0
2024-10-25 18:00:00+00:00,207.07,208.88,203.4,207.15,1184935.0,206.384,6325.0
2024-10-25 19:00:00+00:00,207.07,208.0,204.3,204.96,902968.0,205.439,5084.0
2024-10-28 13:30:00+00:00,213.35,218.0,212.37,213.23,1947949.0,214.811,9212.0
2024-10-28 14:00:00+00:00,213.31,215.34,211.8,213.78,1039910.0,213.88,5282.0
2024-10-28 15:00:00+00:00,213.9,214.0,210.5,211.9,776500.0,212.265,4040.0
2024-10-28 16:00:00+00:00,211.82,214.2,211.41,213.19,494709.0,213.346,2434.0
2024-10-28 17:00:00+00:00,213.12,214.99,212.02,213.93,419372.0,213.518,2032.0
2024-10-28 18:00:00+00:00,213.84,215.04,212.78,214.81,438924.0,213.888,2356.0
2024-10-28 19:00:00+00:00,214.7,217.7,214.32,216.05,1373375.0,216.077,7257.0
2024-10-29 13:30:00+00:00,220.83,223.2,217.72,222.28,1726522.0,220.613,8896.0
2024-10-29 14:00:00+00:00,222.46,223.9,216.11,219.05,1736050.0,219.91,9105.0
2024-10-29 15:00:00+00:00,219.38,221.52,217.82,220.94,824495.0,219.522,4218.0
2024-10-29 16:00:00+00:00,220.96,223.3,220.21,222.79,850813.0,221.828,4031.0
2024-10-29 17:00:00+00:00,222.84,223.6,219.26,220.87,702086.0,221.669,3545.0
2024-10-29 18:00:00+00:00,221.0,221.88,219.45,221.46,456775.0,220.819,2274.0
2024-10-29 19:00:00+00:00,221.5,222.41,217.6,219.67,1190460.0,219.307,7059.0
2024-10-30 13:30:00+00:00,213.11,215.56,209.47,214.6,1202709.0,213.299,5774.0
2024-10-30 14:00:00+00:00,214.6,220.46,214.6,219.96,897733.0,217.161,4648.0
2024-10-30 15:00:00+00:00,219.75,220.16,217.66,218.31,588615.0,218.602,3175.0
2024-10-30 16:00:00+00:00,218.14,219.11,216.83,218.55,487771.0,217.865,2508.0
2024-10-30 17:00:00+00:00,218.44,218.49,213.2,215.05,515939.0,215.912,2493.0
2024-10-30 18:00:00+00:00,215.19,216.12,214.55,215.38,426610.0,215.474,2103.0
2024-10-30 19:00:00+00:00,215.37,215.5,211.65,211.76,1067032.0,213.173,6295.0
2024-10-31 13:30:00+00:00,203.75,206.0,193.56,195.6,2459952.0,199.078,13605.0
2024-10-31 14:00:00+00:00,195.39,199.18,190.81,191.69,1868438.0,195.454,10941.0
2024-10-31 15:00:00+00:00,191.55,193.47,190.11,191.97,1109709.0,191.858,6593.0
2024-10-31 16:00:00+00:00,191.99,192.45,188.53,189.02,872000.0,190.376,5167.0
2024-10-31 17:00:00+00:00,189.04,190.85,187.16,187.5,781886.0,189.216,4906.0
2024-10-31 18:00:00+00:00,187.58,188.32,181.26,181.96,1790149.0,183.69,11690.0
2024-10-31 19:00:00+00:00,182.0,183.88,178.82,179.22,2834645.0,181.508,19563.0
2024-11-01 13:30:00+00:00,180.0,186.6,180.0,185.49,1813901.0,183.34,9677.0
2024-11-01 14:00:00+00:00,185.35,190.94,183.89,188.83,2051229.0,187.915,11460.0
2024-11-01 15:00:00+00:00,188.83,189.0,183.02,183.88,1140646.0,186.454,6025.0
2024-11-01 16:00:00+00:00,183.76,187.68,183.72,184.51,813412.0,186.033,4337.0
2024-11-01 17:00:00+00:00,184.56,186.39,181.86,181.92,829198.0,184.09,4925.0
2024-11-01 18:00:00+00:00,181.84,182.68,180.01,180.28,767439.0,180.729,4596.0
2024-11-01 19:00:00+00:00,180.27,183.58,179.54,182.98,1495275.0,181.654,10025.0
2024-11-04 14:30:00+00:00,180.09,182.88,178.47,179.92,1304092.0,180.562,6956.0
2024-11-04 15:00:00+00:00,179.88,181.35,177.7,179.6,1191627.0,179.346,6819.0
2024-11-04 16:00:00+00:00,179.63,179.66,176.38,178.93,925442.0,177.951,5504.0
2024-11-04 17:00:00+00:00,178.94,185.23,178.29,184.16,839025.0,181.847,4241.0
2024-11-04 18:00:00+00:00,184.32,186.82,183.0,185.95,725037.0,185.449,3375.0
2024-11-04 19:00:00+00:00,186.0,186.95,185.04,185.43,572479.0,186.019,3010.0
2024-11-04 20:00:00+00:00,185.42,186.73,183.41,186.31,1015339.0,185.41,5881.0
2024-11-05 14:30:00+00:00,185.59,193.57,185.51,191.58,1313104.0,190.601,6636.0
2024-11-05 15:00:00+00:00,191.64,195.35,190.01,194.86,1264488.0,192.75,6584.0
2024-11-05 16:00:00+00:00,194.86,196.58,193.62,195.58,987789.0,195.248,5486.0
2024-11-05 17:00:00+00:00,195.49,196.6,194.86,196.08,607327.0,195.754,2850.0
2024-11-05 18:00:00+00:00,195.95,196.14,194.24,195.55,492818.0,195.09,2671.0
2024-11-05 19:00:00+00:00,195.64,197.25,193.73,194.23,819295.0,195.617,4580.0
2024-11-05 20:00:00+00:00,194.15,196.25,193.01,194.15,1113892.0,194.667,7871.0
2024-11-06 14:30:00+00:00,221.48,233.0,221.0,226.6,5444653.0,226.318,28771.0
2024-11-06 15:00:00+00:00,226.73,236.64,224.91,235.33,3997107.0,230.501,20951.0
2024-11-06 16:00:00+00:00,235.5,241.5,234.11,239.29,2530301.0,238.144,14780.0
2024-11-06 17:00:00+00:00,239.26,246.45,238.48,246.11,2248339.0,243.707,12958.0
2024-11-06 18:00:00+00:00,246.21,252.77,245.5,252.7,2515052.0,249.336,13088.0
2024-11-06 19:00:00+00:00,252.71,257.68,251.21,253.48,3391106.0,254.58,18023.0
2024-11-06 20:00:00+00:00,253.32,255.39,251.25,254.3,2900406.0,253.416,18101.0
2024-11-07 14:30:00+00:00,245.99,250.8,242.34,250.8,2461104.0,246.604,12800.0
2024-11-07 15:00:00+00:00,250.63,257.29,250.02,256.2,2321264.0,253.252,12122.0
2024-11-07 16:00:00+00:00,256.25,256.85,252.22,254.95,1108772.0,254.523,5878.0
2024-11-07 17:00:00+00:00,254.8,259.69,253.76,258.35,1080461.0,257.337,5364.0
2024-11-07 18:00:00+00:00,258.38,258.68,252.73,255.74,875740.0,255.513,4126.0
2024-11-07 19:00:00+00:00,255.67,259.2,254.39,258.04,950753.0,257.423,5144.0
2024-11-07 20:00:00+00:00,258.14,259.1,253.88,255.59,1416144.0,255.978,8109.0
2024-11-08 14:30:00+00:00,257.67,270.99,257.15,268.33,2661515.0,265.444,13406.0
2024-11-08 15:00:00+00:00,268.54,273.5,267.2,270.86,2595160.0,270.065,13648.0
2024-11-08 16:00:00+00:00,270.71,270.89,261.7,261.96,1629474.0,265.668,8610.0
2024-11-08 17:00:00+00:00,261.93,269.57,261.8,267.73,872450.0,265.993,4459.0
2024-11-08 18:00:00+00:00,267.7,270.1,266.16,269.97,703299.0,268.094,4095.0
2024-11-08 19:00:00+00:00,269.9,272.14,268.91,271.96,966849.0,270.721,5151.0
2024-11-08 20:00:00+00:00,271.87,272.72,267.39,270.69,1702442.0,269.87,9763.0
2024-11-11 14:30:00+00:00,300.4,314.0,296.0,309.82,5534400.0,305.29,29423.0
2024-11-11 15:00:00+00:00,309.83,319.49,302.22,316.45,4612312.0,314.151,23419.0
2024-11-11 16:00:00+00:00,316.37,320.76,313.28,316.58,2925493.0,318.172,14871.0
2024-11-11 17:00:00+00:00,316.33,331.7,316.11,328.19,3718777.0,326.047,19846.0
2024-11-11 18:00:00+00:00,328.07,334.86,323.33,334.13,2310936.0,330.09,13422.0
2024-11-11 19:00:00+00:00,334.19,334.5,326.13,329.94,2634276.0,330.753,14260.0
2024-11-11 20:00:00+00:00,329.71,334.77,323.0,324.27,3589894.0,328.224,22606.0
2024-11-12 14:30:00+00:00,309.97,326.43,306.2,323.48,3241548.0,317.446,17336.0
2024-11-12 15:00:00+00:00,323.27,327.0,313.03,313.37,2538109.0,320.265,12938.0
2024-11-12 16:00:00+00:00,313.42,314.13,306.1,311.13,2219634.0,310.675,11443.0
2024-11-12 17:00:00+00:00,311.0,315.49,307.68,307.86,1169674.0,311.652,5714.0
2024-11-12 18:00:00+00:00,308.18,320.19,307.2,318.61,1214583.0,314.411,5930.0
2024-11-12 19:00:00+00:00,318.59,322.49,314.64,315.2,1221780.0,319.341,6356.0
2024-11-12 20:00:00+00:00,315.2,320.11,315.03,319.13,1098660.0,318.095,6502.0
2024-11-13 14:30:00+00:00,325.01,332.35,323.07,323.35,2439280.0,327.775,12365.0
2024-11-13 15:00:00+00:00,323.35,323.55,307.41,313.75,3376529.0,315.326,16499.0
2024-11-13 16:00:00+00:00,313.99,318.84,305.03,309.92,1870503.0,311.592,8902.0
2024-11-13 17:00:00+00:00,309.85,312.99,306.07,307.88,992618.0,309.396,5040.0
2024-11-13 18:00:00+00:00,307.89,308.9,303.6,306.34,1075282.0,306.392,5368.0
2024-11-13 19:00:00+00:00,306.22,306.91,286.22,287.33,3408360.0,294.234,18269.0
2024-11-13 20:00:00+00:00,287.29,293.67,282.66,284.62,4294078.0,287.09,26031.0
2024-11-14 14:30:00+00:00,291.0,292.57,276.89,281.3,3147873.0,284.763,16652.0
2024-11-14 15:00:00+00:00,280.76,289.85,274.44,275.49,2652085.0,282.858,14785.0
2024-11-14 16:00:00+00:00,275.15,286.46,274.3,285.66,1462060.0,281.276,7984.0
2024-11-14 17:00:00+00:00,285.75,285.87,279.96,284.37,834059.0,282.651,4407.0
2024-11-14 18:00:00+00:00,284.55,288.88,283.75,285.65,850766.0,286.303,4454.0
2024-11-14 19:00:00+00:00,285.64,289.5,284.5,285.34,814368.0,287.233,4729.0
2024-11-14 20:00:00+00:00,285.28,285.47,278.51,278.76,1218190.0,281.288,7816.0
2024-11-15 14:30:00+00:00,282.51,285.21,276.02,282.07,1270496.0,281.097,6803.0
2024-11-15 15:00:00+00:00,281.97,288.78,278.6,285.54,1820191.0,284.208,9640.0
2024-11-15 16:00:00+00:00,285.52,295.0,285.21,290.77,1582186.0,291.086,8048.0
2024-11-15 17:00:00+00:00,290.73,295.49,288.61,293.1,1100902.0,292.225,5773.0
2024-11-15 18:00:00+00:00,293.15,295.0,291.6,293.68,739751.0,293.447,3760.0
2024-11-15 19:00:00+00:00,293.82,304.28,292.6,304.27,1432494.0,299.481,7908.0
2024-11-15 20:00:00+00:00,304.08,306.46,302.54,306.27,2165066.0,304.954,13529.0
2024-11-18 14:30:00+00:00,302.14,302.33,288.5,294.17,2749469.0,295.257,16244.0
2024-11-18 15:00:00+00:00,294.04,315.34,293.58,315.3,3105867.0,304.675,18447.0
2024-11-18 16:00:00+00:00,315.29,318.27,311.01,316.51,2275232.0,314.902,11582.0
2024-11-18 17:00:00+00:00,316.52,319.8,315.51,318.99,1357972.0,317.824,6844.0
2024-11-18 18:00:00+00:00,318.83,321.92,312.69,315.49,1458009.0,318.213,7020.0
2024-11-18 19:00:00+00:00,315.63,317.1,308.53,317.02,1347181.0,313.089,7315.0
2024-11-18 20:00:00+00:00,316.94,329.59,316.94,325.44,4472171.0,324.502,26483.0
2024-11-19 14:30:00+00:00,322.08,327.24,317.26,322.68,1638151.0,322.479,9003.0
2024-11-19 15:00:00+00:00,322.34,325.13,315.5,320.51,1786317.0,319.985,9085.0
2024-11-19 16:00:00+00:00,320.56,323.25,317.19,320.41,1004446.0,320.281,5208.0
2024-11-19 17:00:00+00:00,320.6,325.3,319.36,322.19,893645.0,322.435,4385.0
2024-11-19 18:00:00+00:00,322.1,325.1,320.44,324.24,711671.0,322.803,3626.0
2024-11-19 19:00:00+00:00,324.53,324.69,319.3,321.56,800015.0,321.77,4300.0
2024-11-19 20:00:00+00:00,321.3,324.64,321.0,324.51,1269415.0,322.792,7662.0
2024-11-20 14:30:00+00:00,332.25,341.75,325.23,326.63,3639627.0,334.279,18560.0
2024-11-20 15:00:00+00:00,326.56,330.76,313.35,322.64,3154392.0,319.571,17154.0
2024-11-20 16:00:00+00:00,322.45,323.33,310.5,312.46,2050565.0,315.059,9549.0
2024-11-20 17:00:00+00:00,312.65,317.98,303.8,316.71,2214860.0,311.25,10576.0
2024-11-20 18:00:00+00:00,316.79,322.68,311.69,313.79,1785575.0,317.933,8003.0
2024-11-20 19:00:00+00:00,313.93,316.87,311.74,313.07,918919.0,314.058,4457.0
2024-11-20 20:00:00+00:00,312.73,322.0,312.04,320.0,1315890.0,317.862,7633.0
2024-11-21 14:30:00+00:00,329.95,330.5,306.0,309.37,3724053.0,314.235,20507.0
2024-11-21 15:00:00+00:00,309.68,309.96,288.55,297.43,4459661.0,298.234,23844.0
2024-11-21 16:00:00+00:00,297.33,310.0,297.04,303.89,2181258.0,304.406,11537.0
2024-11-21 17:00:00+00:00,303.87,310.99,301.39,308.58,1121980.0,307.265,6127.0
2024-11-21 18:00:00+00:00,308.58,312.37,305.6,308.28,1082869.0,309.147,5255.0
2024-11-21 19:00:00+00:00,308.28,308.99,297.32,298.17,1003203.0,303.814,5718.0
2024-11-21 20:00:00+00:00,297.73,301.76,292.89,295.29,1949418.0,297.122,12831.0
2024-11-22 14:30:00+00:00,294.88,299.6,291.8,293.96,1401978.0,295.003,7039.0
2024-11-22 15:00:00+00:00,293.75,305.62,290.8,304.76,1773083.0,299.3,9634.0
2024-11-22 16:00:00+00:00,304.59,304.91,298.5,303.47,913961.0,302.45,4455.0
2024-11-22 17:00:00+00:00,303.49,306.57,303.03,305.4,763252.0,305.168,3846.0
2024-11-22 18:00:00+00:00,305.27,311.0,305.13,308.25,804537.0,308.289,4227.0
2024-11-22 19:00:00+00:00,308.35,311.37,306.24,310.13,676349.0,309.121,3858.0
2024-11-22 20:00:00+00:00,310.26,310.93,301.34,304.5,1238514.0,305.86,7877.0
2024-11-25 14:30:00+00:00,309.0,309.78,291.72,293.11,1843984.0,300.084,9789.0
2024-11-25 15:00:00+00:00,292.88,314.9,291.2,311.3,2246479.0,303.954,12551.0
2024-11-25 16:00:00+00:00,311.4,317.46,310.84,314.11,1564676.0,314.67,8318.0
2024-11-25 17:00:00+00:00,313.85,313.86,306.09,310.04,964737.0,309.077,4663.0
2024-11-25 18:00:00+00:00,310.04,314.0,309.34,311.66,621179.0,311.958,2908.0
2024-11-25 19:00:00+00:00,311.62,312.66,308.1,308.55,443806.0,310.206,2481.0
2024-11-25 20:00:00+00:00,308.49,312.87,306.3,312.45,954019.0,310.434,5983.0
2024-11-26 14:30:00+00:00,298.26,307.93,298.2,306.12,1333653.0,303.461,6996.0
2024-11-26 15:00:00+00:00,306.44,309.2,300.09,300.09,992889.0,304.056,5257.0
2024-11-26 16:00:00+00:00,300.49,307.87,297.34,305.86,1045394.0,302.892,5471.0
2024-11-26 17:00:00+00:00,305.84,309.18,302.45,307.34,627002.0,306.798,3076.0
2024-11-26 18:00:00+00:00,307.57,308.19,296.65,296.84,835233.0,301.97,4393.0
2024-11-26 19:00:00+00:00,296.81,298.64,292.8,294.7,960643.0,295.383,4860.0
2024-11-26 20:00:00+00:00,294.71,297.59,289.12,293.29,1499480.0,293.142,9329.0
2024-11-27 14:30:00+00:00,302.78,308.97,301.1,308.32,1352534.0,305.633,6717.0
2024-11-27 15:00:00+00:00,308.31,311.9,301.1,301.64,1811089.0,307.039,9051.0
2024-11-27 16:00:00+00:00,301.18,302.2,296.35,297.79,1386430.0,299.033,7170.0
2024-11-27 17:00:00+00:00,297.71,304.41,295.36,302.0,731444.0,300.82,3674.0
2024-11-27 18:00:00+00:00,301.69,307.48,301.28,306.32,708267.0,305.023,3562.0
2024-11-27 19:00:00+00:00,306.5,311.11,305.62,310.09,973248.0,309.21,4910.0
2024-11-27 20:00:00+00:00,310.25,314.29,308.29,310.84,1546027.0,311.71,9580.0
2024-11-29 14:30:00+00:00,311.95,314.09,307.02,312.66,1151545.0,310.48,5657.0
2024-11-29 15:00:00+00:00,312.86,316.3,308.4,310.95,1371985.0,312.568,6394.0
2024-11-29 16:00:00+00:00,310.85,311.47,305.01,305.11,676722.0,309.149,3183.0
2024-11-29 17:00:00+00:00,305.25,305.78,295.81,296.2,1882587.0,299.776,10003.0
2024-12-02 14:30:00+00:00,302.03,306.25,299.5,302.66,1293674.0,303.313,6688.0
2024-12-02 15:00:00+00:00,302.7,311.17,300.2,309.16,1552723.0,307.345,8068.0
2024-12-02 16:00:00+00:00,309.0,311.47,307.21,309.16,988201.0,309.651,5329.0
2024-12-02 17:00:00+00:00,309.63,311.26,301.99,302.6,1189405.0,306.103,6177.0
2024-12-02 18:00:00+00:00,302.23,305.37,301.56,302.47,507391.0,303.61,2934.0
2024-12-02 19:00:00+00:00,302.62,305.71,301.54,303.48,478881.0,303.363,2779.0
2024-12-02 20:00:00+00:00,303.49,306.5,301.52,302.13,830708.0,304.1,5414.0
2024-12-03 14:30:00+00:00,297.19,310.68,296.65,309.0,1355106.0,304.396,7016.0
2024-12-03 15:00:00+00:00,309.04,314.43,306.2,309.4,1943405.0,311.402,9427.0
2024-12-03 16:00:00+00:00,309.42,311.57,305.5,307.65,697160.0,308.194,3745.0
2024-12-03 17:00:00+00:00,307.32,313.77,305.84,313.16,714376.0,309.582,3640.0
2024-12-03 18:00:00+00:00,312.99,313.88,307.93,308.13,573108.0,311.323,2880.0
2024-12-03 19:00:00+00:00,308.03,310.91,306.78,310.6,479165.0,308.916,2726.0
2024-12-03 20:00:00+00:00,310.69,310.83,306.61,309.25,867574.0,308.608,5594.0
2024-12-04 14:30:00+00:00,311.39,325.8,309.12,320.86,2633129.0,320.15,12954.0
2024-12-04 15:00:00+00:00,320.5,322.49,315.62,318.51,1685286.0,319.661,9468.0
2024-12-04 16:00:00+00:00,318.57,319.75,313.5,316.0,1123391.0,315.936,6001.0
2024-12-04 17:00:00+00:00,315.8,321.08,313.6,320.91,747253.0,317.177,4108.0
2024-12-04 18:00:00+00:00,320.78,323.05,318.2,321.43,987231.0,321.095,5662.0
2024-12-04 19:00:00+00:00,321.35,328.5,320.51,327.76,1168077.0,325.039,6810.0
2024-12-04 20:00:00+00:00,328.04,332.0,326.4,331.18,2281948.0,329.617,14178.0
2024-12-05 14:30:00+00:00,343.01,349.5,338.37,344.88,3042532.0,343.663,16603.0
2024-12-05 15:00:00+00:00,344.93,348.05,329.22,329.35,3164620.0,338.394,17197.0
2024-12-05 16:00:00+00:00,329.5,335.96,327.5,330.95,1620834.0,331.61,9037.0
2024-12-05 17:00:00+00:00,331.2,333.19,326.64,332.52,886947.0,329.7,4738.0
2024-12-05 18:00:00+00:00,332.64,334.16,322.19,322.45,1035401.0,328.482,5378.0
2024-12-05 19:00:00+00:00,322.31,328.15,321.01,322.77,970495.0,324.046,5180.0
2024-12-05 20:00:00+00:00,322.28,323.33,315.17,320.18,1995457.0,319.957,11116.0
2024-12-06 14:30:00+00:00,328.56,333.47,325.55,330.86,1579226.0,330.376,8056.0
2024-12-06 15:00:00+00:00,331.0,332.3,325.49,332.04,1204013.0,328.789,6635.0
2024-12-06 16:00:00+00:00,332.17,336.98,329.9,336.65,1441054.0,333.822,7232.0
2024-12-06 17:00:00+00:00,336.42,348.45,335.5,346.78,1958144.0,342.781,10183.0
2024-12-06 18:00:00+00:00,346.56,349.75,342.6,344.75,1738197.0,346.597,9936.0
2024-12-06 19:00:00+00:00,344.49,348.6,344.07,346.03,932240.0,346.487,5926.0
2024-12-06 20:00:00+00:00,345.95,346.29,338.61,343.62,1535443.0,343.754,10250.0
2024-12-09 14:30:00+00:00,339.91,340.16,329.35,332.58,1899052.0,334.394,10287.0
2024-12-09 15:00:00+00:00,332.51,333.5,313.42,316.68,3267702.0,320.907,16806.0
2024-12-09 16:00:00+00:00,316.6,321.23,313.6,317.97,1252378.0,317.946,7115.0
2024-12-09 17:00:00+00:00,317.8,320.64,314.13,314.45,730276.0,317.063,4120.0
2024-12-09 18:00:00+00:00,314.47,320.27,314.33,318.28,571186.0,317.54,3285.0
2024-12-09 19:00:00+00:00,318.29,318.7,315.9,316.19,487527.0,317.276,2830.0
2024-12-09 20:00:00+00:00,316.19,317.0,309.68,310.51,1924287.0,313.416,12004.0
2024-12-10 14:30:00+00:00,318.21,318.21,311.74,316.27,1059474.0,315.131,5250.0
2024-12-10 15:00:00+00:00,316.15,318.74,305.4,306.5,1494053.0,311.291,7895.0
2024-12-10 16:00:00+00:00,306.5,307.5,298.52,305.47,1463637.0,303.494,8216.0
2024-12-10 17:00:00+00:00,305.5,306.06,301.2,303.39,677009.0,303.604,3675.0
2024-12-10 18:00:00+00:00,303.63,305.19,301.5,302.62,386026.0,303.516,2241.0
2024-12-10 19:00:00+00:00,302.7,307.3,301.27,304.03,479356.0,305.189,2592.0
2024-12-10 20:00:00+00:00,304.2,307.25,301.93,302.46,999877.0,304.495,6397.0
2024-12-11 14:30:00+00:00,311.85,318.19,310.31,317.68,1307516.0,314.829,6899.0
2024-12-11 15:00:00+00:00,317.77,320.13,314.68,318.81,1314915.0,317.952,6880.0
2024-12-11 16:00:00+00:00,318.9,320.9,315.63,317.7,725729.0,318.736,3645.0
2024-12-11 17:00:00+00:00,317.5,319.5,310.8,311.53,765140.0,315.15,3847.0
2024-12-11 18:00:00+00:00,311.57,317.22,308.82,315.97,713977.0,313.051,3596.0
2024-12-11 19:00:00+00:00,316.1,318.5,315.14,317.0,439288.0,316.864,2253.0
2024-12-11 20:00:00+00:00,316.91,318.59,313.27,313.61,967910.0,315.535,5459.0
2024-12-12 14:30:00+00:00,317.76,322.59,315.5,320.73,1272267.0,319.801,6187.0
2024-12-12 15:00:00+00:00,320.75,323.5,313.25,316.22,1281420.0,317.929,6547.0
2024-12-12 16:00:00+00:00,316.09,319.23,312.45,313.49,628830.0,315.182,3461.0
2024-12-12 17:00:00+00:00,313.28,316.71,312.9,315.96,312899.0,315.227,1779.0
2024-12-12 18:00:00+00:00,315.94,318.29,315.3,315.53,318875.0,316.677,1897.0
2024-12-12 19:00:00+00:00,315.46,316.1,308.26,310.4,596127.0,311.19,3297.0
2024-12-12 20:00:00+00:00,310.3,313.21,307.75,313.04,738973.0,311.277,4713.0
2024-12-13 14:30:00+00:00,316.0,316.5,312.51,316.15,586196.0,314.737,3172.0
2024-12-13 15:00:00+00:00,316.15,317.18,305.63,305.71,1071353.0,312.042,5444.0
2024-12-13 16:00:00+00:00,305.6,315.27,305.25,313.85,678927.0,311.564,3460.0
2024-12-13 17:00:00+00:00,313.76,314.92,311.5,313.79,279799.0,313.504,1615.0
2024-12-13 18:00:00+00:00,313.72,313.73,311.02,311.21,233747.0,312.248,1343.0
2024-12-13 19:00:00+00:00,311.17,312.76,310.0,311.2,235126.0,311.291,1408.0
2024-12-13 20:00:00+00:00,311.33,311.45,309.58,310.65,496585.0,310.47,3262.0
2024-12-16 14:30:00+00:00,316.9,326.23,316.3,321.39,2249272.0,322.292,12151.0
2024-12-16 15:00:00+00:00,321.73,324.66,317.2,320.19,1451946.0,321.826,8382.0
2024-12-16 16:00:00+00:00,320.21,322.63,318.25,319.9,603090.0,320.624,3597.0
2024-12-16 17:00:00+00:00,320.12,324.8,318.5,324.51,728239.0,322.819,4008.0
2024-12-16 18:00:00+00:00,324.45,325.27,321.5,322.77,638175.0,324.234,3639.0
2024-12-16 19:00:00+00:00,322.69,322.81,317.75,319.51,683532.0,319.726,3793.0
2024-12-16 20:00:00+00:00,319.61,319.99,314.77,315.49,854589.0,316.33,5177.0
2024-12-17 14:30:00+00:00,319.84,323.07,315.25,316.9,991799.0,318.548,5569.0
2024-12-17 15:00:00+00:00,317.13,317.47,303.5,308.76,1587647.0,308.156,8927.0
2024-12-17 16:00:00+00:00,308.5,316.4,307.58,314.57,678396.0,312.528,3952.0
2024-12-17 17:00:00+00:00,314.36,316.26,312.51,316.08,338803.0,314.485,1746.0
2024-12-17 18:00:00+00:00,315.76,316.32,310.42,312.02,298728.0,313.574,1772.0
2024-12-17 19:00:00+00:00,312.45,316.1,312.38,315.34,362434.0,314.629,2114.0
2024-12-17 20:00:00+00:00,315.3,315.75,311.39,311.55,451135.0,312.833,3012.0
2024-12-18 14:30:00+00:00,308.0,312.14,305.33,306.08,668645.0,308.3,3360.0
2024-12-18 15:00:00+00:00,305.9,307.42,302.7,306.62,921703.0,305.323,4760.0
2024-12-18 16:00:00+00:00,306.5,308.3,303.1,307.56,484224.0,305.856,2554.0
2024-12-18 17:00:00+00:00,307.55,309.45,305.75,308.59,277494.0,307.917,1308.0
2024-12-18 18:00:00+00:00,308.67,310.02,306.06,306.47,279509.0,308.188,1380.0
2024-12-18 19:00:00+00:00,306.67,306.67,292.71,293.4,1513575.0,299.186,7798.0
2024-12-18 20:00:00+00:00,293.54,295.47,275.81,279.7,3011372.0,285.026,18120.0
2024-12-19 14:30:00+00:00,290.64,295.49,285.7,286.07,1196097.0,290.669,6522.0
2024-12-19 15:00:00+00:00,286.3,286.99,278.9,283.27,1262222.0,282.68,7407.0
2024-12-19 16:00:00+00:00,283.17,284.28,277.49,280.83,622726.0,281.305,3593.0
2024-12-19 17:00:00+00:00,280.81,280.81,270.82,273.73,962069.0,274.687,5546.0
2024-12-19 18:00:00+00:00,273.73,279.5,268.88,279.23,914817.0,274.432,4626.0
2024-12-19 19:00:00+00:00,279.14,279.73,271.59,273.64,682509.0,275.945,3699.0
2024-12-19 20:00:00+00:00,273.75,278.26,271.25,273.85,899841.0,274.503,6191.0
2024-12-20 14:30:00+00:00,266.12,273.32,261.87,270.41,1281958.0,268.155,6459.0
2024-12-20 15:00:00+00:00,270.6,280.9,270.6,277.72,1007621.0,276.499,5747.0
2024-12-20 16:00:00+00:00,277.74,281.74,276.01,279.98,641197.0,279.208,3467.0
2024-12-20 17:00:00+00:00,280.23,280.23,275.57,277.85,399031.0,277.689,2029.0
2024-12-20 18:00:00+00:00,277.65,278.7,275.03,276.65,372333.0,276.988,1970.0
2024-12-20 19:00:00+00:00,276.48,281.34,275.67,279.23,424871.0,279.125,2139.0
2024-12-20 20:00:00+00:00,279.21,279.74,275.26,278.72,687520.0,277.947,4396.0
2024-12-23 14:30:00+00:00,274.99,275.33,266.04,268.17,672390.0,270.357,3597.0
2024-12-23 15:00:00+00:00,268.3,268.86,264.4,266.11,731290.0,266.477,4041.0
2024-12-23 16:00:00+00:00,266.03,269.8,264.95,268.83,546252.0,266.876,3087.0
2024-12-23 17:00:00+00:00,268.66,269.6,266.3,268.04,291135.0,267.844,1638.0
2024-12-23 18:00:00+00:00,267.86,269.14,263.58,264.68,425442.0,265.789,2313.0
2024-12-23 19:00:00+00:00,264.58,266.23,263.36,263.64,347751.0,264.857,1968.0
2024-12-23 20:00:00+00:00,263.68,268.15,263.07,268.15,671830.0,266.074,4604.0
2024-12-24 14:30:00+00:00,273.22,276.42,271.86,274.88,717316.0,274.171,3430.0
2024-12-24 15:00:00+00:00,274.95,278.09,273.08,277.11,551057.0,275.613,2972.0
2024-12-24 16:00:00+00:00,277.2,284.0,276.14,283.31,658936.0,280.554,3713.0
2024-12-24 17:00:00+00:00,283.27,283.95,279.13,279.62,721239.0,281.369,4554.0
2024-12-26 14:30:00+00:00,275.42,279.24,272.7,275.18,522138.0,275.813,2633.0
2024-12-26 15:00:00+00:00,275.08,275.86,271.39,273.41,519222.0,273.08,2958.0
2024-12-26 16:00:00+00:00,273.19,276.38,272.68,275.51,322997.0,274.382,1792.0
2024-12-26 17:00:00+00:00,275.36,275.56,272.43,272.86,212489.0,274.061,1234.0
2024-12-26 18:00:00+00:00,273.03,274.5,272.94,273.31,147539.0,273.828,846.0
2024-12-26 19:00:00+00:00,273.19,275.99,272.81,275.74,230823.0,274.251,1120.0
2024-12-26 20:00:00+00:00,275.83,276.04,273.89,274.33,409633.0,275.021,2522.0
2024-12-27 14:30:00+00:00,273.86,274.25,265.77,268.61,642840.0,269.089,3211.0
2024-12-27 15:00:00+00:00,268.95,269.3,263.21,267.5,653871.0,265.614,3379.0
2024-12-27 16:00:00+00:00,267.4,269.0,264.58,265.5,391448.0,266.913,2307.0
2024-12-27 17:00:00+00:00,265.31,266.17,264.01,265.56,268892.0,265.098,1600.0
2024-12-27 18:00:00+00:00,265.68,266.2,264.32,264.82,197511.0,265.269,1176.0
2024-12-27 19:00:00+00:00,264.74,267.49,263.89,267.49,291783.0,265.025,1751.0
2024-12-27 20:00:00+00:00,267.48,268.0,264.5,265.8,500385.0,265.927,3432.0
2024-12-30 14:30:00+00:00,259.93,260.5,249.97,250.01,1015906.0,254.161,5203.0
2024-12-30 15:00:00+00:00,250.0,252.63,247.6,250.42,1045624.0,249.692,6038.0
2024-12-30 16:00:00+00:00,250.4,252.65,248.9,250.47,446804.0,250.853,2507.0
2024-12-30 17:00:00+00:00,250.2,256.4,249.5,255.91,536417.0,252.73,2703.0
2024-12-30 18:00:00+00:00,255.97,258.41,254.09,256.49,365625.0,257.134,2148.0
2024-12-30 19:00:00+00:00,256.55,256.99,253.69,254.7,284179.0,255.218,1723.0
2024-12-30 20:00:00+00:00,254.55,257.7,254.28,255.49,545463.0,255.744,3343.0
2024-12-31 14:30:00+00:00,262.97,263.66,254.5,256.93,606389.0,257.922,3314.0
2024-12-31 15:00:00+00:00,257.07,257.07,251.66,252.5,474837.0,253.95,2695.0
2024-12-31 16:00:00+00:00,252.56,253.7,251.0,253.3,336057.0,252.299,2036.0
2024-12-31 17:00:00+00:00,253.38,253.4,248.23,250.75,446438.0,250.195,2478.0
2024-12-31 18:00:00+00:00,250.75,252.0,247.59,248.19,381731.0,249.135,2254.0
2024-12-31 19:00:00+00:00,248.01,249.5,246.37,249.47,353906.0,247.827,2197.0
2024-12-31 20:00:00+00:00,249.39,251.75,248.01,248.33,649383.0,249.476,4281.0
2025-01-02 14:30:00+00:00,256.51,261.61,251.0,261.61,876526.0,256.742,4802.0
2025-01-02 15:00:00+00:00,261.61,262.31,253.14,254.21,737325.0,257.593,3898.0
2025-01-02 16:00:00+00:00,254.16,260.98,252.6,259.59,475875.0,257.973,2710.0
2025-01-02 17:00:00+00:00,259.67,261.32,252.82,254.77,417191.0,257.162,2494.0
2025-01-02 18:00:00+00:00,254.57,256.49,252.68,254.48,274717.0,254.315,1580.0
2025-01-02 19:00:00+00:00,254.6,257.66,253.93,255.87,235549.0,255.833,1454.0
2025-01-02 20:00:00+00:00,255.99,259.17,255.93,257.26,478099.0,257.746,3295.0
2025-01-03 14:30:00+00:00,259.89,263.85,258.59,262.21,555310.0,261.152,3060.0
2025-01-03 15:00:00+00:00,262.41,266.66,259.11,265.7,663593.0,263.637,3588.0
2025-01-03 16:00:00+00:00,265.79,269.46,264.86,267.88,545362.0,267.351,3261.0
2025-01-03 17:00:00+00:00,267.87,270.39,267.42,267.84,403458.0,268.971,1869.0
2025-01-03 18:00:00+00:00,267.71,269.93,267.71,269.17,428886.0,268.875,2419.0
2025-01-03 19:00:00+00:00,269.07,270.77,268.93,270.09,312389.0,269.946,1938.0
2025-01-03 20:00:00+00:00,270.02,271.59,268.15,270.58,699502.0,270.287,4633.0
2025-01-06 14:30:00+00:00,278.88,286.84,271.75,284.65,1614141.0,279.276,8489.0
2025-01-06 15:00:00+00:00,284.45,293.6,283.33,290.49,1677234.0,289.713,9776.0
2025-01-06 16:00:00+00:00,290.44,291.66,285.9,288.47,858446.0,289.294,4870.0
2025-01-06 17:00:00+00:00,288.45,289.4,284.79,288.68,496962.0,287.412,2938.0
2025-01-06 18:00:00+00:00,288.9,292.5,287.67,291.09,450677.0,290.77,2719.0
2025-01-06 19:00:00+00:00,291.27,293.33,288.54,290.49,467672.0,291.326,2848.0
2025-01-06 20:00:00+00:00,290.33,292.77,287.49,287.85,881170.0,289.578,6026.0
2025-01-07 14:30:00+00:00,286.83,287.58,278.5,278.74,715033.0,284.127,3591.0
2025-01-07 15:00:00+00:00,278.51,279.0,265.38,271.44,1831034.0,271.519,10374.0
2025-01-07 16:00:00+00:00,271.29,273.99,268.75,268.85,696546.0,271.447,4584.0
2025-01-07 17:00:00+00:00,268.82,269.12,265.01,267.14,568523.0,266.849,3411.0
2025-01-07 18:00:00+00:00,266.91,272.65,266.75,266.92,860621.0,269.156,4626.0
2025-01-07 19:00:00+00:00,266.85,267.46,262.35,264.15,644627.0,264.615,3929.0
2025-01-07 20:00:00+00:00,264.05,264.86,260.24,264.41,1351301.0,262.679,8691.0
2025-01-08 14:30:00+00:00,263.88,267.0,259.26,261.89,632845.0,263.421,3279.0
2025-01-08 15:00:00+00:00,261.77,265.18,255.5,260.76,719002.0,259.443,4389.0
2025-01-08 16:00:00+00:00,260.73,261.62,257.28,259.52,401885.0,259.591,2390.0
2025-01-08 17:00:00+00:00,259.49,260.0,252.99,257.35,516362.0,255.71,2954.0
2025-01-08 18:00:00+00:00,257.35,263.5,257.35,260.69,401949.0,260.715,2244.0
2025-01-08 19:00:00+00:00,260.49,263.41,259.81,260.79,216821.0,261.452,1365.0
2025-01-08 20:00:00+00:00,260.8,261.11,258.5,260.01,549405.0,260.01,3831.0
2025-01-10 14:30:00+00:00,257.61,258.88,252.52,255.22,531207.0,255.391,2919.0
2025-01-10 15:00:00+00:00,254.54,257.07,248.05,254.69,908554.0,252.308,5387.0
2025-01-10 16:00:00+00:00,254.8,259.88,253.53,255.78,388680.0,256.588,2658.0
2025-01-10 17:00:00+00:00,255.77,261.61,255.06,261.42,289097.0,258.557,1829.0
2025-01-10 18:00:00+00:00,261.33,261.87,257.21,259.22,352234.0,259.561,2424.0
2025-01-10 19:00:00+00:00,259.23,259.25,255.76,258.46,184631.0,257.754,1220.0
2025-01-10 20:00:00+00:00,258.6,259.7,256.8,258.87,442793.0,258.419,3004.0
2025-01-13 14:30:00+00:00,246.98,250.2,240.77,248.0,1119144.0,245.687,6985.0
2025-01-13 15:00:00+00:00,247.78,251.41,244.73,245.93,787397.0,247.813,4872.0
2025-01-13 16:00:00+00:00,246.04,247.1,243.47,243.8,484345.0,245.176,2935.0
2025-01-13 17:00:00+00:00,243.76,248.88,242.76,247.99,311154.0,246.607,2046.0
2025-01-13 18:00:00+00:00,248.04,249.74,247.15,248.45,261964.0,248.39,1753.0
2025-01-13 19:00:00+00:00,248.42,248.78,244.99,245.89,271100.0,246.241,1757.0
2025-01-13 20:00:00+00:00,246.35,251.81,245.35,251.26,750872.0,248.966,5010.0
2025-01-14 14:30:00+00:00,261.51,262.75,257.14,257.62,687379.0,260.587,3623.0
2025-01-14 15:00:00+00:00,257.5,263.0,255.08,256.98,608065.0,259.789,3595.0
2025-01-14 16:00:00+00:00,256.86,256.97,251.65,252.07,455428.0,253.823,2671.0
2025-01-14 17:00:00+00:00,252.0,254.42,251.0,253.77,299842.0,252.84,2069.0
2025-01-14 18:00:00+00:00,253.59,259.23,253.29,258.4,354017.0,256.191,1985.0
2025-01-14 19:00:00+00:00,258.16,259.34,253.87,254.34,349805.0,257.697,2028.0
2025-01-14 20:00:00+00:00,254.04,255.63,251.07,255.63,588020.0,253.71,3884.0
2025-01-15 14:30:00+00:00,266.87,272.7,264.44,271.31,1246574.0,268.568,7315.0
2025-01-15 15:00:00+00:00,271.72,275.29,269.82,270.59,1250081.0,272.537,7666.0
2025-01-15 16:00:00+00:00,270.93,272.99,269.36,272.0,592437.0,271.193,4019.0
2025-01-15 17:00:00+00:00,271.76,275.75,271.73,272.85,491572.0,274.266,3267.0
2025-01-15 18:00:00+00:00,273.02,276.73,273.02,276.56,540032.0,275.762,3529.0
2025-01-15 19:00:00+00:00,276.53,277.25,274.78,275.98,405982.0,276.086,2792.0
2025-01-15 20:00:00+00:00,276.08,278.32,273.93,275.11,903284.0,276.06,6572.0
2025-01-16 14:30:00+00:00,274.36,276.59,269.28,270.04,631922.0,272.5,3474.0
2025-01-16 15:00:00+00:00,270.18,277.69,268.14,277.68,698856.0,273.145,3867.0
2025-01-16 16:00:00+00:00,277.57,281.3,277.27,279.1,863027.0,279.365,5014.0
2025-01-16 17:00:00+00:00,279.08,282.4,278.27,281.7,478831.0,280.301,2903.0
2025-01-16 18:00:00+00:00,281.8,283.0,278.29,281.14,390189.0,280.635,2222.0
2025-01-16 19:00:00+00:00,280.88,284.13,279.59,283.85,360612.0,282.554,2287.0
2025-01-16 20:00:00+00:00,283.85,285.02,280.74,281.64,605776.0,282.628,3989.0
2025-01-17 14:30:00+00:00,292.0,298.28,289.32,297.0,1724073.0,294.815,9240.0
2025-01-17 15:00:00+00:00,297.01,300.35,293.1,296.32,1392234.0,297.229,7571.0
2025-01-17 16:00:00+00:00,296.29,297.59,294.07,295.01,562954.0,295.984,3561.0
2025-01-17 17:00:00+00:00,295.05,297.55,292.57,293.95,493373.0,295.536,2761.0
2025-01-17 18:00:00+00:00,294.02,299.46,293.66,299.01,770369.0,296.817,3230.0
2025-01-17 19:00:00+00:00,299.05,299.39,294.9,295.87,695152.0,296.976,3523.0
2025-01-17 20:00:00+00:00,295.74,296.71,291.32,295.49,1311399.0,294.031,8870.0
2025-01-21 14:30:00+00:00,298.09,301.28,282.2,283.88,1886014.0,291.116,10764.0
2025-01-21 15:00:00+00:00,283.86,287.8,273.62,287.44,1821607.0,279.832,11114.0
2025-01-21 16:00:00+00:00,287.32,294.4,285.28,291.01,989734.0,290.869,5608.0
2025-01-21 17:00:00+00:00,290.99,298.13,290.32,297.0,582782.0,295.041,3174.0
2025-01-21 18:00:00+00:00,296.9,303.1,294.8,301.8,785530.0,300.068,4267.0
2025-01-21 19:00:00+00:00,301.61,302.76,298.51,301.18,712622.0,300.855,4314.0
2025-01-21 20:00:00+00:00,301.08,302.0,293.85,294.19,846939.0,297.384,5444.0
2025-01-22 14:30:00+00:00,290.38,296.25,289.04,293.05,684679.0,292.905,3914.0
2025-01-22 15:00:00+00:00,293.04,298.25,289.23,289.24,774132.0,293.096,4650.0
2025-01-22 16:00:00+00:00,289.31,289.9,286.28,289.34,605677.0,287.979,3937.0
2025-01-22 17:00:00+00:00,289.33,295.41,289.33,293.9,516566.0,293.462,3090.0
2025-01-22 18:00:00+00:00,293.95,295.09,292.51,293.53,247819.0,294.065,1413.0
2025-01-22 19:00:00+00:00,293.3,298.8,293.16,296.47,481436.0,295.964,2268.0
2025-01-22 20:00:00+00:00,296.47,298.0,294.23,295.67,527163.0,296.089,3531.0
2025-01-23 14:30:00+00:00,289.29,301.88,287.9,298.07,1372263.0,298.179,7806.0
2025-01-23 15:00:00+00:00,297.98,299.91,289.24,299.89,1372129.0,295.3,8740.0
2025-01-23 16:00:00+00:00,299.9,303.56,294.05,296.88,1450536.0,299.69,8288.0
2025-01-23 17:00:00+00:00,296.91,301.0,294.3,299.75,462342.0,297.651,2844.0
2025-01-23 18:00:00+00:00,299.84,301.25,298.34,299.8,406651.0,299.98,2524.0
2025-01-23 19:00:00+00:00,299.42,299.9,295.44,296.53,384445.0,297.712,2297.0
2025-01-23 20:00:00+00:00,296.41,303.0,294.58,295.81,2025574.0,299.012,12971.0
2025-01-24 14:30:00+00:00,300.05,306.4,298.52,303.42,1196276.0,303.638,6279.0
2025-01-24 15:00:00+00:00,303.75,307.59,299.19,306.86,1362031.0,303.971,6906.0
2025-01-24 16:00:00+00:00,306.95,310.62,304.5,307.63,1193572.0,308.364,6342.0
2025-01-24 17:00:00+00:00,307.49,308.64,305.26,305.91,461946.0,307.224,2488.0
2025-01-24 18:00:00+00:00,305.8,308.27,304.39,305.2,424394.0,306.582,2255.0
2025-01-24 19:00:00+00:00,305.25,306.95,299.6,299.81,551913.0,302.934,2893.0
2025-01-24 20:00:00+00:00,299.81,300.24,297.62,297.92,711935.0,298.845,4282.0
2025-01-27 14:30:00+00:00,283.8,287.45,277.2,287.0,1442665.0,282.386,7402.0
2025-01-27 15:00:00+00:00,286.63,289.78,281.13,283.53,788641.0,285.323,4738.0
2025-01-27 16:00:00+00:00,283.45,283.85,275.75,278.23,886225.0,279.054,5375.0
2025-01-27 17:00:00+00:00,278.3,279.85,267.87,268.0,929829.0,273.726,5195.0
2025-01-27 18:00:00+00:00,268.09,270.37,265.2,266.09,694785.0,267.213,4351.0
2025-01-27 19:00:00+00:00,266.31,270.75,265.26,265.53,618632.0,267.473,4367.0
2025-01-27 20:00:00+00:00,265.53,278.31,265.3,277.99,1202385.0,273.819,8356.0
2025-01-28 14:30:00+00:00,280.5,283.03,276.0,282.56,543037.0,279.874,2925.0
2025-01-28 15:00:00+00:00,282.72,284.84,280.26,281.45,507721.0,282.956,2889.0
2025-01-28 16:00:00+00:00,281.28,281.8,278.09,280.23,262837.0,279.773,1457.0
2025-01-28 17:00:00+00:00,280.18,284.3,280.18,280.77,362877.0,282.76,1873.0
2025-01-28 18:00:00+00:00,280.72,282.0,279.12,279.46,203445.0,280.873,1088.0
2025-01-28 19:00:00+00:00,279.58,282.95,279.0,282.4,244014.0,280.856,1411.0
2025-01-28 20:00:00+00:00,282.48,283.75,281.05,281.83,447237.0,282.244,3023.0
2025-01-29 14:30:00+00:00,281.82,289.0,279.83,282.0,563328.0,284.537,3342.0
2025-01-29 15:00:00+00:00,282.24,285.19,279.93,282.54,539062.0,282.415,3157.0
2025-01-29 16:00:00+00:00,282.53,283.53,281.16,281.75,222703.0,282.264,1488.0
2025-01-29 17:00:00+00:00,281.64,284.0,281.64,282.65,182164.0,283.234,1030.0
2025-01-29 18:00:00+00:00,282.64,284.37,280.19,282.18,238960.0,282.358,1521.0
2025-01-29 19:00:00+00:00,282.26,288.58,277.01,285.91,717795.0,283.151,4079.0
2025-01-29 20:00:00+00:00,285.77,294.38,283.97,291.1,1239521.0,290.137,7645.0
2025-01-30 14:30:00+00:00,293.77,303.95,293.02,303.03,1092842.0,300.04,6415.0
2025-01-30 15:00:00+00:00,302.96,306.0,300.42,301.59,1003643.0,303.75,6122.0
2025-01-30 16:00:00+00:00,301.7,305.8,301.7,302.82,575430.0,304.255,3665.0
2025-01-30 17:00:00+00:00,302.99,302.99,297.73,299.76,397721.0,300.135,2242.0
2025-01-30 18:00:00+00:00,299.74,305.03,297.9,303.09,407883.0,301.756,2356.0
2025-01-30 19:00:00+00:00,303.16,304.25,301.61,303.59,280397.0,303.293,1745.0
2025-01-30 20:00:00+00:00,303.6,303.75,296.41,301.2,818363.0,300.452,5607.0
2025-01-31 14:30:00+00:00,300.8,301.89,296.69,300.48,486481.0,299.357,2790.0
2025-01-31 15:00:00+00:00,300.44,304.73,298.75,302.93,843155.0,302.186,4240.0
2025-01-31 16:00:00+00:00,302.91,304.66,301.0,302.5,319963.0,302.753,1870.0
2025-01-31 17:00:00+00:00,302.35,302.71,300.7,301.13,207016.0,301.557,1175.0
2025-01-31 18:00:00+00:00,301.0,302.07,293.37,294.8,493971.0,297.503,2987.0
2025-01-31 19:00:00+00:00,294.76,295.9,290.5,292.56,463145.0,293.25,2684.0
2025-01-31 20:00:00+00:00,292.49,292.76,287.22,291.33,758884.0,289.96,5016.0
2025-02-03 14:30:00+00:00,273.22,278.0,269.3,276.56,1469644.0,273.85,8038.0
2025-02-03 15:00:00+00:00,276.42,288.19,274.02,287.2,1463464.0,281.883,7428.0
2025-02-03 16:00:00+00:00,287.08,287.93,281.6,282.65,603064.0,284.033,3537.0
2025-02-03 17:00:00+00:00,282.8,283.6,277.73,282.19,538656.0,280.54,3377.0
2025-02-03 18:00:00+00:00,282.3,283.99,280.21,283.51,332470.0,282.199,2022.0
2025-02-03 19:00:00+00:00,283.56,288.5,283.21,288.04,379500.0,285.743,2093.0
2025-02-03 20:00:00+00:00,288.16,288.76,283.42,284.36,580475.0,285.602,3855.0
2025-02-04 14:30:00+00:00,283.0,286.0,278.63,282.14,619549.0,282.718,3458.0
2025-02-04 15:00:00+00:00,282.89,285.84,280.72,284.5,610791.0,283.007,3674.0
2025-02-04 16:00:00+00:00,284.69,288.0,282.79,286.88,457698.0,285.749,2781.0
2025-02-04 17:00:00+00:00,286.95,287.21,282.26,286.2,425630.0,284.489,2385.0
2025-02-04 18:00:00+00:00,286.12,288.95,284.76,286.77,303837.0,287.101,1747.0
2025-02-04 19:00:00+00:00,286.65,289.39,281.04,281.46,528468.0,286.142,3225.0
2025-02-04 20:00:00+00:00,281.48,282.6,280.05,280.32,621393.0,281.155,4142.0
2025-02-05 14:30:00+00:00,283.59,285.33,278.97,279.59,493832.0,282.469,2528.0
2025-02-05 15:00:00+00:00,279.78,282.82,277.99,282.32,443497.0,280.566,2661.0
2025-02-05 16:00:00+00:00,282.5,283.7,278.75,282.87,540844.0,281.962,2852.0
2025-02-05 17:00:00+00:00,282.77,285.76,280.51,281.61,374954.0,283.105,2148.0
2025-02-05 18:00:00+00:00,281.8,282.07,277.16,278.7,405548.0,278.821,2237.0
2025-02-05 19:00:00+00:00,278.79,279.0,277.55,278.55,204575.0,278.28,1284.0
2025-02-05 20:00:00+00:00,278.6,279.64,274.74,275.11,594450.0,276.427,4288.0
2025-02-06 14:30:00+00:00,279.52,284.6,274.84,275.26,752468.0,279.501,4097.0
2025-02-06 15:00:00+00:00,275.08,279.5,272.27,274.45,598137.0,275.596,3532.0
2025-02-06 16:00:00+00:00,274.69,275.59,272.51,274.05,340077.0,273.977,2199.0
2025-02-06 17:00:00+00:00,274.07,276.6,272.92,274.66,258911.0,275.334,1627.0
2025-02-06 18:00:00+00:00,274.66,274.7,272.96,273.75,233487.0,273.819,1576.0
2025-02-06 19:00:00+00:00,273.65,274.49,269.01,269.2,461802.0,271.396,2863.0
2025-02-06 20:00:00+00:00,269.07,272.19,269.0,270.28,610129.0,270.803,4447.0
2025-02-07 14:30:00+00:00,274.28,281.25,273.34,278.69,1028860.0,278.388,5720.0
2025-02-07 15:00:00+00:00,278.34,281.15,272.19,276.94,873416.0,276.735,5530.0
2025-02-07 16:00:00+00:00,277.07,279.31,273.87,276.49,391116.0,276.499,2448.0
2025-02-07 17:00:00+00:00,276.36,279.53,275.04,278.3,295627.0,277.926,1692.0
2025-02-07 18:00:00+00:00,278.29,282.57,278.0,280.69,412188.0,280.861,2327.0
2025-02-07 19:00:00+00:00,280.68,280.84,273.75,274.84,493501.0,276.525,3284.0
2025-02-07 20:00:00+00:00,274.5,276.51,271.75,274.37,664451.0,273.903,4437.0
2025-02-10 14:30:00+00:00,280.4,285.56,274.89,275.45,1127585.0,279.892,5944.0
2025-02-10 15:00:00+00:00,275.46,279.9,274.6,279.79,600440.0,276.536,3624.0
2025-02-10 16:00:00+00:00,279.79,281.54,278.1,281.47,341914.0,279.815,1981.0
2025-02-10 17:00:00+00:00,281.46,281.56,278.5,280.42,263954.0,279.944,1733.0
2025-02-10 18:00:00+00:00,280.51,280.96,279.07,279.86,203612.0,279.995,1188.0
2025-02-10 19:00:00+00:00,279.77,280.5,278.72,279.66,202545.0,279.58,1395.0
2025-02-10 20:00:00+00:00,279.54,281.6,279.33,280.07,450175.0,280.598,3231.0
2025-02-11 14:30:00+00:00,276.89,279.0,272.34,277.65,650243.0,275.453,3668.0
2025-02-11 15:00:00+00:00,277.76,278.56,274.82,275.2,518454.0,276.252,2966.0
2025-02-11 16:00:00+00:00,275.32,275.33,270.15,270.45,611772.0,272.334,3380.0
2025-02-11 17:00:00+00:00,270.38,270.99,267.21,267.49,481442.0,269.119,2915.0
2025-02-11 18:00:00+00:00,267.38,268.4,265.83,266.64,450492.0,267.149,2358.0
2025-02-11 19:00:00+00:00,266.63,268.5,266.63,267.97,313611.0,267.583,1808.0
2025-02-11 20:00:00+00:00,267.89,268.88,266.32,267.0,702479.0,267.375,4342.0
2025-02-12 14:30:00+00:00,264.39,270.2,263.48,269.85,582830.0,267.08,2989.0
2025-02-12 15:00:00+00:00,269.68,270.0,265.5,269.13,530607.0,267.366,2866.0
2025-02-12 16:00:00+00:00,269.07,272.66,267.0,272.42,463122.0,269.493,2295.0
2025-02-12 17:00:00+00:00,272.39,273.7,270.32,272.77,444983.0,272.315,1980.0
2025-02-12 18:00:00+00:00,272.85,273.1,270.96,271.57,176128.0,271.881,762.0
2025-02-12 19:00:00+00:00,271.43,274.75,270.32,274.16,272035.0,272.554,1539.0
2025-02-12 20:00:00+00:00,274.16,277.8,273.74,274.84,703901.0,275.545,4326.0
2025-02-13 14:30:00+00:00,284.37,290.75,282.5,288.2,1690619.0,286.642,8943.0
2025-02-13 15:00:00+00:00,288.2,295.9,287.25,293.92,1693681.0,292.412,8841.0
2025-02-13 16:00:00+00:00,293.85,294.0,285.75,286.61,1034793.0,290.253,5429.0
2025-02-13 17:00:00+00:00,286.62,292.11,286.53,289.98,583022.0,289.697,3273.0
2025-02-13 18:00:00+00:00,290.03,294.95,288.0,294.31,688008.0,292.092,4048.0
2025-02-13 19:00:00+00:00,294.19,298.0,293.8,297.32,1094489.0,296.042,6291.0
2025-02-13 20:00:00+00:00,297.36,302.4,296.54,298.3,2131492.0,299.057,12227.0
2025-02-14 14:30:00+00:00,287.95,291.55,276.5,278.3,3588736.0,283.161,19023.0
2025-02-14 15:00:00+00:00,278.32,281.63,276.75,278.6,2176627.0,279.125,11515.0
2025-02-14 16:00:00+00:00,278.77,279.5,274.02,277.42,1609327.0,276.198,8642.0
2025-02-14 17:00:00+00:00,277.39,281.0,274.81,278.8,1245419.0,277.726,6387.0
2025-02-14 18:00:00+00:00,278.85,280.5,277.6,277.86,794561.0,279.121,4061.0
2025-02-14 19:00:00+00:00,277.83,279.0,276.55,277.67,421936.0,277.805,2359.0
2025-02-14 20:00:00+00:00,277.66,279.75,274.0,274.2,1442275.0,276.467,9049.0
2025-02-18 14:30:00+00:00,278.8,279.18,269.18,270.15,1335074.0,273.237,6152.0
2025-02-18 15:00:00+00:00,270.24,271.4,267.85,269.4,1176851.0,269.311,6800.0
2025-02-18 16:00:00+00:00,269.35,271.02,267.17,267.63,744908.0,268.984,4229.0
2025-02-18 17:00:00+00:00,267.6,268.31,265.15,265.25,709309.0,266.629,3654.0
2025-02-18 18:00:00+00:00,265.29,265.93,260.5,262.5,1043875.0,263.129,5898.0
2025-02-18 19:00:00+00:00,262.39,264.67,260.82,263.9,727849.0,262.8,4357.0
2025-02-18 20:00:00+00:00,264.0,265.21,261.54,264.65,1093516.0,263.67,7677.0
2025-02-19 14:30:00+00:00,265.75,267.0,261.5,262.41,781798.0,263.486,3603.0
2025-02-19 15:00:00+00:00,262.25,262.53,259.3,260.43,694982.0,260.869,3514.0
2025-02-19 16:00:00+00:00,260.47,262.69,260.05,262.31,347583.0,261.492,2087.0
2025-02-19 17:00:00+00:00,262.27,262.5,259.85,260.0,358849.0,261.086,1655.0
2025-02-19 18:00:00+00:00,259.88,260.09,258.03,258.05,420247.0,259.02,2177.0
2025-02-19 19:00:00+00:00,258.03,261.28,257.68,260.75,394381.0,259.432,2234.0
2025-02-19 20:00:00+00:00,260.75,261.54,257.97,258.74,632302.0,259.147,4021.0
2025-02-20 14:30:00+00:00,260.66,262.25,252.3,252.58,827705.0,257.796,4429.0
2025-02-20 15:00:00+00:00,252.69,255.83,250.37,252.29,804169.0,253.531,4291.0
2025-02-20 16:00:00+00:00,252.5,255.19,252.04,252.43,416603.0,253.156,2619.0
2025-02-20 17:00:00+00:00,252.32,255.08,252.0,254.81,344515.0,253.822,2116.0
2025-02-20 18:00:00+00:00,254.91,257.01,254.05,256.8,333760.0,255.629,1973.0
2025-02-20 19:00:00+00:00,256.95,257.5,254.79,256.66,326261.0,256.365,1872.0
2025-02-20 20:00:00+00:00,256.57,259.0,256.16,256.66,497253.0,257.19,3434.0
2025-02-21 14:30:00+00:00,266.99,267.8,260.59,262.36,1332031.0,264.269,6972.0
2025-02-21 15:00:00+00:00,262.67,264.73,254.88,256.2,1364998.0,259.148,7267.0
2025-02-21 16:00:00+00:00,256.32,257.08,253.57,254.08,681708.0,255.174,3777.0
2025-02-21 17:00:00+00:00,254.0,254.48,243.45,245.76,1572143.0,248.185,8534.0
2025-02-21 18:00:00+00:00,245.41,245.99,242.5,243.37,944276.0,244.031,5128.0
2025-02-21 19:00:00+00:00,243.29,243.78,237.45,238.88,1272069.0,240.038,6550.0
2025-02-21 20:00:00+00:00,238.84,241.0,234.9,235.4,1812395.0,236.836,11309.0
2025-02-24 14:30:00+00:00,239.26,240.24,229.5,230.38,1183369.0,234.976,6434.0
2025-02-24 15:00:00+00:00,230.41,230.68,223.6,226.12,1637679.0,227.413,9448.0
2025-02-24 16:00:00+00:00,226.13,231.33,224.99,229.24,793717.0,228.923,4422.0
2025-02-24 17:00:00+00:00,229.24,231.98,228.67,229.0,460092.0,230.455,2402.0
2025-02-24 18:00:00+00:00,229.13,232.69,228.84,230.61,393580.0,231.255,2301.0
2025-02-24 19:00:00+00:00,230.53,231.14,227.5,228.28,392705.0,228.677,2251.0
2025-02-24 20:00:00+00:00,228.29,229.48,226.8,227.06,1048525.0,227.786,7268.0
2025-02-25 14:30:00+00:00,219.97,222.85,211.8,213.39,2178896.0,217.333,12067.0
2025-02-25 15:00:00+00:00,213.35,213.74,205.12,212.76,2809769.0,208.999,15934.0
2025-02-25 16:00:00+00:00,212.66,212.73,207.5,210.07,995787.0,209.427,6196.0
2025-02-25 17:00:00+00:00,210.12,210.95,207.5,210.67,593339.0,209.525,3784.0
2025-02-25 18:00:00+00:00,210.82,213.19,208.87,210.05,626236.0,211.123,3619.0
2025-02-25 19:00:00+00:00,210.1,211.03,207.22,209.68,617414.0,209.085,3761.0
2025-02-25 20:00:00+00:00,209.68,215.25,209.68,212.58,1400122.0,212.899,9157.0
2025-02-26 14:30:00+00:00,212.99,217.69,210.5,217.5,948524.0,214.159,5122.0
2025-02-26 15:00:00+00:00,217.68,218.57,212.8,215.79,901907.0,215.728,5209.0
2025-02-26 16:00:00+00:00,215.89,216.78,213.58,213.76,458871.0,215.346,2881.0
2025-02-26 17:00:00+00:00,213.67,216.68,212.32,212.78,359276.0,214.879,2069.0
2025-02-26 18:00:00+00:00,212.79,214.38,209.39,210.31,723765.0,211.405,3985.0
2025-02-26 19:00:00+00:00,210.25,211.85,209.02,209.14,462983.0,210.64,2801.0
2025-02-26 20:00:00+00:00,209.25,213.26,207.99,213.01,805876.0,210.992,5394.0
2025-02-27 14:30:00+00:00,218.2,221.58,212.0,212.49,1138038.0,216.408,7133.0
2025-02-27 15:00:00+00:00,212.36,218.0,209.95,215.27,953071.0,214.799,6104.0
2025-02-27 16:00:00+00:00,215.24,219.49,215.05,215.83,441802.0,217.45,2806.0
2025-02-27 17:00:00+00:00,216.01,216.66,213.9,215.2,287694.0,215.312,1786.0
2025-02-27 18:00:00+00:00,215.24,216.6,214.66,215.13,321676.0,215.857,1830.0
2025-02-27 19:00:00+00:00,215.35,215.46,210.1,211.32,390469.0,212.258,2514.0
2025-02-27 20:00:00+00:00,211.32,211.44,207.79,208.34,905600.0,209.196,6172.0
2025-02-28 14:30:00+00:00,205.27,207.98,201.1,207.55,1113467.0,204.987,6898.0
2025-02-28 15:00:00+00:00,207.53,216.44,206.54,215.22,1337361.0,213.213,8282.0
2025-02-28 16:00:00+00:00,215.23,215.97,211.59,214.13,592840.0,214.012,3722.0
2025-02-28 17:00:00+00:00,214.0,215.09,209.5,209.6,453009.0,212.419,2724.0
2025-02-28 18:00:00+00:00,209.5,212.95,209.19,210.4,457986.0,211.004,2684.0
2025-02-28 19:00:00+00:00,210.26,214.4,210.25,213.31,346015.0,212.896,2284.0
2025-02-28 20:00:00+00:00,213.31,216.11,211.51,215.52,868006.0,214.027,5854.0
2025-03-03 14:30:00+00:00,232.56,233.4,219.77,220.3,2688045.0,227.371,14511.0
2025-03-03 15:00:00+00:00,220.24,225.42,216.91,217.3,2074437.0,221.555,11713.0
2025-03-03 16:00:00+00:00,217.42,221.08,216.27,219.51,987380.0,218.958,5679.0
2025-03-03 17:00:00+00:00,219.41,222.45,218.11,218.64,597104.0,220.48,3221.0
2025-03-03 18:00:00+00:00,218.45,218.59,211.1,212.22,1020072.0,213.947,6231.0
2025-03-03 19:00:00+00:00,212.22,213.98,207.16,207.26,753266.0,211.361,4763.0
2025-03-03 20:00:00+00:00,207.21,208.92,203.44,205.66,1575143.0,205.677,10572.0
2025-03-04 14:30:00+00:00,200.56,205.47,198.04,198.36,1342757.0,200.702,7081.0
2025-03-04 15:00:00+00:00,198.05,200.12,193.09,199.01,1494213.0,196.487,7901.0
2025-03-04 16:00:00+00:00,199.07,203.62,196.74,202.04,777733.0,199.718,4337.0
2025-03-04 17:00:00+00:00,202.4,207.89,201.58,206.61,687759.0,205.142,3714.0
2025-03-04 18:00:00+00:00,206.32,213.95,206.04,213.41,707617.0,209.967,3899.0
2025-03-04 19:00:00+00:00,213.53,218.94,212.8,215.17,1109779.0,215.539,6372.0
2025-03-04 20:00:00+00:00,215.23,218.32,209.18,212.19,1150686.0,213.676,7329.0
2025-03-05 14:30:00+00:00,214.89,215.5,209.0,210.75,943614.0,212.421,4726.0
2025-03-05 15:00:00+00:00,211.16,216.0,210.2,212.16,663160.0,212.993,3880.0
2025-03-05 16:00:00+00:00,211.95,213.17,208.0,211.79,587836.0,209.703,3240.0
2025-03-05 17:00:00+00:00,211.74,217.6,210.34,216.78,835324.0,214.311,4046.0
2025-03-05 18:00:00+00:00,216.76,217.39,212.7,217.37,504651.0,215.025,3044.0
2025-03-05 19:00:00+00:00,217.29,221.35,216.64,219.64,656036.0,219.498,3434.0
2025-03-05 20:00:00+00:00,219.77,223.15,219.51,222.61,1096859.0,222.097,7015.0
2025-03-06 14:30:00+00:00,214.51,219.83,213.59,218.74,754832.0,216.811,3915.0
2025-03-06 15:00:00+00:00,218.42,226.6,217.3,223.72,1209321.0,223.942,6512.0
2025-03-06 16:00:00+00:00,223.91,225.5,220.4,220.69,545615.0,223.31,2864.0
2025-03-06 17:00:00+00:00,220.6,221.17,216.58,219.28,522081.0,218.629,3118.0
2025-03-06 18:00:00+00:00,219.33,221.6,216.89,217.28,472439.0,218.986,2656.0
2025-03-06 19:00:00+00:00,216.97,220.46,213.42,214.85,472944.0,216.385,2609.0
2025-03-06 20:00:00+00:00,214.84,217.5,213.0,214.32,816102.0,214.536,5245.0
2025-03-07 14:30:00+00:00,214.89,222.05,212.5,218.85,734901.0,217.861,3862.0
2025-03-07 15:00:00+00:00,218.85,220.8,213.48,216.38,871673.0,217.19,4715.0
2025-03-07 16:00:00+00:00,216.0,217.15,206.77,208.04,857568.0,210.876,4616.0
2025-03-07 17:00:00+00:00,208.18,219.7,207.08,214.72,851559.0,212.981,4568.0
2025-03-07 18:00:00+00:00,215.3,219.45,214.5,218.82,568447.0,217.503,2955.0
2025-03-07 19:00:00+00:00,218.7,221.29,217.29,218.45,509760.0,219.152,2699.0
2025-03-07 20:00:00+00:00,218.38,220.14,214.75,217.17,796686.0,217.646,5008.0
2025-03-10 13:30:00+00:00,205.08,206.84,197.16,197.3,1397471.0,201.724,7376.0
2025-03-10 14:00:00+00:00,197.25,197.34,191.86,192.85,1773118.0,194.803,9772.0
2025-03-10 15:00:00+00:00,192.94,198.87,192.57,195.36,1091482.0,195.602,5683.0
2025-03-10 16:00:00+00:00,195.29,196.85,189.42,189.66,1034856.0,192.677,6115.0
2025-03-10 17:00:00+00:00,189.46,190.11,184.59,185.36,1123070.0,187.461,6074.0
2025-03-10 18:00:00+00:00,185.36,187.24,179.99,180.16,1197403.0,183.681,6871.0
2025-03-10 19:00:00+00:00,180.21,185.15,176.85,179.28,3521075.0,180.234,22278.0
2025-03-11 13:30:00+00:00,185.99,190.5,184.82,189.0,1221513.0,187.388,7053.0
2025-03-11 14:00:00+00:00,189.01,191.25,183.3,188.8,1639930.0,187.671,8590.0
2025-03-11 15:00:00+00:00,188.77,193.21,188.15,189.42,925132.0,191.593,4795.0
2025-03-11 16:00:00+00:00,189.4,191.84,187.66,187.81,501309.0,189.771,2890.0
2025-03-11 17:00:00+00:00,187.8,187.96,183.68,187.19,686012.0,185.731,3648.0
2025-03-11 18:00:00+00:00,187.19,195.69,187.03,194.08,931775.0,192.087,4542.0
2025-03-11 19:00:00+00:00,193.97,195.2,191.27,191.54,1103620.0,192.583,6932.0
2025-03-12 13:30:00+00:00,195.4,199.2,189.35,190.76,1075195.0,194.352,5309.0
2025-03-12 14:00:00+00:00,190.55,193.34,185.9,186.59,1225182.0,189.115,6222.0
2025-03-12 15:00:00+00:00,186.69,189.87,183.75,189.68,798823.0,187.364,4009.0
2025-03-12 16:00:00+00:00,189.56,193.07,189.07,190.91,697641.0,191.576,3528.0
2025-03-12 17:00:00+00:00,191.2,194.9,190.7,190.7,571142.0,193.269,3022.0
2025-03-12 18:00:00+00:00,190.6,194.1,190.26,192.72,413111.0,192.502,2084.0
2025-03-12 19:00:00+00:00,192.85,193.25,189.43,191.8,757031.0,191.357,4665.0
2025-03-13 13:30:00+00:00,188.47,188.85,180.28,181.09,937321.0,184.715,5378.0
2025-03-13 14:00:00+00:00,181.0,188.46,179.69,185.11,1178395.0,185.154,7306.0
2025-03-13 15:00:00+00:00,185.11,186.44,181.38,181.97,659868.0,183.22,4021.0
2025-03-13 16:00:00+00:00,182.08,183.18,179.9,180.9,560774.0,181.403,3492.0
2025-03-13 17:00:00+00:00,181.0,181.6,177.3,178.15,617718.0,178.967,3719.0
2025-03-13 18:00:00+00:00,178.07,180.91,178.07,179.33,608028.0,179.665,3606.0
2025-03-13 19:00:00+00:00,179.4,181.7,177.11,177.55,1483499.0,178.65,10417.0
2025-03-14 13:30:00+00:00,183.81,186.56,181.55,182.16,1225346.0,184.312,6583.0
2025-03-14 14:00:00+00:00,182.14,183.0,179.16,182.72,1251856.0,181.03,7156.0
2025-03-14 15:00:00+00:00,182.77,186.74,182.77,184.93,1158955.0,184.8,6173.0
2025-03-14 16:00:00+00:00,184.97,185.3,182.48,182.77,670184.0,183.533,3894.0
2025-03-14 17:00:00+00:00,182.73,183.18,180.98,182.11,501963.0,182.151,2707.0
2025-03-14 18:00:00+00:00,182.39,183.61,181.97,183.09,345129.0,182.887,1923.0
2025-03-14 19:00:00+00:00,182.99,184.9,182.91,182.97,866059.0,183.654,5461.0
2025-03-17 13:30:00+00:00,182.1,186.96,180.83,183.46,634137.0,184.255,3454.0
2025-03-17 14:00:00+00:00,183.48,185.11,180.77,183.8,693400.0,182.61,3729.0
2025-03-17 15:00:00+00:00,183.63,185.9,183.15,185.05,466855.0,184.693,2546.0
2025-03-17 16:00:00+00:00,185.15,187.58,184.61,185.85,402204.0,186.24,2468.0
2025-03-17 17:00:00+00:00,185.72,191.07,185.5,190.08,518722.0,188.874,2627.0
2025-03-17 18:00:00+00:00,190.15,192.56,189.87,192.03,491914.0,191.283,2885.0
2025-03-17 19:00:00+00:00,192.02,193.24,188.39,188.95,911120.0,190.819,5882.0
2025-03-18 13:30:00+00:00,185.08,186.49,179.23,179.73,1039839.0,182.687,5950.0
2025-03-18 14:00:00+00:00,179.63,182.47,178.78,180.58,802211.0,180.694,4694.0
2025-03-18 15:00:00+00:00,180.59,181.47,178.9,179.73,517970.0,180.074,2814.0
2025-03-18 16:00:00+00:00,179.73,182.7,179.42,182.41,372690.0,181.09,1956.0
2025-03-18 17:00:00+00:00,182.29,183.66,181.0,182.74,333696.0,182.423,1897.0
2025-03-18 18:00:00+00:00,182.74,182.87,179.15,181.63,535097.0,180.863,2756.0
2025-03-18 19:00:00+00:00,181.64,183.0,181.03,181.14,662925.0,181.86,4503.0
2025-03-19 13:30:00+00:00,184.83,187.47,182.8,186.19,612584.0,185.397,3077.0
2025-03-19 14:00:00+00:00,186.22,189.03,184.75,185.26,688835.0,186.953,3554.0
2025-03-19 15:00:00+00:00,185.01,188.57,184.94,188.09,444497.0,187.236,2101.0
2025-03-19 16:00:00+00:00,188.12,188.28,186.06,186.99,285646.0,186.973,1464.0
2025-03-19 17:00:00+00:00,186.79,187.2,183.61,184.23,324240.0,184.962,1944.0
2025-03-19 18:00:00+00:00,184.23,191.1,183.27,190.98,761197.0,187.943,3647.0
2025-03-19 19:00:00+00:00,190.93,193.78,188.49,189.8,1207719.0,191.014,7435.0
2025-03-20 13:30:00+00:00,186.23,191.49,185.87,190.3,654213.0,189.261,3384.0
2025-03-20 14:00:00+00:00,190.11,193.93,189.97,192.11,706825.0,192.39,4117.0
2025-03-20 15:00:00+00:00,192.11,192.66,188.65,188.68,777794.0,190.851,4392.0
2025-03-20 16:00:00+00:00,188.68,190.17,186.83,187.14,466204.0,188.047,2895.0
2025-03-20 17:00:00+00:00,187.13,189.22,186.3,188.15,376798.0,187.735,2177.0
2025-03-20 18:00:00+00:00,188.17,189.29,186.9,188.02,224788.0,188.125,1486.0
2025-03-20 19:00:00+00:00,188.14,190.49,187.29,190.38,674070.0,189.217,4795.0
2025-03-21 13:30:00+00:00,185.83,187.5,183.75,186.72,637981.0,185.573,3473.0
2025-03-21 14:00:00+00:00,186.58,188.04,185.25,187.16,527306.0,186.626,2889.0
2025-03-21 15:00:00+00:00,187.28,187.72,184.92,185.27,405945.0,186.095,2396.0
2025-03-21 16:00:00+00:00,185.24,188.77,185.18,188.58,460965.0,187.466,2562.0
2025-03-21 17:00:00+00:00,188.57,188.62,185.84,187.03,433552.0,187.044,2815.0
2025-03-21 18:00:00+00:00,187.13,189.58,187.0,189.3,309616.0,188.427,1808.0
2025-03-21 19:00:00+00:00,189.39,190.73,188.31,190.0,614708.0,189.539,4087.0
2025-03-24 13:30:00+00:00,197.48,198.6,194.41,196.7,1001577.0,196.847,5643.0
2025-03-24 14:00:00+00:00,196.82,200.96,196.22,199.41,1308479.0,199.04,7060.0
2025-03-24 15:00:00+00:00,199.42,201.05,198.51,200.77,564060.0,199.904,3692.0
2025-03-24 16:00:00+00:00,200.83,202.0,199.21,200.6,568539.0,200.739,3569.0
2025-03-24 17:00:00+00:00,200.76,201.79,199.5,201.21,433332.0,200.825,2738.0
2025-03-24 18:00:00+00:00,201.19,202.21,200.0,201.5,406515.0,201.103,2615.0
2025-03-24 19:00:00+00:00,201.5,203.25,200.58,202.97,1041704.0,201.978,7705.0
2025-03-25 13:30:00+00:00,202.13,204.23,198.61,201.35,674568.0,201.27,3974.0
2025-03-25 14:00:00+00:00,201.34,206.93,200.88,205.25,1011663.0,204.119,6006.0
2025-03-25 15:00:00+00:00,205.21,205.79,203.0,203.28,606871.0,204.186,3613.0
2025-03-25 16:00:00+00:00,203.42,203.76,200.44,201.91,522252.0,201.61,3522.0
2025-03-25 17:00:00+00:00,201.93,202.84,199.67,199.85,352636.0,201.012,2106.0
2025-03-25 18:00:00+00:00,199.8,200.45,198.34,199.84,379064.0,199.439,2168.0
2025-03-25 19:00:00+00:00,199.8,204.44,199.74,204.2,808588.0,202.397,5201.0
2025-03-26 13:30:00+00:00,203.01,206.0,197.03,198.43,767973.0,202.384,3582.0
2025-03-26 14:00:00+00:00,198.35,200.93,195.01,198.03,901425.0,197.633,5452.0
2025-03-26 15:00:00+00:00,198.23,198.87,193.77,194.08,463397.0,196.604,2599.0
2025-03-26 16:00:00+00:00,194.17,196.61,193.68,193.75,377738.0,194.913,2161.0
2025-03-26 17:00:00+00:00,193.89,194.4,192.58,193.34,456390.0,193.384,2426.0
2025-03-26 18:00:00+00:00,193.39,195.38,192.29,192.5,381269.0,193.86,2087.0
2025-03-26 19:00:00+00:00,192.38,195.88,192.38,194.0,825293.0,194.29,5282.0
2025-03-27 13:30:00+00:00,192.97,194.2,189.65,193.7,507774.0,191.913,2884.0
2025-03-27 14:00:00+00:00,193.73,195.33,191.63,194.97,490904.0,193.701,2845.0
2025-03-27 15:00:00+00:00,194.99,195.18,189.26,189.46,467327.0,191.555,2778.0
2025-03-27 16:00:00+00:00,189.45,191.5,188.4,188.4,353705.0,189.924,2104.0
2025-03-27 17:00:00+00:00,188.54,190.25,187.83,188.14,243841.0,188.768,1285.0
2025-03-27 18:00:00+00:00,188.13,190.25,187.8,188.18,339630.0,188.876,2076.0
2025-03-27 19:00:00+00:00,188.12,191.2,187.92,188.43,518147.0,189.531,3353.0
2025-03-28 13:30:00+00:00,185.72,186.79,183.73,184.4,509833.0,185.279,3072.0
2025-03-28 14:00:00+00:00,184.22,185.11,178.27,178.63,1232773.0,180.361,7086.0
2025-03-28 15:00:00+00:00,178.57,180.15,177.08,177.12,776275.0,178.629,4505.0
2025-03-28 16:00:00+00:00,177.06,177.99,175.32,175.8,704624.0,176.659,4079.0
2025-03-28 17:00:00+00:00,175.91,176.07,173.5,175.55,671126.0,174.79,4179.0
2025-03-28 18:00:00+00:00,175.55,177.3,174.0,174.97,514489.0,175.499,3474.0
2025-03-28 19:00:00+00:00,174.86,176.46,172.99,173.96,1335626.0,174.286,9440.0
2025-03-31 13:30:00+00:00,169.38,169.99,163.52,167.0,1249114.0,166.456,7204.0
2025-03-31 14:00:00+00:00,166.9,170.46,166.31,167.95,817464.0,168.419,5124.0
2025-03-31 15:00:00+00:00,167.95,171.62,167.8,170.83,560528.0,169.852,3243.0
2025-03-31 16:00:00+00:00,170.82,171.84,169.0,170.44,290662.0,170.465,1892.0
2025-03-31 17:00:00+00:00,170.42,172.5,169.21,169.72,303448.0,170.702,1770.0
2025-03-31 18:00:00+00:00,169.65,173.58,169.6,171.86,368477.0,172.353,2354.0
2025-03-31 19:00:00+00:00,171.56,172.56,169.15,172.43,960875.0,171.206,5602.0
2025-04-01 13:30:00+00:00,172.77,173.0,168.54,171.0,470271.0,171.284,2355.0
2025-04-01 14:00:00+00:00,171.0,175.14,169.5,174.08,645766.0,172.544,3910.0
2025-04-01 15:00:00+00:00,174.05,176.05,172.83,175.63,741217.0,174.565,4319.0
2025-04-01 16:00:00+00:00,175.85,175.97,172.3,173.62,321848.0,174.34,1658.0
2025-04-01 17:00:00+00:00,173.45,173.85,172.37,172.65,170618.0,173.158,910.0
2025-04-01 18:00:00+00:00,172.73,172.84,169.75,171.4,299948.0,170.894,1494.0
2025-04-01 19:00:00+00:00,171.32,175.01,171.32,174.5,449589.0,173.712,2736.0
2025-04-02 13:30:00+00:00,170.57,179.71,170.35,176.55,834407.0,176.905,3746.0
2025-04-02 14:00:00+00:00,176.52,178.45,175.66,177.78,515265.0,177.436,3001.0
2025-04-02 15:00:00+00:00,177.73,182.33,176.93,180.83,877810.0,180.132,3868.0
2025-04-02 16:00:00+00:00,180.92,183.36,180.36,182.18,404200.0,181.676,2256.0
2025-04-02 17:00:00+00:00,182.05,184.11,179.95,179.95,483787.0,182.038,3021.0
2025-04-02 18:00:00+00:00,179.94,180.64,177.6,178.47,517154.0,179.229,3245.0
2025-04-02 19:00:00+00:00,178.52,182.99,178.52,182.86,1001271.0,181.809,6929.0
2025-04-03 13:30:00+00:00,168.58,172.03,167.63,169.58,1036339.0,169.694,6346.0
2025-04-03 14:00:00+00:00,169.51,170.94,164.65,165.77,1179210.0,167.96,7395.0
2025-04-03 15:00:00+00:00,165.77,169.67,165.25,168.71,645709.0,167.71,3896.0
2025-04-03 16:00:00+00:00,168.66,171.1,168.53,169.16,474778.0,170.053,2758.0
2025-04-03 17:00:00+00:00,169.23,170.4,167.87,168.55,369146.0,169.058,2465.0
2025-04-03 18:00:00+00:00,168.58,171.7,167.11,170.95,614061.0,169.229,4046.0
2025-04-03 19:00:00+00:00,170.95,171.51,168.8,170.78,1185533.0,170.186,8877.0
2025-04-04 13:30:00+00:00,166.17,167.5,155.28,159.01,1247924.0,159.61,6456.0
2025-04-04 14:00:00+00:00,158.82,159.11,147.17,152.44,1781944.0,152.844,10013.0
2025-04-04 15:00:00+00:00,152.35,159.49,152.07,155.33,1255550.0,156.347,8096.0
2025-04-04 16:00:00+00:00,155.32,158.8,154.61,158.45,697097.0,156.737,4401.0
2025-04-04 17:00:00+00:00,158.53,161.84,154.6,161.5,757942.0,158.457,4479.0
2025-04-04 18:00:00+00:00,161.6,162.35,157.63,159.66,724983.0,159.727,4417.0
2025-04-04 19:00:00+00:00,159.91,163.65,159.29,159.75,1684618.0,161.137,11230.0
2025-04-07 13:30:00+00:00,146.05,153.69,142.58,151.17,1826644.0,147.993,8957.0
2025-04-07 14:00:00+00:00,151.17,167.4,149.5,158.38,1839609.0,156.954,10892.0
2025-04-07 15:00:00+00:00,158.76,160.0,151.79,154.05,784351.0,155.031,4658.0
2025-04-07 16:00:00+00:00,153.82,155.8,151.03,151.71,625157.0,153.305,3408.0
2025-04-07 17:00:00+00:00,151.84,161.48,151.83,160.59,850782.0,157.419,5284.0
2025-04-07 18:00:00+00:00,160.75,161.36,155.69,156.14,640280.0,158.749,4272.0
2025-04-07 19:00:00+00:00,156.42,160.11,155.21,157.27,999339.0,157.261,6711.0
2025-04-08 13:30:00+00:00,165.34,165.69,160.9,164.73,846277.0,163.571,4542.0
2025-04-08 14:00:00+00:00,164.47,167.8,162.74,162.75,1120373.0,165.354,6047.0
2025-04-08 15:00:00+00:00,162.77,164.18,160.57,161.57,771082.0,162.202,4112.0
2025-04-08 16:00:00+00:00,161.35,161.35,154.92,155.38,885040.0,157.603,4463.0
2025-04-08 17:00:00+00:00,155.37,156.26,151.88,156.13,728202.0,153.979,4269.0
2025-04-08 18:00:00+00:00,156.02,157.83,153.2,153.55,444675.0,154.645,2983.0
2025-04-08 19:00:00+00:00,153.31,153.74,147.35,151.55,1636453.0,150.169,11333.0
2025-04-09 13:30:00+00:00,150.08,158.79,150.08,157.01,836142.0,155.194,3912.0
2025-04-09 14:00:00+00:00,156.97,159.5,152.72,152.99,763814.0,156.899,4560.0
2025-04-09 15:00:00+00:00,152.72,157.0,152.19,153.18,683197.0,154.491,3770.0
2025-04-09 16:00:00+00:00,153.02,156.95,152.46,156.11,384487.0,154.795,2557.0
2025-04-09 17:00:00+00:00,156.08,177.3,155.07,176.16,2653865.0,168.365,14943.0
2025-04-09 18:00:00+00:00,176.56,183.9,175.1,175.78,1954112.0,179.497,11398.0
2025-04-09 19:00:00+00:00,175.54,181.95,174.5,177.13,1717642.0,178.487,11004.0
2025-04-10 13:30:00+00:00,168.9,172.17,167.2,168.55,868170.0,169.347,4419.0
2025-04-10 14:00:00+00:00,168.39,173.82,166.05,170.12,1104801.0,170.154,5920.0
2025-04-10 15:00:00+00:00,170.25,172.4,163.03,163.51,792719.0,167.223,4779.0
2025-04-10 16:00:00+00:00,163.51,164.7,159.11,163.51,975534.0,162.052,6088.0
2025-04-10 17:00:00+00:00,163.51,168.2,160.31,167.21,686803.0,164.118,4525.0
2025-04-10 18:00:00+00:00,167.21,173.6,166.65,172.0,1141615.0,170.253,6758.0
2025-04-10 19:00:00+00:00,172.06,173.47,167.06,169.61,1521307.0,170.151,10773.0
2025-04-11 13:30:00+00:00,171.04,176.75,168.76,173.72,857474.0,173.37,4947.0
2025-04-11 14:00:00+00:00,173.54,174.2,167.0,169.32,781220.0,170.4,4552.0
2025-04-11 15:00:00+00:00,169.11,171.91,168.07,170.46,367656.0,169.575,2395.0
2025-04-11 16:00:00+00:00,170.22,172.59,169.09,171.81,352396.0,171.274,1959.0
2025-04-11 17:00:00+00:00,171.79,176.79,171.01,176.29,503860.0,173.928,2503.0
2025-04-11 18:00:00+00:00,176.34,178.0,175.46,176.26,671334.0,176.804,3704.0
2025-04-11 19:00:00+00:00,176.33,177.9,174.47,175.48,897873.0,175.916,6388.0
2025-04-14 13:30:00+00:00,180.5,180.8,175.0,176.38,825228.0,178.473,3893.0
2025-04-14 14:00:00+00:00,176.5,182.39,176.1,180.05,718277.0,179.908,3772.0
2025-04-14 15:00:00+00:00,180.0,180.43,172.77,173.2,587182.0,176.119,2785.0
2025-04-14 16:00:00+00:00,173.25,175.21,172.0,173.35,323103.0,173.926,1765.0
2025-04-14 17:00:00+00:00,173.47,175.94,173.34,175.18,282685.0,174.71,1543.0
2025-04-14 18:00:00+00:00,175.17,176.96,175.02,176.3,293325.0,176.02,1582.0
2025-04-14 19:00:00+00:00,176.47,178.67,176.27,176.58,584841.0,177.472,3529.0
2025-04-15 13:30:00+00:00,177.74,179.77,176.6,177.53,497262.0,178.092,2471.0
2025-04-15 14:00:00+00:00,177.53,177.87,172.86,173.25,853624.0,174.875,4369.0
2025-04-15 15:00:00+00:00,173.12,175.19,173.0,173.59,414573.0,174.056,2285.0
2025-04-15 16:00:00+00:00,173.72,175.79,173.48,173.81,374283.0,174.825,1955.0
2025-04-15 17:00:00+00:00,173.85,174.91,173.16,173.87,246365.0,173.964,1343.0
2025-04-15 18:00:00+00:00,173.72,174.64,172.3,173.83,305309.0,173.359,1551.0
2025-04-15 19:00:00+00:00,173.84,175.88,173.42,175.57,532195.0,174.897,3614.0
2025-04-16 13:30:00+00:00,170.5,173.75,169.61,171.21,418538.0,171.851,2222.0
2025-04-16 14:00:00+00:00,171.21,174.39,170.98,172.33,349658.0,173.042,2021.0
2025-04-16 15:00:00+00:00,172.33,174.8,171.45,173.33,336367.0,173.375,1915.0
2025-04-16 16:00:00+00:00,173.34,173.95,171.7,172.85,219771.0,172.91,1371.0
2025-04-16 17:00:00+00:00,172.86,174.4,168.79,168.85,511960.0,171.365,2957.0
2025-04-16 18:00:00+00:00,168.9,172.01,168.8,169.61,405987.0,170.578,2202.0
2025-04-16 19:00:00+00:00,169.68,172.35,168.5,172.3,711317.0,170.699,4966.0
2025-04-17 13:30:00+00:00,172.6,174.47,171.7,173.46,277104.0,173.442,1455.0
2025-04-17 14:00:00+00:00,173.61,174.08,171.3,172.91,493333.0,172.614,2328.0
2025-04-17 15:00:00+00:00,172.93,176.36,172.91,174.87,592917.0,175.1,3169.0
2025-04-17 16:00:00+00:00,174.98,177.5,174.26,176.0,539973.0,176.245,2961.0
2025-04-17 17:00:00+00:00,176.14,176.88,175.06,176.17,334420.0,175.97,1954.0
2025-04-17 18:00:00+00:00,176.3,176.61,173.76,174.0,336480.0,175.55,2128.0
2025-04-17 19:00:00+00:00,173.97,175.5,173.44,175.02,607781.0,174.616,4137.0
2025-04-21 13:30:00+00:00,175.1,177.98,173.88,173.99,637886.0,176.132,3204.0
2025-04-21 14:00:00+00:00,173.8,176.47,172.17,173.16,670612.0,174.579,3172.0
2025-04-21 15:00:00+00:00,173.55,173.95,171.53,171.83,411741.0,172.12,2463.0
2025-04-21 16:00:00+00:00,171.83,173.37,171.57,171.93,317288.0,172.628,1914.0
2025-04-21 17:00:00+00:00,171.93,173.48,171.4,172.87,395950.0,172.486,2437.0
2025-04-21 18:00:00+00:00,172.94,174.0,172.31,172.98,235560.0,173.388,1551.0
2025-04-21 19:00:00+00:00,172.97,175.81,172.97,174.97,520116.0,174.625,3481.0
2025-04-22 13:30:00+00:00,178.79,187.21,178.4,186.16,1466991.0,183.981,7928.0
2025-04-22 14:00:00+00:00,186.18,189.86,185.2,187.23,1493662.0,187.611,8828.0
2025-04-22 15:00:00+00:00,187.1,191.55,187.1,191.02,1190953.0,189.36,6780.0
2025-04-22 16:00:00+00:00,191.06,192.94,190.52,191.07,861095.0,191.681,4935.0
2025-04-22 17:00:00+00:00,190.9,192.0,188.76,190.71,716880.0,190.389,4033.0
2025-04-22 18:00:00+00:00,190.55,193.49,190.54,192.88,742783.0,192.366,4290.0
2025-04-22 19:00:00+00:00,192.91,192.99,187.77,189.93,1437054.0,189.994,9543.0
2025-04-23 13:30:00+00:00,197.75,200.8,196.08,198.65,1719626.0,198.278,9273.0
2025-04-23 14:00:00+00:00,198.68,200.46,195.7,196.2,1102889.0,198.192,6002.0
2025-04-23 15:00:00+00:00,196.21,196.34,191.52,194.03,1000571.0,193.855,5407.0
2025-04-23 16:00:00+00:00,194.13,198.1,193.35,197.69,613537.0,195.601,3244.0
2025-04-23 17:00:00+00:00,197.69,198.29,196.09,196.62,504929.0,197.232,3203.0
2025-04-23 18:00:00+00:00,196.6,197.5,194.8,195.44,260867.0,196.005,1506.0
2025-04-23 19:00:00+00:00,195.44,196.95,194.39,194.39,978970.0,195.438,6031.0
2025-04-24 13:30:00+00:00,193.42,198.42,193.1,198.0,619213.0,196.664,2854.0
2025-04-24 14:00:00+00:00,197.98,201.92,197.61,200.96,1088763.0,199.885,6184.0
2025-04-24 15:00:00+00:00,200.8,203.56,200.16,202.15,661786.0,202.177,3873.0
2025-04-24 16:00:00+00:00,202.41,204.09,202.31,203.62,463261.0,203.315,2781.0
2025-04-24 17:00:00+00:00,203.63,203.83,201.25,202.51,297363.0,202.303,1818.0
2025-04-24 18:00:00+00:00,202.54,204.19,202.51,203.79,287970.0,203.418,1875.0
2025-04-24 19:00:00+00:00,203.67,204.21,202.75,203.71,796493.0,203.557,5271.0
2025-04-25 13:30:00+00:00,205.57,208.29,203.74,204.45,789294.0,205.921,3955.0
2025-04-25 14:00:00+00:00,204.34,209.74,204.34,208.16,990037.0,207.804,5994.0
2025-04-25 15:00:00+00:00,208.22,208.85,206.72,207.44,539443.0,208.049,3313.0
2025-04-25 16:00:00+00:00,207.43,210.31,206.54,209.59,714561.0,208.352,4285.0
2025-04-25 17:00:00+00:00,209.67,211.62,206.28,207.36,575909.0,209.679,3442.0
2025-04-25 18:00:00+00:00,207.43,209.35,207.37,208.2,325850.0,208.581,2023.0
2025-04-25 19:00:00+00:00,208.03,209.9,206.86,209.64,823930.0,208.628,6416.0
2025-04-28 13:30:00+00:00,208.21,208.78,204.0,204.51,699107.0,206.775,3487.0
2025-04-28 14:00:00+00:00,204.59,207.18,203.77,205.41,592147.0,205.868,3369.0
2025-04-28 15:00:00+00:00,205.63,206.31,199.73,201.87,624429.0,202.483,3385.0
2025-04-28 16:00:00+00:00,201.77,201.93,199.19,199.75,409898.0,200.18,2455.0
2025-04-28 17:00:00+00:00,199.75,200.48,197.42,199.18,613413.0,198.805,3571.0
2025-04-28 18:00:00+00:00,199.18,201.8,198.82,201.35,448301.0,200.394,2399.0
2025-04-28 19:00:00+00:00,201.39,205.95,201.07,205.29,640070.0,204.176,4042.0
2025-04-29 13:30:00+00:00,205.31,207.1,203.13,204.66,354755.0,205.398,1925.0
2025-04-29 14:00:00+00:00,204.62,207.11,203.43,205.28,446033.0,205.213,2690.0
2025-04-29 15:00:00+00:00,205.2,205.73,203.86,204.59,222246.0,204.911,1289.0
2025-04-29 16:00:00+00:00,204.65,206.99,204.26,204.77,316325.0,205.717,1740.0
2025-04-29 17:00:00+00:00,204.72,206.88,204.36,206.53,218733.0,205.773,1289.0
2025-04-29 18:00:00+00:00,206.66,207.4,206.25,206.42,169079.0,206.857,821.0
2025-04-29 19:00:00+00:00,206.35,207.28,205.77,206.23,316455.0,206.317,2177.0
2025-04-30 13:30:00+00:00,199.67,201.01,195.8,195.8,582906.0,198.382,3081.0
2025-04-30 14:00:00+00:00,195.66,201.78,195.55,199.28,439898.0,199.51,2655.0
2025-04-30 15:00:00+00:00,199.22,201.84,199.22,200.82,259018.0,200.773,1331.0
2025-04-30 16:00:00+00:00,200.93,201.5,199.3,200.48,192002.0,200.518,1030.0
2025-04-30 17:00:00+00:00,200.64,200.86,199.1,199.68,137663.0,200.064,817.0
2025-04-30 18:00:00+00:00,199.58,201.42,199.25,199.33,227587.0,200.269,1332.0
2025-04-30 19:00:00+00:00,199.45,203.04,199.45,203.03,485801.0,201.546,3103.0
2025-05-01 13:30:00+00:00,208.41,208.8,202.31,202.62,700271.0,204.984,3890.0
2025-05-01 14:00:00+00:00,202.68,206.98,202.3,206.84,648372.0,204.946,3506.0
2025-05-01 15:00:00+00:00,206.73,208.15,205.6,206.68,562654.0,207.306,3179.0
2025-05-01 16:00:00+00:00,206.69,208.18,205.78,205.99,304781.0,206.789,1782.0
2025-05-01 17:00:00+00:00,206.01,207.9,204.26,204.94,256035.0,205.928,1195.0
2025-05-01 18:00:00+00:00,204.95,205.25,203.5,204.56,217104.0,204.521,1265.0
2025-05-01 19:00:00+00:00,204.57,204.63,201.16,201.3,691637.0,202.694,4311.0
2025-05-02 13:30:00+00:00,204.51,206.8,202.36,203.4,607191.0,204.329,2899.0
2025-05-02 14:00:00+00:00,203.47,207.34,203.19,207.25,500960.0,205.571,2720.0
2025-05-02 15:00:00+00:00,207.31,209.0,204.7,206.0,830281.0,206.925,3889.0
2025-05-02 16:00:00+00:00,206.07,208.22,206.07,207.6,362918.0,207.422,2193.0
2025-05-02 17:00:00+00:00,207.66,207.95,205.97,206.52,263807.0,206.988,1618.0
2025-05-02 18:00:00+00:00,206.66,207.55,205.82,206.11,224957.0,206.742,1328.0
2025-05-02 19:00:00+00:00,206.09,206.16,203.31,204.96,873123.0,204.726,5519.0
2025-05-05 13:30:00+00:00,201.73,204.11,199.66,201.77,718708.0,201.42,3845.0
2025-05-05 14:00:00+00:00,202.17,203.15,199.6,199.8,589112.0,200.898,3776.0
2025-05-05 15:00:00+00:00,199.7,200.67,198.65,198.97,424794.0,199.65,2986.0
2025-05-05 16:00:00+00:00,198.97,200.87,198.7,200.57,280458.0,199.884,1898.0
2025-05-05 17:00:00+00:00,200.57,201.76,200.05,201.5,219451.0,201.063,1322.0
2025-05-05 18:00:00+00:00,201.42,203.1,201.32,201.71,278190.0,202.3,1722.0
2025-05-05 19:00:00+00:00,201.7,202.01,199.2,199.55,499379.0,200.503,3467.0
2025-05-06 13:30:00+00:00,195.38,197.78,193.63,193.95,614911.0,195.514,3625.0
2025-05-06 14:00:00+00:00,193.95,197.22,193.34,195.83,425758.0,195.689,2542.0
2025-05-06 15:00:00+00:00,195.75,197.37,195.63,195.96,226076.0,196.407,1383.0
2025-05-06 16:00:00+00:00,195.94,197.35,194.99,195.17,337590.0,196.186,1825.0
2025-05-06 17:00:00+00:00,195.24,196.6,195.1,195.18,205745.0,195.929,1176.0
2025-05-06 18:00:00+00:00,195.2,197.47,195.02,197.45,268458.0,196.327,1393.0
2025-05-06 19:00:00+00:00,197.41,198.76,196.64,196.89,515856.0,197.639,3448.0
2025-05-07 13:30:00+00:00,199.87,200.49,196.8,198.28,501644.0,198.769,2890.0
2025-05-07 14:00:00+00:00,198.3,200.34,197.27,197.96,409488.0,198.857,2101.0
2025-05-07 15:00:00+00:00,197.69,198.7,197.05,197.66,439034.0,197.694,2470.0
2025-05-07 16:00:00+00:00,197.61,198.66,197.06,197.61,212887.0,197.671,1332.0
2025-05-07 17:00:00+00:00,197.58,197.81,195.62,195.81,276323.0,196.642,1579.0
2025-05-07 18:00:00+00:00,195.94,197.08,193.81,196.25,410790.0,195.476,2426.0
2025-05-07 19:00:00+00:00,196.19,197.44,194.37,196.61,560024.0,196.018,3615.0
2025-05-08 13:30:00+00:00,205.31,208.28,202.81,204.32,1204196.0,205.164,7081.0
2025-05-08 14:00:00+00:00,204.52,208.34,203.11,204.51,1321988.0,205.92,7271.0
2025-05-08 15:00:00+00:00,204.21,208.84,203.81,206.57,1230930.0,206.774,7068.0
2025-05-08 16:00:00+00:00,206.51,210.2,205.82,210.05,1126243.0,208.147,6319.0
2025-05-08 17:00:00+00:00,210.0,210.47,206.93,208.1,1025407.0,208.757,5077.0
2025-05-08 18:00:00+00:00,207.95,209.74,207.71,207.81,597177.0,208.831,2893.0
2025-05-08 19:00:00+00:00,207.86,209.9,206.32,206.5,1432038.0,208.026,8271.0
2025-05-09 13:30:00+00:00,204.28,213.95,201.04,213.71,2958886.0,208.273,15731.0
2025-05-09 14:00:00+00:00,213.65,214.13,202.0,205.11,2945923.0,206.824,15091.0
2025-05-09 15:00:00+00:00,205.28,207.5,201.8,203.9,868941.0,204.279,4737.0
2025-05-09 16:00:00+00:00,203.94,203.96,198.79,199.3,982821.0,200.685,5238.0
2025-05-09 17:00:00+00:00,199.37,204.64,199.33,203.75,760759.0,202.464,3882.0
2025-05-09 18:00:00+00:00,203.7,204.06,200.86,201.25,555902.0,202.322,3166.0
2025-05-09 19:00:00+00:00,201.25,202.45,198.77,199.37,1289453.0,200.081,7714.0
2025-05-12 13:30:00+00:00,208.94,213.25,207.5,209.67,2042646.0,210.116,10189.0
2025-05-12 14:00:00+00:00,209.8,213.6,205.61,210.04,2127681.0,210.457,9860.0
2025-05-12 15:00:00+00:00,210.16,212.2,207.74,208.69,987674.0,209.901,5289.0
2025-05-12 16:00:00+00:00,208.75,211.53,208.65,210.14,495313.0,210.502,2938.0
2025-05-12 17:00:00+00:00,210.06,211.72,208.38,208.39,472528.0,210.145,2699.0
2025-05-12 18:00:00+00:00,208.32,209.82,205.72,206.65,1085920.0,207.641,5852.0
2025-05-12 19:00:00+00:00,206.79,207.92,205.85,207.03,881353.0,206.926,5766.0
2025-05-13 13:30:00+00:00,231.71,241.65,231.4,241.14,5441497.0,237.444,27471.0
2025-05-13 14:00:00+00:00,241.08,242.92,238.08,242.75,3426651.0,240.688,19642.0
2025-05-13 15:00:00+00:00,242.66,250.16,241.62,249.65,3328394.0,246.646,17875.0
2025-05-13 16:00:00+00:00,249.69,255.67,249.5,253.2,3445891.0,252.881,18641.0
2025-05-13 17:00:00+00:00,253.31,255.2,251.55,254.01,2147253.0,253.248,11791.0
2025-05-13 18:00:00+00:00,253.95,259.95,252.91,259.73,2484005.0,256.914,13855.0
2025-05-13 19:00:00+00:00,259.73,260.42,256.0,256.91,4208924.0,258.279,25761.0
2025-05-14 13:30:00+00:00,256.72,262.1,253.55,256.89,2259467.0,258.489,12220.0
2025-05-14 14:00:00+00:00,257.15,260.2,254.5,258.22,1700981.0,257.251,9700.0
2025-05-14 15:00:00+00:00,258.2,260.5,255.77,259.89,1076428.0,258.251,6229.0
2025-05-14 16:00:00+00:00,259.78,263.21,259.01,259.89,1486539.0,261.176,8090.0
2025-05-14 17:00:00+00:00,259.74,260.65,255.65,259.18,889837.0,258.1,5101.0
2025-05-14 18:00:00+00:00,259.23,261.38,258.78,260.5,804604.0,260.068,4615.0
2025-05-14 19:00:00+00:00,260.53,264.49,258.13,263.43,2141820.0,262.4,13618.0
2025-05-15 13:30:00+00:00,256.11,257.85,247.55,250.78,2919513.0,251.213,14466.0
2025-05-15 14:00:00+00:00,250.93,251.5,240.8,244.59,2841594.0,245.683,15079.0
2025-05-15 15:00:00+00:00,244.56,252.3,244.12,252.03,1721388.0,248.577,9574.0
2025-05-15 16:00:00+00:00,252.04,253.1,249.06,253.09,1218910.0,251.313,6219.0
2025-05-15 17:00:00+00:00,253.0,253.54,240.0,246.8,3852997.0,245.96,21163.0
2025-05-15 18:00:00+00:00,246.8,247.77,245.32,245.75,950880.0,246.568,5708.0
2025-05-15 19:00:00+00:00,245.59,247.05,241.65,244.43,2906471.0,243.922,18258.0
2025-05-16 13:30:00+00:00,249.76,259.71,248.83,257.85,2557803.0,254.924,11918.0
2025-05-16 14:00:00+00:00,257.52,265.89,256.53,260.58,4294416.0,261.197,22622.0
2025-05-16 15:00:00+00:00,260.6,268.19,259.56,268.11,2470591.0,264.293,13565.0
2025-05-16 16:00:00+00:00,268.07,269.54,264.77,266.7,2040479.0,266.928,10724.0
2025-05-16 17:00:00+00:00,266.75,268.02,262.5,264.91,1475909.0,265.856,8359.0
2025-05-16 18:00:00+00:00,264.9,267.33,263.9,264.39,1437723.0,265.91,8819.0
2025-05-16 19:00:00+00:00,264.41,270.43,260.8,266.5,5903552.0,265.392,35591.0
2025-05-19 13:30:00+00:00,259.62,267.6,259.61,262.49,1909053.0,263.598,10043.0
2025-05-19 14:00:00+00:00,262.49,267.22,261.82,266.07,1361594.0,264.449,6986.0
2025-05-19 15:00:00+00:00,266.16,266.29,262.38,264.97,794125.0,264.497,4516.0
2025-05-19 16:00:00+00:00,264.97,266.22,264.0,265.91,424036.0,265.384,2492.0
2025-05-19 17:00:00+00:00,265.85,266.21,263.78,263.91,477874.0,264.845,2639.0
2025-05-19 18:00:00+00:00,263.88,265.2,262.41,264.56,571795.0,263.739,3195.0
2025-05-19 19:00:00+00:00,264.57,266.38,263.5,263.94,1132710.0,264.665,7281.0
2025-05-20 13:30:00+00:00,265.25,265.36,261.08,262.09,870949.0,263.208,4666.0
2025-05-20 14:00:00+00:00,262.17,263.44,260.0,262.24,793750.0,261.956,4368.0
2025-05-20 15:00:00+00:00,262.11,263.4,262.01,262.24,372873.0,262.698,2228.0
2025-05-20 16:00:00+00:00,262.3,264.23,262.19,263.94,513129.0,263.384,2830.0
2025-05-20 17:00:00+00:00,264.09,265.09,263.28,264.04,495703.0,264.158,2953.0
2025-05-20 18:00:00+00:00,264.04,265.19,258.64,259.2,765542.0,261.519,3939.0
2025-05-20 19:00:00+00:00,259.09,262.4,257.24,261.37,1083112.0,260.194,6514.0
2025-05-21 13:30:00+00:00,260.2,263.99,260.08,262.94,693720.0,262.417,3359.0
2025-05-21 14:00:00+00:00,263.02,264.37,258.39,264.31,1008161.0,261.402,5314.0
2025-05-21 15:00:00+00:00,264.22,268.78,263.0,266.72,1703241.0,266.389,8454.0
2025-05-21 16:00:00+00:00,266.72,270.38,265.75,267.59,1036496.0,268.319,4751.0
2025-05-21 17:00:00+00:00,267.75,268.6,257.75,260.46,1402818.0,262.167,7087.0
2025-05-21 18:00:00+00:00,260.5,263.0,259.31,260.87,658859.0,261.246,3439.0
2025-05-21 19:00:00+00:00,261.0,261.58,258.44,258.88,971782.0,259.873,6160.0
2025-05-22 13:30:00+00:00,265.13,271.14,263.88,265.39,1714630.0,267.137,8592.0
2025-05-22 14:00:00+00:00,265.29,269.0,263.51,266.06,1342853.0,265.995,7786.0
2025-05-22 15:00:00+00:00,266.18,268.59,264.31,267.4,743216.0,266.699,4452.0
2025-05-22 16:00:00+00:00,267.4,269.32,266.75,266.92,630760.0,267.891,3185.0
2025-05-22 17:00:00+00:00,266.82,269.7,266.72,269.0,462263.0,268.672,2515.0
2025-05-22 18:00:00+00:00,268.99,275.9,268.76,275.45,1795113.0,273.01,9030.0
2025-05-22 19:00:00+00:00,275.42,277.01,271.7,271.95,2147099.0,274.514,13021.0
2025-05-23 13:30:00+00:00,263.0,268.04,262.81,264.45,1277212.0,265.313,6057.0
2025-05-23 14:00:00+00:00,264.26,266.0,263.42,263.69,839821.0,264.569,4670.0
2025-05-23 15:00:00+00:00,263.68,264.58,261.19,261.23,646305.0,263.011,3669.0
2025-05-23 16:00:00+00:00,261.26,264.3,260.34,263.18,714628.0,262.157,3796.0
2025-05-23 17:00:00+00:00,263.08,265.84,262.89,265.56,438133.0,264.655,2357.0
2025-05-23 18:00:00+00:00,265.53,266.0,263.5,264.07,364464.0,264.712,2384.0
2025-05-23 19:00:00+00:00,263.99,265.59,263.01,263.15,721827.0,264.308,4802.0
2025-05-27 13:30:00+00:00,268.96,270.1,265.37,267.2,1003106.0,267.489,5595.0
2025-05-27 14:00:00+00:00,267.19,267.95,265.08,266.99,853410.0,266.604,4367.0
2025-05-27 15:00:00+00:00,267.06,268.68,266.4,267.15,457503.0,267.52,2590.0
2025-05-27 16:00:00+00:00,267.12,268.88,266.6,267.15,397348.0,267.701,2317.0
2025-05-27 17:00:00+00:00,267.17,268.3,266.42,267.97,327407.0,267.312,1822.0
2025-05-27 18:00:00+00:00,267.96,269.15,265.15,265.26,433564.0,267.063,2409.0
2025-05-27 19:00:00+00:00,265.12,267.95,264.67,266.35,760183.0,266.855,5077.0
2025-05-28 13:30:00+00:00,265.7,265.7,255.5,257.92,1390256.0,259.018,7710.0
2025-05-28 14:00:00+00:00,258.0,258.76,254.71,254.85,839077.0,256.361,4386.0
2025-05-28 15:00:00+00:00,254.79,256.66,253.8,255.22,566589.0,255.177,2940.0
2025-05-28 16:00:00+00:00,255.24,258.0,255.13,257.44,343201.0,256.695,2008.0
2025-05-28 17:00:00+00:00,257.45,258.59,257.42,258.21,283526.0,258.0,1490.0
2025-05-28 18:00:00+00:00,258.21,258.75,256.09,257.26,260758.0,257.75,1694.0
2025-05-28 19:00:00+00:00,257.25,258.46,254.25,254.34,781161.0,256.329,5238.0
2025-05-29 13:30:00+00:00,258.72,258.94,254.31,256.42,589006.0,256.287,3232.0
2025-05-29 14:00:00+00:00,256.29,256.6,249.68,252.81,1109848.0,252.114,5805.0
2025-05-29 15:00:00+00:00,252.82,253.12,249.82,250.0,374280.0,251.784,2334.0
2025-05-29 16:00:00+00:00,249.89,251.53,249.1,251.18,307507.0,250.321,1674.0
2025-05-29 17:00:00+00:00,251.18,251.34,248.5,248.82,230171.0,250.254,1350.0
2025-05-29 18:00:00+00:00,248.72,249.2,246.76,247.31,356528.0,247.917,2038.0
2025-05-29 19:00:00+00:00,247.27,249.79,247.01,248.9,737679.0,248.36,4952.0
2025-05-30 13:30:00+00:00,246.72,248.04,244.35,245.36,471742.0,245.603,2372.0
2025-05-30 14:00:00+00:00,245.67,247.46,245.65,246.83,473851.0,246.747,2731.0
2025-05-30 15:00:00+00:00,246.67,249.96,245.98,249.04,449629.0,248.178,2603.0
2025-05-30 16:00:00+00:00,249.02,249.06,244.13,245.0,488717.0,246.042,2714.0
2025-05-30 17:00:00+00:00,244.7,247.19,244.64,245.64,293790.0,246.204,1765.0
2025-05-30 18:00:00+00:00,245.68,246.8,244.9,246.15,209011.0,245.877,1506.0
2025-05-30 19:00:00+00:00,245.86,247.7,245.81,246.52,764849.0,246.689,5577.0
2025-06-02 13:30:00+00:00,247.46,249.86,243.0,243.52,722866.0,246.053,3728.0
2025-06-02 14:00:00+00:00,243.52,246.21,242.88,244.51,592628.0,244.859,3735.0
2025-06-02 15:00:00+00:00,244.65,246.7,240.91,245.88,504169.0,245.344,3277.0
2025-06-02 16:00:00+00:00,245.95,247.19,245.64,246.57,188060.0,246.494,1198.0
2025-06-02 17:00:00+00:00,246.63,246.65,245.2,245.89,213828.0,246.084,1370.0
2025-06-02 18:00:00+00:00,245.83,245.9,244.0,244.82,368941.0,245.321,1929.0
2025-06-02 19:00:00+00:00,244.83,246.77,244.12,246.75,595641.0,245.377,3928.0
2025-06-03 13:30:00+00:00,248.39,251.0,246.21,250.15,737178.0,248.759,3559.0
2025-06-03 14:00:00+00:00,250.16,260.25,250.16,259.0,2134581.0,256.657,11410.0
2025-06-03 15:00:00+00:00,259.08,259.75,256.64,258.8,718256.0,258.123,4169.0
2025-06-03 16:00:00+00:00,258.62,260.1,257.41,258.97,584536.0,258.88,3506.0
2025-06-03 17:00:00+00:00,258.9,259.28,257.36,258.23,389634.0,258.274,2466.0
2025-06-03 18:00:00+00:00,258.28,259.13,255.61,258.62,402891.0,257.419,2484.0
2025-06-03 19:00:00+00:00,258.56,260.6,258.37,258.81,1059075.0,259.378,7331.0
2025-06-04 13:30:00+00:00,257.3,261.57,257.0,257.75,681360.0,259.052,3426.0
2025-06-04 14:00:00+00:00,257.6,258.83,254.45,257.5,739338.0,256.388,4382.0
2025-06-04 15:00:00+00:00,257.34,258.14,255.83,256.65,455895.0,256.938,2683.0
2025-06-04 16:00:00+00:00,256.66,256.76,254.81,255.71,332569.0,255.646,2021.0
2025-06-04 17:00:00+00:00,255.78,256.66,255.59,256.3,224573.0,256.116,1279.0
2025-06-04 18:00:00+00:00,256.27,256.38,254.62,254.83,209700.0,255.508,1281.0
2025-06-04 19:00:00+00:00,254.73,256.43,254.34,255.78,512831.0,255.528,3622.0
2025-06-05 13:30:00+00:00,261.05,265.65,253.12,254.99,1501513.0,259.339,7312.0
2025-06-05 14:00:00+00:00,254.9,259.97,253.72,259.17,951520.0,256.959,5284.0
2025-06-05 15:00:00+00:00,259.11,260.97,258.6,260.05,722083.0,260.005,3909.0
2025-06-05 16:00:00+00:00,260.06,260.5,249.84,249.94,1098106.0,255.198,6205.0
2025-06-05 17:00:00+00:00,249.77,253.63,248.91,250.14,655891.0,251.646,3942.0
2025-06-05 18:00:00+00:00,250.13,250.88,244.89,245.1,733361.0,247.443,4790.0
2025-06-05 19:00:00+00:00,245.2,246.1,240.08,244.23,1425688.0,243.664,9954.0
2025-06-06 13:30:00+00:00,250.78,256.17,250.25,251.84,868291.0,253.294,4940.0
2025-06-06 14:00:00+00:00,252.08,254.25,249.78,253.2,635357.0,252.218,3682.0
2025-06-06 15:00:00+00:00,253.17,253.8,250.32,252.37,397246.0,251.974,2367.0
2025-06-06 16:00:00+00:00,252.33,254.16,251.67,252.56,325589.0,253.103,1993.0
2025-06-06 17:00:00+00:00,252.68,255.42,252.46,254.95,457383.0,254.116,2498.0
2025-06-06 18:00:00+00:00,254.96,255.4,253.51,254.65,320350.0,254.388,1933.0
2025-06-06 19:00:00+00:00,254.61,254.77,251.04,251.15,805058.0,252.357,5435.0
2025-06-09 13:30:00+00:00,255.66,258.25,253.11,254.26,827661.0,255.259,4451.0
2025-06-09 14:00:00+00:00,254.42,255.15,252.4,253.28,580677.0,253.599,3388.0
2025-06-09 15:00:00+00:00,253.42,255.11,252.86,254.02,351915.0,254.186,2044.0
2025-06-09 16:00:00+00:00,253.92,256.2,253.68,253.86,366175.0,255.018,1896.0
2025-06-09 17:00:00+00:00,253.96,255.07,253.25,254.8,250403.0,254.0,1500.0
2025-06-09 18:00:00+00:00,254.8,256.02,254.8,255.89,236915.0,255.54,1319.0
2025-06-09 19:00:00+00:00,255.98,258.05,255.89,256.61,757968.0,257.159,5077.0
2025-06-10 13:30:00+00:00,258.88,262.4,255.91,258.08,687275.0,258.527,3319.0
2025-06-10 14:00:00+00:00,258.08,259.66,254.48,254.57,633360.0,256.848,3278.0
2025-06-10 15:00:00+00:00,254.65,255.76,251.63,255.08,503926.0,253.765,2865.0
2025-06-10 16:00:00+00:00,255.09,255.57,254.19,254.65,131042.0,254.646,805.0
2025-06-10 17:00:00+00:00,254.82,257.59,254.26,256.81,266759.0,256.232,1570.0
2025-06-10 18:00:00+00:00,256.8,257.15,254.7,256.91,240878.0,255.592,1475.0
2025-06-10 19:00:00+00:00,256.99,257.15,254.68,254.94,511549.0,255.597,3486.0
2025-06-11 13:30:00+00:00,257.21,259.9,254.11,255.38,786329.0,257.018,3988.0
2025-06-11 14:00:00+00:00,255.41,257.79,254.56,257.77,538907.0,256.231,2722.0
2025-06-11 15:00:00+00:00,257.77,258.47,255.9,256.54,294087.0,256.871,1608.0
2025-06-11 16:00:00+00:00,256.48,256.96,254.77,254.98,215593.0,255.356,1246.0
2025-06-11 17:00:00+00:00,254.93,255.95,253.03,253.54,201348.0,254.664,1279.0
2025-06-11 18:00:00+00:00,253.4,253.66,249.1,250.69,693504.0,250.997,3986.0
2025-06-11 19:00:00+00:00,250.83,251.17,249.06,250.8,617170.0,250.205,4386.0
2025-06-12 13:30:00+00:00,246.82,246.96,242.98,244.16,828562.0,244.888,4625.0
2025-06-12 14:00:00+00:00,244.17,246.96,243.89,246.54,566197.0,245.849,3324.0
2025-06-12 15:00:00+00:00,246.56,247.75,244.16,244.41,392893.0,245.491,2373.0
2025-06-12 16:00:00+00:00,244.46,245.1,242.65,243.57,428690.0,243.728,2577.0
2025-06-12 17:00:00+00:00,243.45,244.82,243.3,243.45,316279.0,244.003,1898.0
2025-06-12 18:00:00+00:00,243.52,243.61,239.34,241.42,670496.0,241.079,4080.0
2025-06-12 19:00:00+00:00,241.3,242.63,240.85,241.06,848929.0,241.664,5672.0
2025-06-13 13:30:00+00:00,237.51,241.2,236.8,238.25,632651.0,239.305,3657.0
2025-06-13 14:00:00+00:00,238.48,239.26,235.29,236.62,637006.0,236.978,4099.0
2025-06-13 15:00:00+00:00,236.65,239.25,236.4,239.19,502714.0,237.589,2994.0
2025-06-13 16:00:00+00:00,239.19,240.4,238.8,239.16,345398.0,239.642,2099.0
2025-06-13 17:00:00+00:00,239.18,241.79,237.87,241.01,398122.0,240.214,2349.0
2025-06-13 18:00:00+00:00,241.0,241.15,237.53,240.34,456785.0,239.229,3000.0
2025-06-13 19:00:00+00:00,240.34,243.2,239.73,242.73,1280332.0,242.095,8473.0
2025-06-16 13:30:00+00:00,247.77,251.33,245.32,250.99,914559.0,248.587,5094.0
2025-06-16 14:00:00+00:00,250.97,254.38,250.01,254.04,914969.0,252.722,5039.0
2025-06-16 15:00:00+00:00,254.03,256.67,253.59,255.41,700170.0,254.975,3849.0
2025-06-16 16:00:00+00:00,255.57,258.19,254.7,256.54,666451.0,256.762,3821.0
2025-06-16 17:00:00+00:00,256.62,260.14,255.45,258.85,816792.0,258.27,4450.0
2025-06-16 18:00:00+00:00,258.78,261.65,258.7,261.59,731478.0,260.658,4436.0
2025-06-16 19:00:00+00:00,261.68,263.3,260.8,261.65,1490721.0,261.819,9739.0
2025-06-17 13:30:00+00:00,256.63,259.63,254.17,256.52,785347.0,256.832,4322.0
2025-06-17 14:00:00+00:00,256.64,259.19,256.01,258.1,527880.0,257.768,3039.0
2025-06-17 15:00:00+00:00,258.14,258.6,254.78,255.15,419779.0,256.265,2513.0
2025-06-17 16:00:00+00:00,255.02,256.0,251.72,251.98,521475.0,253.898,2934.0
2025-06-17 17:00:00+00:00,252.05,252.91,250.36,251.15,353001.0,251.882,2033.0
2025-06-17 18:00:00+00:00,250.9,251.25,248.68,250.52,796466.0,249.942,4913.0
2025-06-17 19:00:00+00:00,250.52,254.91,249.0,253.86,1268006.0,252.367,8605.0
2025-06-18 13:30:00+00:00,254.0,256.0,251.88,255.21,512613.0,254.264,2639.0
2025-06-18 14:00:00+00:00,255.26,257.57,252.8,256.1,646905.0,256.021,3686.0
2025-06-18 15:00:00+00:00,256.16,279.95,255.8,278.38,4793646.0,270.769,25484.0
2025-06-18 16:00:00+00:00,278.43,287.99,278.0,285.75,5555077.0,282.966,29624.0
2025-06-18 17:00:00+00:00,285.73,293.5,284.0,290.21,4139127.0,289.842,21766.0
2025-06-18 18:00:00+00:00,290.37,296.46,288.8,290.84,3417941.0,293.247,19250.0
2025-06-18 19:00:00+00:00,290.84,299.32,289.7,295.24,4942686.0,295.176,30779.0
2025-06-20 13:30:00+00:00,303.57,310.55,298.1,304.34,4273743.0,304.091,20711.0
2025-06-20 14:00:00+00:00,304.22,308.06,300.53,300.82,3201241.0,304.706,16132.0
2025-06-20 15:00:00+00:00,300.71,308.37,298.88,307.79,2113691.0,304.45,10828.0
2025-06-20 16:00:00+00:00,307.78,310.75,305.43,308.14,2882491.0,308.58,12553.0
2025-06-20 17:00:00+00:00,308.28,309.73,300.8,304.4,1936998.0,304.927,9597.0
2025-06-20 18:00:00+00:00,304.45,305.72,302.82,303.1,783578.0,304.391,4408.0
2025-06-20 19:00:00+00:00,303.08,308.75,302.6,308.53,2663070.0,306.388,15898.0
2025-06-23 13:30:00+00:00,302.07,309.96,298.5,308.21,2096931.0,304.108,10167.0
2025-06-23 14:00:00+00:00,308.38,314.25,305.86,305.9,2701752.0,309.831,13574.0
2025-06-23 15:00:00+00:00,306.13,309.0,304.15,304.74,1239791.0,306.705,6699.0
2025-06-23 16:00:00+00:00,304.86,305.22,294.56,298.17,1617872.0,299.454,8454.0
2025-06-23 17:00:00+00:00,298.03,306.45,297.85,305.43,887350.0,303.269,4827.0
2025-06-23 18:00:00+00:00,305.52,308.37,305.15,308.05,553425.0,306.986,3225.0
2025-06-23 19:00:00+00:00,307.83,308.77,306.0,307.48,1012466.0,307.322,6410.0
2025-06-24 13:30:00+00:00,314.3,332.91,311.9,330.87,3177722.0,322.381,15048.0
2025-06-24 14:00:00+00:00,331.09,338.34,328.22,334.26,4509741.0,333.224,23883.0
2025-06-24 15:00:00+00:00,334.11,337.8,332.85,336.89,1716286.0,336.004,9141.0
2025-06-24 16:00:00+00:00,336.89,341.95,334.2,341.81,2019386.0,337.842,10289.0
2025-06-24 17:00:00+00:00,341.88,344.99,338.78,341.49,2927565.0,342.492,15155.0
2025-06-24 18:00:00+00:00,341.6,348.97,341.59,347.87,2170270.0,346.094,11870.0
2025-06-24 19:00:00+00:00,347.95,348.16,342.7,344.5,2474270.0,344.923,14248.0
2025-06-25 13:30:00+00:00,360.49,369.28,354.85,356.0,6096099.0,361.716,31868.0
2025-06-25 14:00:00+00:00,356.05,360.45,345.18,353.5,4409292.0,351.967,24815.0
2025-06-25 15:00:00+00:00,353.25,354.98,346.3,346.95,1990196.0,350.706,10742.0
2025-06-25 16:00:00+00:00,347.03,350.7,343.62,349.11,1468090.0,347.726,7861.0
2025-06-25 17:00:00+00:00,349.29,351.73,347.77,349.24,1132213.0,350.033,5948.0
2025-06-25 18:00:00+00:00,349.02,351.32,347.78,349.08,786014.0,349.732,4751.0
2025-06-25 19:00:00+00:00,349.08,355.93,349.06,355.09,2047646.0,352.882,12576.0
2025-06-26 13:30:00+00:00,354.53,371.38,354.53,370.54,3861808.0,365.415,18581.0
2025-06-26 14:00:00+00:00,370.01,374.97,366.0,370.57,3464941.0,370.793,17016.0
2025-06-26 15:00:00+00:00,370.68,371.95,362.21,366.5,1454886.0,366.582,7670.0
2025-06-26 16:00:00+00:00,366.5,376.5,365.01,376.49,2034894.0,372.109,10167.0
2025-06-26 17:00:00+00:00,376.25,378.02,373.32,377.44,1729885.0,375.945,9571.0
2025-06-26 18:00:00+00:00,377.56,382.0,376.2,378.18,2249505.0,379.233,12310.0
2025-06-26 19:00:00+00:00,378.44,380.3,373.61,374.97,2327326.0,376.053,14337.0
2025-06-27 13:30:00+00:00,369.5,372.5,357.5,357.89,2493405.0,364.085,13265.0
2025-06-27 14:00:00+00:00,357.94,361.74,348.28,349.68,3636742.0,354.768,20591.0
2025-06-27 15:00:00+00:00,349.83,356.17,346.66,355.85,3043584.0,351.256,17269.0
2025-06-27 16:00:00+00:00,355.89,358.82,353.92,356.5,1643216.0,356.486,9253.0
2025-06-27 17:00:00+00:00,356.7,357.49,351.23,351.88,1313206.0,353.867,7254.0
2025-06-27 18:00:00+00:00,351.71,353.89,346.93,349.31,1407033.0,349.776,7930.0
2025-06-27 19:00:00+00:00,349.23,355.42,349.0,353.39,1895160.0,352.481,12296.0
2025-06-30 13:30:00+00:00,359.26,360.45,353.0,354.33,1382133.0,357.123,7276.0
2025-06-30 14:00:00+00:00,354.37,355.0,351.28,353.49,1124114.0,353.29,6161.0
2025-06-30 15:00:00+00:00,353.54,354.04,349.7,353.41,1038957.0,351.721,5595.0
2025-06-30 16:00:00+00:00,353.45,354.92,350.0,351.0,818001.0,352.481,4761.0
2025-06-30 17:00:00+00:00,350.94,352.89,350.0,351.18,419289.0,351.512,2411.0
2025-06-30 18:00:00+00:00,351.17,352.99,350.09,351.85,384862.0,351.288,2184.0
2025-06-30 19:00:00+00:00,351.95,352.49,347.9,350.53,1212967.0,350.154,7765.0
2025-07-01 13:30:00+00:00,340.02,353.4,335.81,351.69,1748159.0,344.034,8765.0
2025-07-01 14:00:00+00:00,351.5,352.66,340.45,341.26,1471379.0,346.584,7620.0
2025-07-01 15:00:00+00:00,341.25,344.0,336.0,336.52,1460234.0,339.731,8214.0
2025-07-01 16:00:00+00:00,336.41,338.47,335.3,336.98,678656.0,337.03,4135.0
2025-07-01 17:00:00+00:00,337.0,338.65,336.4,337.82,462174.0,337.674,2663.0
2025-07-01 18:00:00+00:00,337.8,341.14,335.8,336.08,502311.0,338.319,2772.0
2025-07-01 19:00:00+00:00,336.09,337.56,334.0,335.24,1206389.0,335.568,7647.0
2025-07-02 13:30:00+00:00,340.55,345.03,339.0,342.23,1077970.0,342.114,6039.0
2025-07-02 14:00:00+00:00,342.75,348.1,338.68,347.85,1192075.0,343.688,6537.0
2025-07-02 15:00:00+00:00,347.96,351.11,346.11,348.19,1154476.0,348.428,6587.0
2025-07-02 16:00:00+00:00,348.12,353.85,347.13,351.92,930198.0,351.273,4988.0
2025-07-02 17:00:00+00:00,352.05,354.25,350.23,353.74,777674.0,352.473,4030.0
2025-07-02 18:00:00+00:00,353.73,356.55,353.03,356.09,802596.0,354.845,4499.0
2025-07-02 19:00:00+00:00,356.32,357.16,353.65,354.47,1364083.0,355.254,8368.0
2025-07-03 13:30:00+00:00,350.35,357.87,348.5,355.57,1338210.0,353.435,7053.0
2025-07-03 14:00:00+00:00,355.71,356.99,352.45,353.89,905559.0,354.776,5081.0
2025-07-03 15:00:00+00:00,354.05,355.84,352.33,354.0,555210.0,354.124,2916.0
2025-07-03 16:00:00+00:00,354.0,355.98,351.6,355.76,674607.0,354.201,3903.0
2025-07-07 13:30:00+00:00,354.06,363.63,351.0,361.94,1215642.0,357.488,6376.0
2025-07-07 14:00:00+00:00,361.8,364.0,354.88,356.88,1170118.0,358.565,6560.0
2025-07-07 15:00:00+00:00,356.87,359.92,356.48,358.85,420568.0,358.239,2202.0
2025-07-07 16:00:00+00:00,358.99,360.07,354.73,355.88,547192.0,357.193,2768.0
2025-07-07 17:00:00+00:00,355.73,359.15,355.7,356.75,457583.0,357.39,2065.0
2025-07-07 18:00:00+00:00,356.89,358.11,353.5,355.2,416172.0,355.468,2128.0
2025-07-07 19:00:00+00:00,355.11,357.23,354.8,357.03,609610.0,356.027,3764.0
2025-07-08 13:30:00+00:00,362.75,368.79,352.88,353.63,1903171.0,360.948,10177.0
2025-07-08 14:00:00+00:00,353.79,354.91,351.23,354.15,1104938.0,353.34,6127.0
2025-07-08 15:00:00+00:00,354.14,355.58,350.33,351.2,588863.0,353.36,3484.0
2025-07-08 16:00:00+00:00,351.07,353.21,348.0,353.18,763499.0,350.889,4138.0
2025-07-08 17:00:00+00:00,353.06,354.28,351.03,353.3,422399.0,352.822,2433.0
2025-07-08 18:00:00+00:00,353.26,355.29,352.52,353.38,344352.0,353.632,1888.0
2025-07-08 19:00:00+00:00,353.17,355.28,350.81,354.68,665596.0,353.065,4267.0
2025-07-09 13:30:00+00:00,358.54,364.59,355.81,359.17,1166785.0,360.35,5841.0
2025-07-09 14:00:00+00:00,359.17,360.46,353.29,359.0,1173406.0,357.528,7104.0
2025-07-09 15:00:00+00:00,358.85,368.24,358.72,363.7,1672321.0,364.76,9057.0
2025-07-09 16:00:00+00:00,363.71,365.33,361.89,364.69,516891.0,363.844,3028.0
2025-07-09 17:00:00+00:00,364.72,365.14,361.96,364.0,491029.0,363.646,3061.0
2025-07-09 18:00:00+00:00,363.99,367.4,363.21,367.1,508511.0,365.456,3249.0
2025-07-09 19:00:00+00:00,367.08,374.0,366.96,373.86,2690027.0,371.405,15889.0
2025-07-10 13:30:00+00:00,372.41,377.03,370.0,370.11,1542994.0,373.69,8683.0
2025-07-10 14:00:00+00:00,370.32,378.53,369.0,376.46,1482203.0,373.691,8239.0
2025-07-10 15:00:00+00:00,376.49,380.81,376.1,379.25,1233640.0,378.824,6728.0
2025-07-10 16:00:00+00:00,379.27,383.8,377.0,380.8,1421002.0,381.13,7514.0
2025-07-10 17:00:00+00:00,380.82,384.55,380.0,383.19,1095551.0,383.003,5292.0
2025-07-10 18:00:00+00:00,383.18,384.72,380.89,384.66,735919.0,382.458,4137.0
2025-07-10 19:00:00+00:00,384.59,389.16,384.51,388.97,2563120.0,387.643,15653.0
2025-07-11 13:30:00+00:00,390.19,393.1,383.51,392.22,2207779.0,388.611,11089.0
2025-07-11 14:00:00+00:00,392.26,395.5,382.47,383.7,2094785.0,389.708,11383.0
2025-07-11 15:00:00+00:00,383.77,385.09,379.0,380.24,1476973.0,382.406,8469.0
2025-07-11 16:00:00+00:00,380.26,386.0,378.37,385.29,1139639.0,382.838,6157.0
2025-07-11 17:00:00+00:00,385.47,390.96,384.63,390.39,1034812.0,387.849,5729.0
2025-07-11 18:00:00+00:00,390.36,390.68,385.32,386.08,771647.0,388.139,4676.0
2025-07-11 19:00:00+00:00,385.94,387.34,383.23,387.05,1220853.0,385.585,8361.0
2025-07-14 13:30:00+00:00,392.5,398.5,390.0,394.83,1881711.0,394.58,9786.0
2025-07-14 14:00:00+00:00,395.0,398.49,388.58,394.25,1867506.0,393.438,9785.0
2025-07-14 15:00:00+00:00,394.38,395.98,390.66,392.0,1002641.0,393.987,5472.0
2025-07-14 16:00:00+00:00,391.89,395.9,389.4,395.37,842164.0,392.415,4530.0
2025-07-14 17:00:00+00:00,395.25,395.73,393.32,394.41,474152.0,394.849,2728.0
2025-07-14 18:00:00+00:00,394.25,397.37,393.61,394.01,586500.0,395.38,3267.0
2025-07-14 19:00:00+00:00,394.01,395.88,392.06,394.05,912550.0,393.864,5487.0
2025-07-15 13:30:00+00:00,391.33,399.25,389.28,395.69,1299119.0,395.213,7191.0
2025-07-15 14:00:00+00:00,395.91,400.88,387.3,388.22,1772401.0,396.101,10235.0
2025-07-15 15:00:00+00:00,388.49,396.93,387.61,396.0,1131346.0,392.339,6543.0
2025-07-15 16:00:00+00:00,396.0,397.7,391.75,392.55,775997.0,394.828,4306.0
2025-07-15 17:00:00+00:00,392.55,393.44,391.21,392.04,403537.0,392.559,2259.0
2025-07-15 18:00:00+00:00,392.29,392.81,373.02,383.34,2710073.0,382.149,15719.0
2025-07-15 19:00:00+00:00,383.01,389.44,382.2,388.04,1579802.0,386.849,8863.0
2025-07-16 13:30:00+00:00,392.79,399.53,391.46,396.9,1412134.0,396.254,7741.0
2025-07-16 14:00:00+00:00,397.02,401.64,394.7,398.0,1929017.0,398.45,10056.0
2025-07-16 15:00:00+00:00,398.24,401.13,392.16,397.81,1594341.0,397.432,8191.0
2025-07-16 16:00:00+00:00,397.81,400.02,396.4,398.08,542906.0,398.332,2903.0
2025-07-16 17:00:00+00:00,397.94,404.9,396.5,403.75,1254361.0,402.357,6994.0
2025-07-16 18:00:00+00:00,403.62,405.88,402.35,403.21,788803.0,404.38,3963.0
2025-07-16 19:00:00+00:00,403.56,404.3,397.77,398.13,1088918.0,401.438,6659.0
2025-07-17 13:30:00+00:00,399.7,405.07,394.27,404.36,1042305.0,400.282,5666.0
2025-07-17 14:00:00+00:00,404.4,415.96,404.3,409.52,2983436.0,411.372,16924.0
2025-07-17 15:00:00+00:00,409.64,410.2,402.93,407.05,1637688.0,406.728,8454.0
2025-07-17 16:00:00+00:00,407.16,408.17,402.95,403.67,601745.0,405.124,3297.0
2025-07-17 17:00:00+00:00,403.73,409.2,402.85,408.55,748426.0,406.119,4338.0
2025-07-17 18:00:00+00:00,408.68,412.86,408.0,412.73,831805.0,410.469,4863.0
2025-07-17 19:00:00+00:00,412.88,415.9,410.2,410.47,1944987.0,412.942,12322.0
2025-07-18 13:30:00+00:00,419.82,437.95,417.31,436.12,3420625.0,430.537,17980.0
2025-07-18 14:00:00+00:00,436.26,444.65,427.09,435.12,4436846.0,436.433,24459.0
2025-07-18 15:00:00+00:00,435.02,435.68,424.69,425.85,1932734.0,428.582,10644.0
2025-07-18 16:00:00+00:00,426.0,426.42,412.57,413.61,2280147.0,419.583,13153.0
2025-07-18 17:00:00+00:00,413.77,417.24,406.5,408.88,2208192.0,412.04,12497.0
2025-07-18 18:00:00+00:00,408.82,417.12,407.02,414.59,1568318.0,413.09,9288.0
2025-07-18 19:00:00+00:00,414.77,420.09,413.45,419.85,1884683.0,417.546,11952.0
2025-07-21 13:30:00+00:00,425.55,433.28,417.0,429.81,1965247.0,427.102,10123.0
2025-07-21 14:00:00+00:00,429.65,433.8,426.22,433.58,1460902.0,429.657,8376.0
2025-07-21 15:00:00+00:00,433.55,436.38,429.32,429.45,1534296.0,433.657,8074.0
2025-07-21 16:00:00+00:00,429.62,431.5,422.88,426.34,1327569.0,426.732,7135.0
2025-07-21 17:00:00+00:00,426.24,429.8,425.0,426.77,640951.0,427.443,3686.0
2025-07-21 18:00:00+00:00,426.86,428.19,420.4,421.09,739262.0,424.499,4414.0
2025-07-21 19:00:00+00:00,421.47,422.79,413.44,413.76,1929180.0,417.893,12459.0
2025-07-22 13:30:00+00:00,419.02,420.98,394.37,397.5,2138316.0,406.108,11602.0
2025-07-22 14:00:00+00:00,397.28,407.37,395.56,406.06,2503779.0,402.449,14550.0
2025-07-22 15:00:00+00:00,406.06,410.0,405.6,406.01,1017719.0,408.056,6232.0
2025-07-22 16:00:00+00:00,406.04,406.81,400.05,402.2,792680.0,403.008,4396.0
2025-07-22 17:00:00+00:00,402.1,406.86,401.5,406.21,576047.0,404.478,3209.0
2025-07-22 18:00:00+00:00,406.15,408.3,405.72,407.5,582729.0,407.12,3560.0
2025-07-22 19:00:00+00:00,407.67,408.27,403.13,404.42,967807.0,405.106,6360.0
2025-07-23 13:30:00+00:00,400.08,400.72,388.54,391.59,1477226.0,392.834,8025.0
2025-07-23 14:00:00+00:00,391.35,394.67,388.54,393.23,1361926.0,391.965,7298.0
2025-07-23 15:00:00+00:00,393.06,398.0,390.5,396.45,1093375.0,394.024,5553.0
2025-07-23 16:00:00+00:00,396.22,397.49,391.26,394.14,605848.0,395.231,3158.0
2025-07-23 17:00:00+00:00,394.09,394.45,387.12,389.5,1006217.0,389.604,5392.0
2025-07-23 18:00:00+00:00,389.53,394.27,388.96,394.0,610531.0,392.081,3494.0
2025-07-23 19:00:00+00:00,394.15,397.8,393.8,397.74,916730.0,396.207,5437.0
2025-07-24 13:30:00+00:00,404.23,404.67,393.0,395.06,710277.0,397.139,3757.0
2025-07-24 14:00:00+00:00,395.23,397.7,392.0,396.26,694885.0,395.105,4182.0
2025-07-24 15:00:00+00:00,396.29,399.0,394.5,398.5,640033.0,397.07,3555.0
2025-07-24 16:00:00+00:00,398.65,399.4,393.84,396.48,496844.0,396.038,2528.0
2025-07-24 17:00:00+00:00,396.49,400.25,395.6,398.83,421489.0,397.872,2391.0
2025-07-24 18:00:00+00:00,398.98,402.2,398.36,401.46,484381.0,400.433,2938.0
2025-07-24 19:00:00+00:00,401.3,405.31,396.33,396.57,1041612.0,401.064,6361.0
2025-07-25 13:30:00+00:00,391.9,393.9,387.54,390.05,1005281.0,390.402,5393.0
2025-07-25 14:00:00+00:00,390.13,392.68,386.38,390.76,1201115.0,389.512,7005.0
2025-07-25 15:00:00+00:00,390.81,397.48,390.12,395.6,822276.0,393.89,4576.0
2025-07-25 16:00:00+00:00,395.78,397.15,393.02,393.95,449934.0,395.189,2637.0
2025-07-25 17:00:00+00:00,393.88,395.75,393.0,393.7,314084.0,394.226,1737.0
2025-07-25 18:00:00+00:00,393.7,394.92,391.64,392.14,300201.0,393.22,1807.0
2025-07-25 19:00:00+00:00,392.06,394.0,390.68,391.59,545948.0,392.206,3322.0
2025-07-28 13:30:00+00:00,394.86,395.39,384.24,385.23,992685.0,388.767,5407.0
2025-07-28 14:00:00+00:00,385.34,387.13,376.08,376.42,1877667.0,380.888,10225.0
2025-07-28 15:00:00+00:00,376.19,379.5,375.41,379.22,1061157.0,377.387,6039.0
2025-07-28 16:00:00+00:00,379.18,380.97,377.85,379.51,635058.0,379.639,3488.0
2025-07-28 17:00:00+00:00,379.43,379.55,375.26,378.99,608222.0,377.51,3793.0
2025-07-28 18:00:00+00:00,378.85,379.28,376.46,378.1,366788.0,377.77,2487.0
2025-07-28 19:00:00+00:00,378.1,380.6,377.91,379.25,741238.0,379.446,4943.0
2025-07-29 13:30:00+00:00,383.62,384.78,376.66,378.34,805757.0,380.463,4258.0
2025-07-29 14:00:00+00:00,378.5,379.53,373.68,373.86,963982.0,376.415,5229.0
2025-07-29 15:00:00+00:00,373.7,374.85,366.02,368.94,1559677.0,369.649,8556.0
2025-07-29 16:00:00+00:00,369.0,369.89,365.74,369.83,742796.0,367.637,4098.0
2025-07-29 17:00:00+00:00,369.55,372.0,369.16,371.1,515399.0,370.52,3360.0
2025-07-29 18:00:00+00:00,371.08,373.57,369.98,371.95,395051.0,371.867,2458.0
2025-07-29 19:00:00+00:00,372.11,372.76,369.69,371.29,780789.0,371.241,5772.0
2025-07-30 13:30:00+00:00,383.08,386.58,377.5,379.25,1553941.0,381.713,8423.0
2025-07-30 14:00:00+00:00,379.42,384.87,377.06,383.33,1217904.0,381.291,6459.0
2025-07-30 15:00:00+00:00,383.34,384.96,379.26,379.96,745597.0,381.7,4484.0
2025-07-30 16:00:00+00:00,380.01,381.87,378.0,380.81,543992.0,380.209,3075.0
2025-07-30 17:00:00+00:00,380.63,384.56,379.5,383.73,581679.0,382.772,2903.0
2025-07-30 18:00:00+00:00,383.71,384.7,375.0,375.29,776110.0,381.023,4469.0
2025-07-30 19:00:00+00:00,375.11,378.23,372.71,377.39,1139237.0,375.721,7220.0
2025-07-31 13:30:00+00:00,382.85,384.43,378.0,383.62,944703.0,381.339,5279.0
2025-07-31 14:00:00+00:00,383.6,385.85,380.18,380.36,910439.0,383.376,5541.0
2025-07-31 15:00:00+00:00,380.36,384.85,379.6,383.01,647902.0,382.425,3801.0
2025-07-31 16:00:00+00:00,383.01,387.14,382.32,385.0,586122.0,384.717,3260.0
2025-07-31 17:00:00+00:00,385.05,385.94,379.77,380.51,609123.0,382.552,3863.0
2025-07-31 18:00:00+00:00,380.17,384.12,377.97,380.92,659894.0,381.152,4399.0
2025-07-31 19:00:00+00:00,381.13,383.1,376.83,377.6,1297791.0,378.935,8679.0
2025-08-01 13:30:00+00:00,335.14,337.59,317.51,319.0,4140824.0,326.202,22755.0
2025-08-01 14:00:00+00:00,318.82,323.97,314.88,321.15,3570378.0,320.042,21608.0
2025-08-01 15:00:00+00:00,321.15,324.69,316.66,324.21,1817218.0,320.29,11347.0
2025-08-01 16:00:00+00:00,324.14,325.63,317.1,318.14,1484939.0,321.665,8772.0
2025-08-01 17:00:00+00:00,318.11,319.24,315.69,315.97,1422855.0,316.973,8539.0
2025-08-01 18:00:00+00:00,315.98,318.16,310.55,315.22,2160674.0,314.04,12079.0
2025-08-01 19:00:00+00:00,315.33,319.74,311.0,314.8,2365642.0,316.501,15293.0
2025-08-04 13:30:00+00:00,319.54,320.02,311.0,316.41,1820837.0,314.147,9506.0
2025-08-04 14:00:00+00:00,316.48,324.0,315.29,316.41,2057053.0,320.034,10545.0
2025-08-04 15:00:00+00:00,316.34,320.28,315.55,319.72,802862.0,318.319,4728.0
2025-08-04 16:00:00+00:00,319.71,319.9,316.47,318.71,555224.0,318.265,3260.0
2025-08-04 17:00:00+00:00,318.64,319.83,316.08,318.08,460082.0,318.046,2758.0
2025-08-04 18:00:00+00:00,318.2,319.05,316.58,316.89,374481.0,318.1,2393.0
2025-08-04 19:00:00+00:00,316.91,319.07,316.53,318.22,642247.0,317.938,4143.0
2025-08-05 13:30:00+00:00,307.13,312.85,303.71,310.0,1605110.0,309.267,7538.0
2025-08-05 14:00:00+00:00,309.77,310.61,300.1,303.5,2016340.0,304.521,10615.0
2025-08-05 15:00:00+00:00,303.5,303.9,300.04,300.67,913662.0,301.686,5469.0
2025-08-05 16:00:00+00:00,300.69,303.06,299.55,302.09,711466.0,301.516,3737.0
2025-08-05 17:00:00+00:00,302.03,304.77,301.18,304.15,614619.0,303.298,3442.0
2025-08-05 18:00:00+00:00,304.15,304.16,300.18,301.43,666416.0,301.583,3713.0
2025-08-05 19:00:00+00:00,301.42,302.94,297.2,298.0,2272591.0,299.204,14317.0
2025-08-06 13:30:00+00:00,297.55,298.28,293.72,298.01,1488417.0,296.562,7763.0
2025-08-06 14:00:00+00:00,297.96,299.0,293.31,295.79,1351008.0,295.815,7824.0
2025-08-06 15:00:00+00:00,295.74,296.85,293.47,295.85,795986.0,295.203,4521.0
2025-08-06 16:00:00+00:00,295.91,303.63,295.68,299.59,1842595.0,300.281,9424.0
2025-08-06 17:00:00+00:00,299.36,303.79,299.33,303.66,836790.0,301.712,4826.0
2025-08-06 18:00:00+00:00,303.73,304.77,300.7,301.58,636004.0,302.995,3609.0
2025-08-06 19:00:00+00:00,301.49,304.0,301.46,303.6,815207.0,303.034,5116.0
2025-08-07 13:30:00+00:00,311.23,316.1,309.6,314.4,1646478.0,313.046,8820.0
2025-08-07 14:00:00+00:00,314.23,316.78,311.0,311.87,1519584.0,313.958,8537.0
2025-08-07 15:00:00+00:00,311.98,317.94,309.78,315.75,1148851.0,314.639,5895.0
2025-08-07 16:00:00+00:00,315.9,316.59,310.02,311.4,904179.0,313.924,4609.0
2025-08-07 17:00:00+00:00,311.1,312.73,309.17,310.79,614393.0,311.029,3338.0
2025-08-07 18:00:00+00:00,310.81,311.0,306.98,308.58,614792.0,308.527,3474.0
2025-08-07 19:00:00+00:00,308.67,311.41,307.59,311.03,831642.0,309.92,5128.0
2025-08-08 13:30:00+00:00,311.45,313.7,307.69,308.5,935133.0,310.836,4466.0
2025-08-08 14:00:00+00:00,308.5,309.7,302.41,303.22,1297542.0,306.618,7256.0
2025-08-08 15:00:00+00:00,303.1,305.3,301.23,304.4,691957.0,303.244,4099.0
2025-08-08 16:00:00+00:00,304.35,305.9,302.53,303.7,461669.0,304.175,2728.0
2025-08-08 17:00:00+00:00,303.66,307.37,303.15,306.92,544989.0,305.363,2810.0
2025-08-08 18:00:00+00:00,307.01,309.67,306.95,307.73,538122.0,308.166,2864.0
2025-08-08 19:00:00+00:00,307.81,311.23,306.9,310.46,1060493.0,309.828,6092.0
2025-08-11 13:30:00+00:00,322.3,328.3,320.32,324.45,1994352.0,324.348,11053.0
2025-08-11 14:00:00+00:00,324.36,333.66,323.0,332.34,2133899.0,329.441,11487.0
2025-08-11 15:00:00+00:00,332.12,332.2,328.0,330.88,1336485.0,330.157,7470.0
2025-08-11 16:00:00+00:00,331.0,332.75,326.32,326.36,812794.0,329.819,4584.0
2025-08-11 17:00:00+00:00,326.36,328.34,323.25,323.7,636106.0,325.337,3630.0
2025-08-11 18:00:00+00:00,323.62,324.56,321.64,322.81,564503.0,323.164,3474.0
2025-08-11 19:00:00+00:00,322.78,323.46,318.8,319.65,1101279.0,320.959,7095.0
2025-08-12 13:30:00+00:00,329.43,329.86,314.9,315.34,1476450.0,321.352,7968.0
2025-08-12 14:00:00+00:00,315.2,320.17,314.15,319.92,1016210.0,317.582,6062.0
2025-08-12 15:00:00+00:00,319.9,324.52,319.47,323.51,989042.0,322.359,5699.0
2025-08-12 16:00:00+00:00,323.64,324.44,319.28,321.6,553840.0,321.83,2932.0
2025-08-12 17:00:00+00:00,321.6,322.7,319.2,321.95,494129.0,320.659,2766.0
2025-08-12 18:00:00+00:00,321.95,322.44,318.04,318.5,368582.0,320.221,1979.0
2025-08-12 19:00:00+00:00,318.63,323.66,318.52,322.54,746271.0,321.637,4320.0
2025-08-13 13:30:00+00:00,327.53,345.39,327.15,338.16,3012303.0,338.254,16092.0
2025-08-13 14:00:00+00:00,338.02,339.98,327.4,327.98,2418509.0,333.97,12636.0
2025-08-13 15:00:00+00:00,328.16,329.66,322.8,327.58,1427787.0,326.748,7714.0
2025-08-13 16:00:00+00:00,327.5,328.72,324.74,325.22,519973.0,326.964,2944.0
2025-08-13 17:00:00+00:00,325.21,327.96,321.53,323.25,667559.0,324.953,3663.0
2025-08-13 18:00:00+00:00,323.47,325.69,322.73,325.69,481187.0,324.002,2873.0
2025-08-13 19:00:00+00:00,325.68,327.6,325.0,327.1,823522.0,326.774,5171.0
2025-08-14 13:30:00+00:00,320.49,326.58,316.8,322.83,1260980.0,322.367,6057.0
2025-08-14 14:00:00+00:00,322.14,327.46,319.59,324.41,1050820.0,323.892,5626.0
2025-08-14 15:00:00+00:00,324.5,325.76,318.0,321.29,759628.0,321.03,3836.0
2025-08-14 16:00:00+00:00,321.1,321.64,316.89,318.57,662065.0,318.574,3421.0
2025-08-14 17:00:00+00:00,318.78,321.12,318.31,320.29,289295.0,319.87,1391.0
2025-08-14 18:00:00+00:00,320.42,323.59,319.1,323.01,507906.0,321.851,2202.0
2025-08-14 19:00:00+00:00,323.03,326.38,322.37,324.77,800458.0,324.499,4547.0
2025-08-15 13:30:00+00:00,322.83,323.07,317.2,318.71,1067976.0,319.599,5197.0
2025-08-15 14:00:00+00:00,318.42,323.4,316.67,318.47,1170746.0,320.092,6189.0
2025-08-15 15:00:00+00:00,318.48,320.76,316.8,316.92,525958.0,318.731,3156.0
2025-08-15 16:00:00+00:00,316.9,318.07,314.56,316.76,543027.0,316.427,2859.0
2025-08-15 17:00:00+00:00,316.65,319.2,316.21,318.65,277713.0,317.886,1610.0
2025-08-15 18:00:00+00:00,318.87,320.75,318.0,318.99,423154.0,319.837,2287.0
2025-08-15 19:00:00+00:00,318.99,320.4,317.29,317.45,740842.0,318.593,4427.0
2025-08-18 13:30:00+00:00,311.77,315.29,307.92,308.29,901804.0,311.522,4003.0
2025-08-18 14:00:00+00:00,308.38,317.45,307.11,316.53,985876.0,312.007,5110.0
2025-08-18 15:00:00+00:00,316.75,322.91,315.17,322.63,1223104.0,319.56,6048.0
2025-08-18 16:00:00+00:00,322.39,323.84,319.16,322.69,686652.0,322.19,3546.0
2025-08-18 17:00:00+00:00,322.69,324.29,321.6,323.86,493538.0,323.428,2332.0
2025-08-18 18:00:00+00:00,323.54,323.78,320.83,321.06,380955.0,322.127,1885.0
2025-08-18 19:00:00+00:00,321.06,322.38,320.0,320.73,513665.0,320.958,3015.0
2025-08-19 13:30:00+00:00,320.69,322.59,312.41,316.64,827421.0,316.737,4424.0
2025-08-19 14:00:00+00:00,316.42,317.97,307.97,308.72,1461928.0,312.829,8075.0
2025-08-19 15:00:00+00:00,308.8,310.99,307.0,309.14,756704.0,308.937,4200.0
2025-08-19 16:00:00+00:00,309.24,309.27,304.04,304.44,748647.0,306.603,4450.0
2025-08-19 17:00:00+00:00,304.29,306.89,302.5,306.57,755693.0,304.437,4272.0
2025-08-19 18:00:00+00:00,306.5,306.7,303.66,304.12,435331.0,305.028,2411.0
2025-08-19 19:00:00+00:00,304.0,304.14,301.45,302.02,1177767.0,302.754,7263.0
2025-08-20 13:30:00+00:00,304.27,306.45,291.46,293.03,1292778.0,297.338,6370.0
2025-08-20 14:00:00+00:00,293.11,297.56,292.0,295.8,1017202.0,295.16,5459.0
2025-08-20 15:00:00+00:00,295.66,305.04,295.6,301.1,1070507.0,301.937,5738.0
2025-08-20 16:00:00+00:00,301.1,304.32,300.89,302.63,449047.0,302.888,2670.0
2025-08-20 17:00:00+00:00,302.5,304.56,302.17,303.57,323167.0,303.418,1793.0
2025-08-20 18:00:00+00:00,303.72,304.01,299.68,300.93,350728.0,301.239,2040.0
2025-08-20 19:00:00+00:00,301.28,305.0,301.12,304.41,467706.0,303.607,2841.0
2025-08-21 13:30:00+00:00,301.04,305.0,299.56,301.79,568535.0,302.508,2692.0
2025-08-21 14:00:00+00:00,301.75,304.47,300.57,302.59,545457.0,302.81,2994.0
2025-08-21 15:00:00+00:00,302.59,304.3,301.1,302.29,419820.0,302.641,2309.0
2025-08-21 16:00:00+00:00,302.13,302.5,297.8,299.42,397963.0,300.912,2401.0
2025-08-21 17:00:00+00:00,299.59,301.59,299.2,299.9,338101.0,300.507,1901.0
2025-08-21 18:00:00+00:00,299.91,301.34,298.65,301.25,329714.0,299.985,1708.0
2025-08-21 19:00:00+00:00,301.16,302.16,299.43,300.29,494656.0,300.521,2914.0
2025-08-22 13:30:00+00:00,300.46,302.5,297.19,298.97,533270.0,300.333,2641.0
2025-08-22 14:00:00+00:00,299.22,321.06,299.19,319.89,3335281.0,314.651,18204.0
2025-08-22 15:00:00+00:00,319.8,322.26,317.51,317.9,1275070.0,320.02,6834.0
2025-08-22 16:00:00+00:00,318.06,320.56,317.92,319.53,574616.0,319.256,3372.0
2025-08-22 17:00:00+00:00,319.57,321.44,319.34,320.58,534847.0,320.661,2953.0
2025-08-22 18:00:00+00:00,320.61,322.0,320.38,321.24,577227.0,321.221,3297.0
2025-08-22 19:00:00+00:00,321.01,321.26,318.05,319.84,1265178.0,319.615,8207.0
2025-08-25 13:30:00+00:00,312.18,314.4,305.1,309.65,1227547.0,308.512,6206.0
2025-08-25 14:00:00+00:00,309.72,315.59,308.92,315.4,958665.0,312.608,5126.0
2025-08-25 15:00:00+00:00,315.23,315.58,309.81,310.12,560822.0,313.03,3212.0
2025-08-25 16:00:00+00:00,310.12,312.4,310.05,310.67,478431.0,311.09,2670.0
2025-08-25 17:00:00+00:00,310.76,310.83,308.4,308.75,450392.0,309.861,2125.0
2025-08-25 18:00:00+00:00,308.9,310.34,308.0,309.4,352758.0,309.171,1768.0
2025-08-25 19:00:00+00:00,309.43,309.91,305.55,305.86,881011.0,307.162,5140.0
2025-08-26 13:30:00+00:00,304.06,305.4,300.8,302.0,1075300.0,302.708,6126.0
2025-08-26 14:00:00+00:00,302.06,303.2,300.37,301.88,1396925.0,301.761,7894.0
2025-08-26 15:00:00+00:00,301.82,305.7,301.3,304.51,689105.0,304.029,3959.0
2025-08-26 16:00:00+00:00,304.78,304.98,303.22,304.35,208926.0,304.084,1274.0
2025-08-26 17:00:00+00:00,304.34,304.5,302.5,303.79,247850.0,303.419,1446.0
2025-08-26 18:00:00+00:00,303.7,306.79,303.63,305.85,438762.0,305.803,2336.0
2025-08-26 19:00:00+00:00,305.78,309.2,305.75,308.66,670512.0,307.575,4099.0
2025-08-27 13:30:00+00:00,307.21,310.8,307.05,309.69,490258.0,309.153,2672.0
2025-08-27 14:00:00+00:00,309.56,311.4,308.5,310.2,564106.0,310.386,3035.0
2025-08-27 15:00:00+00:00,310.48,311.5,306.87,308.67,594077.0,309.012,3589.0
2025-08-27 16:00:00+00:00,308.58,309.93,306.69,309.72,400430.0,308.5,2561.0
2025-08-27 17:00:00+00:00,309.73,311.0,309.31,310.8,256874.0,310.223,1484.0
2025-08-27 18:00:00+00:00,310.87,312.41,310.44,310.8,403788.0,311.392,2340.0
2025-08-27 19:00:00+00:00,310.68,310.81,308.5,308.97,669602.0,309.44,4594.0
2025-08-28 13:30:00+00:00,312.53,315.95,311.2,312.2,717704.0,313.563,3950.0
2025-08-28 14:00:00+00:00,311.99,313.75,309.22,311.76,618397.0,311.709,3448.0
2025-08-28 15:00:00+00:00,311.72,312.0,309.04,311.82,397985.0,310.373,2351.0
2025-08-28 16:00:00+00:00,311.91,314.64,306.2,307.02,562779.0,311.225,3377.0
2025-08-28 17:00:00+00:00,307.0,311.37,306.0,310.31,534750.0,309.404,3076.0
2025-08-28 18:00:00+00:00,310.3,311.4,308.99,309.06,239405.0,310.226,1450.0
2025-08-28 19:00:00+00:00,309.17,310.16,308.39,308.4,447288.0,309.077,2766.0
2025-08-29 13:30:00+00:00,306.07,308.15,302.18,304.32,681600.0,304.792,3834.0
2025-08-29 14:00:00+00:00,304.82,306.5,301.5,302.06,862402.0,303.234,4884.0
2025-08-29 15:00:00+00:00,302.19,304.95,301.77,303.42,471281.0,303.759,3154.0
2025-08-29 16:00:00+00:00,303.33,308.22,303.33,307.18,513630.0,306.352,3107.0
2025-08-29 17:00:00+00:00,307.21,307.3,304.75,306.17,328514.0,306.039,2080.0
2025-08-29 18:00:00+00:00,306.26,306.7,304.06,304.74,302519.0,305.278,2121.0
2025-08-29 19:00:00+00:00,304.84,305.26,303.79,304.68,710555.0,304.684,4707.0
2025-09-02 13:30:00+00:00,299.97,307.02,295.4,305.41,919009.0,302.137,4824.0
2025-09-02 14:00:00+00:00,305.43,310.41,303.71,308.48,1054648.0,307.571,5698.0
2025-09-02 15:00:00+00:00,308.49,309.53,303.0,303.45,578660.0,307.192,3128.0
2025-09-02 16:00:00+00:00,303.7,304.27,300.88,302.53,442963.0,302.596,2331.0
2025-09-02 17:00:00+00:00,302.47,304.62,302.0,304.13,338582.0,303.399,1848.0
2025-09-02 18:00:00+00:00,304.0,305.58,302.83,303.84,351538.0,304.004,2005.0
2025-09-02 19:00:00+00:00,303.95,305.33,303.23,303.56,416393.0,304.105,2482.0
2025-09-03 13:30:00+00:00,305.01,307.09,302.89,304.58,469620.0,305.094,2705.0
2025-09-03 14:00:00+00:00,304.58,308.38,303.6,306.75,618697.0,305.953,3351.0
2025-09-03 15:00:00+00:00,306.67,307.39,305.0,306.27,368319.0,306.142,2297.0
2025-09-03 16:00:00+00:00,306.13,306.39,303.15,304.13,350165.0,304.496,1977.0
2025-09-03 17:00:00+00:00,304.13,305.5,302.57,303.54,393417.0,303.935,2081.0
2025-09-03 18:00:00+00:00,303.71,304.4,301.15,302.59,439889.0,302.85,2330.0
2025-09-03 19:00:00+00:00,302.57,303.43,301.44,302.34,449330.0,302.334,3068.0
2025-09-04 13:30:00+00:00,301.96,303.9,300.01,303.63,508003.0,302.027,2691.0
2025-09-04 14:00:00+00:00,303.62,305.06,300.35,302.87,632213.0,302.868,4103.0
2025-09-04 15:00:00+00:00,302.82,303.75,300.29,302.63,633751.0,302.189,3244.0
2025-09-04 16:00:00+00:00,302.61,307.75,301.87,306.36,629698.0,305.197,3217.0
2025-09-04 17:00:00+00:00,306.35,307.78,305.39,306.27,559346.0,306.832,2921.0
2025-09-04 18:00:00+00:00,306.29,306.96,304.8,305.8,277389.0,305.9,1443.0
2025-09-04 19:00:00+00:00,305.94,307.77,305.79,306.82,543830.0,306.807,3517.0
2025-09-05 13:30:00+00:00,313.58,315.74,304.41,306.26,1201763.0,309.318,6920.0
2025-09-05 14:00:00+00:00,306.45,306.46,292.56,294.18,2022067.0,297.93,11606.0
2025-09-05 15:00:00+00:00,294.3,297.49,293.1,295.94,861069.0,295.721,5525.0
2025-09-05 16:00:00+00:00,295.94,297.0,294.4,296.95,561963.0,295.527,3542.0
2025-09-05 17:00:00+00:00,296.92,298.08,295.32,297.77,520859.0,296.99,3192.0
2025-09-05 18:00:00+00:00,297.86,299.97,297.56,298.49,598822.0,298.889,3858.0
2025-09-05 19:00:00+00:00,298.46,300.86,298.29,299.06,1103780.0,299.6,7752.0
2025-09-08 13:30:00+00:00,301.88,302.87,297.15,302.21,1016010.0,300.718,5991.0
2025-09-08 14:00:00+00:00,302.21,304.89,299.06,304.46,1233955.0,302.397,7395.0
2025-09-08 15:00:00+00:00,304.43,305.25,302.2,303.92,711771.0,303.809,4593.0
2025-09-08 16:00:00+00:00,303.99,306.6,303.0,305.53,568332.0,304.954,3648.0
2025-09-08 17:00:00+00:00,305.52,306.0,303.55,304.31,405567.0,304.714,2755.0
2025-09-08 18:00:00+00:00,304.22,305.3,304.14,304.63,326093.0,304.767,2183.0
2025-09-08 19:00:00+00:00,304.63,305.14,302.13,302.13,743250.0,303.314,5180.0
2025-09-09 13:30:00+00:00,303.58,314.32,303.56,310.74,1265590.0,310.153,6463.0
2025-09-09 14:00:00+00:00,310.77,312.95,308.62,310.95,906563.0,311.243,5268.0
2025-09-09 15:00:00+00:00,311.0,314.33,309.7,314.08,668777.0,312.011,4006.0
2025-09-09 16:00:00+00:00,314.14,315.16,311.3,313.35,640467.0,313.686,3616.0
2025-09-09 17:00:00+00:00,313.34,315.25,313.24,314.83,476512.0,314.317,2828.0
2025-09-09 18:00:00+00:00,315.08,317.49,314.41,316.46,719965.0,316.298,4420.0
2025-09-09 19:00:00+00:00,316.44,319.4,316.11,318.76,1073504.0,318.292,7573.0
2025-09-10 13:30:00+00:00,321.4,328.67,320.0,325.37,1270889.0,324.54,7323.0
2025-09-10 14:00:00+00:00,325.17,325.68,317.36,319.18,1201231.0,321.349,7069.0
2025-09-10 15:00:00+00:00,319.13,321.96,319.0,321.02,514672.0,320.551,2847.0
2025-09-10 16:00:00+00:00,320.81,321.04,317.74,318.71,354533.0,319.258,2044.0
2025-09-10 17:00:00+00:00,318.85,319.73,316.36,317.44,362563.0,317.773,1755.0
2025-09-10 18:00:00+00:00,317.26,317.77,314.0,314.47,413888.0,315.968,2284.0
2025-09-10 19:00:00+00:00,314.34,315.89,312.53,315.34,810424.0,314.458,4938.0
2025-09-11 13:30:00+00:00,319.0,320.3,315.53,320.1,569343.0,317.847,3002.0
2025-09-11 14:00:00+00:00,320.05,325.89,318.13,325.62,1026683.0,322.262,5698.0
2025-09-11 15:00:00+00:00,325.73,326.0,318.91,320.35,812460.0,321.877,4777.0
2025-09-11 16:00:00+00:00,320.51,321.18,318.9,320.88,344427.0,319.953,2135.0
2025-09-11 17:00:00+00:00,320.88,321.22,319.33,321.22,242659.0,320.18,1475.0
2025-09-11 18:00:00+00:00,321.24,321.63,319.09,319.45,306552.0,320.085,1720.0
2025-09-11 19:00:00+00:00,319.57,324.0,319.35,324.0,812059.0,322.327,5131.0
2025-09-12 13:30:00+00:00,328.03,329.49,324.05,325.73,834422.0,326.392,4083.0
2025-09-12 14:00:00+00:00,325.32,328.2,322.8,325.2,791371.0,325.083,4483.0
2025-09-12 15:00:00+00:00,325.41,325.49,320.56,321.0,612550.0,322.12,3519.0
2025-09-12 16:00:00+00:00,320.97,323.0,319.8,323.0,441368.0,321.483,2359.0
2025-09-12 17:00:00+00:00,322.99,325.01,322.66,324.48,353979.0,323.895,2103.0
2025-09-12 18:00:00+00:00,324.6,325.16,322.83,324.74,361329.0,324.043,2329.0
2025-09-12 19:00:00+00:00,324.7,324.71,322.5,322.91,613083.0,323.68,3871.0
2025-09-15 13:30:00+00:00,322.87,328.14,320.96,327.73,760244.0,324.921,3580.0
2025-09-15 14:00:00+00:00,327.78,327.97,322.83,327.27,1040470.0,325.065,5222.0
2025-09-15 15:00:00+00:00,327.35,327.47,322.09,325.12,514885.0,324.302,2885.0
2025-09-15 16:00:00+00:00,325.12,325.19,322.57,323.97,318912.0,323.907,1837.0
2025-09-15 17:00:00+00:00,323.84,326.53,323.35,326.42,328233.0,324.72,1934.0
2025-09-15 18:00:00+00:00,326.42,327.65,325.69,327.17,328285.0,326.652,2179.0
2025-09-15 19:00:00+00:00,327.21,328.44,326.45,326.98,601570.0,327.489,4082.0
2025-09-16 13:30:00+00:00,332.25,333.6,323.67,326.11,921513.0,328.012,5207.0
2025-09-16 14:00:00+00:00,326.05,326.09,321.3,322.41,737554.0,323.013,3764.0
2025-09-16 15:00:00+00:00,322.49,325.8,321.4,325.75,476668.0,323.387,2370.0
2025-09-16 16:00:00+00:00,325.74,326.33,324.01,326.0,220076.0,325.299,1333.0
2025-09-16 17:00:00+00:00,326.11,327.75,321.6,326.53,427488.0,326.053,2445.0
2025-09-16 18:00:00+00:00,326.62,326.74,324.19,324.6,223852.0,325.256,1070.0
2025-09-16 19:00:00+00:00,324.73,328.0,324.36,327.91,632661.0,326.616,3818.0
2025-09-17 13:30:00+00:00,325.96,328.49,323.5,327.0,416196.0,326.013,2384.0
2025-09-17 14:00:00+00:00,327.14,327.8,320.91,321.74,599127.0,323.974,3287.0
2025-09-17 15:00:00+00:00,321.87,323.49,320.63,320.87,453963.0,321.933,2660.0
2025-09-17 16:00:00+00:00,320.88,321.62,319.25,320.54,350323.0,320.376,2069.0
2025-09-17 17:00:00+00:00,320.56,321.87,320.04,321.5,217892.0,321.051,1379.0
2025-09-17 18:00:00+00:00,321.66,325.25,311.3,317.21,1622118.0,317.724,8915.0
2025-09-17 19:00:00+00:00,317.24,322.83,316.83,320.49,1279039.0,320.67,7241.0
2025-09-18 13:30:00+00:00,325.82,329.54,323.52,328.28,998190.0,327.238,5175.0
2025-09-18 14:00:00+00:00,328.07,341.66,327.91,341.13,2191594.0,335.691,11720.0
2025-09-18 15:00:00+00:00,341.26,347.0,340.6,345.62,1716957.0,344.676,8799.0
2025-09-18 16:00:00+00:00,345.84,347.89,344.17,346.57,925198.0,346.109,4589.0
2025-09-18 17:00:00+00:00,346.42,349.74,344.88,349.53,706110.0,346.925,3669.0
2025-09-18 18:00:00+00:00,349.65,351.89,348.28,349.58,878814.0,350.007,5278.0
2025-09-18 19:00:00+00:00,349.59,350.2,342.73,342.94,1398434.0,345.554,9484.0
2025-09-19 13:30:00+00:00,342.76,347.22,339.69,344.35,1083214.0,342.789,4592.0
2025-09-19 14:00:00+00:00,344.32,349.7,343.11,343.23,1044448.0,346.551,6151.0
2025-09-19 15:00:00+00:00,343.42,344.34,337.66,342.09,867470.0,340.17,4951.0
2025-09-19 16:00:00+00:00,342.05,345.0,341.71,343.66,519795.0,343.421,3021.0
2025-09-19 17:00:00+00:00,343.63,343.67,338.15,340.07,554089.0,340.395,3325.0
2025-09-19 18:00:00+00:00,340.19,342.13,339.54,340.26,322415.0,340.906,2050.0
2025-09-19 19:00:00+00:00,340.24,344.06,340.24,342.33,692429.0,342.328,4580.0
2025-09-22 13:30:00+00:00,333.28,335.78,328.19,335.78,1316630.0,331.561,7022.0
2025-09-22 14:00:00+00:00,335.78,336.2,330.89,332.06,891538.0,333.443,4497.0
2025-09-22 15:00:00+00:00,332.03,332.54,328.8,330.9,614691.0,330.557,3398.0
2025-09-22 16:00:00+00:00,330.91,331.99,329.73,331.99,360721.0,331.136,2200.0
2025-09-22 17:00:00+00:00,331.68,332.09,329.91,331.06,373428.0,330.746,2261.0
2025-09-22 18:00:00+00:00,330.99,332.68,330.87,331.49,359365.0,331.743,1961.0
2025-09-22 19:00:00+00:00,331.63,333.11,330.81,331.84,643512.0,332.156,4097.0
2025-09-23 13:30:00+00:00,333.34,335.68,331.12,332.63,586704.0,333.65,2790.0
2025-09-23 14:00:00+00:00,332.52,333.84,329.22,330.87,614311.0,331.072,3224.0
2025-09-23 15:00:00+00:00,331.03,332.52,329.71,330.37,314963.0,330.941,1733.0
2025-09-23 16:00:00+00:00,330.74,331.4,329.09,330.49,349910.0,330.274,1865.0
2025-09-23 17:00:00+00:00,330.48,330.55,320.96,322.6,961745.0,325.244,4754.0
2025-09-23 18:00:00+00:00,322.72,323.09,318.2,318.96,826234.0,319.991,3725.0
2025-09-23 19:00:00+00:00,318.97,320.79,317.7,320.15,997989.0,319.42,5999.0
2025-09-24 13:30:00+00:00,323.61,324.89,320.76,321.3,513374.0,323.191,2940.0
2025-09-24 14:00:00+00:00,321.46,326.95,321.01,325.81,597339.0,324.382,3314.0
2025-09-24 15:00:00+00:00,325.93,327.32,321.8,323.27,406503.0,325.436,2350.0
2025-09-24 16:00:00+00:00,323.58,324.68,321.55,323.56,189714.0,323.335,1185.0
2025-09-24 17:00:00+00:00,323.61,325.54,322.85,324.26,172848.0,324.294,1037.0
2025-09-24 18:00:00+00:00,324.35,324.66,322.36,323.7,224272.0,323.519,1379.0
2025-09-24 19:00:00+00:00,323.85,323.85,321.66,321.77,404687.0,322.495,2638.0
2025-09-25 13:30:00+00:00,314.24,314.49,305.9,309.14,1030518.0,309.642,5584.0
2025-09-25 14:00:00+00:00,309.01,317.99,308.39,317.38,837554.0,314.115,5038.0
2025-09-25 15:00:00+00:00,317.06,317.58,312.77,314.2,448171.0,314.776,2556.0
2025-09-25 16:00:00+00:00,314.14,314.74,311.0,311.22,321707.0,312.563,1979.0
2025-09-25 17:00:00+00:00,311.27,312.33,305.57,305.88,594123.0,308.737,3372.0
2025-09-25 18:00:00+00:00,305.81,309.44,304.36,308.88,819553.0,307.194,4620.0
2025-09-25 19:00:00+00:00,308.76,310.03,306.53,306.68,812611.0,308.088,5787.0
2025-09-26 13:30:00+00:00,308.58,310.0,303.93,306.6,750904.0,306.577,4273.0
2025-09-26 14:00:00+00:00,306.58,307.45,303.4,306.52,572718.0,305.447,3255.0
2025-09-26 15:00:00+00:00,306.54,308.65,306.42,307.12,331310.0,307.71,1830.0
2025-09-26 16:00:00+00:00,307.26,311.56,306.81,310.97,322276.0,310.325,1838.0
2025-09-26 17:00:00+00:00,310.82,314.24,310.55,312.69,349999.0,312.376,1972.0
2025-09-26 18:00:00+00:00,312.72,313.96,311.97,313.15,269688.0,313.066,1688.0
2025-09-26 19:00:00+00:00,313.12,313.75,311.27,312.68,663597.0,312.627,4402.0
2025-09-29 13:30:00+00:00,318.0,325.5,316.34,325.0,913498.0,321.054,4977.0
2025-09-29 14:00:00+00:00,325.3,331.37,324.16,330.71,1709210.0,329.089,8994.0
2025-09-29 15:00:00+00:00,330.67,332.55,327.59,328.73,861048.0,329.768,4952.0
2025-09-29 16:00:00+00:00,328.85,332.36,328.57,331.65,434224.0,330.757,2653.0
2025-09-29 17:00:00+00:00,331.82,333.49,330.84,332.81,465775.0,332.364,2692.0
2025-09-29 18:00:00+00:00,332.81,334.0,331.23,333.15,501604.0,333.024,3194.0
2025-09-29 19:00:00+00:00,333.21,334.38,331.16,333.99,1138493.0,333.472,8318.0
2025-09-30 13:30:00+00:00,330.0,337.93,329.66,336.28,879632.0,334.753,4797.0
2025-09-30 14:00:00+00:00,336.15,336.89,331.12,333.77,615535.0,333.206,3501.0
2025-09-30 15:00:00+00:00,333.88,334.73,330.8,331.85,357740.0,332.763,2048.0
2025-09-30 16:00:00+00:00,331.77,333.73,330.84,332.4,308063.0,332.076,1820.0
2025-09-30 17:00:00+00:00,332.33,334.28,331.5,333.05,327431.0,332.972,1976.0
2025-09-30 18:00:00+00:00,333.15,335.15,332.02,335.05,294726.0,334.201,1702.0
2025-09-30 19:00:00+00:00,335.02,338.1,334.44,337.4,733463.0,336.82,4310.0
2025-10-01 13:30:00+00:00,343.26,345.3,340.5,343.62,885261.0,343.211,4532.0
2025-10-01 14:00:00+00:00,343.22,349.87,342.11,347.17,1288894.0,347.695,7164.0
2025-10-01 15:00:00+00:00,347.28,349.1,344.74,348.91,634955.0,347.106,3014.0
2025-10-01 16:00:00+00:00,348.88,349.46,344.6,344.79,499934.0,346.885,2608.0
2025-10-01 17:00:00+00:00,344.7,347.44,343.6,344.68,371108.0,345.364,1929.0
2025-10-01 18:00:00+00:00,344.55,346.7,343.6,345.36,391006.0,345.267,2053.0
2025-10-01 19:00:00+00:00,345.44,347.0,344.84,346.2,623971.0,346.174,4253.0
2025-10-02 13:30:00+00:00,354.76,368.68,353.4,364.1,2066064.0,361.704,11029.0
2025-10-02 14:00:00+00:00,364.06,364.83,356.6,357.5,1410406.0,361.806,7816.0
2025-10-02 15:00:00+00:00,357.59,364.8,354.55,364.19,986129.0,360.322,5722.0
2025-10-02 16:00:00+00:00,364.33,370.07,363.5,368.53,1320357.0,368.033,7577.0
2025-10-02 17:00:00+00:00,368.53,371.07,366.95,370.43,769590.0,369.236,4333.0
2025-10-02 18:00:00+00:00,370.57,374.23,370.47,372.84,1015189.0,372.568,5858.0
2025-10-02 19:00:00+00:00,372.91,376.13,371.11,371.97,1534873.0,373.856,9984.0
2025-10-03 13:30:00+00:00,373.35,381.3,373.17,375.5,1518213.0,377.541,7854.0
2025-10-03 14:00:00+00:00,375.29,377.06,370.42,375.27,1093765.0,373.795,5870.0
2025-10-03 15:00:00+00:00,375.23,380.0,372.53,379.45,833731.0,376.399,4084.0
2025-10-03 16:00:00+00:00,379.5,383.5,378.71,382.99,1107028.0,381.36,5962.0
2025-10-03 17:00:00+00:00,382.94,382.94,370.49,372.6,1245277.0,376.577,6603.0
2025-10-03 18:00:00+00:00,372.63,378.98,370.03,378.17,776141.0,375.355,4272.0
2025-10-03 19:00:00+00:00,378.27,380.89,376.54,380.11,1104551.0,379.369,6881.0
2025-10-06 13:30:00+00:00,390.33,392.85,382.31,384.67,1098060.0,387.754,5581.0
2025-10-06 14:00:00+00:00,384.51,391.26,383.26,386.47,927113.0,387.659,5688.0
2025-10-06 15:00:00+00:00,386.47,390.07,385.72,386.22,699259.0,388.126,4215.0
2025-10-06 16:00:00+00:00,386.38,387.97,385.02,386.0,405974.0,386.458,2489.0
2025-10-06 17:00:00+00:00,385.95,386.19,382.89,383.56,434919.0,384.745,2624.0
2025-10-06 18:00:00+00:00,383.58,384.91,380.5,384.71,505499.0,382.585,2721.0
2025-10-06 19:00:00+00:00,384.7,387.54,383.12,386.06,921272.0,385.402,6246.0
2025-10-07 13:30:00+00:00,386.84,388.0,378.26,383.13,723187.0,382.04,3604.0
2025-10-07 14:00:00+00:00,382.95,383.6,375.16,376.78,745208.0,379.527,4328.0
2025-10-07 15:00:00+00:00,376.79,378.51,363.01,367.78,1326442.0,369.765,6738.0
2025-10-07 16:00:00+00:00,367.85,373.81,367.63,372.1,554182.0,370.714,3219.0
2025-10-07 17:00:00+00:00,371.98,375.43,371.18,373.59,385909.0,373.514,1900.0
2025-10-07 18:00:00+00:00,373.63,377.8,371.3,377.52,457116.0,374.475,2331.0
2025-10-07 19:00:00+00:00,377.49,377.8,375.0,375.67,683976.0,376.451,4370.0
2025-10-08 13:30:00+00:00,378.62,381.49,375.63,380.7,624370.0,378.841,3030.0
2025-10-08 14:00:00+00:00,380.77,386.28,380.02,382.0,977239.0,383.006,5209.0
2025-10-08 15:00:00+00:00,381.78,384.39,381.5,382.18,448112.0,382.772,2429.0
2025-10-08 16:00:00+00:00,382.35,384.55,381.8,383.67,276901.0,383.137,1538.0
2025-10-08 17:00:00+00:00,383.55,389.65,383.19,388.37,603809.0,387.44,3376.0
2025-10-08 18:00:00+00:00,388.37,389.41,386.38,387.46,287662.0,387.915,1824.0
2025-10-08 19:00:00+00:00,387.2,390.49,386.54,387.21,717596.0,388.653,4597.0
2025-10-09 13:30:00+00:00,384.33,391.25,381.8,390.74,801791.0,386.708,4362.0
2025-10-09 14:00:00+00:00,390.67,392.16,384.57,387.02,983670.0,388.781,5640.0
2025-10-09 15:00:00+00:00,387.2,390.49,386.54,390.04,411525.0,388.486,2449.0
2025-10-09 16:00:00+00:00,390.24,392.03,384.74,385.15,515322.0,389.66,2874.0
2025-10-09 17:00:00+00:00,385.05,386.88,382.67,386.77,451857.0,384.539,2614.0
2025-10-09 18:00:00+00:00,386.85,387.58,385.18,386.12,247547.0,386.635,1286.0
2025-10-09 19:00:00+00:00,386.32,388.35,384.15,387.04,491530.0,386.479,3249.0
2025-10-10 13:30:00+00:00,387.66,401.77,387.66,401.66,1587738.0,396.682,7466.0
2025-10-10 14:00:00+00:00,401.57,402.16,375.88,378.38,1745522.0,390.22,8916.0
2025-10-10 15:00:00+00:00,378.38,380.76,358.81,369.75,2447243.0,370.015,13598.0
2025-10-10 16:00:00+00:00,369.32,369.76,360.49,360.72,752185.0,366.221,4306.0
2025-10-10 17:00:00+00:00,360.56,364.23,357.75,359.6,835267.0,360.558,4948.0
2025-10-10 18:00:00+00:00,359.77,362.0,357.56,358.12,681668.0,359.371,3894.0
2025-10-10 19:00:00+00:00,358.18,360.14,351.63,357.03,1559882.0,356.299,9380.0
2025-10-13 13:30:00+00:00,364.52,364.9,353.37,361.12,1112309.0,359.191,5509.0
2025-10-13 14:00:00+00:00,360.76,361.28,341.84,346.34,1397531.0,352.312,7377.0
2025-10-13 15:00:00+00:00,346.0,352.34,345.83,351.98,829449.0,349.6,4072.0
2025-10-13 16:00:00+00:00,351.96,353.47,349.75,352.25,458112.0,351.729,2307.0
2025-10-13 17:00:00+00:00,352.33,354.0,349.23,353.94,402635.0,350.844,2141.0
2025-10-13 18:00:00+00:00,353.99,358.46,353.74,355.89,658361.0,356.228,3725.0
2025-10-13 19:00:00+00:00,355.9,358.5,354.42,356.88,806853.0,357.36,4913.0
2025-10-14 13:30:00+00:00,340.6,345.39,334.77,345.13,1324280.0,340.37,6550.0
2025-10-14 14:00:00+00:00,345.01,350.89,343.8,345.59,983754.0,347.46,5617.0
2025-10-14 15:00:00+00:00,345.75,348.85,343.34,348.39,584144.0,345.784,3444.0
2025-10-14 16:00:00+00:00,348.39,350.38,345.69,348.77,436613.0,348.35,2559.0
2025-10-14 17:00:00+00:00,348.55,353.5,347.11,351.36,454446.0,351.343,2596.0
2025-10-14 18:00:00+00:00,351.56,353.1,350.4,350.65,359126.0,351.758,2045.0
2025-10-14 19:00:00+00:00,350.8,352.21,341.04,341.4,1000229.0,344.903,6272.0
2025-10-15 13:30:00+00:00,345.77,345.99,338.5,343.32,837469.0,341.991,3941.0
2025-10-15 14:00:00+00:00,343.23,347.83,342.81,344.28,706721.0,345.252,3847.0
2025-10-15 15:00:00+00:00,344.36,345.8,338.5,341.95,779291.0,341.583,3997.0
2025-10-15 16:00:00+00:00,342.14,342.85,339.04,340.09,357194.0,340.893,1861.0
2025-10-15 17:00:00+00:00,340.21,340.21,333.1,338.67,952024.0,336.394,5090.0
2025-10-15 18:00:00+00:00,338.57,338.96,336.74,338.51,262300.0,337.747,1617.0
2025-10-15 19:00:00+00:00,338.52,338.53,335.47,336.22,722266.0,336.883,4697.0
2025-10-16 13:30:00+00:00,338.49,340.88,336.3,339.27,559238.0,338.758,2655.0
2025-10-16 14:00:00+00:00,339.25,342.7,336.11,338.69,612990.0,339.61,3110.0
2025-10-16 15:00:00+00:00,338.69,340.72,334.76,335.61,597743.0,338.008,3088.0
2025-10-16 16:00:00+00:00,335.25,336.17,328.71,334.74,707761.0,332.296,3881.0
2025-10-16 17:00:00+00:00,334.65,336.82,332.49,336.73,265262.0,335.044,1613.0
2025-10-16 18:00:00+00:00,336.88,337.14,331.8,336.65,508725.0,334.728,3231.0
2025-10-16 19:00:00+00:00,336.86,337.7,330.03,330.16,781368.0,333.271,4951.0
2025-10-17 13:30:00+00:00,319.5,328.7,317.77,326.98,954647.0,323.413,4636.0
2025-10-17 14:00:00+00:00,326.71,331.62,323.01,324.54,826922.0,327.042,4288.0
2025-10-17 15:00:00+00:00,324.53,327.94,322.57,327.8,476718.0,324.811,2471.0
2025-10-17 16:00:00+00:00,328.0,332.43,327.81,329.97,505501.0,330.546,2837.0
2025-10-17 17:00:00+00:00,329.7,331.34,328.24,330.31,222892.0,329.741,1362.0
2025-10-17 18:00:00+00:00,330.55,334.1,330.28,333.6,364640.0,332.309,2187.0
2025-10-17 19:00:00+00:00,333.95,336.3,332.88,336.08,776376.0,335.134,5095.0
2025-10-20 13:30:00+00:00,342.46,348.62,338.75,348.62,1013873.0,344.155,4610.0
2025-10-20 14:00:00+00:00,348.58,351.45,345.8,350.34,670479.0,348.893,3665.0
2025-10-20 15:00:00+00:00,350.66,354.06,350.2,350.7,604066.0,352.378,3514.0
2025-10-20 16:00:00+00:00,350.53,350.77,347.58,350.1,338647.0,349.025,1951.0
2025-10-20 17:00:00+00:00,350.06,351.81,346.55,346.73,418246.0,349.245,2071.0
2025-10-20 18:00:00+00:00,346.58,349.55,345.23,349.2,414397.0,347.538,2132.0
2025-10-20 19:00:00+00:00,349.22,349.49,343.62,343.79,562661.0,346.115,3589.0
2025-10-21 13:30:00+00:00,342.28,344.44,336.43,337.61,571186.0,339.632,2701.0
2025-10-21 14:00:00+00:00,337.81,342.6,335.5,341.99,702053.0,339.045,3764.0
2025-10-21 15:00:00+00:00,341.99,344.2,341.18,343.16,490254.0,342.711,2686.0
2025-10-21 16:00:00+00:00,343.05,344.79,340.59,341.12,342125.0,343.017,1874.0
2025-10-21 17:00:00+00:00,341.1,342.37,339.55,340.44,263293.0,340.926,1454.0
2025-10-21 18:00:00+00:00,340.35,340.69,337.4,338.28,343786.0,338.59,1729.0
2025-10-21 19:00:00+00:00,338.18,339.72,337.4,338.71,459271.0,338.676,2910.0
2025-10-22 13:30:00+00:00,333.88,334.72,325.01,327.68,1001051.0,328.044,5643.0
2025-10-22 14:00:00+00:00,327.72,328.95,313.39,318.75,1908847.0,319.288,9666.0
2025-10-22 15:00:00+00:00,318.76,320.13,313.6,314.95,1005899.0,316.503,5637.0
2025-10-22 16:00:00+00:00,314.7,316.21,311.81,315.1,827619.0,314.483,4304.0
2025-10-22 17:00:00+00:00,314.81,316.01,310.48,311.86,590627.0,313.063,2980.0
2025-10-22 18:00:00+00:00,311.83,314.8,311.5,314.66,573983.0,313.151,2915.0
2025-10-22 19:00:00+00:00,314.66,321.5,313.68,320.44,1223435.0,318.631,7159.0
2025-10-23 13:30:00+00:00,323.0,323.06,318.5,322.79,497646.0,321.211,2537.0
2025-10-23 14:00:00+00:00,323.0,323.43,319.0,321.37,449250.0,320.871,2547.0
2025-10-23 15:00:00+00:00,321.36,322.43,318.56,321.97,553690.0,320.734,2922.0
2025-10-23 16:00:00+00:00,321.98,325.03,320.71,324.72,346099.0,322.869,1769.0
2025-10-23 17:00:00+00:00,324.72,328.03,322.5,327.75,448581.0,325.961,2014.0
2025-10-23 18:00:00+00:00,327.74,328.39,326.33,327.45,364219.0,327.483,1394.0
2025-10-23 19:00:00+00:00,327.58,327.61,322.58,322.71,465802.0,324.481,2916.0
2025-10-24 13:30:00+00:00,335.0,345.49,333.0,345.39,1762334.0,339.943,9321.0
2025-10-24 14:00:00+00:00,345.48,350.41,343.3,345.17,1574861.0,346.569,8824.0
2025-10-24 15:00:00+00:00,345.21,349.61,344.64,344.77,747425.0,347.121,4180.0
2025-10-24 16:00:00+00:00,344.79,349.0,343.69,348.04,451813.0,345.835,2694.0
2025-10-24 17:00:00+00:00,348.12,352.09,347.77,350.98,753130.0,350.201,4066.0
2025-10-24 18:00:00+00:00,350.97,353.13,349.0,352.73,577760.0,350.879,3375.0
2025-10-24 19:00:00+00:00,352.84,356.88,352.8,354.5,1730870.0,354.614,10405.0
2025-10-27 13:30:00+00:00,363.2,363.5,357.3,360.63,1071189.0,360.265,4977.0
2025-10-27 14:00:00+00:00,360.7,362.37,357.3,360.22,716630.0,359.794,3882.0
2025-10-27 15:00:00+00:00,360.14,365.61,359.13,364.93,581351.0,362.764,2946.0
2025-10-27 16:00:00+00:00,364.84,370.23,364.84,368.55,1075427.0,367.793,5768.0
2025-10-27 17:00:00+00:00,368.6,370.72,367.52,370.59,476242.0,369.128,2443.0
2025-10-27 18:00:00+00:00,370.59,373.25,368.54,368.9,643792.0,371.227,3376.0
2025-10-27 19:00:00+00:00,368.83,368.88,361.0,361.49,983506.0,364.722,5930.0
2025-10-28 13:30:00+00:00,363.38,368.13,362.86,364.61,803641.0,365.161,4245.0
2025-10-28 14:00:00+00:00,364.59,365.5,359.7,361.38,630406.0,362.918,3550.0
2025-10-28 15:00:00+00:00,361.3,363.35,359.18,360.09,370872.0,360.923,2053.0
2025-10-28 16:00:00+00:00,359.89,361.6,358.78,359.58,354463.0,360.044,1969.0
2025-10-28 17:00:00+00:00,359.63,360.18,356.99,357.83,334010.0,358.363,1889.0
2025-10-28 18:00:00+00:00,357.75,359.2,355.47,355.92,299459.0,357.177,1569.0
2025-10-28 19:00:00+00:00,355.79,357.65,354.07,355.2,721909.0,355.965,5053.0
2025-10-29 13:30:00+00:00,357.75,360.0,348.35,351.63,691155.0,353.166,3426.0
2025-10-29 14:00:00+00:00,351.63,351.63,347.04,349.22,565299.0,348.671,3165.0
2025-10-29 15:00:00+00:00,349.44,352.71,347.21,348.13,658929.0,350.008,3280.0
2025-10-29 16:00:00+00:00,348.01,354.18,346.28,353.65,566049.0,350.273,2874.0
2025-10-29 17:00:00+00:00,353.59,353.98,349.93,352.49,247127.0,352.172,1368.0
2025-10-29 18:00:00+00:00,352.4,354.34,345.21,352.37,788437.0,350.281,4350.0
2025-10-29 19:00:00+00:00,352.78,355.44,348.07,348.56,877579.0,351.068,5392.0
2025-10-30 13:30:00+00:00,343.47,344.22,334.84,337.4,795556.0,338.483,4341.0
2025-10-30 14:00:00+00:00,337.64,339.99,334.07,338.69,652479.0,337.214,3861.0
2025-10-30 15:00:00+00:00,338.85,340.1,335.52,336.22,365593.0,338.091,2350.0
2025-10-30 16:00:00+00:00,336.22,340.1,336.22,340.01,284987.0,338.634,1645.0
2025-10-30 17:00:00+00:00,340.0,340.05,336.07,338.22,355937.0,337.895,2351.0
2025-10-30 18:00:00+00:00,338.04,338.58,333.54,333.68,488950.0,335.446,2784.0
2025-10-30 19:00:00+00:00,333.58,334.19,328.21,329.13,1330072.0,331.19,8873.0
2025-10-31 13:30:00+00:00,336.38,349.15,334.43,348.22,1329755.0,343.277,6563.0
2025-10-31 14:00:00+00:00,348.46,361.18,347.99,358.66,1733883.0,354.357,8972.0
2025-10-31 15:00:00+00:00,358.8,361.4,356.37,358.05,1008177.0,358.792,5757.0
2025-10-31 16:00:00+00:00,357.88,357.95,350.8,351.4,938281.0,354.902,4883.0
2025-10-31 17:00:00+00:00,351.42,351.75,345.81,349.73,830008.0,349.351,4736.0
2025-10-31 18:00:00+00:00,349.72,352.34,348.75,351.2,448211.0,350.878,2355.0
2025-10-31 19:00:00+00:00,351.24,351.52,342.8,343.57,1336742.0,346.95,8401.0
2025-11-03 14:30:00+00:00,340.87,342.8,331.6,338.8,1584389.0,336.79,12767.0
2025-11-03 15:00:00+00:00,338.8,339.25,325.88,329.79,1552348.0,331.371,14078.0
2025-11-03 16:00:00+00:00,329.92,330.62,326.8,329.29,773930.0,328.732,7723.0
2025-11-03 17:00:00+00:00,329.29,332.22,328.25,331.31,508085.0,330.816,4816.0
2025-11-03 18:00:00+00:00,331.25,332.11,328.3,329.36,528399.0,330.216,5735.0
2025-11-03 19:00:00+00:00,329.3,333.57,328.5,333.55,514810.0,331.021,5757.0
2025-11-03 20:00:00+00:00,333.54,333.99,330.0,330.39,971696.0,331.159,11600.0
2025-11-04 14:30:00+00:00,318.6,324.47,314.15,323.03,1655613.0,318.796,14808.0
2025-11-04 15:00:00+00:00,323.13,325.45,316.63,317.55,1171963.0,320.953,11116.0
2025-11-04 16:00:00+00:00,317.52,319.17,311.4,312.81,1147395.0,314.626,10294.0
2025-11-04 17:00:00+00:00,312.72,313.31,309.6,311.14,936450.0,311.312,8662.0
2025-11-04 18:00:00+00:00,311.11,311.34,307.56,310.33,999537.0,309.54,9359.0
2025-11-04 19:00:00+00:00,310.3,310.97,306.85,308.13,877482.0,308.722,10411.0
2025-11-04 20:00:00+00:00,308.29,309.49,307.0,307.39,1554567.0,308.027,18264.0
2025-11-05 14:30:00+00:00,315.88,316.0,310.84,315.08,1114273.0,313.728,10308.0
2025-11-05 15:00:00+00:00,314.89,318.84,312.26,317.75,999762.0,314.963,8953.0
2025-11-05 16:00:00+00:00,317.59,318.04,312.39,317.06,860882.0,315.287,7230.0
2025-11-05 17:00:00+00:00,317.11,317.44,313.72,317.19,425935.0,316.018,3635.0
2025-11-05 18:00:00+00:00,317.15,320.21,316.26,317.72,591361.0,318.257,4787.0
2025-11-05 19:00:00+00:00,317.71,320.22,317.48,319.71,479202.0,319.105,4223.0
2025-11-05 20:00:00+00:00,319.75,324.14,318.84,319.21,1092348.0,321.31,12462.0
2025-11-06 14:30:00+00:00,316.54,316.6,306.5,307.0,1482315.0,310.233,13959.0
2025-11-06 15:00:00+00:00,306.9,308.11,299.58,301.14,1790345.0,303.352,16590.0
2025-11-06 16:00:00+00:00,301.29,304.23,295.96,297.67,1262358.0,299.459,12928.0
2025-11-06 17:00:00+00:00,297.64,303.06,296.23,301.85,861781.0,299.144,8872.0
2025-11-06 18:00:00+00:00,301.93,302.23,298.05,299.85,561336.0,300.243,5949.0
2025-11-06 19:00:00+00:00,299.84,302.28,297.6,298.88,724857.0,300.064,8013.0
2025-11-06 20:00:00+00:00,298.89,299.49,294.72,295.31,1800843.0,296.282,21318.0
2025-11-07 14:30:00+00:00,290.2,292.02,283.65,292.0,1488162.0,288.058,12482.0
2025-11-07 15:00:00+00:00,291.98,294.2,287.35,288.2,1170258.0,290.723,12058.0
2025-11-07 16:00:00+00:00,288.13,293.26,287.15,292.21,951568.0,290.608,8964.0
2025-11-07 17:00:00+00:00,292.08,301.19,291.65,300.5,1436826.0,297.462,14383.0
2025-11-07 18:00:00+00:00,300.58,306.18,300.48,305.19,1046711.0,303.656,10560.0
2025-11-07 19:00:00+00:00,305.16,309.88,302.8,309.73,809303.0,306.54,8596.0
2025-11-07 20:00:00+00:00,309.67,310.93,307.1,309.22,1411888.0,309.127,14976.0
2025-11-10 14:30:00+00:00,322.99,324.8,314.58,315.21,1579586.0,320.302,14168.0
2025-11-10 15:00:00+00:00,315.23,320.46,311.66,313.9,1198297.0,316.049,11087.0
2025-11-10 16:00:00+00:00,313.75,316.79,313.19,316.47,559152.0,315.022,5305.0
2025-11-10 17:00:00+00:00,316.32,322.0,315.57,321.13,777155.0,319.136,6499.0
2025-11-10 18:00:00+00:00,321.29,321.64,317.9,318.02,448725.0,319.89,4061.0
2025-11-10 19:00:00+00:00,318.05,322.61,317.4,320.22,559733.0,320.638,4731.0
2025-11-10 20:00:00+00:00,320.22,322.17,317.66,317.87,880832.0,320.064,9686.0
2025-11-11 14:30:00+00:00,312.17,317.09,309.34,316.64,925542.0,312.737,8165.0
2025-11-11 15:00:00+00:00,316.59,316.82,310.59,311.17,748199.0,313.019,7632.0
2025-11-11 16:00:00+00:00,311.4,313.82,310.16,310.8,550916.0,311.944,5359.0
2025-11-11 17:00:00+00:00,310.86,312.65,310.64,311.88,373530.0,311.597,3698.0
2025-11-11 18:00:00+00:00,311.96,312.83,310.57,311.81,315655.0,311.554,3226.0
2025-11-11 19:00:00+00:00,311.81,312.04,306.97,307.18,638827.0,309.231,6424.0
2025-11-11 20:00:00+00:00,307.28,307.48,303.59,303.96,1232700.0,305.157,14424.0
2025-11-12 14:30:00+00:00,309.23,310.9,306.81,309.88,982790.0,309.113,8764.0
2025-11-12 15:00:00+00:00,309.86,311.5,302.17,303.87,1179971.0,306.45,10490.0
2025-11-12 16:00:00+00:00,303.79,305.47,301.46,302.69,736005.0,303.279,7431.0
2025-11-12 17:00:00+00:00,302.81,306.81,302.02,305.54,466610.0,304.447,4213.0
2025-11-12 18:00:00+00:00,305.67,305.91,303.43,304.25,260015.0,304.691,2965.0
2025-11-12 19:00:00+00:00,304.34,304.36,301.85,303.43,345317.0,302.745,3491.0
2025-11-12 20:00:00+00:00,303.34,306.31,302.11,303.97,663799.0,304.487,7382.0
2025-11-13 14:30:00+00:00,301.59,302.55,295.52,300.06,919277.0,299.402,8594.0
2025-11-13 15:00:00+00:00,300.01,303.96,292.03,293.94,1230902.0,297.264,12472.0
2025-11-13 16:00:00+00:00,293.94,295.28,289.12,291.02,924564.0,291.35,8785.0
2025-11-13 17:00:00+00:00,290.7,292.08,286.68,286.79,765233.0,289.43,7975.0
2025-11-13 18:00:00+00:00,286.91,287.47,282.56,284.43,951191.0,284.619,9595.0
2025-11-13 19:00:00+00:00,284.47,285.95,281.35,283.37,853050.0,283.477,9248.0
2025-11-13 20:00:00+00:00,283.41,285.06,279.91,283.16,1599972.0,282.572,19529.0
2025-11-14 14:30:00+00:00,269.6,282.58,268.16,282.44,2028509.0,274.793,17342.0
2025-11-14 15:00:00+00:00,282.36,288.23,277.69,286.5,1660631.0,282.686,15931.0
2025-11-14 16:00:00+00:00,286.6,291.63,283.33,290.99,1193479.0,288.4,12625.0
2025-11-14 17:00:00+00:00,290.94,292.76,287.19,289.17,930050.0,290.304,9293.0
2025-11-14 18:00:00+00:00,289.18,291.19,285.67,286.3,775893.0,287.861,7769.0
2025-11-14 19:00:00+00:00,286.36,288.25,285.2,287.66,562548.0,286.75,5264.0
2025-11-14 20:00:00+00:00,287.73,288.6,282.47,284.13,1027828.0,284.601,11115.0
2025-11-17 14:30:00+00:00,274.92,277.83,269.0,275.07,2283801.0,273.521,19869.0
2025-11-17 15:00:00+00:00,275.16,275.81,266.33,269.21,2107341.0,269.512,19465.0
2025-11-17 16:00:00+00:00,269.22,269.64,264.5,269.33,1343049.0,267.02,12784.0
2025-11-17 17:00:00+00:00,269.36,269.36,263.63,263.76,884766.0,266.57,8391.0
2025-11-17 18:00:00+00:00,263.76,264.02,260.4,260.97,1218651.0,262.298,11024.0
2025-11-17 19:00:00+00:00,260.9,261.81,258.22,260.0,1471919.0,259.82,13996.0
2025-11-17 20:00:00+00:00,259.96,264.29,259.24,264.02,1890545.0,262.006,20973.0
2025-11-18 14:30:00+00:00,261.55,271.0,261.0,264.3,1864719.0,266.846,15455.0
2025-11-18 15:00:00+00:00,264.21,267.77,261.47,264.67,1559638.0,264.736,13948.0
2025-11-18 16:00:00+00:00,264.56,270.58,263.5,268.13,1371015.0,268.118,11834.0
2025-11-18 17:00:00+00:00,268.13,268.95,263.8,268.39,863779.0,266.68,7414.0
2025-11-18 18:00:00+00:00,268.49,269.04,265.05,265.45,611026.0,267.068,5267.0
2025-11-18 19:00:00+00:00,265.53,267.9,265.28,266.83,489013.0,266.352,4739.0
2025-11-18 20:00:00+00:00,266.69,267.46,261.66,261.67,1119963.0,264.068,11809.0
2025-11-19 14:30:00+00:00,261.87,262.3,258.3,261.38,853426.0,260.408,7126.0
2025-11-19 15:00:00+00:00,261.68,262.82,252.14,252.88,1901573.0,257.29,17881.0
2025-11-19 16:00:00+00:00,252.87,254.4,249.1,250.99,1582789.0,251.355,14721.0
2025-11-19 17:00:00+00:00,250.86,251.56,247.02,250.18,1221950.0,249.631,12537.0
2025-11-19 18:00:00+00:00,250.07,251.5,249.0,251.0,875880.0,250.289,9268.0
2025-11-19 19:00:00+00:00,251.02,253.15,248.1,252.72,1104664.0,250.529,11394.0
2025-11-19 20:00:00+00:00,252.68,257.9,251.5,257.37,1814729.0,255.698,20315.0
2025-11-20 14:30:00+00:00,259.98,263.63,254.72,256.35,1306718.0,258.923,11137.0
2025-11-20 15:00:00+00:00,256.16,258.82,253.81,254.53,1273117.0,256.07,11110.0
2025-11-20 16:00:00+00:00,254.5,255.64,241.87,242.98,1901232.0,248.214,18780.0
2025-11-20 17:00:00+00:00,242.76,245.27,236.0,239.73,2296122.0,239.719,21823.0
2025-11-20 18:00:00+00:00,239.64,243.77,238.02,239.41,1560080.0,240.991,14631.0
2025-11-20 19:00:00+00:00,239.41,243.12,238.02,243.0,1101104.0,240.467,11078.0
2025-11-20 20:00:00+00:00,243.0,243.21,237.4,238.29,1828560.0,240.165,20833.0
2025-11-21 14:30:00+00:00,243.92,246.13,239.47,240.81,1775399.0,242.612,16942.0
2025-11-21 15:00:00+00:00,240.9,243.8,232.33,232.82,1790757.0,237.31,20075.0
2025-11-21 16:00:00+00:00,232.76,243.07,231.17,242.96,1278809.0,237.035,12256.0
2025-11-21 17:00:00+00:00,242.96,243.51,240.54,241.55,799299.0,241.914,7843.0
2025-11-21 18:00:00+00:00,241.67,243.75,236.29,241.31,791820.0,239.757,7979.0
2025-11-21 19:00:00+00:00,241.31,245.08,240.76,242.5,648716.0,243.225,6483.0
2025-11-21 20:00:00+00:00,242.59,243.54,239.51,240.36,1389161.0,241.075,16973.0
2025-11-24 14:30:00+00:00,245.01,251.5,243.01,251.4,1344545.0,247.037,13160.0
2025-11-24 15:00:00+00:00,251.51,253.79,248.5,250.5,1424095.0,251.483,13623.0
2025-11-24 16:00:00+00:00,250.54,252.75,250.33,250.88,778692.0,251.643,7804.0
2025-11-24 17:00:00+00:00,250.9,255.13,250.9,254.9,654730.0,253.28,6112.0
2025-11-24 18:00:00+00:00,254.9,256.5,253.72,256.41,636759.0,254.839,6150.0
2025-11-24 19:00:00+00:00,256.35,257.0,254.8,255.15,636253.0,255.858,6583.0
2025-11-24 20:00:00+00:00,255.21,257.95,255.12,255.9,1124468.0,256.651,13680.0
2025-11-25 14:30:00+00:00,248.01,249.97,242.07,246.04,1061529.0,245.995,9918.0
2025-11-25 15:00:00+00:00,245.89,246.02,240.74,244.31,1183016.0,242.925,13661.0
2025-11-25 16:00:00+00:00,244.25,245.38,242.35,244.86,705599.0,243.932,7776.0
2025-11-25 17:00:00+00:00,244.87,249.08,244.85,245.75,667165.0,247.008,7296.0
2025-11-25 18:00:00+00:00,245.88,248.21,245.8,247.19,406262.0,247.098,4467.0
2025-11-25 19:00:00+00:00,247.18,249.26,246.44,249.19,592499.0,247.419,7339.0
2025-11-25 20:00:00+00:00,249.22,254.37,248.5,254.12,1316561.0,252.158,15417.0
2025-11-26 14:30:00+00:00,256.2,259.84,253.84,254.3,1129585.0,256.803,10870.0
2025-11-26 15:00:00+00:00,254.25,259.48,253.96,259.18,835354.0,257.199,7815.0
2025-11-26 16:00:00+00:00,259.23,260.38,256.31,257.55,772030.0,258.45,8091.0
2025-11-26 17:00:00+00:00,257.65,264.35,256.6,263.15,898784.0,261.047,8660.0
2025-11-26 18:00:00+00:00,263.2,265.73,262.76,264.88,1006575.0,264.397,9318.0
2025-11-26 19:00:00+00:00,264.93,266.63,264.29,264.68,735087.0,265.346,7985.0
2025-11-26 20:00:00+00:00,264.6,265.29,263.05,264.97,1349949.0,264.259,16248.0
2025-11-28 14:30:00+00:00,274.0,276.31,270.2,275.34,1777458.0,273.691,15463.0
2025-11-28 15:00:00+00:00,275.41,279.87,274.1,275.81,1802009.0,277.053,16603.0
2025-11-28 16:00:00+00:00,275.63,276.38,272.0,273.48,1207434.0,273.874,10748.0
2025-11-28 17:00:00+00:00,273.4,274.07,269.29,272.9,1697740.0,272.183,19213.0
2025-12-01 14:30:00+00:00,260.53,265.9,258.09,264.45,1776540.0,262.398,15108.0
2025-12-01 15:00:00+00:00,264.54,264.95,252.2,258.24,2346709.0,257.661,20659.0
2025-12-01 16:00:00+00:00,258.34,258.59,254.29,255.8,1144260.0,256.677,9970.0
2025-12-01 17:00:00+00:00,255.85,258.31,255.03,257.2,756436.0,256.701,6579.0
2025-12-01 18:00:00+00:00,257.26,259.82,257.2,259.37,722473.0,258.601,6253.0
2025-12-01 19:00:00+00:00,259.42,261.32,257.6,258.87,856169.0,259.152,7888.0
2025-12-01 20:00:00+00:00,258.79,260.76,258.75,259.97,1148549.0,259.805,12436.0
2025-12-02 14:30:00+00:00,267.68,269.96,264.65,269.71,1197494.0,266.875,9589.0
2025-12-02 15:00:00+00:00,269.64,272.55,268.01,269.0,1302827.0,270.15,10654.0
2025-12-02 16:00:00+00:00,269.0,270.0,265.13,268.64,1001064.0,267.612,8469.0
2025-12-02 17:00:00+00:00,268.58,272.06,268.13,268.16,615282.0,270.449,5225.0
2025-12-02 18:00:00+00:00,268.15,269.68,267.16,268.18,492291.0,268.263,4443.0
2025-12-02 19:00:00+00:00,268.18,270.5,267.82,270.1,454844.0,269.804,4280.0
2025-12-02 20:00:00+00:00,270.13,270.29,263.21,263.21,1152793.0,265.649,11857.0
2025-12-03 14:30:00+00:00,267.81,273.9,264.13,271.82,1490077.0,270.359,11670.0
2025-12-03 15:00:00+00:00,271.82,275.87,270.15,272.9,1352266.0,273.051,11859.0
2025-12-03 16:00:00+00:00,273.0,275.95,272.08,273.0,707808.0,274.215,6470.0
2025-12-03 17:00:00+00:00,273.01,276.15,272.67,275.68,564597.0,274.34,5178.0
2025-12-03 18:00:00+00:00,275.68,276.79,273.4,273.92,534419.0,275.307,5143.0
2025-12-03 19:00:00+00:00,273.95,276.45,273.65,276.19,409035.0,275.148,4208.0
2025-12-03 20:00:00+00:00,276.19,277.6,275.46,276.92,1040965.0,276.892,11339.0
2025-12-04 14:30:00+00:00,272.95,278.89,271.26,272.41,967557.0,275.158,8842.0
2025-12-04 15:00:00+00:00,272.32,284.24,272.31,278.9,920708.0,276.893,8231.0
2025-12-04 16:00:00+00:00,278.96,279.96,276.59,279.12,551594.0,278.519,5688.0
2025-12-04 17:00:00+00:00,279.13,279.33,275.02,276.42,513352.0,276.865,4686.0
2025-12-04 18:00:00+00:00,276.32,276.5,274.45,275.46,426847.0,275.461,3575.0
2025-12-04 19:00:00+00:00,275.5,275.75,271.3,274.22,636572.0,273.488,5075.0
2025-12-04 20:00:00+00:00,274.28,275.65,273.57,274.05,642408.0,274.443,7094.0
2025-12-05 14:30:00+00:00,270.43,270.63,265.01,266.61,1019931.0,267.388,9069.0
2025-12-05 15:00:00+00:00,266.67,273.57,266.36,271.3,958872.0,271.154,8617.0
2025-12-05 16:00:00+00:00,271.25,271.65,266.66,270.13,840543.0,268.528,7913.0
2025-12-05 17:00:00+00:00,270.12,272.27,269.11,271.61,509506.0,270.498,5132.0
2025-12-05 18:00:00+00:00,271.49,273.29,270.75,270.89,456747.0,272.023,4487.0
2025-12-05 19:00:00+00:00,270.9,271.31,269.15,271.07,443111.0,269.98,4569.0
2025-12-05 20:00:00+00:00,271.09,271.8,269.36,269.81,821334.0,270.45,9803.0
2025-12-08 14:30:00+00:00,272.81,276.5,270.9,272.68,994487.0,273.943,8210.0
2025-12-08 15:00:00+00:00,272.4,274.47,269.52,272.42,813734.0,272.137,7281.0
2025-12-08 16:00:00+00:00,272.38,275.94,271.2,273.28,631148.0,273.937,6162.0
2025-12-08 17:00:00+00:00,273.16,275.99,272.41,275.8,305744.0,274.006,3226.0
2025-12-08 18:00:00+00:00,275.81,276.63,272.11,272.97,456305.0,274.89,4124.0
2025-12-08 19:00:00+00:00,272.87,275.52,272.09,274.16,333979.0,273.956,3755.0
2025-12-08 20:00:00+00:00,274.33,275.6,273.63,274.16,652157.0,274.424,8612.0
2025-12-09 14:30:00+00:00,270.82,276.36,266.83,275.55,984398.0,271.979,8121.0
2025-12-09 15:00:00+00:00,275.57,282.5,275.21,282.13,1274283.0,278.727,10477.0
2025-12-09 16:00:00+00:00,282.21,284.74,281.53,282.65,1062562.0,283.024,9438.0
2025-12-09 17:00:00+00:00,282.68,283.67,278.43,279.8,704647.0,280.931,5817.0
2025-12-09 18:00:00+00:00,279.77,280.88,277.6,278.09,494129.0,279.393,4798.0
2025-12-09 19:00:00+00:00,278.09,281.02,276.39,280.44,594189.0,278.631,5799.0
2025-12-09 20:00:00+00:00,280.5,280.59,276.77,277.37,656864.0,278.175,6802.0
2025-12-10 14:30:00+00:00,273.2,275.22,272.11,274.22,727579.0,273.628,6331.0
2025-12-10 15:00:00+00:00,274.24,276.88,271.26,272.77,733723.0,273.783,5902.0
2025-12-10 16:00:00+00:00,272.76,274.86,271.76,272.88,502188.0,273.39,4279.0
2025-12-10 17:00:00+00:00,272.8,273.5,271.55,273.06,345867.0,272.416,3261.0
2025-12-10 18:00:00+00:00,273.04,274.58,271.4,272.23,399756.0,273.066,3285.0
2025-12-10 19:00:00+00:00,272.1,276.5,270.76,274.49,1006279.0,273.771,8643.0
2025-12-10 20:00:00+00:00,274.49,279.45,271.5,274.96,1298053.0,276.654,12326.0
2025-12-11 14:30:00+00:00,267.29,269.77,258.72,264.33,1263816.0,266.525,10956.0
2025-12-11 15:00:00+00:00,264.33,270.59,263.24,264.94,992729.0,266.648,9604.0
2025-12-11 16:00:00+00:00,264.83,266.58,261.0,264.5,1002244.0,263.225,10067.0
2025-12-11 17:00:00+00:00,264.51,266.51,263.65,265.29,457268.0,265.06,4990.0
2025-12-11 18:00:00+00:00,265.29,267.86,264.6,266.69,406964.0,266.083,4106.0
2025-12-11 19:00:00+00:00,266.73,269.08,266.31,267.54,430316.0,267.761,4621.0
2025-12-11 20:00:00+00:00,267.55,271.16,267.15,269.13,854641.0,269.466,9829.0
2025-12-12 14:30:00+00:00,271.66,278.2,271.66,275.23,1345456.0,274.935,12303.0
2025-12-12 15:00:00+00:00,275.1,276.13,266.01,266.86,1198734.0,270.961,12080.0
2025-12-12 16:00:00+00:00,266.94,268.24,263.16,264.41,837702.0,265.166,9138.0
2025-12-12 17:00:00+00:00,264.41,268.9,264.19,268.5,624160.0,266.822,7223.0
2025-12-12 18:00:00+00:00,268.55,272.48,268.2,271.28,708529.0,271.039,7248.0
2025-12-12 19:00:00+00:00,271.53,271.57,269.78,270.68,444200.0,270.61,5565.0
2025-12-12 20:00:00+00:00,270.76,271.03,266.7,267.45,915933.0,268.477,11825.0
2025-12-15 14:30:00+00:00,267.54,268.6,253.1,253.71,1476739.0,260.397,13297.0
2025-12-15 15:00:00+00:00,253.75,256.86,251.02,255.5,1496790.0,254.169,14844.0
2025-12-15 16:00:00+00:00,255.63,258.27,253.6,254.33,901479.0,255.973,8397.0
2025-12-15 17:00:00+00:00,254.19,254.84,252.06,253.06,624522.0,253.462,5600.0
2025-12-15 18:00:00+00:00,253.12,254.08,251.3,253.9,535593.0,252.722,5198.0
2025-12-15 19:00:00+00:00,253.83,255.17,250.33,251.0,733382.0,252.44,7171.0
2025-12-15 20:00:00+00:00,250.95,251.06,246.8,250.42,1904228.0,249.212,19937.0
2025-12-16 14:30:00+00:00,253.56,256.89,251.25,255.69,949069.0,254.392,8084.0
2025-12-16 15:00:00+00:00,255.59,257.0,251.9,256.66,1038902.0,254.229,9299.0
2025-12-16 16:00:00+00:00,256.7,256.94,252.2,253.17,664362.0,254.276,5445.0
2025-12-16 17:00:00+00:00,253.32,254.1,251.34,251.46,420973.0,252.732,3478.0
2025-12-16 18:00:00+00:00,251.37,254.59,250.6,253.38,483969.0,252.385,4145.0
2025-12-16 19:00:00+00:00,253.35,253.37,250.32,251.84,487822.0,251.598,4744.0
2025-12-16 20:00:00+00:00,251.78,253.35,251.68,252.62,652457.0,252.529,7610.0
2025-12-17 14:30:00+00:00,254.64,259.55,251.8,258.18,933882.0,256.08,7753.0
2025-12-17 15:00:00+00:00,258.28,259.4,250.8,251.0,971516.0,256.004,8965.0
2025-12-17 16:00:00+00:00,251.05,253.35,249.74,251.88,744130.0,251.276,6505.0
2025-12-17 17:00:00+00:00,251.88,252.21,249.2,249.66,551093.0,250.856,5093.0
2025-12-17 18:00:00+00:00,249.61,251.11,246.39,246.87,691134.0,248.54,6264.0
2025-12-17 19:00:00+00:00,246.86,247.06,244.71,246.97,776222.0,245.887,6942.0
2025-12-17 20:00:00+00:00,246.98,247.35,243.7,244.24,1255925.0,244.91,14049.0
2025-12-18 14:30:00+00:00,253.15,255.41,245.3,249.85,1332191.0,250.015,11274.0
2025-12-18 15:00:00+00:00,249.86,252.21,247.95,250.12,1032132.0,249.927,9823.0
2025-12-18 16:00:00+00:00,250.11,250.75,247.52,248.13,783375.0,249.071,6573.0
2025-12-18 17:00:00+00:00,248.13,248.25,243.13,246.55,971592.0,245.547,8788.0
2025-12-18 18:00:00+00:00,246.52,246.94,244.87,245.1,420861.0,245.901,3639.0
2025-12-18 19:00:00+00:00,245.11,245.36,241.5,241.63,655806.0,243.558,5944.0
2025-12-18 20:00:00+00:00,241.72,243.7,239.1,239.2,1491262.0,241.269,13786.0
2025-12-19 14:30:00+00:00,244.68,246.67,241.18,242.77,1205504.0,243.645,7786.0
2025-12-19 15:00:00+00:00,242.76,243.78,240.85,241.84,1065575.0,242.229,9115.0
2025-12-19 16:00:00+00:00,241.83,245.76,241.31,243.37,967508.0,243.932,7835.0
2025-12-19 17:00:00+00:00,243.37,244.23,241.5,242.0,485104.0,242.918,4681.0
2025-12-19 18:00:00+00:00,241.99,243.36,241.46,242.75,351553.0,242.28,3262.0
2025-12-19 19:00:00+00:00,242.8,245.15,242.78,244.58,432103.0,243.93,4229.0
2025-12-19 20:00:00+00:00,244.65,247.0,242.82,245.12,1258243.0,244.747,12487.0
2025-12-22 14:30:00+00:00,251.68,252.73,247.52,251.34,1132491.0,250.533,9110.0
2025-12-22 15:00:00+00:00,251.31,254.87,250.88,252.86,943557.0,252.809,8232.0
2025-12-22 16:00:00+00:00,252.9,253.65,250.93,252.02,562967.0,252.393,4760.0
2025-12-22 17:00:00+00:00,251.99,252.07,250.31,251.38,322535.0,251.183,3223.0
2025-12-22 18:00:00+00:00,251.39,251.47,249.26,249.5,307347.0,250.106,2603.0
2025-12-22 19:00:00+00:00,249.57,250.3,248.13,248.95,299855.0,249.205,2816.0
2025-12-22 20:00:00+00:00,249.08,249.67,247.43,247.99,607175.0,248.325,6276.0
2025-12-23 14:30:00+00:00,243.25,245.2,240.36,240.76,851762.0,242.762,6887.0
2025-12-23 15:00:00+00:00,240.73,241.09,238.88,240.06,987743.0,240.03,8829.0
2025-12-23 16:00:00+00:00,240.0,241.07,239.33,240.09,709710.0,240.094,5578.0
2025-12-23 17:00:00+00:00,240.08,241.28,238.8,238.94,567569.0,239.945,4631.0
2025-12-23 18:00:00+00:00,238.91,241.24,238.91,240.52,533744.0,240.073,4183.0
2025-12-23 19:00:00+00:00,240.54,240.98,239.63,240.13,318446.0,240.285,3097.0
2025-12-23 20:00:00+00:00,240.15,243.1,240.15,242.38,787743.0,241.833,7898.0
2025-12-24 14:30:00+00:00,240.47,241.0,237.8,238.06,726491.0,239.257,5873.0
2025-12-24 15:00:00+00:00,237.99,239.44,237.14,239.27,810747.0,238.457,8060.0
2025-12-24 16:00:00+00:00,239.27,240.36,238.96,239.84,523860.0,239.603,4466.0
2025-12-24 17:00:00+00:00,239.86,240.98,239.18,239.9,673289.0,239.958,7332.0
2025-12-26 14:30:00+00:00,240.4,240.49,234.0,234.11,1122266.0,236.711,9064.0
2025-12-26 15:00:00+00:00,234.11,236.37,232.8,236.34,910318.0,234.582,7609.0
2025-12-26 16:00:00+00:00,236.35,237.12,235.88,236.06,461449.0,236.511,4042.0
2025-12-26 17:00:00+00:00,236.08,237.4,235.96,236.63,327910.0,236.712,2958.0
2025-12-26 18:00:00+00:00,236.62,237.73,236.53,237.18,346904.0,237.224,2871.0
2025-12-26 19:00:00+00:00,237.19,238.17,236.7,237.03,396342.0,237.274,3634.0
2025-12-26 20:00:00+00:00,236.97,237.7,236.56,236.96,610013.0,237.031,7044.0
2025-12-29 14:30:00+00:00,234.36,239.89,234.3,236.44,904986.0,237.31,7076.0
2025-12-29 15:00:00+00:00,236.32,236.8,233.78,234.19,754700.0,235.249,6382.0
2025-12-29 16:00:00+00:00,234.18,234.5,232.92,233.86,617706.0,233.696,5779.0
2025-12-29 17:00:00+00:00,233.87,234.25,233.05,234.22,387055.0,233.608,3756.0
2025-12-29 18:00:00+00:00,234.19,234.3,232.93,233.15,406211.0,233.458,3727.0
2025-12-29 19:00:00+00:00,233.2,233.77,232.78,233.75,385883.0,233.258,3590.0
2025-12-29 20:00:00+00:00,233.73,234.95,233.3,233.73,827171.0,233.93,9425.0
2025-12-30 14:30:00+00:00,233.65,234.5,231.5,234.37,884162.0,232.875,6344.0
2025-12-30 15:00:00+00:00,234.34,234.89,232.5,234.78,660285.0,233.526,5378.0
2025-12-30 16:00:00+00:00,234.83,236.06,234.08,234.89,707362.0,235.001,5222.0
2025-12-30 17:00:00+00:00,234.91,235.36,233.31,234.28,389052.0,234.419,3824.0
2025-12-30 18:00:00+00:00,234.2,234.5,233.1,233.41,311529.0,233.773,2822.0
2025-12-30 19:00:00+00:00,233.38,233.66,232.33,232.92,363961.0,233.043,3570.0
2025-12-30 20:00:00+00:00,232.92,233.08,231.53,231.6,758042.0,232.249,7392.0
2025-12-31 14:30:00+00:00,231.22,232.39,229.3,230.66,734697.0,230.694,4572.0
2025-12-31 15:00:00+00:00,230.59,230.97,228.92,229.28,764302.0,229.807,6452.0
2025-12-31 16:00:00+00:00,229.47,230.08,228.11,229.12,672885.0,229.168,4709.0
2025-12-31 17:00:00+00:00,229.1,229.69,227.98,228.63,450104.0,228.852,3397.0
2025-12-31 18:00:00+00:00,228.58,229.39,227.53,228.2,635614.0,228.381,4871.0
2025-12-31 19:00:00+00:00,228.25,228.69,226.75,226.91,542210.0,227.636,5244.0
2025-12-31 20:00:00+00:00,226.93,227.14,225.47,226.13,1032749.0,226.339,10596.0
2026-01-02 14:30:00+00:00,230.61,230.77,225.91,230.23,1020147.0,228.499,8686.0
2026-01-02 15:00:00+00:00,230.15,234.34,228.4,231.53,1290715.0,231.594,11543.0
2026-01-02 16:00:00+00:00,231.58,236.45,230.7,235.72,1097034.0,234.413,9470.0
2026-01-02 17:00:00+00:00,235.71,238.49,235.59,236.49,684497.0,237.115,6566.0
2026-01-02 18:00:00+00:00,236.44,236.72,235.05,236.16,358031.0,235.969,3585.0
2026-01-02 19:00:00+00:00,236.23,237.92,235.97,237.47,469110.0,237.293,4826.0
2026-01-02 20:00:00+00:00,237.41,238.29,235.74,236.53,1065527.0,236.977,13011.0
2026-01-05 14:30:00+00:00,247.11,254.96,246.53,254.2,2370309.0,250.715,18826.0
2026-01-05 15:00:00+00:00,254.31,255.01,251.74,253.8,2056540.0,253.628,17088.0
2026-01-05 16:00:00+00:00,253.8,254.6,252.15,254.08,933243.0,253.442,8326.0
2026-01-05 17:00:00+00:00,254.14,255.25,252.4,255.11,851275.0,253.946,7210.0
2026-01-05 18:00:00+00:00,255.06,256.86,253.3,256.7,852670.0,254.93,7668.0
2026-01-05 19:00:00+00:00,256.7,258.88,256.21,257.87,1107947.0,257.913,10711.0
2026-01-05 20:00:00+00:00,257.83,258.75,254.85,254.88,1810876.0,256.474,18526.0
2026-01-06 14:30:00+00:00,255.34,258.35,252.37,255.85,1208934.0,255.5,10152.0
2026-01-06 15:00:00+00:00,255.84,256.44,251.3,252.0,944999.0,253.772,9344.0
2026-01-06 16:00:00+00:00,251.91,252.95,248.6,249.11,953336.0,250.565,9747.0
2026-01-06 17:00:00+00:00,249.09,249.56,246.08,246.16,712449.0,247.832,7055.0
2026-01-06 18:00:00+00:00,246.2,248.05,245.72,247.08,655154.0,246.889,6632.0
2026-01-06 19:00:00+00:00,247.09,249.8,246.87,249.76,625911.0,248.398,5534.0
2026-01-06 20:00:00+00:00,249.8,251.72,249.7,250.54,1066577.0,250.91,11728.0
2026-01-07 14:30:00+00:00,248.44,248.94,243.45,246.28,919444.0,246.16,7774.0
2026-01-07 15:00:00+00:00,246.24,246.67,240.25,243.61,1531642.0,242.623,15301.0
2026-01-07 16:00:00+00:00,243.52,246.13,243.49,245.58,702374.0,244.628,6824.0
2026-01-07 17:00:00+00:00,245.65,247.48,245.28,245.75,534847.0,246.257,4995.0
2026-01-07 18:00:00+00:00,245.71,245.94,243.71,244.12,375653.0,244.569,3770.0
2026-01-07 19:00:00+00:00,244.13,245.79,243.75,245.63,415168.0,244.814,4077.0
2026-01-07 20:00:00+00:00,245.63,247.07,244.93,245.96,862750.0,246.116,10190.0
2026-01-08 14:30:00+00:00,244.83,249.69,242.25,247.67,833526.0,246.699,6936.0
2026-01-08 15:00:00+00:00,247.68,250.13,244.42,247.9,1237392.0,247.183,11132.0
2026-01-08 16:00:00+00:00,247.9,248.8,246.33,248.69,392240.0,247.404,4003.0
2026-01-08 17:00:00+00:00,248.69,250.38,247.57,249.12,506563.0,249.048,4413.0
2026-01-08 18:00:00+00:00,249.12,249.61,246.77,247.7,578289.0,248.267,4934.0
2026-01-08 19:00:00+00:00,247.62,248.54,244.59,245.18,517180.0,246.845,5056.0
2026-01-08 20:00:00+00:00,245.18,245.7,243.19,245.58,963205.0,244.526,11340.0
2026-01-09 14:30:00+00:00,246.19,246.9,237.6,237.67,1264490.0,241.009,10226.0
2026-01-09 15:00:00+00:00,237.67,243.48,237.15,239.52,1757624.0,239.554,15315.0
2026-01-09 16:00:00+00:00,239.51,242.5,239.32,242.36,670460.0,241.073,6369.0
2026-01-09 17:00:00+00:00,242.48,243.05,240.21,240.39,590912.0,241.475,5490.0
2026-01-09 18:00:00+00:00,240.45,242.84,239.45,241.55,553936.0,240.913,5851.0
2026-01-09 19:00:00+00:00,241.54,241.6,239.86,239.95,388357.0,240.608,3886.0
2026-01-09 20:00:00+00:00,240.0,241.4,239.7,240.83,821665.0,240.686,8840.0
2026-01-12 14:30:00+00:00,239.63,243.84,238.04,243.0,791617.0,241.502,6376.0
2026-01-12 15:00:00+00:00,243.18,244.55,241.86,244.37,765415.0,243.179,6337.0
2026-01-12 16:00:00+00:00,244.44,248.0,243.9,246.3,650177.0,245.922,5589.0
2026-01-12 17:00:00+00:00,246.35,246.48,243.4,244.1,443268.0,245.053,3961.0
2026-01-12 18:00:00+00:00,244.08,245.05,243.16,243.83,280958.0,244.124,2488.0
2026-01-12 19:00:00+00:00,243.81,245.27,243.2,245.22,336714.0,244.058,2839.0
2026-01-12 20:00:00+00:00,245.25,246.04,242.51,243.04,693098.0,243.9,7705.0
2026-01-13 14:30:00+00:00,245.62,251.38,245.0,245.99,1071430.0,248.241,8619.0
2026-01-13 15:00:00+00:00,246.2,251.09,244.65,250.77,1021202.0,247.763,8720.0
2026-01-13 16:00:00+00:00,250.77,253.16,248.81,251.53,885325.0,251.162,8515.0
2026-01-13 17:00:00+00:00,251.53,252.03,248.37,249.83,588558.0,250.557,5121.0
2026-01-13 18:00:00+00:00,249.75,251.63,249.45,251.01,353396.0,250.667,3561.0
2026-01-13 19:00:00+00:00,251.13,253.8,250.05,253.73,596940.0,252.068,5737.0
2026-01-13 20:00:00+00:00,253.78,255.51,252.29,252.67,1816879.0,253.751,20741.0
2026-01-14 14:30:00+00:00,256.92,263.07,253.82,258.48,1996428.0,258.434,15644.0
2026-01-14 15:00:00+00:00,258.48,261.59,255.68,260.11,1597352.0,258.722,14260.0
2026-01-14 16:00:00+00:00,260.18,262.5,257.85,258.48,1110065.0,261.108,9796.0
2026-01-14 17:00:00+00:00,258.44,259.64,254.9,255.03,863241.0,257.14,7320.0
2026-01-14 18:00:00+00:00,255.02,256.68,253.0,253.67,761908.0,254.838,5942.0
2026-01-14 19:00:00+00:00,253.52,256.06,253.16,254.47,517051.0,254.6,5033.0
2026-01-14 20:00:00+00:00,254.37,256.39,253.49,255.86,922232.0,255.585,9793.0
2026-01-15 14:30:00+00:00,250.8,251.2,246.06,246.26,1498276.0,248.311,12082.0
2026-01-15 15:00:00+00:00,246.23,247.54,243.64,246.05,1471839.0,245.771,12289.0
2026-01-15 16:00:00+00:00,245.96,247.3,244.56,247.01,880506.0,245.906,7542.0
2026-01-15 17:00:00+00:00,247.08,249.12,246.6,247.55,810530.0,247.763,6727.0
2026-01-15 18:00:00+00:00,247.51,248.3,246.01,246.41,424848.0,247.142,4045.0
2026-01-15 19:00:00+00:00,246.31,247.94,244.66,244.97,530845.0,246.335,4758.0
2026-01-15 20:00:00+00:00,244.94,244.99,237.43,239.27,2961890.0,239.757,29736.0
2026-01-16 14:30:00+00:00,239.49,239.74,236.14,238.54,1007931.0,238.328,6897.0
2026-01-16 15:00:00+00:00,238.54,242.66,236.8,238.38,1075898.0,239.856,9101.0
2026-01-16 16:00:00+00:00,238.38,241.62,238.02,240.78,590518.0,239.798,5608.0
2026-01-16 17:00:00+00:00,240.71,241.21,239.0,240.4,440165.0,240.258,4349.0
2026-01-16 18:00:00+00:00,240.38,242.8,240.31,242.21,569393.0,241.888,4252.0
2026-01-16 19:00:00+00:00,242.15,243.19,241.06,241.56,395276.0,241.964,3496.0
2026-01-16 20:00:00+00:00,241.45,241.87,240.25,241.15,745028.0,241.045,8089.0
2026-01-20 14:30:00+00:00,233.07,234.9,229.6,229.77,1248665.0,232.143,9865.0
2026-01-20 15:00:00+00:00,229.76,233.62,227.92,232.59,1286362.0,230.54,10979.0
2026-01-20 16:00:00+00:00,232.59,233.1,229.58,230.56,739146.0,231.388,6602.0
2026-01-20 17:00:00+00:00,230.49,231.13,228.05,228.56,657570.0,229.371,6281.0
2026-01-20 18:00:00+00:00,228.5,229.48,226.44,226.94,669778.0,227.804,6533.0
2026-01-20 19:00:00+00:00,227.01,228.11,226.38,227.8,648431.0,227.333,6413.0
2026-01-20 20:00:00+00:00,227.88,228.64,225.96,227.88,1380665.0,227.12,15065.0
2026-01-21 14:30:00+00:00,228.76,230.27,226.71,228.3,774986.0,228.248,5896.0
2026-01-21 15:00:00+00:00,228.29,231.18,227.84,230.24,886134.0,229.581,8147.0
2026-01-21 16:00:00+00:00,230.27,230.4,224.2,224.34,1012151.0,226.351,8792.0
2026-01-21 17:00:00+00:00,224.32,225.2,222.4,224.99,883160.0,223.846,8473.0
2026-01-21 18:00:00+00:00,224.82,226.16,223.22,225.71,415498.0,224.864,3958.0
2026-01-21 19:00:00+00:00,225.63,231.45,224.75,230.8,871391.0,229.18,8372.0
2026-01-21 20:00:00+00:00,230.87,231.0,225.93,226.99,1035412.0,227.702,10429.0
2026-01-22 14:30:00+00:00,228.53,230.75,225.6,226.18,859785.0,227.482,6347.0
2026-01-22 15:00:00+00:00,226.3,226.63,224.48,225.71,1029008.0,225.525,8590.0
2026-01-22 16:00:00+00:00,225.63,226.16,224.8,224.92,556283.0,225.346,4923.0
2026-01-22 17:00:00+00:00,224.9,226.17,224.65,226.02,419498.0,225.534,4091.0
2026-01-22 18:00:00+00:00,226.0,226.59,224.22,224.68,480000.0,225.592,4477.0
2026-01-22 19:00:00+00:00,224.66,225.56,224.3,225.01,409357.0,225.012,3880.0
2026-01-22 20:00:00+00:00,224.97,225.55,223.02,223.18,1292141.0,223.962,14987.0
2026-01-23 14:30:00+00:00,222.39,222.76,216.45,217.63,1462808.0,218.12,12483.0
2026-01-23 15:00:00+00:00,217.63,219.42,216.49,218.63,1500917.0,218.098,12050.0
2026-01-23 16:00:00+00:00,218.6,219.98,217.55,218.73,1145433.0,218.743,8810.0
2026-01-23 17:00:00+00:00,218.69,222.22,218.23,219.28,1192593.0,220.438,9309.0
2026-01-23 18:00:00+00:00,219.2,220.25,217.78,218.12,906687.0,218.764,6526.0
2026-01-23 19:00:00+00:00,218.12,218.47,217.25,217.83,1016991.0,217.832,8690.0
2026-01-23 20:00:00+00:00,217.83,217.86,215.72,217.0,1748903.0,216.716,18313.0
2026-01-26 14:30:00+00:00,212.03,215.64,210.89,212.81,922876.0,213.148,7218.0
2026-01-26 15:00:00+00:00,212.83,214.89,212.34,212.6,894402.0,213.459,7487.0
2026-01-26 16:00:00+00:00,212.52,214.17,212.36,212.71,586911.0,213.204,5384.0
2026-01-26 17:00:00+00:00,212.7,214.25,212.46,213.93,450341.0,213.415,4104.0
2026-01-26 18:00:00+00:00,213.88,215.4,213.45,215.3,413585.0,214.406,4213.0
2026-01-26 19:00:00+00:00,215.24,215.44,212.72,213.19,501927.0,213.803,5005.0
2026-01-26 20:00:00+00:00,213.17,214.38,212.85,213.5,922598.0,213.593,11513.0
2026-01-27 14:30:00+00:00,213.49,213.56,208.38,209.43,1026376.0,210.339,8761.0
2026-01-27 15:00:00+00:00,209.44,210.32,207.77,208.29,1047993.0,208.842,9365.0
2026-01-27 16:00:00+00:00,208.24,211.9,208.19,210.85,794996.0,210.572,6255.0
2026-01-27 17:00:00+00:00,210.75,210.95,209.08,209.48,453975.0,209.882,4183.0
2026-01-27 18:00:00+00:00,209.47,210.11,208.86,209.54,513803.0,209.452,4485.0
2026-01-27 19:00:00+00:00,209.54,211.25,208.79,210.69,519858.0,210.046,4547.0
2026-01-27 20:00:00+00:00,210.76,212.59,210.39,210.89,1070388.0,211.21,10411.0
2026-01-28 14:30:00+00:00,213.52,214.39,208.94,210.26,1285946.0,211.117,9500.0
2026-01-28 15:00:00+00:00,210.3,211.97,208.59,209.42,1042336.0,210.245,9469.0
2026-01-28 16:00:00+00:00,209.29,209.86,208.08,208.21,531620.0,208.71,5063.0
2026-01-28 17:00:00+00:00,208.21,209.41,207.2,208.09,638523.0,208.362,5768.0
2026-01-28 18:00:00+00:00,208.18,208.94,207.41,208.06,494749.0,208.164,4044.0
2026-01-28 19:00:00+00:00,208.0,212.48,206.8,208.47,1806620.0,209.9,14358.0
2026-01-28 20:00:00+00:00,208.42,210.07,207.99,209.45,1033164.0,209.033,11450.0
2026-01-29 14:30:00+00:00,206.81,207.0,200.4,200.7,1414006.0,203.564,11190.0
2026-01-29 15:00:00+00:00,200.69,200.75,195.86,196.92,2230626.0,198.331,19732.0
2026-01-29 16:00:00+00:00,196.85,197.25,194.21,195.91,2055468.0,195.51,17656.0
2026-01-29 17:00:00+00:00,195.87,198.28,195.77,197.08,1143917.0,197.263,10414.0
2026-01-29 18:00:00+00:00,197.2,198.21,194.37,195.35,1059198.0,196.119,9683.0
2026-01-29 19:00:00+00:00,195.38,197.13,195.3,195.9,845199.0,196.406,8166.0
2026-01-29 20:00:00+00:00,195.96,199.34,195.25,199.25,1708689.0,197.493,17744.0
2026-01-30 14:30:00+00:00,198.59,198.7,195.85,196.56,765247.0,197.361,5796.0
2026-01-30 15:00:00+00:00,196.63,198.96,196.1,196.42,828661.0,197.463,7357.0
2026-01-30 16:00:00+00:00,196.38,196.9,193.92,194.17,911672.0,195.372,7684.0
2026-01-30 17:00:00+00:00,194.13,195.25,193.4,193.64,595784.0,194.176,4774.0
2026-01-30 18:00:00+00:00,193.6,195.09,190.96,194.16,1029289.0,192.526,8209.0
2026-01-30 19:00:00+00:00,194.17,197.22,193.64,193.73,935616.0,195.039,7591.0
2026-01-30 20:00:00+00:00,193.68,194.96,192.07,194.88,1234662.0,193.709,13128.0
2026-02-02 14:30:00+00:00,189.71,190.43,185.9,186.38,1908589.0,188.269,16799.0
2026-02-02 15:00:00+00:00,186.2,190.22,185.08,189.15,2050221.0,187.683,18769.0
2026-02-02 16:00:00+00:00,189.1,190.9,188.74,189.75,1065196.0,189.684,9677.0
2026-02-02 17:00:00+00:00,189.74,190.94,188.79,189.7,655567.0,189.791,5961.0
2026-02-02 18:00:00+00:00,189.74,190.17,188.84,189.66,538486.0,189.509,5118.0
2026-02-02 19:00:00+00:00,189.63,190.25,187.91,188.13,702117.0,189.397,6912.0
2026-02-02 20:00:00+00:00,188.15,188.95,186.5,187.87,1917154.0,187.846,21275.0
2026-02-03 14:30:00+00:00,188.68,188.68,182.6,182.82,1268456.0,184.829,9811.0
2026-02-03 15:00:00+00:00,182.89,184.5,181.3,182.68,1311303.0,182.851,12113.0
2026-02-03 16:00:00+00:00,182.62,182.63,179.71,180.61,1003547.0,180.767,9417.0
2026-02-03 17:00:00+00:00,180.56,180.85,176.9,176.99,1364610.0,178.34,13171.0
2026-02-03 18:00:00+00:00,177.06,177.29,174.88,174.98,1333810.0,175.721,12655.0
2026-02-03 19:00:00+00:00,174.88,177.09,174.05,176.59,1296343.0,175.648,12780.0
2026-02-03 20:00:00+00:00,176.57,179.84,175.8,179.74,1620196.0,178.31,17038.0
2026-02-04 14:30:00+00:00,176.29,176.75,170.21,170.58,1651769.0,174.018,14071.0
2026-02-04 15:00:00+00:00,170.58,174.5,168.99,172.63,2055875.0,171.752,19497.0
2026-02-04 16:00:00+00:00,172.59,172.98,168.13,169.02,1307940.0,169.754,13210.0
2026-02-04 17:00:00+00:00,168.99,169.48,164.42,165.83,1725904.0,166.405,15217.0
2026-02-04 18:00:00+00:00,165.83,167.48,164.6,166.66,1429264.0,166.18,13673.0
2026-02-04 19:00:00+00:00,166.66,170.17,165.84,170.1,1591128.0,167.332,15163.0
2026-02-04 20:00:00+00:00,170.05,170.46,168.02,168.58,2069641.0,168.727,21718.0
2026-02-05 14:30:00+00:00,160.6,165.0,158.44,158.75,2923416.0,161.694,23917.0
2026-02-05 15:00:00+00:00,158.66,158.89,152.95,154.87,4722471.0,155.281,40542.0
2026-02-05 16:00:00+00:00,154.79,155.66,152.37,155.11,2580268.0,154.084,25182.0
2026-02-05 17:00:00+00:00,155.1,155.31,152.16,152.34,1725356.0,153.663,16575.0
2026-02-05 18:00:00+00:00,152.34,152.97,150.0,151.11,2291780.0,151.204,21092.0
2026-02-05 19:00:00+00:00,151.08,151.62,149.91,150.74,2498010.0,150.565,25799.0
2026-02-05 20:00:00+00:00,150.74,150.88,145.16,146.09,5635777.0,147.24,55058.0
2026-02-06 14:30:00+00:00,154.55,158.25,151.57,156.27,3466713.0,155.719,34332.0
2026-02-06 15:00:00+00:00,156.21,159.66,154.68,159.46,2681648.0,157.403,26837.0
2026-02-06 16:00:00+00:00,159.4,161.89,159.25,161.17,1634622.0,160.547,16556.0
2026-02-06 17:00:00+00:00,161.2,163.48,160.93,162.53,1408721.0,162.431,14947.0
2026-02-06 18:00:00+00:00,162.56,163.08,160.33,162.03,1310503.0,162.036,12897.0
2026-02-06 19:00:00+00:00,162.03,163.31,161.05,162.96,1085202.0,162.372,12062.0
2026-02-06 20:00:00+00:00,162.95,165.52,162.55,165.12,2178236.0,164.288,25304.0
2026-02-09 14:30:00+00:00,160.36,164.35,159.01,163.93,1454144.0,161.871,11996.0
2026-02-09 15:00:00+00:00,163.81,166.67,163.45,166.1,1477337.0,165.086,14380.0
2026-02-09 16:00:00+00:00,166.1,166.59,164.67,166.08,926837.0,165.567,9117.0
2026-02-09 17:00:00+00:00,166.04,167.11,164.99,166.04,880301.0,166.02,8408.0
2026-02-09 18:00:00+00:00,166.03,166.9,164.1,165.16,811431.0,165.353,7293.0
2026-02-09 19:00:00+00:00,165.21,166.83,164.65,165.93,732802.0,166.058,6153.0
2026-02-09 20:00:00+00:00,165.98,167.57,165.51,167.22,1164649.0,166.895,13338.0
2026-02-10 14:30:00+00:00,162.7,165.53,161.86,163.97,1154507.0,163.639,9108.0
2026-02-10 15:00:00+00:00,163.9,167.42,162.75,167.14,1546026.0,165.265,13870.0
2026-02-10 16:00:00+00:00,167.18,167.92,165.72,165.9,784254.0,166.775,6308.0
2026-02-10 17:00:00+00:00,165.79,166.74,165.3,166.29,418426.0,165.965,3629.0
2026-02-10 18:00:00+00:00,166.3,166.42,163.23,163.82,611935.0,164.242,4982.0
2026-02-10 19:00:00+00:00,163.84,165.7,163.57,164.29,657634.0,164.617,5413.0
2026-02-10 20:00:00+00:00,164.26,164.66,162.48,162.56,1112084.0,163.342,11842.0
2026-02-11 14:30:00+00:00,157.75,158.1,151.81,152.03,2258105.0,155.172,18860.0
2026-02-11 15:00:00+00:00,152.12,152.75,150.25,151.12,1863086.0,151.38,16083.0
2026-02-11 16:00:00+00:00,151.04,153.32,150.57,150.65,1076180.0,152.073,9364.0
2026-02-11 17:00:00+00:00,150.61,150.76,149.54,149.59,1097657.0,150.1,9272.0
2026-02-11 18:00:00+00:00,149.58,151.47,148.85,151.3,1032049.0,150.086,9197.0
2026-02-11 19:00:00+00:00,151.27,153.24,150.67,152.92,946573.0,152.178,9032.0
2026-02-11 20:00:00+00:00,152.89,153.6,151.5,153.2,1650446.0,152.87,17240.0
2026-02-12 14:30:00+00:00,153.27,153.27,146.85,147.16,1715139.0,149.897,14411.0
2026-02-12 15:00:00+00:00,147.19,148.09,144.31,144.35,1881113.0,146.163,17071.0
2026-02-12 16:00:00+00:00,144.37,144.48,139.99,140.75,2154348.0,141.622,18903.0
2026-02-12 17:00:00+00:00,140.78,141.66,139.36,139.96,1844826.0,140.503,17107.0
2026-02-12 18:00:00+00:00,139.96,141.42,139.69,140.51,1297196.0,140.524,12848.0
2026-02-12 19:00:00+00:00,140.55,143.68,140.49,142.32,1636085.0,141.999,14195.0
2026-02-12 20:00:00+00:00,142.35,143.14,140.89,140.92,2776124.0,141.749,26569.0
2026-02-13 14:30:00+00:00,153.8,154.99,146.16,154.21,4173192.0,150.942,30088.0
2026-02-13 15:00:00+00:00,154.16,165.0,153.81,162.08,6640489.0,161.035,52654.0
2026-02-13 16:00:00+00:00,162.08,167.12,161.0,165.98,3847828.0,164.35,30350.0
2026-02-13 17:00:00+00:00,165.97,166.87,164.6,164.93,2232232.0,165.668,19023.0
2026-02-13 18:00:00+00:00,165.0,166.63,163.8,166.38,1511737.0,165.521,12985.0
2026-02-13 19:00:00+00:00,166.38,167.53,165.51,166.22,2062747.0,166.613,16600.0
2026-02-13 20:00:00+00:00,166.22,167.65,163.45,164.47,3662135.0,165.378,32980.0
2026-02-17 14:30:00+00:00,162.47,166.59,158.4,160.25,2033871.0,161.093,17195.0
2026-02-17 15:00:00+00:00,160.25,170.54,159.85,168.66,2951209.0,164.068,24161.0
2026-02-17 16:00:00+00:00,168.72,170.43,166.7,167.59,2657849.0,169.019,22260.0
2026-02-17 17:00:00+00:00,167.59,168.62,166.02,167.69,1093664.0,167.151,9687.0
2026-02-17 18:00:00+00:00,167.72,169.96,166.8,169.66,926447.0,168.483,8168.0
2026-02-17 19:00:00+00:00,169.6,169.84,167.17,167.55,842678.0,168.38,8373.0
2026-02-17 20:00:00+00:00,167.6,168.09,165.02,166.05,1950230.0,165.942,18984.0
2026-02-18 14:30:00+00:00,165.4,171.74,164.96,171.51,1474594.0,168.71,11323.0
2026-02-18 15:00:00+00:00,171.5,173.88,169.2,172.77,2694371.0,171.726,21559.0
2026-02-18 16:00:00+00:00,172.78,172.89,168.44,168.89,1457841.0,170.156,11109.0
2026-02-18 17:00:00+00:00,168.89,169.08,167.08,167.34,863545.0,167.982,6368.0
2026-02-18 18:00:00+00:00,167.38,167.8,165.57,166.66,1027959.0,166.644,7436.0
2026-02-18 19:00:00+00:00,166.62,167.09,163.15,163.56,1593669.0,164.912,13090.0
2026-02-18 20:00:00+00:00,163.56,165.16,163.32,164.03,1935322.0,164.285,17185.0
2026-02-19 14:30:00+00:00,162.42,167.58,161.12,165.96,1164569.0,163.968,9323.0
2026-02-19 15:00:00+00:00,165.88,167.05,162.73,163.51,1113160.0,164.185,8896.0
2026-02-19 16:00:00+00:00,163.4,164.72,161.81,164.49,878089.0,163.114,6458.0
2026-02-19 17:00:00+00:00,164.57,165.72,163.29,163.52,552700.0,164.433,4896.0
2026-02-19 18:00:00+00:00,163.52,164.99,163.1,164.64,462829.0,164.187,4289.0
2026-02-19 19:00:00+00:00,164.64,164.73,162.65,163.32,531249.0,163.553,5629.0
2026-02-19 20:00:00+00:00,163.34,166.57,162.84,165.91,1235271.0,164.921,13346.0
2026-02-20 14:30:00+00:00,164.88,170.45,164.12,169.0,1354789.0,167.858,9430.0
2026-02-20 15:00:00+00:00,169.14,173.78,168.96,173.77,2572226.0,171.793,20623.0
2026-02-20 16:00:00+00:00,173.8,175.55,171.26,171.36,1825887.0,173.444,14441.0
2026-02-20 17:00:00+00:00,171.44,171.64,167.32,169.93,1343737.0,168.958,10039.0
2026-02-20 18:00:00+00:00,169.89,171.93,167.6,171.03,968709.0,169.874,8407.0
2026-02-20 19:00:00+00:00,171.09,171.77,169.79,171.05,799748.0,170.592,7779.0
2026-02-20 20:00:00+00:00,171.05,172.42,169.9,171.35,1704720.0,171.232,19078.0
2026-02-23 14:30:00+00:00,166.16,167.35,162.07,166.72,1593707.0,164.75,12310.0
2026-02-23 15:00:00+00:00,166.72,168.1,163.03,163.25,1718832.0,165.356,12121.0
2026-02-23 16:00:00+00:00,163.31,164.48,162.11,163.22,1536314.0,163.063,12035.0
2026-02-23 17:00:00+00:00,163.09,163.5,160.4,160.9,1091380.0,161.654,9029.0
2026-02-23 18:00:00+00:00,160.91,161.71,159.65,159.7,889261.0,160.817,7310.0
2026-02-23 19:00:00+00:00,159.7,160.52,159.21,159.59,927849.0,159.861,7547.0
2026-02-23 20:00:00+00:00,159.55,160.28,158.66,160.25,1607006.0,159.467,14156.0
2026-02-24 14:30:00+00:00,155.84,157.15,152.7,155.36,1725153.0,154.905,15270.0
2026-02-24 15:00:00+00:00,155.36,159.87,154.17,157.55,1845301.0,157.272,17015.0
2026-02-24 16:00:00+00:00,157.43,159.28,156.7,159.18,958246.0,157.979,8461.0
2026-02-24 17:00:00+00:00,159.24,159.33,158.11,159.12,559641.0,158.693,5215.0
2026-02-24 18:00:00+00:00,159.06,161.88,158.5,161.45,713662.0,160.305,5897.0
2026-02-24 19:00:00+00:00,161.45,162.28,159.55,159.67,864864.0,160.714,7775.0
2026-02-24 20:00:00+00:00,159.66,162.13,159.5,162.03,1423231.0,160.936,14126.0
2026-02-25 14:30:00+00:00,171.78,174.37,169.75,171.57,1880604.0,171.786,14611.0
2026-02-25 15:00:00+00:00,171.57,178.54,171.55,177.39,2960434.0,175.01,22889.0
2026-02-25 16:00:00+00:00,177.34,182.39,176.69,182.21,3078782.0,179.82,23489.0
2026-02-25 17:00:00+00:00,182.21,185.07,181.94,183.15,2932639.0,183.678,21825.0
2026-02-25 18:00:00+00:00,183.17,185.3,182.42,184.74,2174107.0,183.915,15449.0
2026-02-25 19:00:00+00:00,184.74,185.71,183.95,185.16,1954373.0,184.938,16312.0
2026-02-25 20:00:00+00:00,185.17,185.82,182.91,183.99,2955523.0,184.267,28528.0
2026-02-26 14:30:00+00:00,181.15,185.54,181.15,185.01,1826317.0,183.51,13378.0
2026-02-26 15:00:00+00:00,184.92,186.39,177.08,183.28,2252876.0,182.591,17813.0
2026-02-26 16:00:00+00:00,183.32,184.63,179.83,180.03,1188454.0,182.459,8505.0
2026-02-26 17:00:00+00:00,180.03,181.21,177.71,177.81,1180379.0,179.234,9545.0
2026-02-26 18:00:00+00:00,177.83,179.19,176.75,177.98,1052057.0,178.165,7879.0
2026-02-26 19:00:00+00:00,177.9,181.72,177.78,179.86,930378.0,180.253,7696.0
2026-02-26 20:00:00+00:00,179.9,181.94,179.82,181.06,1177602.0,180.829,11387.0
2026-02-27 14:30:00+00:00,175.35,176.2,171.81,173.56,1221951.0,173.614,10499.0
2026-02-27 15:00:00+00:00,173.61,177.56,173.21,176.03,1446904.0,175.73,10896.0
2026-02-27 16:00:00+00:00,175.92,179.06,175.15,177.2,1443107.0,177.512,9233.0
2026-02-27 17:00:00+00:00,177.27,178.94,174.14,175.69,1010373.0,175.961,6627.0
2026-02-27 18:00:00+00:00,175.69,176.05,172.75,172.84,837911.0,173.978,5326.0
2026-02-27 19:00:00+00:00,172.79,174.26,172.56,173.58,660097.0,173.522,5354.0
2026-02-27 20:00:00+00:00,173.56,176.29,173.41,175.92,1189704.0,175.433,12572.0
2026-03-02 14:30:00+00:00,172.85,181.17,172.22,180.49,1442503.0,178.364,11311.0
2026-03-02 15:00:00+00:00,180.52,186.35,179.31,183.02,2602816.0,183.544,19391.0
2026-03-02 16:00:00+00:00,182.93,185.2,182.05,182.92,1238219.0,183.851,8865.0
2026-03-02 17:00:00+00:00,182.86,184.37,182.2,183.63,726892.0,183.162,5124.0
2026-03-02 18:00:00+00:00,183.69,184.2,181.3,183.12,728624.0,182.75,5543.0
2026-03-02 19:00:00+00:00,183.12,184.59,182.27,183.96,753524.0,183.636,5325.0
2026-03-02 20:00:00+00:00,183.94,185.43,183.12,185.16,1396145.0,184.588,14450.0
2026-03-03 14:30:00+00:00,177.7,179.95,174.82,175.92,1256816.0,176.807,9672.0
2026-03-03 15:00:00+00:00,175.97,179.0,172.05,178.73,1877532.0,175.421,12971.0
2026-03-03 16:00:00+00:00,178.68,182.64,178.11,181.09,1461969.0,181.075,9352.0
2026-03-03 17:00:00+00:00,181.17,182.74,179.08,181.84,1161927.0,180.79,6683.0
2026-03-03 18:00:00+00:00,181.84,186.25,181.0,184.88,1159379.0,184.222,8639.0
2026-03-03 19:00:00+00:00,184.93,186.31,184.32,185.58,1240261.0,185.282,9545.0
2026-03-03 20:00:00+00:00,185.58,186.07,181.64,182.22,1566974.0,183.233,14282.0
2026-03-04 14:30:00+00:00,195.91,205.25,195.4,204.11,4869855.0,201.54,35137.0
2026-03-04 15:00:00+00:00,204.2,209.6,203.1,209.14,3973687.0,206.813,32597.0
2026-03-04 16:00:00+00:00,209.12,210.74,207.71,210.19,2738534.0,209.463,22110.0
2026-03-04 17:00:00+00:00,210.3,212.07,209.53,210.57,2371135.0,210.71,17641.0
2026-03-04 18:00:00+00:00,210.7,211.0,209.07,209.99,1401242.0,209.997,11608.0
2026-03-04 19:00:00+00:00,210.05,211.7,209.74,210.38,1766425.0,210.83,15648.0
2026-03-04 20:00:00+00:00,210.39,211.0,208.44,208.87,2717755.0,209.599,28438.0
2026-03-05 14:30:00+00:00,205.73,212.8,205.41,212.64,2671139.0,210.169,22261.0
2026-03-05 15:00:00+00:00,212.77,213.5,206.46,207.37,2083423.0,209.399,17989.0
2026-03-05 16:00:00+00:00,207.4,207.57,204.45,206.22,1748558.0,205.788,14787.0
2026-03-05 17:00:00+00:00,206.2,208.35,201.8,202.13,1418138.0,204.597,10380.0
2026-03-05 18:00:00+00:00,202.19,203.79,201.5,201.81,874774.0,202.359,7246.0
2026-03-05 19:00:00+00:00,201.81,204.99,201.71,203.0,941080.0,203.371,7570.0
2026-03-05 20:00:00+00:00,202.99,206.53,202.14,205.76,1457168.0,205.192,14759.0
2026-03-06 14:30:00+00:00,197.76,202.75,195.88,196.48,1488842.0,199.071,11417.0
2026-03-06 15:00:00+00:00,196.52,200.45,195.2,196.83,1815100.0,197.656,14716.0
2026-03-06 16:00:00+00:00,196.82,199.12,195.82,198.03,1106862.0,197.476,9729.0
2026-03-06 17:00:00+00:00,198.03,198.63,194.66,195.86,880566.0,196.333,6758.0
2026-03-06 18:00:00+00:00,195.8,197.73,195.3,195.38,668710.0,196.657,5619.0
2026-03-06 19:00:00+00:00,195.38,197.69,195.27,196.98,757104.0,196.719,6355.0
2026-03-06 20:00:00+00:00,197.03,197.88,195.06,197.14,1355073.0,196.591,13911.0
2026-03-09 13:30:00+00:00,198.2,203.49,196.05,198.28,1635160.0,200.548,13134.0
2026-03-09 14:00:00+00:00,198.24,199.69,192.62,197.24,2354911.0,196.78,21846.0
2026-03-09 15:00:00+00:00,197.28,199.86,195.7,196.77,1096166.0,197.483,9756.0
2026-03-09 16:00:00+00:00,196.7,197.76,194.67,197.47,1047662.0,196.49,8604.0
2026-03-09 17:00:00+00:00,197.44,197.75,194.2,194.73,746210.0,195.887,6021.0
2026-03-09 18:00:00+00:00,194.72,196.18,193.59,194.31,847357.0,194.933,7008.0
2026-03-09 19:00:00+00:00,194.37,200.99,194.36,199.73,1699047.0,198.99,18386.0
2026-03-10 13:30:00+00:00,204.5,206.01,196.28,198.6,1617421.0,200.145,12028.0
2026-03-10 14:00:00+00:00,198.63,199.09,194.75,198.3,1853497.0,196.916,14707.0
2026-03-10 15:00:00+00:00,198.3,199.53,197.2,198.28,916530.0,198.305,7988.0
2026-03-10 16:00:00+00:00,198.2,200.11,196.6,199.56,958731.0,198.645,6941.0
2026-03-10 17:00:00+00:00,199.51,201.0,196.7,198.49,984310.0,199.282,7564.0
2026-03-10 18:00:00+00:00,198.41,199.21,195.26,195.55,773141.0,196.996,7045.0
2026-03-10 19:00:00+00:00,195.55,198.21,195.48,196.47,1085906.0,196.801,10757.0
2026-03-11 13:30:00+00:00,197.51,203.1,195.8,196.64,1285618.0,199.47,10322.0
2026-03-11 14:00:00+00:00,196.55,198.29,194.22,196.54,1350454.0,196.354,11239.0
2026-03-11 15:00:00+00:00,196.54,197.2,192.52,194.76,1107632.0,194.517,8264.0
2026-03-11 16:00:00+00:00,194.78,197.32,193.85,196.39,803483.0,195.562,5726.0
2026-03-11 17:00:00+00:00,196.39,198.7,196.0,196.41,910645.0,197.426,5704.0
2026-03-11 18:00:00+00:00,196.36,198.73,195.6,198.11,784063.0,197.22,5915.0
2026-03-11 19:00:00+00:00,198.15,198.99,196.56,198.54,1018804.0,198.026,11071.0
2026-03-12 13:30:00+00:00,196.13,197.65,193.38,194.9,993375.0,195.526,6503.0
2026-03-12 14:00:00+00:00,195.0,197.41,192.46,193.35,1346442.0,194.947,9832.0
2026-03-12 15:00:00+00:00,193.34,198.0,192.97,196.21,964034.0,195.57,7705.0
2026-03-12 16:00:00+00:00,196.37,197.38,193.81,195.57,698462.0,195.5,4588.0
2026-03-12 17:00:00+00:00,195.57,196.9,194.2,194.56,460704.0,195.281,3512.0
2026-03-12 18:00:00+00:00,194.53,195.75,193.58,193.73,361065.0,194.703,3723.0
2026-03-12 19:00:00+00:00,193.75,195.0,192.52,193.28,1162273.0,193.547,12217.0
2026-03-13 13:30:00+00:00,203.76,207.13,199.11,200.21,2274520.0,202.015,15779.0
2026-03-13 14:00:00+00:00,200.34,201.49,197.14,198.06,1970329.0,199.541,15161.0
2026-03-13 15:00:00+00:00,198.09,202.32,197.41,197.75,1519253.0,200.057,10851.0
2026-03-13 16:00:00+00:00,197.73,199.9,195.31,198.09,1152857.0,197.316,8738.0
2026-03-13 17:00:00+00:00,198.16,199.08,195.41,195.6,589005.0,197.252,4865.0
2026-03-13 18:00:00+00:00,195.64,196.13,194.53,194.74,549092.0,195.268,4750.0
2026-03-13 19:00:00+00:00,194.69,195.81,193.84,195.53,1067998.0,195.134,11586.0
2026-03-16 13:30:00+00:00,201.81,206.44,198.62,200.86,2074372.0,202.337,17439.0
2026-03-16 14:00:00+00:00,200.95,206.0,200.02,204.3,1788850.0,203.803,14714.0
2026-03-16 15:00:00+00:00,204.32,205.6,201.1,201.42,1290282.0,203.952,9793.0
2026-03-16 16:00:00+00:00,201.46,202.06,199.7,200.61,851853.0,200.787,6857.0
2026-03-16 17:00:00+00:00,200.66,203.08,200.02,202.87,933625.0,201.77,7501.0
2026-03-16 18:00:00+00:00,202.87,205.17,202.75,203.3,999909.0,204.308,7840.0
2026-03-16 19:00:00+00:00,203.3,204.53,202.46,203.22,1327444.0,203.146,14232.0
2026-03-17 13:30:00+00:00,202.39,209.21,202.13,206.14,1468587.0,206.7,11120.0
2026-03-17 14:00:00+00:00,206.15,208.77,204.64,207.86,1226857.0,206.664,10322.0
2026-03-17 15:00:00+00:00,207.87,209.19,204.3,205.09,1130027.0,206.37,8480.0
2026-03-17 16:00:00+00:00,205.11,207.75,204.63,207.68,973043.0,206.25,6155.0
2026-03-17 17:00:00+00:00,207.68,213.47,207.67,212.84,1783221.0,210.344,11357.0
2026-03-17 18:00:00+00:00,212.83,213.17,211.08,211.79,1157860.0,212.221,10426.0
2026-03-17 19:00:00+00:00,211.76,212.0,209.28,210.2,1324332.0,210.606,13988.0
2026-03-18 13:30:00+00:00,206.86,207.48,202.58,206.71,1149215.0,205.831,8635.0
2026-03-18 14:00:00+00:00,206.64,206.83,201.14,202.18,1490652.0,203.173,12056.0
2026-03-18 15:00:00+00:00,202.18,204.06,201.5,203.21,929309.0,203.051,6940.0
2026-03-18 16:00:00+00:00,203.17,203.45,201.39,202.07,798063.0,202.455,5606.0
2026-03-18 17:00:00+00:00,202.05,207.65,201.67,207.37,1280745.0,205.197,9196.0
2026-03-18 18:00:00+00:00,207.44,209.0,204.91,205.31,1695406.0,207.235,14341.0
2026-03-18 19:00:00+00:00,205.31,206.59,202.11,202.29,1780285.0,204.393,18978.0
2026-03-19 13:30:00+00:00,195.34,200.53,191.86,199.68,1514170.0,196.036,11263.0
2026-03-19 14:00:00+00:00,199.55,200.34,195.55,198.53,1097619.0,198.048,8630.0
2026-03-19 15:00:00+00:00,198.56,200.03,196.34,198.14,798269.0,198.291,6083.0
2026-03-19 16:00:00+00:00,198.12,199.19,195.62,196.08,589980.0,197.172,4924.0
2026-03-19 17:00:00+00:00,196.11,198.5,194.75,198.47,578612.0,196.48,5064.0
2026-03-19 18:00:00+00:00,198.44,201.76,198.06,201.35,730690.0,199.968,5948.0
2026-03-19 19:00:00+00:00,201.34,205.5,201.3,202.91,1417203.0,203.6,14769.0
2026-03-20 13:30:00+00:00,202.5,203.3,198.33,198.92,886879.0,201.26,5354.0
2026-03-20 14:00:00+00:00,198.9,202.67,197.64,201.81,1268014.0,200.201,9971.0
2026-03-20 15:00:00+00:00,201.73,203.03,198.74,201.49,954780.0,200.306,6585.0
2026-03-20 16:00:00+00:00,201.36,202.3,197.71,198.42,849718.0,200.167,6095.0
2026-03-20 17:00:00+00:00,198.47,198.52,195.2,196.55,892425.0,196.61,6815.0
2026-03-20 18:00:00+00:00,196.63,197.54,194.79,195.72,879269.0,196.022,8268.0
2026-03-20 19:00:00+00:00,195.78,197.84,195.05,197.54,1977375.0,196.772,20816.0
2026-03-23 13:30:00+00:00,198.6,203.3,197.29,202.59,1166135.0,200.713,9222.0
2026-03-23 14:00:00+00:00,202.57,203.76,200.2,201.88,1191565.0,201.928,9826.0
2026-03-23 15:00:00+00:00,201.88,203.3,196.31,196.53,1268143.0,200.255,9973.0
2026-03-23 16:00:00+00:00,196.63,200.1,196.11,197.78,1264736.0,197.981,8747.0
2026-03-23 17:00:00+00:00,197.87,203.1,196.8,202.65,1188071.0,199.814,9166.0
2026-03-23 18:00:00+00:00,202.57,203.45,201.0,203.14,1054266.0,202.57,6919.0
2026-03-23 19:00:00+00:00,203.19,203.95,200.59,200.61,1351182.0,202.157,12454.0
2026-03-24 13:30:00+00:00,199.1,201.76,194.33,195.63,827362.0,197.694,6745.0
2026-03-24 14:00:00+00:00,195.63,196.88,182.3,184.62,4165998.0,186.916,38348.0
2026-03-24 15:00:00+00:00,184.64,186.15,181.18,183.2,2442652.0,184.247,19205.0
2026-03-24 16:00:00+00:00,183.2,183.92,180.53,180.72,1573162.0,182.496,11911.0
2026-03-24 17:00:00+00:00,180.7,181.34,177.59,178.27,1960579.0,179.032,16184.0
2026-03-24 18:00:00+00:00,178.22,184.3,178.07,181.29,2125512.0,181.161,17369.0
2026-03-24 19:00:00+00:00,181.3,182.79,180.8,180.91,2289030.0,181.68,22548.0
2026-03-25 13:30:00+00:00,184.67,190.71,184.55,187.68,1672191.0,188.06,13673.0
2026-03-25 14:00:00+00:00,187.63,189.9,186.56,186.77,1137704.0,188.046,9577.0
2026-03-25 15:00:00+00:00,186.82,187.35,182.76,183.02,1065740.0,184.674,9423.0
2026-03-25 16:00:00+00:00,182.96,186.2,182.34,183.67,838071.0,184.12,7101.0
2026-03-25 17:00:00+00:00,183.66,184.48,180.06,180.99,1209191.0,181.72,10608.0
2026-03-25 18:00:00+00:00,180.99,181.96,180.3,180.58,648543.0,181.106,5800.0
2026-03-25 19:00:00+00:00,180.6,182.95,180.24,181.06,1026355.0,181.758,10652.0
2026-03-26 13:30:00+00:00,177.0,179.75,174.02,179.3,1199983.0,176.707,9974.0
2026-03-26 14:00:00+00:00,179.28,179.5,175.6,176.81,1156965.0,177.755,9827.0
2026-03-26 15:00:00+00:00,176.84,176.94,173.51,174.09,1119365.0,174.824,8877.0
2026-03-26 16:00:00+00:00,174.08,174.38,171.99,172.29,689420.0,173.002,6460.0
2026-03-26 17:00:00+00:00,172.26,174.33,171.93,173.56,680409.0,173.336,5944.0
2026-03-26 18:00:00+00:00,173.59,174.22,172.33,173.34,529892.0,173.287,5161.0
2026-03-26 19:00:00+00:00,173.4,174.89,172.7,173.31,1238334.0,173.686,13858.0
2026-03-27 13:30:00+00:00,168.05,168.74,161.09,161.56,1873176.0,164.365,16745.0
2026-03-27 14:00:00+00:00,161.61,162.26,159.91,161.51,1640418.0,161.184,15110.0
2026-03-27 15:00:00+00:00,161.44,163.45,159.83,162.81,1447607.0,161.675,11916.0
2026-03-27 16:00:00+00:00,162.86,163.02,160.95,161.5,700315.0,161.899,5852.0
2026-03-27 17:00:00+00:00,161.47,163.1,160.7,160.86,611848.0,161.733,6275.0
2026-03-27 18:00:00+00:00,160.88,163.36,160.86,162.01,691578.0,162.307,7281.0
2026-03-27 19:00:00+00:00,161.99,162.29,160.38,161.15,1262137.0,161.199,13445.0
2026-03-30 13:30:00+00:00,164.53,166.5,161.33,161.63,1150667.0,163.912,9349.0
2026-03-30 14:00:00+00:00,161.63,163.89,159.57,163.76,1330843.0,161.248,10911.0
2026-03-30 15:00:00+00:00,163.77,164.89,161.92,163.5,1039173.0,163.41,7979.0
2026-03-30 16:00:00+00:00,163.57,163.81,161.22,161.65,624121.0,162.784,5313.0
2026-03-30 17:00:00+00:00,161.71,161.86,159.67,160.36,1107684.0,160.233,8914.0
2026-03-30 18:00:00+00:00,160.38,160.69,159.5,159.84,655419.0,160.123,6312.0
2026-03-30 19:00:00+00:00,159.84,160.91,158.46,160.87,1995709.0,159.708,18616.0
2026-03-31 13:30:00+00:00,163.2,167.59,162.18,166.86,1062176.0,165.229,9098.0
2026-03-31 14:00:00+00:00,166.84,169.48,164.58,165.56,1631261.0,167.117,14516.0
2026-03-31 15:00:00+00:00,165.59,168.08,165.52,166.42,859659.0,166.568,6856.0
2026-03-31 16:00:00+00:00,166.49,172.85,166.23,171.94,1180463.0,169.675,10699.0
2026-03-31 17:00:00+00:00,171.96,174.85,171.5,171.97,1350282.0,173.19,11999.0
2026-03-31 18:00:00+00:00,171.98,175.29,171.79,174.79,785879.0,173.98,7722.0
2026-03-31 19:00:00+00:00,174.81,175.84,173.89,174.57,1364365.0,174.84,16279.0
2026-04-01 13:30:00+00:00,179.0,179.3,171.72,174.62,1058991.0,175.183,8801.0
2026-04-01 14:00:00+00:00,174.61,176.23,173.02,175.78,1137948.0,174.52,9569.0
2026-04-01 15:00:00+00:00,175.87,176.4,174.76,176.03,854945.0,175.62,6049.0
2026-04-01 16:00:00+00:00,176.06,176.95,174.67,176.91,662590.0,175.762,5770.0
2026-04-01 17:00:00+00:00,176.87,177.7,174.92,175.11,550574.0,176.567,4891.0
2026-04-01 18:00:00+00:00,175.23,175.33,172.5,172.93,705998.0,173.647,6622.0
2026-04-01 19:00:00+00:00,172.86,174.39,172.67,172.99,956478.0,173.524,11334.0
2026-04-02 13:30:00+00:00,167.66,168.08,163.56,165.71,1284529.0,165.174,9952.0
2026-04-02 14:00:00+00:00,165.8,172.61,164.04,171.02,1946160.0,167.911,15134.0
2026-04-02 15:00:00+00:00,171.02,173.03,169.02,171.21,1132886.0,170.976,8350.0
2026-04-02 16:00:00+00:00,171.21,172.37,169.65,171.6,530418.0,171.153,4158.0
2026-04-02 17:00:00+00:00,171.56,172.35,170.35,170.45,516006.0,171.491,3634.0
2026-04-02 18:00:00+00:00,170.51,171.75,170.35,171.33,402152.0,170.966,3448.0
2026-04-02 19:00:00+00:00,171.33,171.9,170.75,171.48,726378.0,171.385,8211.0
2026-04-06 13:30:00+00:00,175.1,177.71,173.47,175.42,847741.0,175.773,6488.0
2026-04-06 14:00:00+00:00,175.36,177.9,174.44,175.97,1042520.0,176.342,8610.0
2026-04-06 15:00:00+00:00,175.92,177.63,175.5,176.5,549194.0,176.474,4594.0
2026-04-06 16:00:00+00:00,176.53,177.72,176.03,176.13,486519.0,176.951,4383.0
2026-04-06 17:00:00+00:00,176.19,176.25,173.6,174.45,614038.0,174.621,5046.0
2026-04-06 18:00:00+00:00,174.4,176.59,174.31,175.64,471860.0,175.668,3972.0
2026-04-06 19:00:00+00:00,175.69,176.05,174.73,174.79,820387.0,175.263,8676.0
2026-04-07 13:30:00+00:00,172.12,172.91,169.09,169.2,695641.0,170.333,6030.0
2026-04-07 14:00:00+00:00,169.28,169.32,166.05,167.43,957604.0,167.325,8956.0
2026-04-07 15:00:00+00:00,167.41,169.98,166.07,169.94,762487.0,167.827,6615.0
2026-04-07 16:00:00+00:00,169.98,174.67,169.95,172.56,1154029.0,172.847,8470.0
2026-04-07 17:00:00+00:00,172.63,173.75,171.31,173.2,526272.0,172.58,4463.0
2026-04-07 18:00:00+00:00,173.25,173.34,170.76,171.22,355886.0,172.059,3677.0
2026-04-07 19:00:00+00:00,171.34,175.26,170.97,175.19,1010704.0,173.703,10181.0
2026-04-08 13:30:00+00:00,187.81,189.57,180.8,181.1,1693228.0,184.673,14579.0
2026-04-08 14:00:00+00:00,181.11,181.58,176.88,177.32,1604596.0,179.589,12891.0
2026-04-08 15:00:00+00:00,177.37,180.71,177.14,180.1,770172.0,178.919,6185.0
2026-04-08 16:00:00+00:00,180.04,181.09,178.81,179.39,597653.0,179.865,4875.0
2026-04-08 17:00:00+00:00,179.43,179.67,177.86,179.12,638660.0,178.902,5473.0
2026-04-08 18:00:00+00:00,179.1,179.42,173.56,173.67,790440.0,176.033,6867.0
2026-04-08 19:00:00+00:00,173.61,175.43,172.96,175.13,1032647.0,174.406,10489.0
2026-04-09 13:30:00+00:00,175.83,177.14,169.16,170.36,1012416.0,172.349,8067.0
2026-04-09 14:00:00+00:00,170.28,170.37,166.4,169.93,1523467.0,168.11,13861.0
2026-04-09 15:00:00+00:00,169.86,174.83,169.5,174.16,1268509.0,172.14,11998.0
2026-04-09 16:00:00+00:00,174.22,175.93,171.48,172.0,908754.0,173.779,8632.0
2026-04-09 17:00:00+00:00,171.99,173.75,171.76,172.88,657608.0,172.889,6673.0
2026-04-09 18:00:00+00:00,172.92,172.92,168.49,168.69,967487.0,170.16,9239.0
2026-04-09 19:00:00+00:00,168.69,170.45,168.21,169.07,1407395.0,169.087,15944.0
2026-04-10 13:30:00+00:00,169.36,170.48,163.2,165.17,1311703.0,165.889,12008.0
2026-04-10 14:00:00+00:00,165.08,169.62,163.13,167.7,1666520.0,166.593,14149.0
2026-04-10 15:00:00+00:00,167.65,168.0,165.98,166.73,618290.0,166.993,5612.0
2026-04-10 16:00:00+00:00,166.72,169.04,166.25,169.03,579717.0,167.963,5844.0
2026-04-10 17:00:00+00:00,169.07,169.07,166.52,167.98,427520.0,167.685,4155.0
2026-04-10 18:00:00+00:00,167.93,168.1,166.37,166.8,331384.0,167.029,3315.0
2026-04-10 19:00:00+00:00,166.8,168.27,166.74,167.86,837751.0,167.666,10185.0
2026-04-13 13:30:00+00:00,164.7,172.81,164.33,172.81,1149526.0,168.013,10871.0
2026-04-13 14:00:00+00:00,172.81,174.78,170.5,174.75,1368131.0,172.537,12033.0
2026-04-13 15:00:00+00:00,174.75,175.01,170.82,171.55,668447.0,172.534,5176.0
2026-04-13 16:00:00+00:00,171.65,173.88,171.13,173.13,409081.0,172.641,3928.0
2026-04-13 17:00:00+00:00,173.09,173.61,171.66,171.85,353058.0,172.802,3433.0
2026-04-13 18:00:00+00:00,171.97,172.45,171.48,172.2,275083.0,171.977,3163.0
2026-04-13 19:00:00+00:00,172.22,174.58,171.76,174.52,929933.0,173.667,10687.0
2026-04-14 13:30:00+00:00,180.03,186.43,180.0,185.35,1910816.0,184.099,16383.0
2026-04-14 14:00:00+00:00,185.47,187.14,183.74,185.73,1494835.0,185.452,13463.0
2026-04-14 15:00:00+00:00,185.87,187.03,183.92,186.49,990352.0,185.518,8126.0
2026-04-14 16:00:00+00:00,186.54,187.03,185.47,185.66,593218.0,186.376,5760.0
2026-04-14 17:00:00+00:00,185.67,186.21,184.36,184.5,545822.0,185.299,5468.0
2026-04-14 18:00:00+00:00,184.52,184.56,181.82,183.44,892560.0,182.961,7512.0
2026-04-14 19:00:00+00:00,183.44,184.86,183.4,184.41,937160.0,184.197,10320.0
2026-04-15 13:30:00+00:00,185.5,188.2,183.52,188.01,1077638.0,186.028,7930.0
2026-04-15 14:00:00+00:00,188.07,193.63,187.39,191.21,2741832.0,190.937,23150.0
2026-04-15 15:00:00+00:00,191.21,191.84,189.2,189.85,864334.0,190.402,7917.0
2026-04-15 16:00:00+00:00,189.8,192.12,187.87,188.66,746441.0,190.074,6910.0
2026-04-15 17:00:00+00:00,188.66,190.6,188.61,189.68,455607.0,189.614,4267.0
2026-04-15 18:00:00+00:00,189.68,193.3,189.4,193.17,732964.0,192.129,6649.0
2026-04-15 19:00:00+00:00,193.11,196.46,192.94,195.97,1501905.0,194.993,14584.0
2026-04-16 13:30:00+00:00,197.39,198.0,189.56,190.51,1396325.0,193.383,11028.0
2026-04-16 14:00:00+00:00,190.53,192.75,188.5,192.09,1340192.0,190.548,12162.0
2026-04-16 15:00:00+00:00,192.15,198.21,191.98,197.82,1542153.0,195.639,12648.0
2026-04-16 16:00:00+00:00,197.83,200.58,196.11,196.87,1321742.0,198.5,11052.0
2026-04-16 17:00:00+00:00,196.84,197.42,194.6,196.23,936949.0,196.051,8289.0
2026-04-16 18:00:00+00:00,196.28,198.5,195.54,198.42,536564.0,197.086,4949.0
2026-04-16 19:00:00+00:00,198.51,200.29,197.94,199.78,1146378.0,199.089,12083.0
2026-04-17 13:30:00+00:00,205.14,207.8,202.95,206.99,1457815.0,205.609,11140.0
2026-04-17 14:00:00+00:00,206.98,216.05,206.65,214.83,3060265.0,211.57,23611.0
2026-04-17 15:00:00+00:00,214.76,214.84,210.28,212.96,1968649.0,212.32,17135.0
2026-04-17 16:00:00+00:00,213.0,214.41,211.87,212.88,1071155.0,213.327,9420.0
2026-04-17 17:00:00+00:00,212.88,213.24,208.65,208.8,1290023.0,210.263,10392.0
2026-04-17 18:00:00+00:00,208.77,209.08,206.28,207.34,1028506.0,207.595,8107.0
2026-04-17 19:00:00+00:00,207.4,207.81,205.39,206.41,1383352.0,206.522,13203.0
2026-04-20 13:30:00+00:00,201.03,204.89,200.02,203.22,1300568.0,202.526,10715.0
2026-04-20 14:00:00+00:00,203.09,206.03,201.79,202.3,1330629.0,203.887,11660.0
2026-04-20 15:00:00+00:00,202.48,207.86,201.51,206.73,1178764.0,205.446,10297.0
2026-04-20 16:00:00+00:00,206.68,206.7,205.0,205.81,519909.0,205.832,4090.0
2026-04-20 17:00:00+00:00,205.86,207.98,205.73,207.78,608821.0,207.076,4804.0
2026-04-20 18:00:00+00:00,207.79,210.74,207.65,209.77,975069.0,209.398,8178.0
2026-04-20 19:00:00+00:00,209.83,212.3,209.15,211.7,1424960.0,211.03,13123.0
2026-04-21 13:30:00+00:00,211.2,211.46,205.33,208.7,1227328.0,207.853,9952.0
2026-04-21 14:00:00+00:00,208.79,209.89,202.31,202.88,1777481.0,207.093,13009.0
2026-04-21 15:00:00+00:00,202.89,203.89,198.5,201.08,2200029.0,201.82,17348.0
2026-04-21 16:00:00+00:00,201.29,201.84,198.43,200.72,1059612.0,200.61,9233.0
2026-04-21 17:00:00+00:00,200.66,201.4,196.46,198.37,1459387.0,198.142,11251.0
2026-04-21 18:00:00+00:00,198.28,199.13,196.95,198.71,839493.0,198.198,7365.0
2026-04-21 19:00:00+00:00,198.76,199.8,194.6,195.93,2073884.0,196.744,19256.0
2026-04-22 13:30:00+00:00,204.18,210.75,202.34,210.21,2019211.0,207.332,16238.0
2026-04-22 14:00:00+00:00,210.24,211.97,207.41,208.73,2143913.0,209.746,17107.0
2026-04-22 15:00:00+00:00,208.74,209.24,206.42,208.04,1218534.0,207.823,9721.0
2026-04-22 16:00:00+00:00,208.1,209.49,204.35,204.92,1175252.0,206.506,8405.0
2026-04-22 17:00:00+00:00,204.94,206.26,204.83,205.78,525560.0,205.57,4783.0
2026-04-22 18:00:00+00:00,205.86,206.65,204.24,205.99,712188.0,205.424,6415.0
2026-04-22 19:00:00+00:00,206.0,206.61,204.77,206.26,995826.0,205.862,11744.0
2026-04-23 13:30:00+00:00,202.33,205.78,199.02,199.35,1065776.0,202.079,8730.0
2026-04-23 14:00:00+00:00,199.42,202.93,197.6,202.68,1158388.0,199.76,10214.0
2026-04-23 15:00:00+00:00,202.78,203.89,201.17,201.89,695570.0,202.601,6680.0
2026-04-23 16:00:00+00:00,202.0,202.32,200.36,200.8,426740.0,201.361,3819.0
2026-04-23 17:00:00+00:00,200.7,201.21,193.91,197.88,1395426.0,196.944,11676.0
2026-04-23 18:00:00+00:00,197.83,199.82,196.68,197.09,709231.0,198.521,6710.0
2026-04-23 19:00:00+00:00,197.13,198.28,196.78,198.0,898094.0,197.62,10173.0
2026-04-24 13:30:00+00:00,202.08,202.54,198.47,199.33,611933.0,200.961,5414.0
2026-04-24 14:00:00+00:00,199.22,199.85,196.53,198.67,969521.0,198.256,8091.0
2026-04-24 15:00:00+00:00,198.67,201.44,197.6,200.53,521945.0,199.288,4481.0
2026-04-24 16:00:00+00:00,200.53,200.63,198.36,199.81,387536.0,199.159,3093.0
2026-04-24 17:00:00+00:00,199.73,201.13,199.25,200.41,312846.0,200.056,2853.0
2026-04-24 18:00:00+00:00,200.46,201.31,199.63,201.19,423293.0,200.568,3928.0
2026-04-24 19:00:00+00:00,201.24,201.99,199.4,199.71,933554.0,200.346,9252.0
2026-04-27 13:30:00+00:00,199.11,204.49,196.8,198.41,1247205.0,200.916,10642.0
2026-04-27 14:00:00+00:00,198.35,201.92,197.29,198.6,994213.0,199.496,7998.0
2026-04-27 15:00:00+00:00,198.59,198.98,195.42,196.72,872955.0,196.818,7639.0
2026-04-27 16:00:00+00:00,196.74,197.41,195.25,195.9,453115.0,196.245,3845.0
2026-04-27 17:00:00+00:00,195.87,198.6,195.87,197.55,407960.0,197.427,3526.0
2026-04-27 18:00:00+00:00,197.46,198.57,197.11,197.79,330530.0,197.869,3067.0
2026-04-27 19:00:00+00:00,197.76,198.5,195.73,196.73,882190.0,196.894,8300.0
2026-04-28 13:30:00+00:00,190.2,194.84,188.75,193.86,1080420.0,192.143,8815.0
2026-04-28 14:00:00+00:00,194.11,194.25,190.0,191.7,760724.0,192.236,6716.0
2026-04-28 15:00:00+00:00,191.75,193.13,190.94,191.75,581417.0,192.067,5278.0
2026-04-28 16:00:00+00:00,191.78,192.83,190.93,192.13,325047.0,191.711,3153.0
2026-04-28 17:00:00+00:00,192.21,193.06,191.3,192.7,453951.0,192.233,3445.0
2026-04-28 18:00:00+00:00,192.75,195.94,192.48,195.67,526381.0,194.07,4298.0
2026-04-28 19:00:00+00:00,195.6,195.6,194.03,194.1,564975.0,194.508,6102.0
2026-04-29 13:30:00+00:00,187.27,187.32,178.58,180.46,2469500.0,181.227,21906.0
2026-04-29 14:00:00+00:00,180.46,180.46,177.8,178.15,1646836.0,178.947,14210.0
2026-04-29 15:00:00+00:00,178.05,181.02,177.62,178.71,1409576.0,179.307,11526.0
2026-04-29 16:00:00+00:00,178.71,180.11,178.42,179.15,707547.0,179.131,6607.0
2026-04-29 17:00:00+00:00,179.17,181.86,178.75,181.09,893456.0,180.328,7058.0
2026-04-29 18:00:00+00:00,181.16,181.27,178.62,180.8,743946.0,179.69,7087.0
2026-04-29 19:00:00+00:00,180.8,181.91,179.32,181.72,1265147.0,180.962,13832.0
2026-04-30 13:30:00+00:00,181.6,185.3,179.89,182.51,1145902.0,182.721,7910.0
2026-04-30 14:00:00+00:00,182.5,187.25,182.5,186.97,1030537.0,185.025,8222.0
2026-04-30 15:00:00+00:00,186.99,189.05,186.28,188.31,672585.0,187.826,6341.0
2026-04-30 16:00:00+00:00,188.29,188.58,185.29,185.54,524090.0,186.761,3957.0
2026-04-30 17:00:00+00:00,185.48,187.7,185.32,187.53,532266.0,186.344,4053.0
2026-04-30 18:00:00+00:00,187.5,189.56,187.47,188.2,498990.0,188.448,4703.0
2026-04-30 19:00:00+00:00,188.16,188.62,186.91,187.75,955834.0,187.589,10647.0
2026-05-01 13:30:00+00:00,191.88,193.99,189.86,192.94,690734.0,191.977,3211.0
2026-05-01 14:00:00+00:00,193.14,194.51,191.72,194.27,1007147.0,193.207,3948.0
2026-05-01 15:00:00+00:00,194.28,194.3,192.17,192.8,610778.0,193.142,2374.0
2026-05-01 16:00:00+00:00,192.77,193.48,190.86,192.23,556310.0,192.068,2402.0
2026-05-01 17:00:00+00:00,192.3,193.55,191.56,193.4,261460.0,192.504,1419.0
2026-05-01 18:00:00+00:00,193.34,193.64,191.25,191.58,361324.0,192.351,1741.0
2026-05-01 19:00:00+00:00,191.58,191.8,190.69,191.21,558720.0,191.18,3223.0
2026-05-04 13:30:00+00:00,199.41,202.29,197.85,200.19,1363418.0,200.374,5910.0
2026-05-04 14:00:00+00:00,200.28,206.71,198.5,204.15,1365613.0,202.978,6500.0
2026-05-04 15:00:00+00:00,204.15,206.49,202.5,204.55,966409.0,204.5,5127.0
2026-05-04 16:00:00+00:00,204.4,205.69,201.85,203.21,824099.0,204.138,3792.0
2026-05-04 17:00:00+00:00,203.27,206.55,202.75,205.17,606595.0,204.883,3002.0
2026-05-04 18:00:00+00:00,205.21,205.45,202.55,203.63,601614.0,203.667,3105.0
2026-05-04 19:00:00+00:00,203.6,204.23,202.16,202.88,876252.0,203.135,5824.0
2026-05-05 13:30:00+00:00,208.88,208.88,198.57,198.57,1434697.0,203.787,6617.0
2026-05-05 14:00:00+00:00,198.72,199.49,195.88,198.49,1218957.0,198.07,6201.0
2026-05-05 15:00:00+00:00,198.49,199.64,197.0,197.12,592880.0,198.287,2732.0
2026-05-05 16:00:00+00:00,197.2,197.57,194.44,195.87,809156.0,195.896,3720.0
2026-05-05 17:00:00+00:00,195.84,196.46,194.4,195.27,358976.0,195.34,1664.0
2026-05-05 18:00:00+00:00,195.27,197.3,195.26,197.08,462435.0,196.285,1960.0
2026-05-05 19:00:00+00:00,197.07,198.04,196.14,197.66,814396.0,197.273,4795.0
2026-05-06 13:30:00+00:00,195.78,198.5,193.25,195.27,868626.0,196.159,4506.0
2026-05-06 14:00:00+00:00,195.19,196.9,193.25,195.05,709987.0,195.385,4021.0
2026-05-06 15:00:00+00:00,195.04,195.7,193.56,195.61,566369.0,194.706,2953.0
2026-05-06 16:00:00+00:00,195.54,196.9,194.6,195.02,472330.0,195.956,2306.0
2026-05-06 17:00:00+00:00,195.13,196.43,195.0,195.29,292588.0,195.788,1697.0
2026-05-06 18:00:00+00:00,195.29,196.39,194.78,195.29,328914.0,195.57,1933.0
2026-05-06 19:00:00+00:00,195.29,198.4,195.02,197.88,998739.0,197.187,5606.0
2026-05-07 13:30:00+00:00,196.4,198.15,193.87,195.74,611912.0,196.44,2932.0
2026-05-07 14:00:00+00:00,195.93,196.6,194.3,195.65,550355.0,195.342,2966.0
2026-05-07 15:00:00+00:00,195.47,196.49,193.52,193.59,515293.0,194.87,2530.0
2026-05-07 16:00:00+00:00,193.7,194.2,191.67,192.41,531122.0,192.963,2923.0
2026-05-07 17:00:00+00:00,192.47,193.65,190.32,193.6,559871.0,191.952,2912.0
2026-05-07 18:00:00+00:00,193.58,194.57,191.8,192.63,457828.0,193.212,2649.0
2026-05-07 19:00:00+00:00,192.57,193.56,191.11,192.75,1135461.0,192.468,6536.0
2026-05-08 13:30:00+00:00,186.05,186.72,182.8,183.11,1791704.0,184.652,9499.0
2026-05-08 14:00:00+00:00,183.17,192.98,183.09,191.12,1545023.0,188.656,7839.0
2026-05-08 15:00:00+00:00,191.21,193.44,189.39,192.99,836581.0,191.388,4404.0
2026-05-08 16:00:00+00:00,193.03,193.97,191.6,191.8,468768.0,192.615,2506.0
2026-05-08 17:00:00+00:00,191.8,196.45,191.8,194.76,572735.0,194.67,3056.0
2026-05-08 18:00:00+00:00,194.79,197.44,194.74,195.01,565417.0,196.387,3276.0
2026-05-08 19:00:00+00:00,194.94,201.37,194.7,201.33,1446574.0,199.057,8473.0
2026-05-11 13:30:00+00:00,200.3,204.76,192.81,204.5,1103290.0,199.677,5223.0
2026-05-11 14:00:00+00:00,204.45,207.98,202.83,207.84,1426559.0,205.718,7580.0
2026-05-11 15:00:00+00:00,207.91,211.12,207.0,209.14,1116742.0,209.003,5771.0
2026-05-11 16:00:00+00:00,209.2,213.1,208.65,210.6,855265.0,211.079,4316.0
2026-05-11 17:00:00+00:00,210.75,214.58,209.29,213.45,735642.0,212.61,3677.0
2026-05-11 18:00:00+00:00,213.51,217.85,213.42,214.71,1149949.0,216.094,6279.0
2026-05-11 19:00:00+00:00,214.83,217.66,213.55,216.62,1552353.0,215.695,8936.0
2026-05-12 13:30:00+00:00,211.9,218.46,208.54,209.0,1253355.0,213.587,5710.0
2026-05-12 14:00:00+00:00,208.95,211.52,207.16,207.35,907743.0,209.291,4659.0
2026-05-12 15:00:00+00:00,207.49,207.9,203.64,203.88,713821.0,205.551,3796.0
2026-05-12 16:00:00+00:00,203.86,206.3,200.2,200.56,818854.0,203.577,2997.0
2026-05-12 17:00:00+00:00,200.6,205.69,200.59,204.72,510978.0,203.838,2462.0
2026-05-12 18:00:00+00:00,204.85,206.87,204.47,204.74,394749.0,205.539,2238.0
2026-05-12 19:00:00+00:00,204.79,207.9,204.2,207.68,768976.0,206.425,4596.0
2026-05-13 13:30:00+00:00,204.2,204.2,197.5,198.43,1045739.0,200.394,5613.0
2026-05-13 14:00:00+00:00,198.43,203.56,198.1,202.36,855026.0,201.178,4546.0
2026-05-13 15:00:00+00:00,202.37,203.64,198.27,198.39,492358.0,201.401,2707.0
2026-05-13 16:00:00+00:00,198.5,202.56,198.13,201.06,492362.0,200.119,2975.0
2026-05-13 17:00:00+00:00,201.08,201.65,199.89,200.59,264533.0,200.739,1437.0
2026-05-13 18:00:00+00:00,200.97,203.65,200.35,201.77,499889.0,202.144,2901.0
2026-05-13 19:00:00+00:00,201.91,204.11,201.51,201.7,710494.0,202.526,4253.0
2026-05-14 13:30:00+00:00,201.25,201.34,195.1,195.26,833888.0,197.631,4026.0
2026-05-14 14:00:00+00:00,195.25,207.2,195.1,206.15,1166717.0,201.74,5653.0
2026-05-14 15:00:00+00:00,206.2,215.33,204.46,214.12,1768682.0,210.403,8798.0
2026-05-14 16:00:00+00:00,214.21,222.19,213.9,220.5,2999085.0,218.913,14465.0
2026-05-14 17:00:00+00:00,220.33,222.36,215.0,216.39,1494168.0,218.025,7278.0
2026-05-14 18:00:00+00:00,216.4,220.57,215.15,218.69,1015801.0,218.376,4952.0
2026-05-14 19:00:00+00:00,218.69,219.86,211.69,211.98,1436297.0,214.427,8283.0
2026-05-15 13:30:00+00:00,205.42,206.0,195.88,198.18,1922590.0,199.799,9414.0
2026-05-15 14:00:00+00:00,198.27,200.3,196.13,196.4,1340699.0,198.507,7081.0
2026-05-15 15:00:00+00:00,196.41,196.59,192.3,192.86,1733018.0,194.191,8638.0
2026-05-15 16:00:00+00:00,192.94,194.55,192.5,193.56,750910.0,193.551,4029.0
2026-05-15 17:00:00+00:00,193.49,199.07,193.3,198.94,872072.0,196.294,4614.0
2026-05-15 18:00:00+00:00,198.94,199.87,196.42,196.44,827196.0,198.299,3923.0
2026-05-15 19:00:00+00:00,196.5,196.9,195.2,195.43,1138720.0,195.927,6673.0
2026-05-18 13:30:00+00:00,190.25,194.2,187.3,193.39,1256575.0,190.363,5568.0
2026-05-18 14:00:00+00:00,193.44,193.91,186.89,187.4,1156798.0,189.847,5423.0
2026-05-18 15:00:00+00:00,187.47,188.8,185.24,187.52,928370.0,186.844,4623.0
2026-05-18 16:00:00+00:00,187.55,188.77,185.26,186.13,542952.0,186.664,2748.0
2026-05-18 17:00:00+00:00,186.13,186.95,185.77,186.15,290672.0,186.407,1649.0
2026-05-18 18:00:00+00:00,186.14,186.51,184.15,185.07,556061.0,185.226,2997.0
2026-05-18 19:00:00+00:00,185.09,189.88,185.09,189.5,1075370.0,188.531,6385.0
2026-05-19 13:30:00+00:00,188.38,190.95,185.53,188.88,599927.0,188.398,3014.0
2026-05-19 14:00:00+00:00,189.0,190.99,187.6,190.67,660037.0,189.459,3707.0
2026-05-19 15:00:00+00:00,190.67,193.0,190.26,191.55,687887.0,191.682,3168.0
2026-05-19 16:00:00+00:00,191.71,194.19,190.19,193.83,395912.0,192.217,2103.0
2026-05-19 17:00:00+00:00,193.83,195.53,193.17,193.61,464452.0,194.586,2563.0
2026-05-19 18:00:00+00:00,193.62,195.25,192.79,193.13,380499.0,194.165,1899.0
2026-05-19 19:00:00+00:00,193.23,194.82,192.71,193.5,603802.0,193.545,3578.0
2026-05-20 13:30:00+00:00,193.75,194.23,189.73,191.01,655790.0,191.736,3475.0
2026-05-20 14:00:00+00:00,191.1,195.6,190.19,193.0,731647.0,193.503,4530.0
2026-05-20 15:00:00+00:00,193.06,195.8,192.52,195.24,528475.0,194.688,2846.0
2026-05-20 16:00:00+00:00,195.11,196.0,193.95,194.65,284629.0,194.825,1425.0
2026-05-20 17:00:00+00:00,194.59,196.23,194.07,195.4,326950.0,195.187,1627.0
2026-05-20 18:00:00+00:00,195.5,196.63,192.86,193.18,305544.0,195.129,1790.0
2026-05-20 19:00:00+00:00,193.23,193.88,191.16,191.39,702679.0,192.316,4542.0
2026-05-21 13:30:00+00:00,189.8,191.22,187.76,189.76,576705.0,189.809,2328.0
2026-05-21 14:00:00+00:00,189.87,191.86,187.67,190.16,561868.0,189.444,2369.0
2026-05-21 15:00:00+00:00,190.2,191.08,188.8,190.59,265876.0,190.187,1264.0
2026-05-21 16:00:00+00:00,190.8,191.14,189.27,191.03,309283.0,190.334,1134.0
2026-05-21 17:00:00+00:00,191.21,195.35,190.67,194.78,478206.0,193.241,2195.0
2026-05-21 18:00:00+00:00,194.87,195.7,192.55,194.23,451349.0,194.507,2311.0
2026-05-21 19:00:00+00:00,194.02,195.11,193.14,193.6,482277.0,193.976,3030.0
2026-05-22 13:30:00+00:00,194.02,195.59,191.5,192.7,531624.0,193.519,2214.0
2026-05-22 14:00:00+00:00,192.71,193.76,186.82,188.3,1210426.0,189.241,5968.0
2026-05-22 15:00:00+00:00,188.19,189.86,188.13,188.39,407795.0,189.065,2103.0
2026-05-22 16:00:00+00:00,188.38,189.96,188.28,188.89,399234.0,189.262,2017.0
2026-05-22 17:00:00+00:00,188.96,190.34,187.78,187.78,394854.0,188.972,2031.0
2026-05-22 18:00:00+00:00,187.81,188.5,185.84,186.47,528533.0,187.214,2699.0
2026-05-22 19:00:00+00:00,186.44,186.51,184.6,184.98,947221.0,185.38,5117.0
2026-05-26 13:30:00+00:00,185.86,187.8,183.82,185.59,843820.0,185.721,3601.0
2026-05-26 14:00:00+00:00,185.72,187.6,184.65,185.23,606873.0,186.082,2926.0
2026-05-26 15:00:00+00:00,185.27,185.86,183.63,184.41,388378.0,184.915,2063.0
2026-05-26 16:00:00+00:00,184.49,185.8,183.35,183.62,282515.0,184.457,1500.0
2026-05-26 17:00:00+00:00,183.5,185.05,181.79,181.95,448481.0,182.969,2482.0
2026-05-26 18:00:00+00:00,181.9,182.36,180.23,180.33,485825.0,181.455,2498.0
2026-05-26 19:00:00+00:00,180.36,180.59,179.11,180.03,1031001.0,179.807,6252.0
2026-05-27 13:30:00+00:00,176.38,179.74,175.37,178.63,674959.0,177.673,3176.0
2026-05-27 14:00:00+00:00,178.61,179.85,177.01,177.87,652191.0,178.454,3571.0
2026-05-27 15:00:00+00:00,177.88,178.18,175.71,176.07,479047.0,177.036,2569.0
2026-05-27 16:00:00+00:00,176.1,176.6,174.25,176.44,640261.0,175.408,3535.0
2026-05-27 17:00:00+00:00,176.45,176.54,174.67,175.05,333508.0,175.379,1816.0
2026-05-27 18:00:00+00:00,175.05,176.61,174.61,176.16,436746.0,175.773,2795.0
2026-05-27 19:00:00+00:00,176.19,176.22,173.71,173.78,974408.0,174.624,5673.0
2026-05-28 13:30:00+00:00,170.95,174.73,169.17,174.73,948819.0,171.064,4454.0
2026-05-28 14:00:00+00:00,174.74,178.89,173.2,178.43,1072664.0,176.063,4876.0
2026-05-28 15:00:00+00:00,178.55,181.11,178.55,180.5,594094.0,179.992,2951.0
2026-05-28 16:00:00+00:00,180.4,180.51,178.36,179.7,390020.0,179.497,1828.0
2026-05-28 17:00:00+00:00,179.7,181.96,179.22,181.27,461053.0,180.665,2131.0
2026-05-28 18:00:00+00:00,181.24,181.96,180.35,180.98,420174.0,181.126,2070.0
2026-05-28 19:00:00+00:00,181.11,182.65,180.39,182.25,829254.0,181.865,4600.0
2026-05-29 13:30:00+00:00,180.23,185.5,178.85,182.92,734337.0,182.59,2898.0
2026-05-29 14:00:00+00:00,183.0,183.8,179.25,182.8,769913.0,181.328,4189.0
2026-05-29 15:00:00+00:00,182.88,191.3,182.84,190.18,1557821.0,188.21,8182.0
2026-05-29 16:00:00+00:00,190.27,191.75,188.32,189.3,660090.0,190.036,3456.0
2026-05-29 17:00:00+00:00,189.3,191.6,188.76,191.4,575523.0,190.144,3042.0
2026-05-29 18:00:00+00:00,191.47,191.83,187.91,188.69,518862.0,190.232,2864.0
2026-05-29 19:00:00+00:00,188.67,189.67,187.59,188.99,1044327.0,188.748,6240.0
2026-06-01 13:30:00+00:00,179.17,180.8,176.18,179.22,1206274.0,178.309,5871.0
2026-06-01 14:00:00+00:00,179.23,180.37,177.7,180.21,734286.0,178.896,3963.0
2026-06-01 15:00:00+00:00,180.4,186.43,180.16,184.71,705414.0,183.879,3850.0
2026-06-01 16:00:00+00:00,184.71,185.53,180.38,181.81,684050.0,181.845,3234.0
2026-06-01 17:00:00+00:00,181.79,186.6,181.25,185.73,644616.0,184.611,3358.0
2026-06-01 18:00:00+00:00,185.73,185.99,182.41,182.57,430188.0,184.008,2155.0
2026-06-01 19:00:00+00:00,182.7,182.82,180.7,182.57,701072.0,182.076,4071.0
2026-06-02 13:30:00+00:00,176.88,178.55,175.22,176.06,834716.0,176.874,3966.0
2026-06-02 14:00:00+00:00,176.06,176.63,172.38,174.29,1486878.0,174.218,6940.0
2026-06-02 15:00:00+00:00,174.06,174.61,171.67,173.12,960158.0,172.867,4336.0
2026-06-02 16:00:00+00:00,173.12,175.9,172.89,174.54,637701.0,174.616,2695.0
2026-06-02 17:00:00+00:00,174.52,175.94,173.63,173.7,338832.0,174.743,1630.0
2026-06-02 18:00:00+00:00,173.7,174.31,172.6,172.94,427150.0,173.352,2172.0
2026-06-02 19:00:00+00:00,172.97,174.37,172.5,173.98,793643.0,173.616,4889.0
2026-06-03 13:30:00+00:00,171.54,172.0,167.9,168.43,999724.0,169.676,4897.0
2026-06-03 14:00:00+00:00,168.32,169.2,167.41,167.58,779287.0,168.176,4107.0
2026-06-03 15:00:00+00:00,167.66,167.69,165.06,165.69,939206.0,165.962,4776.0
2026-06-03 16:00:00+00:00,165.75,166.2,164.06,165.25,533655.0,164.962,2893.0
2026-06-03 17:00:00+00:00,165.24,165.99,164.35,165.24,353894.0,165.151,1931.0
2026-06-03 18:00:00+00:00,165.21,165.96,164.95,165.0,341350.0,165.454,1929.0
2026-06-03 19:00:00+00:00,164.98,165.0,162.75,163.26,1053127.0,163.657,6402.0
2026-06-04 13:30:00+00:00,164.31,165.0,161.89,163.4,924142.0,163.145,4492.0
2026-06-04 14:00:00+00:00,163.4,166.4,162.64,163.75,1260588.0,164.63,6653.0
2026-06-04 15:00:00+00:00,163.74,165.48,162.85,163.02,536923.0,164.263,2894.0
2026-06-04 16:00:00+00:00,163.0,164.18,162.62,163.28,378749.0,163.296,2130.0
2026-06-04 17:00:00+00:00,163.28,164.55,162.4,164.31,459397.0,163.319,2486.0
2026-06-04 18:00:00+00:00,164.37,166.5,163.82,164.66,577438.0,165.13,2873.0
2026-06-04 19:00:00+00:00,164.65,166.42,164.05,164.17,894701.0,164.964,4637.0
2026-06-05 13:30:00+00:00,158.7,158.7,153.03,153.3,1767665.0,156.221,8608.0
2026-06-05 14:00:00+00:00,153.14,154.81,151.64,154.07,1810717.0,153.157,8296.0
2026-06-05 15:00:00+00:00,154.01,154.14,150.1,150.39,1521824.0,151.618,6238.0
2026-06-05 16:00:00+00:00,150.49,151.38,149.34,150.83,1056500.0,150.146,5033.0
2026-06-05 17:00:00+00:00,150.8,150.91,148.95,149.28,853333.0,149.715,4341.0
2026-06-05 18:00:00+00:00,149.34,149.53,147.88,148.92,1296771.0,148.477,6112.0
2026-06-05 19:00:00+00:00,148.85,152.94,148.59,152.5,1883663.0,151.253,10385.0
2026-06-08 13:30:00+00:00,156.6,157.71,154.98,156.74,989290.0,156.21,4010.0
2026-06-08 14:00:00+00:00,157.01,160.84,157.01,160.3,1053671.0,159.189,5206.0
2026-06-08 15:00:00+00:00,160.3,162.71,160.23,161.25,785150.0,161.615,3917.0
2026-06-08 16:00:00+00:00,161.29,163.08,160.55,162.17,459548.0,162.154,2255.0
2026-06-08 17:00:00+00:00,162.3,163.58,161.3,163.47,445709.0,162.27,2195.0
2026-06-08 18:00:00+00:00,163.53,164.28,162.0,162.34,466558.0,163.229,2336.0
2026-06-08 19:00:00+00:00,162.3,162.7,161.38,162.11,699598.0,162.038,3818.0
2026-06-09 13:30:00+00:00,157.25,164.98,157.06,164.59,653125.0,161.677,2789.0
2026-06-09 14:00:00+00:00,164.73,164.98,156.78,158.16,980520.0,159.991,5047.0
2026-06-09 15:00:00+00:00,158.09,158.54,153.2,153.23,884950.0,155.698,4241.0
2026-06-09 16:00:00+00:00,153.2,154.0,149.9,151.68,856530.0,151.46,4075.0
2026-06-09 17:00:00+00:00,151.98,154.88,151.7,154.2,477867.0,153.617,2585.0
2026-06-09 18:00:00+00:00,154.15,155.55,153.7,155.34,304222.0,154.693,1955.0
2026-06-09 19:00:00+00:00,155.41,155.78,154.06,155.52,1011119.0,155.105,6188.0
2026-06-10 13:30:00+00:00,152.82,161.71,152.19,160.81,712978.0,158.555,3473.0
2026-06-10 14:00:00+00:00,160.85,160.94,157.5,158.52,668738.0,159.052,3898.0
2026-06-10 15:00:00+00:00,158.48,160.09,156.53,159.27,465341.0,157.992,2663.0
2026-06-10 16:00:00+00:00,159.22,159.26,156.09,157.43,271328.0,157.638,1425.0
2026-06-10 17:00:00+00:00,157.41,157.75,154.91,155.94,334831.0,155.937,1952.0
2026-06-10 18:00:00+00:00,155.95,156.57,154.51,154.81,302428.0,155.717,1873.0
2026-06-10 19:00:00+00:00,154.76,155.3,153.18,153.97,706137.0,154.365,4653.0
2026-06-11 13:30:00+00:00,154.54,158.2,153.5,157.62,502143.0,155.763,2296.0
2026-06-11 14:00:00+00:00,157.83,158.51,154.32,154.43,366712.0,156.188,1966.0
2026-06-11 15:00:00+00:00,154.55,155.67,153.68,153.99,422760.0,154.741,2301.0
2026-06-11 16:00:00+00:00,154.06,155.0,153.07,153.07,318080.0,154.142,1874.0
2026-06-11 17:00:00+00:00,153.15,159.51,152.38,159.47,880516.0,156.18,4517.0
2026-06-11 18:00:00+00:00,159.48,160.0,158.36,159.18,512421.0,159.165,2589.0
2026-06-11 19:00:00+00:00,159.11,161.74,158.75,160.44,759776.0,160.616,4485.0
2026-06-12 13:30:00+00:00,160.43,160.6,155.42,157.61,469377.0,157.712,2240.0
2026-06-12 14:00:00+00:00,157.45,164.49,157.45,164.31,810638.0,161.447,4014.0
2026-06-12 15:00:00+00:00,164.36,165.49,159.18,159.38,704825.0,163.396,3930.0
2026-06-12 16:00:00+00:00,159.29,161.17,158.4,160.88,419464.0,159.943,2296.0
2026-06-12 17:00:00+00:00,160.85,161.48,159.38,160.05,291497.0,160.099,1643.0
2026-06-12 18:00:00+00:00,160.07,161.99,159.87,161.05,381612.0,160.916,2323.0
2026-06-12 19:00:00+00:00,161.09,161.87,159.69,159.76,602441.0,160.693,3653.0
2026-06-15 13:30:00+00:00,169.89,172.15,168.63,171.75,1182642.0,170.511,5625.0
2026-06-15 14:00:00+00:00,171.78,172.68,169.01,170.49,992918.0,170.79,5272.0
2026-06-15 15:00:00+00:00,170.54,174.05,170.54,173.63,677395.0,172.43,3499.0
2026-06-15 16:00:00+00:00,173.63,174.44,171.78,171.78,505159.0,173.412,2514.0
2026-06-15 17:00:00+00:00,171.78,172.38,171.23,171.42,295867.0,171.839,1467.0
2026-06-15 18:00:00+00:00,171.43,171.73,169.72,169.79,353183.0,170.938,2008.0
2026-06-15 19:00:00+00:00,169.77,170.86,168.88,169.63,787554.0,169.797,5125.0
2026-06-16 13:30:00+00:00,169.38,173.8,168.59,171.09,564323.0,171.67,2600.0
2026-06-16 14:00:00+00:00,171.13,172.43,166.88,167.4,785093.0,169.292,3664.0
2026-06-16 15:00:00+00:00,167.41,170.84,167.36,169.2,373680.0,169.268,1993.0
2026-06-16 16:00:00+00:00,169.24,173.0,169.0,171.54,528628.0,171.327,2845.0
2026-06-16 17:00:00+00:00,171.6,171.6,169.58,170.68,248341.0,170.418,1323.0
2026-06-16 18:00:00+00:00,170.66,172.16,170.59,170.94,213057.0,171.384,1461.0
2026-06-16 19:00:00+00:00,170.95,172.87,169.04,169.26,903287.0,170.463,5564.0
2026-06-17 13:30:00+00:00,166.54,172.34,165.61,170.04,593813.0,169.558,2546.0
2026-06-17 14:00:00+00:00,169.88,170.29,166.95,169.08,648385.0,169.017,3758.0
2026-06-17 15:00:00+00:00,169.14,172.84,168.06,172.6,662729.0,170.708,3132.0
2026-06-17 16:00:00+00:00,172.6,173.53,171.1,172.32,450800.0,172.259,2273.0
2026-06-17 17:00:00+00:00,172.29,173.87,171.77,173.57,399294.0,172.899,2101.0
2026-06-17 18:00:00+00:00,173.53,174.1,168.74,172.2,844604.0,171.962,4543.0
2026-06-17 19:00:00+00:00,172.2,172.8,164.67,164.91,1306399.0,167.033,7709.0
2026-06-18 13:30:00+00:00,167.75,168.6,163.67,164.7,835730.0,166.144,3273.0
2026-06-18 14:00:00+00:00,164.68,169.81,164.44,169.16,908089.0,166.775,4796.0
2026-06-18 15:00:00+00:00,169.22,169.22,163.03,163.79,653357.0,165.234,3220.0
2026-06-18 16:00:00+00:00,163.8,164.84,163.19,163.64,432805.0,163.981,2528.0
2026-06-18 17:00:00+00:00,163.73,163.88,161.99,163.51,377056.0,163.098,2268.0
2026-06-18 18:00:00+00:00,163.43,163.54,160.54,161.91,779477.0,161.67,3778.0
2026-06-18 19:00:00+00:00,161.83,164.59,160.82,163.23,1075943.0,162.942,6856.0
2026-06-22 13:30:00+00:00,164.95,175.72,164.75,175.72,1351598.0,171.498,6647.0
2026-06-22 14:00:00+00:00,175.75,176.48,165.06,166.34,1197656.0,170.641,6870.0
2026-06-22 15:00:00+00:00,166.27,167.75,165.12,166.25,590579.0,166.527,3181.0
2026-06-22 16:00:00+00:00,166.4,166.55,164.17,164.93,420674.0,165.296,2496.0
2026-06-22 17:00:00+00:00,165.08,165.54,163.68,164.95,373460.0,164.51,2183.0
2026-06-22 18:00:00+00:00,164.9,165.92,163.1,163.19,327680.0,164.946,1960.0
2026-06-22 19:00:00+00:00,163.29,165.0,163.05,164.85,624756.0,164.229,4413.0
2026-06-23 13:30:00+00:00,157.0,162.37,156.31,162.36,702275.0,159.61,3123.0
2026-06-23 14:00:00+00:00,162.44,164.16,159.63,160.03,565344.0,161.969,3252.0
2026-06-23 15:00:00+00:00,160.07,160.96,158.62,159.88,331172.0,159.57,2009.0
2026-06-23 16:00:00+00:00,159.98,161.28,157.98,158.38,345907.0,159.446,2108.0
2026-06-23 17:00:00+00:00,158.35,160.41,157.85,158.56,334353.0,159.004,2061.0
2026-06-23 18:00:00+00:00,158.61,159.68,157.1,157.59,305748.0,158.254,1949.0
2026-06-23 19:00:00+00:00,157.58,158.67,157.29,158.16,662338.0,158.049,4408.0
2026-06-24 13:30:00+00:00,158.3,158.42,153.2,154.19,641963.0,155.473,3298.0
2026-06-24 14:00:00+00:00,154.22,154.79,151.85,154.32,766349.0,153.359,4572.0
2026-06-24 15:00:00+00:00,154.4,155.05,152.53,152.76,604891.0,153.762,3569.0
2026-06-24 16:00:00+00:00,152.7,152.84,150.2,150.35,557613.0,151.634,3373.0
2026-06-24 17:00:00+00:00,150.27,151.08,148.28,148.81,870193.0,149.465,4929.0
2026-06-24 18:00:00+00:00,148.9,152.36,148.73,150.68,589743.0,150.803,3545.0
2026-06-24 19:00:00+00:00,150.75,151.52,149.86,150.05,1089838.0,150.268,6345.0
2026-06-25 13:30:00+00:00,150.45,152.19,144.03,144.3,828522.0,147.297,4050.0
2026-06-25 14:00:00+00:00,144.25,150.34,144.25,147.54,676459.0,147.857,3741.0
2026-06-25 15:00:00+00:00,147.57,147.88,144.85,145.97,424068.0,145.972,2336.0
2026-06-25 16:00:00+00:00,146.05,147.96,144.85,145.22,308651.0,146.061,1512.0
2026-06-25 17:00:00+00:00,145.2,145.49,144.37,145.31,268390.0,144.853,1424.0
2026-06-25 18:00:00+00:00,145.26,145.71,142.61,143.16,465656.0,143.869,2562.0
2026-06-25 19:00:00+00:00,143.07,143.08,141.48,142.58,1016119.0,142.177,6115.0
2026-06-26 13:30:00+00:00,139.23,147.12,139.18,146.99,919122.0,142.617,3953.0
2026-06-26 14:00:00+00:00,147.0,147.73,144.83,145.77,660574.0,146.059,3642.0
2026-06-26 15:00:00+00:00,145.83,149.28,145.56,148.49,647650.0,147.788,3408.0
2026-06-26 16:00:00+00:00,148.57,149.41,147.6,148.69,350722.0,148.641,2062.0
2026-06-26 17:00:00+00:00,148.62,149.85,148.17,148.3,289967.0,148.79,1563.0
2026-06-26 18:00:00+00:00,148.29,149.06,146.11,146.48,360091.0,147.367,2124.0
2026-06-26 19:00:00+00:00,146.48,149.45,146.23,149.36,1361287.0,148.017,8111.0
2026-06-29 13:30:00+00:00,151.01,152.44,146.75,148.8,780600.0,149.384,3718.0
2026-06-29 14:00:00+00:00,148.88,149.21,145.29,147.85,572822.0,147.59,3374.0
2026-06-29 15:00:00+00:00,147.84,148.88,146.31,148.09,471145.0,147.579,2337.0
2026-06-29 16:00:00+00:00,148.21,149.76,148.02,148.56,393188.0,148.715,2503.0
2026-06-29 17:00:00+00:00,148.57,151.32,148.56,150.66,552253.0,150.441,2895.0
2026-06-29 18:00:00+00:00,150.56,151.13,150.03,151.1,229879.0,150.458,1487.0
2026-06-29 19:00:00+00:00,151.09,151.81,150.2,151.65,866022.0,151.325,5874.0
2026-06-30 13:30:00+00:00,148.2,148.86,144.1,146.93,989616.0,145.71,4649.0
2026-06-30 14:00:00+00:00,146.81,148.13,142.58,143.0,1025971.0,145.542,5124.0
2026-06-30 15:00:00+00:00,143.1,145.68,142.3,145.05,818292.0,143.997,3880.0
2026-06-30 16:00:00+00:00,145.06,145.94,144.54,145.25,482111.0,145.106,2073.0
2026-06-30 17:00:00+00:00,145.29,145.5,144.03,144.69,457296.0,144.626,2092.0
2026-06-30 18:00:00+00:00,144.64,145.27,144.09,144.96,349154.0,144.698,1905.0
2026-06-30 19:00:00+00:00,144.92,146.75,144.7,146.19,972921.0,146.04,5900.0
2026-07-01 13:30:00+00:00,147.13,153.7,146.3,153.7,937185.0,150.303,4635.0
2026-07-01 14:00:00+00:00,153.67,157.46,153.0,156.57,1332768.0,155.811,7266.0
2026-07-01 15:00:00+00:00,156.66,163.67,156.62,163.35,1367000.0,161.121,6362.0
2026-07-01 16:00:00+00:00,163.28,163.99,162.34,162.7,719636.0,163.206,3669.0
2026-07-01 17:00:00+00:00,162.7,164.54,162.03,163.14,554750.0,163.204,3244.0
2026-07-01 18:00:00+00:00,163.07,163.61,160.69,160.93,585329.0,162.257,3256.0
2026-07-01 19:00:00+00:00,160.89,161.53,159.13,159.32,1221787.0,160.197,7935.0
2026-07-02 13:30:00+00:00,165.25,173.03,164.65,170.11,1629276.0,170.203,7855.0
2026-07-02 14:00:00+00:00,170.0,173.09,166.0,167.64,1347631.0,169.701,6303.0
2026-07-02 15:00:00+00:00,167.53,167.96,165.2,165.59,484363.0,166.657,2723.0
2026-07-02 16:00:00+00:00,165.5,166.36,163.45,164.88,343148.0,164.801,1937.0
2026-07-02 17:00:00+00:00,164.87,165.18,163.22,163.68,270095.0,164.219,1693.0
2026-07-02 18:00:00+00:00,163.79,166.52,163.78,166.48,450217.0,165.48,2593.0
2026-07-02 19:00:00+00:00,166.55,166.74,164.35,165.48,1062705.0,165.605,6789.0
2026-07-06 13:30:00+00:00,161.36,165.65,160.1,164.2,584988.0,162.705,2632.0
2026-07-06 14:00:00+00:00,164.23,165.26,162.56,164.41,517246.0,163.547,2829.0
2026-07-06 15:00:00+00:00,164.4,169.79,163.98,169.28,541954.0,167.164,3076.0
2026-07-06 16:00:00+00:00,169.32,170.73,168.57,170.01,507851.0,169.791,2848.0
2026-07-06 17:00:00+00:00,170.04,171.67,168.21,168.59,438980.0,170.22,2392.0
2026-07-06 18:00:00+00:00,168.59,169.7,168.27,169.01,279581.0,169.069,1531.0
2026-07-06 19:00:00+00:00,168.97,170.72,168.51,168.87,782036.0,169.533,4793.0
2026-07-07 13:30:00+00:00,166.82,170.1,164.35,165.53,460325.0,167.39,2183.0
2026-07-07 14:00:00+00:00,165.6,165.61,161.69,164.63,522324.0,163.402,2821.0
2026-07-07 15:00:00+00:00,164.59,166.13,164.0,166.1,316261.0,164.866,1687.0
2026-07-07 16:00:00+00:00,166.08,168.69,166.0,167.3,327665.0,167.067,1623.0
2026-07-07 17:00:00+00:00,167.35,167.67,165.48,167.38,257872.0,166.593,1192.0
2026-07-07 18:00:00+00:00,167.38,167.38,163.62,163.62,271609.0,165.604,1429.0
2026-07-07 19:00:00+00:00,163.64,164.69,163.11,163.54,453206.0,163.846,3048.0
2026-07-08 13:30:00+00:00,159.28,161.6,158.15,159.95,383002.0,159.763,1973.0
2026-07-08 14:00:00+00:00,159.88,160.79,156.2,158.49,567575.0,158.302,3345.0
2026-07-08 15:00:00+00:00,158.5,159.0,156.95,158.55,235549.0,157.984,1469.0
2026-07-08 16:00:00+00:00,158.57,160.5,158.57,160.02,258335.0,159.798,1529.0
2026-07-08 17:00:00+00:00,160.04,161.15,159.16,159.35,179111.0,160.055,1026.0
2026-07-08 18:00:00+00:00,159.35,160.5,159.08,159.66,172951.0,159.662,1128.0
2026-07-08 19:00:00+00:00,159.77,161.11,159.2,159.34,516806.0,159.953,3578.0
2026-07-09 13:30:00+00:00,156.7,159.59,154.78,158.92,478620.0,157.503,2484.0
2026-07-09 14:00:00+00:00,158.9,159.95,156.29,159.68,407694.0,157.87,2350.0
2026-07-09 15:00:00+00:00,159.71,161.06,158.72,159.8,358467.0,159.83,1710.0
2026-07-09 16:00:00+00:00,159.84,160.71,159.09,159.72,166304.0,159.77,930.0
2026-07-09 17:00:00+00:00,159.78,160.24,159.28,159.52,176281.0,159.667,1099.0
2026-07-09 18:00:00+00:00,159.59,160.8,158.89,159.28,242617.0,159.94,1287.0
2026-07-09 19:00:00+00:00,159.35,159.68,158.17,158.43,386060.0,158.765,2483.0
2026-07-10 13:30:00+00:00,166.4,167.98,161.34,161.59,926486.0,165.062,4193.0
2026-07-10 14:00:00+00:00,161.62,163.03,159.02,160.12,775803.0,161.334,4149.0
2026-07-10 15:00:00+00:00,160.1,161.0,159.05,159.95,433354.0,159.877,2217.0
2026-07-10 16:00:00+00:00,160.09,161.21,158.89,160.99,356328.0,159.813,1998.0
2026-07-10 17:00:00+00:00,160.95,161.35,158.67,158.76,326097.0,159.43,1897.0
2026-07-10 18:00:00+00:00,158.81,160.14,158.81,159.12,280310.0,159.518,1755.0
2026-07-10 19:00:00+00:00,159.02,159.95,158.89,159.06,500772.0,159.335,3115.0
2026-07-13 13:30:00+00:00,156.18,161.19,155.25,157.35,545317.0,157.62,2198.0
2026-07-13 14:00:00+00:00,157.23,161.19,156.7,158.47,724477.0,158.464,3761.0
2026-07-13 15:00:00+00:00,158.46,158.78,157.02,157.74,275033.0,158.019,962.0
2026-07-13 16:00:00+00:00,157.98,158.0,155.25,156.39,292623.0,156.369,1426.0
2026-07-13 17:00:00+00:00,156.39,157.2,154.01,154.01,218412.0,155.664,1187.0
2026-07-13 18:00:00+00:00,154.15,157.47,154.03,156.25,275122.0,155.625,1631.0
2026-07-13 19:00:00+00:00,156.32,157.67,155.6,157.4,577769.0,156.749,3482.0
2026-07-14 13:30:00+00:00,159.79,161.9,157.3,160.44,404559.0,159.224,1874.0
2026-07-14 14:00:00+00:00,160.16,160.55,157.41,160.04,488480.0,158.718,2219.0
2026-07-14 15:00:00+00:00,160.09,160.25,157.25,158.59,710255.0,158.405,3821.0
2026-07-14 16:00:00+00:00,158.58,162.05,158.41,161.89,833066.0,160.02,3039.0
2026-07-14 17:00:00+00:00,161.99,162.27,160.17,161.0,443734.0,161.474,2084.0
2026-07-14 18:00:00+00:00,161.15,162.25,160.44,160.54,400116.0,161.502,1987.0
2026-07-14 19:00:00+00:00,160.54,161.64,159.41,161.53,687660.0,160.939,4123.0
2026-07-15 13:30:00+00:00,165.03,167.47,160.33,161.69,708873.0,164.287,3117.0
2026-07-15 14:00:00+00:00,161.96,164.92,161.35,163.04,525627.0,163.127,2445.0
2026-07-15 15:00:00+00:00,163.04,164.9,161.61,163.75,545695.0,163.616,2416.0
2026-07-15 16:00:00+00:00,163.97,165.0,161.64,164.8,358283.0,163.081,1723.0
2026-07-15 17:00:00+00:00,164.8,167.03,164.62,165.11,488664.0,166.036,2580.0
2026-07-15 18:00:00+00:00,165.09,168.5,164.75,166.06,745513.0,166.918,3721.0
2026-07-15 19:00:00+00:00,166.01,167.91,165.68,167.24,665091.0,166.994,4224.0
2026-07-16 13:30:00+00:00,165.06,166.57,159.62,161.53,487833.0,162.324,2149.0
2026-07-16 14:00:00+00:00,161.54,164.75,160.91,163.67,473807.0,163.282,2328.0
2026-07-16 15:00:00+00:00,163.74,164.8,162.37,164.8,260637.0,163.435,1440.0
2026-07-16 16:00:00+00:00,164.79,165.28,162.01,164.16,327936.0,163.856,1716.0
2026-07-16 17:00:00+00:00,164.03,164.03,161.24,161.68,384594.0,162.648,2059.0
2026-07-16 18:00:00+00:00,161.56,163.3,160.08,162.86,671007.0,161.206,3206.0
2026-07-16 19:00:00+00:00,162.84,163.22,159.51,160.52,757115.0,160.794,4180.0
2026-07-17 13:30:00+00:00,153.36,159.0,152.58,157.69,843538.0,154.978,3465.0
2026-07-17 14:00:00+00:00,157.69,159.16,156.44,157.12,469507.0,157.833,2500.0
2026-07-17 15:00:00+00:00,156.78,157.05,154.55,156.82,441952.0,155.727,2568.0
2026-07-17 16:00:00+00:00,156.9,159.04,156.56,158.6,268874.0,157.461,1644.0
2026-07-17 17:00:00+00:00,158.66,160.81,158.55,159.7,403405.0,159.916,2133.0
2026-07-17 18:00:00+00:00,159.71,159.9,156.52,157.87,315611.0,158.08,1869.0
2026-07-17 19:00:00+00:00,157.83,157.89,156.5,157.06,714699.0,157.156,4464.0
2026-07-20 13:30:00+00:00,158.19,159.39,155.68,156.42,494694.0,157.579,2142.0
2026-07-20 14:00:00+00:00,156.22,158.19,155.15,158.18,308411.0,156.795,1619.0
2026-07-20 15:00:00+00:00,158.2,162.64,157.97,162.33,422296.0,160.398,2290.0
2026-07-20 16:00:00+00:00,162.33,163.21,161.6,161.99,384401.0,162.265,1887.0
2026-07-20 17:00:00+00:00,161.73,163.96,161.52,163.92,267381.0,162.729,1534.0
2026-07-20 18:00:00+00:00,163.93,164.7,160.14,160.4,494787.0,162.526,2697.0
2026-07-20 19:00:00+00:00,160.56,160.79,159.0,160.57,587615.0,160.132,3792.0
2026-07-21 13:30:00+00:00,168.1,177.43,167.8,176.6,1887373.0,173.849,8998.0
2026-07-21 14:00:00+00:00,176.55,180.58,175.61,177.95,1743214.0,178.694,8932.0
2026-07-21 15:00:00+00:00,177.85,180.7,176.51,180.67,838962.0,178.689,4578.0
2026-07-21 16:00:00+00:00,180.57,181.49,178.16,179.51,772937.0,179.649,4237.0
2026-07-21 17:00:00+00:00,179.61,180.15,177.69,178.28,514388.0,179.012,2971.0
2026-07-21 18:00:00+00:00,178.3,179.24,175.64,176.21,693715.0,177.628,3589.0
2026-07-21 19:00:00+00:00,176.12,177.1,175.3,175.94,1135767.0,176.213,7176.0
2026-07-22 13:30:00+00:00,172.0,174.96,171.54,173.82,547919.0,173.15,2609.0
2026-07-22 14:00:00+00:00,173.79,174.8,168.32,169.32,892720.0,170.948,4157.0
2026-07-22 15:00:00+00:00,169.3,171.25,169.13,169.86,413166.0,170.068,1907.0
2026-07-22 16:00:00+00:00,169.79,172.4,169.49,170.75,363420.0,170.732,1791.0
2026-07-22 17:00:00+00:00,170.62,170.77,167.94,168.01,452905.0,169.077,2070.0
2026-07-22 18:00:00+00:00,168.03,168.17,166.35,167.31,402661.0,167.316,1911.0
2026-07-22 19:00:00+00:00,167.3,167.78,166.0,166.13,860433.0,166.516,4370.0
2026-07-23 13:30:00+00:00,163.12,165.74,161.03,162.32,544387.0,163.206,2539.0
2026-07-23 14:00:00+00:00,162.25,163.79,160.17,160.52,486183.0,162.092,2674.0
2026-07-23 15:00:00+00:00,160.3,160.96,158.95,160.46,438479.0,159.835,2391.0
2026-07-23 16:00:00+00:00,160.59,162.95,160.0,162.79,215277.0,161.689,1153.0
2026-07-23 17:00:00+00:00,162.77,164.4,162.5,162.76,343825.0,163.483,1719.0
2026-07-23 18:00:00+00:00,162.79,163.38,162.13,162.5,216300.0,162.701,1406.0
2026-07-23 19:00:00+00:00,162.69,162.85,160.33,161.12,871733.0,161.404,5869.0
2026-07-24 13:30:00+00:00,161.27,161.27,154.98,156.16,690250.0,157.366,3869.0
2026-07-24 14:00:00+00:00,156.23,157.46,153.8,156.0,604746.0,155.394,3556.0
2026-07-24 15:00:00+00:00,156.09,158.58,155.46,157.71,442255.0,157.217,2419.0
2026-07-24 16:00:00+00:00,157.63,158.91,156.95,157.67,205389.0,157.973,1243.0
2026-07-24 17:00:00+00:00,157.68,160.27,157.36,158.93,327672.0,159.061,2100.0
2026-07-24 18:00:00+00:00,158.92,159.07,157.46,157.85,215613.0,158.238,1351.0
2026-07-24 19:00:00+00:00,157.94,158.43,156.93,158.32,638527.0,157.733,4334.0
2026-07-27 13:30:00+00:00,163.23,167.87,163.0,165.29,751926.0,165.706,3837.0
2026-07-27 14:00:00+00:00,165.18,167.0,160.42,162.53,681399.0,163.646,3366.0
2026-07-27 15:00:00+00:00,162.54,163.9,161.56,162.4,578240.0,162.71,3052.0
2026-07-27 16:00:00+00:00,162.59,166.44,162.03,165.13,419936.0,164.703,2276.0
2026-07-27 17:00:00+00:00,165.09,167.3,164.57,167.24,365242.0,165.942,1991.0
2026-07-27 18:00:00+00:00,167.23,167.46,165.3,166.8,293905.0,166.24,1906.0
2026-07-27 19:00:00+00:00,166.8,167.74,166.12,167.53,696862.0,167.297,4727.0
2026-07-28 13:30:00+00:00,162.28,163.5,158.58,161.61,566814.0,161.04,3071.0
2026-07-28 14:00:00+00:00,161.55,165.42,160.72,163.6,601182.0,163.127,3105.0
2026-07-28 15:00:00+00:00,163.77,168.17,162.38,166.21,447168.0,166.176,2770.0
2026-07-28 16:00:00+00:00,166.13,168.05,165.34,167.99,306844.0,166.42,1595.0
2026-07-28 17:00:00+00:00,167.94,168.05,165.89,167.03,219899.0,166.838,1384.0
2026-07-28 18:00:00+00:00,166.97,167.38,164.87,165.28,267185.0,165.734,1595.0
2026-07-28 19:00:00+00:00,165.16,168.06,165.01,167.92,604326.0,166.635,4343.0
2026-07-29 13:30:00+00:00,166.3,169.69,165.99,167.99,594962.0,167.773,3278.0
2026-07-29 14:00:00+00:00,168.32,169.54,164.26,165.48,926361.0,166.125,4292.0
2026-07-29 15:00:00+00:00,165.4,166.02,163.15,163.96,429758.0,164.597,2190.0
2026-07-29 16:00:00+00:00,164.25,164.99,163.04,164.58,257362.0,163.918,1623.0
2026-07-29 17:00:00+00:00,164.55,165.24,163.81,164.72,233176.0,164.403,1553.0
2026-07-29 18:00:00+00:00,164.95,166.72,162.77,166.25,554091.0,164.916,3342.0
2026-07-29 19:00:00+00:00,166.24,166.6,158.68,160.26,1139330.0,161.021,7105.0
2026-07-30 13:30:00+00:00,160.8,164.78,159.42,163.72,605853.0,162.039,3182.0
2026-07-30 14:00:00+00:00,163.56,163.98,159.31,161.24,997055.0,160.968,4774.0
2026-07-30 15:00:00+00:00,161.27,162.19,159.71,161.7,336175.0,161.107,2080.0
2026-07-30 16:00:00+00:00,161.68,163.65,161.68,163.43,366802.0,162.69,2119.0
2026-07-30 17:00:00+00:00,163.43,163.75,162.82,162.87,249717.0,163.295,1589.0
2026-07-30 18:00:00+00:00,162.86,163.15,161.7,162.48,259194.0,162.366,1760.0
2026-07-30 19:00:00+00:00,162.44,164.63,162.41,163.57,764102.0,163.835,4696.0
2026-07-31 13:30:00+00:00,153.21,153.28,142.5,142.78,2737918.0,146.752,13624.0
2026-07-31 14:00:00+00:00,142.71,143.5,139.11,142.25,2779656.0,141.042,14745.0
2026-07-31 15:00:00+00:00,142.28,142.74,139.8,141.32,1588299.0,140.914,9225.0
2026-07-31 16:00:00+00:00,141.33,144.46,141.33,144.0,1040833.0,143.294,6120.0
2026-07-31 17:00:00+00:00,143.96,148.58,143.95,147.93,1289055.0,146.568,7298.0
2026-07-31 18:00:00+00:00,147.94,151.04,147.86,150.45,1365955.0,149.599,7947.0
2026-07-31 19:00:00+00:00,150.44,151.65,145.9,146.02,2416602.0,148.895,16059.0
2026-08-03 13:30:00+00:00,143.98,147.26,141.03,146.63,1130904.0,143.36,6021.0
2026-08-03 14:00:00+00:00,146.65,149.93,144.57,149.89,1203085.0,146.905,6141.0
2026-08-03 15:00:00+00:00,149.9,150.28,147.31,148.96,635585.0,148.901,3683.0
2026-08-03 16:00:00+00:00,148.93,151.16,148.51,151.11,410917.0,149.912,2545.0
2026-08-03 17:00:00+00:00,151.11,152.33,150.3,152.13,462321.0,151.656,2470.0
2026-08-03 18:00:00+00:00,152.07,152.43,150.04,150.64,439143.0,151.316,2938.0
2026-08-03 19:00:00+00:00,150.64,151.15,146.45,146.47,1401023.0,148.282,9430.0
2026-08-04 13:30:00+00:00,147.4,151.85,145.6,146.15,811348.0,148.338,3814.0
2026-08-04 14:00:00+00:00,146.22,147.4,146.05,147.11,374761.0,146.784,1840.0
2026-08-04 15:00:00+00:00,149.38,151.8,148.41,151.69,646585.0,150.119,3204.0
2026-08-04 15:30:00-04:00,151.31500244140625,152.89999389648438,150.64999389648438,150.72000122070312,882689.0,,
2026-08-04 16:00:00+00:00,151.6,151.95,149.28,150.28,529283.0,150.934,3035.0
2026-08-04 17:00:00+00:00,150.43,151.75,150.17,150.9,369945.0,150.903,1879.0
2026-08-04 18:00:00+00:00,150.9,151.83,150.63,151.68,308973.0,151.316,1800.0
2026-08-04 19:00:00+00:00,151.73,152.9,150.63,150.73,864255.0,151.611,5432.0
2026-08-05 09:30:00-04:00,150.72999572753906,153.99000549316406,147.61000061035156,151.5,1776690.0,,
2026-08-05 10:30:00-04:00,151.375,151.64999389648438,149.39100646972656,150.10499572753906,610476.0,,
2026-08-05 11:30:00-04:00,150.10000610351562,151.89549255371094,148.82000732421875,151.81500244140625,589573.0,,
2026-08-05 12:30:00-04:00,151.9199981689453,151.9199981689453,150.0500030517578,151.7899932861328,463884.0,,
2026-08-05 13:30:00-04:00,151.72999572753906,153.08999633789062,151.32000732421875,151.74000549316406,577149.0,,
2026-08-05 14:30:00-04:00,151.66000366210938,152.1990966796875,149.63499450683594,152.10470581054688,505633.0,,
2026-08-05 15:30:00-04:00,152.10000610351562,152.41000366210938,149.72999572753906,149.89999389648438,1086623.0,,
2026-08-06 09:30:00-04:00,146.7550048828125,149.63999938964844,145.93190002441406,147.94000244140625,1140258.0,,
2026-08-06 10:30:00-04:00,148.0399932861328,150.60499572753906,147.90530395507812,148.83360290527344,485771.0,,
2026-08-06 11:30:00-04:00,149.0500030517578,149.3800048828125,147.3000030517578,147.41000366210938,412163.0,,
2026-08-06 12:30:00-04:00,147.47000122070312,148.83999633789062,147.32000732421875,147.375,405818.0,,
2026-08-06 13:30:00-04:00,147.38999938964844,148.8179931640625,146.7899932861328,147.7100067138672,569663.0,,
2026-08-06 14:30:00-04:00,147.69500732421875,147.74000549316406,146.16000366210938,147.3800048828125,575711.0,,
2026-08-06 15:30:00-04:00,147.42999267578125,147.42999267578125,145.1999969482422,145.35000610351562,1217359.0,,
2026-08-07 09:30:00-04:00,148.2100067138672,153.44000244140625,145.57000732421875,153.33999633789062,2704111.0,,
2026-08-07 10:30:00-04:00,153.34500122070312,155.39990234375,151.6750030517578,151.77499389648438,1307668.0,,
2026-08-07 11:30:00-04:00,151.89999389648438,153.54989624023438,151.66009521484375,152.35009765625,610993.0,,
2026-08-07 12:30:00-04:00,152.44000244140625,153.1999969482422,150.5644989013672,151.14999389648438,566713.0,,
2026-08-07 13:30:00-04:00,151.09500122070312,153.74989318847656,150.60000610351562,152.64999389648438,591931.0,,
2026-08-07 14:30:00-04:00,152.7050018310547,154.16990661621094,151.57000732421875,154.0500030517578,847657.0,,
2026-08-07 15:30:00-04:00,154.0,154.1999969482422,152.5,153.6199951171875,1033042.0,,
2026-08-10 09:30:00-04:00,153.49000549316406,153.61000061035156,148.97000122070312,150.6199951171875,1450434.0,,
2026-08-10 10:30:00-04:00,150.5189971923828,151.32000732421875,148.28500366210938,148.64500427246094,995642.0,,
2026-08-10 11:30:00-04:00,148.74000549316406,150.84129333496094,147.89999389648438,150.0,586532.0,,
2026-08-10 12:30:00-04:00,150.00999450683594,150.15769958496094,149.0500030517578,149.5399932861328,356894.0,,
2026-08-10 13:30:00-04:00,149.52000427246094,149.7884063720703,148.44000244140625,148.5,404642.0,,
2026-08-10 14:30:00-04:00,148.5,149.65499877929688,148.47000122070312,149.5500030517578,380845.0,,
2026-08-10 15:30:00-04:00,149.63999938964844,149.75999450683594,148.4600067138672,148.69000244140625,609706.0,,
2026-08-11 09:30:00-04:00,149.83999633789062,150.0,147.10000610351562,148.27000427246094,653834.0,,
2026-08-11 10:30:00-04:00,150.5399932861328,150.77000427246094,150.14010620117188,150.32000732421875,33465.0,,
2026-08-11 11:30:00-04:00,148.4199981689453,148.8699951171875,147.4199981689453,147.9499969482422,624927.0,,
2026-08-11 12:30:00-04:00,147.88999938964844,148.0800018310547,147.0,147.7100067138672,527804.0,,
2026-08-11 13:30:00-04:00,147.75,147.8800048828125,146.75140380859375,146.8800048828125,350953.0,,
2026-08-11 14:30:00-04:00,146.89999389648438,147.3699951171875,146.32000732421875,146.81500244140625,558756.0,,
2026-08-11 15:30:00-04:00,146.8699951171875,148.8000030517578,146.82000732421875,148.5998992919922,856669.0,,
2026-08-12 09:30:00-04:00,150.10000610351562,151.5,148.10009765625,149.16000366210938,1515940.0,,
2026-08-12 10:30:00-04:00,149.19189453125,149.2899932861328,147.5,148.14999389648438,717756.0,,
2026-08-12 11:30:00-04:00,148.19000244140625,148.69000244140625,147.60000610351562,148.3699951171875,516389.0,,
2026-08-12 12:30:00-04:00,148.36000061035156,148.61000061035156,148.05880737304688,148.2519989013672,258990.0,,
2026-08-12 13:30:00-04:00,148.2550048828125,149.0800018310547,148.0850067138672,148.67999267578125,372971.0,,
2026-08-12 14:30:00-04:00,148.67999267578125,150.5,148.67999267578125,149.63999938964844,641343.0,,
2026-08-12 15:30:00-04:00,149.63999938964844,149.67799377441406,147.97000122070312,149.05990600585938,850919.0,,
2026-08-13 09:30:00-04:00,149.10000610351562,153.1199951171875,148.77499389648438,150.5500030517578,1501618.0,,
2026-08-13 10:30:00-04:00,150.5,150.94000244140625,148.0,148.14920043945312,1009167.0,,
2026-08-13 11:30:00-04:00,148.0399932861328,148.89990234375,147.47000122070312,148.11000061035156,733680.0,,
2026-08-13 12:30:00-04:00,148.0749969482422,148.94000244140625,146.94000244140625,148.5500030517578,567879.0,,
2026-08-13 13:30:00-04:00,148.52000427246094,149.58999633789062,148.25999450683594,148.89500427246094,336106.0,,
2026-08-13 14:30:00-04:00,148.85000610351562,152.94000244140625,148.8300018310547,152.4499969482422,6178863.0,,
2026-08-13 15:30:00-04:00,152.3699951171875,154.41000366210938,152.24000549316406,153.89999389648438,1271369.0,,
2026-08-14 09:30:00-04:00,151.39999389648438,152.5800018310547,148.21380615234375,149.19000244140625,1639991.0,,
2026-08-14 10:30:00-04:00,149.1999969482422,149.47000122070312,148.11000061035156,148.97999572753906,778345.0,,
2026-08-14 11:30:00-04:00,149.0,151.1999053955078,148.80999755859375,150.87640380859375,676727.0,,
2026-08-14 12:30:00-04:00,150.8415985107422,151.4499969482422,150.3800048828125,151.0,459512.0,,
2026-08-14 13:30:00-04:00,150.9600067138672,151.1300048828125,148.8800048828125,149.17999267578125,678812.0,,
2026-08-14 14:30:00-04:00,149.22500610351562,149.35000610351562,147.86000061035156,149.0800018310547,877435.0,,
2026-08-14 15:30:00-04:00,149.1999969482422,149.57000732421875,148.36000061035156,148.52000427246094,910903.0,,
2026-08-17 09:30:00-04:00,148.25,151.26499938964844,147.25,149.57000732421875,1301953.0,,
2026-08-17 10:30:00-04:00,149.6699981689453,150.89999389648438,148.86680603027344,150.68499755859375,693050.0,,
2026-08-17 11:30:00-04:00,150.74000549316406,152.1999969482422,149.94000244140625,150.61500549316406,883967.0,,
2026-08-17 12:30:00-04:00,150.61500549316406,151.7799072265625,150.16000366210938,150.82000732421875,332448.0,,
2026-08-17 13:30:00-04:00,150.90989685058594,151.72000122070312,150.19000244140625,151.5449981689453,407268.0,,
2026-08-17 14:30:00-04:00,151.6300048828125,151.72000122070312,150.14999389648438,151.1999969482422,359345.0,,
2026-08-17 15:30:00-04:00,151.21499633789062,151.60000610351562,150.39999389648438,150.57000732421875,650056.0,,
2026-08-18 09:30:00-04:00,147.85499572753906,150.38999938964844,146.5500030517578,150.07000732421875,2190399.0,,
2026-08-18 10:30:00-04:00,150.0800018310547,150.72999572753906,147.4600067138672,148.4550018310547,815881.0,,
2026-08-18 11:30:00-04:00,148.39999389648438,149.0399932861328,147.69000244140625,148.07000732421875,468785.0,,
2026-08-18 12:30:00-04:00,148.0500030517578,149.25999450683594,147.77999877929688,148.66000366210938,430860.0,,
2026-08-18 13:30:00-04:00,148.7100067138672,149.05999755859375,146.89999389648438,147.24000549316406,620061.0,,
2026-08-18 14:30:00-04:00,147.3000030517578,147.66110229492188,146.52999877929688,147.60000610351562,523797.0,,
2026-08-18 15:30:00-04:00,147.59500122070312,148.08999633789062,146.0399932861328,146.25999450683594,886672.0,,
2026-08-19 09:30:00-04:00,147.5,155.6999969482422,147.5,154.83999633789062,3129592.0,,
2026-08-19 10:30:00-04:00,154.86000061035156,162.7418975830078,154.41769409179688,161.75,3227502.0,,
2026-08-19 11:30:00-04:00,161.91000366210938,165.74000549316406,161.61000061035156,165.68499755859375,2443023.0,,
2026-08-19 12:30:00-04:00,165.68499755859375,165.7100067138672,161.13999938964844,161.46499633789062,1333880.0,,
2026-08-19 13:30:00-04:00,161.4600067138672,161.74000549316406,159.61000061035156,160.4600067138672,1243071.0,,
2026-08-19 14:30:00-04:00,160.32000732421875,160.75,156.0399932861328,158.2449951171875,2220147.0,,
2026-08-19 15:30:00-04:00,158.30499267578125,160.4600067138672,157.6199951171875,160.3000030517578,1477069.0,,
2026-08-20 09:30:00-04:00,172.88800048828125,173.55990600585938,166.11000061035156,169.15499877929688,6445302.0,,
2026-08-20 10:30:00-04:00,169.13999938964844,174.25,168.85000610351562,173.67999267578125,2647455.0,,
2026-08-20 11:30:00-04:00,173.72349548339844,174.03709411621094,169.91000366210938,171.67010498046875,1569200.0,,
2026-08-20 12:30:00-04:00,171.58999633789062,174.77000427246094,171.0,173.1199951171875,1558452.0,,
2026-08-20 13:30:00-04:00,173.0,173.4698944091797,171.10000610351562,172.1699981689453,1019810.0,,
2026-08-20 14:30:00-04:00,172.16000366210938,172.24000549316406,170.00999450683594,171.1999969482422,1286649.0,,
2026-08-20 15:30:00-04:00,171.1199951171875,172.83999633789062,170.63999938964844,172.4600067138672,1653617.0,,
