date,open,high,low,close,volume,wap,count
2021-10-19 13:30:00+00:00,143.29,144.11,143.1,143.55,1247440.0,143.53465,391.0
2021-10-19 14:00:00+00:00,143.61,143.79,143.21,143.6,752040.0,143.42905,280.0
2021-10-19 15:00:00+00:00,143.62,143.8,143.35,143.74,483680.0,143.5896,184.0
2021-10-19 16:00:00+00:00,143.74,143.77,143.33,143.73,347080.0,143.5967,152.0
2021-10-19 17:00:00+00:00,143.72,143.92,143.66,143.92,357260.0,143.7844,159.0
2021-10-19 18:00:00+00:00,143.93,143.94,143.48,143.64,417020.0,143.7007,137.0
2021-10-19 19:00:00+00:00,143.58,143.94,143.53,143.89,855900.0,143.787,394.0
2021-10-20 13:30:00+00:00,144.28,144.28,143.57,143.74,878640.0,143.9354,262.0
2021-10-20 14:00:00+00:00,143.69,143.84,142.68,142.71,758200.0,143.3904,312.0
2021-10-20 15:00:00+00:00,142.75,143.2,142.35,143.09,773780.0,142.73685,306.0
2021-10-20 16:00:00+00:00,143.02,143.02,142.45,142.58,376200.0,142.619,153.0
2021-10-20 17:00:00+00:00,142.64,142.68,141.91,142.44,1206500.0,142.16795,530.0
2021-10-20 18:00:00+00:00,142.43,142.65,142.4,142.44,421820.0,142.5022,184.0
2021-10-20 19:00:00+00:00,142.51,142.6,142.11,142.53,1411960.0,142.39185,568.0
2021-10-21 13:30:00+00:00,142.19,142.31,141.67,142.0,1079140.0,142.06215,339.0
2021-10-21 14:00:00+00:00,141.99,142.75,141.92,142.24,676420.0,142.38185,264.0
2021-10-21 15:00:00+00:00,142.3,142.49,141.98,142.16,286740.0,142.29245,132.0
2021-10-21 16:00:00+00:00,142.14,142.21,141.64,142.18,647940.0,142.0507,298.0
2021-10-21 17:00:00+00:00,142.17,142.24,141.99,142.07,332380.0,142.12065,153.0
2021-10-21 18:00:00+00:00,142.08,142.22,141.98,142.09,297060.0,142.1231,141.0
2021-10-21 19:00:00+00:00,142.13,142.85,142.11,142.72,1013620.0,142.59315,412.0
2021-10-22 13:30:00+00:00,140.35,141.56,138.27,138.7,2953820.0,139.8431,1008.0
2021-10-22 14:00:00+00:00,138.75,139.6,138.46,138.65,1841420.0,138.88335,723.0
2021-10-22 15:00:00+00:00,138.68,138.81,137.55,137.98,1552980.0,138.12925,614.0
2021-10-22 16:00:00+00:00,137.94,138.42,137.17,138.02,1234740.0,137.7586,531.0
2021-10-22 17:00:00+00:00,137.99,138.12,137.71,137.77,504240.0,137.92905,179.0
2021-10-22 18:00:00+00:00,137.77,138.44,137.76,138.33,414520.0,138.2429,166.0
2021-10-22 19:00:00+00:00,138.3,138.87,138.25,138.66,1855000.0,138.6439,805.0
2021-10-25 13:30:00+00:00,138.81,139.15,136.75,138.37,1463500.0,138.0805,464.0
2021-10-25 14:00:00+00:00,138.36,138.85,137.85,138.09,888420.0,138.2454,401.0
2021-10-25 15:00:00+00:00,138.04,138.68,137.82,138.14,982020.0,138.26245,458.0
2021-10-25 16:00:00+00:00,138.16,139.21,138.04,139.08,678180.0,138.7422,237.0
2021-10-25 17:00:00+00:00,139.0,139.13,138.61,138.61,547740.0,138.90865,226.0
2021-10-25 18:00:00+00:00,138.6,138.66,138.27,138.6,852580.0,138.4635,379.0
2021-10-25 19:00:00+00:00,138.62,138.95,138.41,138.66,1309300.0,138.6588,551.0
2021-10-26 13:30:00+00:00,140.61,140.84,139.48,139.81,1897300.0,140.33495,677.0
2021-10-26 14:00:00+00:00,139.87,140.03,139.42,139.81,1277080.0,139.77765,479.0
2021-10-26 15:00:00+00:00,139.82,140.02,139.14,139.23,787200.0,139.7648,343.0
2021-10-26 16:00:00+00:00,139.22,139.95,139.01,139.81,1087400.0,139.6625,416.0
2021-10-26 17:00:00+00:00,139.81,140.45,139.75,140.04,1024460.0,140.14355,445.0
2021-10-26 18:00:00+00:00,140.03,140.19,139.82,139.89,470180.0,139.9925,209.0
2021-10-26 19:00:00+00:00,139.93,140.1,139.64,139.73,1908560.0,139.93595,832.0
2021-10-27 13:30:00+00:00,139.9,143.36,139.9,143.05,2749860.0,141.59665,884.0
2021-10-27 14:00:00+00:00,143.01,144.93,142.34,144.54,2649180.0,143.9193,954.0
2021-10-27 15:00:00+00:00,144.54,146.95,144.54,146.94,2897340.0,145.78585,1048.0
2021-10-27 16:00:00+00:00,146.91,149.12,146.91,148.18,3017320.0,148.0637,1027.0
2021-10-27 17:00:00+00:00,148.29,148.82,147.95,148.41,1369880.0,148.42835,541.0
2021-10-27 18:00:00+00:00,148.31,148.79,147.98,148.09,1372780.0,148.34555,441.0
2021-10-27 19:00:00+00:00,148.07,148.34,146.31,146.31,3484420.0,147.18835,1350.0
2021-10-28 13:30:00+00:00,147.3,147.42,145.41,145.47,2727680.0,146.65365,804.0
2021-10-28 14:00:00+00:00,145.47,145.88,144.76,145.55,2024140.0,145.41765,745.0
2021-10-28 15:00:00+00:00,145.59,146.96,145.4,146.34,1221700.0,146.2887,459.0
2021-10-28 16:00:00+00:00,146.35,146.85,146.22,146.3,738960.0,146.5551,315.0
2021-10-28 17:00:00+00:00,146.35,146.65,146.16,146.33,567140.0,146.42415,256.0
2021-10-28 18:00:00+00:00,146.32,146.55,145.76,145.92,557020.0,146.27085,232.0
2021-10-28 19:00:00+00:00,145.92,146.35,145.7,146.13,1785140.0,146.03445,783.0
2021-10-29 13:30:00+00:00,145.52,146.66,145.17,145.83,1539040.0,145.8914,443.0
2021-10-29 14:00:00+00:00,145.76,146.78,145.6,146.78,1075660.0,146.40945,460.0
2021-10-29 15:00:00+00:00,146.79,148.15,146.79,147.93,1890440.0,147.73155,744.0
2021-10-29 16:00:00+00:00,147.87,148.39,147.7,147.81,1043980.0,148.03735,381.0
2021-10-29 17:00:00+00:00,147.78,148.05,147.35,147.5,727140.0,147.6667,227.0
2021-10-29 18:00:00+00:00,147.48,147.8,146.96,147.65,682340.0,147.3469,248.0
2021-10-29 19:00:00+00:00,147.66,148.61,147.63,148.32,2017940.0,148.07555,866.0
2021-11-01 13:30:00+00:00,148.3,148.4,145.72,145.88,2331780.0,147.0151,790.0
2021-11-01 14:00:00+00:00,145.89,146.24,145.3,145.81,1793340.0,145.80425,750.0
2021-11-01 15:00:00+00:00,145.84,145.99,145.39,145.73,1224220.0,145.72835,453.0
2021-11-01 16:00:00+00:00,145.73,145.89,145.18,145.39,716400.0,145.4879,294.0
2021-11-01 17:00:00+00:00,145.29,145.69,144.56,144.84,1104680.0,145.2926,469.0
2021-11-01 18:00:00+00:00,144.85,144.85,144.04,144.08,941360.0,144.35715,365.0
2021-11-01 19:00:00+00:00,144.01,144.4,143.58,143.73,2585000.0,143.876,1135.0
2021-11-02 13:30:00+00:00,144.81,146.57,144.64,146.39,1894100.0,145.62035,640.0
2021-11-02 14:00:00+00:00,146.43,146.92,145.91,146.77,1080020.0,146.51735,442.0
2021-11-02 15:00:00+00:00,146.76,146.87,145.65,145.76,1040160.0,146.1583,398.0
2021-11-02 16:00:00+00:00,145.78,146.13,145.25,145.97,798640.0,145.73445,282.0
2021-11-02 17:00:00+00:00,145.94,146.24,145.52,145.55,433600.0,145.85255,189.0
2021-11-02 18:00:00+00:00,145.53,145.55,144.94,145.36,528420.0,145.24355,218.0
2021-11-02 19:00:00+00:00,145.39,146.01,145.16,145.86,1118840.0,145.6813,466.0
2021-11-03 13:30:00+00:00,146.28,146.36,145.4,145.83,1228120.0,145.89635,371.0
2021-11-03 14:00:00+00:00,145.85,145.99,145.15,145.6,829220.0,145.4925,306.0
2021-11-03 15:00:00+00:00,145.58,146.12,145.4,146.12,439420.0,145.6631,179.0
2021-11-03 16:00:00+00:00,146.1,146.36,145.67,145.74,446200.0,146.0099,166.0
2021-11-03 17:00:00+00:00,145.7,145.7,145.05,145.2,879660.0,145.3803,325.0
2021-11-03 18:00:00+00:00,145.19,146.35,145.19,146.2,988860.0,145.8112,386.0
2021-11-03 19:00:00+00:00,146.3,146.91,146.17,146.82,1038240.0,146.5646,445.0
2021-11-04 13:30:00+00:00,147.2,148.2,146.64,147.89,1209200.0,147.49795,398.0
2021-11-04 14:00:00+00:00,147.84,149.95,147.53,149.73,1784140.0,148.927,690.0
2021-11-04 15:00:00+00:00,149.73,149.78,148.24,148.96,1433820.0,149.1216,565.0
2021-11-04 16:00:00+00:00,148.93,149.21,148.57,148.77,605300.0,148.9262,240.0
2021-11-04 17:00:00+00:00,148.75,149.34,148.46,149.28,960280.0,148.9119,345.0
2021-11-04 18:00:00+00:00,149.25,149.35,148.71,148.71,665920.0,149.1903,293.0
2021-11-04 19:00:00+00:00,148.69,149.02,148.37,148.68,931740.0,148.7201,364.0
2021-11-05 13:30:00+00:00,149.52,150.3,149.14,150.2,1620260.0,149.6938,576.0
2021-11-05 14:00:00+00:00,150.18,150.57,149.94,150.31,1146660.0,150.2468,458.0
2021-11-05 15:00:00+00:00,150.21,150.22,149.63,149.96,655720.0,149.9697,263.0
2021-11-05 16:00:00+00:00,149.95,150.25,149.56,149.6,490540.0,149.95105,207.0
2021-11-05 17:00:00+00:00,149.7,149.8,148.65,149.4,721340.0,149.24495,250.0
2021-11-05 18:00:00+00:00,149.48,149.71,149.18,149.48,346280.0,149.47965,145.0
2021-11-05 19:00:00+00:00,149.52,149.58,148.93,149.21,1232280.0,149.2024,553.0
2021-11-08 14:30:00+00:00,150.07,151.03,149.17,150.19,1156740.0,150.2612,364.0
2021-11-08 15:00:00+00:00,150.33,150.62,149.15,149.54,531300.0,149.81065,214.0
2021-11-08 16:00:00+00:00,149.47,150.13,149.33,149.76,359760.0,149.7667,157.0
2021-11-08 17:00:00+00:00,149.76,149.86,149.53,149.77,224720.0,149.674,92.0
2021-11-08 18:00:00+00:00,149.74,149.91,149.6,149.6,254760.0,149.7745,106.0
2021-11-08 19:00:00+00:00,149.56,149.9,149.56,149.8,304120.0,149.74795,132.0
2021-11-08 20:00:00+00:00,149.8,149.93,149.12,149.36,922040.0,149.5316,413.0
2021-11-09 14:30:00+00:00,149.75,150.38,148.6,148.79,1325920.0,149.56635,362.0
2021-11-09 15:00:00+00:00,149.0,149.02,147.51,148.73,798200.0,148.3619,318.0
2021-11-09 16:00:00+00:00,148.73,149.04,148.32,148.78,551760.0,148.71805,232.0
2021-11-09 17:00:00+00:00,148.79,149.1,148.55,149.0,327780.0,148.871,145.0
2021-11-09 18:00:00+00:00,149.01,149.19,148.37,148.55,266760.0,148.6929,116.0
2021-11-09 19:00:00+00:00,148.54,148.94,148.54,148.86,260400.0,148.7428,103.0
2021-11-09 20:00:00+00:00,148.77,149.45,148.69,149.26,816300.0,149.12615,348.0
2021-11-10 14:30:00+00:00,148.01,148.57,146.24,147.42,1810360.0,147.376,623.0
2021-11-10 15:00:00+00:00,147.38,148.36,147.12,147.3,1004100.0,147.6338,433.0
2021-11-10 16:00:00+00:00,147.44,147.99,147.42,147.76,365420.0,147.7212,157.0
2021-11-10 17:00:00+00:00,147.86,147.93,147.41,147.65,319280.0,147.6842,117.0
2021-11-10 18:00:00+00:00,147.7,147.76,146.45,146.63,814200.0,146.95405,342.0
2021-11-10 19:00:00+00:00,146.59,146.72,145.33,146.02,701680.0,146.0435,272.0
2021-11-10 20:00:00+00:00,146.03,146.96,145.92,146.63,1001820.0,146.499,424.0
2021-11-11 14:30:00+00:00,147.11,148.5,147.08,148.2,1006940.0,147.6791,264.0
2021-11-11 15:00:00+00:00,148.24,148.31,147.37,148.0,513700.0,147.7668,208.0
2021-11-11 16:00:00+00:00,147.96,148.2,147.68,147.91,214940.0,147.9336,86.0
2021-11-11 17:00:00+00:00,147.91,147.92,147.44,147.51,242100.0,147.69215,101.0
2021-11-11 18:00:00+00:00,147.45,147.52,147.19,147.3,201100.0,147.3107,77.0
2021-11-11 19:00:00+00:00,147.41,147.49,147.1,147.13,280240.0,147.30705,116.0
2021-11-11 20:00:00+00:00,147.2,147.2,146.69,146.76,853780.0,146.90825,374.0
2021-11-12 14:30:00+00:00,147.79,147.92,146.45,147.11,959040.0,147.1781,320.0
2021-11-12 15:00:00+00:00,147.26,148.21,147.26,148.06,745920.0,147.79955,254.0
2021-11-12 16:00:00+00:00,148.05,149.16,148.05,149.05,837800.0,148.76895,339.0
2021-11-12 17:00:00+00:00,149.22,149.85,149.04,149.17,543240.0,149.4645,200.0
2021-11-12 18:00:00+00:00,149.21,149.64,149.12,149.62,297180.0,149.3679,124.0
2021-11-12 19:00:00+00:00,149.65,149.68,149.3,149.46,314360.0,149.47635,131.0
2021-11-12 20:00:00+00:00,149.52,149.86,149.4,149.62,859720.0,149.64055,387.0
2021-11-15 14:30:00+00:00,150.0,150.48,149.53,150.05,1582740.0,149.95505,486.0
2021-11-15 15:00:00+00:00,150.0,150.03,148.95,149.31,743360.0,149.5351,279.0
2021-11-15 16:00:00+00:00,149.31,149.56,148.65,149.32,397000.0,149.1285,148.0
2021-11-15 17:00:00+00:00,149.27,149.52,148.89,149.5,369040.0,149.3224,159.0
2021-11-15 18:00:00+00:00,149.48,149.56,149.09,149.43,629540.0,149.4256,178.0
2021-11-15 19:00:00+00:00,149.39,149.63,149.15,149.44,222120.0,149.36925,89.0
2021-11-15 20:00:00+00:00,149.43,149.67,149.15,149.43,751360.0,149.3808,296.0
2021-11-16 14:30:00+00:00,149.25,149.28,148.35,148.86,1161400.0,148.96055,328.0
2021-11-16 15:00:00+00:00,148.96,149.33,148.82,149.07,555320.0,149.0483,233.0
2021-11-16 16:00:00+00:00,149.15,149.83,148.96,149.4,630980.0,149.55545,237.0
2021-11-16 17:00:00+00:00,149.43,149.56,149.04,149.19,349960.0,149.27415,142.0
2021-11-16 18:00:00+00:00,149.19,149.33,148.89,149.12,469520.0,149.11395,204.0
2021-11-16 19:00:00+00:00,149.12,149.4,148.95,149.27,293180.0,149.2337,133.0
2021-11-16 20:00:00+00:00,149.24,149.45,148.9,149.09,951340.0,149.13835,417.0
2021-11-17 14:30:00+00:00,149.22,149.5,148.63,148.71,839640.0,149.1296,292.0
2021-11-17 15:00:00+00:00,148.69,149.21,148.66,149.01,763360.0,148.89925,280.0
2021-11-17 16:00:00+00:00,149.01,149.22,148.56,149.18,326680.0,148.90285,120.0
2021-11-17 17:00:00+00:00,149.2,149.25,148.76,149.08,308940.0,149.01065,133.0
2021-11-17 18:00:00+00:00,149.05,149.27,148.87,149.2,434300.0,149.0455,174.0
2021-11-17 19:00:00+00:00,149.18,149.63,149.13,149.34,434260.0,149.39105,172.0
2021-11-17 20:00:00+00:00,149.2,149.59,149.02,149.08,900300.0,149.23835,389.0
2021-11-18 14:30:00+00:00,149.15,150.01,149.0,149.91,935120.0,149.5008,288.0
2021-11-18 15:00:00+00:00,150.0,150.85,149.53,149.82,1074960.0,150.0814,385.0
2021-11-18 16:00:00+00:00,149.88,151.61,149.79,151.29,1140700.0,150.7439,396.0
2021-11-18 17:00:00+00:00,151.42,151.6,150.66,151.06,592140.0,151.2315,213.0
2021-11-18 18:00:00+00:00,151.05,151.36,150.95,151.11,480940.0,151.15915,208.0
2021-11-18 19:00:00+00:00,151.04,151.29,150.4,150.66,606480.0,150.78685,241.0
2021-11-18 20:00:00+00:00,150.66,151.24,150.47,150.72,1240060.0,150.77275,530.0
2021-11-19 14:30:00+00:00,151.05,151.85,150.5,151.69,2063820.0,151.0624,270.0
2021-11-19 15:00:00+00:00,151.69,151.69,150.63,150.93,838880.0,151.0783,307.0
2021-11-19 16:00:00+00:00,150.91,151.23,150.76,150.88,534540.0,151.00205,231.0
2021-11-19 17:00:00+00:00,150.87,151.08,150.36,150.4,445160.0,150.78095,178.0
2021-11-19 18:00:00+00:00,150.27,150.65,149.9,150.22,880480.0,150.39085,326.0
2021-11-19 19:00:00+00:00,150.26,150.42,150.02,150.24,328400.0,150.28025,149.0
2021-11-19 20:00:00+00:00,150.2,150.23,149.89,149.95,784720.0,150.0291,349.0
2021-11-22 14:30:00+00:00,150.13,150.74,148.5,148.59,1532080.0,149.74655,405.0
2021-11-22 15:00:00+00:00,148.7,149.65,148.5,148.6,1148220.0,149.1035,474.0
2021-11-22 16:00:00+00:00,148.61,148.75,147.04,147.58,1103020.0,147.7158,422.0
2021-11-22 17:00:00+00:00,147.5,148.3,147.26,148.18,1052800.0,147.78905,390.0
2021-11-22 18:00:00+00:00,148.06,148.17,147.45,147.57,523940.0,147.84995,180.0
2021-11-22 19:00:00+00:00,147.76,148.5,147.73,148.45,615300.0,148.14335,237.0
2021-11-22 20:00:00+00:00,148.38,148.62,147.01,147.02,1341140.0,147.6939,557.0
2021-11-23 14:30:00+00:00,147.04,147.69,146.57,146.93,964260.0,147.16345,296.0
2021-11-23 15:00:00+00:00,147.1,147.13,144.89,144.95,938540.0,145.5947,395.0
2021-11-23 16:00:00+00:00,145.1,145.88,144.9,145.51,597280.0,145.52165,235.0
2021-11-23 17:00:00+00:00,145.56,146.0,145.24,145.32,382180.0,145.66465,154.0
2021-11-23 18:00:00+00:00,145.31,146.35,145.31,146.15,254880.0,145.80795,111.0
2021-11-23 19:00:00+00:00,146.15,146.63,145.85,146.42,375040.0,146.18815,166.0
2021-11-23 20:00:00+00:00,146.42,146.93,146.23,146.76,780300.0,146.6337,364.0
2021-11-24 14:30:00+00:00,146.35,146.5,145.2,145.46,970560.0,145.9167,296.0
2021-11-24 15:00:00+00:00,145.37,146.24,145.21,145.79,1034360.0,145.8764,437.0
2021-11-24 16:00:00+00:00,145.78,146.56,145.66,146.25,687740.0,146.19055,266.0
2021-11-24 17:00:00+00:00,146.3,146.63,146.08,146.56,477160.0,146.3934,202.0
2021-11-24 18:00:00+00:00,146.55,146.82,146.52,146.59,263900.0,146.6957,110.0
2021-11-24 19:00:00+00:00,146.62,147.0,146.39,146.73,403760.0,146.7095,174.0
2021-11-24 20:00:00+00:00,146.73,146.95,146.5,146.77,791400.0,146.73325,360.0
2021-11-26 14:30:00+00:00,145.25,145.3,143.83,144.16,970220.0,144.78145,275.0
2021-11-26 15:00:00+00:00,144.12,144.33,143.2,143.39,915220.0,143.5819,324.0
2021-11-26 16:00:00+00:00,143.25,143.87,142.81,143.38,558520.0,143.33615,225.0
2021-11-26 17:00:00+00:00,143.42,143.94,142.49,142.85,1569020.0,143.2217,658.0
2021-11-29 14:30:00+00:00,144.3,145.81,144.3,145.36,1408120.0,144.9479,436.0
2021-11-29 15:00:00+00:00,145.47,146.15,145.0,145.07,1314240.0,145.57515,388.0
2021-11-29 16:00:00+00:00,145.0,145.88,144.88,145.7,1077820.0,145.45915,329.0
2021-11-29 17:00:00+00:00,145.73,146.35,145.58,146.35,633500.0,146.0092,228.0
2021-11-29 18:00:00+00:00,146.31,146.45,146.06,146.12,536480.0,146.28245,187.0
2021-11-29 19:00:00+00:00,146.15,146.35,145.93,146.32,480180.0,146.18835,215.0
2021-11-29 20:00:00+00:00,146.38,146.86,145.81,146.11,1676880.0,146.362,702.0
2021-11-30 14:30:00+00:00,145.61,146.52,145.11,146.49,1076020.0,145.62035,328.0
2021-11-30 15:00:00+00:00,146.37,146.63,143.75,143.75,1193160.0,145.41835,458.0
2021-11-30 16:00:00+00:00,143.63,144.44,143.15,143.32,900880.0,143.91035,359.0
2021-11-30 17:00:00+00:00,143.25,143.56,142.78,143.1,1035200.0,143.2732,400.0
2021-11-30 18:00:00+00:00,143.11,143.41,142.74,143.41,868260.0,143.0521,271.0
2021-11-30 19:00:00+00:00,143.43,143.87,142.87,143.02,949800.0,143.3536,381.0
2021-11-30 20:00:00+00:00,143.02,143.19,142.07,142.35,3297320.0,142.60365,1226.0
2021-12-01 14:30:00+00:00,144.21,145.13,143.5,144.91,1463220.0,144.3626,380.0
2021-12-01 15:00:00+00:00,145.0,146.17,145.0,145.99,1591940.0,145.678,528.0
2021-12-01 16:00:00+00:00,146.02,146.5,145.17,145.2,981620.0,146.0859,308.0
2021-12-01 17:00:00+00:00,145.2,145.79,144.72,144.72,619200.0,145.2807,217.0
2021-12-01 18:00:00+00:00,144.75,145.04,144.09,144.54,751980.0,144.5061,232.0
2021-12-01 19:00:00+00:00,144.51,144.53,143.75,143.99,812880.0,144.1008,262.0
2021-12-01 20:00:00+00:00,144.01,144.07,141.5,141.61,2356500.0,142.50795,908.0
2021-12-02 14:30:00+00:00,141.82,143.37,140.98,143.37,1220840.0,142.0836,361.0
2021-12-02 15:00:00+00:00,143.4,143.94,142.02,142.77,869980.0,142.9947,324.0
2021-12-02 16:00:00+00:00,142.72,143.96,142.31,143.38,673300.0,143.13265,263.0
2021-12-02 17:00:00+00:00,143.43,144.14,143.28,143.97,485220.0,143.93155,184.0
2021-12-02 18:00:00+00:00,143.92,144.11,143.28,144.02,461980.0,143.7254,183.0
2021-12-02 19:00:00+00:00,143.94,144.33,143.7,144.1,433620.0,144.0793,163.0
2021-12-02 20:00:00+00:00,144.1,144.68,143.37,143.83,1213240.0,143.8957,538.0
2021-12-03 14:30:00+00:00,144.5,145.21,143.7,143.91,1000240.0,144.4403,309.0
2021-12-03 15:00:00+00:00,144.05,144.08,141.4,141.73,1246200.0,143.0086,517.0
2021-12-03 16:00:00+00:00,141.6,142.36,141.18,141.42,932460.0,141.72475,393.0
2021-12-03 17:00:00+00:00,141.39,142.33,141.35,141.78,849540.0,141.87665,335.0
2021-12-03 18:00:00+00:00,141.86,142.37,141.35,141.55,707300.0,141.8103,270.0
2021-12-03 19:00:00+00:00,141.6,142.02,141.32,141.49,721340.0,141.613,317.0
2021-12-03 20:00:00+00:00,141.43,142.92,141.15,142.62,2360080.0,141.92405,1036.0
2021-12-06 14:30:00+00:00,143.57,143.79,140.65,141.55,1536320.0,142.22995,437.0
2021-12-06 15:00:00+00:00,141.34,142.72,141.19,142.2,1223540.0,141.9225,463.0
2021-12-06 16:00:00+00:00,142.23,142.7,141.74,142.11,621300.0,142.2102,257.0
2021-12-06 17:00:00+00:00,142.19,143.55,142.19,143.55,651800.0,142.89605,268.0
2021-12-06 18:00:00+00:00,143.59,144.31,143.32,144.28,586720.0,143.81505,235.0
2021-12-06 19:00:00+00:00,144.3,144.35,143.58,143.58,549960.0,144.0513,221.0
2021-12-06 20:00:00+00:00,143.58,144.11,143.43,143.8,1102640.0,143.7693,465.0
2021-12-07 14:30:00+00:00,145.95,146.83,145.7,146.83,1486720.0,146.2026,474.0
2021-12-07 15:00:00+00:00,146.78,147.8,146.66,147.8,1012880.0,147.2537,410.0
2021-12-07 16:00:00+00:00,147.87,148.07,147.47,147.8,1250700.0,147.8266,414.0
2021-12-07 17:00:00+00:00,147.83,148.0,147.28,147.76,598780.0,147.68835,250.0
2021-12-07 18:00:00+00:00,147.71,148.3,147.49,148.21,518740.0,147.84305,196.0
2021-12-07 19:00:00+00:00,148.11,148.28,147.7,147.87,596820.0,148.013,247.0
2021-12-07 20:00:00+00:00,147.84,148.16,147.4,148.07,1341940.0,147.8137,552.0
2021-12-08 14:30:00+00:00,148.41,149.16,147.64,148.34,1004380.0,148.26895,284.0
2021-12-08 15:00:00+00:00,148.24,148.33,147.28,147.28,854220.0,147.80835,346.0
2021-12-08 16:00:00+00:00,147.34,148.04,147.2,147.7,552620.0,147.60085,235.0
2021-12-08 17:00:00+00:00,147.67,148.25,147.63,148.11,451400.0,147.9524,177.0
2021-12-08 18:00:00+00:00,148.15,148.35,147.86,148.06,345560.0,148.0815,141.0
2021-12-08 19:00:00+00:00,148.04,148.48,147.68,148.17,672380.0,148.0664,295.0
2021-12-08 20:00:00+00:00,148.2,148.88,147.97,148.73,960120.0,148.46305,400.0
2021-12-09 14:30:00+00:00,148.29,149.27,147.62,148.24,1155940.0,148.48415,418.0
2021-12-09 15:00:00+00:00,148.2,148.78,147.53,148.31,868760.0,148.1758,377.0
2021-12-09 16:00:00+00:00,148.36,149.15,148.23,149.07,665040.0,148.6789,288.0
2021-12-09 17:00:00+00:00,149.11,149.6,148.86,149.42,728620.0,149.27315,307.0
2021-12-09 18:00:00+00:00,149.34,149.34,148.23,148.68,426960.0,148.87085,183.0
2021-12-09 19:00:00+00:00,148.66,149.02,148.14,148.28,405120.0,148.65215,181.0
2021-12-09 20:00:00+00:00,148.2,148.71,147.74,148.11,1155860.0,148.27895,489.0
2021-12-10 14:30:00+00:00,149.19,149.4,148.37,148.9,1009820.0,148.9283,257.0
2021-12-10 15:00:00+00:00,148.94,149.17,147.67,148.0,977920.0,148.49845,395.0
2021-12-10 16:00:00+00:00,147.94,148.36,147.36,148.1,640320.0,147.85105,281.0
2021-12-10 17:00:00+00:00,148.1,148.43,147.96,148.13,435720.0,148.17145,190.0
2021-12-10 18:00:00+00:00,148.14,148.75,148.12,148.5,554020.0,148.4359,232.0
2021-12-10 19:00:00+00:00,148.52,148.64,148.11,148.2,505880.0,148.33535,224.0
2021-12-10 20:00:00+00:00,148.17,148.73,148.0,148.67,1574360.0,148.4944,726.0
2021-12-13 14:30:00+00:00,148.62,148.62,147.34,147.45,849640.0,147.9715,277.0
2021-12-13 15:00:00+00:00,147.45,147.55,146.75,147.12,1171180.0,147.11035,443.0
2021-12-13 16:00:00+00:00,147.13,147.4,146.47,146.85,693260.0,146.93685,287.0
2021-12-13 17:00:00+00:00,146.82,146.93,146.55,146.77,519480.0,146.75345,209.0
2021-12-13 18:00:00+00:00,146.78,147.01,146.36,146.68,349920.0,146.6834,162.0
2021-12-13 19:00:00+00:00,146.67,147.4,146.49,147.38,641920.0,147.1613,276.0
2021-12-13 20:00:00+00:00,147.4,147.58,146.63,146.74,1315900.0,147.1783,557.0
2021-12-14 14:30:00+00:00,144.78,145.44,143.22,143.31,1094340.0,144.52825,388.0
2021-12-14 15:00:00+00:00,143.28,143.47,142.24,142.47,1035200.0,142.8321,429.0
2021-12-14 16:00:00+00:00,142.7,142.98,142.31,142.89,675320.0,142.6989,304.0
2021-12-14 17:00:00+00:00,142.89,143.55,142.85,143.49,714900.0,143.26505,247.0
2021-12-14 18:00:00+00:00,143.58,143.75,143.25,143.45,698600.0,143.5132,214.0
2021-12-14 19:00:00+00:00,143.56,144.07,143.48,144.05,461520.0,143.86755,196.0
2021-12-14 20:00:00+00:00,144.1,145.25,144.1,145.02,1694200.0,144.839,697.0
2021-12-15 14:30:00+00:00,144.54,144.54,142.8,143.06,902060.0,143.56485,253.0
2021-12-15 15:00:00+00:00,143.06,144.39,142.71,143.75,907280.0,143.689,312.0
2021-12-15 16:00:00+00:00,143.78,143.81,143.16,143.46,564980.0,143.46455,215.0
2021-12-15 17:00:00+00:00,143.56,143.91,142.97,143.53,674480.0,143.51905,262.0
2021-12-15 18:00:00+00:00,143.51,143.92,143.31,143.92,335140.0,143.63335,148.0
2021-12-15 19:00:00+00:00,143.88,145.35,143.26,144.86,1020220.0,144.69835,414.0
2021-12-15 20:00:00+00:00,144.92,147.52,144.86,147.37,1889160.0,146.713,767.0
2021-12-16 14:30:00+00:00,148.05,148.55,146.84,146.89,1251000.0,147.8489,466.0
2021-12-16 15:00:00+00:00,146.86,147.59,146.53,147.19,890680.0,147.1024,416.0
2021-12-16 16:00:00+00:00,147.28,147.3,146.0,146.1,819720.0,146.3923,359.0
2021-12-16 17:00:00+00:00,146.05,146.09,145.32,145.32,1035520.0,145.53205,446.0
2021-12-16 18:00:00+00:00,145.36,145.66,145.1,145.23,765040.0,145.38185,348.0
2021-12-16 19:00:00+00:00,145.29,145.35,144.09,144.59,1075560.0,144.71995,481.0
2021-12-16 20:00:00+00:00,144.52,145.2,144.33,144.9,1301340.0,144.8662,569.0
2021-12-17 14:30:00+00:00,142.71,144.41,141.9,143.08,4904700.0,142.773,490.0
2021-12-17 15:00:00+00:00,143.08,143.67,141.79,143.66,1444840.0,142.46015,549.0
2021-12-17 16:00:00+00:00,143.61,144.32,142.74,143.37,717540.0,143.5961,307.0
2021-12-17 17:00:00+00:00,143.27,143.69,142.48,143.28,517220.0,143.16655,217.0
2021-12-17 18:00:00+00:00,143.3,144.12,143.01,144.01,445080.0,143.6685,167.0
2021-12-17 19:00:00+00:00,144.02,144.46,143.67,143.75,381720.0,144.0644,151.0
2021-12-17 20:00:00+00:00,143.79,144.08,142.57,142.69,1584540.0,143.0218,700.0
2021-12-20 14:30:00+00:00,140.96,141.9,140.51,141.1,1110960.0,141.05745,353.0
2021-12-20 15:00:00+00:00,141.05,141.58,140.25,140.74,942580.0,140.89385,369.0
2021-12-20 16:00:00+00:00,140.74,141.0,140.39,140.84,789340.0,140.66805,301.0
2021-12-20 17:00:00+00:00,140.91,141.48,140.73,141.19,507540.0,141.1513,207.0
2021-12-20 18:00:00+00:00,141.2,141.72,141.13,141.44,760020.0,141.4497,283.0
2021-12-20 19:00:00+00:00,141.46,142.04,141.44,141.79,492440.0,141.66695,224.0
2021-12-20 20:00:00+00:00,141.81,142.61,141.66,142.48,856600.0,142.1699,378.0
2021-12-21 14:30:00+00:00,143.15,143.45,141.89,141.98,762000.0,142.7813,248.0
2021-12-21 15:00:00+00:00,142.07,142.72,141.73,142.27,474740.0,142.19125,193.0
2021-12-21 16:00:00+00:00,142.33,143.47,142.23,143.27,617020.0,142.9713,253.0
2021-12-21 17:00:00+00:00,143.3,144.3,143.1,144.28,557220.0,143.75635,213.0
2021-12-21 18:00:00+00:00,144.3,144.43,144.0,144.21,639900.0,144.2282,258.0
2021-12-21 19:00:00+00:00,144.24,144.58,144.09,144.54,776880.0,144.36825,305.0
2021-12-21 20:00:00+00:00,144.54,144.69,143.75,144.2,1156860.0,144.14705,506.0
2021-12-22 14:30:00+00:00,144.1,145.85,143.96,145.67,1025240.0,144.86015,361.0
2021-12-22 15:00:00+00:00,145.7,146.6,145.2,146.43,634380.0,145.8001,225.0
2021-12-22 16:00:00+00:00,146.45,147.28,146.29,147.28,470960.0,146.73905,179.0
2021-12-22 17:00:00+00:00,147.26,147.3,146.25,146.63,648120.0,146.7712,208.0
2021-12-22 18:00:00+00:00,146.66,146.8,146.3,146.55,290120.0,146.538,123.0
2021-12-22 19:00:00+00:00,146.51,146.8,146.38,146.67,365860.0,146.6096,166.0
2021-12-22 20:00:00+00:00,146.7,147.0,146.39,146.95,968820.0,146.75455,432.0
2021-12-23 14:30:00+00:00,147.09,147.92,146.95,147.66,647320.0,147.3536,173.0
2021-12-23 15:00:00+00:00,147.68,147.97,147.2,147.95,408100.0,147.53565,159.0
2021-12-23 16:00:00+00:00,147.95,148.57,147.9,148.2,468960.0,148.21805,198.0
2021-12-23 17:00:00+00:00,148.17,148.35,148.1,148.19,337240.0,148.2414,139.0
2021-12-23 18:00:00+00:00,148.23,148.23,147.79,147.8,260120.0,147.97245,113.0
2021-12-23 19:00:00+00:00,147.84,147.84,147.15,147.67,520720.0,147.4931,243.0
2021-12-23 20:00:00+00:00,147.66,147.77,147.04,147.08,888620.0,147.36265,394.0
2021-12-27 14:30:00+00:00,147.46,148.39,147.25,147.78,628720.0,147.772,174.0
2021-12-27 15:00:00+00:00,147.78,148.43,147.73,148.24,384060.0,148.09515,134.0
2021-12-27 16:00:00+00:00,148.29,148.3,147.68,147.68,316660.0,148.01745,134.0
2021-12-27 17:00:00+00:00,147.65,147.98,147.55,147.98,416020.0,147.736,156.0
2021-12-27 18:00:00+00:00,147.94,148.13,147.94,148.03,327260.0,148.0321,133.0
2021-12-27 19:00:00+00:00,148.03,148.04,147.66,147.75,525700.0,147.79425,208.0
2021-12-27 20:00:00+00:00,147.8,148.11,147.58,148.01,753640.0,147.85,339.0
2021-12-28 14:30:00+00:00,148.37,148.37,147.04,147.37,857540.0,147.67025,266.0
2021-12-28 15:00:00+00:00,147.34,147.55,146.93,147.1,911580.0,147.2316,351.0
2021-12-28 16:00:00+00:00,147.1,147.21,146.47,146.87,797100.0,146.90055,301.0
2021-12-28 17:00:00+00:00,146.9,146.9,146.11,146.53,504620.0,146.5111,183.0
2021-12-28 18:00:00+00:00,146.53,146.53,145.94,146.31,532980.0,146.27495,199.0
2021-12-28 19:00:00+00:00,146.37,146.42,146.12,146.29,518860.0,146.29035,199.0
2021-12-28 20:00:00+00:00,146.26,146.65,146.12,146.46,1464940.0,146.34765,606.0
2021-12-29 14:30:00+00:00,146.6,147.18,146.29,146.77,705940.0,146.65865,193.0
2021-12-29 15:00:00+00:00,146.79,146.91,146.1,146.25,835240.0,146.42775,341.0
2021-12-29 16:00:00+00:00,146.17,146.5,145.84,145.84,556700.0,146.17555,231.0
2021-12-29 17:00:00+00:00,145.83,145.98,145.5,145.64,461400.0,145.76695,173.0
2021-12-29 18:00:00+00:00,145.64,145.84,145.57,145.74,396220.0,145.7058,149.0
2021-12-29 19:00:00+00:00,145.75,146.21,145.7,146.2,455480.0,145.94945,197.0
2021-12-29 20:00:00+00:00,146.21,146.8,146.2,146.5,1158800.0,146.5112,506.0
2021-12-30 14:30:00+00:00,146.41,146.58,145.88,146.39,674820.0,146.21635,96.0
2021-12-30 15:00:00+00:00,146.39,147.06,146.32,146.48,374560.0,146.8637,126.0
2021-12-30 16:00:00+00:00,146.48,146.77,146.35,146.58,282260.0,146.54565,116.0
2021-12-30 17:00:00+00:00,146.64,146.8,146.16,146.2,487900.0,146.4645,196.0
2021-12-30 18:00:00+00:00,146.2,146.58,146.14,146.42,243920.0,146.4268,82.0
2021-12-30 19:00:00+00:00,146.4,146.46,146.2,146.36,579940.0,146.31535,222.0
2021-12-30 20:00:00+00:00,146.43,146.47,145.76,146.03,686420.0,146.04415,291.0
2021-12-31 14:30:00+00:00,145.54,146.37,145.38,145.55,598860.0,145.70985,160.0
2021-12-31 15:00:00+00:00,145.5,146.04,145.17,145.56,340860.0,145.64145,147.0
2021-12-31 16:00:00+00:00,145.62,145.78,145.23,145.53,685520.0,145.5449,254.0
2021-12-31 17:00:00+00:00,145.54,145.7,145.21,145.6,378680.0,145.4362,143.0
2021-12-31 18:00:00+00:00,145.59,145.75,145.31,145.37,203280.0,145.5401,81.0
2021-12-31 19:00:00+00:00,145.37,145.45,145.0,145.07,518960.0,145.1763,142.0
2021-12-31 20:00:00+00:00,145.07,145.4,144.68,144.68,1879900.0,144.9147,845.0
2022-01-03 14:30:00+00:00,144.48,145.55,144.13,144.13,1475420.0,144.7073,385.0
2022-01-03 15:00:00+00:00,144.04,145.3,143.5,145.05,1403220.0,144.29605,626.0
2022-01-03 16:00:00+00:00,145.05,145.05,144.5,144.62,678020.0,144.7285,305.0
2022-01-03 17:00:00+00:00,144.6,145.26,144.46,145.26,547740.0,144.8837,238.0
2022-01-03 18:00:00+00:00,145.29,145.49,144.99,145.42,465940.0,145.35555,205.0
2022-01-03 19:00:00+00:00,145.47,145.53,144.93,145.13,426580.0,145.2592,197.0
2022-01-03 20:00:00+00:00,145.12,145.39,144.7,145.06,1153420.0,145.04955,513.0
2022-01-04 14:30:00+00:00,145.55,146.61,145.1,146.48,1039880.0,145.8368,322.0
2022-01-04 15:00:00+00:00,146.45,146.45,144.41,144.48,1028440.0,145.53985,363.0
2022-01-04 16:00:00+00:00,144.44,145.05,144.24,144.92,546720.0,144.62425,218.0
2022-01-04 17:00:00+00:00,144.83,145.06,144.2,144.29,569620.0,144.70465,217.0
2022-01-04 18:00:00+00:00,144.28,144.43,143.82,143.88,450680.0,144.1342,188.0
2022-01-04 19:00:00+00:00,143.94,144.59,143.94,144.52,374100.0,144.2068,166.0
2022-01-04 20:00:00+00:00,144.58,145.08,144.32,144.35,1363160.0,144.6982,587.0
2022-01-05 14:30:00+00:00,144.18,144.3,142.89,142.98,1385100.0,143.5654,465.0
2022-01-05 15:00:00+00:00,142.95,143.18,141.5,141.87,1819860.0,142.425,733.0
2022-01-05 16:00:00+00:00,141.89,141.89,140.68,140.89,2142620.0,141.26345,812.0
2022-01-05 17:00:00+00:00,140.85,140.93,140.12,140.23,1639620.0,140.6549,669.0
2022-01-05 18:00:00+00:00,140.25,140.96,140.12,140.26,1517040.0,140.49845,562.0
2022-01-05 19:00:00+00:00,140.29,140.97,138.85,138.95,2241220.0,139.6601,928.0
2022-01-05 20:00:00+00:00,138.88,139.0,137.52,137.65,5968940.0,138.29535,2242.0
2022-01-06 14:30:00+00:00,137.14,139.39,136.76,138.5,1972380.0,138.1529,545.0
2022-01-06 15:00:00+00:00,138.5,139.69,137.7,139.27,2281400.0,138.7613,840.0
2022-01-06 16:00:00+00:00,139.33,139.55,138.47,138.8,1030280.0,139.0084,419.0
2022-01-06 17:00:00+00:00,138.75,139.01,138.22,138.4,506520.0,138.5842,224.0
2022-01-06 18:00:00+00:00,138.39,138.49,137.55,137.7,961840.0,137.9143,418.0
2022-01-06 19:00:00+00:00,137.71,137.82,137.17,137.48,1030440.0,137.42395,465.0
2022-01-06 20:00:00+00:00,137.67,138.09,137.3,137.57,1359720.0,137.7034,610.0
2022-01-07 14:30:00+00:00,137.91,138.26,137.05,137.9,716360.0,137.7666,205.0
2022-01-07 15:00:00+00:00,137.96,138.03,135.79,136.17,930120.0,137.0188,380.0
2022-01-07 16:00:00+00:00,136.11,137.14,136.02,136.88,691440.0,136.6212,286.0
2022-01-07 17:00:00+00:00,136.95,137.14,136.55,137.05,346020.0,136.82015,151.0
2022-01-07 18:00:00+00:00,137.15,137.42,136.75,136.75,452340.0,137.151,173.0
2022-01-07 19:00:00+00:00,136.77,137.07,136.5,136.98,733760.0,136.7678,267.0
2022-01-07 20:00:00+00:00,137.01,137.42,136.79,137.01,1027580.0,137.1355,429.0
2022-01-10 14:30:00+00:00,135.04,135.7,133.73,134.01,2577420.0,134.4274,917.0
2022-01-10 15:00:00+00:00,133.97,134.19,133.14,134.11,1847280.0,133.65755,702.0
2022-01-10 16:00:00+00:00,134.02,136.15,133.86,136.15,1036620.0,135.1306,420.0
2022-01-10 17:00:00+00:00,136.1,136.1,134.86,135.68,623460.0,135.39585,246.0
2022-01-10 18:00:00+00:00,135.73,137.24,135.64,137.07,475240.0,136.5767,188.0
2022-01-10 19:00:00+00:00,137.15,138.64,137.11,137.97,921660.0,137.9212,370.0
2022-01-10 20:00:00+00:00,138.03,138.64,137.7,138.61,1932540.0,138.205,819.0
2022-01-11 14:30:00+00:00,138.18,138.23,136.81,137.34,1309480.0,137.5845,465.0
2022-01-11 15:00:00+00:00,137.31,138.7,137.23,137.9,1271780.0,137.981,538.0
2022-01-11 16:00:00+00:00,137.95,140.08,137.94,140.02,1041640.0,139.2828,408.0
2022-01-11 17:00:00+00:00,140.05,140.33,139.62,139.75,598220.0,139.99565,240.0
2022-01-11 18:00:00+00:00,139.73,140.01,139.29,139.99,435980.0,139.76655,181.0
2022-01-11 19:00:00+00:00,139.91,140.03,139.57,139.86,484380.0,139.8733,220.0
2022-01-11 20:00:00+00:00,139.91,140.1,139.53,140.08,1529520.0,139.87955,648.0
2022-01-12 14:30:00+00:00,141.55,142.55,141.11,142.54,1742380.0,141.8566,578.0
2022-01-12 15:00:00+00:00,142.59,142.81,141.34,141.62,1813500.0,142.16375,595.0
2022-01-12 16:00:00+00:00,141.63,142.33,141.25,142.05,1061020.0,141.78105,375.0
2022-01-12 17:00:00+00:00,142.07,142.4,141.62,142.38,583980.0,142.03055,202.0
2022-01-12 18:00:00+00:00,142.35,142.35,141.7,141.91,473400.0,141.97895,159.0
2022-01-12 19:00:00+00:00,141.88,142.24,141.72,142.08,508180.0,141.97405,191.0
2022-01-12 20:00:00+00:00,142.06,142.13,141.51,141.65,1418320.0,141.73885,557.0
2022-01-13 14:30:00+00:00,141.84,143.19,141.84,142.93,1008880.0,142.48865,324.0
2022-01-13 15:00:00+00:00,142.92,142.93,141.25,141.95,1540200.0,142.28425,599.0
2022-01-13 16:00:00+00:00,141.97,142.65,141.89,142.12,652260.0,142.24195,290.0
2022-01-13 17:00:00+00:00,142.09,142.1,140.21,140.63,895140.0,140.9556,368.0
2022-01-13 18:00:00+00:00,140.61,141.19,140.37,140.94,522640.0,140.8475,192.0
2022-01-13 19:00:00+00:00,140.89,141.14,139.77,140.05,631680.0,140.20595,227.0
2022-01-13 20:00:00+00:00,139.99,140.02,138.91,139.14,2167880.0,139.3633,862.0
2022-01-14 14:30:00+00:00,137.5,141.2,137.5,140.65,1074060.0,139.20265,300.0
2022-01-14 15:00:00+00:00,140.76,140.76,139.41,139.77,1074980.0,140.026,429.0
2022-01-14 16:00:00+00:00,139.88,140.3,138.84,139.89,767560.0,139.57645,255.0
2022-01-14 17:00:00+00:00,139.88,140.05,139.31,139.4,489260.0,139.70625,192.0
2022-01-14 18:00:00+00:00,139.34,140.2,138.69,140.01,632200.0,139.33305,272.0
2022-01-14 19:00:00+00:00,140.13,140.16,139.47,139.5,418560.0,139.8171,165.0
2022-01-14 20:00:00+00:00,139.58,140.01,139.42,139.78,1576780.0,139.69925,680.0
2022-01-18 14:30:00+00:00,136.6,137.0,135.62,135.95,1432240.0,136.23285,435.0
2022-01-18 15:00:00+00:00,135.87,137.14,135.8,136.01,985060.0,136.50455,435.0
2022-01-18 16:00:00+00:00,136.0,137.05,135.73,136.94,734640.0,136.28655,296.0
2022-01-18 17:00:00+00:00,136.98,137.01,136.35,136.62,864360.0,136.61085,281.0
2022-01-18 18:00:00+00:00,136.63,137.15,136.45,136.93,600360.0,136.77335,248.0
2022-01-18 19:00:00+00:00,136.95,137.36,136.61,137.12,565300.0,136.96025,251.0
2022-01-18 20:00:00+00:00,137.24,137.39,136.01,136.32,1776500.0,136.4226,776.0
2022-01-19 14:30:00+00:00,136.94,137.94,136.48,137.68,1445920.0,137.2224,452.0
2022-01-19 15:00:00+00:00,137.65,137.79,136.42,136.86,974100.0,137.26735,408.0
2022-01-19 16:00:00+00:00,136.8,137.17,136.25,137.04,791280.0,136.66345,319.0
2022-01-19 17:00:00+00:00,137.22,138.37,137.22,138.37,708060.0,137.7834,304.0
2022-01-19 18:00:00+00:00,138.29,138.4,137.76,137.95,460220.0,138.08105,194.0
2022-01-19 19:00:00+00:00,138.02,138.11,137.0,137.47,605880.0,137.3469,260.0
2022-01-19 20:00:00+00:00,137.41,137.48,135.5,135.69,1226580.0,136.33035,532.0
2022-01-20 14:30:00+00:00,136.51,137.85,136.45,137.55,982340.0,137.1049,302.0
2022-01-20 15:00:00+00:00,137.58,137.91,137.21,137.55,843740.0,137.6547,341.0
2022-01-20 16:00:00+00:00,137.59,137.82,136.8,137.05,773800.0,137.3735,332.0
2022-01-20 17:00:00+00:00,137.04,137.37,136.86,136.98,535000.0,137.09065,224.0
2022-01-20 18:00:00+00:00,136.95,137.0,136.44,136.58,697100.0,136.71105,304.0
2022-01-20 19:00:00+00:00,136.62,136.96,135.34,135.42,1074700.0,136.11015,482.0
2022-01-20 20:00:00+00:00,135.42,135.46,133.14,133.4,2122960.0,134.1164,854.0
2022-01-21 14:30:00+00:00,133.01,134.56,132.81,133.31,2329160.0,133.3505,427.0
2022-01-21 15:00:00+00:00,133.27,134.74,132.05,133.95,2415340.0,133.27645,994.0
2022-01-21 16:00:00+00:00,134.0,134.76,132.84,133.52,1384320.0,133.86785,536.0
2022-01-21 17:00:00+00:00,133.48,134.0,132.47,132.8,1145360.0,133.0749,419.0
2022-01-21 18:00:00+00:00,132.83,133.45,132.34,132.44,1109900.0,132.7407,442.0
2022-01-21 19:00:00+00:00,132.54,133.11,131.85,131.85,1010740.0,132.52085,433.0
2022-01-21 20:00:00+00:00,131.89,132.01,130.0,130.02,4770220.0,131.10025,2005.0
2022-01-24 14:30:00+00:00,126.13,128.15,125.1,127.08,2921740.0,126.7313,941.0
2022-01-24 15:00:00+00:00,127.23,127.67,125.55,126.65,2150000.0,126.74175,915.0
2022-01-24 16:00:00+00:00,126.92,127.73,125.8,126.55,1999980.0,126.7008,727.0
2022-01-24 17:00:00+00:00,126.42,126.67,124.64,125.58,2591440.0,125.51235,1010.0
2022-01-24 18:00:00+00:00,125.76,127.46,125.51,127.42,2187060.0,126.45545,900.0
2022-01-24 19:00:00+00:00,127.43,127.96,125.76,127.01,2475380.0,126.94355,1008.0
2022-01-24 20:00:00+00:00,126.96,130.78,126.55,130.53,4665660.0,128.85655,1924.0
2022-01-25 14:30:00+00:00,128.39,128.57,126.64,126.9,2221240.0,127.6623,767.0
2022-01-25 15:00:00+00:00,127.0,128.83,126.81,127.85,2001160.0,127.76275,834.0
2022-01-25 16:00:00+00:00,127.76,128.31,126.4,126.57,1372500.0,127.3551,459.0
2022-01-25 17:00:00+00:00,126.68,127.39,126.38,126.98,1169920.0,126.8369,494.0
2022-01-25 18:00:00+00:00,126.89,128.69,126.61,128.69,1004380.0,127.63175,385.0
2022-01-25 19:00:00+00:00,128.67,129.31,128.1,129.3,1054760.0,128.68815,461.0
2022-01-25 20:00:00+00:00,129.34,129.34,126.48,126.73,3076820.0,127.3671,1358.0
2022-01-26 14:30:00+00:00,130.71,130.76,128.27,129.68,1945840.0,129.5967,588.0
2022-01-26 15:00:00+00:00,129.83,130.88,129.19,130.21,2724120.0,129.91055,1175.0
2022-01-26 16:00:00+00:00,130.11,131.82,129.97,131.51,1333980.0,131.04175,583.0
2022-01-26 17:00:00+00:00,131.42,132.43,131.25,132.02,982860.0,131.8872,411.0
2022-01-26 18:00:00+00:00,132.1,132.1,131.46,131.72,757520.0,131.7388,291.0
2022-01-26 19:00:00+00:00,131.66,132.81,128.97,129.3,2316180.0,130.8499,961.0
2022-01-26 20:00:00+00:00,129.29,129.7,127.15,129.26,3428280.0,128.6221,1376.0
2022-01-27 14:30:00+00:00,131.47,132.61,131.01,131.7,1196240.0,131.7083,383.0
2022-01-27 15:00:00+00:00,131.91,132.46,130.64,131.95,1085460.0,131.69425,449.0
2022-01-27 16:00:00+00:00,132.18,132.39,130.95,131.76,1326300.0,131.7406,530.0
2022-01-27 17:00:00+00:00,131.65,131.86,129.9,130.49,1074500.0,130.57905,407.0
2022-01-27 18:00:00+00:00,130.48,130.7,128.95,130.04,1182720.0,129.6426,486.0
2022-01-27 19:00:00+00:00,130.06,130.68,129.07,129.41,1200240.0,129.7809,494.0
2022-01-27 20:00:00+00:00,129.47,130.59,129.0,129.07,1618640.0,129.56705,670.0
2022-01-28 14:30:00+00:00,130.0,130.38,128.69,129.27,1877820.0,129.48135,678.0
2022-01-28 15:00:00+00:00,129.39,131.03,128.85,130.95,1608140.0,129.68415,620.0
2022-01-28 16:00:00+00:00,131.06,132.47,130.5,132.37,1283520.0,131.584,502.0
2022-01-28 17:00:00+00:00,132.36,132.65,131.05,131.11,1007880.0,131.8436,392.0
2022-01-28 18:00:00+00:00,131.13,132.3,131.12,132.07,954780.0,131.77645,399.0
2022-01-28 19:00:00+00:00,132.08,132.29,130.65,131.86,943040.0,131.38155,398.0
2022-01-28 20:00:00+00:00,131.9,133.37,131.41,133.3,2488940.0,132.5281,1019.0
2022-01-31 14:30:00+00:00,134.2,134.49,132.27,133.4,1900900.0,133.39005,628.0
2022-01-31 15:00:00+00:00,133.37,134.28,133.07,133.62,1772220.0,133.57105,738.0
2022-01-31 16:00:00+00:00,133.65,134.07,132.96,133.92,809440.0,133.4841,333.0
2022-01-31 17:00:00+00:00,133.95,134.49,133.58,134.31,746940.0,133.9553,293.0
2022-01-31 18:00:00+00:00,134.27,134.74,134.11,134.64,586420.0,134.43375,224.0
2022-01-31 19:00:00+00:00,134.63,135.36,134.61,134.99,952980.0,135.0648,381.0
2022-01-31 20:00:00+00:00,134.95,135.84,134.17,135.67,2060800.0,135.21525,865.0
2022-02-01 14:30:00+00:00,137.67,138.2,136.25,136.5,3363620.0,137.01845,1246.0
2022-02-01 15:00:00+00:00,136.49,136.49,134.57,135.08,2986800.0,135.34035,1120.0
2022-02-01 16:00:00+00:00,135.12,136.8,135.12,136.58,1395260.0,135.9708,503.0
2022-02-01 17:00:00+00:00,136.73,137.12,136.16,137.07,1091240.0,136.62685,388.0
2022-02-01 18:00:00+00:00,137.01,137.18,136.65,136.91,772580.0,136.8887,267.0
2022-02-01 19:00:00+00:00,136.86,137.05,136.33,136.53,1415220.0,136.58445,553.0
2022-02-01 20:00:00+00:00,136.49,137.94,136.48,137.86,4047200.0,137.4346,1708.0
2022-02-02 14:30:00+00:00,151.86,152.1,148.15,148.55,8650020.0,150.1961,2685.0
2022-02-02 15:00:00+00:00,148.63,149.2,145.65,146.77,5532360.0,147.3491,1987.0
2022-02-02 16:00:00+00:00,146.73,148.33,145.56,148.33,3131760.0,146.9177,1112.0
2022-02-02 17:00:00+00:00,148.27,150.01,148.02,149.94,2658360.0,149.05455,861.0
2022-02-02 18:00:00+00:00,150.01,150.01,148.3,148.62,2111820.0,148.9787,718.0
2022-02-02 19:00:00+00:00,148.68,149.25,148.0,148.85,2847260.0,148.6959,958.0
2022-02-02 20:00:00+00:00,148.85,149.32,147.78,148.0,3477040.0,148.56015,1278.0
2022-02-03 14:30:00+00:00,145.3,148.5,145.07,147.44,3542860.0,146.8148,1019.0
2022-02-03 15:00:00+00:00,147.4,149.12,147.05,147.31,3061660.0,147.94515,1196.0
2022-02-03 16:00:00+00:00,147.25,147.69,146.04,146.3,2728600.0,146.7149,1098.0
2022-02-03 17:00:00+00:00,146.34,146.52,145.15,145.43,2072940.0,145.8637,823.0
2022-02-03 18:00:00+00:00,145.4,145.9,145.26,145.46,1572820.0,145.5745,625.0
2022-02-03 19:00:00+00:00,145.54,145.73,144.28,144.34,1883120.0,144.9953,751.0
2022-02-03 20:00:00+00:00,144.38,144.62,142.21,142.65,5696620.0,143.12915,2132.0
2022-02-04 14:30:00+00:00,143.02,143.21,139.82,141.98,5977060.0,141.432,2225.0
2022-02-04 15:00:00+00:00,142.24,143.05,141.21,141.25,2387940.0,142.2198,914.0
2022-02-04 16:00:00+00:00,141.18,142.15,140.79,141.57,2314680.0,141.50185,957.0
2022-02-04 17:00:00+00:00,141.58,143.08,141.31,143.07,1239080.0,142.1118,481.0
2022-02-04 18:00:00+00:00,143.18,143.89,143.05,143.59,1566380.0,143.466,598.0
2022-02-04 19:00:00+00:00,143.67,143.75,142.95,143.59,1173280.0,143.3754,467.0
2022-02-04 20:00:00+00:00,143.73,144.54,143.0,143.01,2271760.0,143.69485,959.0
2022-02-07 14:30:00+00:00,143.71,143.85,142.63,143.33,1498240.0,143.43815,457.0
2022-02-07 15:00:00+00:00,143.4,143.5,142.14,142.28,1365760.0,142.62575,539.0
2022-02-07 16:00:00+00:00,142.2,142.25,139.78,139.93,3505200.0,140.7142,1430.0
2022-02-07 17:00:00+00:00,139.9,140.1,138.92,139.47,1980020.0,139.70225,844.0
2022-02-07 18:00:00+00:00,139.43,140.5,139.29,140.5,1430380.0,139.9126,598.0
2022-02-07 19:00:00+00:00,140.44,140.86,140.11,140.27,936080.0,140.44375,347.0
2022-02-07 20:00:00+00:00,140.18,140.62,138.7,138.99,2733760.0,139.2894,1088.0
2022-02-08 14:30:00+00:00,138.95,139.79,137.66,137.97,2245100.0,138.79185,671.0
2022-02-08 15:00:00+00:00,137.97,138.25,136.87,137.94,3037500.0,137.5869,1086.0
2022-02-08 16:00:00+00:00,137.91,139.14,137.89,138.95,1076060.0,138.53575,399.0
2022-02-08 17:00:00+00:00,138.99,139.84,138.6,139.19,1115120.0,139.1325,366.0
2022-02-08 18:00:00+00:00,139.2,139.28,138.37,138.57,762740.0,138.83235,288.0
2022-02-08 19:00:00+00:00,138.63,138.97,137.7,137.82,1146880.0,138.1197,499.0
2022-02-08 20:00:00+00:00,137.76,139.61,137.5,139.17,1672680.0,138.70685,709.0
2022-02-09 14:30:00+00:00,140.85,141.25,140.38,140.95,2218160.0,140.8661,801.0
2022-02-09 15:00:00+00:00,141.17,142.18,141.06,141.41,1432020.0,141.6865,537.0
2022-02-09 16:00:00+00:00,141.43,141.52,140.64,140.86,1179600.0,141.0228,431.0
2022-02-09 17:00:00+00:00,140.85,141.23,140.4,141.03,757940.0,140.86725,283.0
2022-02-09 18:00:00+00:00,140.99,141.02,140.49,140.69,732060.0,140.7414,275.0
2022-02-09 19:00:00+00:00,140.76,141.34,140.76,140.94,625140.0,141.05065,238.0
2022-02-09 20:00:00+00:00,140.94,141.5,140.55,141.45,1646640.0,141.1596,618.0
2022-02-10 14:30:00+00:00,139.5,140.59,138.7,140.14,1641560.0,139.56295,528.0
2022-02-10 15:00:00+00:00,140.17,141.43,140.13,140.25,2064720.0,140.7431,782.0
2022-02-10 16:00:00+00:00,140.34,140.58,139.65,140.52,871240.0,140.19155,388.0
2022-02-10 17:00:00+00:00,140.5,140.55,138.94,139.35,1093900.0,139.7828,470.0
2022-02-10 18:00:00+00:00,139.29,139.67,138.6,139.37,1145360.0,139.027,473.0
2022-02-10 19:00:00+00:00,139.36,139.69,138.75,138.83,972880.0,139.1588,392.0
2022-02-10 20:00:00+00:00,138.93,139.26,138.05,138.6,2022400.0,138.5659,856.0
2022-02-11 14:30:00+00:00,138.75,139.28,138.06,138.32,1193360.0,138.72465,395.0
2022-02-11 15:00:00+00:00,138.38,139.07,137.54,138.11,1170460.0,138.1529,482.0
2022-02-11 16:00:00+00:00,138.34,138.82,137.64,138.01,799360.0,138.07935,304.0
2022-02-11 17:00:00+00:00,137.87,138.13,137.38,137.48,656780.0,137.79125,228.0
2022-02-11 18:00:00+00:00,137.47,137.72,135.26,135.38,1318220.0,136.34515,534.0
2022-02-11 19:00:00+00:00,135.3,135.39,133.5,133.78,3617860.0,134.58475,1451.0
2022-02-11 20:00:00+00:00,133.78,134.97,133.29,134.16,2869100.0,134.07825,1155.0
2022-02-14 14:30:00+00:00,133.37,135.13,133.3,134.59,1562020.0,134.17315,446.0
2022-02-14 15:00:00+00:00,134.56,135.28,134.1,134.93,1838440.0,134.85605,815.0
2022-02-14 16:00:00+00:00,134.87,136.17,134.78,135.96,1188460.0,135.6071,465.0
2022-02-14 17:00:00+00:00,135.91,136.1,135.54,135.73,1048800.0,135.7559,394.0
2022-02-14 18:00:00+00:00,135.8,135.85,134.15,134.15,755660.0,135.1983,312.0
2022-02-14 19:00:00+00:00,134.03,135.1,133.83,134.82,817960.0,134.47905,323.0
2022-02-14 20:00:00+00:00,134.91,135.69,134.43,135.27,1271840.0,135.1944,521.0
2022-02-15 14:30:00+00:00,137.41,137.9,136.29,136.65,1565820.0,137.0452,461.0
2022-02-15 15:00:00+00:00,136.7,137.04,136.39,136.71,1705480.0,136.76285,690.0
2022-02-15 16:00:00+00:00,136.73,137.0,136.59,136.87,809920.0,136.80695,341.0
2022-02-15 17:00:00+00:00,136.84,136.97,135.54,135.93,1150780.0,136.15025,322.0
2022-02-15 18:00:00+00:00,135.9,136.38,135.68,136.03,1074780.0,135.9963,442.0
2022-02-15 19:00:00+00:00,136.04,136.3,135.74,136.3,952880.0,135.9772,406.0
2022-02-15 20:00:00+00:00,136.26,136.6,135.63,136.42,1451500.0,136.17135,616.0
2022-02-16 14:30:00+00:00,136.43,136.69,135.0,135.01,1297960.0,136.08935,375.0
2022-02-16 15:00:00+00:00,134.99,135.7,134.82,135.37,1603660.0,135.43565,576.0
2022-02-16 16:00:00+00:00,135.38,135.64,135.0,135.61,730820.0,135.3436,292.0
2022-02-16 17:00:00+00:00,135.66,136.01,135.34,135.93,829980.0,135.70105,318.0
2022-02-16 18:00:00+00:00,135.92,136.22,135.78,135.85,550400.0,135.9607,210.0
2022-02-16 19:00:00+00:00,136.22,137.43,135.64,137.35,1113420.0,136.85585,383.0
2022-02-16 20:00:00+00:00,137.43,137.95,137.36,137.49,1364320.0,137.66365,565.0
2022-02-17 14:30:00+00:00,136.17,136.84,135.71,135.87,971460.0,136.2146,300.0
2022-02-17 15:00:00+00:00,135.87,135.87,134.85,135.0,1339700.0,135.25145,574.0
2022-02-17 16:00:00+00:00,134.92,135.35,134.68,134.89,972420.0,135.017,378.0
2022-02-17 17:00:00+00:00,134.92,134.96,134.41,134.7,919120.0,134.6406,378.0
2022-02-17 18:00:00+00:00,134.69,134.7,133.9,134.1,751440.0,134.21615,315.0
2022-02-17 19:00:00+00:00,134.11,134.16,133.58,133.66,848120.0,133.85245,331.0
2022-02-17 20:00:00+00:00,133.62,133.72,132.2,132.31,3551400.0,132.84425,1420.0
2022-02-18 14:30:00+00:00,133.04,133.64,132.3,133.34,1860360.0,132.9768,361.0
2022-02-18 15:00:00+00:00,133.36,133.82,132.31,132.54,1260140.0,133.01575,513.0
2022-02-18 16:00:00+00:00,132.5,132.5,131.12,131.28,1225780.0,131.75185,518.0
2022-02-18 17:00:00+00:00,131.34,131.91,130.85,131.05,1074460.0,131.27075,417.0
2022-02-18 18:00:00+00:00,131.05,131.14,130.45,130.64,1413360.0,130.7496,605.0
2022-02-18 19:00:00+00:00,130.68,131.87,130.5,131.8,1438760.0,131.27675,522.0
2022-02-18 20:00:00+00:00,131.75,132.02,130.31,130.51,2417980.0,130.8179,949.0
2022-02-22 14:30:00+00:00,129.76,131.32,129.29,130.75,2657700.0,130.34035,822.0
2022-02-22 15:00:00+00:00,130.73,131.9,130.43,130.94,1667860.0,131.2117,632.0
2022-02-22 16:00:00+00:00,130.97,131.03,129.32,129.7,2550260.0,129.90625,1002.0
2022-02-22 17:00:00+00:00,129.86,130.09,129.07,129.2,1164820.0,129.5098,455.0
2022-02-22 18:00:00+00:00,129.23,129.23,127.9,127.96,1534880.0,128.69565,638.0
2022-02-22 19:00:00+00:00,127.97,130.23,127.74,129.84,2634800.0,128.7907,1055.0
2022-02-22 20:00:00+00:00,129.92,130.76,128.67,129.41,3175820.0,129.731,1155.0
2022-02-23 14:30:00+00:00,131.08,131.75,130.21,130.52,1404960.0,131.08405,463.0
2022-02-23 15:00:00+00:00,130.51,130.51,129.18,129.35,1245160.0,129.7967,446.0
2022-02-23 16:00:00+00:00,129.22,129.71,128.5,129.41,947660.0,129.0329,343.0
2022-02-23 17:00:00+00:00,129.45,129.98,128.94,129.13,1003280.0,129.46855,381.0
2022-02-23 18:00:00+00:00,129.12,129.21,128.23,128.7,826140.0,128.70205,287.0
2022-02-23 19:00:00+00:00,128.7,128.88,128.11,128.47,1487660.0,128.43985,566.0
2022-02-23 20:00:00+00:00,128.42,128.57,127.5,127.58,1828760.0,127.92955,730.0
2022-02-24 14:30:00+00:00,124.85,127.61,124.76,127.14,3863400.0,126.2192,1120.0
2022-02-24 15:00:00+00:00,127.12,128.75,126.32,128.24,2462600.0,127.51055,832.0
2022-02-24 16:00:00+00:00,128.16,129.19,127.98,128.88,1471680.0,128.50875,522.0
2022-02-24 17:00:00+00:00,128.96,129.01,127.74,128.39,1235280.0,128.40165,451.0
2022-02-24 18:00:00+00:00,128.4,130.74,128.15,129.71,1311000.0,129.3216,462.0
2022-02-24 19:00:00+00:00,129.76,131.16,129.32,130.96,1614720.0,130.2325,545.0
2022-02-24 20:00:00+00:00,131.03,133.04,130.85,132.76,2733720.0,132.14345,1088.0
2022-02-25 14:30:00+00:00,133.53,133.56,131.77,132.11,1597900.0,132.64655,488.0
2022-02-25 15:00:00+00:00,132.22,134.55,131.9,134.2,1261260.0,133.5121,505.0
2022-02-25 16:00:00+00:00,134.19,135.12,133.87,135.12,1465000.0,134.5196,591.0
2022-02-25 17:00:00+00:00,135.14,135.39,133.74,133.78,1040700.0,134.6779,404.0
2022-02-25 18:00:00+00:00,133.76,134.4,133.35,134.15,664020.0,133.9107,261.0
2022-02-25 19:00:00+00:00,134.18,134.43,133.7,133.92,650620.0,134.0476,259.0
2022-02-25 20:00:00+00:00,133.86,134.75,133.54,134.52,1651040.0,134.259,659.0
2022-02-28 14:30:00+00:00,133.24,133.64,132.87,133.47,1163180.0,133.2719,352.0
2022-02-28 15:00:00+00:00,133.52,135.23,132.83,134.85,1516640.0,134.1071,586.0
2022-02-28 16:00:00+00:00,134.87,135.64,134.48,135.17,1160880.0,135.0817,477.0
2022-02-28 17:00:00+00:00,135.2,135.37,133.67,133.97,715000.0,134.34115,286.0
2022-02-28 18:00:00+00:00,133.86,134.39,133.53,134.12,683840.0,134.0116,259.0
2022-02-28 19:00:00+00:00,134.09,134.09,132.85,133.75,884460.0,133.2897,321.0
2022-02-28 20:00:00+00:00,133.73,134.96,133.23,134.92,1777420.0,134.2976,729.0
2022-03-01 14:30:00+00:00,134.48,136.0,134.02,135.79,1596160.0,135.01685,535.0
2022-03-01 15:00:00+00:00,135.73,136.11,134.84,134.91,1221640.0,135.3191,459.0
2022-03-01 16:00:00+00:00,134.94,135.61,134.3,134.44,920240.0,135.00685,332.0
2022-03-01 17:00:00+00:00,134.41,134.95,133.94,134.89,818720.0,134.37675,320.0
2022-03-01 18:00:00+00:00,134.75,135.03,133.41,133.71,694360.0,133.8875,262.0
2022-03-01 19:00:00+00:00,133.82,134.54,133.45,133.9,958940.0,133.956,334.0
2022-03-01 20:00:00+00:00,133.83,134.75,133.38,134.17,1308960.0,134.0491,580.0
2022-03-02 14:30:00+00:00,134.55,134.75,133.5,134.22,1181960.0,134.3132,338.0
2022-03-02 15:00:00+00:00,134.34,134.85,133.43,134.23,1006820.0,134.142,400.0
2022-03-02 16:00:00+00:00,134.18,135.62,133.97,134.86,1145580.0,135.00205,428.0
2022-03-02 17:00:00+00:00,134.85,134.92,134.31,134.73,782640.0,134.7051,306.0
2022-03-02 18:00:00+00:00,134.86,135.48,134.8,134.89,783740.0,135.1759,320.0
2022-03-02 19:00:00+00:00,134.96,135.33,134.75,134.89,964620.0,135.0379,376.0
2022-03-02 20:00:00+00:00,134.87,135.52,134.71,134.71,1846220.0,135.11955,776.0
2022-03-03 14:30:00+00:00,135.98,136.71,135.5,136.11,1017820.0,135.961,316.0
2022-03-03 15:00:00+00:00,136.17,136.4,134.06,134.07,974100.0,135.00135,375.0
2022-03-03 16:00:00+00:00,134.01,134.87,134.0,134.62,708200.0,134.38605,259.0
2022-03-03 17:00:00+00:00,134.6,135.54,133.99,135.02,719780.0,134.7592,268.0
2022-03-03 18:00:00+00:00,134.92,135.47,134.8,134.91,538220.0,135.10555,217.0
2022-03-03 19:00:00+00:00,134.85,135.47,134.64,134.88,931040.0,135.06705,369.0
2022-03-03 20:00:00+00:00,134.81,134.82,133.43,134.32,1142260.0,134.1086,489.0
2022-03-04 14:30:00+00:00,133.38,134.2,131.28,132.16,1502080.0,132.58605,441.0
2022-03-04 15:00:00+00:00,132.22,132.28,130.54,130.72,1788720.0,131.12315,642.0
2022-03-04 16:00:00+00:00,130.71,131.49,130.41,131.12,1196580.0,130.9579,420.0
2022-03-04 17:00:00+00:00,131.19,132.6,131.12,132.35,719480.0,132.02285,286.0
2022-03-04 18:00:00+00:00,132.49,132.94,131.51,131.59,709640.0,132.40585,239.0
2022-03-04 19:00:00+00:00,131.6,131.94,131.09,131.12,590780.0,131.517,242.0
2022-03-04 20:00:00+00:00,131.07,132.36,131.07,132.1,1227780.0,131.81845,514.0
2022-03-07 14:30:00+00:00,131.83,131.9,129.51,129.59,2173640.0,130.78235,755.0
2022-03-07 15:00:00+00:00,129.5,129.55,127.83,128.01,2254100.0,128.5226,893.0
2022-03-07 16:00:00+00:00,128.01,129.32,127.89,128.67,1289060.0,128.77105,558.0
2022-03-07 17:00:00+00:00,128.64,129.25,127.96,128.0,783360.0,128.43045,293.0
2022-03-07 18:00:00+00:00,128.03,128.51,127.59,127.77,954660.0,127.88815,374.0
2022-03-07 19:00:00+00:00,127.81,128.4,127.14,127.18,836340.0,127.7098,336.0
2022-03-07 20:00:00+00:00,127.29,127.34,126.41,126.46,3503360.0,126.84395,1385.0
2022-03-08 14:30:00+00:00,126.25,127.9,125.86,126.99,1330020.0,126.74995,380.0
2022-03-08 15:00:00+00:00,126.84,127.78,126.1,127.68,1374380.0,126.82365,572.0
2022-03-08 16:00:00+00:00,127.7,127.82,126.36,127.11,1046260.0,127.15465,412.0
2022-03-08 17:00:00+00:00,127.18,130.77,127.1,130.55,1745880.0,129.7391,612.0
2022-03-08 18:00:00+00:00,130.62,131.25,128.4,128.48,1726880.0,129.9944,520.0
2022-03-08 19:00:00+00:00,128.42,129.28,127.69,128.74,950900.0,128.5221,378.0
2022-03-08 20:00:00+00:00,128.82,129.73,127.15,127.26,1778420.0,128.1865,734.0
2022-03-09 14:30:00+00:00,131.04,131.4,130.09,131.18,2470100.0,130.7253,798.0
2022-03-09 15:00:00+00:00,131.25,131.88,131.01,131.49,2161280.0,131.47205,744.0
2022-03-09 16:00:00+00:00,131.53,132.16,131.08,132.14,899120.0,131.51605,383.0
2022-03-09 17:00:00+00:00,132.09,134.2,132.05,133.6,1333100.0,133.0563,545.0
2022-03-09 18:00:00+00:00,133.55,133.69,133.06,133.21,731220.0,133.3667,293.0
2022-03-09 19:00:00+00:00,133.23,133.77,133.19,133.63,726040.0,133.5995,273.0
2022-03-09 20:00:00+00:00,133.66,134.19,133.47,133.85,2137740.0,133.8214,906.0
2022-03-10 14:30:00+00:00,131.46,133.25,131.4,132.92,1479600.0,132.1165,439.0
2022-03-10 15:00:00+00:00,132.93,133.17,132.03,132.21,1017900.0,132.4491,432.0
2022-03-10 16:00:00+00:00,132.17,132.23,131.47,131.87,1008780.0,131.8139,429.0
2022-03-10 17:00:00+00:00,131.8,132.12,131.52,131.61,723140.0,131.74975,328.0
2022-03-10 18:00:00+00:00,131.67,132.63,131.59,132.55,513860.0,132.20395,209.0
2022-03-10 19:00:00+00:00,132.54,133.54,132.46,133.17,848620.0,133.1139,352.0
2022-03-10 20:00:00+00:00,133.2,133.32,132.5,132.76,1790260.0,132.87925,777.0
2022-03-11 14:30:00+00:00,133.84,134.2,132.51,132.78,1781260.0,133.562,676.0
2022-03-11 15:00:00+00:00,132.7,133.3,132.3,133.3,1063420.0,132.70075,436.0
2022-03-11 16:00:00+00:00,133.31,133.31,131.91,132.21,909920.0,132.4494,399.0
2022-03-11 17:00:00+00:00,132.21,132.23,131.16,131.71,1104160.0,131.6304,494.0
2022-03-11 18:00:00+00:00,131.69,132.26,131.52,131.74,756600.0,131.9655,330.0
2022-03-11 19:00:00+00:00,131.59,132.15,131.32,131.37,822380.0,131.7197,345.0
2022-03-11 20:00:00+00:00,131.4,131.45,130.3,130.5,1909960.0,130.8829,835.0
2022-03-14 13:30:00+00:00,130.57,131.03,129.34,129.34,1254780.0,130.2801,441.0
2022-03-14 14:00:00+00:00,129.34,130.57,128.86,130.3,885600.0,129.90285,376.0
2022-03-14 15:00:00+00:00,130.37,130.37,128.09,128.24,1233280.0,128.88755,455.0
2022-03-14 16:00:00+00:00,128.18,128.27,126.87,126.92,1240500.0,127.4839,514.0
2022-03-14 17:00:00+00:00,126.9,127.67,126.55,127.38,1172760.0,126.9078,452.0
2022-03-14 18:00:00+00:00,127.41,127.56,126.92,127.43,584420.0,127.25465,245.0
2022-03-14 19:00:00+00:00,127.41,127.71,126.41,126.75,2372420.0,126.93125,1033.0
2022-03-15 13:30:00+00:00,127.7,128.18,126.57,127.22,1317360.0,127.2976,408.0
2022-03-15 14:00:00+00:00,127.22,128.92,127.2,128.66,1269920.0,127.9646,482.0
2022-03-15 15:00:00+00:00,128.78,130.52,128.78,129.48,1522360.0,129.65725,578.0
2022-03-15 16:00:00+00:00,129.49,129.96,129.05,129.34,809380.0,129.56735,325.0
2022-03-15 17:00:00+00:00,129.37,129.45,128.46,128.6,1047800.0,128.8991,446.0
2022-03-15 18:00:00+00:00,128.42,128.79,127.83,128.75,1292800.0,128.36045,537.0
2022-03-15 19:00:00+00:00,128.74,129.96,128.7,129.63,2027400.0,129.4651,886.0
2022-03-16 13:30:00+00:00,131.14,132.41,131.0,132.06,1612000.0,131.6349,436.0
2022-03-16 14:00:00+00:00,132.1,133.1,131.99,133.1,1398780.0,132.6097,532.0
2022-03-16 15:00:00+00:00,133.01,133.14,132.54,132.89,881300.0,132.7936,331.0
2022-03-16 16:00:00+00:00,132.85,133.14,131.51,131.66,855160.0,132.4386,322.0
2022-03-16 17:00:00+00:00,131.67,131.91,131.23,131.88,535260.0,131.55455,216.0
2022-03-16 18:00:00+00:00,131.86,132.05,129.2,131.68,1580120.0,130.58455,595.0
2022-03-16 19:00:00+00:00,131.77,133.77,131.37,133.72,2600920.0,132.8184,965.0
2022-03-17 13:30:00+00:00,133.32,133.93,132.84,133.88,744400.0,133.3084,212.0
2022-03-17 14:00:00+00:00,133.81,134.32,132.72,133.06,1260780.0,133.43555,464.0
2022-03-17 15:00:00+00:00,133.02,133.62,132.78,133.42,998740.0,133.1621,381.0
2022-03-17 16:00:00+00:00,133.47,133.9,133.19,133.86,667080.0,133.63705,261.0
2022-03-17 17:00:00+00:00,133.8,134.73,133.37,134.5,1004740.0,134.09155,365.0
2022-03-17 18:00:00+00:00,134.47,134.68,133.93,134.17,605600.0,134.25595,261.0
2022-03-17 19:00:00+00:00,134.15,134.74,133.71,134.68,1862580.0,134.33635,784.0
2022-03-18 13:30:00+00:00,133.67,133.88,132.93,133.68,4982360.0,133.8153,238.0
2022-03-18 14:00:00+00:00,133.75,134.7,133.56,134.17,1201200.0,134.118,508.0
2022-03-18 15:00:00+00:00,134.17,135.51,134.09,135.16,1457000.0,135.0082,597.0
2022-03-18 16:00:00+00:00,135.12,135.78,135.06,135.46,1328220.0,135.5068,564.0
2022-03-18 17:00:00+00:00,135.42,135.91,135.22,135.69,1165120.0,135.5391,447.0
2022-03-18 18:00:00+00:00,135.77,135.95,135.45,135.95,835200.0,135.71005,287.0
2022-03-18 19:00:00+00:00,135.89,136.91,135.89,136.78,3045860.0,136.4762,1296.0
2022-03-21 13:30:00+00:00,136.85,137.58,135.83,136.09,1141400.0,136.68815,355.0
2022-03-21 14:00:00+00:00,136.04,136.7,135.33,136.64,1416160.0,135.94475,536.0
2022-03-21 15:00:00+00:00,136.6,137.14,136.29,136.83,1052300.0,136.87935,390.0
2022-03-21 16:00:00+00:00,136.88,137.25,135.44,135.57,1202960.0,136.51855,434.0
2022-03-21 17:00:00+00:00,135.47,135.59,134.61,135.36,1002320.0,135.1121,363.0
2022-03-21 18:00:00+00:00,135.52,136.03,135.04,135.18,722800.0,135.54755,284.0
2022-03-21 19:00:00+00:00,135.13,136.5,135.09,136.48,1681460.0,135.8805,697.0
2022-03-22 13:30:00+00:00,136.5,138.66,136.5,138.16,1423780.0,137.64015,431.0
2022-03-22 14:00:00+00:00,138.18,140.12,138.18,139.74,1595800.0,139.38055,580.0
2022-03-22 15:00:00+00:00,139.74,141.5,139.66,140.79,2461720.0,140.82445,784.0
2022-03-22 16:00:00+00:00,140.78,141.0,140.03,140.46,838720.0,140.4254,277.0
2022-03-22 17:00:00+00:00,140.43,140.62,139.92,140.39,808260.0,140.3192,298.0
2022-03-22 18:00:00+00:00,140.43,140.45,139.78,140.28,672820.0,140.1594,238.0
2022-03-22 19:00:00+00:00,140.33,140.8,139.79,140.34,1923860.0,140.3469,759.0
2022-03-23 13:30:00+00:00,139.14,139.69,138.96,139.25,900680.0,139.24575,271.0
2022-03-23 14:00:00+00:00,139.22,139.94,139.03,139.62,978040.0,139.53395,343.0
2022-03-23 15:00:00+00:00,139.67,140.03,139.5,139.72,802780.0,139.7525,301.0
2022-03-23 16:00:00+00:00,139.7,139.88,138.77,139.02,2030900.0,139.2939,662.0
2022-03-23 17:00:00+00:00,139.01,139.05,138.17,138.8,1065520.0,138.65325,323.0
2022-03-23 18:00:00+00:00,138.78,139.14,138.39,138.78,689500.0,138.7733,238.0
2022-03-23 19:00:00+00:00,138.72,139.18,138.45,138.54,1051220.0,138.7534,430.0
2022-03-24 13:30:00+00:00,139.27,139.67,138.87,139.14,1011480.0,139.2931,294.0
2022-03-24 14:00:00+00:00,139.07,139.56,138.04,139.15,1015240.0,138.9483,356.0
2022-03-24 15:00:00+00:00,139.19,140.43,139.19,140.43,1004200.0,139.9358,376.0
2022-03-24 16:00:00+00:00,140.37,140.62,139.6,140.38,1059480.0,140.14765,373.0
2022-03-24 17:00:00+00:00,140.29,140.5,139.92,140.1,532100.0,140.15735,190.0
2022-03-24 18:00:00+00:00,140.13,140.46,140.01,140.29,474720.0,140.22375,187.0
2022-03-24 19:00:00+00:00,140.28,141.4,140.25,141.36,1584140.0,140.9071,665.0
2022-03-25 13:30:00+00:00,141.75,141.96,141.01,141.34,1302040.0,141.6208,434.0
2022-03-25 14:00:00+00:00,141.37,141.89,140.91,141.39,1277720.0,141.40535,512.0
2022-03-25 15:00:00+00:00,141.37,141.37,139.7,140.22,925920.0,140.33815,368.0
2022-03-25 16:00:00+00:00,140.24,140.77,140.09,140.42,549680.0,140.4259,215.0
2022-03-25 17:00:00+00:00,140.42,141.27,140.27,141.27,592600.0,140.7351,235.0
2022-03-25 18:00:00+00:00,141.15,141.5,141.14,141.44,541860.0,141.35955,232.0
2022-03-25 19:00:00+00:00,141.47,141.58,140.46,141.57,1238840.0,141.1633,538.0
2022-03-28 13:30:00+00:00,140.87,141.9,140.4,141.71,1449280.0,141.0852,402.0
2022-03-28 14:00:00+00:00,141.66,141.66,140.6,141.29,1163620.0,141.1932,439.0
2022-03-28 15:00:00+00:00,141.3,141.3,139.83,139.93,899380.0,140.5013,301.0
2022-03-28 16:00:00+00:00,139.91,140.53,139.88,140.5,548500.0,140.3013,197.0
2022-03-28 17:00:00+00:00,140.55,141.0,140.45,140.99,573080.0,140.7816,235.0
2022-03-28 18:00:00+00:00,140.89,141.87,140.8,141.87,771000.0,141.3113,299.0
2022-03-28 19:00:00+00:00,141.86,141.98,141.5,141.95,1690440.0,141.78235,714.0
2022-03-29 13:30:00+00:00,143.16,144.16,142.81,143.58,2068540.0,143.5486,561.0
2022-03-29 14:00:00+00:00,143.6,143.75,142.48,143.11,1170380.0,142.9972,475.0
2022-03-29 15:00:00+00:00,143.12,143.8,143.12,143.47,854060.0,143.5236,317.0
2022-03-29 16:00:00+00:00,143.45,143.67,143.06,143.25,600740.0,143.3448,218.0
2022-03-29 17:00:00+00:00,143.25,143.89,143.08,143.73,649240.0,143.42325,271.0
2022-03-29 18:00:00+00:00,143.75,143.79,143.4,143.55,674240.0,143.6302,297.0
2022-03-29 19:00:00+00:00,143.51,143.91,142.99,143.3,2032580.0,143.4505,860.0
2022-03-30 13:30:00+00:00,142.87,143.16,142.64,142.98,982260.0,142.89555,268.0
2022-03-30 14:00:00+00:00,142.96,143.48,142.7,142.74,1069100.0,143.11035,477.0
2022-03-30 15:00:00+00:00,142.72,142.81,142.33,142.79,723640.0,142.58165,248.0
2022-03-30 16:00:00+00:00,142.84,143.04,142.55,142.92,772040.0,142.8029,278.0
2022-03-30 17:00:00+00:00,142.92,142.97,142.65,142.74,400220.0,142.81555,163.0
2022-03-30 18:00:00+00:00,142.73,143.0,142.64,142.76,495560.0,142.79995,166.0
2022-03-30 19:00:00+00:00,142.77,142.78,142.17,142.67,1723020.0,142.46895,626.0
2022-03-31 13:30:00+00:00,142.45,142.64,141.05,141.7,1344740.0,141.90125,379.0
2022-03-31 14:00:00+00:00,141.6,141.89,140.83,141.72,958320.0,141.26425,376.0
2022-03-31 15:00:00+00:00,141.68,141.89,141.39,141.48,659620.0,141.62855,262.0
2022-03-31 16:00:00+00:00,141.61,141.71,140.98,140.98,506940.0,141.2149,193.0
2022-03-31 17:00:00+00:00,140.95,141.48,140.83,141.32,473160.0,141.1508,190.0
2022-03-31 18:00:00+00:00,141.25,141.4,140.85,141.39,653940.0,141.0603,230.0
2022-03-31 19:00:00+00:00,141.43,141.8,139.62,139.62,3091480.0,140.3821,1242.0
2022-04-01 13:30:00+00:00,140.01,140.72,138.8,139.22,1518280.0,139.74155,490.0
2022-04-01 14:00:00+00:00,139.18,140.71,138.94,140.69,1292020.0,139.786,483.0
2022-04-01 15:00:00+00:00,140.65,140.87,139.63,139.7,970600.0,140.4582,412.0
2022-04-01 16:00:00+00:00,139.72,140.27,139.48,140.1,582980.0,139.86655,231.0
2022-04-01 17:00:00+00:00,140.08,140.63,139.93,140.22,459860.0,140.2625,193.0
2022-04-01 18:00:00+00:00,140.23,140.95,140.15,140.47,840120.0,140.58845,281.0
2022-04-01 19:00:00+00:00,140.49,140.87,139.54,140.75,1974140.0,140.28095,699.0
2022-04-04 13:30:00+00:00,140.82,143.66,140.82,143.29,1346360.0,142.26395,393.0
2022-04-04 14:00:00+00:00,143.32,143.65,142.91,143.38,1019860.0,143.36365,340.0
2022-04-04 15:00:00+00:00,143.42,143.89,143.05,143.48,682840.0,143.4526,209.0
2022-04-04 16:00:00+00:00,143.48,144.04,143.44,143.47,762760.0,143.75795,240.0
2022-04-04 17:00:00+00:00,143.45,143.67,143.33,143.56,495600.0,143.5108,156.0
2022-04-04 18:00:00+00:00,143.42,143.63,142.82,143.57,373160.0,143.18025,136.0
2022-04-04 19:00:00+00:00,143.48,143.79,143.37,143.69,872820.0,143.58195,347.0
2022-04-05 13:30:00+00:00,143.51,143.59,142.73,142.93,1226020.0,143.19875,350.0
2022-04-05 14:00:00+00:00,142.93,143.15,141.27,142.07,975380.0,141.9405,359.0
2022-04-05 15:00:00+00:00,142.08,142.19,141.39,141.56,569200.0,141.7803,216.0
2022-04-05 16:00:00+00:00,141.64,142.0,141.18,141.75,552380.0,141.63125,196.0
2022-04-05 17:00:00+00:00,141.79,142.18,141.53,141.73,482100.0,141.88685,149.0
2022-04-05 18:00:00+00:00,141.76,142.01,141.58,141.66,355980.0,141.77465,116.0
2022-04-05 19:00:00+00:00,141.68,141.75,140.94,141.06,2019080.0,141.2934,613.0
2022-04-06 13:30:00+00:00,139.16,139.85,137.31,137.86,1182240.0,138.61965,296.0
2022-04-06 14:00:00+00:00,137.79,138.52,137.55,137.87,948920.0,138.0186,313.0
2022-04-06 15:00:00+00:00,137.83,138.03,137.38,137.81,840840.0,137.71175,301.0
2022-04-06 16:00:00+00:00,137.88,137.93,137.0,137.11,812600.0,137.4239,263.0
2022-04-06 17:00:00+00:00,137.17,137.92,136.99,137.71,451240.0,137.4539,175.0
2022-04-06 18:00:00+00:00,137.54,138.63,136.42,138.02,997280.0,137.51595,334.0
2022-04-06 19:00:00+00:00,138.13,138.23,136.8,137.22,1818880.0,137.52525,691.0
2022-04-07 13:30:00+00:00,136.62,137.7,136.28,136.93,763080.0,136.8453,208.0
2022-04-07 14:00:00+00:00,136.86,137.42,135.82,136.31,589440.0,136.44465,245.0
2022-04-07 15:00:00+00:00,136.48,136.83,135.16,135.46,504060.0,135.9794,198.0
2022-04-07 16:00:00+00:00,135.49,135.95,134.86,135.34,644200.0,135.37785,250.0
2022-04-07 17:00:00+00:00,135.36,136.59,135.27,136.48,551020.0,135.93415,168.0
2022-04-07 18:00:00+00:00,136.64,136.94,136.21,136.83,392860.0,136.61275,136.0
2022-04-07 19:00:00+00:00,136.88,137.55,136.23,136.4,1483780.0,136.8434,607.0
2022-04-08 13:30:00+00:00,136.25,136.25,134.5,134.58,663800.0,135.5605,174.0
2022-04-08 14:00:00+00:00,134.49,135.78,134.48,135.6,614040.0,135.2456,269.0
2022-04-08 15:00:00+00:00,135.53,135.85,134.93,135.42,226900.0,135.3702,96.0
2022-04-08 16:00:00+00:00,135.42,135.63,135.13,135.29,237860.0,135.3525,101.0
2022-04-08 17:00:00+00:00,135.29,135.34,134.41,134.88,333620.0,134.8646,138.0
2022-04-08 18:00:00+00:00,134.79,135.15,134.31,134.6,516320.0,134.8323,225.0
2022-04-08 19:00:00+00:00,134.56,134.84,133.75,134.02,1285760.0,134.11075,581.0
2022-04-11 13:30:00+00:00,132.78,132.94,131.97,132.14,1206600.0,132.5312,368.0
2022-04-11 14:00:00+00:00,132.12,132.5,130.33,130.57,1137060.0,131.05975,449.0
2022-04-11 15:00:00+00:00,130.6,131.11,130.33,130.36,722180.0,130.68625,297.0
2022-04-11 16:00:00+00:00,130.33,130.75,130.07,130.64,714880.0,130.35125,267.0
2022-04-11 17:00:00+00:00,130.7,131.09,130.7,131.0,720000.0,130.91875,303.0
2022-04-11 18:00:00+00:00,130.95,131.05,130.35,130.42,483620.0,130.6453,206.0
2022-04-11 19:00:00+00:00,130.47,130.73,129.62,129.81,1685360.0,130.03695,695.0
2022-04-12 13:30:00+00:00,132.42,132.42,130.57,131.36,1419940.0,131.64075,426.0
2022-04-12 14:00:00+00:00,131.59,131.88,130.0,130.38,1103520.0,131.1743,376.0
2022-04-12 15:00:00+00:00,130.38,130.79,130.08,130.39,576380.0,130.50465,242.0
2022-04-12 16:00:00+00:00,130.38,130.38,129.54,129.73,557780.0,129.84715,219.0
2022-04-12 17:00:00+00:00,129.76,129.99,128.76,128.87,558340.0,129.45845,232.0
2022-04-12 18:00:00+00:00,128.81,129.28,128.0,128.11,1052120.0,128.51795,430.0
2022-04-12 19:00:00+00:00,128.07,128.64,127.58,128.37,1977540.0,128.0976,800.0
2022-04-13 13:30:00+00:00,128.63,129.1,128.44,128.81,1192400.0,128.7668,364.0
2022-04-13 14:00:00+00:00,128.81,129.58,128.49,128.92,823920.0,129.07095,355.0
2022-04-13 15:00:00+00:00,128.98,129.98,128.98,129.75,1290640.0,129.57295,529.0
2022-04-13 16:00:00+00:00,129.75,130.52,129.58,130.32,720840.0,130.2301,294.0
2022-04-13 17:00:00+00:00,130.29,130.49,129.58,129.73,931540.0,130.04985,370.0
2022-04-13 18:00:00+00:00,129.71,130.05,129.69,129.78,381000.0,129.9432,119.0
2022-04-13 19:00:00+00:00,129.81,130.66,129.63,130.25,1122800.0,130.29705,481.0
2022-04-14 13:30:00+00:00,130.65,130.71,128.42,128.9,1812300.0,129.8747,369.0
2022-04-14 14:00:00+00:00,128.8,128.9,127.93,128.49,867800.0,128.3111,355.0
2022-04-14 15:00:00+00:00,128.51,128.93,128.04,128.17,710600.0,128.528,254.0
2022-04-14 16:00:00+00:00,128.13,128.29,127.43,127.56,683840.0,127.8344,241.0
2022-04-14 17:00:00+00:00,127.73,128.55,127.73,128.54,580560.0,128.09455,253.0
2022-04-14 18:00:00+00:00,128.55,128.78,127.58,127.65,646200.0,128.15865,279.0
2022-04-14 19:00:00+00:00,127.62,127.85,127.11,127.28,1507340.0,127.3796,639.0
2022-04-18 13:30:00+00:00,127.41,128.33,127.21,127.63,829580.0,127.62485,212.0
2022-04-18 14:00:00+00:00,127.52,128.71,127.52,128.04,546420.0,128.26635,196.0
2022-04-18 15:00:00+00:00,128.04,128.25,127.22,127.64,397640.0,127.58705,132.0
2022-04-18 16:00:00+00:00,127.67,127.67,126.58,126.8,439280.0,126.92515,167.0
2022-04-18 17:00:00+00:00,126.75,128.38,126.72,127.96,428500.0,127.62135,150.0
2022-04-18 18:00:00+00:00,128.02,128.37,127.84,127.92,530620.0,128.15715,169.0
2022-04-18 19:00:00+00:00,127.93,127.98,127.0,127.98,824440.0,127.53535,355.0
2022-04-19 13:30:00+00:00,127.92,129.44,127.45,129.41,1225580.0,128.347,318.0
2022-04-19 14:00:00+00:00,129.45,129.98,129.27,129.82,1302820.0,129.57265,542.0
2022-04-19 15:00:00+00:00,129.81,130.22,129.59,129.89,781100.0,129.95115,323.0
2022-04-19 16:00:00+00:00,129.75,130.1,129.66,129.94,517660.0,129.8789,198.0
2022-04-19 17:00:00+00:00,129.89,130.15,129.67,129.94,388360.0,129.92805,152.0
2022-04-19 18:00:00+00:00,129.85,129.91,129.26,129.79,538340.0,129.58715,196.0
2022-04-19 19:00:00+00:00,129.78,130.9,129.78,130.53,1750500.0,130.5176,690.0
2022-04-20 13:30:00+00:00,131.28,131.92,129.57,129.76,1618900.0,131.0521,514.0
2022-04-20 14:00:00+00:00,129.68,130.34,128.64,130.31,1111280.0,129.5767,367.0
2022-04-20 15:00:00+00:00,130.28,130.29,128.49,128.94,800740.0,129.0846,276.0
2022-04-20 16:00:00+00:00,128.93,128.99,127.97,128.73,619860.0,128.48585,220.0
2022-04-20 17:00:00+00:00,128.78,129.64,128.52,129.14,513960.0,129.03955,169.0
2022-04-20 18:00:00+00:00,129.17,129.22,127.89,128.24,466480.0,128.5298,170.0
2022-04-20 19:00:00+00:00,128.33,129.0,128.05,128.35,1358120.0,128.3721,579.0
2022-04-21 13:30:00+00:00,129.35,130.31,129.15,129.52,1030140.0,129.74355,259.0
2022-04-21 14:00:00+00:00,129.55,129.64,128.13,128.44,1037140.0,128.9704,397.0
2022-04-21 15:00:00+00:00,128.39,128.68,127.08,127.08,814040.0,127.92355,303.0
2022-04-21 16:00:00+00:00,127.15,127.26,126.4,126.56,758320.0,126.83205,281.0
2022-04-21 17:00:00+00:00,126.5,126.66,125.9,125.93,1445780.0,126.3057,490.0
2022-04-21 18:00:00+00:00,125.95,126.07,125.05,125.15,985840.0,125.45065,351.0
2022-04-21 19:00:00+00:00,125.18,125.41,124.65,124.89,2408000.0,125.0037,993.0
2022-04-22 13:30:00+00:00,125.0,125.45,123.53,123.61,2563820.0,124.3357,973.0
2022-04-22 14:00:00+00:00,123.65,124.14,122.1,122.51,2298020.0,123.0603,882.0
2022-04-22 15:00:00+00:00,122.49,122.94,120.7,120.8,2110140.0,121.81565,797.0
2022-04-22 16:00:00+00:00,120.75,121.06,120.21,120.26,1843960.0,120.7348,712.0
2022-04-22 17:00:00+00:00,120.28,120.48,119.75,119.81,1744300.0,120.0934,615.0
2022-04-22 18:00:00+00:00,119.77,120.6,119.18,119.6,1260860.0,119.88115,450.0
2022-04-22 19:00:00+00:00,119.58,120.75,119.14,119.54,3343840.0,119.82995,1291.0
2022-04-25 13:30:00+00:00,119.43,120.95,118.77,120.05,1985140.0,119.99305,555.0
2022-04-25 14:00:00+00:00,120.09,123.15,120.06,121.9,2268160.0,121.8517,850.0
2022-04-25 15:00:00+00:00,121.94,122.0,120.13,120.52,1508180.0,121.1469,469.0
2022-04-25 16:00:00+00:00,120.45,122.16,120.3,121.7,1249160.0,121.4594,392.0
2022-04-25 17:00:00+00:00,121.79,122.2,121.38,121.52,1015820.0,121.812,324.0
2022-04-25 18:00:00+00:00,121.63,122.9,121.33,122.37,1539280.0,122.139,514.0
2022-04-25 19:00:00+00:00,122.42,123.28,121.4,123.25,2813320.0,122.6118,1004.0
2022-04-26 13:30:00+00:00,122.57,122.75,119.83,120.19,2186760.0,121.2418,731.0
2022-04-26 14:00:00+00:00,120.11,120.39,119.16,119.59,1801400.0,119.8966,725.0
2022-04-26 15:00:00+00:00,119.59,119.97,119.16,119.19,1128000.0,119.46365,445.0
2022-04-26 16:00:00+00:00,119.19,120.93,119.19,120.75,1584740.0,120.2398,530.0
2022-04-26 17:00:00+00:00,120.56,120.56,119.4,120.01,887300.0,119.8399,341.0
2022-04-26 18:00:00+00:00,120.04,121.65,119.88,121.59,1913560.0,120.82875,697.0
2022-04-26 19:00:00+00:00,121.72,121.85,119.51,119.51,3083840.0,120.17485,1261.0
2022-04-27 13:30:00+00:00,114.56,117.5,113.12,116.27,7675080.0,115.46315,2452.0
2022-04-27 14:00:00+00:00,116.33,116.75,113.4,115.24,4131600.0,114.9095,1497.0
2022-04-27 15:00:00+00:00,115.29,116.29,114.78,114.96,1710800.0,115.43635,699.0
2022-04-27 16:00:00+00:00,114.86,117.12,114.6,116.88,1978060.0,116.29955,709.0
2022-04-27 17:00:00+00:00,116.99,117.05,115.5,116.11,1769260.0,116.2912,682.0
2022-04-27 18:00:00+00:00,116.13,116.34,115.19,115.37,1360560.0,115.76275,560.0
2022-04-27 19:00:00+00:00,115.42,115.5,114.19,115.08,3264780.0,114.9176,1342.0
2022-04-28 13:30:00+00:00,117.12,117.47,115.14,116.16,2746140.0,116.35715,942.0
2022-04-28 14:00:00+00:00,116.1,117.08,115.42,116.98,1734480.0,116.3724,696.0
2022-04-28 15:00:00+00:00,117.04,117.65,116.5,116.85,1506400.0,117.14,469.0
2022-04-28 16:00:00+00:00,116.9,118.92,116.78,118.77,1074360.0,117.9168,411.0
2022-04-28 17:00:00+00:00,118.8,120.05,118.76,119.59,1081660.0,119.48945,425.0
2022-04-28 18:00:00+00:00,119.61,120.34,119.4,120.08,754040.0,119.891,315.0
2022-04-28 19:00:00+00:00,120.17,120.44,119.08,119.55,2360700.0,119.70825,984.0
2022-04-29 13:30:00+00:00,117.58,118.96,117.05,118.8,1719380.0,118.00405,516.0
2022-04-29 14:00:00+00:00,118.93,118.93,117.08,117.37,1786120.0,117.86845,730.0
2022-04-29 15:00:00+00:00,117.37,118.17,117.03,117.42,1015420.0,117.5268,393.0
2022-04-29 16:00:00+00:00,117.42,117.45,116.99,117.13,691580.0,117.20435,274.0
2022-04-29 17:00:00+00:00,117.11,117.88,117.11,117.17,795800.0,117.4199,310.0
2022-04-29 18:00:00+00:00,116.99,117.21,115.9,116.28,816440.0,116.42345,325.0
2022-04-29 19:00:00+00:00,116.15,116.42,114.69,114.97,2839820.0,115.355,1060.0
2022-05-02 13:30:00+00:00,114.04,115.95,113.4,115.65,2567280.0,114.36845,594.0
2022-05-02 14:00:00+00:00,115.67,117.1,114.62,115.32,1701760.0,115.6248,638.0
2022-05-02 15:00:00+00:00,115.41,116.46,115.05,116.15,804420.0,115.6808,304.0
2022-05-02 16:00:00+00:00,116.13,116.45,114.86,114.98,849780.0,115.75675,310.0
2022-05-02 17:00:00+00:00,115.01,115.37,114.53,115.11,779000.0,115.01165,297.0
2022-05-02 18:00:00+00:00,115.15,115.48,114.5,114.96,1174760.0,114.87965,360.0
2022-05-02 19:00:00+00:00,114.85,117.34,114.82,117.2,2175400.0,116.56945,834.0
2022-05-03 13:30:00+00:00,116.77,117.78,116.63,117.78,1119720.0,116.92615,252.0
2022-05-03 14:00:00+00:00,117.95,118.33,117.01,117.8,1054140.0,117.68895,393.0
2022-05-03 15:00:00+00:00,117.82,118.79,117.53,118.39,859240.0,118.4511,301.0
2022-05-03 16:00:00+00:00,118.38,118.65,117.5,118.48,1061500.0,117.96985,299.0
2022-05-03 17:00:00+00:00,118.53,119.3,118.39,118.76,867780.0,118.9392,317.0
2022-05-03 18:00:00+00:00,118.71,118.76,117.86,118.69,832000.0,118.26105,262.0
2022-05-03 19:00:00+00:00,118.71,118.87,117.69,118.17,1237080.0,118.21315,539.0
2022-05-04 13:30:00+00:00,117.82,118.07,116.42,116.54,1685380.0,117.443,543.0
2022-05-04 14:00:00+00:00,116.58,116.75,115.86,116.29,1163460.0,116.23745,432.0
2022-05-04 15:00:00+00:00,116.29,116.75,115.74,116.63,599680.0,116.0407,242.0
2022-05-04 16:00:00+00:00,116.61,118.45,116.39,118.32,728140.0,117.38495,294.0
2022-05-04 17:00:00+00:00,118.37,119.6,118.14,119.17,892260.0,118.72815,351.0
2022-05-04 18:00:00+00:00,119.32,120.98,117.58,120.59,2204440.0,119.18475,766.0
2022-05-04 19:00:00+00:00,120.74,123.14,120.24,122.58,3605580.0,122.12745,1489.0
2022-05-05 13:30:00+00:00,120.22,121.23,118.94,119.42,2055180.0,120.1233,608.0
2022-05-05 14:00:00+00:00,119.25,119.25,115.71,116.92,2985220.0,117.11575,1074.0
2022-05-05 15:00:00+00:00,116.8,117.32,115.96,116.32,1521900.0,116.7681,609.0
2022-05-05 16:00:00+00:00,116.22,117.65,115.94,117.27,1796680.0,116.88965,661.0
2022-05-05 17:00:00+00:00,117.42,117.66,116.3,116.51,1599260.0,117.06025,620.0
2022-05-05 18:00:00+00:00,116.45,117.16,116.17,116.3,1108760.0,116.5377,450.0
2022-05-05 19:00:00+00:00,116.25,117.03,115.18,116.79,3639060.0,116.11345,1383.0
2022-05-06 13:30:00+00:00,115.47,115.98,114.14,114.55,1899520.0,114.8785,581.0
2022-05-06 14:00:00+00:00,114.46,117.0,114.38,116.46,2567480.0,115.5714,1073.0
2022-05-06 15:00:00+00:00,116.42,117.5,115.26,116.24,1627120.0,116.3895,696.0
2022-05-06 16:00:00+00:00,116.05,117.39,116.02,117.31,1039160.0,116.97005,378.0
2022-05-06 17:00:00+00:00,117.39,117.43,115.64,115.91,951520.0,116.50885,303.0
2022-05-06 18:00:00+00:00,115.82,116.02,115.09,115.09,1115860.0,115.56515,393.0
2022-05-06 19:00:00+00:00,115.08,116.1,114.67,115.58,2027800.0,115.50285,839.0
2022-05-09 13:30:00+00:00,113.31,114.31,112.95,113.75,2217620.0,113.67415,592.0
2022-05-09 14:00:00+00:00,113.66,114.36,113.11,113.65,1828540.0,113.6905,579.0
2022-05-09 15:00:00+00:00,113.54,114.57,113.4,114.2,1042620.0,113.98325,351.0
2022-05-09 16:00:00+00:00,114.27,115.56,113.93,114.11,1031640.0,114.74495,383.0
2022-05-09 17:00:00+00:00,113.95,114.54,113.5,113.56,967420.0,113.9926,366.0
2022-05-09 18:00:00+00:00,113.62,114.27,113.45,114.08,882520.0,113.77895,306.0
2022-05-09 19:00:00+00:00,114.2,114.66,112.55,113.08,2379780.0,113.3768,944.0
2022-05-10 13:30:00+00:00,115.9,116.65,114.71,115.88,1563580.0,115.6628,409.0
2022-05-10 14:00:00+00:00,115.79,116.42,114.24,114.41,1703080.0,115.5444,612.0
2022-05-10 15:00:00+00:00,114.31,115.42,113.38,114.89,1565000.0,114.1016,415.0
2022-05-10 16:00:00+00:00,114.75,115.3,114.08,114.55,990180.0,114.7749,315.0
2022-05-10 17:00:00+00:00,114.6,116.45,114.27,116.42,1043440.0,115.43615,397.0
2022-05-10 18:00:00+00:00,116.45,116.63,115.5,116.25,837160.0,116.14345,322.0
2022-05-10 19:00:00+00:00,116.31,116.69,114.36,114.55,1811300.0,115.1369,733.0
2022-05-11 13:30:00+00:00,113.71,116.67,113.65,116.06,2200240.0,114.8962,668.0
2022-05-11 14:00:00+00:00,115.8,116.5,114.5,115.08,1618900.0,115.39875,582.0
2022-05-11 15:00:00+00:00,114.98,116.2,114.37,115.11,1244520.0,115.36845,454.0
2022-05-11 16:00:00+00:00,115.03,115.63,114.58,114.88,1686560.0,115.06845,719.0
2022-05-11 17:00:00+00:00,114.8,115.1,114.34,114.34,1392560.0,114.7567,583.0
2022-05-11 18:00:00+00:00,114.31,116.1,114.31,115.18,1553760.0,115.2697,548.0
2022-05-11 19:00:00+00:00,115.18,115.31,113.71,113.96,2697040.0,114.3939,1017.0
2022-05-12 13:30:00+00:00,112.16,113.21,111.68,112.25,3052500.0,112.407,979.0
2022-05-12 14:00:00+00:00,112.19,114.65,111.81,114.37,2559840.0,113.3647,810.0
2022-05-12 15:00:00+00:00,114.49,114.86,112.61,112.68,1326520.0,113.90405,456.0
2022-05-12 16:00:00+00:00,112.6,113.91,111.8,112.75,2122560.0,112.88185,854.0
2022-05-12 17:00:00+00:00,112.93,112.96,110.11,110.61,1772540.0,111.2634,657.0
2022-05-12 18:00:00+00:00,110.7,111.69,110.48,110.74,1409700.0,110.97985,485.0
2022-05-12 19:00:00+00:00,110.82,113.29,110.77,113.19,2456980.0,112.2952,934.0
2022-05-13 13:30:00+00:00,114.85,116.17,114.0,115.5,1852700.0,115.02,539.0
2022-05-13 14:00:00+00:00,115.53,116.65,115.27,116.41,1634920.0,116.07265,635.0
2022-05-13 15:00:00+00:00,116.35,117.42,116.08,116.93,1226320.0,116.8301,490.0
2022-05-13 16:00:00+00:00,117.07,118.08,116.96,117.37,1189260.0,117.5477,491.0
2022-05-13 17:00:00+00:00,117.52,117.52,116.41,116.47,607780.0,117.0656,229.0
2022-05-13 18:00:00+00:00,116.41,116.48,115.33,116.05,1163860.0,115.78085,331.0
2022-05-13 19:00:00+00:00,116.16,117.11,115.72,116.52,1959940.0,116.44535,733.0
2022-05-16 13:30:00+00:00,115.38,116.61,114.52,114.7,1796120.0,115.58265,483.0
2022-05-16 14:00:00+00:00,114.7,115.75,114.36,114.78,1507520.0,115.1592,561.0
2022-05-16 15:00:00+00:00,114.67,115.4,114.33,115.4,1091360.0,114.88475,410.0
2022-05-16 16:00:00+00:00,115.42,115.6,114.42,114.53,601140.0,115.0494,232.0
2022-05-16 17:00:00+00:00,114.5,115.5,114.46,115.29,785320.0,115.1118,247.0
2022-05-16 18:00:00+00:00,115.29,115.95,115.15,115.5,619540.0,115.56875,232.0
2022-05-16 19:00:00+00:00,115.62,115.73,114.41,114.87,1855700.0,114.80505,791.0
2022-05-17 13:30:00+00:00,117.23,117.23,116.04,116.14,1219720.0,116.69105,327.0
2022-05-17 14:00:00+00:00,116.19,116.75,115.34,115.61,976740.0,116.1757,391.0
2022-05-17 15:00:00+00:00,115.61,116.35,115.45,116.03,683740.0,115.87405,286.0
2022-05-17 16:00:00+00:00,116.03,116.64,115.95,116.47,507120.0,116.342,212.0
2022-05-17 17:00:00+00:00,116.4,116.72,116.1,116.23,492080.0,116.41655,212.0
2022-05-17 18:00:00+00:00,116.31,116.58,115.34,116.32,926900.0,116.0939,344.0
2022-05-17 19:00:00+00:00,116.43,116.92,116.27,116.74,1520000.0,116.60925,640.0
2022-05-18 13:30:00+00:00,115.24,115.7,114.24,114.24,1092080.0,115.02855,339.0
2022-05-18 14:00:00+00:00,114.21,115.13,114.21,114.94,1191000.0,114.65325,488.0
2022-05-18 15:00:00+00:00,114.82,114.85,113.3,113.66,911740.0,113.99885,361.0
2022-05-18 16:00:00+00:00,113.68,114.1,113.1,114.1,786560.0,113.4491,320.0
2022-05-18 17:00:00+00:00,114.1,114.1,112.81,112.98,928020.0,113.28085,298.0
2022-05-18 18:00:00+00:00,113.06,113.35,112.8,112.85,933360.0,113.0472,367.0
2022-05-18 19:00:00+00:00,112.99,113.37,112.14,112.4,2348480.0,112.74665,983.0
2022-05-19 13:30:00+00:00,111.84,113.53,111.6,113.16,1850800.0,112.3444,527.0
2022-05-19 14:00:00+00:00,113.2,113.59,112.02,112.42,1669240.0,112.6938,662.0
2022-05-19 15:00:00+00:00,112.56,112.95,112.05,112.53,984260.0,112.5525,386.0
2022-05-19 16:00:00+00:00,112.55,112.9,111.39,111.75,861900.0,112.2375,321.0
2022-05-19 17:00:00+00:00,111.82,111.82,110.47,111.14,1661040.0,111.11,614.0
2022-05-19 18:00:00+00:00,111.22,112.0,110.74,111.79,1015820.0,111.2269,388.0
2022-05-19 19:00:00+00:00,111.82,112.2,110.58,110.63,2629340.0,111.0249,924.0
2022-05-20 13:30:00+00:00,112.19,112.55,111.5,111.87,1948700.0,112.0721,475.0
2022-05-20 14:00:00+00:00,111.93,112.04,109.35,109.41,1396380.0,110.78705,552.0
2022-05-20 15:00:00+00:00,109.45,109.58,108.37,108.37,1505400.0,108.78025,524.0
2022-05-20 16:00:00+00:00,108.33,108.45,106.37,106.9,2011640.0,107.3865,767.0
2022-05-20 17:00:00+00:00,106.82,107.5,106.42,107.25,1241100.0,106.91825,508.0
2022-05-20 18:00:00+00:00,107.37,107.37,106.39,106.81,1036620.0,106.77975,382.0
2022-05-20 19:00:00+00:00,106.89,109.46,106.7,109.32,3152280.0,108.5022,1284.0
2022-05-23 13:30:00+00:00,110.05,111.08,109.15,109.95,2535860.0,110.0797,889.0
2022-05-23 14:00:00+00:00,110.1,111.55,109.4,110.97,1803540.0,110.7297,624.0
2022-05-23 15:00:00+00:00,110.82,111.6,110.81,111.55,1840400.0,111.1567,753.0
2022-05-23 16:00:00+00:00,111.41,112.01,111.08,111.3,1005900.0,111.59665,371.0
2022-05-23 17:00:00+00:00,111.22,111.58,110.71,111.41,721400.0,111.1333,300.0
2022-05-23 18:00:00+00:00,111.46,111.88,111.25,111.35,1185400.0,111.5072,495.0
2022-05-23 19:00:00+00:00,111.37,111.81,111.05,111.67,1583060.0,111.47755,630.0
2022-05-24 13:30:00+00:00,106.49,106.49,103.85,103.99,7283720.0,104.96435,2481.0
2022-05-24 14:00:00+00:00,103.99,104.14,102.21,103.23,5552800.0,103.13335,2065.0
2022-05-24 15:00:00+00:00,103.19,105.15,103.17,104.75,2660600.0,104.3629,954.0
2022-05-24 16:00:00+00:00,104.71,105.54,104.03,104.33,2358380.0,104.7343,888.0
2022-05-24 17:00:00+00:00,104.38,105.78,104.03,105.42,1869000.0,104.8043,695.0
2022-05-24 18:00:00+00:00,105.37,106.22,104.56,104.84,1439320.0,105.3792,537.0
2022-05-24 19:00:00+00:00,104.8,106.4,104.78,106.06,2426320.0,105.7316,902.0
2022-05-25 13:30:00+00:00,105.14,105.99,104.21,104.86,2766460.0,105.19615,908.0
2022-05-25 14:00:00+00:00,105.15,106.47,104.37,106.18,2520400.0,105.4504,939.0
2022-05-25 15:00:00+00:00,106.16,106.37,105.14,105.24,1863460.0,105.80495,684.0
2022-05-25 16:00:00+00:00,105.26,105.3,104.4,104.82,2306460.0,104.79305,831.0
2022-05-25 17:00:00+00:00,104.78,105.0,104.28,104.92,1539240.0,104.605,678.0
2022-05-25 18:00:00+00:00,104.92,106.25,104.35,106.05,1734400.0,105.59915,628.0
2022-05-25 19:00:00+00:00,106.03,106.55,105.42,105.9,2254920.0,106.01625,828.0
2022-05-26 13:30:00+00:00,105.86,107.63,105.49,107.42,1931240.0,106.6245,615.0
2022-05-26 14:00:00+00:00,107.46,108.0,107.02,107.83,1661980.0,107.5596,580.0
2022-05-26 15:00:00+00:00,107.83,108.2,107.69,108.15,1231460.0,107.94335,421.0
2022-05-26 16:00:00+00:00,108.04,108.87,108.04,108.87,945540.0,108.5175,384.0
2022-05-26 17:00:00+00:00,108.88,108.96,108.2,108.75,956240.0,108.5732,375.0
2022-05-26 18:00:00+00:00,108.71,108.86,108.26,108.36,987320.0,108.5873,391.0
2022-05-26 19:00:00+00:00,108.36,108.81,107.92,108.22,1706920.0,108.28805,694.0
2022-05-27 13:30:00+00:00,109.79,111.09,109.55,110.73,1849820.0,110.4568,604.0
2022-05-27 14:00:00+00:00,110.76,111.96,110.7,111.57,1494120.0,111.3897,632.0
2022-05-27 15:00:00+00:00,111.6,112.32,111.17,112.19,1123480.0,111.95425,430.0
2022-05-27 16:00:00+00:00,112.19,112.5,111.92,112.2,1110720.0,112.23075,448.0
2022-05-27 17:00:00+00:00,112.18,112.4,111.96,112.08,883160.0,112.2326,367.0
2022-05-27 18:00:00+00:00,112.09,112.46,111.71,112.4,636300.0,112.16245,270.0
2022-05-27 19:00:00+00:00,112.46,112.87,112.08,112.8,2352500.0,112.50265,936.0
2022-05-31 13:30:00+00:00,113.06,114.12,112.59,112.92,2083140.0,113.13875,562.0
2022-05-31 14:00:00+00:00,112.92,114.06,112.57,113.94,1953400.0,113.28115,789.0
2022-05-31 15:00:00+00:00,113.85,114.87,113.63,114.68,1375300.0,114.14485,494.0
2022-05-31 16:00:00+00:00,114.77,116.0,114.77,115.85,1863160.0,115.4243,729.0
2022-05-31 17:00:00+00:00,115.85,116.01,114.93,115.98,901360.0,115.46585,361.0
2022-05-31 18:00:00+00:00,115.85,116.43,114.8,114.95,1512380.0,115.6436,582.0
2022-05-31 19:00:00+00:00,114.93,115.99,113.92,113.98,4231040.0,114.6199,1672.0
2022-06-01 13:30:00+00:00,114.93,117.4,114.93,116.87,1861360.0,116.0278,493.0
2022-06-01 14:00:00+00:00,116.76,116.94,114.4,115.06,2251580.0,115.36525,885.0
2022-06-01 15:00:00+00:00,115.04,115.04,114.21,114.35,955100.0,114.5501,359.0
2022-06-01 16:00:00+00:00,114.33,114.33,113.55,113.95,1113820.0,113.97675,392.0
2022-06-01 17:00:00+00:00,113.92,114.61,113.87,114.45,949800.0,114.2342,328.0
2022-06-01 18:00:00+00:00,114.37,115.28,114.35,114.87,904100.0,114.8881,308.0
2022-06-01 19:00:00+00:00,114.85,115.11,113.98,114.11,1680960.0,114.53395,645.0
2022-06-02 13:30:00+00:00,114.02,114.51,113.31,114.4,1577380.0,113.81635,491.0
2022-06-02 14:00:00+00:00,114.23,115.5,114.19,115.29,1346160.0,114.8429,455.0
2022-06-02 15:00:00+00:00,115.27,116.17,115.24,115.95,910040.0,115.80275,338.0
2022-06-02 16:00:00+00:00,115.91,117.88,115.8,117.22,1261980.0,116.92955,453.0
2022-06-02 17:00:00+00:00,117.24,117.76,117.06,117.62,746900.0,117.4157,301.0
2022-06-02 18:00:00+00:00,117.66,117.86,117.28,117.3,958200.0,117.61115,390.0
2022-06-02 19:00:00+00:00,117.33,117.9,117.14,117.69,1754900.0,117.57965,626.0
2022-06-03 13:30:00+00:00,115.99,116.36,114.79,115.31,1824940.0,115.60165,585.0
2022-06-03 14:00:00+00:00,115.39,115.88,113.82,113.82,1611920.0,115.0941,599.0
2022-06-03 15:00:00+00:00,113.88,114.4,113.67,114.03,1030400.0,114.01095,430.0
2022-06-03 16:00:00+00:00,114.0,114.72,113.93,114.67,767840.0,114.33525,301.0
2022-06-03 17:00:00+00:00,114.67,114.95,114.08,114.24,626900.0,114.4625,247.0
2022-06-03 18:00:00+00:00,114.21,114.72,114.21,114.56,594860.0,114.43515,247.0
2022-06-03 19:00:00+00:00,114.53,114.73,114.06,114.55,1517360.0,114.3975,657.0
2022-06-06 13:30:00+00:00,116.57,118.6,116.57,118.6,1728720.0,117.58895,575.0
2022-06-06 14:00:00+00:00,118.61,119.4,118.42,118.95,1575460.0,118.8697,585.0
2022-06-06 15:00:00+00:00,119.0,119.05,117.26,118.19,1221620.0,118.00835,407.0
2022-06-06 16:00:00+00:00,118.08,118.11,116.53,117.3,1110700.0,117.0697,381.0
2022-06-06 17:00:00+00:00,117.26,118.05,116.67,118.0,650100.0,117.3365,248.0
2022-06-06 18:00:00+00:00,117.95,118.08,116.99,117.11,745260.0,117.4897,246.0
2022-06-06 19:00:00+00:00,117.09,117.34,116.54,117.0,1032460.0,116.91975,399.0
2022-06-07 13:30:00+00:00,115.64,116.46,115.13,116.15,1611680.0,115.9402,484.0
2022-06-07 14:00:00+00:00,116.01,117.75,115.73,117.48,1628500.0,116.8063,576.0
2022-06-07 15:00:00+00:00,117.4,117.58,116.32,116.53,1242520.0,116.83,416.0
2022-06-07 16:00:00+00:00,116.52,116.8,116.0,116.64,1144640.0,116.40695,494.0
2022-06-07 17:00:00+00:00,116.65,116.99,116.49,116.89,1274560.0,116.7835,555.0
2022-06-07 18:00:00+00:00,116.85,117.48,116.83,117.04,1031460.0,117.1736,388.0
2022-06-07 19:00:00+00:00,117.02,117.43,116.93,117.18,1578540.0,117.17505,631.0
2022-06-08 13:30:00+00:00,116.88,117.85,116.7,117.67,1162400.0,117.15265,363.0
2022-06-08 14:00:00+00:00,117.61,118.33,117.28,117.55,1808220.0,117.82505,560.0
2022-06-08 15:00:00+00:00,117.53,118.65,117.35,117.92,1119240.0,118.16795,406.0
2022-06-08 16:00:00+00:00,117.87,118.12,116.84,117.35,806760.0,117.4893,282.0
2022-06-08 17:00:00+00:00,117.33,117.53,116.8,117.53,829940.0,117.2425,312.0
2022-06-08 18:00:00+00:00,117.51,117.75,117.2,117.58,794100.0,117.4919,287.0
2022-06-08 19:00:00+00:00,117.48,117.93,117.12,117.26,1179380.0,117.4806,510.0
2022-06-09 13:30:00+00:00,116.5,117.93,116.34,117.89,1214740.0,117.0928,360.0
2022-06-09 14:00:00+00:00,117.86,117.95,116.92,117.42,1562800.0,117.4669,512.0
2022-06-09 15:00:00+00:00,117.37,118.35,117.03,117.73,1346420.0,117.7024,403.0
2022-06-09 16:00:00+00:00,117.81,118.13,117.5,118.06,773020.0,117.83065,308.0
2022-06-09 17:00:00+00:00,118.06,118.25,117.05,117.37,658540.0,117.58935,223.0
2022-06-09 18:00:00+00:00,117.4,117.4,116.41,116.44,826600.0,116.8667,289.0
2022-06-09 19:00:00+00:00,116.39,116.4,114.87,114.88,1751820.0,115.511,707.0
2022-06-10 13:30:00+00:00,112.82,113.5,111.54,111.78,1679580.0,112.43395,544.0
2022-06-10 14:00:00+00:00,111.76,111.76,110.86,110.97,1801300.0,111.23945,660.0
2022-06-10 15:00:00+00:00,111.09,111.44,110.94,111.37,846900.0,111.15235,344.0
2022-06-10 16:00:00+00:00,111.38,111.66,111.17,111.5,585660.0,111.4355,228.0
2022-06-10 17:00:00+00:00,111.56,112.64,111.48,112.05,994860.0,112.0056,362.0
2022-06-10 18:00:00+00:00,112.02,112.8,111.97,112.63,1016500.0,112.326,383.0
2022-06-10 19:00:00+00:00,112.67,113.0,111.4,111.44,2086240.0,112.06965,832.0
2022-06-13 13:30:00+00:00,107.51,109.22,107.23,108.71,2268800.0,108.14165,669.0
2022-06-13 14:00:00+00:00,108.66,109.12,107.11,107.53,1970360.0,107.91355,687.0
2022-06-13 15:00:00+00:00,107.39,108.2,107.01,108.07,1242640.0,107.6434,481.0
2022-06-13 16:00:00+00:00,107.96,109.0,107.86,108.12,1201500.0,108.35885,432.0
2022-06-13 17:00:00+00:00,108.11,108.63,107.75,108.55,1002020.0,108.19165,347.0
2022-06-13 18:00:00+00:00,108.51,108.51,107.59,107.64,1064800.0,107.9871,365.0
2022-06-13 19:00:00+00:00,107.63,107.76,106.59,106.88,3809820.0,107.0109,1430.0
2022-06-14 13:30:00+00:00,107.05,107.87,106.64,107.83,1683540.0,107.1552,434.0
2022-06-14 14:00:00+00:00,107.81,107.83,106.72,106.96,1900100.0,107.1976,657.0
2022-06-14 15:00:00+00:00,106.88,107.56,106.35,107.45,1175180.0,106.90245,393.0
2022-06-14 16:00:00+00:00,107.45,107.69,107.04,107.69,659380.0,107.3147,242.0
2022-06-14 17:00:00+00:00,107.73,108.46,107.32,107.4,949720.0,107.829,346.0
2022-06-14 18:00:00+00:00,107.39,107.8,107.15,107.17,661740.0,107.48085,248.0
2022-06-14 19:00:00+00:00,107.1,107.9,106.65,107.18,1648400.0,107.2494,663.0
2022-06-15 13:30:00+00:00,108.9,109.48,108.27,108.92,1327720.0,108.9513,407.0
2022-06-15 14:00:00+00:00,108.89,109.44,108.58,109.07,1286480.0,108.93425,455.0
2022-06-15 15:00:00+00:00,109.16,109.6,108.94,109.6,1094360.0,109.29025,372.0
2022-06-15 16:00:00+00:00,109.61,110.07,109.23,109.24,1491920.0,109.7799,478.0
2022-06-15 17:00:00+00:00,109.26,110.08,109.26,109.92,808480.0,109.71055,294.0
2022-06-15 18:00:00+00:00,109.97,111.31,108.12,109.9,2866620.0,109.6273,881.0
2022-06-15 19:00:00+00:00,110.01,112.06,109.88,110.45,2668640.0,110.73155,986.0
2022-06-16 13:30:00+00:00,108.15,109.29,107.68,108.95,2656680.0,108.5081,887.0
2022-06-16 14:00:00+00:00,108.93,108.93,107.25,107.48,1981460.0,107.9723,746.0
2022-06-16 15:00:00+00:00,107.34,107.94,106.85,107.35,1452060.0,107.3668,554.0
2022-06-16 16:00:00+00:00,107.35,107.41,106.34,106.7,1229920.0,106.70635,478.0
2022-06-16 17:00:00+00:00,106.73,106.94,105.94,105.95,1222940.0,106.492,476.0
2022-06-16 18:00:00+00:00,105.88,106.62,105.79,106.25,1256500.0,106.0937,465.0
2022-06-16 19:00:00+00:00,106.2,106.89,105.95,106.68,2342180.0,106.416,899.0
2022-06-17 13:30:00+00:00,106.65,108.01,106.54,107.54,6575780.0,106.73925,537.0
2022-06-17 14:00:00+00:00,107.66,107.66,105.63,106.22,1827380.0,106.58805,681.0
2022-06-17 15:00:00+00:00,106.09,107.56,105.98,107.04,1202180.0,106.9669,445.0
2022-06-17 16:00:00+00:00,106.86,107.43,106.59,107.37,994720.0,106.89915,348.0
2022-06-17 17:00:00+00:00,107.4,108.67,107.33,108.55,1691560.0,108.25935,630.0
2022-06-17 18:00:00+00:00,108.6,109.25,108.25,108.33,1588740.0,108.7894,533.0
2022-06-17 19:00:00+00:00,108.42,108.74,107.73,107.84,3244560.0,108.205,1306.0
2022-06-21 13:30:00+00:00,109.66,111.93,109.29,111.23,3248060.0,110.6981,1063.0
2022-06-21 14:00:00+00:00,111.21,112.45,111.1,112.3,3200060.0,111.80105,1202.0
2022-06-21 15:00:00+00:00,112.35,112.67,112.05,112.12,2000740.0,112.36315,767.0
2022-06-21 16:00:00+00:00,112.08,112.31,111.82,112.19,1077180.0,112.0518,362.0
2022-06-21 17:00:00+00:00,112.2,112.35,111.9,112.09,698620.0,112.1369,256.0
2022-06-21 18:00:00+00:00,112.08,112.32,111.75,112.29,1246160.0,111.95255,361.0
2022-06-21 19:00:00+00:00,112.33,112.47,111.8,112.0,1879120.0,112.18215,733.0
2022-06-22 13:30:00+00:00,111.16,112.73,110.72,112.37,1251360.0,111.7244,330.0
2022-06-22 14:00:00+00:00,112.34,113.69,112.13,113.09,1782920.0,112.9763,595.0
2022-06-22 15:00:00+00:00,113.09,113.25,112.25,112.27,1251260.0,112.83745,393.0
2022-06-22 16:00:00+00:00,112.5,113.24,112.25,113.24,1434700.0,112.7556,427.0
2022-06-22 17:00:00+00:00,113.25,113.54,112.86,113.06,474400.0,113.24535,192.0
2022-06-22 18:00:00+00:00,113.2,113.77,113.18,113.34,707820.0,113.44335,243.0
2022-06-22 19:00:00+00:00,113.29,113.45,111.77,112.02,1485100.0,112.48385,570.0
2022-06-23 13:30:00+00:00,112.95,112.96,111.52,112.42,1364600.0,112.33655,385.0
2022-06-23 14:00:00+00:00,112.56,113.2,111.98,112.96,1052780.0,112.5874,391.0
2022-06-23 15:00:00+00:00,112.98,113.05,112.33,112.34,939940.0,112.64255,344.0
2022-06-23 16:00:00+00:00,112.37,112.44,111.46,111.6,999960.0,111.9102,343.0
2022-06-23 17:00:00+00:00,111.5,111.58,111.03,111.44,1375160.0,111.3228,530.0
2022-06-23 18:00:00+00:00,111.44,112.07,111.33,111.9,737580.0,111.6631,279.0
2022-06-23 19:00:00+00:00,111.91,113.1,111.78,112.68,2216300.0,112.45055,850.0
2022-06-24 13:30:00+00:00,113.7,116.05,113.6,115.75,1934400.0,114.767,592.0
2022-06-24 14:00:00+00:00,116.0,117.79,116.0,117.08,2034360.0,117.07555,701.0
2022-06-24 15:00:00+00:00,117.01,117.33,116.83,117.17,1545680.0,117.08685,611.0
2022-06-24 16:00:00+00:00,117.19,117.37,116.9,117.15,964700.0,117.16295,376.0
2022-06-24 17:00:00+00:00,117.1,117.22,116.92,117.04,1016440.0,117.04705,396.0
2022-06-24 18:00:00+00:00,117.16,117.43,117.05,117.39,1003200.0,117.2195,353.0
2022-06-24 19:00:00+00:00,117.39,118.64,117.2,118.58,3618960.0,118.06995,1469.0
2022-06-27 13:30:00+00:00,119.02,119.25,117.34,118.1,2585440.0,118.2344,777.0
2022-06-27 14:00:00+00:00,118.12,118.87,117.66,118.3,2484840.0,118.1773,868.0
2022-06-27 15:00:00+00:00,118.31,118.31,117.45,117.74,1261920.0,117.78675,429.0
2022-06-27 16:00:00+00:00,117.73,117.78,116.6,117.08,1298560.0,117.0892,508.0
2022-06-27 17:00:00+00:00,117.1,117.25,116.39,116.7,784580.0,116.907,302.0
2022-06-27 18:00:00+00:00,116.65,116.75,116.31,116.48,879400.0,116.5081,325.0
2022-06-27 19:00:00+00:00,116.44,116.88,116.0,116.64,1761360.0,116.45375,668.0
2022-06-28 13:30:00+00:00,116.47,117.86,116.05,116.39,1737520.0,116.83895,550.0
2022-06-28 14:00:00+00:00,116.47,116.51,114.56,114.98,2248140.0,115.37165,794.0
2022-06-28 15:00:00+00:00,115.1,115.13,113.67,113.76,1320680.0,114.3447,478.0
2022-06-28 16:00:00+00:00,113.71,113.79,113.14,113.57,1275400.0,113.41005,425.0
2022-06-28 17:00:00+00:00,113.54,113.54,112.83,112.93,909860.0,113.0551,326.0
2022-06-28 18:00:00+00:00,112.9,113.42,112.88,113.21,751380.0,113.12715,292.0
2022-06-28 19:00:00+00:00,113.16,113.28,112.44,112.57,1741180.0,112.81675,721.0
2022-06-29 13:30:00+00:00,112.25,113.31,111.69,113.17,1127300.0,112.3463,294.0
2022-06-29 14:00:00+00:00,113.06,113.66,112.3,112.77,1142000.0,112.87225,394.0
2022-06-29 15:00:00+00:00,112.64,113.03,112.25,112.73,821300.0,112.6414,271.0
2022-06-29 16:00:00+00:00,112.72,112.72,111.73,112.02,868380.0,112.05905,292.0
2022-06-29 17:00:00+00:00,112.04,112.2,111.69,112.03,529380.0,111.91995,208.0
2022-06-29 18:00:00+00:00,111.96,112.35,111.55,111.75,488640.0,111.9697,189.0
2022-06-29 19:00:00+00:00,111.75,112.48,111.63,112.26,1257440.0,112.1044,498.0
2022-06-30 13:30:00+00:00,110.5,111.33,108.4,108.45,2084780.0,109.66555,535.0
2022-06-30 14:00:00+00:00,108.28,109.3,107.31,109.13,2306060.0,108.00895,811.0
2022-06-30 15:00:00+00:00,109.14,110.45,108.65,110.45,1711860.0,109.58035,529.0
2022-06-30 16:00:00+00:00,110.41,111.21,109.57,110.67,1556340.0,110.45905,505.0
2022-06-30 17:00:00+00:00,110.66,110.84,109.96,110.41,1014260.0,110.39245,356.0
2022-06-30 18:00:00+00:00,110.41,110.5,109.44,109.53,1223020.0,110.05905,420.0
2022-06-30 19:00:00+00:00,109.5,109.91,108.75,109.43,3207500.0,109.2624,1184.0
2022-07-01 13:30:00+00:00,108.4,109.57,107.65,109.11,2276840.0,108.6053,659.0
2022-07-01 14:00:00+00:00,109.21,109.81,107.11,107.5,2244400.0,108.01815,823.0
2022-07-01 15:00:00+00:00,107.41,108.34,107.28,108.0,1398460.0,107.94375,475.0
2022-07-01 16:00:00+00:00,107.93,108.21,107.45,107.45,1021240.0,107.83415,377.0
2022-07-01 17:00:00+00:00,107.38,108.02,107.37,107.92,1178520.0,107.6062,488.0
2022-07-01 18:00:00+00:00,107.95,108.47,107.74,108.29,1549660.0,108.13515,623.0
2022-07-01 19:00:00+00:00,108.27,109.12,108.03,109.08,1971760.0,108.784,818.0
2022-07-05 13:30:00+00:00,107.66,107.76,106.25,107.5,1663880.0,107.095,474.0
2022-07-05 14:00:00+00:00,107.38,110.33,106.9,109.25,2132900.0,108.54205,676.0
2022-07-05 15:00:00+00:00,109.18,110.59,108.57,110.28,1203400.0,109.6375,409.0
2022-07-05 16:00:00+00:00,110.31,111.35,110.0,110.88,1643200.0,110.8014,627.0
2022-07-05 17:00:00+00:00,110.88,112.6,110.83,112.41,1993400.0,111.90015,700.0
2022-07-05 18:00:00+00:00,112.39,113.72,112.34,113.5,2671320.0,113.11965,1035.0
2022-07-05 19:00:00+00:00,113.46,114.05,113.15,113.95,3117840.0,113.7396,1195.0
2022-07-06 13:30:00+00:00,114.09,114.45,112.25,114.12,1893280.0,113.44535,642.0
2022-07-06 14:00:00+00:00,114.04,114.63,113.28,114.58,2050660.0,114.196,743.0
2022-07-06 15:00:00+00:00,114.56,114.61,113.67,113.87,1138540.0,114.04975,426.0
2022-07-06 16:00:00+00:00,113.84,114.55,113.74,114.36,944420.0,114.2462,297.0
2022-07-06 17:00:00+00:00,114.36,114.78,114.36,114.75,716940.0,114.5744,257.0
2022-07-06 18:00:00+00:00,114.61,115.76,114.09,115.69,1947840.0,114.9735,653.0
2022-07-06 19:00:00+00:00,115.7,116.35,114.85,115.21,2981700.0,115.7697,1032.0
2022-07-07 13:30:00+00:00,115.9,117.25,115.53,116.78,1726440.0,116.56305,585.0
2022-07-07 14:00:00+00:00,116.88,117.92,116.52,117.64,2001300.0,117.3565,728.0
2022-07-07 15:00:00+00:00,117.65,118.3,117.34,118.3,2022700.0,117.86955,731.0
2022-07-07 16:00:00+00:00,118.26,118.69,117.76,118.69,1333000.0,118.2291,470.0
2022-07-07 17:00:00+00:00,118.57,119.3,118.44,119.3,1767500.0,118.842,627.0
2022-07-07 18:00:00+00:00,119.29,119.78,119.23,119.42,1316320.0,119.46275,466.0
2022-07-07 19:00:00+00:00,119.42,119.86,119.17,119.27,1832660.0,119.4458,764.0
2022-07-08 13:30:00+00:00,117.6,118.93,117.51,118.27,1574620.0,118.11875,516.0
2022-07-08 14:00:00+00:00,118.16,119.43,118.08,119.07,1616860.0,118.9907,579.0
2022-07-08 15:00:00+00:00,119.06,120.43,119.06,120.23,1712640.0,119.97975,502.0
2022-07-08 16:00:00+00:00,120.23,120.33,118.52,119.0,1302400.0,119.36055,443.0
2022-07-08 17:00:00+00:00,119.0,120.07,118.99,119.86,797900.0,119.61925,328.0
2022-07-08 18:00:00+00:00,119.89,120.24,119.72,120.03,601520.0,120.02885,246.0
2022-07-08 19:00:00+00:00,120.0,120.29,119.2,120.22,2551700.0,120.0154,1038.0
2022-07-11 13:30:00+00:00,118.65,118.79,116.29,116.89,1883220.0,117.3954,579.0
2022-07-11 14:00:00+00:00,116.84,118.09,116.46,117.58,2054600.0,117.49035,702.0
2022-07-11 15:00:00+00:00,117.6,118.08,117.48,117.62,1341620.0,117.7347,490.0
2022-07-11 16:00:00+00:00,117.63,117.69,117.1,117.23,989820.0,117.38975,385.0
2022-07-11 17:00:00+00:00,117.23,117.54,117.05,117.09,806220.0,117.33605,319.0
2022-07-11 18:00:00+00:00,117.13,117.16,116.71,116.85,691220.0,116.92325,281.0
2022-07-11 19:00:00+00:00,116.8,116.8,116.23,116.52,1477380.0,116.53235,581.0
2022-07-12 13:30:00+00:00,116.84,117.85,116.05,116.05,1481380.0,117.0944,415.0
2022-07-12 14:00:00+00:00,116.05,116.64,115.69,116.41,1389180.0,116.09425,504.0
2022-07-12 15:00:00+00:00,116.5,116.95,115.95,116.26,1129980.0,116.42395,402.0
2022-07-12 16:00:00+00:00,116.35,116.83,116.08,116.73,844080.0,116.5053,311.0
2022-07-12 17:00:00+00:00,116.68,116.9,116.26,116.62,804740.0,116.57365,277.0
2022-07-12 18:00:00+00:00,116.62,116.62,115.71,115.76,745640.0,116.17645,268.0
2022-07-12 19:00:00+00:00,115.73,115.73,114.62,114.9,2360160.0,114.90425,912.0
2022-07-13 13:30:00+00:00,112.61,113.58,112.08,113.29,2053720.0,112.75065,692.0
2022-07-13 14:00:00+00:00,113.15,115.16,112.81,114.49,2452140.0,113.8192,867.0
2022-07-13 15:00:00+00:00,114.44,114.72,113.33,113.65,1132420.0,114.00055,441.0
2022-07-13 16:00:00+00:00,113.66,113.73,112.75,113.39,1887660.0,113.08955,780.0
2022-07-13 17:00:00+00:00,113.36,113.76,112.64,112.96,1667400.0,113.19485,669.0
2022-07-13 18:00:00+00:00,112.83,113.01,111.82,113.01,1425980.0,112.4461,540.0
2022-07-13 19:00:00+00:00,112.97,112.99,111.89,112.16,2642440.0,112.33905,1051.0
2022-07-14 13:30:00+00:00,110.95,111.5,109.86,110.17,1682760.0,110.41285,516.0
2022-07-14 14:00:00+00:00,110.0,111.07,109.33,110.81,1840900.0,110.16885,686.0
2022-07-14 15:00:00+00:00,110.88,111.69,110.64,111.43,1742060.0,111.1259,597.0
2022-07-14 16:00:00+00:00,111.37,111.47,110.31,110.78,786260.0,110.97415,286.0
2022-07-14 17:00:00+00:00,110.66,111.47,110.28,111.1,901340.0,110.9301,356.0
2022-07-14 18:00:00+00:00,111.19,111.99,111.03,111.53,1227000.0,111.5597,425.0
2022-07-14 19:00:00+00:00,111.54,111.92,111.1,111.44,2351360.0,111.4122,920.0
2022-07-15 13:30:00+00:00,112.96,114.0,111.82,112.3,2670520.0,112.97115,590.0
2022-07-15 14:00:00+00:00,112.32,113.4,112.32,113.08,1739380.0,112.9673,635.0
2022-07-15 15:00:00+00:00,113.06,113.6,112.84,112.88,1004260.0,113.24275,363.0
2022-07-15 16:00:00+00:00,112.89,113.0,112.38,112.42,970960.0,112.621,364.0
2022-07-15 17:00:00+00:00,112.48,112.84,112.35,112.58,766980.0,112.5591,323.0
2022-07-15 18:00:00+00:00,112.65,112.71,112.11,112.32,919300.0,112.3697,376.0
2022-07-15 19:00:00+00:00,112.3,112.77,112.05,112.77,2405980.0,112.42465,1037.0
2022-07-18 13:30:00+00:00,113.44,114.8,112.32,114.24,3876607.0,113.521,18033.0
2022-07-18 14:00:00+00:00,114.31,114.7,112.13,112.79,4061800.0,113.161,17518.0
2022-07-18 15:00:00+00:00,112.8,113.24,112.26,112.89,2642615.0,112.694,11977.0
2022-07-18 16:00:00+00:00,112.9,113.13,112.4,112.46,1811559.0,112.78,8206.0
2022-07-18 17:00:00+00:00,112.47,112.53,109.54,110.05,3108853.0,111.246,13497.0
2022-07-18 18:00:00+00:00,110.02,110.71,109.63,109.71,2061391.0,110.225,8469.0
2022-07-18 19:00:00+00:00,109.71,110.25,109.3,109.89,3568818.0,109.828,16124.0
2022-07-19 13:30:00+00:00,111.71,112.42,110.7,112.35,2620013.0,111.477,10921.0
2022-07-19 14:00:00+00:00,112.4,113.18,110.5,113.0,4095937.0,112.483,18145.0
2022-07-19 15:00:00+00:00,113.01,113.46,112.74,113.33,2322945.0,113.143,11835.0
2022-07-19 16:00:00+00:00,113.34,113.91,113.04,113.83,1815871.0,113.555,8678.0
2022-07-19 17:00:00+00:00,113.84,113.84,113.0,113.55,2142547.0,113.413,10475.0
2022-07-19 18:00:00+00:00,113.56,113.95,113.46,113.81,1977848.0,113.685,10887.0
2022-07-19 19:00:00+00:00,113.82,114.81,113.7,114.61,4111413.0,114.329,20983.0
2022-07-20 13:30:00+00:00,114.0,115.03,113.26,114.0,3102788.0,114.311,14397.0
2022-07-20 14:00:00+00:00,114.0,115.23,113.4,115.22,3723538.0,114.21,18135.0
2022-07-20 15:00:00+00:00,115.22,116.33,114.83,115.99,2503015.0,115.599,12276.0
2022-07-20 16:00:00+00:00,115.97,116.27,114.76,115.59,2029940.0,115.764,9390.0
2022-07-20 17:00:00+00:00,115.58,115.72,114.15,114.29,2127926.0,114.723,10034.0
2022-07-20 18:00:00+00:00,114.28,115.08,114.26,114.77,1990757.0,114.723,10165.0
2022-07-20 19:00:00+00:00,114.76,115.2,114.46,114.67,3272084.0,114.828,19135.0
2022-07-21 13:30:00+00:00,115.09,115.18,112.88,113.8,3186873.0,113.907,15491.0
2022-07-21 14:00:00+00:00,113.82,114.31,111.91,112.94,3652148.0,112.778,17789.0
2022-07-21 15:00:00+00:00,112.94,113.94,112.79,113.82,1997560.0,113.376,9381.0
2022-07-21 16:00:00+00:00,113.79,114.87,113.77,114.82,2276915.0,114.385,11518.0
2022-07-21 17:00:00+00:00,114.83,114.96,114.1,114.31,1848276.0,114.516,10182.0
2022-07-21 18:00:00+00:00,114.32,115.08,114.24,114.86,1777457.0,114.81,8392.0
2022-07-21 19:00:00+00:00,114.86,115.21,114.52,115.06,3311362.0,114.865,18972.0
2022-07-22 13:30:00+00:00,111.81,113.18,111.68,112.29,4705291.0,112.412,19936.0
2022-07-22 14:00:00+00:00,112.29,112.29,111.31,111.4,4095896.0,111.732,20688.0
2022-07-22 15:00:00+00:00,111.4,111.47,108.82,108.96,4526244.0,109.902,22554.0
2022-07-22 16:00:00+00:00,108.95,109.04,108.03,108.04,3774743.0,108.486,19857.0
2022-07-22 17:00:00+00:00,108.04,108.16,107.6,107.93,3062890.0,107.894,14386.0
2022-07-22 18:00:00+00:00,107.93,108.54,107.61,108.45,2993551.0,107.995,13736.0
2022-07-22 19:00:00+00:00,108.45,109.12,107.83,108.38,8380831.0,108.331,32225.0
2022-07-25 13:30:00+00:00,108.85,110.58,108.85,109.86,3791277.0,109.754,17079.0
2022-07-25 14:00:00+00:00,109.83,110.09,108.45,108.66,3606111.0,109.074,19712.0
2022-07-25 15:00:00+00:00,108.65,108.81,107.79,107.93,2306035.0,108.334,13038.0
2022-07-25 16:00:00+00:00,107.94,108.8,107.75,108.64,1851183.0,108.423,10341.0
2022-07-25 17:00:00+00:00,108.66,108.72,107.65,107.67,1849938.0,108.073,9844.0
2022-07-25 18:00:00+00:00,107.66,107.92,107.37,107.45,1778920.0,107.684,10110.0
2022-07-25 19:00:00+00:00,107.43,108.29,107.01,108.21,4273837.0,107.564,23345.0
2022-07-26 13:30:00+00:00,107.41,107.45,105.9,107.1,2593308.0,106.693,12574.0
2022-07-26 14:00:00+00:00,107.09,107.74,106.45,106.55,2867604.0,107.039,15914.0
2022-07-26 15:00:00+00:00,106.54,106.65,105.75,105.78,2852498.0,106.18,14764.0
2022-07-26 16:00:00+00:00,105.79,105.89,105.51,105.69,2445511.0,105.749,12106.0
2022-07-26 17:00:00+00:00,105.68,105.81,105.25,105.28,2211608.0,105.559,10706.0
2022-07-26 18:00:00+00:00,105.28,105.78,104.76,105.68,2756558.0,105.217,15344.0
2022-07-26 19:00:00+00:00,105.68,105.84,105.17,105.45,5382034.0,105.497,29761.0
2022-07-27 13:30:00+00:00,109.62,111.41,108.42,110.68,5600132.0,110.22,25513.0
2022-07-27 14:00:00+00:00,110.67,111.53,110.19,111.26,3469153.0,110.941,16565.0
2022-07-27 15:00:00+00:00,111.26,112.95,111.24,112.71,3266854.0,112.089,15860.0
2022-07-27 16:00:00+00:00,112.72,113.46,112.22,112.37,3048251.0,112.829,15098.0
2022-07-27 17:00:00+00:00,112.36,112.58,111.92,112.08,1638419.0,112.324,8462.0
2022-07-27 18:00:00+00:00,112.06,114.24,111.92,113.54,4184538.0,113.205,20136.0
2022-07-27 19:00:00+00:00,113.55,114.4,113.39,113.53,6409057.0,113.893,32240.0
2022-07-28 13:30:00+00:00,112.81,113.95,112.13,112.68,2981691.0,113.038,13607.0
2022-07-28 14:00:00+00:00,112.72,113.05,111.85,112.91,2776500.0,112.413,14443.0
2022-07-28 15:00:00+00:00,112.91,114.28,112.9,113.73,2809207.0,113.722,14377.0
2022-07-28 16:00:00+00:00,113.75,113.94,113.34,113.38,1757118.0,113.654,8183.0
2022-07-28 17:00:00+00:00,113.39,114.31,113.18,114.16,1375611.0,113.779,6560.0
2022-07-28 18:00:00+00:00,114.15,114.38,113.73,114.38,1281533.0,114.067,6811.0
2022-07-28 19:00:00+00:00,114.38,114.7,114.24,114.59,2458399.0,114.459,13878.0
2022-07-29 13:30:00+00:00,113.26,115.43,113.23,114.9,4022389.0,114.498,17037.0
2022-07-29 14:00:00+00:00,114.87,115.58,114.64,114.65,3261573.0,115.109,15066.0
2022-07-29 15:00:00+00:00,114.65,115.0,114.02,114.9,2438063.0,114.487,11242.0
2022-07-29 16:00:00+00:00,114.91,115.36,114.62,115.3,1365229.0,114.963,6695.0
2022-07-29 17:00:00+00:00,115.3,116.04,115.2,115.76,1749356.0,115.651,8398.0
2022-07-29 18:00:00+00:00,115.78,116.37,115.63,116.37,1599523.0,116.09,8121.0
2022-07-29 19:00:00+00:00,116.37,116.9,116.29,116.62,3725066.0,116.624,19488.0
2022-08-01 13:30:00+00:00,115.59,116.86,114.69,116.41,2680969.0,115.619,13346.0
2022-08-01 14:00:00+00:00,116.4,116.99,115.58,116.95,2868787.0,116.39,16065.0
2022-08-01 15:00:00+00:00,116.96,117.12,116.25,116.62,1778900.0,116.632,9564.0
2022-08-01 16:00:00+00:00,116.63,116.7,115.43,115.69,1745922.0,116.011,8615.0
2022-08-01 17:00:00+00:00,115.68,115.74,114.83,115.25,1639597.0,115.206,8659.0
2022-08-01 18:00:00+00:00,115.25,115.95,115.01,115.86,1572343.0,115.455,7551.0
2022-08-01 19:00:00+00:00,115.86,115.95,115.23,115.5,2042070.0,115.575,12732.0
2022-08-02 13:30:00+00:00,114.41,115.78,114.26,115.1,1713732.0,115.068,8551.0
2022-08-02 14:00:00+00:00,115.1,116.06,114.43,115.84,2018312.0,115.165,11401.0
2022-08-02 15:00:00+00:00,115.84,116.09,115.17,115.96,1285676.0,115.644,7210.0
2022-08-02 16:00:00+00:00,116.0,117.08,115.84,116.94,1240071.0,116.688,6426.0
2022-08-02 17:00:00+00:00,116.95,116.98,115.3,115.56,1247283.0,116.145,7703.0
2022-08-02 18:00:00+00:00,115.55,116.15,115.36,115.87,965502.0,115.87,6165.0
2022-08-02 19:00:00+00:00,115.86,116.34,115.68,115.9,1691390.0,115.99,10236.0
2022-08-03 13:30:00+00:00,116.34,118.46,116.15,118.31,2156759.0,117.434,10776.0
2022-08-03 14:00:00+00:00,118.27,119.42,117.68,118.45,2853178.0,118.579,16567.0
2022-08-03 15:00:00+00:00,118.45,119.34,118.27,119.15,2414401.0,118.891,11159.0
2022-08-03 16:00:00+00:00,119.14,119.3,118.37,118.99,1942914.0,118.866,11107.0
2022-08-03 17:00:00+00:00,118.99,119.33,118.83,118.92,1561397.0,119.077,8435.0
2022-08-03 18:00:00+00:00,118.92,119.05,118.7,118.92,1707633.0,118.875,7647.0
2022-08-03 19:00:00+00:00,118.92,119.33,118.69,118.77,3174040.0,119.01,16791.0
2022-08-04 13:30:00+00:00,118.22,119.26,117.98,119.07,2128098.0,118.7,11021.0
2022-08-04 14:00:00+00:00,119.07,119.5,117.71,118.51,1825354.0,118.45,10296.0
2022-08-04 15:00:00+00:00,118.52,118.81,117.93,118.66,1201427.0,118.32,6805.0
2022-08-04 16:00:00+00:00,118.66,119.03,118.24,118.28,1055082.0,118.662,5335.0
2022-08-04 17:00:00+00:00,118.27,118.92,118.18,118.71,930007.0,118.667,5177.0
2022-08-04 18:00:00+00:00,118.71,118.87,118.43,118.72,798800.0,118.681,4160.0
2022-08-04 19:00:00+00:00,118.73,119.14,118.62,118.88,1679019.0,118.846,10376.0
2022-08-05 13:30:00+00:00,116.92,118.25,116.69,117.7,1526212.0,117.514,7320.0
2022-08-05 14:00:00+00:00,117.72,118.86,117.45,118.18,1519888.0,118.274,8421.0
2022-08-05 15:00:00+00:00,118.17,118.17,116.91,117.49,1526385.0,117.417,8170.0
2022-08-05 16:00:00+00:00,117.5,118.12,117.39,118.06,998452.0,117.71,5566.0
2022-08-05 17:00:00+00:00,118.08,118.7,118.01,118.18,1087205.0,118.378,5359.0
2022-08-05 18:00:00+00:00,118.19,118.19,117.56,117.77,822683.0,117.927,4840.0
2022-08-05 19:00:00+00:00,117.75,118.38,117.62,118.22,2001814.0,118.047,11022.0
2022-08-08 13:30:00+00:00,119.04,120.72,118.43,120.62,2373672.0,119.876,9623.0
2022-08-08 14:00:00+00:00,120.62,120.86,119.32,119.49,2528021.0,120.063,14035.0
2022-08-08 15:00:00+00:00,119.5,119.98,118.62,119.1,1661049.0,119.434,7216.0
2022-08-08 16:00:00+00:00,119.1,119.21,117.96,118.34,1351024.0,118.384,7064.0
2022-08-08 17:00:00+00:00,118.34,118.69,118.1,118.53,788510.0,118.388,3909.0
2022-08-08 18:00:00+00:00,118.54,118.54,117.83,118.24,1013121.0,118.158,5798.0
2022-08-08 19:00:00+00:00,118.26,118.44,118.05,118.16,1542239.0,118.21,9898.0
2022-08-09 13:30:00+00:00,118.09,118.14,116.56,117.09,1482766.0,117.433,7570.0
2022-08-09 14:00:00+00:00,117.04,117.85,116.75,117.31,1447325.0,117.189,8461.0
2022-08-09 15:00:00+00:00,117.31,118.02,116.91,117.65,1149633.0,117.499,6718.0
2022-08-09 16:00:00+00:00,117.65,117.73,116.93,117.12,935924.0,117.219,5455.0
2022-08-09 17:00:00+00:00,117.15,117.69,117.0,117.57,872788.0,117.321,5419.0
2022-08-09 18:00:00+00:00,117.58,117.85,117.22,117.7,902954.0,117.503,5601.0
2022-08-09 19:00:00+00:00,117.7,118.2,117.36,117.49,2598043.0,117.72,15855.0
2022-08-10 13:30:00+00:00,119.58,120.59,119.36,120.3,2008527.0,120.013,10222.0
2022-08-10 14:00:00+00:00,120.32,120.97,119.53,120.93,2010632.0,120.322,11248.0
2022-08-10 15:00:00+00:00,120.93,121.76,120.89,121.74,2311816.0,121.344,11910.0
2022-08-10 16:00:00+00:00,121.75,121.78,120.42,120.66,1481568.0,121.023,7883.0
2022-08-10 17:00:00+00:00,120.67,121.02,120.37,120.87,1160209.0,120.789,6526.0
2022-08-10 18:00:00+00:00,120.86,120.97,120.37,120.37,1247885.0,120.732,8252.0
2022-08-10 19:00:00+00:00,120.37,121.0,120.32,120.65,2741017.0,120.596,16800.0
2022-08-11 13:30:00+00:00,122.08,122.35,121.63,121.82,2070104.0,121.998,10376.0
2022-08-11 14:00:00+00:00,121.82,122.3,120.55,121.13,2649310.0,121.627,14053.0
2022-08-11 15:00:00+00:00,121.15,121.32,119.66,120.0,1570290.0,120.318,8169.0
2022-08-11 16:00:00+00:00,120.03,120.78,119.96,120.65,1289847.0,120.381,6653.0
2022-08-11 17:00:00+00:00,120.66,120.95,120.35,120.41,853677.0,120.642,5184.0
2022-08-11 18:00:00+00:00,120.4,120.4,119.6,119.86,1038865.0,119.961,6645.0
2022-08-11 19:00:00+00:00,119.86,120.06,119.55,119.82,1744519.0,119.814,11314.0
2022-08-12 13:30:00+00:00,121.21,121.51,120.5,121.25,1368711.0,121.058,7231.0
2022-08-12 14:00:00+00:00,121.2,121.5,120.4,120.76,1582813.0,120.985,9698.0
2022-08-12 15:00:00+00:00,120.79,121.15,120.6,120.83,934039.0,120.921,5707.0
2022-08-12 16:00:00+00:00,120.82,121.26,120.77,121.15,875551.0,121.112,4314.0
2022-08-12 17:00:00+00:00,121.16,121.58,121.05,121.54,839383.0,121.354,4658.0
2022-08-12 18:00:00+00:00,121.54,122.03,121.41,121.92,1188442.0,121.779,6428.0
2022-08-12 19:00:00+00:00,121.91,122.65,121.86,122.64,3455130.0,122.427,18452.0
2022-08-15 13:30:00+00:00,122.12,123.14,121.85,122.62,1565080.0,122.469,7728.0
2022-08-15 14:00:00+00:00,122.58,122.59,121.57,121.72,1534779.0,121.937,9432.0
2022-08-15 15:00:00+00:00,121.71,123.11,121.62,122.98,1212189.0,122.423,7022.0
2022-08-15 16:00:00+00:00,122.99,123.26,122.87,123.19,1026354.0,123.043,6216.0
2022-08-15 17:00:00+00:00,123.21,123.21,122.83,123.03,957860.0,123.016,5336.0
2022-08-15 18:00:00+00:00,123.03,123.08,122.67,122.77,1305792.0,122.863,8314.0
2022-08-15 19:00:00+00:00,122.78,123.04,122.7,122.87,2267919.0,122.876,14188.0
2022-08-16 13:30:00+00:00,122.32,123.04,122.21,122.64,1390112.0,122.573,7316.0
2022-08-16 14:00:00+00:00,122.6,122.61,121.59,121.65,1659214.0,122.094,9364.0
2022-08-16 15:00:00+00:00,121.64,122.91,121.53,122.78,1337619.0,122.222,7760.0
2022-08-16 16:00:00+00:00,122.79,122.91,122.51,122.71,1019685.0,122.701,6485.0
2022-08-16 17:00:00+00:00,122.72,122.99,122.5,122.95,1011007.0,122.771,5847.0
2022-08-16 18:00:00+00:00,122.94,123.23,121.79,122.2,1530710.0,122.607,9461.0
2022-08-16 19:00:00+00:00,122.2,122.8,121.9,122.5,1838966.0,122.381,12920.0
2022-08-17 13:30:00+00:00,120.89,121.97,120.89,121.84,1480924.0,121.32,8390.0
2022-08-17 14:00:00+00:00,121.84,122.15,120.25,120.48,1973623.0,121.072,12307.0
2022-08-17 15:00:00+00:00,120.49,120.85,120.22,120.49,1657131.0,120.516,10527.0
2022-08-17 16:00:00+00:00,120.49,121.03,120.48,120.67,1118355.0,120.756,7132.0
2022-08-17 17:00:00+00:00,120.69,120.92,120.51,120.6,1039527.0,120.663,6161.0
2022-08-17 18:00:00+00:00,120.61,121.74,120.54,121.1,1772791.0,121.246,11347.0
2022-08-17 19:00:00+00:00,121.1,121.41,120.2,120.33,2701661.0,120.568,17409.0
2022-08-18 13:30:00+00:00,120.26,120.79,119.7,120.07,1485987.0,120.265,8232.0
2022-08-18 14:00:00+00:00,120.04,121.09,119.56,120.59,1455885.0,120.344,9347.0
2022-08-18 15:00:00+00:00,120.6,121.64,120.42,121.47,1322249.0,121.254,8725.0
2022-08-18 16:00:00+00:00,121.49,121.62,120.61,120.91,1021942.0,121.055,6321.0
2022-08-18 17:00:00+00:00,120.92,121.35,120.79,121.18,943650.0,121.106,5886.0
2022-08-18 18:00:00+00:00,121.17,121.4,120.98,121.33,1235505.0,121.22,7064.0
2022-08-18 19:00:00+00:00,121.34,121.69,120.66,120.87,3007573.0,121.175,16566.0
2022-08-19 13:30:00+00:00,119.92,120.0,118.53,118.87,2678458.0,119.465,9353.0
2022-08-19 14:00:00+00:00,118.83,119.15,118.56,118.64,1857562.0,118.859,10769.0
2022-08-19 15:00:00+00:00,118.64,118.85,118.22,118.46,1667133.0,118.496,10073.0
2022-08-19 16:00:00+00:00,118.44,118.69,118.31,118.51,1037437.0,118.503,6721.0
2022-08-19 17:00:00+00:00,118.5,118.63,117.73,118.25,1559635.0,118.153,9495.0
2022-08-19 18:00:00+00:00,118.25,118.28,117.79,117.89,999332.0,118.02,6740.0
2022-08-19 19:00:00+00:00,117.9,118.35,117.67,118.12,2653139.0,118.114,17463.0
2022-08-22 13:30:00+00:00,116.09,116.5,115.46,116.02,1744306.0,115.999,8272.0
2022-08-22 14:00:00+00:00,116.0,116.0,115.04,115.09,1964477.0,115.406,11903.0
2022-08-22 15:00:00+00:00,115.09,115.73,115.08,115.64,1254600.0,115.397,7147.0
2022-08-22 16:00:00+00:00,115.63,115.96,115.53,115.8,1018488.0,115.759,6312.0
2022-08-22 17:00:00+00:00,115.79,115.81,115.12,115.17,1020300.0,115.363,6190.0
2022-08-22 18:00:00+00:00,115.17,115.24,114.76,114.93,1353791.0,115.002,7311.0
2022-08-22 19:00:00+00:00,114.93,115.18,114.67,115.08,3307911.0,114.974,19534.0
2022-08-23 13:30:00+00:00,114.32,115.92,114.3,115.31,1654296.0,115.191,9455.0
2022-08-23 14:00:00+00:00,115.32,115.93,114.67,114.72,1935366.0,115.311,12862.0
2022-08-23 15:00:00+00:00,114.71,115.18,114.45,115.02,1392047.0,114.875,8741.0
2022-08-23 16:00:00+00:00,115.03,115.14,114.61,115.07,945298.0,114.898,5886.0
2022-08-23 17:00:00+00:00,115.09,115.47,114.85,114.97,1010512.0,115.105,6088.0
2022-08-23 18:00:00+00:00,114.96,115.35,114.87,115.01,881549.0,115.093,5995.0
2022-08-23 19:00:00+00:00,115.01,115.18,114.5,114.76,1809004.0,114.858,11569.0
2022-08-24 13:30:00+00:00,114.44,114.94,113.78,114.57,1744004.0,114.334,8439.0
2022-08-24 14:00:00+00:00,114.58,115.24,114.33,115.13,1799667.0,114.876,11174.0
2022-08-24 15:00:00+00:00,115.12,115.64,114.97,115.54,1166358.0,115.381,7013.0
2022-08-24 16:00:00+00:00,115.54,115.72,114.98,115.1,1020033.0,115.394,5903.0
2022-08-24 17:00:00+00:00,115.11,115.16,114.53,114.82,1014385.0,114.784,4944.0
2022-08-24 18:00:00+00:00,114.81,114.97,114.57,114.87,912783.0,114.753,5213.0
2022-08-24 19:00:00+00:00,114.88,115.3,114.47,114.7,2413464.0,114.956,15416.0
2022-08-25 13:30:00+00:00,115.15,116.44,115.05,116.33,1771772.0,115.646,8774.0
2022-08-25 14:00:00+00:00,116.32,117.15,116.32,116.72,1798104.0,116.73,11814.0
2022-08-25 15:00:00+00:00,116.73,116.78,115.93,116.13,1335799.0,116.342,6527.0
2022-08-25 16:00:00+00:00,116.13,116.21,115.8,116.08,817718.0,116.064,4953.0
2022-08-25 17:00:00+00:00,116.07,117.12,116.0,117.09,988667.0,116.561,5133.0
2022-08-25 18:00:00+00:00,117.1,117.22,116.63,116.81,922518.0,116.941,4884.0
2022-08-25 19:00:00+00:00,116.8,117.78,116.63,117.7,2526344.0,117.381,16128.0
2022-08-26 13:30:00+00:00,115.86,116.27,115.06,115.98,2424582.0,115.832,13761.0
2022-08-26 14:00:00+00:00,116.01,116.6,112.86,113.13,4532294.0,114.249,26416.0
2022-08-26 15:00:00+00:00,113.1,113.23,112.06,112.35,3037514.0,112.532,17498.0
2022-08-26 16:00:00+00:00,112.34,112.64,111.84,112.56,2125018.0,112.167,11884.0
2022-08-26 17:00:00+00:00,112.56,112.88,112.12,112.4,1417486.0,112.489,8308.0
2022-08-26 18:00:00+00:00,112.4,112.47,111.82,111.96,1608854.0,112.05,8731.0
2022-08-26 19:00:00+00:00,111.96,112.19,111.22,111.31,5098455.0,111.64,28993.0
2022-08-29 13:30:00+00:00,110.72,111.96,110.29,110.99,2379625.0,111.203,10939.0
2022-08-29 14:00:00+00:00,111.01,111.53,110.15,110.18,2582733.0,110.87,15886.0
2022-08-29 15:00:00+00:00,110.18,110.62,109.81,110.57,1888727.0,110.246,10882.0
2022-08-29 16:00:00+00:00,110.57,111.19,110.31,110.98,1284613.0,110.738,7483.0
2022-08-29 17:00:00+00:00,111.0,111.27,110.62,110.96,1031147.0,110.951,6195.0
2022-08-29 18:00:00+00:00,110.95,111.1,110.57,111.03,1218629.0,110.863,7510.0
2022-08-29 19:00:00+00:00,111.03,111.41,110.23,110.34,2625112.0,110.879,16597.0
2022-08-30 13:30:00+00:00,111.02,111.37,110.15,110.34,1937274.0,110.695,9624.0
2022-08-30 14:00:00+00:00,110.37,110.57,108.8,109.7,2997643.0,109.648,17096.0
2022-08-30 15:00:00+00:00,109.66,110.05,109.33,109.73,1506280.0,109.647,9918.0
2022-08-30 16:00:00+00:00,109.72,110.24,109.29,109.57,1103556.0,109.747,7310.0
2022-08-30 17:00:00+00:00,109.57,109.62,108.92,109.4,1341061.0,109.24,7310.0
2022-08-30 18:00:00+00:00,109.39,109.64,109.21,109.51,1272430.0,109.456,7267.0
2022-08-30 19:00:00+00:00,109.5,110.22,109.44,109.92,2687648.0,109.914,15732.0
2022-08-31 13:30:00+00:00,111.56,111.77,110.24,111.12,2157534.0,111.198,12091.0
2022-08-31 14:00:00+00:00,111.12,111.31,110.26,110.38,2031417.0,110.705,13127.0
2022-08-31 15:00:00+00:00,110.4,110.92,109.87,110.8,1454400.0,110.353,8969.0
2022-08-31 16:00:00+00:00,110.79,110.88,110.29,110.46,995442.0,110.585,6326.0
2022-08-31 17:00:00+00:00,110.45,110.63,109.94,110.22,1076966.0,110.246,6573.0
2022-08-31 18:00:00+00:00,110.22,110.52,109.79,109.99,1191555.0,110.138,7697.0
2022-08-31 19:00:00+00:00,109.97,110.52,109.05,109.1,4352837.0,109.663,24361.0
2022-09-01 13:30:00+00:00,109.19,111.22,109.11,110.13,3001252.0,110.049,14896.0
2022-09-01 14:00:00+00:00,110.1,110.33,108.73,108.73,2810064.0,109.532,16116.0
2022-09-01 15:00:00+00:00,108.74,109.16,108.19,108.41,2160404.0,108.641,12600.0
2022-09-01 16:00:00+00:00,108.41,108.82,108.35,108.6,1343750.0,108.564,8360.0
2022-09-01 17:00:00+00:00,108.61,109.46,108.55,108.88,1471565.0,109.049,8993.0
2022-09-01 18:00:00+00:00,108.89,109.99,108.78,109.67,1709718.0,109.452,10808.0
2022-09-01 19:00:00+00:00,109.65,110.7,109.59,110.54,2931178.0,110.117,18337.0
2022-09-02 13:30:00+00:00,111.33,111.39,110.2,110.27,1641843.0,110.772,9270.0
2022-09-02 14:00:00+00:00,110.25,111.63,109.93,111.13,2581223.0,110.996,15483.0
2022-09-02 15:00:00+00:00,111.15,111.68,111.06,111.52,1387844.0,111.399,7877.0
2022-09-02 16:00:00+00:00,111.53,111.59,109.64,110.05,1449378.0,110.61,9457.0
2022-09-02 17:00:00+00:00,110.04,110.04,108.52,108.54,1623452.0,109.274,10711.0
2022-09-02 18:00:00+00:00,108.54,109.13,108.4,108.72,1487270.0,108.765,9504.0
2022-09-02 19:00:00+00:00,108.69,109.17,108.13,108.69,2902522.0,108.549,17574.0
2022-09-06 13:30:00+00:00,108.09,108.88,107.38,107.68,2293223.0,108.108,12843.0
2022-09-06 14:00:00+00:00,107.67,108.32,106.51,108.15,2950767.0,107.169,19442.0
2022-09-06 15:00:00+00:00,108.15,108.45,107.68,108.2,1585033.0,108.053,10389.0
2022-09-06 16:00:00+00:00,108.19,108.43,107.39,107.77,1097445.0,107.821,7425.0
2022-09-06 17:00:00+00:00,107.76,107.79,106.74,107.14,1312516.0,107.073,8253.0
2022-09-06 18:00:00+00:00,107.14,107.79,107.07,107.42,1562958.0,107.491,10013.0
2022-09-06 19:00:00+00:00,107.42,107.83,107.15,107.5,3192081.0,107.455,21044.0
2022-09-07 13:30:00+00:00,107.79,108.89,107.61,108.65,2196621.0,108.399,13372.0
2022-09-07 14:00:00+00:00,108.64,108.95,107.88,108.72,3109582.0,108.451,22498.0
2022-09-07 15:00:00+00:00,108.73,109.69,108.63,109.4,2153492.0,109.278,14342.0
2022-09-07 16:00:00+00:00,109.39,109.79,108.98,109.63,1360205.0,109.396,9542.0
2022-09-07 17:00:00+00:00,109.63,110.12,109.51,110.09,1442083.0,109.839,8642.0
2022-09-07 18:00:00+00:00,110.1,110.89,110.07,110.73,1640411.0,110.492,10184.0
2022-09-07 19:00:00+00:00,110.73,110.99,110.39,110.44,2758777.0,110.686,17570.0
2022-09-08 13:30:00+00:00,109.24,110.08,108.62,109.97,1824029.0,109.357,11666.0
2022-09-08 14:00:00+00:00,109.94,110.43,109.14,110.35,2191506.0,109.775,15324.0
2022-09-08 15:00:00+00:00,110.36,110.58,109.48,109.72,1851735.0,110.127,10743.0
2022-09-08 16:00:00+00:00,109.72,109.77,108.06,108.92,2153870.0,108.649,13801.0
2022-09-08 17:00:00+00:00,108.92,109.42,108.55,108.92,1367854.0,109.052,8891.0
2022-09-08 18:00:00+00:00,108.92,109.21,108.69,108.97,1577388.0,108.967,8651.0
2022-09-08 19:00:00+00:00,108.95,109.42,108.71,109.41,3177777.0,109.09,19097.0
2022-09-09 13:30:00+00:00,110.05,111.08,110.0,110.82,2128530.0,110.554,11319.0
2022-09-09 14:00:00+00:00,110.84,111.55,110.77,111.4,2405136.0,111.205,15934.0
2022-09-09 15:00:00+00:00,111.41,111.61,111.04,111.36,1663456.0,111.319,10113.0
2022-09-09 16:00:00+00:00,111.33,111.76,111.07,111.74,1683199.0,111.411,10524.0
2022-09-09 17:00:00+00:00,111.74,111.93,111.58,111.83,1142118.0,111.77,6317.0
2022-09-09 18:00:00+00:00,111.82,111.98,111.28,111.49,1382194.0,111.646,8776.0
2022-09-09 19:00:00+00:00,111.49,112.0,111.41,111.77,3654957.0,111.825,21740.0
2022-09-12 13:30:00+00:00,112.03,112.61,111.79,112.36,2013140.0,112.144,10488.0
2022-09-12 14:00:00+00:00,112.37,112.64,111.62,111.74,2194330.0,112.197,12560.0
2022-09-12 15:00:00+00:00,111.71,111.91,111.09,111.23,1772533.0,111.522,10075.0
2022-09-12 16:00:00+00:00,111.22,111.59,110.93,111.51,1402956.0,111.24,8644.0
2022-09-12 17:00:00+00:00,111.51,111.82,111.2,111.72,1181060.0,111.615,6957.0
2022-09-12 18:00:00+00:00,111.72,111.75,111.14,111.41,1491344.0,111.425,8663.0
2022-09-12 19:00:00+00:00,111.42,111.92,111.3,111.91,2291336.0,111.635,14039.0
2022-09-13 13:30:00+00:00,108.88,109.37,107.36,107.39,2908340.0,108.147,16094.0
2022-09-13 14:00:00+00:00,107.38,107.45,106.3,106.51,3580407.0,106.915,21869.0
2022-09-13 15:00:00+00:00,106.5,106.57,106.14,106.31,2462309.0,106.343,14807.0
2022-09-13 16:00:00+00:00,106.31,107.06,106.2,106.96,2049966.0,106.778,12473.0
2022-09-13 17:00:00+00:00,106.96,107.36,106.79,106.97,2138598.0,107.079,12642.0
2022-09-13 18:00:00+00:00,106.98,107.02,106.22,106.28,2007601.0,106.62,12131.0
2022-09-13 19:00:00+00:00,106.29,106.35,105.0,105.32,6054217.0,105.61,34977.0
2022-09-14 13:30:00+00:00,105.45,106.03,104.65,105.45,2581663.0,105.273,15082.0
2022-09-14 14:00:00+00:00,105.45,105.46,104.5,105.36,2614162.0,105.065,16787.0
2022-09-14 15:00:00+00:00,105.36,105.71,105.04,105.41,1894151.0,105.391,11809.0
2022-09-14 16:00:00+00:00,105.42,106.02,105.29,105.92,1683872.0,105.726,9506.0
2022-09-14 17:00:00+00:00,105.93,106.1,105.14,105.26,1547718.0,105.71,9755.0
2022-09-14 18:00:00+00:00,105.26,105.62,105.01,105.29,1494862.0,105.327,9964.0
2022-09-14 19:00:00+00:00,105.29,106.02,104.87,105.88,2876681.0,105.408,19299.0
2022-09-15 13:30:00+00:00,104.93,106.19,104.74,105.91,1815573.0,105.511,10549.0
2022-09-15 14:00:00+00:00,105.92,106.21,103.99,104.02,3108607.0,105.034,19726.0
2022-09-15 15:00:00+00:00,104.02,104.46,103.8,104.07,2359692.0,104.141,14647.0
2022-09-15 16:00:00+00:00,104.07,104.56,103.83,104.55,2030172.0,104.11,12771.0
2022-09-15 17:00:00+00:00,104.55,105.32,104.53,104.79,1758276.0,104.95,10317.0
2022-09-15 18:00:00+00:00,104.79,104.79,103.94,104.1,1570788.0,104.248,9756.0
2022-09-15 19:00:00+00:00,104.1,104.28,103.31,103.9,4251852.0,103.777,25147.0
2022-09-16 13:30:00+00:00,102.99,103.11,101.85,102.48,8081085.0,102.821,21522.0
2022-09-16 14:00:00+00:00,102.49,103.99,102.49,102.81,3270283.0,103.309,19788.0
2022-09-16 15:00:00+00:00,102.82,103.17,102.58,103.1,2175900.0,102.87,13460.0
2022-09-16 16:00:00+00:00,103.09,103.13,102.52,103.09,1926925.0,102.852,12218.0
2022-09-16 17:00:00+00:00,103.09,103.17,102.54,102.64,2371905.0,102.816,14547.0
2022-09-16 18:00:00+00:00,102.64,103.6,102.59,103.43,2313155.0,103.087,14375.0
2022-09-16 19:00:00+00:00,103.42,104.03,103.18,103.56,5825730.0,103.633,33340.0
2022-09-19 13:30:00+00:00,102.54,103.3,102.39,102.91,1975600.0,102.886,11931.0
2022-09-19 14:00:00+00:00,102.92,103.3,102.49,102.99,2243656.0,102.893,13558.0
2022-09-19 15:00:00+00:00,103.0,103.17,102.39,102.49,1582548.0,102.713,9326.0
2022-09-19 16:00:00+00:00,102.49,103.39,102.37,103.33,1340787.0,102.892,7631.0
2022-09-19 17:00:00+00:00,103.32,103.38,102.89,102.95,1316492.0,103.092,7206.0
2022-09-19 18:00:00+00:00,102.97,103.31,102.86,103.26,1470061.0,103.096,8154.0
2022-09-19 19:00:00+00:00,103.26,104.02,103.25,103.86,3143932.0,103.734,18639.0
2022-09-20 13:30:00+00:00,102.84,103.17,102.41,102.47,1990553.0,102.698,10866.0
2022-09-20 14:00:00+00:00,102.47,102.9,102.12,102.48,2738718.0,102.444,16698.0
2022-09-20 15:00:00+00:00,102.47,102.8,102.26,102.64,1996915.0,102.532,12549.0
2022-09-20 16:00:00+00:00,102.64,102.82,101.84,101.99,2288582.0,102.251,12767.0
2022-09-20 17:00:00+00:00,101.98,102.04,101.12,101.23,2045545.0,101.53,11431.0
2022-09-20 18:00:00+00:00,101.23,102.15,101.21,101.98,1847964.0,101.776,11195.0
2022-09-20 19:00:00+00:00,101.97,102.21,101.6,101.83,3691453.0,101.93,21992.0
2022-09-21 13:30:00+00:00,102.28,102.32,101.9,102.08,1932196.0,102.123,10924.0
2022-09-21 14:00:00+00:00,102.08,102.23,101.48,101.59,2188368.0,101.826,13079.0
2022-09-21 15:00:00+00:00,101.58,102.1,101.47,102.04,1729155.0,101.884,10859.0
2022-09-21 16:00:00+00:00,102.03,102.3,101.94,102.03,1277216.0,102.138,7575.0
2022-09-21 17:00:00+00:00,102.03,102.59,102.01,102.48,1381873.0,102.317,7490.0
2022-09-21 18:00:00+00:00,102.55,103.49,100.11,102.93,5430576.0,101.7,34286.0
2022-09-21 19:00:00+00:00,102.94,103.14,99.99,100.0,5660833.0,101.013,35874.0
2022-09-22 13:30:00+00:00,99.48,100.8,99.41,100.61,2545652.0,100.225,13594.0
2022-09-22 14:00:00+00:00,100.6,101.0,100.32,100.5,2994013.0,100.659,17906.0
2022-09-22 15:00:00+00:00,100.49,101.02,100.03,100.76,1966976.0,100.534,10681.0
2022-09-22 16:00:00+00:00,100.76,100.97,100.4,100.72,1547660.0,100.701,7833.0
2022-09-22 17:00:00+00:00,100.7,100.93,100.4,100.85,1374195.0,100.659,7088.0
2022-09-22 18:00:00+00:00,100.85,100.92,100.23,100.73,1213822.0,100.55,6995.0
2022-09-22 19:00:00+00:00,100.73,101.68,100.44,100.55,3471717.0,101.089,20250.0
2022-09-23 13:30:00+00:00,100.05,100.11,98.83,98.85,2481140.0,99.54,13368.0
2022-09-23 14:00:00+00:00,98.85,99.85,98.42,99.49,3071492.0,99.216,18151.0
2022-09-23 15:00:00+00:00,99.5,99.85,98.96,99.19,2109325.0,99.445,11750.0
2022-09-23 16:00:00+00:00,99.18,99.27,98.55,99.04,1755427.0,98.834,10147.0
2022-09-23 17:00:00+00:00,99.04,99.12,98.35,98.54,1673153.0,98.743,9078.0
2022-09-23 18:00:00+00:00,98.53,98.74,98.01,98.08,2135602.0,98.221,11013.0
2022-09-23 19:00:00+00:00,98.06,99.29,98.05,99.19,4082825.0,98.889,22883.0
2022-09-26 13:30:00+00:00,98.61,100.02,98.38,99.97,2635774.0,99.282,15093.0
2022-09-26 14:00:00+00:00,99.97,100.44,99.64,99.88,2692495.0,100.039,18740.0
2022-09-26 15:00:00+00:00,99.88,100.02,98.85,99.36,2006347.0,99.238,12045.0
2022-09-26 16:00:00+00:00,99.35,99.37,98.41,99.1,1576972.0,98.845,9319.0
2022-09-26 17:00:00+00:00,99.11,99.12,98.53,98.56,1306781.0,98.813,7970.0
2022-09-26 18:00:00+00:00,98.57,99.32,98.54,99.16,1646311.0,98.908,10258.0
2022-09-26 19:00:00+00:00,99.17,99.5,98.67,98.81,2911570.0,99.074,17854.0
2022-09-27 13:30:00+00:00,99.91,100.46,99.35,99.69,2493843.0,99.982,14212.0
2022-09-27 14:00:00+00:00,99.71,99.76,98.92,99.52,2582109.0,99.318,16474.0
2022-09-27 15:00:00+00:00,99.52,99.76,98.23,98.27,2025655.0,98.915,12653.0
2022-09-27 16:00:00+00:00,98.27,98.29,97.37,97.73,1995668.0,97.772,11426.0
2022-09-27 17:00:00+00:00,97.72,97.81,97.35,97.56,1766094.0,97.562,11176.0
2022-09-27 18:00:00+00:00,97.55,98.21,97.34,98.03,2019280.0,97.711,10845.0
2022-09-27 19:00:00+00:00,98.05,98.24,97.45,98.09,3507604.0,97.917,22088.0
2022-09-28 13:30:00+00:00,98.02,99.02,97.8,98.18,2158174.0,98.424,12960.0
2022-09-28 14:00:00+00:00,98.18,99.48,97.83,99.26,2971380.0,98.721,20277.0
2022-09-28 15:00:00+00:00,99.25,100.2,99.19,100.15,2545202.0,99.672,15878.0
2022-09-28 16:00:00+00:00,100.16,100.58,99.73,99.99,1988195.0,100.149,11131.0
2022-09-28 17:00:00+00:00,100.0,100.48,99.8,100.29,1539334.0,100.233,9232.0
2022-09-28 18:00:00+00:00,100.29,100.66,100.27,100.62,1503690.0,100.485,8783.0
2022-09-28 19:00:00+00:00,100.62,101.4,100.59,100.73,3593860.0,101.048,19907.0
2022-09-29 13:30:00+00:00,99.3,99.3,97.57,97.94,2146024.0,98.46,10399.0
2022-09-29 14:00:00+00:00,97.92,97.99,96.77,97.43,2868911.0,97.198,15279.0
2022-09-29 15:00:00+00:00,97.41,97.85,97.07,97.71,1719548.0,97.468,9169.0
2022-09-29 16:00:00+00:00,97.7,97.77,96.88,96.94,966365.0,97.278,5959.0
2022-09-29 17:00:00+00:00,96.94,97.29,96.72,96.75,1057149.0,97.003,6455.0
2022-09-29 18:00:00+00:00,96.75,97.1,96.52,96.75,1544131.0,96.793,8862.0
2022-09-29 19:00:00+00:00,96.74,98.24,96.73,98.1,3919912.0,97.708,24767.0
2022-09-30 13:30:00+00:00,97.72,98.45,97.45,98.0,1768114.0,97.925,9530.0
2022-09-30 14:00:00+00:00,98.02,98.75,97.69,98.74,1913306.0,98.321,11358.0
2022-09-30 15:00:00+00:00,98.75,99.5,98.13,98.16,1858329.0,98.938,9954.0
2022-09-30 16:00:00+00:00,98.17,98.39,97.81,98.08,1041447.0,98.094,6031.0
2022-09-30 17:00:00+00:00,98.07,98.15,97.48,97.5,1085404.0,97.836,6411.0
2022-09-30 18:00:00+00:00,97.5,97.75,96.85,96.9,1829044.0,97.38,10500.0
2022-09-30 19:00:00+00:00,96.91,97.34,96.03,96.17,5554163.0,96.491,30635.0
2022-10-03 13:30:00+00:00,97.22,98.19,97.02,97.62,2338812.0,97.488,12523.0
2022-10-03 14:00:00+00:00,97.62,98.88,97.58,98.55,2673211.0,98.304,17652.0
2022-10-03 15:00:00+00:00,98.55,99.01,98.28,98.52,2129995.0,98.726,13020.0
2022-10-03 16:00:00+00:00,98.52,98.95,98.46,98.83,1545713.0,98.721,9299.0
2022-10-03 17:00:00+00:00,98.83,99.43,98.81,99.27,1418477.0,99.145,8071.0
2022-10-03 18:00:00+00:00,99.27,99.79,99.16,99.64,1855226.0,99.539,10396.0
2022-10-03 19:00:00+00:00,99.65,99.97,99.05,99.29,3681834.0,99.524,22752.0
2022-10-04 13:30:00+00:00,101.05,102.23,101.04,102.01,2648523.0,101.655,13953.0
2022-10-04 14:00:00+00:00,102.01,102.65,101.9,102.62,2954010.0,102.27,17189.0
2022-10-04 15:00:00+00:00,102.62,102.64,101.8,102.16,1814397.0,102.201,10571.0
2022-10-04 16:00:00+00:00,102.16,102.55,101.92,102.04,1352588.0,102.304,8210.0
2022-10-04 17:00:00+00:00,102.03,102.33,101.43,102.22,1382576.0,101.886,8595.0
2022-10-04 18:00:00+00:00,102.23,102.72,101.99,102.59,1359518.0,102.383,8163.0
2022-10-04 19:00:00+00:00,102.6,102.63,101.97,102.46,3310807.0,102.284,21405.0
2022-10-05 13:30:00+00:00,100.68,101.27,100.36,100.71,2057124.0,100.78,12635.0
2022-10-05 14:00:00+00:00,100.7,100.7,99.74,99.87,2398299.0,100.042,16168.0
2022-10-05 15:00:00+00:00,99.85,100.44,99.81,100.43,1801891.0,100.13,10763.0
2022-10-05 16:00:00+00:00,100.45,101.43,100.19,101.2,1584047.0,100.887,8533.0
2022-10-05 17:00:00+00:00,101.21,101.9,101.16,101.41,1199310.0,101.608,7445.0
2022-10-05 18:00:00+00:00,101.41,102.16,101.35,102.12,1317714.0,101.874,7509.0
2022-10-05 19:00:00+00:00,102.12,102.74,101.98,102.22,3451469.0,102.355,21160.0
2022-10-06 13:30:00+00:00,101.46,103.73,101.45,102.34,2079156.0,102.833,11281.0
2022-10-06 14:00:00+00:00,102.35,103.36,101.72,103.35,2711534.0,102.281,18890.0
2022-10-06 15:00:00+00:00,103.35,103.54,102.79,102.81,1799284.0,103.167,12237.0
2022-10-06 16:00:00+00:00,102.8,103.22,102.56,103.01,1031294.0,102.911,6930.0
2022-10-06 17:00:00+00:00,103.02,103.11,102.62,103.06,1041630.0,102.879,6513.0
2022-10-06 18:00:00+00:00,103.06,103.08,102.18,102.43,1046029.0,102.708,6500.0
2022-10-06 19:00:00+00:00,102.41,102.73,102.08,102.25,2260166.0,102.368,14519.0
2022-10-07 13:30:00+00:00,100.66,101.42,99.87,100.02,2389673.0,100.578,15611.0
2022-10-07 14:00:00+00:00,100.02,100.96,99.77,100.77,3257147.0,100.404,20419.0
2022-10-07 15:00:00+00:00,100.76,101.09,100.06,100.25,1849954.0,100.467,12304.0
2022-10-07 16:00:00+00:00,100.25,100.37,99.74,99.9,1507829.0,100.026,10064.0
2022-10-07 17:00:00+00:00,99.89,100.03,99.43,99.49,1435409.0,99.766,9417.0
2022-10-07 18:00:00+00:00,99.49,99.86,99.27,99.83,1691196.0,99.554,11186.0
2022-10-07 19:00:00+00:00,99.83,100.1,99.21,99.65,4680392.0,99.598,30058.0
2022-10-10 13:30:00+00:00,99.84,99.99,98.46,98.67,1790041.0,99.04,10843.0
2022-10-10 14:00:00+00:00,98.68,99.44,98.26,98.49,1980742.0,98.75,13259.0
2022-10-10 15:00:00+00:00,98.48,99.14,98.34,98.89,1575740.0,98.712,9323.0
2022-10-10 16:00:00+00:00,98.9,98.92,98.08,98.09,1232652.0,98.473,7597.0
2022-10-10 17:00:00+00:00,98.08,99.54,97.87,99.22,1747923.0,98.584,10561.0
2022-10-10 18:00:00+00:00,99.2,99.47,98.92,99.06,1399404.0,99.16,9282.0
2022-10-10 19:00:00+00:00,99.07,99.41,98.53,98.71,2188746.0,99.028,14426.0
2022-10-11 13:30:00+00:00,98.31,99.05,97.6,97.61,2048400.0,98.39,13147.0
2022-10-11 14:00:00+00:00,97.6,98.76,97.55,98.27,2565707.0,98.169,15957.0
2022-10-11 15:00:00+00:00,98.28,99.73,98.24,99.47,2245954.0,99.062,13535.0
2022-10-11 16:00:00+00:00,99.47,100.12,99.0,99.7,1466527.0,99.579,8859.0
2022-10-11 17:00:00+00:00,99.69,99.88,99.21,99.53,1351944.0,99.525,7998.0
2022-10-11 18:00:00+00:00,99.52,99.61,97.82,97.91,1631158.0,98.919,10488.0
2022-10-11 19:00:00+00:00,97.91,98.29,97.25,98.06,3784352.0,97.874,23480.0
2022-10-12 13:30:00+00:00,98.25,99.46,97.67,99.32,1858366.0,98.767,11278.0
2022-10-12 14:00:00+00:00,99.32,99.65,98.43,98.69,2184992.0,98.932,13074.0
2022-10-12 15:00:00+00:00,98.7,99.13,98.6,99.08,1889562.0,98.881,11469.0
2022-10-12 16:00:00+00:00,99.09,99.14,97.89,98.38,1416118.0,98.391,8390.0
2022-10-12 17:00:00+00:00,98.38,98.47,97.99,98.28,1001791.0,98.259,5980.0
2022-10-12 18:00:00+00:00,98.3,98.94,98.01,98.5,1451497.0,98.603,10353.0
2022-10-12 19:00:00+00:00,98.49,98.74,98.26,98.3,2444243.0,98.48,16528.0
2022-10-13 13:30:00+00:00,95.93,96.51,95.27,96.49,2552046.0,95.886,15400.0
2022-10-13 14:00:00+00:00,96.49,97.22,96.18,96.71,3413750.0,96.666,24094.0
2022-10-13 15:00:00+00:00,96.7,100.53,96.59,99.42,4242662.0,98.547,30179.0
2022-10-13 16:00:00+00:00,99.42,99.78,98.46,98.77,2264094.0,98.898,16471.0
2022-10-13 17:00:00+00:00,98.78,100.01,98.76,99.71,2465091.0,99.458,15752.0
2022-10-13 18:00:00+00:00,99.7,100.26,99.3,100.15,2018887.0,99.678,13149.0
2022-10-13 19:00:00+00:00,100.15,100.5,99.54,99.68,4833925.0,99.921,29237.0
2022-10-14 13:30:00+00:00,100.62,101.29,99.35,99.71,2140517.0,100.284,13634.0
2022-10-14 14:00:00+00:00,99.72,99.72,97.72,98.34,3161624.0,98.423,22662.0
2022-10-14 15:00:00+00:00,98.35,98.79,97.7,97.8,2102627.0,98.297,14102.0
2022-10-14 16:00:00+00:00,97.8,98.23,97.32,97.73,1499703.0,97.715,9819.0
2022-10-14 17:00:00+00:00,97.73,98.2,97.59,98.11,1168711.0,97.903,8073.0
2022-10-14 18:00:00+00:00,98.11,98.11,97.31,97.68,1278890.0,97.583,8531.0
2022-10-14 19:00:00+00:00,97.68,97.87,97.03,97.23,3766161.0,97.427,22581.0
2022-10-17 13:30:00+00:00,99.46,101.77,99.46,101.06,3242343.0,100.852,20285.0
2022-10-17 14:00:00+00:00,101.07,101.5,100.69,100.96,2221635.0,101.117,14708.0
2022-10-17 15:00:00+00:00,100.94,101.21,100.51,101.01,1725026.0,100.922,10823.0
2022-10-17 16:00:00+00:00,101.02,101.2,100.52,101.03,1398627.0,100.937,8850.0
2022-10-17 17:00:00+00:00,101.03,101.58,100.81,101.54,1314328.0,101.239,8497.0
2022-10-17 18:00:00+00:00,101.53,101.71,101.04,101.09,1422239.0,101.318,8547.0
2022-10-17 19:00:00+00:00,101.09,101.17,100.49,100.81,4403621.0,100.886,24394.0
2022-10-18 13:30:00+00:00,103.9,104.22,101.8,102.1,3208114.0,102.733,18726.0
2022-10-18 14:00:00+00:00,102.1,102.69,101.77,102.21,2519373.0,102.318,15809.0
2022-10-18 15:00:00+00:00,102.2,102.2,100.81,101.44,1797102.0,101.258,11398.0
2022-10-18 16:00:00+00:00,101.44,101.99,101.08,101.55,1535315.0,101.6,9986.0
2022-10-18 17:00:00+00:00,101.55,101.89,100.98,101.73,1392668.0,101.503,9339.0
2022-10-18 18:00:00+00:00,101.72,101.78,100.65,101.05,1672258.0,101.296,10938.0
2022-10-18 19:00:00+00:00,101.05,101.75,100.72,101.41,3246268.0,101.223,20698.0
2022-10-19 13:30:00+00:00,100.67,101.66,100.0,100.27,2416319.0,100.636,13683.0
2022-10-19 14:00:00+00:00,100.27,101.5,100.02,101.03,2929951.0,101.051,19983.0
2022-10-19 15:00:00+00:00,101.03,101.42,100.54,101.34,1625602.0,101.014,11409.0
2022-10-19 16:00:00+00:00,101.34,101.39,100.29,100.41,1200024.0,100.874,8671.0
2022-10-19 17:00:00+00:00,100.41,100.47,99.63,99.98,2109262.0,99.872,14301.0
2022-10-19 18:00:00+00:00,99.97,100.49,99.85,100.08,1516572.0,100.212,10178.0
2022-10-19 19:00:00+00:00,100.08,100.47,99.92,100.34,3166135.0,100.227,21053.0
2022-10-20 13:30:00+00:00,100.78,101.93,100.64,101.59,3020111.0,101.281,19709.0
2022-10-20 14:00:00+00:00,101.59,103.0,101.47,102.63,3298583.0,102.439,19824.0
2022-10-20 15:00:00+00:00,102.63,102.67,101.73,102.3,2196647.0,102.232,14134.0
2022-10-20 16:00:00+00:00,102.3,102.34,101.27,101.44,1499186.0,101.668,11171.0
2022-10-20 17:00:00+00:00,101.43,101.5,100.33,100.58,2140272.0,100.894,15938.0
2022-10-20 18:00:00+00:00,100.58,100.62,100.16,100.35,1848663.0,100.395,13410.0
2022-10-20 19:00:00+00:00,100.34,100.66,99.97,100.5,3862584.0,100.377,25375.0
2022-10-21 13:30:00+00:00,98.46,100.69,98.23,100.36,4611149.0,99.084,18765.0
2022-10-21 14:00:00+00:00,100.36,100.63,99.1,99.14,3484160.0,99.958,25778.0
2022-10-21 15:00:00+00:00,99.14,100.04,98.64,100.04,2855842.0,99.218,20615.0
2022-10-21 16:00:00+00:00,100.04,100.34,99.63,100.05,2470432.0,99.996,18259.0
2022-10-21 17:00:00+00:00,100.06,100.77,99.9,100.77,1720982.0,100.218,12562.0
2022-10-21 18:00:00+00:00,100.78,101.05,100.47,100.69,1887533.0,100.792,12044.0
2022-10-21 19:00:00+00:00,100.7,101.62,100.64,101.46,3660368.0,101.291,21603.0
2022-10-24 13:30:00+00:00,102.16,102.35,101.0,101.62,2848835.0,101.653,18358.0
2022-10-24 14:00:00+00:00,101.62,102.09,100.3,102.03,4180893.0,101.123,29533.0
2022-10-24 15:00:00+00:00,102.02,102.12,101.5,102.05,2776081.0,101.869,18696.0
2022-10-24 16:00:00+00:00,102.05,102.61,101.86,102.42,2229694.0,102.235,14097.0
2022-10-24 17:00:00+00:00,102.42,102.49,101.76,101.94,1382232.0,102.103,8747.0
2022-10-24 18:00:00+00:00,101.95,102.57,101.92,102.54,1635823.0,102.267,10337.0
2022-10-24 19:00:00+00:00,102.53,103.1,102.47,102.97,3047633.0,102.916,17701.0
2022-10-25 13:30:00+00:00,103.3,104.02,103.02,103.94,2505591.0,103.626,11345.0
2022-10-25 14:00:00+00:00,103.93,104.35,103.45,103.69,2421101.0,103.896,12657.0
2022-10-25 15:00:00+00:00,103.7,104.25,103.61,104.14,1687261.0,104.007,9605.0
2022-10-25 16:00:00+00:00,104.14,104.25,103.41,103.45,1871551.0,103.891,11471.0
2022-10-25 17:00:00+00:00,103.46,103.67,103.04,103.62,1724486.0,103.398,9789.0
2022-10-25 18:00:00+00:00,103.61,104.21,103.6,104.06,1647603.0,103.92,9296.0
2022-10-25 19:00:00+00:00,104.08,105.1,104.05,104.95,5467072.0,104.771,31330.0
2022-10-26 13:30:00+00:00,96.76,97.29,95.37,96.81,12634844.0,96.484,63730.0
2022-10-26 14:00:00+00:00,96.79,98.09,96.51,97.39,9569253.0,97.237,53231.0
2022-10-26 15:00:00+00:00,97.4,98.54,97.4,98.11,6455061.0,98.089,26534.0
2022-10-26 16:00:00+00:00,98.12,98.19,97.01,97.12,4270132.0,97.563,20928.0
2022-10-26 17:00:00+00:00,97.12,97.37,96.4,96.43,4424525.0,96.805,21808.0
2022-10-26 18:00:00+00:00,96.43,96.68,95.51,95.62,4429620.0,95.963,21797.0
2022-10-26 19:00:00+00:00,95.62,95.65,94.59,94.85,13240765.0,95.118,66714.0
2022-10-27 13:30:00+00:00,94.32,95.17,91.94,92.04,9641768.0,93.261,52125.0
2022-10-27 14:00:00+00:00,92.04,93.98,91.9,93.61,9156972.0,93.106,57211.0
2022-10-27 15:00:00+00:00,93.6,94.16,93.08,93.31,3750214.0,93.662,22927.0
2022-10-27 16:00:00+00:00,93.31,93.73,92.7,93.04,3087075.0,93.157,16591.0
2022-10-27 17:00:00+00:00,93.05,93.68,92.57,92.59,2973879.0,93.096,18408.0
2022-10-27 18:00:00+00:00,92.59,92.69,91.94,92.13,3718529.0,92.245,20165.0
2022-10-27 19:00:00+00:00,92.12,92.78,92.11,92.49,6252692.0,92.557,36839.0
2022-10-28 13:30:00+00:00,92.51,93.44,92.35,92.58,4811102.0,92.931,24973.0
2022-10-28 14:00:00+00:00,92.6,94.51,92.32,94.43,5207934.0,93.445,30028.0
2022-10-28 15:00:00+00:00,94.43,95.12,94.35,94.79,3507041.0,94.786,18530.0
2022-10-28 16:00:00+00:00,94.79,95.19,94.38,95.13,2786208.0,94.86,13441.0
2022-10-28 17:00:00+00:00,95.13,95.69,95.07,95.62,2319857.0,95.434,11181.0
2022-10-28 18:00:00+00:00,95.62,96.67,95.51,96.63,3089812.0,96.172,14945.0
2022-10-28 19:00:00+00:00,96.63,96.86,96.4,96.54,4724421.0,96.668,26473.0
2022-10-31 13:30:00+00:00,95.83,96.35,94.53,94.98,3051573.0,95.297,16105.0
2022-10-31 14:00:00+00:00,94.97,95.22,94.38,94.75,3354276.0,94.756,20367.0
2022-10-31 15:00:00+00:00,94.74,95.43,94.66,95.04,2466276.0,95.009,14097.0
2022-10-31 16:00:00+00:00,95.04,95.46,94.9,94.98,1677636.0,95.137,10364.0
2022-10-31 17:00:00+00:00,94.98,95.41,94.77,95.11,1957910.0,95.136,12044.0
2022-10-31 18:00:00+00:00,95.12,95.16,94.74,94.85,1974808.0,94.935,12297.0
2022-10-31 19:00:00+00:00,94.86,95.06,94.4,94.64,4229125.0,94.692,24516.0
2022-11-01 13:30:00+00:00,95.59,96.17,94.23,94.5,4193965.0,94.984,19718.0
2022-11-01 14:00:00+00:00,94.52,94.6,92.43,92.53,5127039.0,93.383,30068.0
2022-11-01 15:00:00+00:00,92.51,92.69,92.01,92.27,3647250.0,92.387,22512.0
2022-11-01 16:00:00+00:00,92.27,92.73,91.7,91.98,3241586.0,92.087,19866.0
2022-11-01 17:00:00+00:00,91.97,92.23,91.82,91.96,3151840.0,91.982,18805.0
2022-11-01 18:00:00+00:00,91.95,92.01,91.01,91.36,4585858.0,91.467,25602.0
2022-11-01 19:00:00+00:00,91.36,91.39,90.43,90.5,9598153.0,90.74,62190.0
2022-11-02 13:30:00+00:00,90.97,91.08,90.12,90.12,3057816.0,90.615,16450.0
2022-11-02 14:00:00+00:00,90.12,90.4,89.74,89.76,3820729.0,90.007,22140.0
2022-11-02 15:00:00+00:00,89.77,89.8,89.1,89.33,4398507.0,89.328,23933.0
2022-11-02 16:00:00+00:00,89.33,89.62,89.12,89.51,2330881.0,89.343,12472.0
2022-11-02 17:00:00+00:00,89.51,90.01,89.21,89.82,2437780.0,89.549,13096.0
2022-11-02 18:00:00+00:00,89.83,91.3,88.71,89.15,7415240.0,90.22,47438.0
2022-11-02 19:00:00+00:00,89.14,89.74,87.01,87.05,8568129.0,87.955,50552.0
2022-11-03 13:30:00+00:00,86.34,86.55,85.5,85.53,4709921.0,86.04,27059.0
2022-11-03 14:00:00+00:00,85.54,86.02,85.08,85.87,6230284.0,85.563,33146.0
2022-11-03 15:00:00+00:00,85.87,86.02,84.75,84.82,4549703.0,85.229,23242.0
2022-11-03 16:00:00+00:00,84.82,85.48,84.71,85.45,4145436.0,85.111,22080.0
2022-11-03 17:00:00+00:00,85.45,85.49,84.4,84.52,4040813.0,84.76,20972.0
2022-11-03 18:00:00+00:00,84.52,84.62,84.03,84.27,4727147.0,84.283,20917.0
2022-11-03 19:00:00+00:00,84.27,84.31,83.45,83.49,8982105.0,83.827,48000.0
2022-11-04 13:30:00+00:00,85.46,86.12,83.88,84.85,5012179.0,84.875,24776.0
2022-11-04 14:00:00+00:00,84.86,86.21,84.57,85.55,6169178.0,85.523,36048.0
2022-11-04 15:00:00+00:00,85.55,85.74,84.28,84.48,3560295.0,84.934,20010.0
2022-11-04 16:00:00+00:00,84.47,85.55,84.22,85.15,3011689.0,85.023,17595.0
2022-11-04 17:00:00+00:00,85.14,85.52,84.71,85.45,2972358.0,85.197,17728.0
2022-11-04 18:00:00+00:00,85.45,86.31,85.02,86.29,3144900.0,85.647,16905.0
2022-11-04 19:00:00+00:00,86.3,86.73,86.06,86.71,5731219.0,86.389,31036.0
2022-11-07 14:30:00+00:00,87.37,87.99,86.96,87.36,3019628.0,87.325,15851.0
2022-11-07 15:00:00+00:00,87.37,88.17,87.34,88.14,3710085.0,87.807,20482.0
2022-11-07 16:00:00+00:00,88.14,88.17,87.38,87.42,2384852.0,87.874,14603.0
2022-11-07 17:00:00+00:00,87.41,87.58,87.1,87.58,1720077.0,87.36,9561.0
2022-11-07 18:00:00+00:00,87.58,88.07,87.57,88.02,1654884.0,87.914,9131.0
2022-11-07 19:00:00+00:00,88.03,88.94,88.02,88.7,2350645.0,88.559,12672.0
2022-11-07 20:00:00+00:00,88.7,88.94,88.49,88.65,3175180.0,88.684,20000.0
2022-11-08 14:30:00+00:00,89.19,89.37,88.63,89.08,2857458.0,89.028,15025.0
2022-11-08 15:00:00+00:00,89.08,89.99,88.94,89.78,3279583.0,89.546,19127.0
2022-11-08 16:00:00+00:00,89.78,90.41,89.56,89.61,3478414.0,90.003,20211.0
2022-11-08 17:00:00+00:00,89.62,89.78,89.4,89.57,1979619.0,89.585,10753.0
2022-11-08 18:00:00+00:00,89.57,89.66,88.17,88.25,2938915.0,88.887,16754.0
2022-11-08 19:00:00+00:00,88.25,88.52,87.65,88.35,2875749.0,88.16,16608.0
2022-11-08 20:00:00+00:00,88.35,89.59,88.31,88.94,3797647.0,89.069,22559.0
2022-11-09 14:30:00+00:00,88.56,89.33,88.29,88.48,2003753.0,88.719,11703.0
2022-11-09 15:00:00+00:00,88.49,89.49,88.31,88.48,2967118.0,88.901,18865.0
2022-11-09 16:00:00+00:00,88.48,89.14,88.46,88.7,2123472.0,88.727,13544.0
2022-11-09 17:00:00+00:00,88.7,88.95,88.6,88.88,1468609.0,88.791,9306.0
2022-11-09 18:00:00+00:00,88.88,89.0,87.67,87.89,2054981.0,88.292,12365.0
2022-11-09 19:00:00+00:00,87.89,88.26,87.52,87.6,1769496.0,87.909,10593.0
2022-11-09 20:00:00+00:00,87.59,87.9,87.35,87.4,4367111.0,87.617,27147.0
2022-11-10 14:30:00+00:00,92.3,93.97,91.65,93.87,6295790.0,92.715,33598.0
2022-11-10 15:00:00+00:00,93.88,94.16,92.65,93.49,4907388.0,93.466,29583.0
2022-11-10 16:00:00+00:00,93.47,93.9,92.93,93.76,2944362.0,93.538,17085.0
2022-11-10 17:00:00+00:00,93.76,93.86,93.17,93.22,2575071.0,93.474,13797.0
2022-11-10 18:00:00+00:00,93.21,93.73,93.13,93.64,1728512.0,93.467,11644.0
2022-11-10 19:00:00+00:00,93.64,94.0,93.53,93.94,2037029.0,93.758,11147.0
2022-11-10 20:00:00+00:00,93.94,94.55,93.82,94.11,6877821.0,94.212,36468.0
2022-11-11 14:30:00+00:00,94.71,95.79,94.16,95.5,3397410.0,95.079,19372.0
2022-11-11 15:00:00+00:00,95.48,96.55,95.02,96.47,3646371.0,96.088,22522.0
2022-11-11 16:00:00+00:00,96.47,96.82,95.66,96.1,3022630.0,96.218,16702.0
2022-11-11 17:00:00+00:00,96.1,96.5,95.77,96.32,1709827.0,96.152,10764.0
2022-11-11 18:00:00+00:00,96.31,97.08,96.3,97.05,2052611.0,96.81,10165.0
2022-11-11 19:00:00+00:00,97.05,97.36,96.77,97.33,2468385.0,97.103,14082.0
2022-11-11 20:00:00+00:00,97.34,97.36,96.64,96.73,5291012.0,96.856,32707.0
2022-11-14 14:30:00+00:00,95.55,96.06,95.11,95.84,2395502.0,95.667,14012.0
2022-11-14 15:00:00+00:00,95.85,96.23,95.62,95.93,3025626.0,95.912,18789.0
2022-11-14 16:00:00+00:00,95.91,96.04,95.31,95.84,2288136.0,95.742,13517.0
2022-11-14 17:00:00+00:00,95.84,96.34,95.6,96.16,2086536.0,95.945,11908.0
2022-11-14 18:00:00+00:00,96.16,96.9,96.07,96.88,1559485.0,96.509,8662.0
2022-11-14 19:00:00+00:00,96.88,97.09,96.63,96.84,1620894.0,96.892,9595.0
2022-11-14 20:00:00+00:00,96.85,97.18,95.86,96.01,3932564.0,96.393,24317.0
2022-11-15 14:30:00+00:00,98.64,99.27,97.84,98.42,2813087.0,98.446,15228.0
2022-11-15 15:00:00+00:00,98.43,98.97,98.28,98.37,2882788.0,98.63,18398.0
2022-11-15 16:00:00+00:00,98.36,100.42,97.89,99.97,4873976.0,99.486,28435.0
2022-11-15 17:00:00+00:00,99.96,100.05,99.12,99.37,2380090.0,99.457,13883.0
2022-11-15 18:00:00+00:00,99.37,99.51,97.02,97.89,3030516.0,98.151,19131.0
2022-11-15 19:00:00+00:00,97.89,98.65,97.3,98.55,3238935.0,98.004,20839.0
2022-11-15 20:00:00+00:00,98.53,98.94,98.3,98.71,3109086.0,98.648,19447.0
2022-11-16 14:30:00+00:00,98.02,98.96,97.9,98.78,2829586.0,98.403,12426.0
2022-11-16 15:00:00+00:00,98.78,99.16,98.15,98.57,3054966.0,98.644,16930.0
2022-11-16 16:00:00+00:00,98.57,99.48,98.55,99.35,2220262.0,99.179,11546.0
2022-11-16 17:00:00+00:00,99.34,99.85,99.1,99.6,1676973.0,99.428,9715.0
2022-11-16 18:00:00+00:00,99.59,99.83,99.04,99.05,1630619.0,99.539,9345.0
2022-11-16 19:00:00+00:00,99.05,99.61,99.01,99.49,1525022.0,99.326,8530.0
2022-11-16 20:00:00+00:00,99.48,99.52,98.88,99.03,3636459.0,99.145,22707.0
2022-11-17 14:30:00+00:00,97.18,98.15,97.11,97.33,2176370.0,97.526,11594.0
2022-11-17 15:00:00+00:00,97.32,98.22,97.1,97.65,2196102.0,97.764,13651.0
2022-11-17 16:00:00+00:00,97.64,98.91,97.64,98.88,1815705.0,98.164,10801.0
2022-11-17 17:00:00+00:00,98.89,99.18,98.62,99.08,1831528.0,98.88,11424.0
2022-11-17 18:00:00+00:00,99.09,99.48,98.95,99.07,1409219.0,99.188,8791.0
2022-11-17 19:00:00+00:00,99.06,99.14,98.17,98.24,1612138.0,98.507,10160.0
2022-11-17 20:00:00+00:00,98.23,98.56,97.71,98.53,3988834.0,98.148,22105.0
2022-11-18 14:30:00+00:00,98.95,99.16,97.51,98.73,3150716.0,98.529,13480.0
2022-11-18 15:00:00+00:00,98.75,98.79,97.88,98.04,2199452.0,98.339,13685.0
2022-11-18 16:00:00+00:00,98.04,98.2,97.55,97.86,1423991.0,97.861,9354.0
2022-11-18 17:00:00+00:00,97.86,97.96,96.74,96.96,1573542.0,97.199,9104.0
2022-11-18 18:00:00+00:00,96.97,97.31,96.9,97.03,1241757.0,97.087,8085.0
2022-11-18 19:00:00+00:00,97.02,97.49,96.92,97.45,1431022.0,97.143,8730.0
2022-11-18 20:00:00+00:00,97.45,98.07,97.32,97.82,3566832.0,97.678,19648.0
2022-11-21 14:30:00+00:00,97.65,98.72,97.56,98.17,1863281.0,98.326,9609.0
2022-11-21 15:00:00+00:00,98.2,98.32,97.1,97.25,1941697.0,97.589,12030.0
2022-11-21 16:00:00+00:00,97.24,97.34,96.67,96.78,1325548.0,97.091,8387.0
2022-11-21 17:00:00+00:00,96.78,96.94,96.19,96.25,1424316.0,96.506,8237.0
2022-11-21 18:00:00+00:00,96.25,96.74,96.18,96.36,1339217.0,96.487,8793.0
2022-11-21 19:00:00+00:00,96.35,96.48,95.88,95.94,1463612.0,96.111,8594.0
2022-11-21 20:00:00+00:00,95.93,96.17,95.67,95.83,3745965.0,95.92,21245.0
2022-11-22 14:30:00+00:00,96.22,96.27,94.45,94.48,2053454.0,95.266,11467.0
2022-11-22 15:00:00+00:00,94.48,96.12,94.41,96.03,2551838.0,95.415,15675.0
2022-11-22 16:00:00+00:00,96.04,96.06,95.43,95.72,1463327.0,95.749,9465.0
2022-11-22 17:00:00+00:00,95.72,96.49,95.71,96.46,1159471.0,96.157,6820.0
2022-11-22 18:00:00+00:00,96.46,97.4,96.46,97.37,1457439.0,97.002,8125.0
2022-11-22 19:00:00+00:00,97.37,97.47,97.02,97.27,1329938.0,97.205,7176.0
2022-11-22 20:00:00+00:00,97.26,97.55,97.15,97.33,2324566.0,97.354,14099.0
2022-11-23 14:30:00+00:00,97.35,98.35,97.32,97.88,1769731.0,97.911,9651.0
2022-11-23 15:00:00+00:00,97.88,98.56,97.6,98.49,1926094.0,98.301,11827.0
2022-11-23 16:00:00+00:00,98.49,98.74,97.64,97.87,1762376.0,98.306,9100.0
2022-11-23 17:00:00+00:00,97.87,98.29,97.5,97.61,1230038.0,98.005,7241.0
2022-11-23 18:00:00+00:00,97.62,98.21,97.49,98.03,1049015.0,97.92,5933.0
2022-11-23 19:00:00+00:00,98.07,98.92,97.78,98.85,1613011.0,98.533,9155.0
2022-11-23 20:00:00+00:00,98.84,99.07,98.58,98.85,2275464.0,98.848,12989.0
2022-11-25 14:30:00+00:00,98.52,98.94,98.07,98.17,1169461.0,98.46,5932.0
2022-11-25 15:00:00+00:00,98.16,98.32,97.95,98.22,1374212.0,98.127,7735.0
2022-11-25 16:00:00+00:00,98.21,98.26,97.63,97.78,1125693.0,97.9,7181.0
2022-11-25 17:00:00+00:00,97.79,97.83,97.53,97.61,2047726.0,97.685,12221.0
2022-11-28 14:30:00+00:00,97.2,97.83,96.75,97.06,2067527.0,97.244,10659.0
2022-11-28 15:00:00+00:00,97.06,97.32,96.2,96.21,2271944.0,96.632,13321.0
2022-11-28 16:00:00+00:00,96.21,96.84,96.15,96.7,1417904.0,96.538,8421.0
2022-11-28 17:00:00+00:00,96.7,96.92,96.29,96.43,1486466.0,96.601,10017.0
2022-11-28 18:00:00+00:00,96.42,96.59,96.17,96.22,1177044.0,96.434,6603.0
2022-11-28 19:00:00+00:00,96.22,96.37,95.89,96.32,1302430.0,96.111,7117.0
2022-11-28 20:00:00+00:00,96.33,96.41,95.9,96.25,3022167.0,96.17,17452.0
2022-11-29 14:30:00+00:00,95.95,96.4,95.5,95.57,1581477.0,95.951,9025.0
2022-11-29 15:00:00+00:00,95.59,96.04,95.26,95.58,2395496.0,95.627,14532.0
2022-11-29 16:00:00+00:00,95.59,95.61,94.39,95.29,2249576.0,94.957,14359.0
2022-11-29 17:00:00+00:00,95.29,95.92,95.25,95.71,1428660.0,95.613,9031.0
2022-11-29 18:00:00+00:00,95.7,95.71,95.01,95.2,1571292.0,95.234,9723.0
2022-11-29 19:00:00+00:00,95.2,95.53,94.99,95.31,1664633.0,95.256,11258.0
2022-11-29 20:00:00+00:00,95.31,95.71,95.23,95.42,2449658.0,95.474,16145.0
2022-11-30 14:30:00+00:00,95.12,96.22,94.67,96.11,1942740.0,95.487,9992.0
2022-11-30 15:00:00+00:00,96.1,96.29,95.52,95.69,2038061.0,95.876,13502.0
2022-11-30 16:00:00+00:00,95.69,96.31,95.54,96.27,1641252.0,96.028,10988.0
2022-11-30 17:00:00+00:00,96.27,96.61,96.05,96.51,1511570.0,96.457,9045.0
2022-11-30 18:00:00+00:00,96.52,98.65,96.5,98.55,2821212.0,97.508,17776.0
2022-11-30 19:00:00+00:00,98.55,100.19,98.51,99.52,4219256.0,99.531,23711.0
2022-11-30 20:00:00+00:00,99.52,101.45,99.37,101.45,7185946.0,100.67,37172.0
2022-12-01 14:30:00+00:00,101.36,102.59,100.94,102.26,2564199.0,101.873,12531.0
2022-12-01 15:00:00+00:00,102.26,102.52,100.67,101.92,2621342.0,101.353,16497.0
2022-12-01 16:00:00+00:00,101.93,101.96,101.13,101.5,1676558.0,101.54,11350.0
2022-12-01 17:00:00+00:00,101.51,101.79,101.02,101.69,1288852.0,101.399,8420.0
2022-12-01 18:00:00+00:00,101.7,101.88,101.16,101.47,1199918.0,101.558,7768.0
2022-12-01 19:00:00+00:00,101.46,101.71,101.31,101.66,1230601.0,101.538,7574.0
2022-12-01 20:00:00+00:00,101.66,101.85,101.2,101.28,2739569.0,101.499,17178.0
2022-12-02 14:30:00+00:00,99.34,100.44,99.17,99.83,2201929.0,99.82,13163.0
2022-12-02 15:00:00+00:00,99.83,100.54,99.48,99.86,2540128.0,100.067,15033.0
2022-12-02 16:00:00+00:00,99.85,100.49,99.57,100.23,1526110.0,100.01,10245.0
2022-12-02 17:00:00+00:00,100.24,100.62,100.09,100.42,940027.0,100.344,5639.0
2022-12-02 18:00:00+00:00,100.42,100.48,100.07,100.2,829202.0,100.242,5136.0
2022-12-02 19:00:00+00:00,100.19,100.73,100.05,100.69,943469.0,100.294,5938.0
2022-12-02 20:00:00+00:00,100.7,101.15,100.49,100.86,2210193.0,100.777,13597.0
2022-12-05 14:30:00+00:00,99.85,101.75,99.74,101.29,2519856.0,100.915,10968.0
2022-12-05 15:00:00+00:00,101.27,101.52,100.29,101.4,2009713.0,100.974,12250.0
2022-12-05 16:00:00+00:00,101.41,101.72,100.4,100.65,1909468.0,101.091,9270.0
2022-12-05 17:00:00+00:00,100.65,100.78,100.22,100.4,1189444.0,100.541,7371.0
2022-12-05 18:00:00+00:00,100.4,100.69,99.79,99.81,1287042.0,100.375,7691.0
2022-12-05 19:00:00+00:00,99.8,100.09,99.63,99.87,1441160.0,99.883,8781.0
2022-12-05 20:00:00+00:00,99.87,99.96,99.35,99.86,3036297.0,99.685,17326.0
2022-12-06 14:30:00+00:00,99.72,100.21,98.67,98.67,1885237.0,99.554,10862.0
2022-12-06 15:00:00+00:00,98.68,98.78,97.7,97.74,2566167.0,98.15,15249.0
2022-12-06 16:00:00+00:00,97.73,97.86,97.33,97.48,2165222.0,97.598,12373.0
2022-12-06 17:00:00+00:00,97.47,98.23,97.41,97.94,1507583.0,97.807,9825.0
2022-12-06 18:00:00+00:00,97.94,98.11,97.37,97.5,1445782.0,97.68,9008.0
2022-12-06 19:00:00+00:00,97.5,97.52,96.98,97.21,1490180.0,97.248,8410.0
2022-12-06 20:00:00+00:00,97.22,97.48,96.76,97.34,2817669.0,97.195,16866.0
2022-12-07 14:30:00+00:00,96.77,97.31,96.08,96.31,1649125.0,96.615,9823.0
2022-12-07 15:00:00+00:00,96.31,96.75,95.35,96.19,3378306.0,96.061,23463.0
2022-12-07 16:00:00+00:00,96.18,96.53,95.49,95.75,2022135.0,95.95,13461.0
2022-12-07 17:00:00+00:00,95.75,95.94,95.18,95.88,1910725.0,95.586,11545.0
2022-12-07 18:00:00+00:00,95.88,96.3,95.67,95.69,1573014.0,95.991,10284.0
2022-12-07 19:00:00+00:00,95.68,95.72,95.14,95.25,1740661.0,95.485,10364.0
2022-12-07 20:00:00+00:00,95.25,95.51,95.02,95.19,3523914.0,95.222,21383.0
2022-12-08 14:30:00+00:00,95.64,95.87,94.09,94.93,2320623.0,94.796,14287.0
2022-12-08 15:00:00+00:00,94.93,95.33,94.14,94.31,3108649.0,94.604,17903.0
2022-12-08 16:00:00+00:00,94.31,94.66,93.82,94.45,2329392.0,94.188,13645.0
2022-12-08 17:00:00+00:00,94.44,94.99,94.16,94.97,1767259.0,94.501,10011.0
2022-12-08 18:00:00+00:00,94.98,95.17,94.56,94.68,1901851.0,94.878,11463.0
2022-12-08 19:00:00+00:00,94.68,94.68,94.13,94.37,2041543.0,94.387,12319.0
2022-12-08 20:00:00+00:00,94.37,94.66,93.8,93.98,4473971.0,94.154,25972.0
2022-12-09 14:30:00+00:00,93.91,94.49,93.32,94.17,2198814.0,94.005,12951.0
2022-12-09 15:00:00+00:00,94.19,94.42,93.65,94.4,2921984.0,94.011,19271.0
2022-12-09 16:00:00+00:00,94.4,94.41,93.89,94.29,2036379.0,94.162,13816.0
2022-12-09 17:00:00+00:00,94.28,94.39,93.89,94.21,1448161.0,94.164,8994.0
2022-12-09 18:00:00+00:00,94.21,94.21,93.59,93.91,1509746.0,93.925,9180.0
2022-12-09 19:00:00+00:00,93.9,93.92,93.51,93.71,1345688.0,93.736,7842.0
2022-12-09 20:00:00+00:00,93.7,94.0,93.02,93.06,3237184.0,93.452,19463.0
2022-12-12 14:30:00+00:00,93.06,93.88,92.8,93.5,2244616.0,93.36,11055.0
2022-12-12 15:00:00+00:00,93.49,93.5,91.9,92.21,3526595.0,92.465,19978.0
2022-12-12 16:00:00+00:00,92.23,92.69,91.92,92.44,2904708.0,92.357,16223.0
2022-12-12 17:00:00+00:00,92.43,92.5,92.26,92.45,1669509.0,92.397,10111.0
2022-12-12 18:00:00+00:00,92.45,92.68,92.24,92.59,2091124.0,92.478,12360.0
2022-12-12 19:00:00+00:00,92.59,92.99,92.47,92.92,1921825.0,92.679,10453.0
2022-12-12 20:00:00+00:00,92.91,93.59,92.9,93.54,5133914.0,93.321,25444.0
2022-12-13 14:30:00+00:00,98.04,99.8,97.42,99.5,3568794.0,98.411,19717.0
2022-12-13 15:00:00+00:00,99.51,99.55,97.52,97.74,4426646.0,98.487,29545.0
2022-12-13 16:00:00+00:00,97.75,98.54,96.73,97.09,2995277.0,97.874,19907.0
2022-12-13 17:00:00+00:00,97.09,97.5,95.38,96.03,2324426.0,96.193,15529.0
2022-12-13 18:00:00+00:00,96.01,96.23,95.59,96.01,1996719.0,95.927,13021.0
2022-12-13 19:00:00+00:00,96.01,96.68,95.87,96.25,1694758.0,96.221,10626.0
2022-12-13 20:00:00+00:00,96.24,96.37,95.62,95.91,4215895.0,96.009,25503.0
2022-12-14 14:30:00+00:00,95.52,96.83,95.51,96.23,1797369.0,96.196,9438.0
2022-12-14 15:00:00+00:00,96.21,96.92,96.03,96.79,1955395.0,96.684,12518.0
2022-12-14 16:00:00+00:00,96.79,97.22,96.62,96.67,2274915.0,96.858,14731.0
2022-12-14 17:00:00+00:00,96.67,96.78,96.02,96.17,1523019.0,96.428,9362.0
2022-12-14 18:00:00+00:00,96.17,96.7,96.07,96.55,1344459.0,96.394,8631.0
2022-12-14 19:00:00+00:00,96.48,96.48,93.94,95.06,4086432.0,94.981,29150.0
2022-12-14 20:00:00+00:00,95.06,96.63,94.84,95.32,3849828.0,95.543,25740.0
2022-12-15 14:30:00+00:00,93.57,94.03,92.13,92.26,2529445.0,93.08,13926.0
2022-12-15 15:00:00+00:00,92.27,92.45,91.73,91.78,3027998.0,92.182,18847.0
2022-12-15 16:00:00+00:00,91.78,91.9,91.09,91.16,2380882.0,91.404,13820.0
2022-12-15 17:00:00+00:00,91.16,91.5,90.96,91.06,2119608.0,91.236,11072.0
2022-12-15 18:00:00+00:00,91.08,91.19,90.43,90.81,1955583.0,90.788,10716.0
2022-12-15 19:00:00+00:00,90.81,91.22,90.6,91.19,1697659.0,90.842,9503.0
2022-12-15 20:00:00+00:00,91.19,91.6,91.09,91.22,4393486.0,91.245,24918.0
2022-12-16 14:30:00+00:00,91.2,91.75,90.84,91.23,6469693.0,91.202,13851.0
2022-12-16 15:00:00+00:00,91.23,91.23,90.35,90.75,2341873.0,90.736,15596.0
2022-12-16 16:00:00+00:00,90.75,90.82,90.19,90.3,2007276.0,90.49,13056.0
2022-12-16 17:00:00+00:00,90.29,90.79,90.1,90.21,1656817.0,90.369,10724.0
2022-12-16 18:00:00+00:00,90.22,90.68,90.08,90.43,1769118.0,90.407,10557.0
2022-12-16 19:00:00+00:00,90.43,90.73,90.01,90.42,1642234.0,90.366,10211.0
2022-12-16 20:00:00+00:00,90.41,91.48,90.25,90.87,4820317.0,90.987,26023.0
2022-12-19 14:30:00+00:00,90.85,90.94,90.07,90.23,1805008.0,90.557,10633.0
2022-12-19 15:00:00+00:00,90.22,91.06,89.88,90.4,2927705.0,90.469,17445.0
2022-12-19 16:00:00+00:00,90.4,90.51,89.63,89.86,1917723.0,90.082,11519.0
2022-12-19 17:00:00+00:00,89.86,89.98,89.55,89.68,1368076.0,89.779,7659.0
2022-12-19 18:00:00+00:00,89.67,89.98,89.53,89.55,1662710.0,89.748,8623.0
2022-12-19 19:00:00+00:00,89.54,89.57,89.16,89.37,1526999.0,89.325,9034.0
2022-12-19 20:00:00+00:00,89.37,89.38,88.92,89.14,3299894.0,89.177,19893.0
2022-12-20 14:30:00+00:00,88.74,89.15,88.04,89.0,2025486.0,88.664,11769.0
2022-12-20 15:00:00+00:00,89.0,89.55,88.64,89.21,2818419.0,89.179,17229.0
2022-12-20 16:00:00+00:00,89.21,89.44,88.44,89.03,1871828.0,88.846,11708.0
2022-12-20 17:00:00+00:00,89.03,89.37,88.85,89.37,1443179.0,89.106,9983.0
2022-12-20 18:00:00+00:00,89.38,89.65,89.07,89.39,1222535.0,89.369,7700.0
2022-12-20 19:00:00+00:00,89.39,89.78,89.26,89.39,1542329.0,89.518,9285.0
2022-12-20 20:00:00+00:00,89.39,89.73,89.14,89.62,2439463.0,89.474,15441.0
2022-12-21 14:30:00+00:00,89.73,89.91,88.91,89.06,2345225.0,89.479,12171.0
2022-12-21 15:00:00+00:00,89.07,90.35,88.99,90.26,2618695.0,89.845,15330.0
2022-12-21 16:00:00+00:00,90.25,90.67,90.03,90.3,1860262.0,90.347,10102.0
2022-12-21 17:00:00+00:00,90.31,90.62,90.06,90.59,1214706.0,90.314,7449.0
2022-12-21 18:00:00+00:00,90.59,90.75,90.29,90.53,1312426.0,90.518,7920.0
2022-12-21 19:00:00+00:00,90.54,90.92,90.5,90.61,1304088.0,90.699,8123.0
2022-12-21 20:00:00+00:00,90.61,90.75,90.04,90.28,2696898.0,90.371,16628.0
2022-12-22 14:30:00+00:00,88.93,89.18,88.17,88.84,1893633.0,88.619,10223.0
2022-12-22 15:00:00+00:00,88.84,88.84,87.72,87.82,2960280.0,88.098,15453.0
2022-12-22 16:00:00+00:00,87.82,88.24,87.7,87.96,1739091.0,87.918,10101.0
2022-12-22 17:00:00+00:00,87.95,88.01,87.31,87.37,1508950.0,87.599,8497.0
2022-12-22 18:00:00+00:00,87.37,87.37,86.94,87.09,1506938.0,87.146,7813.0
2022-12-22 19:00:00+00:00,87.09,87.85,87.06,87.78,1902822.0,87.418,9393.0
2022-12-22 20:00:00+00:00,87.78,88.32,87.63,88.3,4835101.0,88.046,26254.0
2022-12-23 14:30:00+00:00,87.6,88.98,87.6,88.22,2046811.0,88.354,10272.0
2022-12-23 15:00:00+00:00,88.25,90.02,87.99,89.29,3459852.0,89.208,17493.0
2022-12-23 16:00:00+00:00,89.3,89.71,88.71,89.65,1643709.0,89.241,8960.0
2022-12-23 17:00:00+00:00,89.67,90.01,89.5,89.68,1272446.0,89.764,6506.0
2022-12-23 18:00:00+00:00,89.68,90.1,89.58,89.73,1130741.0,89.878,5671.0
2022-12-23 19:00:00+00:00,89.72,90.0,89.52,89.98,949163.0,89.783,5118.0
2022-12-23 20:00:00+00:00,89.98,90.07,89.54,89.82,2041171.0,89.762,12458.0
2022-12-27 14:30:00+00:00,89.33,89.5,88.01,88.1,1640143.0,88.665,8555.0
2022-12-27 15:00:00+00:00,88.09,88.99,87.79,88.67,1835047.0,88.381,9565.0
2022-12-27 16:00:00+00:00,88.66,88.76,88.16,88.28,1479851.0,88.52,8849.0
2022-12-27 17:00:00+00:00,88.28,88.52,87.9,88.1,1112535.0,88.236,6312.0
2022-12-27 18:00:00+00:00,88.1,88.24,87.68,87.72,1050658.0,87.954,5816.0
2022-12-27 19:00:00+00:00,87.72,87.92,87.53,87.8,1448003.0,87.736,7823.0
2022-12-27 20:00:00+00:00,87.81,88.17,87.7,87.96,2355650.0,87.942,13607.0
2022-12-28 14:30:00+00:00,87.49,88.52,87.43,87.75,1770217.0,87.91,9422.0
2022-12-28 15:00:00+00:00,87.74,88.13,86.8,86.81,2586838.0,87.495,14628.0
2022-12-28 16:00:00+00:00,86.81,86.97,86.64,86.67,1839428.0,86.82,10933.0
2022-12-28 17:00:00+00:00,86.67,87.31,86.61,87.25,1556352.0,86.898,9129.0
2022-12-28 18:00:00+00:00,87.26,87.58,86.9,86.92,1377464.0,87.227,8341.0
2022-12-28 19:00:00+00:00,86.93,87.05,86.56,86.59,1280131.0,86.784,7687.0
2022-12-28 20:00:00+00:00,86.59,86.73,86.37,86.43,2779600.0,86.523,17584.0
2022-12-29 14:30:00+00:00,87.01,88.07,86.99,87.96,1943706.0,87.574,8440.0
2022-12-29 15:00:00+00:00,87.98,88.74,87.77,88.69,1871317.0,88.292,10317.0
2022-12-29 16:00:00+00:00,88.69,89.11,88.41,89.01,1567535.0,88.733,8525.0
2022-12-29 17:00:00+00:00,89.01,89.21,88.74,88.81,1252301.0,88.966,7361.0
2022-12-29 18:00:00+00:00,88.8,89.08,88.69,89.06,1267021.0,88.864,7676.0
2022-12-29 19:00:00+00:00,89.04,89.29,89.0,89.08,1476000.0,89.167,8203.0
2022-12-29 20:00:00+00:00,89.08,89.37,88.86,88.92,3023992.0,89.12,18685.0
2022-12-30 14:30:00+00:00,87.37,87.67,87.03,87.44,2032597.0,87.312,9222.0
2022-12-30 15:00:00+00:00,87.43,87.97,87.2,87.71,1818544.0,87.513,10748.0
2022-12-30 16:00:00+00:00,87.71,88.03,87.63,87.84,1373047.0,87.82,8143.0
2022-12-30 17:00:00+00:00,87.83,87.99,87.62,87.97,924822.0,87.842,5643.0
2022-12-30 18:00:00+00:00,87.96,87.96,87.2,87.65,1177860.0,87.597,6590.0
2022-12-30 19:00:00+00:00,87.65,87.82,87.44,87.69,1161402.0,87.618,6906.0
2022-12-30 20:00:00+00:00,87.68,88.83,87.67,88.76,3473876.0,88.382,20969.0
2023-01-03 14:30:00+00:00,89.85,91.55,89.82,90.04,3505536.0,90.571,17707.0
2023-01-03 15:00:00+00:00,90.05,90.22,89.11,89.96,2003682.0,89.587,12930.0
2023-01-03 16:00:00+00:00,89.96,90.04,89.17,89.25,1499728.0,89.523,9173.0
2023-01-03 17:00:00+00:00,89.24,89.48,89.02,89.26,1139561.0,89.252,7293.0
2023-01-03 18:00:00+00:00,89.27,89.63,89.11,89.56,997901.0,89.381,6140.0
2023-01-03 19:00:00+00:00,89.56,90.11,89.37,89.95,1342245.0,89.72,8399.0
2023-01-03 20:00:00+00:00,89.95,90.24,89.47,89.69,2519148.0,89.881,15643.0
2023-01-04 14:30:00+00:00,90.91,91.27,88.98,89.05,2767115.0,89.813,16246.0
2023-01-04 15:00:00+00:00,89.04,89.61,87.8,88.58,3519730.0,88.398,20989.0
2023-01-04 16:00:00+00:00,88.58,89.46,88.11,89.25,2945378.0,88.851,14842.0
2023-01-04 17:00:00+00:00,89.25,89.53,88.89,88.9,1565232.0,89.313,9432.0
2023-01-04 18:00:00+00:00,88.9,89.13,88.55,88.77,1333834.0,88.91,8800.0
2023-01-04 19:00:00+00:00,88.79,89.28,87.95,88.64,2230780.0,88.495,14837.0
2023-01-04 20:00:00+00:00,88.65,88.85,87.87,88.72,4196375.0,88.425,23873.0
2023-01-05 14:30:00+00:00,88.03,88.21,87.19,87.66,2734082.0,87.7,15788.0
2023-01-05 15:00:00+00:00,87.65,88.01,86.98,87.11,2822200.0,87.41,17918.0
2023-01-05 16:00:00+00:00,87.11,87.5,86.79,87.13,2698635.0,87.145,14742.0
2023-01-05 17:00:00+00:00,87.12,87.59,86.97,87.02,1742906.0,87.243,10252.0
2023-01-05 18:00:00+00:00,87.01,87.65,86.73,87.19,1966705.0,87.27,10970.0
2023-01-05 19:00:00+00:00,87.21,87.71,87.13,87.43,1586102.0,87.338,9562.0
2023-01-05 20:00:00+00:00,87.42,87.42,86.56,86.78,2901617.0,86.933,17623.0
2023-01-06 14:30:00+00:00,87.35,87.56,85.57,85.91,2491340.0,86.311,15750.0
2023-01-06 15:00:00+00:00,85.92,86.95,85.83,86.85,3181869.0,86.583,24073.0
2023-01-06 16:00:00+00:00,86.87,87.55,86.72,87.02,2270237.0,87.115,15910.0
2023-01-06 17:00:00+00:00,87.02,87.23,86.36,86.53,2132720.0,86.857,15099.0
2023-01-06 18:00:00+00:00,86.54,87.31,86.49,87.19,1547329.0,87.019,9493.0
2023-01-06 19:00:00+00:00,87.2,87.93,87.16,87.9,2271287.0,87.524,14989.0
2023-01-06 20:00:00+00:00,87.91,88.47,87.89,88.14,4283128.0,88.172,27227.0
2023-01-09 14:30:00+00:00,89.14,90.07,88.95,89.92,2518378.0,89.488,14366.0
2023-01-09 15:00:00+00:00,89.92,90.66,89.84,90.19,2859456.0,90.238,16520.0
2023-01-09 16:00:00+00:00,90.2,90.69,90.14,90.55,2011687.0,90.512,11822.0
2023-01-09 17:00:00+00:00,90.55,90.68,90.35,90.59,1913367.0,90.521,10532.0
2023-01-09 18:00:00+00:00,90.59,90.83,89.83,89.98,1586772.0,90.398,9081.0
2023-01-09 19:00:00+00:00,89.98,90.16,89.19,89.23,2003437.0,89.68,11651.0
2023-01-09 20:00:00+00:00,89.23,89.38,88.58,88.79,3514690.0,88.943,23507.0
2023-01-10 14:30:00+00:00,86.79,88.69,86.7,88.41,3637215.0,87.496,20564.0
2023-01-10 15:00:00+00:00,88.42,89.48,87.79,88.9,3065847.0,88.663,19012.0
2023-01-10 16:00:00+00:00,88.9,89.27,88.5,88.76,1637974.0,88.871,10442.0
2023-01-10 17:00:00+00:00,88.75,89.3,88.43,89.11,1397213.0,88.962,8904.0
2023-01-10 18:00:00+00:00,89.11,89.34,88.83,89.06,1130965.0,89.11,7176.0
2023-01-10 19:00:00+00:00,89.07,89.17,88.77,88.84,1112671.0,88.967,7164.0
2023-01-10 20:00:00+00:00,88.83,89.26,88.65,89.23,2414811.0,88.993,14733.0
2023-01-11 14:30:00+00:00,89.9,91.05,89.74,90.55,2452328.0,90.574,14890.0
2023-01-11 15:00:00+00:00,90.56,91.25,90.32,90.46,2650881.0,90.86,15217.0
2023-01-11 16:00:00+00:00,90.46,91.34,90.42,91.12,1592959.0,91.027,9056.0
2023-01-11 17:00:00+00:00,91.12,91.55,91.12,91.45,1509936.0,91.361,9756.0
2023-01-11 18:00:00+00:00,91.46,91.83,91.29,91.51,1338169.0,91.587,8981.0
2023-01-11 19:00:00+00:00,91.52,91.77,91.32,91.66,1222919.0,91.555,7916.0
2023-01-11 20:00:00+00:00,91.66,92.45,91.61,92.24,3647291.0,92.059,22805.0
2023-01-12 14:30:00+00:00,92.21,92.62,90.57,91.09,2461868.0,91.576,14277.0
2023-01-12 15:00:00+00:00,91.09,92.62,91.06,91.66,3488611.0,92.069,20673.0
2023-01-12 16:00:00+00:00,91.67,91.95,91.23,91.9,2289650.0,91.664,14130.0
2023-01-12 17:00:00+00:00,91.9,92.29,91.8,92.11,1630492.0,92.048,9211.0
2023-01-12 18:00:00+00:00,92.11,92.42,91.36,92.3,2104320.0,92.041,12616.0
2023-01-12 19:00:00+00:00,92.3,92.39,91.94,92.12,1433152.0,92.197,8637.0
2023-01-12 20:00:00+00:00,92.12,92.14,91.5,91.88,2403368.0,91.868,15398.0
2023-01-13 14:30:00+00:00,91.59,91.8,91.02,91.39,1737849.0,91.476,9689.0
2023-01-13 15:00:00+00:00,91.38,91.9,91.28,91.55,2181948.0,91.648,12883.0
2023-01-13 16:00:00+00:00,91.54,91.59,90.93,91.5,1667837.0,91.335,9358.0
2023-01-13 17:00:00+00:00,91.49,92.1,91.46,91.97,1547347.0,91.792,8847.0
2023-01-13 18:00:00+00:00,91.98,92.41,91.71,92.34,1271301.0,92.079,6844.0
2023-01-13 19:00:00+00:00,92.34,92.45,92.0,92.38,1410670.0,92.278,8136.0
2023-01-13 20:00:00+00:00,92.39,92.98,92.37,92.79,3294789.0,92.715,19673.0
2023-01-17 14:30:00+00:00,92.73,92.97,90.84,91.86,3052791.0,91.81,16241.0
2023-01-17 15:00:00+00:00,91.86,92.5,91.35,92.09,2557517.0,92.002,14585.0
2023-01-17 16:00:00+00:00,92.09,92.25,91.31,91.81,1894991.0,91.763,10888.0
2023-01-17 17:00:00+00:00,91.81,92.02,91.57,91.95,1292196.0,91.765,7542.0
2023-01-17 18:00:00+00:00,91.94,92.28,91.74,92.05,1309828.0,92.002,7279.0
2023-01-17 19:00:00+00:00,92.06,92.26,91.85,92.09,1343129.0,92.115,8292.0
2023-01-17 20:00:00+00:00,92.09,92.4,91.99,92.16,3022821.0,92.191,18028.0
2023-01-18 14:30:00+00:00,92.94,93.45,92.4,93.02,1757483.0,92.847,10572.0
2023-01-18 15:00:00+00:00,93.02,93.59,91.9,92.24,2909715.0,92.904,16801.0
2023-01-18 16:00:00+00:00,92.24,92.33,91.52,91.95,1937273.0,91.904,12412.0
2023-01-18 17:00:00+00:00,91.95,92.15,91.75,91.79,1197856.0,91.94,7451.0
2023-01-18 18:00:00+00:00,91.8,92.02,91.4,91.91,1145493.0,91.695,7218.0
2023-01-18 19:00:00+00:00,91.92,92.37,91.77,92.16,1303321.0,92.104,7845.0
2023-01-18 20:00:00+00:00,92.15,92.42,91.69,91.79,2710216.0,92.012,17144.0
2023-01-19 14:30:00+00:00,91.46,92.9,91.38,91.89,2485646.0,92.182,13255.0
2023-01-19 15:00:00+00:00,91.88,93.44,91.75,93.06,2886037.0,92.786,15368.0
2023-01-19 16:00:00+00:00,93.06,93.7,92.9,93.15,2541241.0,93.228,12622.0
2023-01-19 17:00:00+00:00,93.16,93.95,93.14,93.65,2295533.0,93.604,12506.0
2023-01-19 18:00:00+00:00,93.65,94.11,93.56,93.59,1723398.0,93.811,10296.0
2023-01-19 19:00:00+00:00,93.59,94.28,93.44,94.16,2928373.0,93.917,14098.0
2023-01-19 20:00:00+00:00,94.16,94.4,93.69,93.91,4552919.0,93.992,24465.0
2023-01-20 14:30:00+00:00,95.95,98.57,95.91,98.0,10263860.0,97.101,43613.0
2023-01-20 15:00:00+00:00,98.01,99.15,97.52,97.64,8182089.0,98.293,43396.0
2023-01-20 16:00:00+00:00,97.63,98.43,97.34,97.85,3953254.0,97.833,21582.0
2023-01-20 17:00:00+00:00,97.85,98.15,97.8,97.85,2146951.0,97.938,11656.0
2023-01-20 18:00:00+00:00,97.86,98.57,97.53,98.48,3146323.0,98.019,17341.0
2023-01-20 19:00:00+00:00,98.48,98.75,98.2,98.73,2884621.0,98.499,14208.0
2023-01-20 20:00:00+00:00,98.74,99.39,98.74,99.26,8678816.0,99.061,49343.0
2023-01-23 14:30:00+00:00,99.16,100.21,98.75,99.64,3305372.0,99.443,18184.0
2023-01-23 15:00:00+00:00,99.66,100.62,99.58,100.48,3349093.0,100.132,21319.0
2023-01-23 16:00:00+00:00,100.48,101.12,100.47,101.09,2969820.0,100.94,18246.0
2023-01-23 17:00:00+00:00,101.09,101.27,100.89,101.13,2219157.0,101.093,13652.0
2023-01-23 18:00:00+00:00,101.12,101.38,100.9,100.91,2731012.0,101.17,17858.0
2023-01-23 19:00:00+00:00,100.91,100.94,99.94,100.41,2843289.0,100.452,18024.0
2023-01-23 20:00:00+00:00,100.41,101.4,100.26,101.19,6309325.0,100.918,40584.0
2023-01-24 14:30:00+00:00,99.55,101.09,99.53,100.23,2820995.0,100.299,17480.0
2023-01-24 15:00:00+00:00,100.23,100.73,99.7,100.41,2598930.0,100.128,16358.0
2023-01-24 16:00:00+00:00,100.42,100.76,100.08,100.41,2381143.0,100.438,14572.0
2023-01-24 17:00:00+00:00,100.42,100.44,99.29,99.69,1906738.0,99.914,10033.0
2023-01-24 18:00:00+00:00,99.68,100.1,99.41,99.88,1662733.0,99.823,8426.0
2023-01-24 19:00:00+00:00,99.87,99.87,98.86,99.35,2635347.0,99.318,13279.0
2023-01-24 20:00:00+00:00,99.35,99.49,98.7,99.18,4127548.0,99.16,22843.0
2023-01-25 14:30:00+00:00,97.19,97.72,96.02,96.03,2861022.0,96.968,15954.0
2023-01-25 15:00:00+00:00,96.02,96.31,95.26,95.63,4552562.0,95.748,26514.0
2023-01-25 16:00:00+00:00,95.63,96.32,95.29,96.17,3512525.0,95.723,20186.0
2023-01-25 17:00:00+00:00,96.18,96.32,95.62,95.98,2098969.0,95.926,12254.0
2023-01-25 18:00:00+00:00,95.98,96.42,95.95,96.26,1983967.0,96.232,10693.0
2023-01-25 19:00:00+00:00,96.26,96.69,96.03,96.43,2246356.0,96.386,13230.0
2023-01-25 20:00:00+00:00,96.43,96.85,96.22,96.71,3968364.0,96.57,24597.0
2023-01-26 14:30:00+00:00,98.23,98.84,97.58,97.67,2484044.0,98.271,13482.0
2023-01-26 15:00:00+00:00,97.68,98.46,96.82,96.91,2458785.0,97.761,15429.0
2023-01-26 16:00:00+00:00,96.91,97.81,96.82,97.78,1778741.0,97.27,11529.0
2023-01-26 17:00:00+00:00,97.77,98.41,97.74,98.13,1703003.0,98.136,9974.0
2023-01-26 18:00:00+00:00,98.13,98.65,98.03,98.55,1658027.0,98.32,9229.0
2023-01-26 19:00:00+00:00,98.55,98.79,98.41,98.57,2027910.0,98.655,9296.0
2023-01-26 20:00:00+00:00,98.57,99.21,98.54,99.19,5282554.0,98.931,26739.0
2023-01-27 14:30:00+00:00,98.98,100.5,98.96,100.44,2973315.0,100.079,14410.0
2023-01-27 15:00:00+00:00,100.44,100.82,99.69,99.72,3565204.0,100.256,21199.0
2023-01-27 16:00:00+00:00,99.71,100.84,99.64,100.8,2568517.0,100.306,14686.0
2023-01-27 17:00:00+00:00,100.8,101.12,100.58,100.76,2324908.0,100.822,12249.0
2023-01-27 18:00:00+00:00,100.74,101.14,100.33,101.13,1677892.0,100.834,10291.0
2023-01-27 19:00:00+00:00,101.13,101.58,100.91,101.23,1977345.0,101.21,12115.0
2023-01-27 20:00:00+00:00,101.24,101.45,100.57,100.71,3911882.0,101.015,23230.0
2023-01-30 14:30:00+00:00,98.75,99.37,98.3,99.31,2689777.0,98.765,15048.0
2023-01-30 15:00:00+00:00,99.31,99.41,97.52,98.18,3051742.0,98.425,16522.0
2023-01-30 16:00:00+00:00,98.17,98.78,98.09,98.78,1904228.0,98.387,10955.0
2023-01-30 17:00:00+00:00,98.79,98.79,98.11,98.41,1363916.0,98.497,8354.0
2023-01-30 18:00:00+00:00,98.4,98.79,98.24,98.54,1230890.0,98.519,7561.0
2023-01-30 19:00:00+00:00,98.54,98.69,98.11,98.26,1351645.0,98.352,7650.0
2023-01-30 20:00:00+00:00,98.26,98.44,97.83,97.97,4399905.0,98.055,26303.0
2023-01-31 14:30:00+00:00,97.8,98.74,97.79,98.27,2103729.0,98.292,12171.0
2023-01-31 15:00:00+00:00,98.29,99.0,98.27,98.8,2082742.0,98.711,13004.0
2023-01-31 16:00:00+00:00,98.81,98.96,98.66,98.72,2211581.0,98.815,12272.0
2023-01-31 17:00:00+00:00,98.72,99.09,98.6,99.04,1462261.0,98.854,8300.0
2023-01-31 18:00:00+00:00,99.04,99.26,98.61,99.2,1341309.0,98.947,6726.0
2023-01-31 19:00:00+00:00,99.2,99.69,99.14,99.63,1354337.0,99.356,7453.0
2023-01-31 20:00:00+00:00,99.64,99.91,99.31,99.9,3839832.0,99.65,23035.0
2023-02-01 14:30:00+00:00,99.77,100.22,99.21,99.3,2096349.0,99.72,12124.0
2023-02-01 15:00:00+00:00,99.31,99.81,98.91,98.99,2432275.0,99.306,15631.0
2023-02-01 16:00:00+00:00,98.98,99.28,98.82,99.18,1645016.0,99.053,10031.0
2023-02-01 17:00:00+00:00,99.19,99.26,98.88,99.14,1490123.0,99.107,9891.0
2023-02-01 18:00:00+00:00,99.14,99.32,98.86,99.11,1389607.0,99.075,8446.0
2023-02-01 19:00:00+00:00,99.13,101.09,98.42,100.78,3955357.0,99.774,26655.0
2023-02-01 20:00:00+00:00,100.8,102.19,100.75,101.41,4708612.0,101.427,30926.0
2023-02-02 14:30:00+00:00,106.79,108.0,106.54,107.2,5307648.0,107.21,27751.0
2023-02-02 15:00:00+00:00,107.21,108.48,106.95,107.98,5247218.0,107.765,28564.0
2023-02-02 16:00:00+00:00,107.98,108.28,107.58,107.63,3572455.0,107.929,23133.0
2023-02-02 17:00:00+00:00,107.64,107.91,106.93,107.29,3032380.0,107.301,16591.0
2023-02-02 18:00:00+00:00,107.29,108.59,107.1,108.57,3586756.0,107.818,19594.0
2023-02-02 19:00:00+00:00,108.58,108.66,106.88,107.03,3492635.0,107.651,21168.0
2023-02-02 20:00:00+00:00,107.03,108.82,106.81,108.8,6701216.0,108.159,38084.0
2023-02-03 14:30:00+00:00,103.54,106.72,103.3,106.08,5557430.0,104.58,28724.0
2023-02-03 15:00:00+00:00,106.08,107.89,104.97,106.83,5835887.0,106.699,32749.0
2023-02-03 16:00:00+00:00,106.84,108.02,106.81,106.94,3122454.0,107.369,18895.0
2023-02-03 17:00:00+00:00,106.94,107.31,105.81,105.91,2335016.0,106.647,14083.0
2023-02-03 18:00:00+00:00,105.92,106.16,104.94,105.64,2413626.0,105.625,14533.0
2023-02-03 19:00:00+00:00,105.64,105.8,104.5,104.6,2083281.0,105.097,12766.0
2023-02-03 20:00:00+00:00,104.6,105.56,104.44,105.21,3796874.0,105.121,25636.0
2023-02-06 14:30:00+00:00,102.69,104.7,102.56,103.85,3977153.0,103.56,18513.0
2023-02-06 15:00:00+00:00,103.84,104.28,102.21,103.19,3419123.0,102.981,22406.0
2023-02-06 16:00:00+00:00,103.19,103.83,102.63,103.32,1993680.0,103.225,12134.0
2023-02-06 17:00:00+00:00,103.32,103.76,102.99,103.46,1557125.0,103.361,9469.0
2023-02-06 18:00:00+00:00,103.46,103.53,102.81,103.03,1470629.0,103.138,9385.0
2023-02-06 19:00:00+00:00,103.04,104.27,103.04,103.45,3128808.0,103.714,18100.0
2023-02-06 20:00:00+00:00,103.46,103.89,103.11,103.5,3037301.0,103.433,18383.0
2023-02-07 14:30:00+00:00,103.63,104.37,103.54,103.66,2788063.0,103.878,14323.0
2023-02-07 15:00:00+00:00,103.65,105.2,103.56,104.89,3728740.0,104.689,21555.0
2023-02-07 16:00:00+00:00,104.89,106.04,104.81,105.65,2656597.0,105.506,15116.0
2023-02-07 17:00:00+00:00,105.65,107.23,105.09,106.89,3124785.0,105.969,19800.0
2023-02-07 18:00:00+00:00,106.9,107.16,104.19,105.05,3801600.0,105.32,23237.0
2023-02-07 19:00:00+00:00,105.05,107.41,105.01,107.23,2994722.0,106.562,17922.0
2023-02-07 20:00:00+00:00,107.23,108.67,106.76,108.01,4932436.0,107.82,28370.0
2023-02-08 14:30:00+00:00,102.63,103.58,100.86,101.8,10828829.0,101.82,53008.0
2023-02-08 15:00:00+00:00,101.78,102.05,99.65,99.66,9911660.0,100.777,54087.0
2023-02-08 16:00:00+00:00,99.65,99.86,98.45,99.59,11714688.0,99.172,57788.0
2023-02-08 17:00:00+00:00,99.6,100.36,99.03,99.88,6167465.0,99.768,30831.0
2023-02-08 18:00:00+00:00,99.88,100.2,99.07,99.59,4930020.0,99.549,25782.0
2023-02-08 19:00:00+00:00,99.59,100.22,99.38,100.1,4373009.0,99.849,22353.0
2023-02-08 20:00:00+00:00,100.1,100.1,99.32,100.02,7973058.0,99.782,41771.0
2023-02-09 14:30:00+00:00,100.57,100.61,96.6,97.01,11893893.0,97.871,56195.0
2023-02-09 15:00:00+00:00,97.03,97.09,95.67,95.88,13230893.0,96.277,66234.0
2023-02-09 16:00:00+00:00,95.88,95.89,94.24,94.59,12881408.0,94.894,60512.0
2023-02-09 17:00:00+00:00,94.59,94.81,93.86,94.29,9989111.0,94.302,47803.0
2023-02-09 18:00:00+00:00,94.29,95.25,94.13,95.16,8131753.0,94.767,39051.0
2023-02-09 19:00:00+00:00,95.17,95.33,94.19,94.51,7573487.0,94.625,35895.0
2023-02-09 20:00:00+00:00,94.52,95.6,94.14,95.47,15202784.0,94.987,66896.0
2023-02-10 14:30:00+00:00,95.74,97.02,95.3,95.64,8185148.0,96.098,36921.0
2023-02-10 15:00:00+00:00,95.67,96.22,95.09,95.7,8232068.0,95.711,41611.0
2023-02-10 16:00:00+00:00,95.69,95.8,94.91,94.94,4516569.0,95.343,22179.0
2023-02-10 17:00:00+00:00,94.94,95.34,94.53,95.05,4199456.0,94.924,18815.0
2023-02-10 18:00:00+00:00,95.05,95.62,95.04,95.23,3457629.0,95.308,16527.0
2023-02-10 19:00:00+00:00,95.23,95.27,94.66,94.89,3495285.0,94.923,16722.0
2023-02-10 20:00:00+00:00,94.91,95.03,94.59,94.85,7231628.0,94.821,36878.0
2023-02-13 14:30:00+00:00,95.01,95.29,94.5,95.16,4641718.0,94.87,24853.0
2023-02-13 15:00:00+00:00,95.17,95.35,94.05,94.38,6470040.0,94.516,34466.0
2023-02-13 16:00:00+00:00,94.39,95.05,94.29,94.5,4075472.0,94.623,22636.0
2023-02-13 17:00:00+00:00,94.51,95.03,94.42,94.8,4049346.0,94.741,22335.0
2023-02-13 18:00:00+00:00,94.81,95.19,94.49,95.07,3321020.0,94.897,18284.0
2023-02-13 19:00:00+00:00,95.06,95.09,94.4,94.53,3229631.0,94.729,17442.0
2023-02-13 20:00:00+00:00,94.53,95.0,94.36,95.0,6474898.0,94.791,32893.0
2023-02-14 14:30:00+00:00,94.69,94.87,93.6,94.18,4006067.0,94.178,19787.0
2023-02-14 15:00:00+00:00,94.19,94.67,92.94,93.36,8122721.0,93.941,41749.0
2023-02-14 16:00:00+00:00,93.35,93.84,92.65,93.06,4739786.0,93.169,26471.0
2023-02-14 17:00:00+00:00,93.03,93.83,92.91,93.53,3119054.0,93.365,18496.0
2023-02-14 18:00:00+00:00,93.54,94.36,93.51,94.0,3862725.0,94.069,23636.0
2023-02-14 19:00:00+00:00,94.01,94.49,93.55,94.42,3107959.0,94.134,17346.0
2023-02-14 20:00:00+00:00,94.42,95.18,94.09,94.93,5917323.0,94.811,33320.0
2023-02-15 14:30:00+00:00,94.75,95.4,94.36,94.61,4615092.0,94.956,24837.0
2023-02-15 15:00:00+00:00,94.61,95.43,94.47,95.31,4789747.0,95.099,25304.0
2023-02-15 16:00:00+00:00,95.31,97.02,95.27,96.37,5452771.0,96.211,27299.0
2023-02-15 17:00:00+00:00,96.39,96.7,96.09,96.35,2934824.0,96.387,16355.0
2023-02-15 18:00:00+00:00,96.35,96.91,96.24,96.85,2873567.0,96.614,14855.0
2023-02-15 19:00:00+00:00,96.87,97.34,96.8,96.89,3355108.0,97.079,17666.0
2023-02-15 20:00:00+00:00,96.9,97.11,96.59,97.09,4422061.0,96.848,25623.0
2023-02-16 14:30:00+00:00,95.57,96.8,94.97,96.39,4550792.0,95.899,22482.0
2023-02-16 15:00:00+00:00,96.4,97.77,95.87,97.73,5429938.0,96.98,28492.0
2023-02-16 16:00:00+00:00,97.74,97.88,96.77,97.2,3280533.0,97.312,19090.0
2023-02-16 17:00:00+00:00,97.19,97.3,96.55,96.86,2232540.0,97.015,13708.0
2023-02-16 18:00:00+00:00,96.87,97.21,96.63,97.12,2614348.0,96.957,12377.0
2023-02-16 19:00:00+00:00,97.11,97.36,96.86,97.08,2643558.0,97.138,14014.0
2023-02-16 20:00:00+00:00,97.07,97.13,95.6,95.74,5427971.0,96.079,31591.0
2023-02-17 14:30:00+00:00,95.07,95.75,94.04,94.24,4017981.0,94.667,17932.0
2023-02-17 15:00:00+00:00,94.25,94.58,94.03,94.08,3931402.0,94.27,23883.0
2023-02-17 16:00:00+00:00,94.08,94.26,93.45,94.04,3783200.0,93.855,19192.0
2023-02-17 17:00:00+00:00,94.04,94.26,93.75,93.9,2283521.0,93.969,13496.0
2023-02-17 18:00:00+00:00,93.91,94.29,93.77,93.93,1825723.0,93.98,10752.0
2023-02-17 19:00:00+00:00,93.92,94.58,93.84,94.49,2311885.0,94.184,12538.0
2023-02-17 20:00:00+00:00,94.5,94.83,94.26,94.59,4708720.0,94.536,27080.0
2023-02-21 14:30:00+00:00,93.25,93.42,92.62,92.97,3641051.0,93.04,18570.0
2023-02-21 15:00:00+00:00,92.96,93.32,92.43,92.64,3331979.0,92.842,19790.0
2023-02-21 16:00:00+00:00,92.65,92.75,92.39,92.46,2347169.0,92.555,12744.0
2023-02-21 17:00:00+00:00,92.45,92.61,92.09,92.23,2617461.0,92.289,14363.0
2023-02-21 18:00:00+00:00,92.23,92.34,92.0,92.2,1945771.0,92.195,11048.0
2023-02-21 19:00:00+00:00,92.2,92.34,92.01,92.25,2167566.0,92.154,12644.0
2023-02-21 20:00:00+00:00,92.25,92.51,92.0,92.05,4468297.0,92.228,24945.0
2023-02-22 14:30:00+00:00,91.92,92.35,91.67,91.75,2825165.0,92.01,14346.0
2023-02-22 15:00:00+00:00,91.75,92.25,90.87,92.01,4675650.0,91.542,25159.0
2023-02-22 16:00:00+00:00,92.01,92.24,91.68,92.13,2247256.0,91.904,13582.0
2023-02-22 17:00:00+00:00,92.14,92.29,91.96,92.24,1423766.0,92.15,8906.0
2023-02-22 18:00:00+00:00,92.23,92.36,92.02,92.08,1509815.0,92.191,8830.0
2023-02-22 19:00:00+00:00,92.07,92.35,91.65,91.8,3248676.0,91.974,21246.0
2023-02-22 20:00:00+00:00,91.8,92.19,91.67,91.81,4414018.0,91.88,25743.0
2023-02-23 14:30:00+00:00,92.16,92.16,91.06,91.64,3159792.0,91.557,17209.0
2023-02-23 15:00:00+00:00,91.64,91.81,90.58,90.6,4495305.0,91.031,25718.0
2023-02-23 16:00:00+00:00,90.59,90.84,90.19,90.24,3508298.0,90.476,21235.0
2023-02-23 17:00:00+00:00,90.23,90.51,90.01,90.39,3278023.0,90.234,18543.0
2023-02-23 18:00:00+00:00,90.39,90.71,90.14,90.63,2646838.0,90.404,16354.0
2023-02-23 19:00:00+00:00,90.63,91.35,90.52,91.01,3085615.0,91.059,17955.0
2023-02-23 20:00:00+00:00,91.01,91.34,90.98,91.07,4661409.0,91.174,24772.0
2023-02-24 14:30:00+00:00,89.63,90.13,89.32,89.44,3744771.0,89.691,19766.0
2023-02-24 15:00:00+00:00,89.43,89.58,88.86,89.09,4101600.0,89.141,23727.0
2023-02-24 16:00:00+00:00,89.09,89.48,88.96,89.26,2940823.0,89.212,16603.0
2023-02-24 17:00:00+00:00,89.26,89.43,88.97,89.15,2002447.0,89.2,11520.0
2023-02-24 18:00:00+00:00,89.16,89.31,89.01,89.17,1734367.0,89.156,10932.0
2023-02-24 19:00:00+00:00,89.17,89.51,89.02,89.46,2554932.0,89.216,14102.0
2023-02-24 20:00:00+00:00,89.46,89.61,89.03,89.39,4643803.0,89.338,26558.0
2023-02-27 14:30:00+00:00,90.05,90.24,89.61,90.08,2914235.0,89.945,12487.0
2023-02-27 15:00:00+00:00,90.07,90.45,89.84,90.01,3126603.0,90.132,17945.0
2023-02-27 16:00:00+00:00,90.01,90.24,89.77,90.09,2060006.0,89.974,11977.0
2023-02-27 17:00:00+00:00,90.1,90.17,89.91,90.09,1591251.0,90.064,10539.0
2023-02-27 18:00:00+00:00,90.1,90.24,89.91,90.23,1813338.0,90.06,9980.0
2023-02-27 19:00:00+00:00,90.24,90.38,89.89,90.06,1832328.0,90.138,9400.0
2023-02-27 20:00:00+00:00,90.06,90.17,89.81,90.13,3689994.0,89.975,23132.0
2023-02-28 14:30:00+00:00,89.54,90.41,89.52,90.22,2366506.0,90.01,11179.0
2023-02-28 15:00:00+00:00,90.22,90.79,90.16,90.34,2891647.0,90.427,15839.0
2023-02-28 16:00:00+00:00,90.34,90.84,90.23,90.44,2186921.0,90.526,12448.0
2023-02-28 17:00:00+00:00,90.45,91.31,90.45,91.17,2010798.0,90.854,11336.0
2023-02-28 18:00:00+00:00,91.17,91.45,91.13,91.2,2214616.0,91.293,12484.0
2023-02-28 19:00:00+00:00,91.2,91.25,90.81,90.86,2211854.0,91.018,11587.0
2023-02-28 20:00:00+00:00,90.87,90.91,90.25,90.29,5247897.0,90.528,29307.0
2023-03-01 14:30:00+00:00,90.2,91.19,89.85,90.89,2844667.0,90.515,14437.0
2023-03-01 15:00:00+00:00,90.92,91.03,89.97,90.58,3140243.0,90.455,17416.0
2023-03-01 16:00:00+00:00,90.56,90.89,89.93,90.77,2819273.0,90.347,14545.0
2023-03-01 17:00:00+00:00,90.77,91.2,90.58,90.95,2056634.0,90.935,10259.0
2023-03-01 18:00:00+00:00,90.95,90.95,90.42,90.59,1888338.0,90.644,11230.0
2023-03-01 19:00:00+00:00,90.59,90.68,90.28,90.46,1865922.0,90.465,10968.0
2023-03-01 20:00:00+00:00,90.45,90.58,90.16,90.55,4074549.0,90.443,24513.0
2023-03-02 14:30:00+00:00,89.84,90.37,89.77,90.25,2387693.0,90.065,11645.0
2023-03-02 15:00:00+00:00,90.27,90.52,90.0,90.37,2757393.0,90.298,16121.0
2023-03-02 16:00:00+00:00,90.38,90.72,90.22,90.48,1849337.0,90.443,10694.0
2023-03-02 17:00:00+00:00,90.48,90.83,90.4,90.81,1258472.0,90.602,7593.0
2023-03-02 18:00:00+00:00,90.81,91.6,90.77,91.59,1668917.0,91.052,9657.0
2023-03-02 19:00:00+00:00,91.58,92.34,91.58,92.2,2635271.0,92.017,14224.0
2023-03-02 20:00:00+00:00,92.2,92.48,92.04,92.32,3986258.0,92.236,21814.0
2023-03-03 14:30:00+00:00,92.71,93.57,92.66,93.52,3204831.0,93.103,15677.0
2023-03-03 15:00:00+00:00,93.51,93.9,92.99,93.82,3803860.0,93.544,20618.0
2023-03-03 16:00:00+00:00,93.82,93.83,93.37,93.7,3111676.0,93.589,15899.0
2023-03-03 17:00:00+00:00,93.71,93.79,93.46,93.74,2164633.0,93.63,12371.0
2023-03-03 18:00:00+00:00,93.74,93.83,93.53,93.7,2241278.0,93.673,11494.0
2023-03-03 19:00:00+00:00,93.69,93.96,93.58,93.88,2912815.0,93.836,13471.0
2023-03-03 20:00:00+00:00,93.88,94.11,93.52,94.03,4693282.0,93.881,26031.0
2023-03-06 14:30:00+00:00,94.35,95.22,94.3,95.22,3034684.0,94.719,16494.0
2023-03-06 15:00:00+00:00,95.2,95.93,95.05,95.87,4020183.0,95.588,22187.0
2023-03-06 16:00:00+00:00,95.87,96.3,95.81,95.99,2940968.0,96.065,15020.0
2023-03-06 17:00:00+00:00,95.98,96.12,95.58,95.74,2195837.0,95.923,12348.0
2023-03-06 18:00:00+00:00,95.73,95.91,95.54,95.66,2015568.0,95.739,10781.0
2023-03-06 19:00:00+00:00,95.67,95.91,95.62,95.7,1653991.0,95.774,10638.0
2023-03-06 20:00:00+00:00,95.71,95.92,95.52,95.6,4974020.0,95.676,27872.0
2023-03-07 14:30:00+00:00,95.45,96.09,95.42,95.71,2304898.0,95.763,11785.0
2023-03-07 15:00:00+00:00,95.7,95.72,94.42,94.82,3874894.0,94.978,24385.0
2023-03-07 16:00:00+00:00,94.82,95.29,94.77,94.9,2482659.0,95.03,15627.0
2023-03-07 17:00:00+00:00,94.91,95.35,94.64,94.71,1620435.0,94.952,10207.0
2023-03-07 18:00:00+00:00,94.7,94.74,94.0,94.04,1697276.0,94.418,10255.0
2023-03-07 19:00:00+00:00,94.04,94.35,93.87,93.9,1645535.0,94.072,10093.0
2023-03-07 20:00:00+00:00,93.91,94.2,93.84,94.18,2673640.0,94.035,16688.0
2023-03-08 14:30:00+00:00,94.39,95.2,94.39,95.15,2171445.0,94.895,11966.0
2023-03-08 15:00:00+00:00,95.14,95.77,94.63,95.73,3517721.0,95.351,23317.0
2023-03-08 16:00:00+00:00,95.73,96.24,95.53,95.98,3175251.0,95.935,19094.0
2023-03-08 17:00:00+00:00,95.98,96.06,95.14,95.53,2602982.0,95.633,17988.0
2023-03-08 18:00:00+00:00,95.53,95.53,95.02,95.13,1981578.0,95.219,13689.0
2023-03-08 19:00:00+00:00,95.14,95.24,94.68,94.76,1976137.0,95.002,10975.0
2023-03-08 20:00:00+00:00,94.75,95.05,94.48,94.67,3838235.0,94.677,21962.0
2023-03-09 14:30:00+00:00,94.48,95.92,94.43,95.54,2398907.0,95.223,12957.0
2023-03-09 15:00:00+00:00,95.54,95.85,95.08,95.26,2532094.0,95.462,15915.0
2023-03-09 16:00:00+00:00,95.26,95.43,95.01,95.07,1775296.0,95.221,11993.0
2023-03-09 17:00:00+00:00,95.07,95.31,94.44,94.57,1818095.0,94.918,11467.0
2023-03-09 18:00:00+00:00,94.56,94.76,93.56,93.8,1837389.0,94.137,12463.0
2023-03-09 19:00:00+00:00,93.8,93.99,93.46,93.56,1987138.0,93.719,12678.0
2023-03-09 20:00:00+00:00,93.56,93.61,92.35,92.66,4334387.0,92.845,27355.0
2023-03-10 14:30:00+00:00,92.5,93.18,92.01,92.19,2696243.0,92.384,17579.0
2023-03-10 15:00:00+00:00,92.19,92.91,91.8,92.78,4148824.0,92.376,30515.0
2023-03-10 16:00:00+00:00,92.79,93.18,92.36,92.59,3010768.0,92.734,21782.0
2023-03-10 17:00:00+00:00,92.59,92.85,92.1,92.17,2036124.0,92.454,14756.0
2023-03-10 18:00:00+00:00,92.18,92.38,90.89,90.93,2538083.0,91.661,18677.0
2023-03-10 19:00:00+00:00,90.91,91.86,90.89,91.69,3124789.0,91.318,24255.0
2023-03-10 20:00:00+00:00,91.69,91.76,90.8,91.02,5711254.0,91.172,41508.0
2023-03-13 13:30:00+00:00,90.53,92.29,89.94,91.91,2913826.0,90.947,17229.0
2023-03-13 14:00:00+00:00,91.9,92.49,91.27,91.97,4368310.0,91.88,33751.0
2023-03-13 15:00:00+00:00,91.98,92.88,91.87,92.6,4142466.0,92.37,31653.0
2023-03-13 16:00:00+00:00,92.6,93.08,92.37,92.49,2733398.0,92.731,20132.0
2023-03-13 17:00:00+00:00,92.48,92.51,91.72,92.29,2079433.0,92.122,15474.0
2023-03-13 18:00:00+00:00,92.29,92.98,92.29,92.84,2144394.0,92.634,16974.0
2023-03-13 19:00:00+00:00,92.84,92.99,91.61,91.66,4021984.0,92.199,28935.0
2023-03-14 13:30:00+00:00,93.05,94.54,92.98,94.48,2908831.0,93.811,17022.0
2023-03-14 14:00:00+00:00,94.47,94.83,94.12,94.16,4206403.0,94.472,25590.0
2023-03-14 15:00:00+00:00,94.16,94.56,94.1,94.13,2556171.0,94.338,16693.0
2023-03-14 16:00:00+00:00,94.12,94.45,93.79,93.89,2117705.0,94.102,14734.0
2023-03-14 17:00:00+00:00,93.89,94.02,93.15,93.35,2386138.0,93.519,16887.0
2023-03-14 18:00:00+00:00,93.35,93.67,92.78,93.58,2591800.0,93.275,18445.0
2023-03-14 19:00:00+00:00,93.58,94.36,92.9,94.24,4608446.0,93.751,32083.0
2023-03-15 13:30:00+00:00,93.55,94.49,93.26,93.55,2440644.0,93.899,16054.0
2023-03-15 14:00:00+00:00,93.55,94.18,93.04,93.67,3289391.0,93.579,24302.0
2023-03-15 15:00:00+00:00,93.69,95.25,93.47,94.88,4058483.0,94.296,24963.0
2023-03-15 16:00:00+00:00,94.87,95.37,94.51,95.01,2923095.0,94.949,17027.0
2023-03-15 17:00:00+00:00,95.0,96.41,94.9,96.31,3467258.0,95.807,18928.0
2023-03-15 18:00:00+00:00,96.29,97.03,96.0,96.89,4501134.0,96.575,26314.0
2023-03-15 19:00:00+00:00,96.89,97.25,95.9,96.56,6122990.0,96.589,38592.0
2023-03-16 13:30:00+00:00,96.53,97.98,95.87,97.94,3164682.0,97.062,18287.0
2023-03-16 14:00:00+00:00,97.94,99.73,97.46,99.42,5482105.0,98.451,35136.0
2023-03-16 15:00:00+00:00,99.42,100.54,99.35,100.17,8364456.0,100.181,47693.0
2023-03-16 16:00:00+00:00,100.17,100.84,99.63,100.8,4422943.0,100.28,26411.0
2023-03-16 17:00:00+00:00,100.79,101.17,100.54,100.79,4098585.0,100.901,22203.0
2023-03-16 18:00:00+00:00,100.79,101.43,100.73,101.41,4770019.0,101.105,24015.0
2023-03-16 19:00:00+00:00,101.41,101.97,100.76,101.08,10206175.0,101.444,58217.0
2023-03-17 13:30:00+00:00,100.82,103.09,100.75,102.93,9171846.0,101.617,26716.0
2023-03-17 14:00:00+00:00,102.94,103.49,101.53,102.37,8895097.0,102.449,50587.0
2023-03-17 15:00:00+00:00,102.38,102.57,101.12,101.96,3811420.0,101.899,22703.0
2023-03-17 16:00:00+00:00,101.95,102.58,101.85,102.17,3066373.0,102.2,18684.0
2023-03-17 17:00:00+00:00,102.17,102.7,102.07,102.44,2789625.0,102.402,16152.0
2023-03-17 18:00:00+00:00,102.45,102.55,101.69,101.93,3871687.0,102.081,24400.0
2023-03-17 19:00:00+00:00,101.95,102.69,101.82,102.5,7216150.0,102.265,45243.0
2023-03-20 13:30:00+00:00,101.08,101.82,100.79,101.12,2832235.0,101.32,17594.0
2023-03-20 14:00:00+00:00,101.11,102.14,101.09,102.11,3060445.0,101.633,20642.0
2023-03-20 15:00:00+00:00,102.11,102.58,101.84,101.87,2818418.0,102.295,17350.0
2023-03-20 16:00:00+00:00,101.87,102.2,101.49,102.09,2102856.0,101.887,13520.0
2023-03-20 17:00:00+00:00,102.09,102.33,101.68,102.05,1586736.0,102.016,11175.0
2023-03-20 18:00:00+00:00,102.05,102.37,101.81,102.14,1859705.0,102.037,13161.0
2023-03-20 19:00:00+00:00,102.13,102.24,101.8,101.96,3951067.0,101.984,26021.0
2023-03-21 13:30:00+00:00,101.96,103.17,101.86,103.1,2326314.0,102.612,11507.0
2023-03-21 14:00:00+00:00,103.12,103.85,102.88,103.07,3279069.0,103.343,20273.0
2023-03-21 15:00:00+00:00,103.08,104.18,103.02,103.97,2848918.0,103.678,15644.0
2023-03-21 16:00:00+00:00,103.96,105.13,103.82,104.98,2983399.0,104.604,16774.0
2023-03-21 17:00:00+00:00,104.98,105.75,104.93,105.23,2700797.0,105.392,14201.0
2023-03-21 18:00:00+00:00,105.22,105.3,104.67,105.2,3338895.0,105.052,17792.0
2023-03-21 19:00:00+00:00,105.2,105.96,105.16,105.86,5103919.0,105.671,29761.0
2023-03-22 13:30:00+00:00,105.05,105.85,104.64,105.72,2397234.0,105.225,11271.0
2023-03-22 14:00:00+00:00,105.71,106.07,105.21,105.82,2538275.0,105.691,16857.0
2023-03-22 15:00:00+00:00,105.82,106.95,105.77,106.55,2510335.0,106.431,14227.0
2023-03-22 16:00:00+00:00,106.54,106.6,105.82,106.28,1940045.0,106.094,10941.0
2023-03-22 17:00:00+00:00,106.29,106.29,105.87,106.06,1662712.0,106.072,10041.0
2023-03-22 18:00:00+00:00,106.11,107.51,105.38,106.25,4792739.0,106.579,30888.0
2023-03-22 19:00:00+00:00,106.25,107.22,104.21,104.22,6632137.0,105.566,42839.0
2023-03-23 13:30:00+00:00,105.9,106.33,105.41,106.05,2131075.0,105.964,11642.0
2023-03-23 14:00:00+00:00,106.05,107.11,106.04,106.77,3355056.0,106.725,20548.0
2023-03-23 15:00:00+00:00,106.79,106.89,106.35,106.7,2159211.0,106.661,13558.0
2023-03-23 16:00:00+00:00,106.69,107.05,106.51,106.84,2110873.0,106.812,13555.0
2023-03-23 17:00:00+00:00,106.84,106.85,106.15,106.41,2405451.0,106.578,16862.0
2023-03-23 18:00:00+00:00,106.4,106.55,105.49,106.19,3083306.0,106.018,20719.0
2023-03-23 19:00:00+00:00,106.21,106.93,105.64,106.2,5651451.0,106.288,39461.0
2023-03-24 13:30:00+00:00,105.76,106.08,105.17,105.9,2110098.0,105.592,12512.0
2023-03-24 14:00:00+00:00,105.9,106.01,105.31,105.8,3071518.0,105.637,21362.0
2023-03-24 15:00:00+00:00,105.81,106.16,104.74,105.95,3339609.0,105.527,23099.0
2023-03-24 16:00:00+00:00,105.94,106.06,105.07,105.37,1579764.0,105.493,11344.0
2023-03-24 17:00:00+00:00,105.37,105.91,105.18,105.68,1766800.0,105.567,11707.0
2023-03-24 18:00:00+00:00,105.68,106.0,105.46,105.79,1454898.0,105.777,10692.0
2023-03-24 19:00:00+00:00,105.79,106.15,105.57,106.08,3634740.0,105.935,24944.0
2023-03-27 13:30:00+00:00,105.28,105.4,104.14,105.32,2616124.0,104.991,14180.0
2023-03-27 14:00:00+00:00,105.33,105.39,103.7,103.95,3247292.0,104.47,20601.0
2023-03-27 15:00:00+00:00,103.94,104.23,102.98,103.03,2026749.0,103.635,13063.0
2023-03-27 16:00:00+00:00,103.04,103.59,102.79,103.17,2018086.0,103.212,11913.0
2023-03-27 17:00:00+00:00,103.18,103.57,102.63,103.16,1901334.0,103.12,11727.0
2023-03-27 18:00:00+00:00,103.15,103.84,103.0,103.79,2029084.0,103.521,12518.0
2023-03-27 19:00:00+00:00,103.79,103.91,102.89,103.09,3709658.0,103.384,23620.0
2023-03-28 13:30:00+00:00,102.93,103.0,100.35,100.87,2839770.0,101.213,15997.0
2023-03-28 14:00:00+00:00,100.86,101.64,100.28,100.3,3456998.0,100.965,21562.0
2023-03-28 15:00:00+00:00,100.3,101.33,100.28,101.29,2654885.0,100.976,15990.0
2023-03-28 16:00:00+00:00,101.3,101.45,100.57,100.89,2126214.0,100.962,14549.0
2023-03-28 17:00:00+00:00,100.9,101.38,100.56,100.66,2193723.0,100.982,14474.0
2023-03-28 18:00:00+00:00,100.65,101.44,100.58,101.16,1594112.0,101.081,11242.0
2023-03-28 19:00:00+00:00,101.17,101.54,101.14,101.41,3531085.0,101.356,23104.0
2023-03-29 13:30:00+00:00,102.72,102.82,101.37,101.92,3417739.0,102.068,18524.0
2023-03-29 14:00:00+00:00,101.91,102.0,101.03,101.39,3363717.0,101.48,21211.0
2023-03-29 15:00:00+00:00,101.39,102.12,101.37,102.02,2270701.0,101.757,15074.0
2023-03-29 16:00:00+00:00,102.03,102.1,101.8,101.87,1859014.0,101.966,12260.0
2023-03-29 17:00:00+00:00,101.86,102.02,101.64,101.84,1616746.0,101.833,10864.0
2023-03-29 18:00:00+00:00,101.84,101.96,101.65,101.84,1943429.0,101.797,14126.0
2023-03-29 19:00:00+00:00,101.84,102.09,101.72,101.89,4196228.0,101.878,26529.0
2023-03-30 13:30:00+00:00,101.41,101.48,100.29,100.9,3371849.0,100.785,16722.0
2023-03-30 14:00:00+00:00,100.9,101.18,100.35,101.05,3705245.0,100.831,20444.0
2023-03-30 15:00:00+00:00,101.05,101.37,100.77,101.06,2072968.0,101.087,12462.0
2023-03-30 16:00:00+00:00,101.05,101.32,100.92,101.13,1429481.0,101.17,8803.0
2023-03-30 17:00:00+00:00,101.13,101.28,100.97,101.12,1251325.0,101.127,8337.0
2023-03-30 18:00:00+00:00,101.12,101.23,101.02,101.15,1516829.0,101.125,10741.0
2023-03-30 19:00:00+00:00,101.15,101.61,101.08,101.35,3285495.0,101.311,18731.0
2023-03-31 13:30:00+00:00,101.72,102.42,101.44,102.27,2260250.0,101.973,11739.0
2023-03-31 14:00:00+00:00,102.29,103.63,102.06,102.95,3891424.0,102.901,21438.0
2023-03-31 15:00:00+00:00,102.95,103.23,102.72,102.9,2042743.0,102.964,11494.0
2023-03-31 16:00:00+00:00,102.9,102.97,102.63,102.78,1543445.0,102.802,9057.0
2023-03-31 17:00:00+00:00,102.78,103.17,102.6,103.12,1576679.0,102.922,8969.0
2023-03-31 18:00:00+00:00,103.13,103.42,103.02,103.4,1580056.0,103.217,9072.0
2023-03-31 19:00:00+00:00,103.4,104.19,103.39,103.95,4756316.0,103.835,29085.0
2023-04-03 13:30:00+00:00,102.67,104.12,102.38,103.65,2471870.0,103.283,11915.0
2023-04-03 14:00:00+00:00,103.66,104.07,103.04,103.24,1936271.0,103.673,11908.0
2023-04-03 15:00:00+00:00,103.23,103.44,102.89,103.39,1584455.0,103.214,9733.0
2023-04-03 16:00:00+00:00,103.39,103.74,103.27,103.47,1161950.0,103.531,7244.0
2023-04-03 17:00:00+00:00,103.47,103.48,103.2,103.4,1617094.0,103.339,9786.0
2023-04-03 18:00:00+00:00,103.41,104.02,103.24,103.97,1470831.0,103.61,8697.0
2023-04-03 19:00:00+00:00,103.97,104.95,103.93,104.89,3624450.0,104.538,20778.0
2023-04-04 13:30:00+00:00,104.84,105.85,104.6,105.67,2506530.0,105.246,14060.0
2023-04-04 14:00:00+00:00,105.68,106.1,105.36,105.56,2829897.0,105.742,17530.0
2023-04-04 15:00:00+00:00,105.56,105.8,105.19,105.27,2151914.0,105.474,12528.0
2023-04-04 16:00:00+00:00,105.27,105.35,104.7,104.97,1617386.0,104.942,9748.0
2023-04-04 17:00:00+00:00,104.98,105.26,104.9,105.11,1503116.0,105.084,8936.0
2023-04-04 18:00:00+00:00,105.11,105.28,104.78,104.91,1167032.0,105.061,7381.0
2023-04-04 19:00:00+00:00,104.9,105.22,104.66,105.14,2574394.0,104.956,16784.0
2023-04-05 13:30:00+00:00,106.18,106.54,104.61,105.39,3169078.0,105.584,14547.0
2023-04-05 14:00:00+00:00,105.39,105.67,104.21,104.25,3075534.0,104.92,18027.0
2023-04-05 15:00:00+00:00,104.24,104.95,104.23,104.63,1988882.0,104.601,11805.0
2023-04-05 16:00:00+00:00,104.63,104.7,104.1,104.34,1364098.0,104.412,8874.0
2023-04-05 17:00:00+00:00,104.34,104.71,104.16,104.55,1322890.0,104.466,8129.0
2023-04-05 18:00:00+00:00,104.56,105.01,104.28,104.84,1713573.0,104.692,10277.0
2023-04-05 19:00:00+00:00,104.83,105.1,104.38,104.96,2874560.0,104.773,17210.0
2023-04-06 13:30:00+00:00,105.78,105.84,104.81,105.37,2558199.0,105.359,14158.0
2023-04-06 14:00:00+00:00,105.38,106.73,105.27,106.22,3343658.0,106.075,19405.0
2023-04-06 15:00:00+00:00,106.21,107.53,106.14,107.32,3398284.0,106.942,17098.0
2023-04-06 16:00:00+00:00,107.33,107.75,107.29,107.33,2856156.0,107.56,15723.0
2023-04-06 17:00:00+00:00,107.33,108.49,107.27,108.48,3163183.0,107.89,14509.0
2023-04-06 18:00:00+00:00,108.48,109.63,108.47,108.9,5070557.0,109.084,21888.0
2023-04-06 19:00:00+00:00,108.92,109.12,108.61,108.85,4955383.0,108.847,26061.0
2023-04-10 13:30:00+00:00,107.39,107.97,106.47,106.83,2513061.0,107.218,14596.0
2023-04-10 14:00:00+00:00,106.82,106.86,106.01,106.36,3062275.0,106.426,18875.0
2023-04-10 15:00:00+00:00,106.37,106.83,106.34,106.36,2035780.0,106.549,11833.0
2023-04-10 16:00:00+00:00,106.37,106.44,105.6,106.42,1875669.0,106.008,11545.0
2023-04-10 17:00:00+00:00,106.43,106.91,106.39,106.75,1330810.0,106.68,7613.0
2023-04-10 18:00:00+00:00,106.77,107.04,106.63,106.96,1255044.0,106.855,7430.0
2023-04-10 19:00:00+00:00,106.95,107.05,106.7,106.95,2421143.0,106.879,15147.0
2023-04-11 13:30:00+00:00,106.96,107.22,106.01,106.1,1913229.0,106.568,10839.0
2023-04-11 14:00:00+00:00,106.1,106.24,105.28,105.68,3171508.0,105.798,20047.0
2023-04-11 15:00:00+00:00,105.68,106.15,105.59,106.07,1715733.0,105.866,11143.0
2023-04-11 16:00:00+00:00,106.07,106.42,106.03,106.32,1266480.0,106.199,7934.0
2023-04-11 17:00:00+00:00,106.33,106.73,106.24,106.64,1191767.0,106.446,6853.0
2023-04-11 18:00:00+00:00,106.64,106.93,106.45,106.89,1437060.0,106.667,7879.0
2023-04-11 19:00:00+00:00,106.89,106.95,105.94,106.12,2737909.0,106.389,16006.0
2023-04-12 13:30:00+00:00,107.36,107.59,106.23,106.36,1983472.0,106.932,11411.0
2023-04-12 14:00:00+00:00,106.33,106.83,105.53,105.63,2859601.0,106.322,17833.0
2023-04-12 15:00:00+00:00,105.64,106.28,105.27,106.13,1918803.0,105.731,12471.0
2023-04-12 16:00:00+00:00,106.12,106.39,105.94,106.34,1882285.0,106.144,10819.0
2023-04-12 17:00:00+00:00,106.35,106.42,105.7,105.76,1954863.0,106.133,11007.0
2023-04-12 18:00:00+00:00,105.76,106.0,104.97,105.39,2741004.0,105.405,15848.0
2023-04-12 19:00:00+00:00,105.39,105.56,105.03,105.24,2951361.0,105.272,18122.0
2023-04-13 13:30:00+00:00,106.44,107.73,106.44,107.53,2890654.0,107.236,16590.0
2023-04-13 14:00:00+00:00,107.52,107.91,107.22,107.25,2733549.0,107.572,16200.0
2023-04-13 15:00:00+00:00,107.25,107.7,107.16,107.5,1563691.0,107.471,9169.0
2023-04-13 16:00:00+00:00,107.5,107.66,107.36,107.56,1262375.0,107.5,7742.0
2023-04-13 17:00:00+00:00,107.57,108.02,107.42,107.98,1524829.0,107.771,9491.0
2023-04-13 18:00:00+00:00,107.98,108.23,107.84,107.98,1609392.0,108.015,9697.0
2023-04-13 19:00:00+00:00,107.98,108.27,107.82,108.22,3239719.0,108.121,19075.0
2023-04-14 13:30:00+00:00,107.7,108.95,107.59,108.65,1906551.0,108.385,10257.0
2023-04-14 14:00:00+00:00,108.61,108.95,107.9,108.51,2770307.0,108.336,16206.0
2023-04-14 15:00:00+00:00,108.51,108.89,108.32,108.71,1760422.0,108.627,10526.0
2023-04-14 16:00:00+00:00,108.71,108.73,108.04,108.19,1391343.0,108.455,8029.0
2023-04-14 17:00:00+00:00,108.18,108.76,108.12,108.67,1243380.0,108.517,7608.0
2023-04-14 18:00:00+00:00,108.67,109.58,108.62,109.56,2176728.0,109.092,11687.0
2023-04-14 19:00:00+00:00,109.54,109.55,108.98,109.49,3935383.0,109.406,22896.0
2023-04-17 13:30:00+00:00,105.37,106.7,105.32,105.83,4946600.0,105.897,23871.0
2023-04-17 14:00:00+00:00,105.83,106.71,105.66,106.2,4231445.0,106.044,22973.0
2023-04-17 15:00:00+00:00,106.21,106.23,105.42,105.75,2739014.0,105.778,13480.0
2023-04-17 16:00:00+00:00,105.75,105.98,105.57,105.93,1912074.0,105.765,10699.0
2023-04-17 17:00:00+00:00,105.94,106.44,105.83,106.12,1713659.0,106.149,9385.0
2023-04-17 18:00:00+00:00,106.13,106.51,105.98,106.45,1758536.0,106.244,9089.0
2023-04-17 19:00:00+00:00,106.44,106.69,106.31,106.43,3632162.0,106.447,19618.0
2023-04-18 13:30:00+00:00,107.0,107.05,106.01,106.37,2049745.0,106.719,10536.0
2023-04-18 14:00:00+00:00,106.37,106.5,105.47,105.7,2391827.0,105.942,14224.0
2023-04-18 15:00:00+00:00,105.69,106.04,105.59,105.67,1471449.0,105.743,9025.0
2023-04-18 16:00:00+00:00,105.66,105.99,105.51,105.65,1077379.0,105.753,6431.0
2023-04-18 17:00:00+00:00,105.65,105.66,105.14,105.41,1551155.0,105.414,8629.0
2023-04-18 18:00:00+00:00,105.41,105.6,104.98,105.0,1378887.0,105.342,8663.0
2023-04-18 19:00:00+00:00,105.0,105.31,104.78,105.14,2775037.0,105.081,14378.0
2023-04-19 13:30:00+00:00,104.25,104.85,103.8,103.87,1966380.0,104.158,10177.0
2023-04-19 14:00:00+00:00,103.86,104.8,103.85,104.6,1843938.0,104.361,11528.0
2023-04-19 15:00:00+00:00,104.62,105.24,104.62,105.23,1637255.0,104.988,9346.0
2023-04-19 16:00:00+00:00,105.24,105.47,105.11,105.38,1145294.0,105.338,6822.0
2023-04-19 17:00:00+00:00,105.38,105.59,105.31,105.58,998130.0,105.43,6364.0
2023-04-19 18:00:00+00:00,105.58,105.73,105.13,105.33,1265463.0,105.413,7171.0
2023-04-19 19:00:00+00:00,105.34,105.42,104.83,105.02,2179792.0,105.082,13755.0
2023-04-20 13:30:00+00:00,104.66,105.83,104.64,105.64,2404535.0,105.286,13769.0
2023-04-20 14:00:00+00:00,105.64,105.84,105.22,105.67,1921443.0,105.587,11985.0
2023-04-20 15:00:00+00:00,105.67,106.14,105.3,106.01,1741418.0,105.75,9163.0
2023-04-20 16:00:00+00:00,106.0,106.39,105.73,106.38,1358681.0,106.164,8029.0
2023-04-20 17:00:00+00:00,106.38,106.89,106.33,106.55,1604102.0,106.678,9583.0
2023-04-20 18:00:00+00:00,106.54,106.54,105.62,105.82,2291343.0,105.934,12655.0
2023-04-20 19:00:00+00:00,105.83,106.08,105.26,105.92,3574543.0,105.668,21259.0
2023-04-21 13:30:00+00:00,106.06,106.6,105.66,105.76,1961045.0,106.191,9149.0
2023-04-21 14:00:00+00:00,105.76,106.36,105.51,106.36,2436036.0,105.945,15437.0
2023-04-21 15:00:00+00:00,106.37,106.64,106.01,106.05,1685248.0,106.336,9999.0
2023-04-21 16:00:00+00:00,106.06,106.23,105.64,105.75,1540790.0,105.901,8817.0
2023-04-21 17:00:00+00:00,105.76,106.15,105.53,106.01,1804543.0,105.857,11154.0
2023-04-21 18:00:00+00:00,106.01,106.19,105.65,105.7,1650499.0,105.95,10220.0
2023-04-21 19:00:00+00:00,105.7,105.96,105.48,105.91,2902290.0,105.707,17992.0
2023-04-24 13:30:00+00:00,106.14,107.09,105.36,106.78,2265598.0,106.603,12280.0
2023-04-24 14:00:00+00:00,106.79,106.97,105.67,106.04,2559421.0,106.42,15506.0
2023-04-24 15:00:00+00:00,106.04,106.41,105.85,105.96,1576921.0,106.106,9203.0
2023-04-24 16:00:00+00:00,105.97,106.44,105.96,106.35,1581577.0,106.191,7434.0
2023-04-24 17:00:00+00:00,106.35,106.98,106.24,106.96,1401100.0,106.645,7367.0
2023-04-24 18:00:00+00:00,106.97,107.32,106.82,107.02,1959817.0,107.02,9202.0
2023-04-24 19:00:00+00:00,107.02,107.07,106.59,106.78,2956544.0,106.843,17646.0
2023-04-25 13:30:00+00:00,106.57,107.44,106.11,106.13,2428834.0,106.708,13222.0
2023-04-25 14:00:00+00:00,106.13,106.54,105.88,106.18,2693690.0,106.192,16081.0
2023-04-25 15:00:00+00:00,106.18,106.83,106.03,106.51,2459899.0,106.512,14693.0
2023-04-25 16:00:00+00:00,106.52,106.7,105.92,106.24,2402657.0,106.305,10812.0
2023-04-25 17:00:00+00:00,106.24,106.39,105.41,105.51,1953663.0,105.759,10757.0
2023-04-25 18:00:00+00:00,105.5,105.69,105.27,105.38,2040429.0,105.482,12370.0
2023-04-25 19:00:00+00:00,105.38,105.44,104.56,104.68,5117347.0,104.993,31553.0
2023-04-26 13:30:00+00:00,105.52,106.47,103.27,106.38,6057154.0,104.857,32669.0
2023-04-26 14:00:00+00:00,106.36,107.02,105.6,105.68,5025363.0,106.186,30193.0
2023-04-26 15:00:00+00:00,105.69,106.44,104.97,105.09,3996845.0,105.709,22594.0
2023-04-26 16:00:00+00:00,105.08,105.64,104.16,104.39,3063650.0,104.924,16585.0
2023-04-26 17:00:00+00:00,104.4,104.7,104.13,104.55,2020773.0,104.457,11057.0
2023-04-26 18:00:00+00:00,104.55,104.73,104.02,104.17,2205748.0,104.356,11757.0
2023-04-26 19:00:00+00:00,104.18,104.73,104.07,104.4,3680145.0,104.368,22173.0
2023-04-27 13:30:00+00:00,105.19,106.93,104.42,106.29,4579387.0,105.855,21653.0
2023-04-27 14:00:00+00:00,106.28,107.96,106.22,107.4,4146608.0,107.34,23135.0
2023-04-27 15:00:00+00:00,107.4,108.63,107.28,108.21,4111082.0,108.085,23750.0
2023-04-27 16:00:00+00:00,108.2,108.78,108.15,108.73,3496102.0,108.543,18716.0
2023-04-27 17:00:00+00:00,108.72,109.15,108.58,108.84,2805969.0,108.865,15316.0
2023-04-27 18:00:00+00:00,108.85,109.11,108.84,108.98,2157913.0,108.974,12580.0
2023-04-27 19:00:00+00:00,108.98,109.11,108.29,108.38,5014641.0,108.738,29764.0
2023-04-28 13:30:00+00:00,107.83,108.29,107.0,107.12,2576145.0,107.568,14057.0
2023-04-28 14:00:00+00:00,107.2,107.68,106.16,106.27,3400821.0,107.018,20966.0
2023-04-28 15:00:00+00:00,106.28,107.25,106.04,107.2,2098845.0,106.653,11895.0
2023-04-28 16:00:00+00:00,107.19,107.78,107.07,107.75,1642608.0,107.377,8637.0
2023-04-28 17:00:00+00:00,107.75,107.86,107.43,107.68,1468652.0,107.65,7918.0
2023-04-28 18:00:00+00:00,107.68,108.02,107.49,108.01,1421764.0,107.77,8398.0
2023-04-28 19:00:00+00:00,108.0,108.25,107.8,108.23,2935389.0,108.026,17601.0
2023-05-01 13:30:00+00:00,107.69,108.33,107.61,108.01,2038550.0,107.9,8646.0
2023-05-01 14:00:00+00:00,108.01,108.41,107.5,108.37,2221614.0,107.983,13356.0
2023-05-01 15:00:00+00:00,108.36,108.42,107.7,108.09,1765539.0,107.987,10494.0
2023-05-01 16:00:00+00:00,108.09,108.39,107.98,108.34,1720063.0,108.173,9509.0
2023-05-01 17:00:00+00:00,108.34,108.68,108.2,108.44,1345607.0,108.436,8009.0
2023-05-01 18:00:00+00:00,108.44,108.58,107.77,108.05,1409006.0,108.148,8577.0
2023-05-01 19:00:00+00:00,108.05,108.11,107.59,107.7,3426006.0,107.833,22444.0
2023-05-02 13:30:00+00:00,107.66,107.73,106.39,106.85,2274789.0,107.163,12087.0
2023-05-02 14:00:00+00:00,106.85,106.94,104.5,104.8,3869188.0,105.592,25082.0
2023-05-02 15:00:00+00:00,104.81,105.85,104.65,105.36,2176358.0,105.384,13679.0
2023-05-02 16:00:00+00:00,105.36,106.1,105.27,106.06,1385433.0,105.846,7571.0
2023-05-02 17:00:00+00:00,106.05,106.49,105.99,106.45,1248178.0,106.211,6897.0
2023-05-02 18:00:00+00:00,106.45,106.47,105.94,106.25,1059129.0,106.166,5733.0
2023-05-02 19:00:00+00:00,106.25,106.34,105.9,105.99,2101112.0,106.083,13318.0
2023-05-03 13:30:00+00:00,106.25,106.84,105.62,106.7,1717176.0,106.405,7901.0
2023-05-03 14:00:00+00:00,106.7,106.81,106.21,106.43,1316060.0,106.468,9382.0
2023-05-03 15:00:00+00:00,106.41,106.76,106.31,106.68,1149743.0,106.481,7611.0
2023-05-03 16:00:00+00:00,106.69,106.7,106.31,106.66,893387.0,106.496,5573.0
2023-05-03 17:00:00+00:00,106.66,106.72,106.3,106.61,1230289.0,106.552,8268.0
2023-05-03 18:00:00+00:00,106.63,108.13,106.29,107.46,2536440.0,107.271,16673.0
2023-05-03 19:00:00+00:00,107.45,107.57,106.02,106.13,3005262.0,106.492,21660.0
2023-05-04 13:30:00+00:00,106.16,106.3,105.25,105.67,1717520.0,105.777,8745.0
2023-05-04 14:00:00+00:00,105.67,106.03,104.7,105.01,2565159.0,105.224,16194.0
2023-05-04 15:00:00+00:00,105.0,105.74,104.98,105.32,1677283.0,105.47,11164.0
2023-05-04 16:00:00+00:00,105.32,105.91,105.18,105.89,1519010.0,105.496,9494.0
2023-05-04 17:00:00+00:00,105.89,106.2,105.55,105.82,1693872.0,105.921,11262.0
2023-05-04 18:00:00+00:00,105.83,105.93,105.39,105.5,1172130.0,105.662,8726.0
2023-05-04 19:00:00+00:00,105.49,105.69,105.06,105.19,3678474.0,105.348,24840.0
2023-05-05 13:30:00+00:00,105.39,105.56,104.73,104.92,2182920.0,105.115,10921.0
2023-05-05 14:00:00+00:00,104.92,105.78,104.85,105.72,2465277.0,105.385,15108.0
2023-05-05 15:00:00+00:00,105.72,105.76,105.11,105.25,1386165.0,105.487,8524.0
2023-05-05 16:00:00+00:00,105.26,105.85,105.23,105.76,1354117.0,105.519,8156.0
2023-05-05 17:00:00+00:00,105.76,105.9,105.57,105.72,1303268.0,105.728,7574.0
2023-05-05 18:00:00+00:00,105.73,106.44,105.67,106.33,1403330.0,106.056,8331.0
2023-05-05 19:00:00+00:00,106.33,106.39,105.92,106.21,3310237.0,106.196,20521.0
2023-05-08 13:30:00+00:00,105.82,106.84,105.79,106.25,1548240.0,106.31,8226.0
2023-05-08 14:00:00+00:00,106.26,107.51,106.12,107.34,2161856.0,107.029,12129.0
2023-05-08 15:00:00+00:00,107.34,107.39,106.96,107.38,1220165.0,107.16,7519.0
2023-05-08 16:00:00+00:00,107.39,107.77,107.33,107.72,1146356.0,107.586,7262.0
2023-05-08 17:00:00+00:00,107.72,108.36,107.56,108.27,1425985.0,108.048,7675.0
2023-05-08 18:00:00+00:00,108.27,108.29,107.7,108.19,1271123.0,108.071,8150.0
2023-05-08 19:00:00+00:00,108.19,108.42,107.84,108.23,2351670.0,108.137,14913.0
2023-05-09 13:30:00+00:00,108.78,110.5,108.66,110.26,4707224.0,109.738,19413.0
2023-05-09 14:00:00+00:00,110.28,110.6,109.31,109.32,2959529.0,109.848,15900.0
2023-05-09 15:00:00+00:00,109.32,109.47,108.36,108.8,2280326.0,108.857,12482.0
2023-05-09 16:00:00+00:00,108.79,108.92,108.48,108.82,1594534.0,108.739,8236.0
2023-05-09 17:00:00+00:00,108.83,108.97,108.03,108.05,1438490.0,108.581,7792.0
2023-05-09 18:00:00+00:00,108.05,108.39,107.72,108.31,2197299.0,108.09,9961.0
2023-05-09 19:00:00+00:00,108.32,108.36,107.74,107.95,2712083.0,107.99,16200.0
2023-05-10 13:30:00+00:00,108.55,109.96,108.5,109.95,2798867.0,109.449,13264.0
2023-05-10 14:00:00+00:00,109.95,110.35,108.48,108.73,3614198.0,109.553,19478.0
2023-05-10 15:00:00+00:00,108.74,109.37,108.6,109.22,2473872.0,109.032,12968.0
2023-05-10 16:00:00+00:00,109.23,109.69,109.03,109.65,2297932.0,109.404,14075.0
2023-05-10 17:00:00+00:00,109.64,110.89,109.06,110.34,5637032.0,110.033,26557.0
2023-05-10 18:00:00+00:00,110.34,113.21,110.33,113.18,8073359.0,111.977,36872.0
2023-05-10 19:00:00+00:00,113.17,113.51,111.99,112.27,8586453.0,112.647,42060.0
2023-05-11 13:30:00+00:00,115.89,117.98,114.93,117.7,11204501.0,116.692,53531.0
2023-05-11 14:00:00+00:00,117.7,118.19,116.73,118.0,8234830.0,117.645,39552.0
2023-05-11 15:00:00+00:00,118.01,118.44,117.56,117.98,4910922.0,118.027,22318.0
2023-05-11 16:00:00+00:00,117.97,118.14,117.66,117.9,4285071.0,117.893,20291.0
2023-05-11 17:00:00+00:00,117.91,117.99,116.94,117.06,3437342.0,117.473,16055.0
2023-05-11 18:00:00+00:00,117.07,117.61,117.0,117.54,2843514.0,117.364,14598.0
2023-05-11 19:00:00+00:00,117.54,117.75,116.65,116.9,5933073.0,117.179,31220.0
2023-05-12 13:30:00+00:00,116.98,117.67,116.8,117.05,2921395.0,117.189,14051.0
2023-05-12 14:00:00+00:00,117.03,117.26,116.55,117.08,3245131.0,117.05,18233.0
2023-05-12 15:00:00+00:00,117.08,117.76,117.04,117.74,2917446.0,117.441,14087.0
2023-05-12 16:00:00+00:00,117.73,118.19,117.15,117.35,3253287.0,117.69,14644.0
2023-05-12 17:00:00+00:00,117.34,117.6,117.18,117.23,2054222.0,117.379,10029.0
2023-05-12 18:00:00+00:00,117.22,117.46,117.18,117.31,2277562.0,117.288,12059.0
2023-05-12 19:00:00+00:00,117.32,118.26,117.23,117.94,4389489.0,117.671,23878.0
2023-05-15 13:30:00+00:00,116.53,118.8,116.48,118.15,3232191.0,117.777,14128.0
2023-05-15 14:00:00+00:00,118.17,118.21,117.05,117.19,2393688.0,117.498,12679.0
2023-05-15 15:00:00+00:00,117.19,118.02,117.14,117.91,1633013.0,117.711,9626.0
2023-05-15 16:00:00+00:00,117.92,118.05,117.12,117.19,1246139.0,117.509,7488.0
2023-05-15 17:00:00+00:00,117.19,117.53,116.94,117.42,1589091.0,117.253,8776.0
2023-05-15 18:00:00+00:00,117.42,117.53,116.95,117.08,1608361.0,117.217,7957.0
2023-05-15 19:00:00+00:00,117.08,117.36,116.72,116.98,2663313.0,117.067,14742.0
2023-05-16 13:30:00+00:00,116.9,118.63,116.83,118.49,2632834.0,117.77,12571.0
2023-05-16 14:00:00+00:00,118.49,119.71,118.32,119.59,4114975.0,118.946,21342.0
2023-05-16 15:00:00+00:00,119.59,120.27,119.4,120.25,3715712.0,119.909,18907.0
2023-05-16 16:00:00+00:00,120.26,120.36,119.74,120.21,3081760.0,120.097,15674.0
2023-05-16 17:00:00+00:00,120.21,121.11,120.13,121.08,3244640.0,120.598,17429.0
2023-05-16 18:00:00+00:00,121.09,121.2,120.2,120.53,2810070.0,120.665,14606.0
2023-05-16 19:00:00+00:00,120.53,120.77,120.05,120.08,3761806.0,120.398,22896.0
2023-05-17 13:30:00+00:00,120.17,120.49,119.53,119.67,2379406.0,120.049,11513.0
2023-05-17 14:00:00+00:00,119.68,120.19,119.46,119.96,2747903.0,119.827,15363.0
2023-05-17 15:00:00+00:00,119.96,120.17,119.51,119.88,2115580.0,119.917,12618.0
2023-05-17 16:00:00+00:00,119.89,120.95,119.71,120.85,1654200.0,120.319,9293.0
2023-05-17 17:00:00+00:00,120.84,122.12,120.83,122.12,2923990.0,121.503,14446.0
2023-05-17 18:00:00+00:00,122.12,122.28,121.7,121.79,1981325.0,122.015,10903.0
2023-05-17 19:00:00+00:00,121.78,122.04,121.28,121.45,3572983.0,121.56,21117.0
2023-05-18 13:30:00+00:00,121.55,122.14,121.49,121.94,2180564.0,121.791,10455.0
2023-05-18 14:00:00+00:00,121.95,122.86,121.58,122.83,2625253.0,122.307,14264.0
2023-05-18 15:00:00+00:00,122.82,123.9,122.74,123.48,2659142.0,123.23,14592.0
2023-05-18 16:00:00+00:00,123.48,123.52,122.62,123.02,2116204.0,122.95,12686.0
2023-05-18 17:00:00+00:00,123.04,123.82,123.04,123.16,1863210.0,123.424,11245.0
2023-05-18 18:00:00+00:00,123.16,123.16,122.61,122.96,2016975.0,122.905,11891.0
2023-05-18 19:00:00+00:00,122.96,123.87,122.8,123.54,3734095.0,123.399,24844.0
2023-05-19 13:30:00+00:00,124.19,126.48,123.8,124.27,5264515.0,124.793,19438.0
2023-05-19 14:00:00+00:00,124.26,124.9,123.64,124.5,3035703.0,124.378,17466.0
2023-05-19 15:00:00+00:00,124.51,124.9,123.79,123.94,2390469.0,124.328,13941.0
2023-05-19 16:00:00+00:00,123.95,124.15,123.1,123.31,2367252.0,123.507,11962.0
2023-05-19 17:00:00+00:00,123.3,123.54,123.0,123.12,1666890.0,123.247,8390.0
2023-05-19 18:00:00+00:00,123.12,123.2,122.72,123.0,1911645.0,122.962,10215.0
2023-05-19 19:00:00+00:00,122.99,123.35,122.77,123.27,2782345.0,123.085,17343.0
2023-05-22 13:30:00+00:00,123.53,126.97,123.45,126.82,4628307.0,125.84,21689.0
2023-05-22 14:00:00+00:00,126.82,127.05,125.33,126.3,4540253.0,126.028,24683.0
2023-05-22 15:00:00+00:00,126.32,126.33,125.61,125.65,2049463.0,126.009,11899.0
2023-05-22 16:00:00+00:00,125.64,126.29,125.54,126.11,1997666.0,125.875,11614.0
2023-05-22 17:00:00+00:00,126.11,126.42,125.77,126.19,1976897.0,126.139,10117.0
2023-05-22 18:00:00+00:00,126.18,126.35,125.86,125.98,1621696.0,126.154,8155.0
2023-05-22 19:00:00+00:00,125.97,126.04,125.47,125.87,3445042.0,125.722,19717.0
2023-05-23 13:30:00+00:00,124.92,125.42,124.48,124.68,2612494.0,124.907,14722.0
2023-05-23 14:00:00+00:00,124.68,124.86,124.2,124.57,2272130.0,124.549,14665.0
2023-05-23 15:00:00+00:00,124.56,125.26,124.39,125.05,2547376.0,124.751,15432.0
2023-05-23 16:00:00+00:00,125.08,125.39,124.2,124.39,1842970.0,124.816,10913.0
2023-05-23 17:00:00+00:00,124.39,124.44,123.25,123.62,2005267.0,123.892,11310.0
2023-05-23 18:00:00+00:00,123.62,123.75,123.05,123.52,1579241.0,123.427,9423.0
2023-05-23 19:00:00+00:00,123.51,123.71,123.13,123.32,3965102.0,123.437,26073.0
2023-05-24 13:30:00+00:00,121.86,122.75,121.57,122.05,2679017.0,122.045,14472.0
2023-05-24 14:00:00+00:00,122.05,122.27,120.75,120.94,3077821.0,121.453,19789.0
2023-05-24 15:00:00+00:00,120.95,121.99,120.84,121.64,2128024.0,121.611,14279.0
2023-05-24 16:00:00+00:00,121.64,121.86,121.33,121.52,1226822.0,121.555,8048.0
2023-05-24 17:00:00+00:00,121.51,121.69,121.2,121.52,1273176.0,121.427,8552.0
2023-05-24 18:00:00+00:00,121.54,121.63,121.1,121.43,1367300.0,121.384,8265.0
2023-05-24 19:00:00+00:00,121.43,122.08,121.22,121.64,3389396.0,121.623,22375.0
2023-05-25 13:30:00+00:00,125.22,125.98,123.77,123.86,4528946.0,124.779,25399.0
2023-05-25 14:00:00+00:00,123.85,124.52,122.9,124.48,3410390.0,123.817,21988.0
2023-05-25 15:00:00+00:00,124.48,125.27,124.42,124.78,3083569.0,124.834,18732.0
2023-05-25 16:00:00+00:00,124.79,125.73,124.76,124.86,3279610.0,125.223,20772.0
2023-05-25 17:00:00+00:00,124.87,124.97,124.12,124.2,2333364.0,124.498,14000.0
2023-05-25 18:00:00+00:00,124.2,124.47,123.62,123.68,2049823.0,124.05,13117.0
2023-05-25 19:00:00+00:00,123.69,124.67,123.62,124.33,3219983.0,124.319,20095.0
2023-05-26 13:30:00+00:00,124.05,124.71,123.29,124.53,2851903.0,124.096,14337.0
2023-05-26 14:00:00+00:00,124.54,125.7,124.48,125.38,2882955.0,125.188,16988.0
2023-05-26 15:00:00+00:00,125.38,125.51,124.8,125.49,2818738.0,125.191,16070.0
2023-05-26 16:00:00+00:00,125.49,126.0,125.49,125.84,1969718.0,125.788,11865.0
2023-05-26 17:00:00+00:00,125.85,125.94,125.23,125.39,1393974.0,125.545,8107.0
2023-05-26 18:00:00+00:00,125.38,125.41,124.97,125.14,1476545.0,125.19,8768.0
2023-05-26 19:00:00+00:00,125.15,125.67,125.06,125.42,3381812.0,125.425,21650.0
2023-05-30 13:30:00+00:00,126.33,126.38,122.89,123.47,4590340.0,124.386,23651.0
2023-05-30 14:00:00+00:00,123.48,125.17,123.14,125.03,3640648.0,124.096,23755.0
2023-05-30 15:00:00+00:00,125.03,125.41,124.5,124.82,2101750.0,125.047,12161.0
2023-05-30 16:00:00+00:00,124.81,125.24,124.6,125.2,1528852.0,124.92,9525.0
2023-05-30 17:00:00+00:00,125.19,125.2,123.48,123.56,1913841.0,124.226,9423.0
2023-05-30 18:00:00+00:00,123.57,125.1,123.42,124.87,1918609.0,124.316,12378.0
2023-05-30 19:00:00+00:00,124.86,124.92,124.32,124.63,3067763.0,124.67,20208.0
2023-05-31 13:30:00+00:00,123.67,124.5,123.45,123.96,1995281.0,123.981,10318.0
2023-05-31 14:00:00+00:00,123.97,124.9,123.6,124.09,2222407.0,124.204,14480.0
2023-05-31 15:00:00+00:00,124.09,124.28,123.6,124.02,2017331.0,123.899,13220.0
2023-05-31 16:00:00+00:00,124.03,124.24,123.58,123.82,1350226.0,123.883,9348.0
2023-05-31 17:00:00+00:00,123.82,124.48,123.75,124.12,1264047.0,124.054,8681.0
2023-05-31 18:00:00+00:00,124.12,124.19,123.62,123.84,1461244.0,123.912,9453.0
2023-05-31 19:00:00+00:00,123.84,124.51,123.1,123.57,6423124.0,123.694,39563.0
2023-06-01 13:30:00+00:00,123.5,125.04,123.3,124.46,2400962.0,124.242,12565.0
2023-06-01 14:00:00+00:00,124.46,124.64,123.37,123.73,3151922.0,124.018,20146.0
2023-06-01 15:00:00+00:00,123.74,124.0,123.44,123.85,1751735.0,123.681,11203.0
2023-06-01 16:00:00+00:00,123.86,124.06,123.74,123.79,1362586.0,123.92,8588.0
2023-06-01 17:00:00+00:00,123.79,124.19,123.57,123.98,1653946.0,123.859,9144.0
2023-06-01 18:00:00+00:00,123.98,124.27,123.86,124.04,1227148.0,124.108,7999.0
2023-06-01 19:00:00+00:00,124.04,124.39,123.47,124.37,4243736.0,123.931,25311.0
2023-06-02 13:30:00+00:00,124.49,126.75,124.41,124.54,2935129.0,125.576,15159.0
2023-06-02 14:00:00+00:00,124.56,125.71,124.35,125.61,2441310.0,124.991,13852.0
2023-06-02 15:00:00+00:00,125.62,125.88,125.15,125.58,1717141.0,125.53,9463.0
2023-06-02 16:00:00+00:00,125.58,125.83,125.12,125.79,1113196.0,125.464,5979.0
2023-06-02 17:00:00+00:00,125.79,125.93,125.34,125.5,930579.0,125.635,5398.0
2023-06-02 18:00:00+00:00,125.51,125.73,125.29,125.69,1042510.0,125.526,5820.0
2023-06-02 19:00:00+00:00,125.69,125.8,125.07,125.26,2281506.0,125.406,14579.0
2023-06-05 13:30:00+00:00,124.61,126.67,124.38,126.42,2523777.0,125.595,13079.0
2023-06-05 14:00:00+00:00,126.44,127.55,126.29,127.22,3987830.0,126.974,20917.0
2023-06-05 15:00:00+00:00,127.23,127.99,127.01,127.48,2173463.0,127.604,12322.0
2023-06-05 16:00:00+00:00,127.48,127.68,127.15,127.65,1501277.0,127.449,8919.0
2023-06-05 17:00:00+00:00,127.65,127.79,126.89,127.15,1381729.0,127.358,7810.0
2023-06-05 18:00:00+00:00,127.15,127.2,126.16,126.62,2042243.0,126.651,13402.0
2023-06-05 19:00:00+00:00,126.64,126.9,126.1,126.64,2379693.0,126.625,16852.0
2023-06-06 13:30:00+00:00,126.58,127.07,125.97,126.73,1518791.0,126.544,8610.0
2023-06-06 14:00:00+00:00,126.72,128.47,126.52,127.86,2965298.0,127.546,16654.0
2023-06-06 15:00:00+00:00,127.86,128.36,127.35,128.35,1531324.0,127.837,9293.0
2023-06-06 16:00:00+00:00,128.36,128.53,128.0,128.09,1103144.0,128.295,6826.0
2023-06-06 17:00:00+00:00,128.09,128.88,127.99,128.13,1541873.0,128.506,8753.0
2023-06-06 18:00:00+00:00,128.14,128.52,128.0,128.46,1484181.0,128.28,8648.0
2023-06-06 19:00:00+00:00,128.46,128.65,127.69,127.87,2440834.0,128.124,15527.0
2023-06-07 13:30:00+00:00,127.59,129.55,127.52,128.2,2568458.0,128.675,12706.0
2023-06-07 14:00:00+00:00,128.21,128.39,124.68,124.83,3472472.0,126.519,20031.0
2023-06-07 15:00:00+00:00,124.83,125.29,123.64,123.69,3298847.0,124.43,17365.0
2023-06-07 16:00:00+00:00,123.71,124.41,123.12,123.21,2879127.0,123.628,16071.0
2023-06-07 17:00:00+00:00,123.29,123.45,122.65,123.26,1759940.0,123.062,10431.0
2023-06-07 18:00:00+00:00,123.26,123.61,122.8,123.14,1486046.0,123.248,8458.0
2023-06-07 19:00:00+00:00,123.14,123.37,122.63,122.97,4112901.0,122.978,26304.0
2023-06-08 13:30:00+00:00,122.67,123.2,122.01,122.42,2925517.0,122.534,16413.0
2023-06-08 14:00:00+00:00,122.42,123.1,122.04,122.93,2929414.0,122.543,18533.0
2023-06-08 15:00:00+00:00,122.94,123.71,122.82,123.53,2283607.0,123.345,14749.0
2023-06-08 16:00:00+00:00,123.53,123.73,122.94,123.06,1566484.0,123.405,9700.0
2023-06-08 17:00:00+00:00,123.06,123.23,122.36,122.62,1664787.0,122.75,9794.0
2023-06-08 18:00:00+00:00,122.63,122.84,122.47,122.57,1499936.0,122.656,9606.0
2023-06-08 19:00:00+00:00,122.57,122.86,122.47,122.66,4370082.0,122.642,24510.0
2023-06-09 13:30:00+00:00,122.68,124.1,122.42,124.04,2464263.0,123.375,12585.0
2023-06-09 14:00:00+00:00,124.04,124.29,123.15,123.46,3241261.0,123.817,16850.0
2023-06-09 15:00:00+00:00,123.47,124.05,122.89,122.93,1557670.0,123.465,11313.0
2023-06-09 16:00:00+00:00,122.93,123.09,122.49,123.02,1291836.0,122.858,9224.0
2023-06-09 17:00:00+00:00,123.02,123.84,122.95,123.69,1187217.0,123.352,7630.0
2023-06-09 18:00:00+00:00,123.7,123.71,123.29,123.5,998359.0,123.484,6595.0
2023-06-09 19:00:00+00:00,123.5,123.53,122.67,122.88,2766437.0,123.057,18215.0
2023-06-12 13:30:00+00:00,123.41,123.55,122.65,122.88,2479197.0,123.014,11396.0
2023-06-12 14:00:00+00:00,122.89,123.1,122.35,122.85,2531623.0,122.753,13963.0
2023-06-12 15:00:00+00:00,122.85,123.2,122.67,123.09,1232924.0,122.977,7448.0
2023-06-12 16:00:00+00:00,123.09,123.31,122.75,123.2,1488952.0,123.083,8906.0
2023-06-12 17:00:00+00:00,123.19,123.79,123.05,123.79,1175737.0,123.343,7310.0
2023-06-12 18:00:00+00:00,123.78,124.45,123.69,124.39,1337416.0,124.011,7930.0
2023-06-12 19:00:00+00:00,124.4,124.75,124.05,124.4,3316500.0,124.337,21441.0
2023-06-13 13:30:00+00:00,125.66,125.86,124.72,125.06,2480540.0,125.364,14071.0
2023-06-13 14:00:00+00:00,125.06,125.29,124.3,124.67,2153926.0,124.625,13871.0
2023-06-13 15:00:00+00:00,124.67,125.17,124.34,124.71,1360325.0,124.917,9164.0
2023-06-13 16:00:00+00:00,124.7,124.99,124.49,124.8,987719.0,124.747,6480.0
2023-06-13 17:00:00+00:00,124.8,124.92,124.39,124.49,1016730.0,124.631,6299.0
2023-06-13 18:00:00+00:00,124.49,124.61,123.84,124.13,1102939.0,124.182,7100.0
2023-06-13 19:00:00+00:00,124.14,124.53,124.06,124.45,2414814.0,124.325,15627.0
2023-06-14 13:30:00+00:00,123.77,124.19,122.16,123.53,2865605.0,123.102,16247.0
2023-06-14 14:00:00+00:00,123.53,124.79,123.51,124.23,2891969.0,124.262,16743.0
2023-06-14 15:00:00+00:00,124.23,124.65,124.06,124.3,1259230.0,124.386,8707.0
2023-06-14 16:00:00+00:00,124.31,124.58,123.97,124.22,1133156.0,124.296,7307.0
2023-06-14 17:00:00+00:00,124.22,124.22,123.3,123.62,1413750.0,123.604,9104.0
2023-06-14 18:00:00+00:00,123.61,124.11,122.45,123.85,3050810.0,123.23,21780.0
2023-06-14 19:00:00+00:00,123.85,124.65,123.51,124.39,3322907.0,124.014,21754.0
2023-06-15 13:30:00+00:00,123.83,124.36,123.14,124.32,1753658.0,123.756,10608.0
2023-06-15 14:00:00+00:00,124.32,124.75,123.93,124.37,2492902.0,124.335,16050.0
2023-06-15 15:00:00+00:00,124.36,125.21,124.26,124.78,2177233.0,124.776,12090.0
2023-06-15 16:00:00+00:00,124.78,124.92,124.03,124.3,1442238.0,124.482,8910.0
2023-06-15 17:00:00+00:00,124.3,125.1,123.99,125.06,1565037.0,124.493,9287.0
2023-06-15 18:00:00+00:00,125.07,126.02,124.82,125.89,2109357.0,125.466,11678.0
2023-06-15 19:00:00+00:00,125.9,126.16,125.61,125.79,3105837.0,125.906,20106.0
2023-06-16 13:30:00+00:00,126.7,126.7,124.59,124.97,8502188.0,126.223,15016.0
2023-06-16 14:00:00+00:00,125.0,125.34,124.57,125.01,2650309.0,124.885,14723.0
2023-06-16 15:00:00+00:00,125.02,125.65,124.78,125.26,1690516.0,125.197,11324.0
2023-06-16 16:00:00+00:00,125.25,125.76,125.01,125.53,1305402.0,125.337,7977.0
2023-06-16 17:00:00+00:00,125.53,125.54,125.01,125.12,1181988.0,125.253,7252.0
2023-06-16 18:00:00+00:00,125.12,125.15,124.49,124.53,1438670.0,124.765,8885.0
2023-06-16 19:00:00+00:00,124.54,124.92,123.79,124.12,5336443.0,124.367,31388.0
2023-06-20 13:30:00+00:00,123.54,125.18,123.38,124.02,2206915.0,124.215,11033.0
2023-06-20 14:00:00+00:00,124.03,124.32,122.83,123.15,2293881.0,123.401,14841.0
2023-06-20 15:00:00+00:00,123.15,123.65,123.09,123.14,1896644.0,123.368,12257.0
2023-06-20 16:00:00+00:00,123.15,124.16,123.04,123.96,1492319.0,123.692,9778.0
2023-06-20 17:00:00+00:00,123.96,124.45,123.76,123.82,1191508.0,124.111,7886.0
2023-06-20 18:00:00+00:00,123.83,124.23,123.74,123.9,1389871.0,123.947,8732.0
2023-06-20 19:00:00+00:00,123.89,124.25,123.75,123.83,2603384.0,123.975,16653.0
2023-06-21 13:30:00+00:00,123.26,123.41,122.01,122.23,2029615.0,122.746,11714.0
2023-06-21 14:00:00+00:00,122.21,122.36,120.93,121.13,2858416.0,121.767,17369.0
2023-06-21 15:00:00+00:00,121.13,121.81,120.86,121.55,1501264.0,121.312,10560.0
2023-06-21 16:00:00+00:00,121.55,121.99,121.44,121.71,1124137.0,121.755,8077.0
2023-06-21 17:00:00+00:00,121.7,121.72,121.18,121.26,1248865.0,121.385,8596.0
2023-06-21 18:00:00+00:00,121.26,122.02,121.15,121.75,1244253.0,121.607,8700.0
2023-06-21 19:00:00+00:00,121.74,121.76,121.16,121.25,2458234.0,121.363,16771.0
2023-06-22 13:30:00+00:00,120.54,121.7,119.6,121.54,2345609.0,120.766,13867.0
2023-06-22 14:00:00+00:00,121.56,121.9,120.63,120.93,2595300.0,121.279,16195.0
2023-06-22 15:00:00+00:00,120.92,122.48,120.85,122.18,1746192.0,121.718,11485.0
2023-06-22 16:00:00+00:00,122.18,122.35,121.84,122.21,1213171.0,122.102,7683.0
2023-06-22 17:00:00+00:00,122.21,122.7,122.01,122.7,1434328.0,122.324,7998.0
2023-06-22 18:00:00+00:00,122.7,123.35,122.62,123.28,1588150.0,122.955,9384.0
2023-06-22 19:00:00+00:00,123.28,123.94,123.05,123.87,2590339.0,123.509,15134.0
2023-06-23 13:30:00+00:00,122.05,123.19,121.86,122.3,1728392.0,122.476,10177.0
2023-06-23 14:00:00+00:00,122.29,122.7,122.05,122.29,2135793.0,122.413,13308.0
2023-06-23 15:00:00+00:00,122.3,122.54,122.0,122.48,1212678.0,122.337,8362.0
2023-06-23 16:00:00+00:00,122.48,123.33,122.33,123.19,2005620.0,122.818,13040.0
2023-06-23 17:00:00+00:00,123.19,123.44,123.03,123.21,1026208.0,123.252,6699.0
2023-06-23 18:00:00+00:00,123.2,123.4,122.69,122.9,1442597.0,123.069,6935.0
2023-06-23 19:00:00+00:00,122.89,123.32,122.6,123.02,2730516.0,123.051,17857.0
2023-06-26 13:30:00+00:00,121.5,122.58,121.19,122.47,2163269.0,121.809,12385.0
2023-06-26 14:00:00+00:00,122.47,122.72,121.24,121.77,2030888.0,121.948,13414.0
2023-06-26 15:00:00+00:00,121.77,121.81,120.68,121.14,1929014.0,121.103,11999.0
2023-06-26 16:00:00+00:00,121.14,121.15,119.04,119.54,2435470.0,119.905,14680.0
2023-06-26 17:00:00+00:00,119.56,119.7,119.18,119.3,1198488.0,119.442,8114.0
2023-06-26 18:00:00+00:00,119.29,119.75,119.14,119.64,1315399.0,119.45,8599.0
2023-06-26 19:00:00+00:00,119.64,119.91,118.99,119.1,3023328.0,119.369,20036.0
2023-06-27 13:30:00+00:00,117.84,118.26,116.91,117.77,2988565.0,117.691,17238.0
2023-06-27 14:00:00+00:00,117.76,118.5,117.12,118.39,2691584.0,117.848,17709.0
2023-06-27 15:00:00+00:00,118.38,118.98,117.99,118.98,1897518.0,118.582,11890.0
2023-06-27 16:00:00+00:00,118.97,119.23,118.71,118.94,1591626.0,118.984,9110.0
2023-06-27 17:00:00+00:00,118.95,119.49,118.77,119.49,1454604.0,119.094,8563.0
2023-06-27 18:00:00+00:00,119.48,119.9,119.29,119.62,1439017.0,119.514,8837.0
2023-06-27 19:00:00+00:00,119.62,119.85,118.65,119.01,5022011.0,119.238,29546.0
2023-06-28 13:30:00+00:00,117.93,119.2,117.6,118.9,1930105.0,118.502,10661.0
2023-06-28 14:00:00+00:00,118.9,121.08,118.56,120.7,2653178.0,119.847,14827.0
2023-06-28 15:00:00+00:00,120.71,120.97,119.95,120.86,1616852.0,120.47,10081.0
2023-06-28 16:00:00+00:00,120.86,121.27,120.06,120.26,1839241.0,120.639,12623.0
2023-06-28 17:00:00+00:00,120.25,120.78,120.09,120.38,1058908.0,120.43,7768.0
2023-06-28 18:00:00+00:00,120.38,120.89,120.3,120.75,1121737.0,120.677,7350.0
2023-06-28 19:00:00+00:00,120.76,121.15,120.53,121.12,3212540.0,120.94,20156.0
2023-06-29 13:30:00+00:00,120.11,120.91,119.9,120.1,2318466.0,120.311,10897.0
2023-06-29 14:00:00+00:00,120.1,120.31,119.21,119.4,2301729.0,119.637,14915.0
2023-06-29 15:00:00+00:00,119.4,120.52,119.37,120.45,1868210.0,120.159,10638.0
2023-06-29 16:00:00+00:00,120.45,120.52,119.94,120.01,1227916.0,120.187,8329.0
2023-06-29 17:00:00+00:00,120.0,120.3,119.8,119.81,999915.0,120.046,6180.0
2023-06-29 18:00:00+00:00,119.82,119.93,119.54,119.86,1311765.0,119.741,8105.0
2023-06-29 19:00:00+00:00,119.87,120.07,119.58,120.02,2522370.0,119.85,16042.0
2023-06-30 13:30:00+00:00,121.11,121.97,120.95,121.37,2486501.0,121.446,13002.0
2023-06-30 14:00:00+00:00,121.39,122.03,121.32,121.49,2742787.0,121.676,17153.0
2023-06-30 15:00:00+00:00,121.49,121.77,121.18,121.41,1527153.0,121.454,9658.0
2023-06-30 16:00:00+00:00,121.42,121.69,121.27,121.67,1212495.0,121.48,7660.0
2023-06-30 17:00:00+00:00,121.69,121.7,121.27,121.39,1375545.0,121.471,8298.0
2023-06-30 18:00:00+00:00,121.39,121.52,121.14,121.34,1376438.0,121.356,8635.0
2023-06-30 19:00:00+00:00,121.35,121.42,120.88,120.9,3643959.0,121.144,21718.0
2023-07-03 13:30:00+00:00,120.33,120.92,119.76,120.82,2884299.0,120.32,15659.0
2023-07-03 14:00:00+00:00,120.84,121.02,119.82,119.85,2302454.0,120.29,14537.0
2023-07-03 15:00:00+00:00,119.85,120.43,119.7,120.25,1485103.0,120.156,9344.0
2023-07-03 16:00:00+00:00,120.25,120.65,120.05,120.6,2269679.0,120.435,13972.0
2023-07-05 13:30:00+00:00,120.05,122.6,120.05,122.19,2784331.0,121.399,15226.0
2023-07-05 14:00:00+00:00,122.19,123.37,122.08,122.81,2690660.0,122.812,16123.0
2023-07-05 15:00:00+00:00,122.8,122.92,122.51,122.65,1387897.0,122.723,8722.0
2023-07-05 16:00:00+00:00,122.65,122.84,122.42,122.72,1139877.0,122.642,7030.0
2023-07-05 17:00:00+00:00,122.73,123.05,122.68,122.95,987150.0,122.9,5879.0
2023-07-05 18:00:00+00:00,122.95,123.12,122.33,122.93,1278201.0,122.768,7481.0
2023-07-05 19:00:00+00:00,122.93,122.98,122.59,122.64,2114332.0,122.781,13188.0
2023-07-06 13:30:00+00:00,120.67,120.89,119.91,120.3,2484030.0,120.317,14612.0
2023-07-06 14:00:00+00:00,120.3,120.35,119.24,119.28,2242473.0,119.787,14730.0
2023-07-06 15:00:00+00:00,119.28,120.08,119.28,119.95,1439152.0,119.635,8981.0
2023-07-06 16:00:00+00:00,119.96,120.85,119.89,120.79,1026586.0,120.459,5965.0
2023-07-06 17:00:00+00:00,120.8,120.93,120.43,120.92,981604.0,120.717,5381.0
2023-07-06 18:00:00+00:00,120.93,121.15,120.7,121.06,859589.0,120.909,4645.0
2023-07-06 19:00:00+00:00,121.05,121.09,120.64,120.9,2257598.0,120.849,14145.0
2023-07-07 13:30:00+00:00,120.93,121.45,120.56,121.37,1728123.0,121.032,9463.0
2023-07-07 14:00:00+00:00,121.37,121.5,120.57,121.07,1625900.0,121.005,9920.0
2023-07-07 15:00:00+00:00,121.07,121.18,120.72,120.95,2105784.0,120.923,10567.0
2023-07-07 16:00:00+00:00,120.95,121.39,120.89,121.29,2582043.0,121.162,14114.0
2023-07-07 17:00:00+00:00,121.3,121.75,121.21,121.32,2242426.0,121.471,10458.0
2023-07-07 18:00:00+00:00,121.32,121.45,121.05,121.13,1077037.0,121.258,5864.0
2023-07-07 19:00:00+00:00,121.12,121.12,120.09,120.15,2809731.0,120.531,16552.0
2023-07-10 13:30:00+00:00,119.13,119.13,116.83,117.14,3650490.0,118.077,20486.0
2023-07-10 14:00:00+00:00,117.12,118.69,117.08,117.67,3489088.0,117.951,22483.0
2023-07-10 15:00:00+00:00,117.66,117.85,117.19,117.2,2232563.0,117.552,13474.0
2023-07-10 16:00:00+00:00,117.2,117.36,116.78,117.18,2996876.0,117.067,19404.0
2023-07-10 17:00:00+00:00,117.19,117.34,116.91,117.03,2354256.0,117.106,13891.0
2023-07-10 18:00:00+00:00,117.04,117.44,116.91,117.23,2585974.0,117.159,14327.0
2023-07-10 19:00:00+00:00,117.23,117.26,116.64,116.87,5526633.0,116.874,29512.0
2023-07-11 13:30:00+00:00,116.79,117.45,115.83,116.95,2112172.0,116.742,11434.0
2023-07-11 14:00:00+00:00,116.95,117.49,116.71,117.31,2267769.0,117.193,15336.0
2023-07-11 15:00:00+00:00,117.32,118.08,117.16,118.08,1497567.0,117.695,9626.0
2023-07-11 16:00:00+00:00,118.08,118.23,117.64,117.84,1216939.0,117.951,7926.0
2023-07-11 17:00:00+00:00,117.83,117.97,117.49,117.73,964250.0,117.688,6256.0
2023-07-11 18:00:00+00:00,117.74,117.77,117.14,117.55,1208606.0,117.417,7409.0
2023-07-11 19:00:00+00:00,117.55,117.97,117.29,117.72,2454704.0,117.591,15504.0
2023-07-12 13:30:00+00:00,119.3,120.35,119.0,120.1,2632861.0,119.789,15170.0
2023-07-12 14:00:00+00:00,120.11,120.96,119.96,120.06,2730463.0,120.474,16949.0
2023-07-12 15:00:00+00:00,120.05,120.49,119.09,119.31,2214592.0,119.86,13798.0
2023-07-12 16:00:00+00:00,119.3,119.93,119.18,119.63,1367549.0,119.504,9077.0
2023-07-12 17:00:00+00:00,119.63,119.99,119.39,119.91,1079008.0,119.747,6943.0
2023-07-12 18:00:00+00:00,119.92,120.16,119.49,119.6,1553380.0,119.912,8122.0
2023-07-12 19:00:00+00:00,119.61,119.81,119.44,119.63,2433768.0,119.609,15515.0
2023-07-13 13:30:00+00:00,121.56,123.53,121.06,123.0,3540589.0,122.646,18852.0
2023-07-13 14:00:00+00:00,123.01,124.65,122.71,124.59,4212491.0,123.773,21434.0
2023-07-13 15:00:00+00:00,124.59,125.34,124.32,125.26,4103962.0,124.93,21141.0
2023-07-13 16:00:00+00:00,125.26,125.33,124.66,124.73,2095666.0,124.97,11752.0
2023-07-13 17:00:00+00:00,124.73,124.9,124.5,124.63,1704497.0,124.695,9324.0
2023-07-13 18:00:00+00:00,124.64,124.96,124.53,124.74,2160357.0,124.762,12215.0
2023-07-13 19:00:00+00:00,124.73,125.02,124.56,124.84,3965344.0,124.828,24095.0
2023-07-14 13:30:00+00:00,125.13,127.09,124.9,126.6,3167128.0,126.198,17319.0
2023-07-14 14:00:00+00:00,126.59,126.88,125.01,125.48,3036437.0,126.1,18528.0
2023-07-14 15:00:00+00:00,125.48,126.03,125.38,125.7,1871759.0,125.766,9738.0
2023-07-14 16:00:00+00:00,125.71,125.72,125.14,125.41,1047980.0,125.394,6314.0
2023-07-14 17:00:00+00:00,125.4,125.52,125.23,125.36,1019368.0,125.375,6478.0
2023-07-14 18:00:00+00:00,125.36,125.77,125.22,125.6,1321163.0,125.451,7893.0
2023-07-14 19:00:00+00:00,125.59,125.73,125.3,125.73,2389578.0,125.533,15610.0
2023-07-17 13:30:00+00:00,126.06,127.28,125.14,125.76,2828633.0,126.15,15202.0
2023-07-17 14:00:00+00:00,125.76,125.93,125.42,125.62,1569178.0,125.697,9853.0
2023-07-17 15:00:00+00:00,125.62,125.72,124.65,124.97,1639868.0,125.175,8298.0
2023-07-17 16:00:00+00:00,124.97,124.99,124.5,124.85,1192994.0,124.694,7468.0
2023-07-17 17:00:00+00:00,124.85,125.24,124.81,125.22,1093618.0,125.039,6398.0
2023-07-17 18:00:00+00:00,125.22,125.49,124.88,124.97,1883827.0,125.186,10327.0
2023-07-17 19:00:00+00:00,124.98,125.24,124.72,125.06,3084078.0,125.028,18288.0
2023-07-18 13:30:00+00:00,124.92,124.99,123.32,123.87,2049713.0,124.009,10981.0
2023-07-18 14:00:00+00:00,123.86,123.98,123.41,123.77,2084022.0,123.662,12272.0
2023-07-18 15:00:00+00:00,123.77,123.98,123.3,123.85,2220237.0,123.692,12709.0
2023-07-18 16:00:00+00:00,123.86,123.96,123.41,123.87,1751081.0,123.691,10825.0
2023-07-18 17:00:00+00:00,123.86,124.46,123.8,124.32,1483322.0,124.092,8364.0
2023-07-18 18:00:00+00:00,124.32,124.74,124.22,124.4,1243968.0,124.489,7013.0
2023-07-18 19:00:00+00:00,124.4,124.46,123.98,124.09,2929639.0,124.2,17505.0
2023-07-19 13:30:00+00:00,124.78,125.47,124.28,124.68,1974700.0,124.76,10526.0
2023-07-19 14:00:00+00:00,124.69,124.94,123.91,124.11,1997274.0,124.402,11911.0
2023-07-19 15:00:00+00:00,124.11,124.52,123.99,124.37,2004970.0,124.313,12409.0
2023-07-19 16:00:00+00:00,124.37,124.43,122.76,123.2,2934426.0,123.5,17063.0
2023-07-19 17:00:00+00:00,123.19,123.21,122.47,123.02,1707555.0,122.835,9926.0
2023-07-19 18:00:00+00:00,123.03,123.16,122.64,123.13,1543399.0,122.879,9143.0
2023-07-19 19:00:00+00:00,123.13,123.5,122.53,122.77,3214699.0,123.042,19187.0
2023-07-20 13:30:00+00:00,122.2,124.7,122.12,123.56,2657453.0,123.722,13830.0
2023-07-20 14:00:00+00:00,123.56,123.75,121.42,121.53,2982613.0,122.585,16698.0
2023-07-20 15:00:00+00:00,121.53,121.84,121.02,121.3,2109376.0,121.416,12112.0
2023-07-20 16:00:00+00:00,121.26,121.5,120.53,120.55,1621033.0,121.012,9616.0
2023-07-20 17:00:00+00:00,120.55,120.72,120.26,120.43,1479598.0,120.531,8823.0
2023-07-20 18:00:00+00:00,120.42,120.44,119.24,119.25,2400728.0,119.845,13999.0
2023-07-20 19:00:00+00:00,119.26,119.7,118.68,119.54,5298166.0,119.257,34942.0
2023-07-21 13:30:00+00:00,120.93,121.3,119.65,120.17,3137365.0,120.486,14013.0
2023-07-21 14:00:00+00:00,120.17,120.47,119.07,120.14,2685031.0,119.848,15229.0
2023-07-21 15:00:00+00:00,120.14,121.05,119.99,120.33,2207700.0,120.501,12388.0
2023-07-21 16:00:00+00:00,120.33,120.4,119.61,119.87,1710879.0,119.924,9322.0
2023-07-21 17:00:00+00:00,119.86,120.54,119.84,120.41,1353423.0,120.332,8336.0
2023-07-21 18:00:00+00:00,120.4,120.5,119.85,120.19,1321327.0,120.232,8667.0
2023-07-21 19:00:00+00:00,120.19,120.47,119.47,120.29,5238117.0,119.962,33811.0
2023-07-24 13:30:00+00:00,121.87,123.35,121.38,122.08,2929423.0,122.446,16918.0
2023-07-24 14:00:00+00:00,122.08,123.05,121.46,122.83,3106301.0,122.403,18419.0
2023-07-24 15:00:00+00:00,122.83,122.84,121.9,122.29,1568724.0,122.42,8788.0
2023-07-24 16:00:00+00:00,122.3,122.45,121.91,122.0,1248214.0,122.158,7034.0
2023-07-24 17:00:00+00:00,122.02,122.33,121.81,122.12,1091696.0,122.043,6649.0
2023-07-24 18:00:00+00:00,122.13,122.2,121.58,121.85,1108410.0,121.906,6541.0
2023-07-24 19:00:00+00:00,121.85,122.0,121.56,121.9,2668172.0,121.792,17205.0
2023-07-25 13:30:00+00:00,121.88,122.89,121.74,122.83,2684884.0,122.266,12787.0
2023-07-25 14:00:00+00:00,122.83,122.86,121.53,121.72,2796696.0,121.896,16961.0
2023-07-25 15:00:00+00:00,121.71,122.22,121.66,122.09,2490294.0,121.966,15165.0
2023-07-25 16:00:00+00:00,122.09,123.07,122.0,123.06,2415185.0,122.352,13891.0
2023-07-25 17:00:00+00:00,123.06,123.69,122.91,123.22,2453436.0,123.32,13768.0
2023-07-25 18:00:00+00:00,123.21,123.48,123.07,123.09,1777059.0,123.329,9611.0
2023-07-25 19:00:00+00:00,123.1,123.55,122.77,122.8,3708142.0,123.171,21114.0
2023-07-26 13:30:00+00:00,130.31,131.37,128.71,130.86,9853552.0,130.219,50675.0
2023-07-26 14:00:00+00:00,130.84,131.26,129.4,129.76,6766802.0,130.308,39400.0
2023-07-26 15:00:00+00:00,129.77,130.44,129.55,130.24,3443015.0,129.896,19187.0
2023-07-26 16:00:00+00:00,130.25,130.33,129.46,129.64,2255516.0,129.908,12424.0
2023-07-26 17:00:00+00:00,129.64,129.91,129.45,129.72,2124499.0,129.702,11663.0
2023-07-26 18:00:00+00:00,129.69,130.64,129.39,130.2,3331041.0,130.043,21347.0
2023-07-26 19:00:00+00:00,130.22,130.32,129.09,129.69,5029048.0,129.549,32179.0
2023-07-27 13:30:00+00:00,131.97,133.6,131.05,133.1,6296891.0,132.415,29984.0
2023-07-27 14:00:00+00:00,133.07,133.39,131.83,132.22,4422364.0,132.565,25165.0
2023-07-27 15:00:00+00:00,132.23,132.69,131.92,132.16,2514608.0,132.222,14949.0
2023-07-27 16:00:00+00:00,132.15,133.31,132.11,133.2,2622863.0,132.836,14253.0
2023-07-27 17:00:00+00:00,133.19,133.27,131.11,131.37,2816015.0,132.061,17654.0
2023-07-27 18:00:00+00:00,131.38,131.52,129.67,129.67,2910689.0,130.379,17974.0
2023-07-27 19:00:00+00:00,129.67,130.41,129.18,129.87,4445890.0,129.781,27651.0
2023-07-28 13:30:00+00:00,131.06,133.22,130.92,132.8,3542637.0,132.306,16891.0
2023-07-28 14:00:00+00:00,132.84,133.37,132.49,133.35,2803940.0,132.945,17490.0
2023-07-28 15:00:00+00:00,133.36,134.07,133.32,134.0,3133164.0,133.751,14970.0
2023-07-28 16:00:00+00:00,134.0,134.03,133.46,133.52,1877579.0,133.792,10196.0
2023-07-28 17:00:00+00:00,133.52,133.53,132.23,132.53,1738751.0,132.782,10250.0
2023-07-28 18:00:00+00:00,132.53,133.3,132.45,133.23,1787293.0,132.964,10781.0
2023-07-28 19:00:00+00:00,133.24,133.38,132.85,132.98,3365409.0,133.062,21099.0
2023-07-31 13:30:00+00:00,133.08,133.83,132.29,132.58,2542382.0,133.057,13032.0
2023-07-31 14:00:00+00:00,132.57,133.34,132.13,133.13,1978307.0,132.715,12842.0
2023-07-31 15:00:00+00:00,133.12,133.46,133.0,133.09,1383386.0,133.251,8833.0
2023-07-31 16:00:00+00:00,133.09,133.26,132.5,132.6,1174999.0,132.865,7134.0
2023-07-31 17:00:00+00:00,132.59,132.85,132.48,132.73,1051001.0,132.664,5867.0
2023-07-31 18:00:00+00:00,132.74,132.93,132.44,132.81,1157469.0,132.692,6737.0
2023-07-31 19:00:00+00:00,132.8,133.16,132.45,133.14,2583772.0,132.764,15720.0
2023-08-01 13:30:00+00:00,130.92,132.61,130.75,132.13,5283822.0,131.388,20709.0
2023-08-01 14:00:00+00:00,132.13,132.92,131.68,132.6,2205956.0,132.317,14792.0
2023-08-01 15:00:00+00:00,132.6,132.73,132.11,132.24,1509641.0,132.359,9836.0
2023-08-01 16:00:00+00:00,132.24,132.27,131.85,132.25,1065443.0,132.104,5949.0
2023-08-01 17:00:00+00:00,132.24,132.44,131.82,132.08,1062252.0,132.134,6012.0
2023-08-01 18:00:00+00:00,132.07,132.19,131.89,131.99,1123574.0,132.028,6717.0
2023-08-01 19:00:00+00:00,131.99,132.29,131.81,131.9,2517480.0,132.027,14584.0
2023-08-02 13:30:00+00:00,129.88,130.31,129.32,130.05,2246931.0,129.814,11936.0
2023-08-02 14:00:00+00:00,130.05,130.42,128.81,128.94,2378815.0,129.604,13563.0
2023-08-02 15:00:00+00:00,128.92,129.39,128.38,128.4,1837342.0,128.949,11905.0
2023-08-02 16:00:00+00:00,128.4,128.75,127.85,128.58,2258430.0,128.282,14944.0
2023-08-02 17:00:00+00:00,128.57,128.96,128.4,128.57,1155404.0,128.671,7302.0
2023-08-02 18:00:00+00:00,128.57,129.06,128.54,128.88,1087057.0,128.843,6840.0
2023-08-02 19:00:00+00:00,128.88,128.96,128.36,128.65,3340005.0,128.658,21672.0
2023-08-03 13:30:00+00:00,128.35,129.03,127.77,128.52,2067771.0,128.398,11602.0
2023-08-03 14:00:00+00:00,128.53,129.0,128.0,128.79,1896362.0,128.589,12939.0
2023-08-03 15:00:00+00:00,128.79,129.5,128.63,129.13,1439400.0,129.148,8679.0
2023-08-03 16:00:00+00:00,129.12,129.73,129.04,129.53,964026.0,129.398,5893.0
2023-08-03 17:00:00+00:00,129.53,129.77,129.09,129.1,999576.0,129.47,6852.0
2023-08-03 18:00:00+00:00,129.11,129.25,128.84,129.13,959002.0,129.052,6004.0
2023-08-03 19:00:00+00:00,129.15,129.25,128.55,128.76,1668266.0,128.834,11330.0
2023-08-04 13:30:00+00:00,129.62,131.93,129.56,130.18,3548146.0,130.79,22036.0
2023-08-04 14:00:00+00:00,130.16,130.32,129.36,130.29,2235090.0,129.882,14063.0
2023-08-04 15:00:00+00:00,130.32,130.94,130.23,130.65,1433296.0,130.549,9084.0
2023-08-04 16:00:00+00:00,130.63,131.12,130.39,130.87,1125320.0,130.787,7124.0
2023-08-04 17:00:00+00:00,130.87,130.88,129.66,129.75,1311720.0,130.229,7898.0
2023-08-04 18:00:00+00:00,129.74,129.75,128.34,128.5,1901421.0,129.058,12768.0
2023-08-04 19:00:00+00:00,128.51,128.79,128.31,128.54,2824243.0,128.512,17820.0
2023-08-07 13:30:00+00:00,129.47,130.68,129.43,129.98,2130307.0,130.005,11980.0
2023-08-07 14:00:00+00:00,129.95,130.97,129.5,130.82,2331864.0,130.394,14865.0
2023-08-07 15:00:00+00:00,130.82,131.23,130.31,131.22,1567618.0,130.757,9772.0
2023-08-07 16:00:00+00:00,131.22,132.0,131.2,131.93,1422188.0,131.586,7952.0
2023-08-07 17:00:00+00:00,131.92,131.99,131.56,131.84,1252516.0,131.797,7365.0
2023-08-07 18:00:00+00:00,131.85,131.95,131.15,131.69,941658.0,131.609,6335.0
2023-08-07 19:00:00+00:00,131.71,132.06,131.64,131.95,2543268.0,131.896,15655.0
2023-08-08 13:30:00+00:00,130.96,131.64,130.68,130.84,1769194.0,131.11,11222.0
2023-08-08 14:00:00+00:00,130.83,131.15,130.48,130.6,1957594.0,130.797,13110.0
2023-08-08 15:00:00+00:00,130.6,131.25,130.13,131.14,1557811.0,130.816,9655.0
2023-08-08 16:00:00+00:00,131.14,131.83,131.06,131.52,1110049.0,131.509,6519.0
2023-08-08 17:00:00+00:00,131.53,131.8,131.23,131.52,1072625.0,131.518,6293.0
2023-08-08 18:00:00+00:00,131.52,131.87,131.37,131.76,1064232.0,131.605,6707.0
2023-08-08 19:00:00+00:00,131.76,131.94,131.45,131.83,2064695.0,131.766,13295.0
2023-08-09 13:30:00+00:00,132.19,132.47,131.21,131.24,1754665.0,131.932,8973.0
2023-08-09 14:00:00+00:00,131.24,132.06,130.79,130.79,2113790.0,131.566,11724.0
2023-08-09 15:00:00+00:00,130.78,131.0,129.5,130.12,2509823.0,130.215,13156.0
2023-08-09 16:00:00+00:00,130.1,130.78,130.04,130.44,1103625.0,130.424,6549.0
2023-08-09 17:00:00+00:00,130.43,131.24,130.29,131.14,915946.0,130.946,5216.0
2023-08-09 18:00:00+00:00,131.14,131.67,130.97,131.03,1281429.0,131.348,6779.0
2023-08-09 19:00:00+00:00,131.03,131.03,130.03,130.15,2323788.0,130.488,14838.0
2023-08-10 13:30:00+00:00,131.98,132.41,131.1,132.37,2284659.0,131.883,12643.0
2023-08-10 14:00:00+00:00,132.37,132.65,131.23,131.45,2278111.0,131.954,14605.0
2023-08-10 15:00:00+00:00,131.47,131.64,130.57,130.93,1731024.0,131.159,10491.0
2023-08-10 16:00:00+00:00,130.92,131.54,130.56,130.71,1316551.0,131.002,8531.0
2023-08-10 17:00:00+00:00,130.7,130.95,130.03,130.13,1240196.0,130.546,7435.0
2023-08-10 18:00:00+00:00,130.14,130.96,130.11,130.86,1160847.0,130.607,7880.0
2023-08-10 19:00:00+00:00,130.86,130.99,130.1,130.23,2235412.0,130.412,15206.0
2023-08-11 13:30:00+00:00,129.19,129.58,128.75,129.34,1453075.0,129.171,9549.0
2023-08-11 14:00:00+00:00,129.34,130.31,129.33,129.45,2179855.0,129.787,15589.0
2023-08-11 15:00:00+00:00,129.45,129.66,129.01,129.62,1275116.0,129.283,9097.0
2023-08-11 16:00:00+00:00,129.62,130.03,129.32,129.49,939342.0,129.673,6766.0
2023-08-11 17:00:00+00:00,129.49,129.91,129.24,129.54,934912.0,129.535,6317.0
2023-08-11 18:00:00+00:00,129.54,130.33,129.49,130.19,1310285.0,129.963,7912.0
2023-08-11 19:00:00+00:00,130.19,130.44,129.76,130.19,2457768.0,130.124,15560.0
2023-08-14 13:30:00+00:00,129.81,131.04,129.59,130.61,1880235.0,130.411,11201.0
2023-08-14 14:00:00+00:00,130.59,131.75,130.38,131.58,2110286.0,131.165,12671.0
2023-08-14 15:00:00+00:00,131.58,131.9,131.32,131.63,1281778.0,131.607,8031.0
2023-08-14 16:00:00+00:00,131.65,131.78,131.15,131.49,966843.0,131.417,5867.0
2023-08-14 17:00:00+00:00,131.48,131.67,131.14,131.27,962734.0,131.414,5500.0
2023-08-14 18:00:00+00:00,131.28,131.29,130.85,131.13,964406.0,131.082,6134.0
2023-08-14 19:00:00+00:00,131.14,131.91,131.04,131.88,2342389.0,131.539,14701.0
2023-08-15 13:30:00+00:00,131.59,131.99,130.88,131.39,1580997.0,131.455,9540.0
2023-08-15 14:00:00+00:00,131.4,131.4,130.27,130.44,1790964.0,130.708,12190.0
2023-08-15 15:00:00+00:00,130.44,131.21,130.44,131.16,1154507.0,130.804,7298.0
2023-08-15 16:00:00+00:00,131.18,131.49,130.76,131.12,1339535.0,131.082,7800.0
2023-08-15 17:00:00+00:00,131.13,131.33,130.63,130.76,926652.0,131.015,5507.0
2023-08-15 18:00:00+00:00,130.74,130.9,130.61,130.7,800466.0,130.757,5465.0
2023-08-15 19:00:00+00:00,130.69,130.71,129.81,130.29,2346460.0,130.252,15786.0
2023-08-16 13:30:00+00:00,129.28,130.3,129.09,129.89,1787077.0,129.572,9164.0
2023-08-16 14:00:00+00:00,129.88,130.9,129.71,130.41,1663056.0,130.38,9877.0
2023-08-16 15:00:00+00:00,130.41,130.56,129.09,129.19,1311752.0,129.845,8271.0
2023-08-16 16:00:00+00:00,129.18,129.32,128.46,128.75,1481981.0,128.889,8499.0
2023-08-16 17:00:00+00:00,128.74,129.29,128.48,129.18,1055725.0,128.876,6595.0
2023-08-16 18:00:00+00:00,129.16,129.78,128.57,129.59,1424374.0,129.295,9264.0
2023-08-16 19:00:00+00:00,129.58,129.58,128.84,129.16,2855401.0,129.194,19672.0
2023-08-17 13:30:00+00:00,130.37,131.17,130.25,130.65,2582622.0,130.721,16077.0
2023-08-17 14:00:00+00:00,130.65,131.26,129.86,130.91,2697853.0,130.542,17067.0
2023-08-17 15:00:00+00:00,130.94,131.81,130.88,131.72,2426577.0,131.279,13474.0
2023-08-17 16:00:00+00:00,131.73,132.48,131.43,132.45,1982222.0,132.006,10847.0
2023-08-17 17:00:00+00:00,132.46,132.5,131.13,131.34,2071436.0,131.837,10412.0
2023-08-17 18:00:00+00:00,131.33,131.34,130.36,130.53,1720260.0,130.731,9547.0
2023-08-17 19:00:00+00:00,130.52,130.98,129.85,130.43,3411634.0,130.442,19881.0
2023-08-18 13:30:00+00:00,129.06,129.83,127.52,127.71,3470372.0,128.563,17791.0
2023-08-18 14:00:00+00:00,127.71,127.95,127.0,127.81,2810734.0,127.435,16753.0
2023-08-18 15:00:00+00:00,127.82,128.59,127.48,128.49,2346629.0,127.958,14507.0
2023-08-18 16:00:00+00:00,128.48,128.65,128.14,128.32,1687033.0,128.412,10261.0
2023-08-18 17:00:00+00:00,128.32,128.35,127.31,127.93,1445653.0,127.717,8238.0
2023-08-18 18:00:00+00:00,127.94,128.43,127.81,127.93,1389355.0,128.127,8232.0
2023-08-18 19:00:00+00:00,127.91,128.7,127.62,128.12,2888019.0,128.055,17561.0
2023-08-21 13:30:00+00:00,127.85,128.9,127.77,128.89,1700511.0,128.403,9651.0
2023-08-21 14:00:00+00:00,128.9,129.26,127.82,127.89,1932025.0,128.491,11803.0
2023-08-21 15:00:00+00:00,127.89,128.16,127.16,127.51,1915618.0,127.553,11951.0
2023-08-21 16:00:00+00:00,127.51,128.28,127.47,128.26,1366880.0,127.952,7648.0
2023-08-21 17:00:00+00:00,128.25,129.07,128.07,128.9,1610927.0,128.636,8318.0
2023-08-21 18:00:00+00:00,128.89,129.25,128.73,129.08,1508666.0,128.992,8043.0
2023-08-21 19:00:00+00:00,129.08,129.23,128.79,128.9,2469789.0,129.013,15615.0
2023-08-22 13:30:00+00:00,129.03,130.04,128.92,129.63,2045929.0,129.466,10458.0
2023-08-22 14:00:00+00:00,129.64,130.72,129.46,130.61,1951385.0,130.122,10308.0
2023-08-22 15:00:00+00:00,130.63,130.95,130.31,130.44,1338708.0,130.666,7511.0
2023-08-22 16:00:00+00:00,130.44,130.59,129.94,130.16,1125821.0,130.261,6722.0
2023-08-22 17:00:00+00:00,130.14,130.22,129.44,129.75,1113306.0,129.673,6482.0
2023-08-22 18:00:00+00:00,129.74,129.91,129.41,129.82,953621.0,129.69,5824.0
2023-08-22 19:00:00+00:00,129.81,130.16,129.35,129.69,2110945.0,129.667,13111.0
2023-08-23 13:30:00+00:00,130.85,133.05,130.51,132.94,3501735.0,132.209,18463.0
2023-08-23 14:00:00+00:00,132.95,134.07,132.64,133.48,3526902.0,133.322,18631.0
2023-08-23 15:00:00+00:00,133.49,133.54,133.0,133.36,2426341.0,133.313,12571.0
2023-08-23 16:00:00+00:00,133.36,133.43,132.91,132.98,1576756.0,133.165,8616.0
2023-08-23 17:00:00+00:00,132.99,134.03,132.94,133.96,1908130.0,133.617,9757.0
2023-08-23 18:00:00+00:00,133.95,133.97,133.48,133.77,1561589.0,133.726,9873.0
2023-08-23 19:00:00+00:00,133.76,133.9,133.0,133.22,3518171.0,133.506,21422.0
2023-08-24 13:30:00+00:00,134.75,134.97,133.08,133.64,2241621.0,133.835,12200.0
2023-08-24 14:00:00+00:00,133.64,133.8,131.94,132.48,2225163.0,132.756,14139.0
2023-08-24 15:00:00+00:00,132.5,132.56,130.95,130.97,1886477.0,131.738,11003.0
2023-08-24 16:00:00+00:00,130.97,132.28,130.94,131.79,998205.0,131.796,6035.0
2023-08-24 17:00:00+00:00,131.81,132.01,131.5,131.62,761022.0,131.701,5398.0
2023-08-24 18:00:00+00:00,131.63,131.89,131.17,131.4,915129.0,131.509,6438.0
2023-08-24 19:00:00+00:00,131.38,131.56,130.3,130.41,3242534.0,130.857,19471.0
2023-08-25 13:30:00+00:00,130.14,130.46,129.37,130.21,1936130.0,129.925,10138.0
2023-08-25 14:00:00+00:00,130.23,131.4,128.17,128.24,3259752.0,129.748,21115.0
2023-08-25 15:00:00+00:00,128.25,129.52,128.04,128.91,2150234.0,128.831,14174.0
2023-08-25 16:00:00+00:00,128.91,129.64,128.84,129.64,1029685.0,129.303,7057.0
2023-08-25 17:00:00+00:00,129.63,129.75,129.1,129.67,1018939.0,129.402,6589.0
2023-08-25 18:00:00+00:00,129.66,130.69,129.47,130.6,1424645.0,130.232,9185.0
2023-08-25 19:00:00+00:00,130.61,130.98,130.34,130.66,2388385.0,130.686,15831.0
2023-08-28 13:30:00+00:00,131.99,133.24,131.53,132.11,2461951.0,132.272,13207.0
2023-08-28 14:00:00+00:00,132.11,132.61,131.35,131.62,2001242.0,132.087,12319.0
2023-08-28 15:00:00+00:00,131.61,131.67,130.97,131.22,1304576.0,131.276,8168.0
2023-08-28 16:00:00+00:00,131.22,131.9,131.05,131.85,894520.0,131.37,5753.0
2023-08-28 17:00:00+00:00,131.85,132.11,130.85,130.97,1250935.0,131.575,7441.0
2023-08-28 18:00:00+00:00,130.97,131.72,130.94,131.65,1138070.0,131.327,6826.0
2023-08-28 19:00:00+00:00,131.64,132.01,131.39,131.79,2205016.0,131.693,13898.0
2023-08-29 13:30:00+00:00,133.0,134.29,132.98,133.7,2735502.0,133.595,15473.0
2023-08-29 14:00:00+00:00,133.72,136.28,133.67,136.08,4448751.0,135.012,24577.0
2023-08-29 15:00:00+00:00,136.09,137.3,135.84,137.03,3057441.0,136.542,16589.0
2023-08-29 16:00:00+00:00,137.05,137.05,135.2,135.4,2713147.0,135.955,13908.0
2023-08-29 17:00:00+00:00,135.41,135.53,134.66,134.85,2610443.0,135.157,13165.0
2023-08-29 18:00:00+00:00,134.83,135.53,134.81,135.34,2149142.0,135.236,10661.0
2023-08-29 19:00:00+00:00,135.35,135.87,135.18,135.47,3803843.0,135.559,19727.0
2023-08-30 13:30:00+00:00,135.66,136.31,135.02,136.28,2382626.0,135.73,10784.0
2023-08-30 14:00:00+00:00,136.29,136.86,135.48,136.61,2223111.0,136.304,13428.0
2023-08-30 15:00:00+00:00,136.63,136.66,135.73,136.21,1309709.0,136.185,7686.0
2023-08-30 16:00:00+00:00,136.21,136.51,135.7,136.03,1102881.0,136.148,6371.0
2023-08-30 17:00:00+00:00,136.03,136.41,135.88,136.4,1425744.0,136.24,7740.0
2023-08-30 18:00:00+00:00,136.39,137.25,136.18,137.08,2489673.0,136.656,12266.0
2023-08-30 19:00:00+00:00,137.08,137.16,136.62,136.95,4272115.0,136.865,23365.0
2023-08-31 13:30:00+00:00,137.05,138.1,136.82,137.83,2374661.0,137.658,11208.0
2023-08-31 14:00:00+00:00,137.84,138.33,137.65,138.22,2486525.0,138.086,14161.0
2023-08-31 15:00:00+00:00,138.22,138.4,137.68,137.84,2197777.0,138.062,13305.0
2023-08-31 16:00:00+00:00,137.84,138.0,136.97,137.39,1821758.0,137.563,11324.0
2023-08-31 17:00:00+00:00,137.38,137.93,137.23,137.85,1256082.0,137.66,7412.0
2023-08-31 18:00:00+00:00,137.86,138.24,137.79,137.95,1954907.0,138.033,10939.0
2023-08-31 19:00:00+00:00,137.95,138.29,137.25,137.3,3709361.0,137.807,24271.0
2023-09-01 13:30:00+00:00,138.61,138.61,135.94,136.81,2654692.0,137.205,12955.0
2023-09-01 14:00:00+00:00,136.8,137.29,136.18,136.28,1928210.0,136.821,13118.0
2023-09-01 15:00:00+00:00,136.29,137.03,136.2,136.51,1103452.0,136.687,7511.0
2023-09-01 16:00:00+00:00,136.5,137.06,136.43,136.84,903510.0,136.756,5711.0
2023-09-01 17:00:00+00:00,136.84,136.89,136.26,136.46,696027.0,136.533,4562.0
2023-09-01 18:00:00+00:00,136.45,136.63,136.04,136.32,859620.0,136.341,5264.0
2023-09-01 19:00:00+00:00,136.31,136.88,136.29,136.79,2257062.0,136.648,14795.0
2023-09-05 13:30:00+00:00,136.36,136.97,135.69,135.91,2673344.0,136.296,14264.0
2023-09-05 14:00:00+00:00,135.92,136.44,135.56,135.96,2403459.0,135.963,13917.0
2023-09-05 15:00:00+00:00,135.97,136.7,135.94,136.53,1433632.0,136.463,8988.0
2023-09-05 16:00:00+00:00,136.52,136.75,136.28,136.56,1072877.0,136.526,6199.0
2023-09-05 17:00:00+00:00,136.57,136.89,136.28,136.85,1038252.0,136.61,7016.0
2023-09-05 18:00:00+00:00,136.86,137.37,136.8,137.36,1282735.0,137.106,8118.0
2023-09-05 19:00:00+00:00,137.36,137.36,136.6,136.73,2007352.0,136.865,13078.0
2023-09-06 13:30:00+00:00,136.95,137.48,136.25,137.22,1690795.0,136.919,8990.0
2023-09-06 14:00:00+00:00,137.2,137.2,135.56,135.63,1937448.0,136.077,12210.0
2023-09-06 15:00:00+00:00,135.63,136.06,135.33,135.47,1471474.0,135.724,8642.0
2023-09-06 16:00:00+00:00,135.44,135.74,134.79,134.9,1033485.0,135.201,6743.0
2023-09-06 17:00:00+00:00,134.88,135.32,134.69,135.1,870230.0,135.045,6132.0
2023-09-06 18:00:00+00:00,135.1,135.42,135.01,135.24,982480.0,135.19,6708.0
2023-09-06 19:00:00+00:00,135.23,135.46,135.09,135.38,2316024.0,135.315,15351.0
2023-09-07 13:30:00+00:00,134.47,135.14,133.96,135.1,1584754.0,134.606,9745.0
2023-09-07 14:00:00+00:00,135.13,136.07,134.65,135.52,1777474.0,135.379,10943.0
2023-09-07 15:00:00+00:00,135.53,136.06,134.68,134.85,1548460.0,135.64,9641.0
2023-09-07 16:00:00+00:00,134.84,135.93,134.81,135.72,1037771.0,135.614,6657.0
2023-09-07 17:00:00+00:00,135.72,136.48,135.69,136.41,1041935.0,136.135,6042.0
2023-09-07 18:00:00+00:00,136.41,136.57,136.11,136.51,1051013.0,136.369,7187.0
2023-09-07 19:00:00+00:00,136.52,136.58,136.05,136.22,2382287.0,136.336,16741.0
2023-09-08 13:30:00+00:00,135.92,136.92,135.87,136.42,1314417.0,136.436,8642.0
2023-09-08 14:00:00+00:00,136.43,137.15,136.33,136.44,1621825.0,136.764,11687.0
2023-09-08 15:00:00+00:00,136.44,137.17,136.35,136.98,1500700.0,136.933,10222.0
2023-09-08 16:00:00+00:00,136.97,137.31,136.77,137.08,1289551.0,137.054,8859.0
2023-09-08 17:00:00+00:00,137.07,137.43,136.78,137.42,1020978.0,137.128,6814.0
2023-09-08 18:00:00+00:00,137.43,137.52,136.79,136.82,1290412.0,137.133,9088.0
2023-09-08 19:00:00+00:00,136.82,137.29,136.58,137.19,2060516.0,136.914,14022.0
2023-09-11 13:30:00+00:00,137.31,138.27,137.28,137.49,1956020.0,137.775,11425.0
2023-09-11 14:00:00+00:00,137.5,137.82,136.55,136.64,1924783.0,137.105,11721.0
2023-09-11 15:00:00+00:00,136.66,137.31,136.63,136.78,1161053.0,136.92,7166.0
2023-09-11 16:00:00+00:00,136.78,137.38,136.71,137.33,931037.0,137.042,5334.0
2023-09-11 17:00:00+00:00,137.33,137.95,137.22,137.86,1207650.0,137.645,7159.0
2023-09-11 18:00:00+00:00,137.87,137.89,137.53,137.65,920526.0,137.706,5862.0
2023-09-11 19:00:00+00:00,137.65,137.98,137.47,137.75,2089636.0,137.739,12068.0
2023-09-12 13:30:00+00:00,137.09,137.64,136.62,137.44,1490873.0,137.18,8751.0
2023-09-12 14:00:00+00:00,137.44,137.44,136.56,136.56,1539076.0,136.933,9547.0
2023-09-12 15:00:00+00:00,136.56,136.93,136.2,136.6,1229147.0,136.57,7524.0
2023-09-12 16:00:00+00:00,136.6,136.97,136.5,136.62,752354.0,136.742,4700.0
2023-09-12 17:00:00+00:00,136.62,136.99,136.43,136.58,825697.0,136.704,5510.0
2023-09-12 18:00:00+00:00,136.56,136.82,136.15,136.33,1090702.0,136.479,6946.0
2023-09-12 19:00:00+00:00,136.33,136.34,135.93,136.1,2090923.0,136.097,14251.0
2023-09-13 13:30:00+00:00,135.9,136.02,135.24,135.7,1665216.0,135.704,9386.0
2023-09-13 14:00:00+00:00,135.69,136.46,134.93,136.07,1835208.0,135.712,12259.0
2023-09-13 15:00:00+00:00,136.07,136.48,135.81,136.35,1216149.0,136.263,7140.0
2023-09-13 16:00:00+00:00,136.35,137.05,136.26,136.88,979950.0,136.67,6074.0
2023-09-13 17:00:00+00:00,136.89,137.45,136.83,137.37,1035689.0,137.148,6294.0
2023-09-13 18:00:00+00:00,137.37,137.5,136.81,137.19,1251820.0,137.148,7949.0
2023-09-13 19:00:00+00:00,137.21,137.7,136.74,137.51,2300330.0,137.32,14761.0
2023-09-14 13:30:00+00:00,138.38,138.8,137.08,137.62,1892137.0,137.986,11227.0
2023-09-14 14:00:00+00:00,137.62,138.82,137.06,138.53,1978559.0,138.057,12343.0
2023-09-14 15:00:00+00:00,138.55,139.19,138.39,139.16,1761148.0,138.836,11290.0
2023-09-14 16:00:00+00:00,139.15,139.55,138.68,139.45,1267536.0,139.125,8237.0
2023-09-14 17:00:00+00:00,139.46,139.46,139.01,139.26,906560.0,139.262,6098.0
2023-09-14 18:00:00+00:00,139.25,139.32,138.9,139.19,1048742.0,139.144,6828.0
2023-09-14 19:00:00+00:00,139.19,139.41,138.81,138.98,2468696.0,139.102,16754.0
2023-09-15 13:30:00+00:00,138.8,139.36,137.61,137.96,5765153.0,138.724,11737.0
2023-09-15 14:00:00+00:00,137.98,138.5,137.71,137.73,2447337.0,138.113,16641.0
2023-09-15 15:00:00+00:00,137.71,138.29,137.18,138.0,2671567.0,137.844,14579.0
2023-09-15 16:00:00+00:00,138.0,138.59,137.98,138.58,1523171.0,138.257,8090.0
2023-09-15 17:00:00+00:00,138.58,138.62,137.45,137.96,2202900.0,137.851,12259.0
2023-09-15 18:00:00+00:00,137.97,138.13,137.67,137.97,1596542.0,137.918,10216.0
2023-09-15 19:00:00+00:00,137.98,138.46,137.68,138.31,3925782.0,138.107,23100.0
2023-09-18 13:30:00+00:00,137.67,139.49,137.63,139.44,1740631.0,138.646,9805.0
2023-09-18 14:00:00+00:00,139.43,139.93,139.02,139.32,2433791.0,139.53,15885.0
2023-09-18 15:00:00+00:00,139.31,139.66,138.97,139.47,1254786.0,139.35,8605.0
2023-09-18 16:00:00+00:00,139.47,139.55,138.78,138.82,954983.0,139.156,6542.0
2023-09-18 17:00:00+00:00,138.82,139.19,138.81,139.04,749802.0,139.004,4987.0
2023-09-18 18:00:00+00:00,139.04,139.55,138.97,139.25,914619.0,139.25,6039.0
2023-09-18 19:00:00+00:00,139.24,139.46,138.82,138.98,2303563.0,139.07,16058.0
2023-09-19 13:30:00+00:00,138.2,139.18,138.02,138.76,1369501.0,138.553,7845.0
2023-09-19 14:00:00+00:00,138.77,138.8,137.96,138.09,1637580.0,138.383,10424.0
2023-09-19 15:00:00+00:00,138.09,138.35,137.66,137.88,1061624.0,138.062,6925.0
2023-09-19 16:00:00+00:00,137.88,137.97,137.5,137.93,922185.0,137.753,6099.0
2023-09-19 17:00:00+00:00,137.93,138.76,137.88,138.73,983962.0,138.338,6621.0
2023-09-19 18:00:00+00:00,138.73,138.99,138.46,138.49,1084293.0,138.718,6944.0
2023-09-19 19:00:00+00:00,138.47,139.01,138.4,138.82,2246149.0,138.8,15659.0
2023-09-20 13:30:00+00:00,138.79,138.84,138.19,138.23,1319817.0,138.579,7929.0
2023-09-20 14:00:00+00:00,138.23,138.27,136.93,137.11,1994048.0,137.422,11836.0
2023-09-20 15:00:00+00:00,137.11,137.22,136.17,136.87,1813066.0,136.648,10137.0
2023-09-20 16:00:00+00:00,136.87,137.0,136.58,136.95,922575.0,136.75,5619.0
2023-09-20 17:00:00+00:00,136.95,137.04,136.39,136.71,959432.0,136.719,5377.0
2023-09-20 18:00:00+00:00,136.69,136.92,135.85,136.25,2574131.0,136.324,18293.0
2023-09-20 19:00:00+00:00,136.23,136.48,134.52,134.61,3652149.0,135.102,23991.0
2023-09-21 13:30:00+00:00,132.38,133.1,131.71,132.06,2457654.0,132.273,14838.0
2023-09-21 14:00:00+00:00,132.07,132.34,131.09,131.59,3030811.0,131.738,19654.0
2023-09-21 15:00:00+00:00,131.59,132.19,131.56,131.96,1368413.0,131.832,9445.0
2023-09-21 16:00:00+00:00,131.94,132.96,131.59,132.66,1795992.0,132.176,11649.0
2023-09-21 17:00:00+00:00,132.66,133.19,132.61,132.77,1099739.0,132.879,7515.0
2023-09-21 18:00:00+00:00,132.77,132.85,131.84,131.86,1189673.0,132.318,8115.0
2023-09-21 19:00:00+00:00,131.86,132.07,131.3,131.35,3193226.0,131.629,22289.0
2023-09-22 13:30:00+00:00,131.7,132.14,130.51,132.14,1524089.0,131.391,9490.0
2023-09-22 14:00:00+00:00,132.15,132.88,131.87,132.77,1723424.0,132.4,11092.0
2023-09-22 15:00:00+00:00,132.78,133.01,132.36,132.4,1136766.0,132.638,7541.0
2023-09-22 16:00:00+00:00,132.4,132.9,132.36,132.77,831499.0,132.67,5905.0
2023-09-22 17:00:00+00:00,132.77,132.79,131.8,131.89,1006991.0,132.156,7258.0
2023-09-22 18:00:00+00:00,131.89,131.97,131.13,131.7,1370437.0,131.47,9925.0
2023-09-22 19:00:00+00:00,131.69,132.47,131.09,131.26,2563333.0,131.73,18313.0
2023-09-25 13:30:00+00:00,130.77,131.13,130.03,130.98,1495248.0,130.769,9485.0
2023-09-25 14:00:00+00:00,131.0,131.45,130.71,130.87,1419386.0,131.129,9281.0
2023-09-25 15:00:00+00:00,130.87,131.83,130.84,131.65,1259808.0,131.546,8216.0
2023-09-25 16:00:00+00:00,131.66,131.9,131.22,131.55,730854.0,131.591,5096.0
2023-09-25 17:00:00+00:00,131.56,131.92,131.4,131.87,715427.0,131.691,4967.0
2023-09-25 18:00:00+00:00,131.88,132.12,131.6,131.67,940684.0,131.872,6164.0
2023-09-25 19:00:00+00:00,131.66,132.22,131.37,132.19,1778987.0,131.881,13002.0
2023-09-26 13:30:00+00:00,130.86,131.41,129.28,129.31,1802706.0,130.23,10224.0
2023-09-26 14:00:00+00:00,129.3,129.49,128.55,128.67,2700364.0,128.934,17669.0
2023-09-26 15:00:00+00:00,128.68,128.82,128.19,128.48,1844528.0,128.525,11370.0
2023-09-26 16:00:00+00:00,128.47,129.42,128.4,129.27,1353831.0,129.03,9064.0
2023-09-26 17:00:00+00:00,129.27,129.5,128.93,129.39,1364084.0,129.214,9170.0
2023-09-26 18:00:00+00:00,129.39,129.39,128.9,129.14,1379953.0,129.144,9222.0
2023-09-26 19:00:00+00:00,129.14,129.55,128.94,129.46,3043347.0,129.241,20137.0
2023-09-27 13:30:00+00:00,129.46,130.89,129.38,130.52,1655643.0,130.265,9294.0
2023-09-27 14:00:00+00:00,130.51,130.63,129.68,130.09,1719648.0,130.127,12110.0
2023-09-27 15:00:00+00:00,130.09,130.51,130.0,130.37,1547547.0,130.301,10124.0
2023-09-27 16:00:00+00:00,130.36,130.68,129.93,130.54,1237627.0,130.294,7924.0
2023-09-27 17:00:00+00:00,130.54,130.82,129.7,130.02,1306191.0,130.305,8761.0
2023-09-27 18:00:00+00:00,130.01,131.22,129.65,131.03,1517773.0,130.53,10702.0
2023-09-27 19:00:00+00:00,131.03,131.72,130.76,131.46,2743478.0,131.331,18767.0
2023-09-28 13:30:00+00:00,130.73,131.66,130.69,131.41,1734422.0,131.136,9662.0
2023-09-28 14:00:00+00:00,131.4,132.29,131.23,131.99,1650235.0,131.77,10891.0
2023-09-28 15:00:00+00:00,132.0,133.56,131.74,133.47,2054087.0,132.588,13442.0
2023-09-28 16:00:00+00:00,133.47,134.18,133.41,133.64,1589636.0,133.799,8659.0
2023-09-28 17:00:00+00:00,133.65,133.89,133.18,133.26,1157271.0,133.522,6812.0
2023-09-28 18:00:00+00:00,133.25,133.72,132.78,133.2,1212009.0,133.23,8183.0
2023-09-28 19:00:00+00:00,133.21,133.69,132.9,133.14,2669321.0,133.261,18217.0
2023-09-29 13:30:00+00:00,134.09,134.72,133.17,134.58,2027887.0,133.894,11620.0
2023-09-29 14:00:00+00:00,134.57,134.89,133.66,133.7,1574403.0,134.298,10870.0
2023-09-29 15:00:00+00:00,133.71,133.79,132.65,133.05,1778381.0,133.133,11879.0
2023-09-29 16:00:00+00:00,133.06,133.13,132.4,132.52,1448312.0,132.821,9133.0
2023-09-29 17:00:00+00:00,132.51,132.51,131.54,131.55,1383725.0,132.026,9463.0
2023-09-29 18:00:00+00:00,131.54,132.08,131.32,132.07,1643538.0,131.674,11245.0
2023-09-29 19:00:00+00:00,132.08,132.45,131.46,131.82,3468302.0,131.905,24761.0
2023-10-02 13:30:00+00:00,132.17,134.22,132.06,133.49,2258972.0,133.258,11869.0
2023-10-02 14:00:00+00:00,133.5,134.8,133.39,134.32,2472019.0,134.222,17267.0
2023-10-02 15:00:00+00:00,134.33,135.36,134.05,134.22,1961855.0,134.749,13251.0
2023-10-02 16:00:00+00:00,134.22,134.48,133.85,134.09,1085022.0,134.157,7155.0
2023-10-02 17:00:00+00:00,134.1,134.36,133.49,133.98,1122375.0,134.014,6729.0
2023-10-02 18:00:00+00:00,133.97,134.66,133.86,134.11,981667.0,134.186,6722.0
2023-10-02 19:00:00+00:00,134.09,135.31,133.89,135.18,2959099.0,134.732,20064.0
2023-10-03 13:30:00+00:00,134.83,135.24,134.06,134.77,1453674.0,134.609,9576.0
2023-10-03 14:00:00+00:00,134.79,134.82,133.35,133.73,2428390.0,133.885,18463.0
2023-10-03 15:00:00+00:00,133.74,133.75,132.99,133.38,1534716.0,133.219,11032.0
2023-10-03 16:00:00+00:00,133.37,134.26,133.35,134.14,1219644.0,133.763,8714.0
2023-10-03 17:00:00+00:00,134.14,134.37,133.36,133.37,1087968.0,133.803,7760.0
2023-10-03 18:00:00+00:00,133.38,133.61,133.18,133.44,1187724.0,133.4,8650.0
2023-10-03 19:00:00+00:00,133.43,133.58,132.81,133.32,3532501.0,133.173,24091.0
2023-10-04 13:30:00+00:00,133.7,135.2,133.66,134.21,2318266.0,134.512,15116.0
2023-10-04 14:00:00+00:00,134.2,135.69,133.43,134.87,3076937.0,134.495,20190.0
2023-10-04 15:00:00+00:00,134.86,136.37,134.81,136.32,1943001.0,135.614,13241.0
2023-10-04 16:00:00+00:00,136.31,136.37,135.63,135.85,1682116.0,135.993,10859.0
2023-10-04 17:00:00+00:00,135.84,135.94,135.46,135.49,1345568.0,135.699,8734.0
2023-10-04 18:00:00+00:00,135.48,135.77,135.14,135.63,1310252.0,135.437,8464.0
2023-10-04 19:00:00+00:00,135.63,136.57,135.6,136.21,3767204.0,136.282,25731.0
2023-10-05 13:30:00+00:00,136.09,136.5,135.16,135.45,1547374.0,135.868,9926.0
2023-10-05 14:00:00+00:00,135.44,135.46,134.45,134.66,1552762.0,134.947,10745.0
2023-10-05 15:00:00+00:00,134.65,135.9,134.59,135.72,1282365.0,135.196,8092.0
2023-10-05 16:00:00+00:00,135.74,136.22,135.63,135.86,1388609.0,135.882,8256.0
2023-10-05 17:00:00+00:00,135.85,136.24,135.53,136.01,1221294.0,135.969,8295.0
2023-10-05 18:00:00+00:00,136.02,136.33,135.88,136.3,979360.0,136.135,6864.0
2023-10-05 19:00:00+00:00,136.29,136.35,135.88,136.0,1812249.0,136.069,12616.0
2023-10-06 13:30:00+00:00,135.05,137.14,134.94,136.84,2337989.0,136.357,13931.0
2023-10-06 14:00:00+00:00,136.83,137.4,136.14,137.1,2373444.0,136.909,14802.0
2023-10-06 15:00:00+00:00,137.12,138.02,137.07,138.01,1796581.0,137.522,11847.0
2023-10-06 16:00:00+00:00,138.0,138.47,137.94,138.28,1351551.0,138.229,8090.0
2023-10-06 17:00:00+00:00,138.28,138.73,138.15,138.68,1191698.0,138.519,7256.0
2023-10-06 18:00:00+00:00,138.67,139.03,138.56,138.88,1406819.0,138.859,8398.0
2023-10-06 19:00:00+00:00,138.87,139.19,138.62,138.72,3379558.0,138.906,20868.0
2023-10-09 13:30:00+00:00,137.99,138.94,136.7,138.82,2495873.0,137.688,12650.0
2023-10-09 14:00:00+00:00,138.82,139.15,138.02,138.37,2011706.0,138.615,11546.0
2023-10-09 15:00:00+00:00,138.36,138.98,137.85,138.84,1239806.0,138.573,7159.0
2023-10-09 16:00:00+00:00,138.85,139.07,138.64,138.81,838395.0,138.837,5079.0
2023-10-09 17:00:00+00:00,138.82,139.72,138.52,139.71,1176240.0,139.148,7111.0
2023-10-09 18:00:00+00:00,139.72,139.93,139.44,139.76,1203643.0,139.704,7955.0
2023-10-09 19:00:00+00:00,139.76,139.97,139.13,139.52,2472181.0,139.559,15442.0
2023-10-10 13:30:00+00:00,139.52,140.08,138.84,139.35,2127471.0,139.493,13240.0
2023-10-10 14:00:00+00:00,139.36,139.8,138.43,139.71,2190144.0,139.244,14272.0
2023-10-10 15:00:00+00:00,139.72,140.64,139.6,140.48,1645818.0,140.143,9590.0
2023-10-10 16:00:00+00:00,140.47,140.74,140.04,140.15,1363053.0,140.391,7445.0
2023-10-10 17:00:00+00:00,140.14,140.42,139.49,140.14,1640884.0,139.912,11040.0
2023-10-10 18:00:00+00:00,140.14,140.14,139.52,139.68,1410173.0,139.784,9690.0
2023-10-10 19:00:00+00:00,139.69,139.85,139.08,139.19,2499409.0,139.456,17418.0
2023-10-11 13:30:00+00:00,139.83,141.64,139.83,141.39,2307030.0,140.944,13671.0
2023-10-11 14:00:00+00:00,141.4,141.92,140.9,141.82,2577995.0,141.481,16216.0
2023-10-11 15:00:00+00:00,141.83,142.22,141.11,141.28,1974300.0,141.708,11859.0
2023-10-11 16:00:00+00:00,141.3,141.31,140.68,141.09,1499975.0,141.031,8152.0
2023-10-11 17:00:00+00:00,141.09,141.14,140.54,140.94,1172381.0,140.861,6834.0
2023-10-11 18:00:00+00:00,140.93,141.77,140.9,141.4,1455693.0,141.387,8227.0
2023-10-11 19:00:00+00:00,141.39,141.76,141.11,141.7,2610848.0,141.562,17480.0
2023-10-12 13:30:00+00:00,142.18,142.38,141.11,141.8,2097767.0,141.682,12471.0
2023-10-12 14:00:00+00:00,141.82,142.33,141.48,141.8,1937064.0,141.889,11316.0
2023-10-12 15:00:00+00:00,141.8,141.99,141.38,141.47,1319294.0,141.664,8037.0
2023-10-12 16:00:00+00:00,141.46,141.9,141.22,141.32,1270554.0,141.55,7854.0
2023-10-12 17:00:00+00:00,141.32,141.38,140.01,140.24,1908527.0,140.416,12798.0
2023-10-12 18:00:00+00:00,140.23,140.35,139.45,140.06,1642013.0,139.966,10774.0
2023-10-12 19:00:00+00:00,140.06,140.72,140.03,140.28,2372366.0,140.395,14910.0
2023-10-13 13:30:00+00:00,140.65,141.34,140.37,140.47,1934512.0,140.929,12003.0
2023-10-13 14:00:00+00:00,140.48,140.56,138.99,139.33,2022844.0,139.925,12916.0
2023-10-13 15:00:00+00:00,139.35,139.37,138.16,138.16,1684692.0,138.732,10599.0
2023-10-13 16:00:00+00:00,138.15,139.33,138.08,138.91,1487487.0,138.768,8399.0
2023-10-13 17:00:00+00:00,138.9,138.97,137.97,138.67,1719398.0,138.438,11576.0
2023-10-13 18:00:00+00:00,138.66,138.91,138.06,138.85,1452658.0,138.525,10249.0
2023-10-13 19:00:00+00:00,138.85,139.23,138.38,138.59,2867267.0,138.666,19661.0
2023-10-16 13:30:00+00:00,139.66,140.27,139.32,140.04,1904043.0,139.788,10195.0
2023-10-16 14:00:00+00:00,140.05,140.91,139.8,140.37,2108283.0,140.427,12871.0
2023-10-16 15:00:00+00:00,140.39,140.43,139.81,139.84,1366705.0,140.116,8990.0
2023-10-16 16:00:00+00:00,139.85,140.16,139.65,140.11,999001.0,139.923,6349.0
2023-10-16 17:00:00+00:00,140.11,140.59,139.5,140.56,1348600.0,140.223,9185.0
2023-10-16 18:00:00+00:00,140.57,140.85,140.45,140.81,1119714.0,140.646,7479.0
2023-10-16 19:00:00+00:00,140.81,140.81,140.37,140.47,2835840.0,140.572,18534.0
2023-10-17 13:30:00+00:00,139.93,140.17,138.52,139.23,1765779.0,139.516,10831.0
2023-10-17 14:00:00+00:00,139.24,140.75,139.12,140.0,2042733.0,139.95,12931.0
2023-10-17 15:00:00+00:00,140.0,140.6,139.79,140.47,1681816.0,140.227,10599.0
2023-10-17 16:00:00+00:00,140.48,141.25,140.47,141.04,1328751.0,140.951,8620.0
2023-10-17 17:00:00+00:00,141.04,141.22,140.31,140.39,1076649.0,140.821,7747.0
2023-10-17 18:00:00+00:00,140.41,140.89,140.16,140.47,1468213.0,140.526,10705.0
2023-10-17 19:00:00+00:00,140.46,141.07,140.31,141.0,2453370.0,140.691,17342.0
2023-10-18 13:30:00+00:00,140.75,141.99,140.59,141.52,1818092.0,141.247,11161.0
2023-10-18 14:00:00+00:00,141.49,141.99,140.53,140.66,2113306.0,141.215,12945.0
2023-10-18 15:00:00+00:00,140.66,141.59,140.64,141.29,1351228.0,141.166,8125.0
2023-10-18 16:00:00+00:00,141.29,141.75,140.64,140.79,1153266.0,141.125,7463.0
2023-10-18 17:00:00+00:00,140.78,141.3,140.22,140.36,1411154.0,140.77,10012.0
2023-10-18 18:00:00+00:00,140.35,140.38,139.24,139.4,1688119.0,139.781,10764.0
2023-10-18 19:00:00+00:00,139.41,139.48,138.7,139.29,2689765.0,139.189,18263.0
2023-10-19 13:30:00+00:00,139.89,140.86,139.48,140.78,1975678.0,140.117,11729.0
2023-10-19 14:00:00+00:00,140.8,141.01,139.66,140.0,2068355.0,140.326,12855.0
2023-10-19 15:00:00+00:00,140.0,140.22,139.26,139.95,1350987.0,139.826,8731.0
2023-10-19 16:00:00+00:00,139.96,140.88,138.68,140.2,3235899.0,139.814,23664.0
2023-10-19 17:00:00+00:00,140.23,140.74,139.29,139.58,2016999.0,140.085,15125.0
2023-10-19 18:00:00+00:00,139.57,140.19,138.67,138.81,1863288.0,139.408,12911.0
2023-10-19 19:00:00+00:00,138.82,139.21,138.6,138.95,2512554.0,138.975,17858.0
2023-10-20 13:30:00+00:00,138.59,139.04,137.31,138.11,3380088.0,138.38,13960.0
2023-10-20 14:00:00+00:00,138.1,138.59,136.28,136.3,2298859.0,137.405,15003.0
2023-10-20 15:00:00+00:00,136.29,137.1,136.24,136.96,1993274.0,136.606,12909.0
2023-10-20 16:00:00+00:00,136.96,138.19,136.63,138.15,1469534.0,137.248,9981.0
2023-10-20 17:00:00+00:00,138.16,138.22,137.58,138.04,1762684.0,137.872,11018.0
2023-10-20 18:00:00+00:00,138.04,138.04,137.02,137.28,1293829.0,137.443,8671.0
2023-10-20 19:00:00+00:00,137.28,137.51,136.51,136.73,3059095.0,136.968,20313.0
2023-10-23 13:30:00+00:00,136.23,136.7,135.11,136.55,2111502.0,136.073,13046.0
2023-10-23 14:00:00+00:00,136.55,137.43,136.47,137.43,1939547.0,136.999,11607.0
2023-10-23 15:00:00+00:00,137.43,138.15,137.24,138.15,1475813.0,137.725,8668.0
2023-10-23 16:00:00+00:00,138.15,138.7,137.93,138.69,1498331.0,138.203,8606.0
2023-10-23 17:00:00+00:00,138.71,138.91,138.27,138.74,1224964.0,138.553,7895.0
2023-10-23 18:00:00+00:00,138.74,139.02,138.34,138.63,1923885.0,138.682,12262.0
2023-10-23 19:00:00+00:00,138.63,138.91,137.79,137.88,3157044.0,138.271,21773.0
2023-10-24 13:30:00+00:00,139.2,140.1,138.75,140.08,2118475.0,139.466,11908.0
2023-10-24 14:00:00+00:00,140.07,140.58,139.54,140.39,2144017.0,140.151,12879.0
2023-10-24 15:00:00+00:00,140.4,140.71,140.04,140.38,1876976.0,140.385,10605.0
2023-10-24 16:00:00+00:00,140.38,140.47,138.88,139.03,1550616.0,139.556,9283.0
2023-10-24 17:00:00+00:00,139.03,139.98,138.94,139.73,1888481.0,139.468,10064.0
2023-10-24 18:00:00+00:00,139.72,140.27,139.59,140.04,1534905.0,140.03,8743.0
2023-10-24 19:00:00+00:00,140.03,140.59,139.78,140.22,4423525.0,140.262,24801.0
2023-10-25 13:30:00+00:00,129.75,130.1,126.39,128.62,12547395.0,127.86,71691.0
2023-10-25 14:00:00+00:00,128.63,128.75,127.08,127.6,8810109.0,128.057,48288.0
2023-10-25 15:00:00+00:00,127.56,128.04,126.69,126.94,6227497.0,127.411,34368.0
2023-10-25 16:00:00+00:00,126.94,128.02,126.78,127.53,3154564.0,127.441,16254.0
2023-10-25 17:00:00+00:00,127.52,128.08,126.22,126.61,3577599.0,127.127,17317.0
2023-10-25 18:00:00+00:00,126.62,126.83,126.09,126.76,2945028.0,126.453,15275.0
2023-10-25 19:00:00+00:00,126.76,127.36,126.36,126.67,5269004.0,126.785,28505.0
2023-10-26 13:30:00+00:00,124.47,125.46,122.44,122.69,5474952.0,123.993,30022.0
2023-10-26 14:00:00+00:00,122.69,124.9,122.32,124.47,4778731.0,123.296,28588.0
2023-10-26 15:00:00+00:00,124.49,124.56,123.56,123.87,2492601.0,124.07,15998.0
2023-10-26 16:00:00+00:00,123.86,124.09,122.91,122.96,3047630.0,123.329,16249.0
2023-10-26 17:00:00+00:00,122.97,123.82,122.73,123.66,2197580.0,123.209,13106.0
2023-10-26 18:00:00+00:00,123.67,124.54,123.45,124.19,2090825.0,124.03,12607.0
2023-10-26 19:00:00+00:00,124.19,124.52,123.25,123.43,3684096.0,123.736,23208.0
2023-10-27 13:30:00+00:00,124.02,124.44,121.46,122.39,5366679.0,122.702,29750.0
2023-10-27 14:00:00+00:00,122.34,123.13,121.82,122.38,5172165.0,122.562,29068.0
2023-10-27 15:00:00+00:00,122.4,123.6,122.16,123.58,3799213.0,123.074,18859.0
2023-10-27 16:00:00+00:00,123.58,123.99,123.0,123.06,2334603.0,123.597,13217.0
2023-10-27 17:00:00+00:00,123.06,123.19,122.45,122.73,2141875.0,122.753,13525.0
2023-10-27 18:00:00+00:00,122.73,123.36,122.31,123.04,2331289.0,122.844,14357.0
2023-10-27 19:00:00+00:00,123.03,123.54,122.8,123.39,4230886.0,123.224,26780.0
2023-10-30 13:30:00+00:00,124.45,126.31,123.88,126.3,3360301.0,125.221,18006.0
2023-10-30 14:00:00+00:00,126.31,126.55,124.6,125.59,3427252.0,125.48,21091.0
2023-10-30 15:00:00+00:00,125.59,126.05,125.22,125.92,2427764.0,125.68,15100.0
2023-10-30 16:00:00+00:00,125.89,126.04,125.22,125.48,1567495.0,125.647,10061.0
2023-10-30 17:00:00+00:00,125.49,126.42,125.36,126.41,1827478.0,125.903,10114.0
2023-10-30 18:00:00+00:00,126.41,126.44,125.97,126.07,1303300.0,126.156,7841.0
2023-10-30 19:00:00+00:00,126.08,126.44,125.61,125.73,2899510.0,125.942,17905.0
2023-10-31 13:30:00+00:00,126.24,126.56,124.89,125.16,1943957.0,125.619,11292.0
2023-10-31 14:00:00+00:00,125.15,126.15,124.6,124.72,2607921.0,125.302,15146.0
2023-10-31 15:00:00+00:00,124.72,125.16,124.32,124.56,2044417.0,124.68,11955.0
2023-10-31 16:00:00+00:00,124.54,124.57,123.92,124.5,1988950.0,124.293,12040.0
2023-10-31 17:00:00+00:00,124.5,124.95,124.24,124.83,1543178.0,124.577,9445.0
2023-10-31 18:00:00+00:00,124.84,125.13,124.6,125.02,1437161.0,124.88,8112.0
2023-10-31 19:00:00+00:00,125.02,125.41,124.98,125.28,3001153.0,125.209,18073.0
2023-11-01 13:30:00+00:00,125.24,126.84,124.92,126.3,2232652.0,126.094,10833.0
2023-11-01 14:00:00+00:00,126.31,126.84,125.79,126.65,3721511.0,126.346,19168.0
2023-11-01 15:00:00+00:00,126.66,126.85,126.07,126.19,1520816.0,126.359,9200.0
2023-11-01 16:00:00+00:00,126.19,126.3,125.91,126.0,1001913.0,126.122,6441.0
2023-11-01 17:00:00+00:00,126.0,126.27,125.91,126.22,1036577.0,126.106,7051.0
2023-11-01 18:00:00+00:00,126.23,127.47,126.19,127.14,3533771.0,126.805,23858.0
2023-11-01 19:00:00+00:00,127.14,127.74,127.14,127.61,4092121.0,127.536,27591.0
2023-11-02 13:30:00+00:00,129.56,130.09,128.73,128.94,3464634.0,129.401,18097.0
2023-11-02 14:00:00+00:00,128.94,129.25,128.21,128.69,2568676.0,128.657,14039.0
2023-11-02 15:00:00+00:00,128.69,128.86,128.25,128.56,1616930.0,128.566,9204.0
2023-11-02 16:00:00+00:00,128.57,128.7,128.16,128.43,1259468.0,128.523,8573.0
2023-11-02 17:00:00+00:00,128.43,128.93,128.11,128.79,1241590.0,128.596,7944.0
2023-11-02 18:00:00+00:00,128.79,129.11,128.69,128.82,1170185.0,128.902,7383.0
2023-11-02 19:00:00+00:00,128.83,128.87,128.44,128.6,2748416.0,128.659,16951.0
2023-11-03 13:30:00+00:00,129.09,130.13,129.01,129.78,2037897.0,129.549,11115.0
2023-11-03 14:00:00+00:00,129.77,130.26,129.24,130.18,2396716.0,129.726,15004.0
2023-11-03 15:00:00+00:00,130.18,130.73,129.98,130.62,1896856.0,130.386,12468.0
2023-11-03 16:00:00+00:00,130.64,130.67,130.16,130.21,1363683.0,130.447,9337.0
2023-11-03 17:00:00+00:00,130.2,130.29,129.66,130.03,1308741.0,129.964,8235.0
2023-11-03 18:00:00+00:00,130.03,130.37,129.92,130.27,1148305.0,130.22,7325.0
2023-11-03 19:00:00+00:00,130.27,130.5,130.18,130.37,2418787.0,130.358,16467.0
2023-11-06 14:30:00+00:00,130.21,131.29,129.93,130.77,2239225.0,130.62,11341.0
2023-11-06 15:00:00+00:00,130.78,131.12,130.3,130.81,1581801.0,130.758,8939.0
2023-11-06 16:00:00+00:00,130.82,131.12,130.68,131.05,942445.0,130.91,5537.0
2023-11-06 17:00:00+00:00,131.05,131.05,130.69,130.97,763074.0,130.857,4854.0
2023-11-06 18:00:00+00:00,130.97,130.98,130.46,130.91,951616.0,130.76,6463.0
2023-11-06 19:00:00+00:00,130.9,131.36,130.74,131.19,1063355.0,130.983,6753.0
2023-11-06 20:00:00+00:00,131.2,131.56,131.05,131.49,1891580.0,131.319,12403.0
2023-11-07 14:30:00+00:00,131.99,132.29,131.14,131.97,1665948.0,131.791,9356.0
2023-11-07 15:00:00+00:00,131.98,132.87,131.56,132.78,2206174.0,132.123,13140.0
2023-11-07 16:00:00+00:00,132.79,132.98,132.34,132.55,1299255.0,132.666,8324.0
2023-11-07 17:00:00+00:00,132.54,132.62,132.29,132.5,1217602.0,132.421,7513.0
2023-11-07 18:00:00+00:00,132.51,133.17,132.46,133.06,1333002.0,132.894,8059.0
2023-11-07 19:00:00+00:00,133.05,133.28,132.79,132.9,1131947.0,133.005,6745.0
2023-11-07 20:00:00+00:00,132.92,133.03,132.17,132.44,2683156.0,132.64,18258.0
2023-11-08 14:30:00+00:00,132.31,133.18,132.31,132.44,1644003.0,132.668,9040.0
2023-11-08 15:00:00+00:00,132.44,132.81,132.16,132.53,1661789.0,132.52,10064.0
2023-11-08 16:00:00+00:00,132.54,133.1,132.42,132.76,1450789.0,132.827,9265.0
2023-11-08 17:00:00+00:00,132.77,132.88,132.49,132.62,1044627.0,132.678,7553.0
2023-11-08 18:00:00+00:00,132.62,133.07,132.47,132.74,963673.0,132.795,6689.0
2023-11-08 19:00:00+00:00,132.75,133.54,132.67,132.99,1140618.0,133.217,7099.0
2023-11-08 20:00:00+00:00,132.99,133.37,132.67,133.24,1896542.0,133.102,13019.0
2023-11-09 14:30:00+00:00,133.36,133.67,132.66,133.57,1432261.0,133.218,7567.0
2023-11-09 15:00:00+00:00,133.58,133.67,132.75,133.39,1456558.0,133.093,9469.0
2023-11-09 16:00:00+00:00,133.39,133.96,133.35,133.8,1090871.0,133.636,6935.0
2023-11-09 17:00:00+00:00,133.8,133.8,132.9,133.2,1021577.0,133.282,6270.0
2023-11-09 18:00:00+00:00,133.22,133.24,132.15,132.25,1827440.0,132.542,12360.0
2023-11-09 19:00:00+00:00,132.24,132.36,131.77,131.85,1454715.0,132.045,9921.0
2023-11-09 20:00:00+00:00,131.84,132.02,131.51,131.7,2482030.0,131.737,17138.0
2023-11-10 14:30:00+00:00,131.53,132.37,130.87,132.3,2183538.0,131.566,13938.0
2023-11-10 15:00:00+00:00,132.3,132.34,131.21,131.59,1985514.0,131.734,13480.0
2023-11-10 16:00:00+00:00,131.59,133.05,131.59,133.03,1651973.0,132.471,10184.0
2023-11-10 17:00:00+00:00,133.03,133.75,133.02,133.62,1554143.0,133.421,9798.0
2023-11-10 18:00:00+00:00,133.62,134.04,133.32,133.79,1428674.0,133.746,8888.0
2023-11-10 19:00:00+00:00,133.8,134.07,133.74,133.95,1001357.0,133.905,6313.0
2023-11-10 20:00:00+00:00,133.96,134.27,133.91,134.08,2303948.0,134.075,15192.0
2023-11-13 14:30:00+00:00,133.36,133.75,132.77,133.16,2135699.0,133.203,10498.0
2023-11-13 15:00:00+00:00,133.16,133.84,133.1,133.71,1928487.0,133.445,10975.0
2023-11-13 16:00:00+00:00,133.71,134.02,133.56,133.81,1411739.0,133.818,7785.0
2023-11-13 17:00:00+00:00,133.81,133.9,133.58,133.72,908985.0,133.73,5826.0
2023-11-13 18:00:00+00:00,133.72,133.94,133.48,133.72,782676.0,133.693,4969.0
2023-11-13 19:00:00+00:00,133.72,134.11,133.66,133.96,1191232.0,133.953,5952.0
2023-11-13 20:00:00+00:00,133.96,134.11,133.57,133.64,2114990.0,133.805,13081.0
2023-11-14 14:30:00+00:00,135.63,136.59,135.42,136.52,2912785.0,136.042,15179.0
2023-11-14 15:00:00+00:00,136.52,137.24,135.83,135.86,2327190.0,136.516,13602.0
2023-11-14 16:00:00+00:00,135.87,136.11,135.52,135.67,1603397.0,135.767,9823.0
2023-11-14 17:00:00+00:00,135.67,136.24,135.52,136.24,1367071.0,135.807,8895.0
2023-11-14 18:00:00+00:00,136.25,136.58,136.14,136.14,1263448.0,136.35,8410.0
2023-11-14 19:00:00+00:00,136.15,136.53,135.91,136.45,1184486.0,136.208,7685.0
2023-11-14 20:00:00+00:00,136.44,136.48,135.1,135.42,3624400.0,135.747,23471.0
2023-11-15 14:30:00+00:00,136.62,136.84,135.44,135.8,1703004.0,136.031,8822.0
2023-11-15 15:00:00+00:00,135.78,136.2,135.48,135.94,1523949.0,135.809,9915.0
2023-11-15 16:00:00+00:00,135.94,136.36,135.68,135.81,1367535.0,136.034,8722.0
2023-11-15 17:00:00+00:00,135.82,136.04,135.67,135.72,804473.0,135.881,5257.0
2023-11-15 18:00:00+00:00,135.71,136.24,135.33,136.19,1057798.0,135.797,6579.0
2023-11-15 19:00:00+00:00,136.21,136.36,135.97,136.21,940229.0,136.214,6072.0
2023-11-15 20:00:00+00:00,136.21,136.52,136.01,136.42,2095219.0,136.316,14169.0
2023-11-16 14:30:00+00:00,136.94,137.93,136.08,137.7,2087415.0,137.056,11263.0
2023-11-16 15:00:00+00:00,137.7,138.88,137.66,137.93,2961241.0,138.259,16784.0
2023-11-16 16:00:00+00:00,137.93,138.26,137.53,138.19,1512770.0,137.862,9764.0
2023-11-16 17:00:00+00:00,138.2,138.63,138.15,138.52,1003762.0,138.373,6163.0
2023-11-16 18:00:00+00:00,138.52,138.62,138.03,138.5,1063842.0,138.311,6754.0
2023-11-16 19:00:00+00:00,138.49,138.76,138.37,138.5,1066796.0,138.565,7110.0
2023-11-16 20:00:00+00:00,138.5,138.75,138.3,138.73,2380292.0,138.523,16985.0
2023-11-17 14:30:00+00:00,137.9,138.0,136.86,137.24,3352421.0,137.534,15886.0
2023-11-17 15:00:00+00:00,137.24,137.3,135.83,136.09,2929764.0,136.544,18659.0
2023-11-17 16:00:00+00:00,136.08,136.16,135.48,135.97,2492987.0,135.801,15788.0
2023-11-17 17:00:00+00:00,135.98,136.2,135.72,136.07,1279056.0,135.901,7484.0
2023-11-17 18:00:00+00:00,136.07,136.31,136.04,136.19,1161639.0,136.165,6406.0
2023-11-17 19:00:00+00:00,136.19,136.67,136.19,136.41,1537584.0,136.449,10370.0
2023-11-17 20:00:00+00:00,136.42,137.3,136.22,136.95,4300657.0,136.805,26960.0
2023-11-20 14:30:00+00:00,135.44,137.35,135.44,137.33,2387653.0,136.601,13055.0
2023-11-20 15:00:00+00:00,137.35,137.59,136.66,137.51,2066965.0,137.116,11508.0
2023-11-20 16:00:00+00:00,137.52,138.03,137.43,137.69,1673294.0,137.719,9272.0
2023-11-20 17:00:00+00:00,137.69,138.05,137.52,137.84,1744542.0,137.865,8607.0
2023-11-20 18:00:00+00:00,137.84,138.43,137.83,138.0,1426504.0,138.179,7879.0
2023-11-20 19:00:00+00:00,137.99,138.1,137.73,137.9,1007764.0,137.86,5632.0
2023-11-20 20:00:00+00:00,137.89,138.19,137.77,137.96,2342804.0,137.943,14014.0
2023-11-21 14:30:00+00:00,137.99,138.59,137.73,138.42,1693036.0,138.221,8546.0
2023-11-21 15:00:00+00:00,138.43,138.97,138.08,138.28,1838037.0,138.444,10922.0
2023-11-21 16:00:00+00:00,138.28,138.31,137.7,138.12,1408861.0,137.994,8616.0
2023-11-21 17:00:00+00:00,138.12,138.53,138.08,138.39,1299649.0,138.344,7962.0
2023-11-21 18:00:00+00:00,138.39,138.75,138.09,138.49,1303054.0,138.383,7574.0
2023-11-21 19:00:00+00:00,138.47,138.69,138.29,138.53,1146677.0,138.47,7341.0
2023-11-21 20:00:00+00:00,138.52,138.7,138.36,138.62,1962731.0,138.558,12421.0
2023-11-22 14:30:00+00:00,139.08,141.1,139.0,139.63,2561664.0,140.198,12332.0
2023-11-22 15:00:00+00:00,139.63,140.68,139.36,139.93,1800543.0,139.998,10176.0
2023-11-22 16:00:00+00:00,139.94,140.44,139.89,140.28,1087452.0,140.232,6991.0
2023-11-22 17:00:00+00:00,140.3,140.32,139.82,139.96,1079051.0,140.071,7098.0
2023-11-22 18:00:00+00:00,139.95,140.27,139.77,140.17,924805.0,140.055,5922.0
2023-11-22 19:00:00+00:00,140.18,140.38,139.73,140.02,1040571.0,140.087,6668.0
2023-11-22 20:00:00+00:00,140.01,140.12,139.86,140.02,1987604.0,139.997,13635.0
2023-11-24 14:30:00+00:00,139.55,139.68,138.54,139.05,1286067.0,139.076,6328.0
2023-11-24 15:00:00+00:00,139.05,139.05,137.47,137.59,2004473.0,138.094,11540.0
2023-11-24 16:00:00+00:00,137.6,138.16,137.59,138.12,1194479.0,137.851,7137.0
2023-11-24 17:00:00+00:00,138.1,138.4,138.03,138.3,1409484.0,138.206,8914.0
2023-11-27 14:30:00+00:00,137.57,139.63,137.54,138.29,2868725.0,138.574,15243.0
2023-11-27 15:00:00+00:00,138.31,138.56,137.78,138.09,1878568.0,138.185,10098.0
2023-11-27 16:00:00+00:00,138.1,138.26,137.6,138.22,1404274.0,137.936,8108.0
2023-11-27 17:00:00+00:00,138.23,138.49,138.14,138.48,884677.0,138.264,5322.0
2023-11-27 18:00:00+00:00,138.47,138.67,138.11,138.25,701815.0,138.35,4694.0
2023-11-27 19:00:00+00:00,138.27,138.3,137.81,138.11,899735.0,138.107,5696.0
2023-11-27 20:00:00+00:00,138.1,138.37,137.88,138.04,1970558.0,138.11,12918.0
2023-11-28 14:30:00+00:00,137.63,138.03,137.08,137.15,1402503.0,137.477,7145.0
2023-11-28 15:00:00+00:00,137.17,138.05,137.04,137.88,1733058.0,137.579,10761.0
2023-11-28 16:00:00+00:00,137.88,138.24,137.72,138.16,1456737.0,138.033,8359.0
2023-11-28 17:00:00+00:00,138.16,138.32,137.89,138.01,1110592.0,138.134,7159.0
2023-11-28 18:00:00+00:00,138.01,138.19,137.66,138.09,970132.0,137.943,6424.0
2023-11-28 19:00:00+00:00,138.09,138.3,137.87,138.18,963227.0,138.097,5755.0
2023-11-28 20:00:00+00:00,138.18,138.66,137.96,138.62,2516222.0,138.381,14854.0
2023-11-29 14:30:00+00:00,138.98,139.67,138.98,139.04,1485930.0,139.277,7776.0
2023-11-29 15:00:00+00:00,139.05,139.26,137.33,137.59,2540535.0,138.041,14782.0
2023-11-29 16:00:00+00:00,137.59,137.71,136.82,137.39,1661993.0,137.238,10337.0
2023-11-29 17:00:00+00:00,137.39,137.47,136.97,137.07,1368719.0,137.176,8707.0
2023-11-29 18:00:00+00:00,137.07,137.15,136.61,136.83,1662888.0,136.87,9107.0
2023-11-29 19:00:00+00:00,136.82,136.97,136.47,136.62,1110974.0,136.727,6357.0
2023-11-29 20:00:00+00:00,136.62,136.64,136.29,136.41,3562740.0,136.419,19210.0
2023-11-30 14:30:00+00:00,136.41,136.96,135.39,135.4,2048820.0,136.081,11712.0
2023-11-30 15:00:00+00:00,135.4,135.45,133.83,134.14,3474446.0,134.621,20065.0
2023-11-30 16:00:00+00:00,134.14,134.33,133.37,133.39,2055084.0,133.777,12329.0
2023-11-30 17:00:00+00:00,133.39,133.79,133.18,133.25,1515391.0,133.437,9905.0
2023-11-30 18:00:00+00:00,133.25,133.28,132.79,132.94,1312134.0,133.014,8365.0
2023-11-30 19:00:00+00:00,132.94,133.53,132.92,133.51,1538532.0,133.186,9827.0
2023-11-30 20:00:00+00:00,133.51,134.17,132.92,133.9,5106287.0,133.515,32179.0
2023-12-01 14:30:00+00:00,133.32,133.5,132.36,132.47,2790243.0,132.865,16120.0
2023-12-01 15:00:00+00:00,132.48,133.2,132.15,132.33,2717852.0,132.574,16701.0
2023-12-01 16:00:00+00:00,132.33,133.07,132.16,132.88,2797502.0,132.591,17666.0
2023-12-01 17:00:00+00:00,132.89,133.48,132.8,133.36,1656759.0,133.192,10915.0
2023-12-01 18:00:00+00:00,133.34,133.43,132.89,132.96,1485025.0,133.133,9710.0
2023-12-01 19:00:00+00:00,132.96,133.28,132.41,133.19,2242890.0,132.839,8628.0
2023-12-01 20:00:00+00:00,133.19,133.41,133.02,133.32,2757798.0,133.257,17334.0
2023-12-04 14:30:00+00:00,131.33,131.45,130.01,130.57,2946455.0,130.649,15439.0
2023-12-04 15:00:00+00:00,130.56,130.83,129.4,129.66,3157919.0,129.897,17531.0
2023-12-04 16:00:00+00:00,129.67,130.23,129.4,130.19,2112068.0,129.756,13144.0
2023-12-04 17:00:00+00:00,130.19,130.61,129.97,130.53,1667126.0,130.303,10251.0
2023-12-04 18:00:00+00:00,130.51,130.52,129.92,129.96,1245180.0,130.201,8137.0
2023-12-04 19:00:00+00:00,129.96,130.54,129.59,130.11,2173718.0,130.04,14470.0
2023-12-04 20:00:00+00:00,130.11,130.78,130.03,130.67,3074771.0,130.554,21155.0
2023-12-05 14:30:00+00:00,130.28,131.93,129.73,131.92,1865599.0,130.948,10164.0
2023-12-05 15:00:00+00:00,131.9,133.32,131.63,133.16,2891130.0,132.394,18883.0
2023-12-05 16:00:00+00:00,133.17,133.54,131.98,132.21,2037609.0,132.689,12529.0
2023-12-05 17:00:00+00:00,132.21,132.44,131.81,132.18,1251350.0,132.212,7455.0
2023-12-05 18:00:00+00:00,132.17,132.2,131.82,131.98,1109177.0,131.958,7004.0
2023-12-05 19:00:00+00:00,131.97,132.43,131.81,132.39,1010701.0,132.055,6307.0
2023-12-05 20:00:00+00:00,132.39,132.56,132.13,132.4,2589107.0,132.347,16313.0
2023-12-06 14:30:00+00:00,132.89,133.31,132.58,132.67,1653815.0,132.967,9495.0
2023-12-06 15:00:00+00:00,132.65,132.97,131.97,132.81,2345543.0,132.517,14511.0
2023-12-06 16:00:00+00:00,132.81,132.88,131.84,132.31,1208913.0,132.307,8304.0
2023-12-06 17:00:00+00:00,132.3,132.47,131.85,131.89,964321.0,132.184,6023.0
2023-12-06 18:00:00+00:00,131.88,132.12,131.68,132.02,1048960.0,131.879,7032.0
2023-12-06 19:00:00+00:00,132.02,132.15,131.8,131.93,877793.0,131.974,5460.0
2023-12-06 20:00:00+00:00,131.92,131.96,131.31,131.44,2491381.0,131.549,15535.0
2023-12-07 14:30:00+00:00,136.6,139.48,136.23,138.47,8007677.0,138.397,42147.0
2023-12-07 15:00:00+00:00,138.47,138.85,137.6,138.32,4310035.0,138.228,25717.0
2023-12-07 16:00:00+00:00,138.32,138.59,137.29,138.58,2600769.0,138.019,14987.0
2023-12-07 17:00:00+00:00,138.58,140.0,138.55,139.36,4030681.0,139.439,21615.0
2023-12-07 18:00:00+00:00,139.36,139.41,138.26,138.74,2136752.0,138.715,11284.0
2023-12-07 19:00:00+00:00,138.73,138.88,138.31,138.52,1792253.0,138.61,11125.0
2023-12-07 20:00:00+00:00,138.52,138.84,138.15,138.42,3642303.0,138.451,23552.0
2023-12-08 14:30:00+00:00,135.66,136.93,135.57,136.37,3621111.0,136.392,19354.0
2023-12-08 15:00:00+00:00,136.38,137.99,136.38,137.12,3320039.0,137.17,18542.0
2023-12-08 16:00:00+00:00,137.13,137.22,136.24,136.28,1747795.0,136.619,10559.0
2023-12-08 17:00:00+00:00,136.28,136.61,135.82,136.53,1539579.0,136.295,8784.0
2023-12-08 18:00:00+00:00,136.53,136.62,136.21,136.45,1308736.0,136.41,7504.0
2023-12-08 19:00:00+00:00,136.46,136.89,136.3,136.79,1165250.0,136.592,6323.0
2023-12-08 20:00:00+00:00,136.79,136.79,136.46,136.58,2593014.0,136.657,16103.0
2023-12-11 14:30:00+00:00,133.86,134.56,132.89,134.39,4276196.0,133.772,23789.0
2023-12-11 15:00:00+00:00,134.39,134.52,133.41,134.03,2650912.0,133.969,16758.0
2023-12-11 16:00:00+00:00,134.04,134.04,133.36,133.72,1631600.0,133.643,10488.0
2023-12-11 17:00:00+00:00,133.72,134.13,133.55,134.02,1179598.0,133.862,7825.0
2023-12-11 18:00:00+00:00,134.02,134.33,133.95,134.11,1409490.0,134.173,8814.0
2023-12-11 19:00:00+00:00,134.11,134.32,133.92,134.31,1231594.0,134.104,8596.0
2023-12-11 20:00:00+00:00,134.31,134.79,134.19,134.71,2507477.0,134.523,16611.0
2023-12-12 14:30:00+00:00,133.21,134.54,132.83,133.68,2800944.0,133.674,15614.0
2023-12-12 15:00:00+00:00,133.68,133.98,133.48,133.78,2520776.0,133.756,13625.0
2023-12-12 16:00:00+00:00,133.8,134.03,133.59,133.67,1545937.0,133.764,9099.0
2023-12-12 17:00:00+00:00,133.67,133.82,133.41,133.8,1140636.0,133.628,6466.0
2023-12-12 18:00:00+00:00,133.8,134.14,133.75,134.06,1369718.0,133.949,8127.0
2023-12-12 19:00:00+00:00,134.06,134.11,133.43,133.52,2127694.0,133.683,12670.0
2023-12-12 20:00:00+00:00,133.52,133.85,133.35,133.64,5786140.0,133.543,33139.0
2023-12-13 14:30:00+00:00,134.55,134.78,133.64,133.93,2825485.0,134.169,14132.0
2023-12-13 15:00:00+00:00,133.92,134.32,133.79,134.09,1999575.0,134.032,11783.0
2023-12-13 16:00:00+00:00,134.09,134.19,133.34,133.39,1689494.0,133.68,10433.0
2023-12-13 17:00:00+00:00,133.39,133.5,133.21,133.3,950204.0,133.326,6456.0
2023-12-13 18:00:00+00:00,133.3,133.31,132.95,132.98,1101222.0,133.175,6757.0
2023-12-13 19:00:00+00:00,132.99,134.4,132.99,134.19,3461154.0,133.918,20348.0
2023-12-13 20:00:00+00:00,134.2,134.65,133.33,133.96,5127920.0,133.923,29272.0
2023-12-14 14:30:00+00:00,134.73,135.04,133.72,133.86,2762600.0,134.407,14098.0
2023-12-14 15:00:00+00:00,133.85,133.85,131.92,132.23,4081026.0,132.666,23888.0
2023-12-14 16:00:00+00:00,132.23,132.68,131.59,132.61,2626366.0,132.155,16508.0
2023-12-14 17:00:00+00:00,132.61,132.89,131.91,131.92,1977033.0,132.626,12997.0
2023-12-14 18:00:00+00:00,131.92,131.92,131.06,131.26,2323931.0,131.532,14278.0
2023-12-14 19:00:00+00:00,131.26,132.88,131.25,132.73,2033676.0,132.345,11882.0
2023-12-14 20:00:00+00:00,132.73,133.24,132.6,133.22,4232932.0,132.974,26090.0
2023-12-15 14:30:00+00:00,133.09,134.83,132.63,133.9,7489813.0,133.091,14217.0
2023-12-15 15:00:00+00:00,133.9,134.1,133.08,133.13,3131257.0,133.628,19342.0
2023-12-15 16:00:00+00:00,133.13,133.49,132.9,133.0,1910650.0,133.231,12303.0
2023-12-15 17:00:00+00:00,133.01,133.42,132.78,132.78,1635122.0,133.041,10438.0
2023-12-15 18:00:00+00:00,132.78,133.23,132.7,132.93,1638776.0,132.929,10682.0
2023-12-15 19:00:00+00:00,132.92,133.6,132.83,133.6,1696457.0,133.409,9792.0
2023-12-15 20:00:00+00:00,133.6,133.99,133.5,133.75,4202983.0,133.75,28191.0
2023-12-18 14:30:00+00:00,134.05,136.11,133.77,136.01,2790412.0,135.033,14883.0
2023-12-18 15:00:00+00:00,136.03,137.38,135.97,136.53,3558830.0,136.832,21050.0
2023-12-18 16:00:00+00:00,136.53,137.9,136.43,137.88,2108968.0,137.122,12957.0
2023-12-18 17:00:00+00:00,137.88,138.38,137.12,137.72,2675987.0,137.798,13818.0
2023-12-18 18:00:00+00:00,137.72,137.91,137.37,137.51,1396316.0,137.701,8082.0
2023-12-18 19:00:00+00:00,137.52,137.69,137.31,137.52,1387138.0,137.523,8811.0
2023-12-18 20:00:00+00:00,137.53,137.8,137.09,137.17,3449120.0,137.409,19548.0
2023-12-19 14:30:00+00:00,138.0,138.77,137.62,138.03,2159379.0,138.159,10557.0
2023-12-19 15:00:00+00:00,138.04,138.27,137.45,137.8,1696303.0,137.868,10530.0
2023-12-19 16:00:00+00:00,137.79,138.18,137.67,137.87,1285312.0,137.924,7662.0
2023-12-19 17:00:00+00:00,137.87,137.95,137.53,137.86,869496.0,137.74,5788.0
2023-12-19 18:00:00+00:00,137.85,138.53,137.81,138.44,1436802.0,138.168,8975.0
2023-12-19 19:00:00+00:00,138.44,138.72,138.37,138.38,1026195.0,138.559,6462.0
2023-12-19 20:00:00+00:00,138.38,138.47,137.84,138.12,2370566.0,138.148,13984.0
2023-12-20 14:30:00+00:00,140.33,141.8,139.73,141.14,4850358.0,140.996,23866.0
2023-12-20 15:00:00+00:00,141.15,143.08,141.05,142.37,5680795.0,142.378,33016.0
2023-12-20 16:00:00+00:00,142.36,142.64,141.71,141.85,2108924.0,142.168,13027.0
2023-12-20 17:00:00+00:00,141.84,142.19,141.78,142.15,1693712.0,142.013,10084.0
2023-12-20 18:00:00+00:00,142.16,142.33,141.8,141.97,1302896.0,142.076,7707.0
2023-12-20 19:00:00+00:00,141.95,142.15,140.08,140.12,2514226.0,141.253,15326.0
2023-12-20 20:00:00+00:00,140.13,140.55,139.41,139.65,4923022.0,139.917,29757.0
2023-12-21 14:30:00+00:00,140.73,141.47,140.47,140.99,1928525.0,140.864,9476.0
2023-12-21 15:00:00+00:00,140.99,141.89,140.61,141.39,2441293.0,141.335,14421.0
2023-12-21 16:00:00+00:00,141.39,141.83,141.18,141.22,1438474.0,141.532,8649.0
2023-12-21 17:00:00+00:00,141.24,141.36,140.93,141.27,1480680.0,141.132,9643.0
2023-12-21 18:00:00+00:00,141.27,141.57,141.12,141.45,1345002.0,141.399,8830.0
2023-12-21 19:00:00+00:00,141.44,141.45,141.11,141.35,1142442.0,141.279,7258.0
2023-12-21 20:00:00+00:00,141.36,142.03,141.15,141.79,3022856.0,141.64,18236.0
2023-12-22 14:30:00+00:00,142.14,143.25,142.13,142.62,2502249.0,142.686,12319.0
2023-12-22 15:00:00+00:00,142.62,142.99,142.26,142.28,1732024.0,142.693,11163.0
2023-12-22 16:00:00+00:00,142.28,142.65,142.08,142.17,1517325.0,142.353,10133.0
2023-12-22 17:00:00+00:00,142.17,142.83,142.06,142.82,1264074.0,142.475,7932.0
2023-12-22 18:00:00+00:00,142.81,142.93,142.59,142.59,1021793.0,142.809,6346.0
2023-12-22 19:00:00+00:00,142.59,142.81,142.05,142.8,1887067.0,142.414,10983.0
2023-12-22 20:00:00+00:00,142.8,142.88,142.48,142.76,2709107.0,142.719,17570.0
2023-12-26 14:30:00+00:00,142.91,143.95,142.88,143.52,1352363.0,143.425,6268.0
2023-12-26 15:00:00+00:00,143.51,143.54,142.97,143.05,1230420.0,143.301,7540.0
2023-12-26 16:00:00+00:00,143.06,143.09,142.5,142.89,905330.0,142.87,5459.0
2023-12-26 17:00:00+00:00,142.89,142.9,142.63,142.67,915114.0,142.765,5113.0
2023-12-26 18:00:00+00:00,142.66,142.74,142.53,142.65,599422.0,142.649,3649.0
2023-12-26 19:00:00+00:00,142.65,142.74,142.52,142.64,691390.0,142.608,4028.0
2023-12-26 20:00:00+00:00,142.65,142.98,142.63,142.84,1829924.0,142.794,11464.0
2023-12-27 14:30:00+00:00,142.76,143.32,142.03,142.17,1730720.0,142.59,9294.0
2023-12-27 15:00:00+00:00,142.18,142.2,141.2,141.66,2160061.0,141.599,12220.0
2023-12-27 16:00:00+00:00,141.66,141.69,141.27,141.46,1339079.0,141.503,7117.0
2023-12-27 17:00:00+00:00,141.46,141.64,141.2,141.23,1020502.0,141.436,6216.0
2023-12-27 18:00:00+00:00,141.24,141.75,141.21,141.55,1628675.0,141.566,9581.0
2023-12-27 19:00:00+00:00,141.54,141.54,141.05,141.17,1400092.0,141.299,9182.0
2023-12-27 20:00:00+00:00,141.18,141.51,141.11,141.51,2198081.0,141.316,13481.0
2023-12-28 14:30:00+00:00,141.85,142.27,141.08,141.15,1319434.0,141.599,6064.0
2023-12-28 15:00:00+00:00,141.15,141.76,140.82,141.56,1547233.0,141.281,9700.0
2023-12-28 16:00:00+00:00,141.56,141.68,141.23,141.44,787831.0,141.463,5352.0
2023-12-28 17:00:00+00:00,141.44,141.55,141.3,141.43,694576.0,141.425,4669.0
2023-12-28 18:00:00+00:00,141.43,141.67,141.27,141.52,774683.0,141.5,5390.0
2023-12-28 19:00:00+00:00,141.52,141.75,141.45,141.5,752397.0,141.609,5069.0
2023-12-28 20:00:00+00:00,141.51,141.53,141.14,141.29,2422630.0,141.326,15981.0
2023-12-29 14:30:00+00:00,140.68,141.44,140.51,141.26,1354917.0,140.916,5655.0
2023-12-29 15:00:00+00:00,141.24,141.3,140.47,140.71,1191854.0,140.918,7449.0
2023-12-29 16:00:00+00:00,140.71,140.8,139.9,140.37,1347621.0,140.211,9117.0
2023-12-29 17:00:00+00:00,140.36,140.55,140.06,140.5,862820.0,140.316,6218.0
2023-12-29 18:00:00+00:00,140.5,140.83,140.46,140.71,823290.0,140.683,6006.0
2023-12-29 19:00:00+00:00,140.72,141.18,140.64,141.1,901102.0,140.87,6095.0
2023-12-29 20:00:00+00:00,141.1,141.19,140.64,140.98,2468904.0,140.968,15702.0
2024-01-02 14:30:00+00:00,139.67,140.62,137.82,137.91,2841299.0,139.182,14535.0
2024-01-02 15:00:00+00:00,137.9,138.85,137.74,138.1,1745406.0,138.367,11387.0
2024-01-02 16:00:00+00:00,138.1,139.27,138.1,139.25,1320284.0,138.75,8301.0
2024-01-02 17:00:00+00:00,139.26,139.56,138.82,138.83,1283557.0,139.282,8687.0
2024-01-02 18:00:00+00:00,138.84,139.45,138.76,139.07,939472.0,139.178,5741.0
2024-01-02 19:00:00+00:00,139.07,139.18,138.69,138.71,984845.0,138.926,6032.0
2024-01-02 20:00:00+00:00,138.71,139.66,138.51,139.56,2922494.0,139.166,19376.0
2024-01-03 14:30:00+00:00,138.6,139.9,138.43,139.18,2261493.0,139.167,11716.0
2024-01-03 15:00:00+00:00,139.15,140.16,138.95,140.12,2014033.0,139.582,11133.0
2024-01-03 16:00:00+00:00,140.13,140.38,139.91,140.2,1315399.0,140.163,6529.0
2024-01-03 17:00:00+00:00,140.21,140.72,140.01,140.7,979062.0,140.292,5121.0
2024-01-03 18:00:00+00:00,140.69,140.79,140.29,140.47,864576.0,140.555,4706.0
2024-01-03 19:00:00+00:00,140.47,141.06,140.09,141.0,1784461.0,140.684,9857.0
2024-01-03 20:00:00+00:00,141.01,141.09,140.06,140.35,2520882.0,140.589,16326.0
2024-01-04 14:30:00+00:00,139.87,140.29,139.42,139.75,1042807.0,139.958,6046.0
2024-01-04 15:00:00+00:00,139.74,140.26,139.5,139.92,1575360.0,139.865,10001.0
2024-01-04 16:00:00+00:00,139.93,140.64,139.56,139.58,1360514.0,140.149,8004.0
2024-01-04 17:00:00+00:00,139.58,139.71,138.87,139.07,1345037.0,139.316,8235.0
2024-01-04 18:00:00+00:00,139.06,139.34,138.83,139.07,950819.0,139.098,5807.0
2024-01-04 19:00:00+00:00,139.08,139.09,138.41,138.64,1261280.0,138.67,7574.0
2024-01-04 20:00:00+00:00,138.65,138.85,138.01,138.04,2400865.0,138.344,15583.0
2024-01-05 14:30:00+00:00,138.46,138.73,137.93,138.22,1105749.0,138.431,5969.0
2024-01-05 15:00:00+00:00,138.24,138.81,138.08,138.27,1841211.0,138.42,10734.0
2024-01-05 16:00:00+00:00,138.27,138.4,137.32,137.65,1393716.0,137.75,8291.0
2024-01-05 17:00:00+00:00,137.68,137.75,137.18,137.58,954130.0,137.456,5603.0
2024-01-05 18:00:00+00:00,137.57,137.78,137.15,137.62,1026755.0,137.489,5825.0
2024-01-05 19:00:00+00:00,137.62,137.75,136.97,137.04,1135159.0,137.422,6582.0
2024-01-05 20:00:00+00:00,137.03,137.45,136.85,137.36,2059522.0,137.144,13362.0
2024-01-08 14:30:00+00:00,138.0,138.83,137.88,138.64,1262494.0,138.377,7535.0
2024-01-08 15:00:00+00:00,138.64,139.1,138.23,138.92,1296341.0,138.651,7815.0
2024-01-08 16:00:00+00:00,138.92,139.37,138.84,139.31,1199033.0,139.076,7023.0
2024-01-08 17:00:00+00:00,139.32,139.78,139.22,139.46,938973.0,139.474,5393.0
2024-01-08 18:00:00+00:00,139.45,139.94,139.25,139.86,768109.0,139.647,4618.0
2024-01-08 19:00:00+00:00,139.86,140.46,139.77,140.37,963233.0,140.116,5560.0
2024-01-08 20:00:00+00:00,140.36,140.64,140.16,140.53,2438635.0,140.425,14536.0
2024-01-09 14:30:00+00:00,140.06,141.43,139.79,141.11,1963260.0,140.783,11220.0
2024-01-09 15:00:00+00:00,141.12,141.63,140.85,141.41,2482222.0,141.318,13847.0
2024-01-09 16:00:00+00:00,141.41,142.38,141.4,142.38,1766083.0,141.885,9724.0
2024-01-09 17:00:00+00:00,142.38,142.7,142.17,142.54,1159950.0,142.481,6871.0
2024-01-09 18:00:00+00:00,142.55,142.8,142.08,142.37,1609091.0,142.456,9091.0
2024-01-09 19:00:00+00:00,142.37,142.54,142.04,142.15,1101376.0,142.272,6276.0
2024-01-09 20:00:00+00:00,142.15,142.62,141.84,142.55,2766581.0,142.299,17083.0
2024-01-10 14:30:00+00:00,142.53,144.04,142.46,143.27,1977131.0,143.273,9207.0
2024-01-10 15:00:00+00:00,143.26,143.43,142.56,143.39,1384895.0,143.07,8138.0
2024-01-10 16:00:00+00:00,143.4,143.54,142.93,143.25,1062270.0,143.285,6522.0
2024-01-10 17:00:00+00:00,143.26,143.83,143.12,143.78,929423.0,143.493,5066.0
2024-01-10 18:00:00+00:00,143.79,144.04,143.66,143.91,1285204.0,143.885,7519.0
2024-01-10 19:00:00+00:00,143.9,144.53,143.89,144.28,1734952.0,144.235,9053.0
2024-01-10 20:00:00+00:00,144.28,144.29,143.3,143.77,2798208.0,143.734,17588.0
2024-01-11 14:30:00+00:00,144.93,146.66,144.54,144.91,2188548.0,145.389,11933.0
2024-01-11 15:00:00+00:00,144.97,145.02,143.57,143.68,1912437.0,144.33,11846.0
2024-01-11 16:00:00+00:00,143.66,143.82,142.56,142.59,1575002.0,143.101,9871.0
2024-01-11 17:00:00+00:00,142.59,142.89,142.21,142.44,1381754.0,142.573,7959.0
2024-01-11 18:00:00+00:00,142.44,143.45,142.43,143.39,1083608.0,142.971,7070.0
2024-01-11 19:00:00+00:00,143.4,143.96,143.17,143.91,1069196.0,143.529,7096.0
2024-01-11 20:00:00+00:00,143.93,143.94,143.26,143.68,1927544.0,143.577,12422.0
2024-01-12 14:30:00+00:00,144.2,144.48,143.36,143.87,1463040.0,144.008,9005.0
2024-01-12 15:00:00+00:00,143.9,144.21,143.49,144.15,1283217.0,143.913,7993.0
2024-01-12 16:00:00+00:00,144.15,144.74,144.04,144.15,1106989.0,144.381,7180.0
2024-01-12 17:00:00+00:00,144.15,144.62,144.04,144.52,794394.0,144.337,4883.0
2024-01-12 18:00:00+00:00,144.53,144.74,144.43,144.5,690926.0,144.581,3895.0
2024-01-12 19:00:00+00:00,144.5,144.67,144.25,144.34,779025.0,144.494,4611.0
2024-01-12 20:00:00+00:00,144.33,144.42,144.15,144.25,1723404.0,144.274,11435.0
2024-01-16 14:30:00+00:00,143.43,145.84,143.32,144.98,2726422.0,144.591,15279.0
2024-01-16 15:00:00+00:00,144.98,145.13,144.49,144.59,1774119.0,144.841,11752.0
2024-01-16 16:00:00+00:00,144.59,144.67,143.88,143.97,1672950.0,144.269,11018.0
2024-01-16 17:00:00+00:00,143.97,144.09,143.34,143.39,1236359.0,143.729,8221.0
2024-01-16 18:00:00+00:00,143.39,143.81,143.25,143.36,1077525.0,143.497,7118.0
2024-01-16 19:00:00+00:00,143.36,143.69,143.05,143.62,1112330.0,143.404,7057.0
2024-01-16 20:00:00+00:00,143.63,144.1,143.5,144.08,1863432.0,143.769,12840.0
2024-01-17 14:30:00+00:00,142.92,143.41,140.82,140.97,2200907.0,141.928,13389.0
2024-01-17 15:00:00+00:00,140.97,142.08,140.51,141.9,2189182.0,141.472,12967.0
2024-01-17 16:00:00+00:00,141.9,142.63,141.9,142.26,1358818.0,142.327,8192.0
2024-01-17 17:00:00+00:00,142.25,142.49,142.05,142.43,1212311.0,142.181,8449.0
2024-01-17 18:00:00+00:00,142.43,142.66,141.62,141.88,1625920.0,142.001,9519.0
2024-01-17 19:00:00+00:00,141.88,142.47,141.82,142.38,1092599.0,142.224,7573.0
2024-01-17 20:00:00+00:00,142.38,143.05,142.28,142.88,2782336.0,142.711,18354.0
2024-01-18 14:30:00+00:00,143.45,144.69,143.35,144.13,1781579.0,144.093,10026.0
2024-01-18 15:00:00+00:00,144.12,144.85,143.42,144.85,2067550.0,144.004,12660.0
2024-01-18 16:00:00+00:00,144.85,145.59,144.7,145.19,2101486.0,145.125,13069.0
2024-01-18 17:00:00+00:00,145.19,145.27,144.29,144.34,1346541.0,144.685,8851.0
2024-01-18 18:00:00+00:00,144.34,144.66,144.08,144.58,1307414.0,144.327,7657.0
2024-01-18 19:00:00+00:00,144.58,145.54,144.5,145.44,1404060.0,145.155,8800.0
2024-01-18 20:00:00+00:00,145.44,145.46,144.84,144.98,2077070.0,145.084,14586.0
2024-01-19 14:30:00+00:00,146.27,147.24,145.8,146.78,3745951.0,146.477,15151.0
2024-01-19 15:00:00+00:00,146.79,147.56,146.51,147.44,2405206.0,147.006,15421.0
2024-01-19 16:00:00+00:00,147.44,147.93,147.1,147.28,1969899.0,147.562,12384.0
2024-01-19 17:00:00+00:00,147.3,147.44,146.75,147.25,1987779.0,147.158,14066.0
2024-01-19 18:00:00+00:00,147.26,147.76,146.99,147.72,1278887.0,147.383,9237.0
2024-01-19 19:00:00+00:00,147.73,147.75,147.1,147.55,1822146.0,147.469,12115.0
2024-01-19 20:00:00+00:00,147.55,148.04,147.48,147.97,2953306.0,147.761,20483.0
2024-01-22 14:30:00+00:00,148.67,150.02,148.67,149.58,2631032.0,149.506,14491.0
2024-01-22 15:00:00+00:00,149.57,149.71,148.53,148.71,2240019.0,149.194,14537.0
2024-01-22 16:00:00+00:00,148.72,149.0,148.59,148.83,1500243.0,148.822,9134.0
2024-01-22 17:00:00+00:00,148.84,148.97,148.37,148.77,890543.0,148.636,5794.0
2024-01-22 18:00:00+00:00,148.75,148.75,148.3,148.65,811233.0,148.555,5603.0
2024-01-22 19:00:00+00:00,148.67,148.72,148.36,148.57,692110.0,148.543,4845.0
2024-01-22 20:00:00+00:00,148.57,148.59,147.58,147.71,2333635.0,148.044,16454.0
2024-01-23 14:30:00+00:00,147.9,148.49,147.19,148.15,1295307.0,147.976,8437.0
2024-01-23 15:00:00+00:00,148.16,148.86,148.03,148.25,1510727.0,148.496,10293.0
2024-01-23 16:00:00+00:00,148.25,148.27,147.77,148.16,1206645.0,148.022,8193.0
2024-01-23 17:00:00+00:00,148.15,148.24,147.87,148.21,756852.0,148.056,5488.0
2024-01-23 18:00:00+00:00,148.21,148.48,148.15,148.32,700848.0,148.313,4782.0
2024-01-23 19:00:00+00:00,148.32,148.38,148.06,148.27,667675.0,148.222,4774.0
2024-01-23 20:00:00+00:00,148.28,148.83,148.27,148.68,1758046.0,148.568,13333.0
2024-01-24 14:30:00+00:00,150.29,151.09,149.84,150.54,2088098.0,150.438,12246.0
2024-01-24 15:00:00+00:00,150.53,151.52,150.24,151.44,2013265.0,151.102,13391.0
2024-01-24 16:00:00+00:00,151.45,151.57,150.55,150.97,1516855.0,150.92,10800.0
2024-01-24 17:00:00+00:00,150.97,151.24,150.77,151.2,1397835.0,151.012,8848.0
2024-01-24 18:00:00+00:00,151.2,151.27,150.72,150.82,1136089.0,150.959,8268.0
2024-01-24 19:00:00+00:00,150.81,150.96,150.51,150.67,1157497.0,150.719,8368.0
2024-01-24 20:00:00+00:00,150.67,150.75,150.12,150.34,2450176.0,150.382,18483.0
2024-01-25 14:30:00+00:00,151.74,152.49,151.22,152.14,1699451.0,151.922,9458.0
2024-01-25 15:00:00+00:00,152.14,154.67,152.02,154.53,3475846.0,153.429,21992.0
2024-01-25 16:00:00+00:00,154.53,154.76,154.24,154.51,2149387.0,154.529,15177.0
2024-01-25 17:00:00+00:00,154.5,154.67,153.31,153.5,1683571.0,153.979,11424.0
2024-01-25 18:00:00+00:00,153.5,153.92,152.86,152.97,1598020.0,153.357,10644.0
2024-01-25 19:00:00+00:00,152.96,153.43,152.74,153.43,1180069.0,153.0,8551.0
2024-01-25 20:00:00+00:00,153.43,153.69,152.95,153.64,2476387.0,153.291,16502.0
2024-01-26 14:30:00+00:00,152.89,154.08,152.77,153.6,1705066.0,153.424,9209.0
2024-01-26 15:00:00+00:00,153.59,153.97,152.97,153.7,1576084.0,153.528,10786.0
2024-01-26 16:00:00+00:00,153.71,154.06,153.38,153.71,1573799.0,153.708,11556.0
2024-01-26 17:00:00+00:00,153.71,154.11,153.01,153.09,1888111.0,153.636,14197.0
2024-01-26 18:00:00+00:00,153.09,153.52,153.02,153.42,984408.0,153.32,7417.0
2024-01-26 19:00:00+00:00,153.41,153.58,153.1,153.22,1219530.0,153.327,8865.0
2024-01-26 20:00:00+00:00,153.21,153.88,153.16,153.79,3264165.0,153.537,22408.0
2024-01-29 14:30:00+00:00,153.57,154.36,152.92,153.72,2196330.0,153.721,12401.0
2024-01-29 15:00:00+00:00,153.74,153.93,152.98,153.09,2044013.0,153.38,13543.0
2024-01-29 16:00:00+00:00,153.09,153.73,152.96,153.56,1395150.0,153.453,9840.0
2024-01-29 17:00:00+00:00,153.56,154.05,153.3,153.94,1339377.0,153.708,9649.0
2024-01-29 18:00:00+00:00,153.95,154.05,153.8,153.94,1032981.0,153.913,7400.0
2024-01-29 19:00:00+00:00,153.94,154.46,153.86,154.46,1093773.0,154.176,7655.0
2024-01-29 20:00:00+00:00,154.47,155.2,154.46,154.88,3181875.0,154.878,21200.0
2024-01-30 14:30:00+00:00,154.01,155.04,153.83,154.51,2419047.0,154.548,12338.0
2024-01-30 15:00:00+00:00,154.52,154.59,153.8,154.15,2911128.0,154.19,18743.0
2024-01-30 16:00:00+00:00,154.15,154.49,153.67,153.72,1885441.0,153.952,12848.0
2024-01-30 17:00:00+00:00,153.72,153.92,153.1,153.73,1903083.0,153.532,12834.0
2024-01-30 18:00:00+00:00,153.72,153.89,153.36,153.52,1493087.0,153.656,9383.0
2024-01-30 19:00:00+00:00,153.52,153.74,153.25,153.45,1448214.0,153.527,10275.0
2024-01-30 20:00:00+00:00,153.44,153.63,152.77,152.92,3281159.0,153.201,21842.0
2024-01-31 14:30:00+00:00,145.44,145.59,142.73,144.5,6908782.0,144.215,40230.0
2024-01-31 15:00:00+00:00,144.51,144.6,142.89,143.3,4296233.0,143.674,27503.0
2024-01-31 16:00:00+00:00,143.3,143.98,142.91,143.36,3231171.0,143.534,18973.0
2024-01-31 17:00:00+00:00,143.36,143.66,142.32,142.7,2984553.0,142.884,17435.0
2024-01-31 18:00:00+00:00,142.69,143.78,142.62,143.47,2058420.0,143.19,12208.0
2024-01-31 19:00:00+00:00,143.48,143.98,142.82,143.12,2596071.0,143.384,15156.0
2024-01-31 20:00:00+00:00,143.12,143.17,141.55,141.73,5325022.0,142.184,34394.0
2024-02-01 14:30:00+00:00,143.65,144.62,143.03,143.97,3580047.0,143.67,17956.0
2024-02-01 15:00:00+00:00,143.95,144.04,142.93,143.6,3207352.0,143.493,21408.0
2024-02-01 16:00:00+00:00,143.59,143.89,142.72,142.88,1675010.0,143.283,10562.0
2024-02-01 17:00:00+00:00,142.88,143.31,142.28,143.04,2055096.0,142.829,13765.0
2024-02-01 18:00:00+00:00,143.05,143.07,142.26,142.44,1422119.0,142.621,9328.0
2024-02-01 19:00:00+00:00,142.44,143.35,142.35,143.29,1534101.0,142.87,10572.0
2024-02-01 20:00:00+00:00,143.29,143.38,142.39,142.72,2911234.0,142.884,18847.0
2024-02-02 14:30:00+00:00,140.89,141.31,138.17,139.79,7903152.0,139.966,46840.0
2024-02-02 15:00:00+00:00,139.78,141.52,139.31,141.01,5284639.0,140.409,32050.0
2024-02-02 16:00:00+00:00,141.01,142.17,140.59,142.16,3656143.0,141.451,23365.0
2024-02-02 17:00:00+00:00,142.16,142.98,141.83,142.07,2528718.0,142.338,15977.0
2024-02-02 18:00:00+00:00,142.08,142.25,141.75,142.21,2409673.0,142.049,15563.0
2024-02-02 19:00:00+00:00,142.22,143.58,142.21,143.24,2577052.0,143.071,17250.0
2024-02-02 20:00:00+00:00,143.23,143.88,143.01,143.53,4590896.0,143.55,31504.0
2024-02-05 14:30:00+00:00,143.97,146.51,143.91,146.13,4525293.0,145.269,20306.0
2024-02-05 15:00:00+00:00,146.13,146.67,144.72,145.09,3775896.0,145.811,22637.0
2024-02-05 16:00:00+00:00,145.09,145.25,144.64,144.92,2030964.0,144.94,12441.0
2024-02-05 17:00:00+00:00,144.92,145.49,144.52,145.43,2143396.0,144.955,12811.0
2024-02-05 18:00:00+00:00,145.43,145.85,144.67,144.88,1654849.0,145.315,10298.0
2024-02-05 19:00:00+00:00,144.88,145.57,144.5,145.46,1474613.0,145.166,9068.0
2024-02-05 20:00:00+00:00,145.47,145.47,144.82,144.9,2723321.0,145.076,17797.0
2024-02-06 14:30:00+00:00,145.95,146.74,145.47,145.62,2000499.0,146.012,9779.0
2024-02-06 15:00:00+00:00,145.62,145.93,145.11,145.59,1915959.0,145.495,13176.0
2024-02-06 16:00:00+00:00,145.59,146.15,145.21,145.53,2365160.0,145.836,13750.0
2024-02-06 17:00:00+00:00,145.55,145.68,144.81,145.02,1630616.0,145.273,10377.0
2024-02-06 18:00:00+00:00,145.02,145.36,144.94,145.05,1210065.0,145.155,8195.0
2024-02-06 19:00:00+00:00,145.05,145.09,144.52,144.93,1510430.0,144.819,9558.0
2024-02-06 20:00:00+00:00,144.93,145.47,144.68,145.45,2480884.0,145.065,15709.0
2024-02-07 14:30:00+00:00,146.12,146.28,145.35,145.49,1541809.0,145.919,8686.0
2024-02-07 15:00:00+00:00,145.49,146.51,145.21,145.91,2660086.0,146.063,17138.0
2024-02-07 16:00:00+00:00,145.92,146.6,145.75,146.34,1402551.0,146.062,9143.0
2024-02-07 17:00:00+00:00,146.33,146.67,145.99,146.25,1406305.0,146.347,8875.0
2024-02-07 18:00:00+00:00,146.25,146.82,145.99,146.58,1380100.0,146.457,8984.0
2024-02-07 19:00:00+00:00,146.58,146.84,146.5,146.73,1061557.0,146.695,6895.0
2024-02-07 20:00:00+00:00,146.72,147.0,146.57,146.78,2798096.0,146.775,18068.0
2024-02-08 14:30:00+00:00,147.04,147.61,146.42,146.67,1878768.0,147.152,9333.0
2024-02-08 15:00:00+00:00,146.68,147.52,146.63,147.44,2071723.0,147.245,12349.0
2024-02-08 16:00:00+00:00,147.44,147.49,146.91,147.08,1425675.0,147.173,8630.0
2024-02-08 17:00:00+00:00,147.08,147.39,146.92,146.97,1258028.0,147.126,8164.0
2024-02-08 18:00:00+00:00,146.97,147.26,146.65,146.7,1341422.0,147.015,8334.0
2024-02-08 19:00:00+00:00,146.69,147.02,146.42,146.94,1202092.0,146.711,7856.0
2024-02-08 20:00:00+00:00,146.94,147.34,146.91,147.21,2457878.0,147.129,15536.0
2024-02-09 14:30:00+00:00,147.95,148.56,147.43,148.53,1597884.0,148.017,8446.0
2024-02-09 15:00:00+00:00,148.54,149.79,148.07,149.74,2896907.0,148.948,19179.0
2024-02-09 16:00:00+00:00,149.74,150.25,149.61,149.97,2791008.0,149.909,17555.0
2024-02-09 17:00:00+00:00,149.96,150.62,149.8,150.48,1819460.0,150.255,10710.0
2024-02-09 18:00:00+00:00,150.48,150.7,150.11,150.18,1454971.0,150.414,8967.0
2024-02-09 19:00:00+00:00,150.18,150.58,149.99,150.43,1209572.0,150.232,7739.0
2024-02-09 20:00:00+00:00,150.43,150.48,150.04,150.21,2675384.0,150.205,18831.0
2024-02-12 14:30:00+00:00,149.61,149.99,149.29,149.59,1791400.0,149.665,10076.0
2024-02-12 15:00:00+00:00,149.6,149.8,149.08,149.76,1805239.0,149.391,12245.0
2024-02-12 16:00:00+00:00,149.76,150.34,149.51,150.23,1397970.0,149.951,8286.0
2024-02-12 17:00:00+00:00,150.23,150.59,149.9,150.11,1018214.0,150.192,6616.0
2024-02-12 18:00:00+00:00,150.12,150.18,149.48,149.71,929061.0,149.842,6331.0
2024-02-12 19:00:00+00:00,149.72,149.83,148.79,148.88,1190359.0,149.374,7692.0
2024-02-12 20:00:00+00:00,148.87,149.25,148.56,148.77,2380196.0,148.919,15859.0
2024-02-13 14:30:00+00:00,146.0,147.43,145.44,147.3,1963578.0,146.274,10404.0
2024-02-13 15:00:00+00:00,147.31,148.04,146.24,147.41,1754867.0,147.24,11799.0
2024-02-13 16:00:00+00:00,147.43,147.83,146.65,146.73,1131519.0,147.255,7608.0
2024-02-13 17:00:00+00:00,146.72,146.99,146.35,146.41,1040857.0,146.7,6096.0
2024-02-13 18:00:00+00:00,146.41,146.61,146.05,146.13,889985.0,146.319,6255.0
2024-02-13 19:00:00+00:00,146.12,146.24,145.33,145.38,1246642.0,145.826,7864.0
2024-02-13 20:00:00+00:00,145.39,146.49,145.11,146.41,2750932.0,145.848,18371.0
2024-02-14 14:30:00+00:00,147.37,147.83,146.33,147.01,1330858.0,147.043,7722.0
2024-02-14 15:00:00+00:00,147.02,147.25,146.17,146.17,1568411.0,146.8,9482.0
2024-02-14 16:00:00+00:00,146.18,146.5,145.79,145.83,1244105.0,146.158,8351.0
2024-02-14 17:00:00+00:00,145.83,146.5,145.55,146.24,1158587.0,146.106,6952.0
2024-02-14 18:00:00+00:00,146.24,146.65,145.97,146.46,993822.0,146.336,5917.0
2024-02-14 19:00:00+00:00,146.46,146.54,146.03,146.4,956712.0,146.301,6205.0
2024-02-14 20:00:00+00:00,146.41,147.27,146.3,147.13,2438197.0,146.945,14845.0
2024-02-15 14:30:00+00:00,144.47,144.76,141.88,142.98,4205814.0,143.227,22773.0
2024-02-15 15:00:00+00:00,142.98,143.86,142.76,143.31,2925943.0,143.276,18744.0
2024-02-15 16:00:00+00:00,143.32,143.35,142.54,142.75,2211761.0,142.869,13863.0
2024-02-15 17:00:00+00:00,142.74,143.81,142.44,143.46,1862506.0,143.249,11288.0
2024-02-15 18:00:00+00:00,143.45,143.92,143.41,143.61,1353105.0,143.695,8573.0
2024-02-15 19:00:00+00:00,143.61,143.7,143.07,143.42,1766613.0,143.409,11052.0
2024-02-15 20:00:00+00:00,143.42,144.07,143.32,143.98,3769249.0,143.787,25832.0
2024-02-16 14:30:00+00:00,144.22,144.48,142.39,142.64,2250193.0,143.722,10597.0
2024-02-16 15:00:00+00:00,142.63,142.74,141.99,142.26,2557404.0,142.324,16474.0
2024-02-16 16:00:00+00:00,142.27,142.98,142.22,142.7,1809953.0,142.632,10527.0
2024-02-16 17:00:00+00:00,142.69,142.79,141.52,141.93,1915685.0,142.207,11262.0
2024-02-16 18:00:00+00:00,141.92,142.45,141.64,142.45,1406285.0,141.922,8468.0
2024-02-16 19:00:00+00:00,142.44,142.64,141.53,141.85,1594856.0,142.162,10846.0
2024-02-16 20:00:00+00:00,141.86,142.3,141.65,141.76,3047900.0,141.937,20745.0
2024-02-20 14:30:00+00:00,140.92,142.44,140.8,141.83,1999827.0,141.52,10318.0
2024-02-20 15:00:00+00:00,141.81,143.14,141.67,143.02,2504032.0,142.274,15575.0
2024-02-20 16:00:00+00:00,143.02,143.33,142.1,142.11,1327249.0,142.869,8005.0
2024-02-20 17:00:00+00:00,142.12,142.49,141.81,142.31,1100082.0,142.105,7084.0
2024-02-20 18:00:00+00:00,142.31,142.48,141.96,142.46,949770.0,142.205,5930.0
2024-02-20 19:00:00+00:00,142.46,142.51,142.08,142.41,846183.0,142.318,5442.0
2024-02-20 20:00:00+00:00,142.41,142.47,141.78,142.24,2762332.0,142.159,20523.0
2024-02-21 14:30:00+00:00,142.53,142.71,141.91,142.3,1281928.0,142.263,7734.0
2024-02-21 15:00:00+00:00,142.3,142.83,142.19,142.71,1258101.0,142.573,8363.0
2024-02-21 16:00:00+00:00,142.72,143.81,142.72,143.47,2054270.0,143.396,12145.0
2024-02-21 17:00:00+00:00,143.47,143.59,143.03,143.5,1118955.0,143.355,7756.0
2024-02-21 18:00:00+00:00,143.5,143.87,143.11,143.31,1070857.0,143.583,7211.0
2024-02-21 19:00:00+00:00,143.31,143.64,142.74,142.98,1259457.0,143.201,9646.0
2024-02-21 20:00:00+00:00,142.97,143.98,142.9,143.85,2153703.0,143.504,15279.0
2024-02-22 14:30:00+00:00,146.12,146.2,144.01,145.86,3100035.0,145.229,15970.0
2024-02-22 15:00:00+00:00,145.87,145.92,144.65,144.68,1824725.0,145.351,11620.0
2024-02-22 16:00:00+00:00,144.69,144.96,144.36,144.37,1623969.0,144.679,9571.0
2024-02-22 17:00:00+00:00,144.37,145.14,144.23,144.99,1240088.0,144.76,7769.0
2024-02-22 18:00:00+00:00,144.98,145.13,144.85,144.95,1316749.0,144.987,7597.0
2024-02-22 19:00:00+00:00,144.96,145.17,144.63,144.83,1256772.0,144.979,7234.0
2024-02-22 20:00:00+00:00,144.82,145.66,144.76,145.27,4008960.0,145.257,23641.0
2024-02-23 14:30:00+00:00,144.97,145.96,144.9,145.68,1773536.0,145.511,9767.0
2024-02-23 15:00:00+00:00,145.69,145.7,145.06,145.15,1528444.0,145.398,9947.0
2024-02-23 16:00:00+00:00,145.16,145.3,144.79,145.3,1146131.0,144.993,7882.0
2024-02-23 17:00:00+00:00,145.31,145.59,145.12,145.24,887693.0,145.37,6111.0
2024-02-23 18:00:00+00:00,145.24,145.48,145.11,145.4,588571.0,145.338,4053.0
2024-02-23 19:00:00+00:00,145.39,145.44,144.88,145.16,793312.0,145.108,5076.0
2024-02-23 20:00:00+00:00,145.17,145.51,144.96,145.31,2015675.0,145.272,13789.0
2024-02-26 14:30:00+00:00,143.45,143.84,141.2,141.55,3640591.0,142.229,19084.0
2024-02-26 15:00:00+00:00,141.54,141.97,140.73,140.73,3469269.0,141.468,19733.0
2024-02-26 16:00:00+00:00,140.74,140.97,140.03,140.18,2926535.0,140.441,16726.0
2024-02-26 17:00:00+00:00,140.19,140.21,139.41,139.42,3152341.0,139.863,16820.0
2024-02-26 18:00:00+00:00,139.43,139.96,139.15,139.92,2517673.0,139.567,13753.0
2024-02-26 19:00:00+00:00,139.91,140.2,139.55,139.56,2207377.0,139.942,12128.0
2024-02-26 20:00:00+00:00,139.58,139.69,138.74,138.75,4837209.0,139.148,27947.0
2024-02-27 14:30:00+00:00,139.4,139.87,138.77,139.09,3099254.0,139.314,16564.0
2024-02-27 15:00:00+00:00,139.07,139.7,138.84,139.39,2517871.0,139.292,16441.0
2024-02-27 16:00:00+00:00,139.39,139.57,139.13,139.22,1738943.0,139.339,10125.0
2024-02-27 17:00:00+00:00,139.23,139.25,138.5,138.84,1920694.0,138.863,11680.0
2024-02-27 18:00:00+00:00,138.83,139.42,138.73,139.36,1798098.0,139.181,11291.0
2024-02-27 19:00:00+00:00,139.37,140.35,139.37,140.27,1605102.0,139.916,8816.0
2024-02-27 20:00:00+00:00,140.28,140.49,139.9,140.1,2542164.0,140.114,15300.0
2024-02-28 14:30:00+00:00,139.09,139.28,137.3,137.7,3166692.0,138.17,17189.0
2024-02-28 15:00:00+00:00,137.71,138.29,137.34,137.49,3124487.0,137.729,18420.0
2024-02-28 16:00:00+00:00,137.5,137.76,136.96,137.32,3240366.0,137.373,17121.0
2024-02-28 17:00:00+00:00,137.33,137.43,137.1,137.21,2176601.0,137.245,11493.0
2024-02-28 18:00:00+00:00,137.21,137.58,136.94,137.26,2141436.0,137.24,12327.0
2024-02-28 19:00:00+00:00,137.25,137.3,136.64,137.18,2607762.0,136.966,14614.0
2024-02-28 20:00:00+00:00,137.18,137.46,137.14,137.45,5383739.0,137.328,32460.0
2024-02-29 14:30:00+00:00,138.39,139.95,138.06,139.7,2953093.0,138.939,15015.0
2024-02-29 15:00:00+00:00,139.69,139.78,138.01,138.17,2618549.0,138.737,16341.0
2024-02-29 16:00:00+00:00,138.18,138.24,137.57,137.94,1935293.0,137.983,11610.0
2024-02-29 17:00:00+00:00,137.94,138.24,137.88,138.2,1134213.0,138.061,7352.0
2024-02-29 18:00:00+00:00,138.19,138.47,138.09,138.13,1415716.0,138.274,8825.0
2024-02-29 19:00:00+00:00,138.13,138.54,138.01,138.32,1164796.0,138.277,7437.0
2024-02-29 20:00:00+00:00,138.32,139.83,138.29,139.65,4822304.0,139.199,28392.0
2024-03-01 14:30:00+00:00,139.59,140.0,138.94,139.25,2069011.0,139.371,11547.0
2024-03-01 15:00:00+00:00,139.27,139.56,138.42,138.57,2963819.0,138.843,17705.0
2024-03-01 16:00:00+00:00,138.58,138.99,138.53,138.83,1741962.0,138.801,11128.0
2024-03-01 17:00:00+00:00,138.83,139.2,138.81,139.11,1886929.0,139.043,11579.0
2024-03-01 18:00:00+00:00,139.11,139.47,139.1,139.25,2091354.0,139.302,11870.0
2024-03-01 19:00:00+00:00,139.26,139.5,139.02,139.28,2104133.0,139.262,12277.0
2024-03-01 20:00:00+00:00,139.29,139.3,137.97,138.07,5943355.0,138.408,36744.0
2024-03-04 14:30:00+00:00,136.47,136.64,133.8,134.31,5386398.0,134.736,27667.0
2024-03-04 15:00:00+00:00,134.3,134.73,133.93,133.99,4626992.0,134.242,26956.0
2024-03-04 16:00:00+00:00,133.99,134.05,132.86,133.19,6561731.0,133.237,38074.0
2024-03-04 17:00:00+00:00,133.19,133.86,133.04,133.72,3158422.0,133.472,21295.0
2024-03-04 18:00:00+00:00,133.73,133.75,133.31,133.51,2635461.0,133.491,15381.0
2024-03-04 19:00:00+00:00,133.52,134.55,133.49,134.44,3161478.0,133.947,18276.0
2024-03-04 20:00:00+00:00,134.44,134.75,134.01,134.16,5906374.0,134.337,35203.0
2024-03-05 14:30:00+00:00,132.74,133.92,132.59,132.76,3945335.0,133.072,18032.0
2024-03-05 15:00:00+00:00,132.77,133.11,131.55,131.79,4050099.0,132.111,24589.0
2024-03-05 16:00:00+00:00,131.8,132.73,131.73,132.71,2471185.0,132.287,13377.0
2024-03-05 17:00:00+00:00,132.71,134.02,132.7,133.72,1960681.0,133.576,11232.0
2024-03-05 18:00:00+00:00,133.72,133.93,133.35,133.36,1525125.0,133.656,9270.0
2024-03-05 19:00:00+00:00,133.37,133.56,133.1,133.19,1323263.0,133.325,8118.0
2024-03-05 20:00:00+00:00,133.19,133.79,133.04,133.79,3319621.0,133.372,21209.0
2024-03-06 14:30:00+00:00,134.31,134.74,132.81,133.07,2479804.0,133.759,12579.0
2024-03-06 15:00:00+00:00,133.07,133.07,131.95,132.17,2861335.0,132.405,18168.0
2024-03-06 16:00:00+00:00,132.18,132.67,132.17,132.59,1849562.0,132.503,11327.0
2024-03-06 17:00:00+00:00,132.59,133.17,132.39,132.52,1861231.0,132.739,12197.0
2024-03-06 18:00:00+00:00,132.53,132.91,132.05,132.66,1673698.0,132.565,11522.0
2024-03-06 19:00:00+00:00,132.65,132.82,132.14,132.26,1827657.0,132.498,12542.0
2024-03-06 20:00:00+00:00,132.25,132.67,132.22,132.53,3089520.0,132.489,20870.0
2024-03-07 14:30:00+00:00,133.97,133.97,132.66,133.49,2419036.0,133.351,12330.0
2024-03-07 15:00:00+00:00,133.49,134.56,133.41,134.21,3228873.0,134.139,18377.0
2024-03-07 16:00:00+00:00,134.21,135.38,134.13,135.12,2502023.0,134.747,14758.0
2024-03-07 17:00:00+00:00,135.11,135.52,135.0,135.49,1958787.0,135.292,11780.0
2024-03-07 18:00:00+00:00,135.48,135.82,135.19,135.73,1470472.0,135.521,8594.0
2024-03-07 19:00:00+00:00,135.73,135.8,135.36,135.52,1345454.0,135.578,8365.0
2024-03-07 20:00:00+00:00,135.51,135.81,135.13,135.21,2770406.0,135.405,17612.0
2024-03-08 14:30:00+00:00,134.93,137.82,134.8,137.78,2555858.0,136.441,13172.0
2024-03-08 15:00:00+00:00,137.78,138.72,137.77,138.64,2871244.0,138.262,17668.0
2024-03-08 16:00:00+00:00,138.63,138.99,137.77,137.78,2977995.0,138.423,21214.0
2024-03-08 17:00:00+00:00,137.79,138.14,137.05,137.11,1831161.0,137.697,12774.0
2024-03-08 18:00:00+00:00,137.11,137.13,135.98,136.66,2089622.0,136.501,13279.0
2024-03-08 19:00:00+00:00,136.66,137.17,136.19,136.97,1886852.0,136.772,12660.0
2024-03-08 20:00:00+00:00,136.97,137.06,136.11,136.28,3205991.0,136.448,22646.0
2024-03-11 13:30:00+00:00,137.07,138.9,137.07,138.5,2370267.0,138.103,14705.0
2024-03-11 14:00:00+00:00,138.5,139.34,138.38,139.09,2486226.0,138.918,17046.0
2024-03-11 15:00:00+00:00,139.08,139.95,138.83,139.93,1878031.0,139.365,12474.0
2024-03-11 16:00:00+00:00,139.94,139.98,139.21,139.62,1558077.0,139.528,10447.0
2024-03-11 17:00:00+00:00,139.63,139.69,139.16,139.28,1462829.0,139.452,9476.0
2024-03-11 18:00:00+00:00,139.28,139.59,139.16,139.5,1339029.0,139.395,9074.0
2024-03-11 19:00:00+00:00,139.5,139.57,138.78,138.95,4277651.0,139.062,28758.0
2024-03-12 13:30:00+00:00,138.19,140.16,138.18,139.63,2199617.0,139.329,12341.0
2024-03-12 14:00:00+00:00,139.63,140.07,139.2,139.32,1587068.0,139.685,10158.0
2024-03-12 15:00:00+00:00,139.33,139.58,139.09,139.48,1252288.0,139.371,8718.0
2024-03-12 16:00:00+00:00,139.47,139.82,139.21,139.55,1619801.0,139.524,10280.0
2024-03-12 17:00:00+00:00,139.56,140.28,139.33,139.54,1532352.0,139.82,9639.0
2024-03-12 18:00:00+00:00,139.55,140.17,139.53,139.94,1234281.0,139.863,7913.0
2024-03-12 19:00:00+00:00,139.93,140.06,139.57,139.6,2569975.0,139.82,16688.0
2024-03-13 13:30:00+00:00,140.06,141.48,140.01,140.84,2395148.0,140.851,12369.0
2024-03-13 14:00:00+00:00,140.85,141.35,140.5,141.23,1744972.0,140.969,10582.0
2024-03-13 15:00:00+00:00,141.24,141.75,140.89,141.53,1521283.0,141.309,9237.0
2024-03-13 16:00:00+00:00,141.53,142.16,141.37,141.96,1890014.0,141.825,11941.0
2024-03-13 17:00:00+00:00,141.96,142.19,141.43,141.74,1187344.0,141.786,7613.0
2024-03-13 18:00:00+00:00,141.73,141.77,141.22,141.29,1107121.0,141.41,7950.0
2024-03-13 19:00:00+00:00,141.28,141.35,140.56,140.78,2312338.0,140.88,15705.0
2024-03-14 13:30:00+00:00,142.3,143.02,141.48,142.39,2432508.0,142.432,14662.0
2024-03-14 14:00:00+00:00,142.38,144.21,141.86,143.65,4569381.0,143.296,26201.0
2024-03-14 15:00:00+00:00,143.65,144.15,143.5,144.0,2573495.0,143.874,16370.0
2024-03-14 16:00:00+00:00,144.0,144.26,143.13,143.54,2126349.0,143.546,14951.0
2024-03-14 17:00:00+00:00,143.55,144.13,143.52,144.09,1863253.0,143.847,12846.0
2024-03-14 18:00:00+00:00,144.1,144.73,144.09,144.33,2974008.0,144.428,21268.0
2024-03-14 19:00:00+00:00,144.32,144.49,143.69,144.36,5391083.0,144.133,37546.0
2024-03-15 13:30:00+00:00,143.93,144.34,142.92,143.19,5162614.0,143.063,11355.0
2024-03-15 14:00:00+00:00,143.18,143.33,142.21,142.38,1879912.0,142.723,11960.0
2024-03-15 15:00:00+00:00,142.39,142.5,141.56,141.71,1867072.0,142.055,11093.0
2024-03-15 16:00:00+00:00,141.71,141.77,141.13,141.25,1698808.0,141.391,9734.0
2024-03-15 17:00:00+00:00,141.25,141.96,141.2,141.91,1436309.0,141.546,8995.0
2024-03-15 18:00:00+00:00,141.93,142.36,141.76,142.13,1192112.0,142.019,8008.0
2024-03-15 19:00:00+00:00,142.14,142.59,141.75,142.18,2734823.0,142.172,18793.0
2024-03-18 13:30:00+00:00,149.36,152.93,149.35,150.89,9559681.0,151.217,51521.0
2024-03-18 14:00:00+00:00,150.89,152.13,149.92,151.81,6440590.0,151.325,38327.0
2024-03-18 15:00:00+00:00,151.78,151.96,150.56,150.64,4133882.0,151.339,27090.0
2024-03-18 16:00:00+00:00,150.64,150.73,148.96,149.07,3278250.0,149.9,19554.0
2024-03-18 17:00:00+00:00,149.07,149.51,148.8,149.19,2297178.0,149.13,13558.0
2024-03-18 18:00:00+00:00,149.2,149.39,148.14,148.36,2078531.0,148.719,12993.0
2024-03-18 19:00:00+00:00,148.36,148.83,148.15,148.49,3519144.0,148.459,23294.0
2024-03-19 13:30:00+00:00,149.01,149.62,147.17,147.24,2205822.0,148.205,11907.0
2024-03-19 14:00:00+00:00,147.24,147.84,147.07,147.5,1888770.0,147.449,10962.0
2024-03-19 15:00:00+00:00,147.5,147.63,147.01,147.32,1161369.0,147.313,7395.0
2024-03-19 16:00:00+00:00,147.33,147.54,147.03,147.53,962785.0,147.266,6087.0
2024-03-19 17:00:00+00:00,147.55,147.99,147.51,147.89,1031224.0,147.77,6351.0
2024-03-19 18:00:00+00:00,147.89,148.02,147.74,147.94,785588.0,147.856,5258.0
2024-03-19 19:00:00+00:00,147.94,148.33,147.57,147.89,1980601.0,147.934,12488.0
2024-03-20 13:30:00+00:00,148.81,149.62,147.93,148.01,1651019.0,148.684,9485.0
2024-03-20 14:00:00+00:00,148.0,148.72,147.95,148.34,1253110.0,148.384,7590.0
2024-03-20 15:00:00+00:00,148.34,148.8,148.09,148.74,1153007.0,148.517,6513.0
2024-03-20 16:00:00+00:00,148.73,148.79,148.18,148.49,613113.0,148.51,4074.0
2024-03-20 17:00:00+00:00,148.48,148.49,147.66,148.11,1007558.0,148.017,5805.0
2024-03-20 18:00:00+00:00,148.13,149.76,148.12,149.28,2513866.0,149.051,16508.0
2024-03-20 19:00:00+00:00,149.31,149.72,149.22,149.67,2491572.0,149.507,16627.0
2024-03-21 13:30:00+00:00,150.31,151.31,150.23,150.53,2060147.0,150.62,10849.0
2024-03-21 14:00:00+00:00,150.51,150.64,148.34,148.44,2613788.0,149.554,15124.0
2024-03-21 15:00:00+00:00,148.43,148.95,148.15,148.46,2492851.0,148.56,16187.0
2024-03-21 16:00:00+00:00,148.46,149.0,148.39,148.58,1131241.0,148.666,7022.0
2024-03-21 17:00:00+00:00,148.58,148.58,148.19,148.44,809718.0,148.366,5073.0
2024-03-21 18:00:00+00:00,148.44,148.68,148.03,148.15,1080929.0,148.376,6541.0
2024-03-21 19:00:00+00:00,148.17,148.97,148.01,148.74,2371545.0,148.659,15356.0
2024-03-22 13:30:00+00:00,150.24,152.23,150.09,151.92,3105848.0,151.282,15293.0
2024-03-22 14:00:00+00:00,151.93,152.55,151.59,152.25,2388870.0,152.117,12265.0
2024-03-22 15:00:00+00:00,152.25,152.56,151.52,151.58,1539059.0,152.118,8657.0
2024-03-22 16:00:00+00:00,151.58,151.83,151.11,151.8,1148132.0,151.42,6562.0
2024-03-22 17:00:00+00:00,151.8,151.89,151.39,151.71,761109.0,151.66,4967.0
2024-03-22 18:00:00+00:00,151.71,151.94,151.45,151.5,776354.0,151.701,4984.0
2024-03-22 19:00:00+00:00,151.5,152.19,151.03,151.73,2392329.0,151.818,14105.0
2024-03-25 13:30:00+00:00,150.9,151.11,148.8,149.74,1928319.0,149.941,8746.0
2024-03-25 14:00:00+00:00,149.74,150.47,149.52,150.07,1567162.0,150.025,9866.0
2024-03-25 15:00:00+00:00,150.09,150.53,150.01,150.53,921446.0,150.225,5625.0
2024-03-25 16:00:00+00:00,150.54,150.85,150.21,150.47,922966.0,150.508,5670.0
2024-03-25 17:00:00+00:00,150.49,150.53,150.28,150.46,604464.0,150.424,3890.0
2024-03-25 18:00:00+00:00,150.46,150.96,150.42,150.93,785874.0,150.616,4781.0
2024-03-25 19:00:00+00:00,150.94,151.46,150.88,151.14,2491744.0,151.15,15073.0
2024-03-26 13:30:00+00:00,151.26,151.92,151.03,151.53,1527614.0,151.454,7137.0
2024-03-26 14:00:00+00:00,151.54,152.27,151.53,152.13,2029054.0,152.016,10899.0
2024-03-26 15:00:00+00:00,152.14,153.2,152.11,152.97,1775213.0,152.638,9612.0
2024-03-26 16:00:00+00:00,152.97,153.09,152.32,152.66,1240655.0,152.621,7366.0
2024-03-26 17:00:00+00:00,152.65,152.84,152.44,152.58,887942.0,152.659,5324.0
2024-03-26 18:00:00+00:00,152.57,152.77,152.28,152.67,1253453.0,152.527,6835.0
2024-03-26 19:00:00+00:00,152.67,152.72,151.62,151.83,2672342.0,151.986,17025.0
2024-03-27 13:30:00+00:00,152.12,152.69,151.39,152.05,1520742.0,152.089,7901.0
2024-03-27 14:00:00+00:00,152.05,152.19,150.75,150.86,1819076.0,151.296,13090.0
2024-03-27 15:00:00+00:00,150.86,150.99,150.13,150.44,1460014.0,150.503,10268.0
2024-03-27 16:00:00+00:00,150.45,151.81,150.45,150.74,1585233.0,151.096,10217.0
2024-03-27 17:00:00+00:00,150.73,150.78,150.45,150.68,810407.0,150.652,5280.0
2024-03-27 18:00:00+00:00,150.69,150.99,150.56,150.71,639200.0,150.755,4309.0
2024-03-27 19:00:00+00:00,150.72,151.96,150.6,151.95,2182782.0,151.519,13895.0
2024-03-28 13:30:00+00:00,152.01,152.55,151.33,151.77,1260168.0,152.078,5927.0
2024-03-28 14:00:00+00:00,151.76,152.04,151.43,151.84,1111183.0,151.767,7614.0
2024-03-28 15:00:00+00:00,151.84,152.12,151.59,151.71,1115411.0,151.846,7481.0
2024-03-28 16:00:00+00:00,151.71,152.13,151.59,152.06,1136311.0,151.868,7770.0
2024-03-28 17:00:00+00:00,152.06,152.19,151.91,152.13,912789.0,152.056,6287.0
2024-03-28 18:00:00+00:00,152.13,152.61,152.05,152.52,1246160.0,152.278,7117.0
2024-03-28 19:00:00+00:00,152.52,152.67,152.14,152.19,2961526.0,152.409,18175.0
2024-04-01 13:30:00+00:00,151.72,157.0,151.65,156.11,5316373.0,154.743,24797.0
2024-04-01 14:00:00+00:00,156.1,156.73,155.67,156.08,2799358.0,156.296,16887.0
2024-04-01 15:00:00+00:00,156.08,156.74,155.72,155.93,2153407.0,156.175,13431.0
2024-04-01 16:00:00+00:00,155.94,156.41,155.9,156.06,1351955.0,156.181,8416.0
2024-04-01 17:00:00+00:00,156.05,156.27,155.85,156.09,1405038.0,156.064,8671.0
2024-04-01 18:00:00+00:00,156.08,156.36,155.88,156.22,1226441.0,156.147,7714.0
2024-04-01 19:00:00+00:00,156.21,156.68,156.01,156.5,2924389.0,156.32,19377.0
2024-04-02 13:30:00+00:00,154.75,155.29,153.46,154.38,2415289.0,154.366,13086.0
2024-04-02 14:00:00+00:00,154.38,155.26,154.02,154.43,1936497.0,154.664,12265.0
2024-04-02 15:00:00+00:00,154.43,155.02,154.16,154.9,1245153.0,154.552,7192.0
2024-04-02 16:00:00+00:00,154.9,155.35,154.78,155.22,857227.0,155.084,4730.0
2024-04-02 17:00:00+00:00,155.23,155.47,154.98,155.45,694687.0,155.192,4816.0
2024-04-02 18:00:00+00:00,155.47,155.6,155.14,155.33,647470.0,155.385,4517.0
2024-04-02 19:00:00+00:00,155.32,155.99,155.29,155.93,2216200.0,155.764,15229.0
2024-04-03 13:30:00+00:00,154.92,155.42,154.13,155.12,1601443.0,154.789,9967.0
2024-04-03 14:00:00+00:00,155.14,156.16,155.13,155.47,1855887.0,155.599,12855.0
2024-04-03 15:00:00+00:00,155.47,155.76,155.35,155.61,1036520.0,155.55,7168.0
2024-04-03 16:00:00+00:00,155.61,156.17,155.41,156.06,1095998.0,155.83,6612.0
2024-04-03 17:00:00+00:00,156.08,156.28,155.77,156.03,625057.0,156.072,3655.0
2024-04-03 18:00:00+00:00,156.03,156.32,155.95,156.1,1061067.0,156.116,7185.0
2024-04-03 19:00:00+00:00,156.1,156.55,155.5,156.38,2692765.0,156.147,16194.0
2024-04-04 13:30:00+00:00,155.08,155.47,153.77,154.18,3610532.0,154.7,21289.0
2024-04-04 14:00:00+00:00,154.18,155.04,153.79,154.88,1925428.0,154.517,12339.0
2024-04-04 15:00:00+00:00,154.88,155.98,154.86,155.96,1353057.0,155.398,8090.0
2024-04-04 16:00:00+00:00,155.96,156.18,155.52,155.63,1107777.0,155.843,7007.0
2024-04-04 17:00:00+00:00,155.63,155.91,155.4,155.42,729965.0,155.7,4888.0
2024-04-04 18:00:00+00:00,155.42,155.42,153.17,153.49,2195044.0,154.149,15171.0
2024-04-04 19:00:00+00:00,153.48,153.56,151.88,151.97,3766507.0,152.53,24370.0
2024-04-05 13:30:00+00:00,151.51,154.18,151.08,154.17,2139793.0,152.742,11681.0
2024-04-05 14:00:00+00:00,154.18,154.4,153.07,154.27,1531633.0,153.787,9595.0
2024-04-05 15:00:00+00:00,154.26,154.65,153.61,154.55,1187567.0,154.137,8330.0
2024-04-05 16:00:00+00:00,154.56,154.84,154.3,154.67,990008.0,154.546,6832.0
2024-04-05 17:00:00+00:00,154.66,154.8,154.02,154.17,894439.0,154.482,6461.0
2024-04-05 18:00:00+00:00,154.19,154.47,153.56,153.8,1116894.0,154.022,8229.0
2024-04-05 19:00:00+00:00,153.8,154.19,153.51,153.86,1947354.0,153.844,13156.0
2024-04-08 13:30:00+00:00,154.01,156.41,153.99,156.29,2027943.0,155.308,10330.0
2024-04-08 14:00:00+00:00,156.3,156.64,155.96,156.49,1826994.0,156.258,12547.0
2024-04-08 15:00:00+00:00,156.49,156.66,155.83,155.98,1325240.0,156.292,8566.0
2024-04-08 16:00:00+00:00,155.98,156.27,155.39,156.22,1071274.0,155.853,7100.0
2024-04-08 17:00:00+00:00,156.21,156.27,155.65,155.93,680737.0,155.953,4719.0
2024-04-08 18:00:00+00:00,155.95,156.09,155.74,155.98,586954.0,155.938,3933.0
2024-04-08 19:00:00+00:00,155.99,156.44,155.77,156.19,2046317.0,156.159,14542.0
2024-04-09 13:30:00+00:00,157.35,159.37,157.35,159.17,3060181.0,158.586,16859.0
2024-04-09 14:00:00+00:00,159.17,159.89,157.23,157.49,3063632.0,158.662,18133.0
2024-04-09 15:00:00+00:00,157.48,157.8,156.76,157.34,1603571.0,157.276,9504.0
2024-04-09 16:00:00+00:00,157.33,158.69,157.3,158.17,1701184.0,158.21,10174.0
2024-04-09 17:00:00+00:00,158.17,158.52,157.61,157.63,1050838.0,158.13,6023.0
2024-04-09 18:00:00+00:00,157.65,157.71,157.17,157.23,1013029.0,157.425,5777.0
2024-04-09 19:00:00+00:00,157.22,158.2,156.64,158.15,2457783.0,157.689,15220.0
2024-04-10 13:30:00+00:00,157.76,158.16,156.21,156.77,1914190.0,157.083,11463.0
2024-04-10 14:00:00+00:00,156.77,157.36,156.65,156.96,1641114.0,157.019,10866.0
2024-04-10 15:00:00+00:00,156.97,157.03,156.2,156.84,1193286.0,156.542,7752.0
2024-04-10 16:00:00+00:00,156.84,157.38,156.56,157.16,1004133.0,157.028,6386.0
2024-04-10 17:00:00+00:00,157.18,157.89,156.45,157.44,1439256.0,157.267,10280.0
2024-04-10 18:00:00+00:00,157.44,157.97,157.23,157.29,1118356.0,157.664,7856.0
2024-04-10 19:00:00+00:00,157.27,157.96,157.17,157.6,1594851.0,157.638,10929.0
2024-04-11 13:30:00+00:00,158.34,159.32,158.08,158.64,1572544.0,158.8,9009.0
2024-04-11 14:00:00+00:00,158.64,158.92,157.93,158.55,1636664.0,158.361,9583.0
2024-04-11 15:00:00+00:00,158.55,159.7,158.55,159.69,1097567.0,159.129,6229.0
2024-04-11 16:00:00+00:00,159.71,159.8,159.31,159.35,813667.0,159.55,5282.0
2024-04-11 17:00:00+00:00,159.36,160.4,159.15,160.33,1491867.0,160.04,9196.0
2024-04-11 18:00:00+00:00,160.36,161.05,160.29,160.79,1443841.0,160.697,9864.0
2024-04-11 19:00:00+00:00,160.8,161.12,160.51,160.78,2256931.0,160.82,15056.0
2024-04-12 13:30:00+00:00,159.35,161.7,159.35,161.16,2323752.0,160.738,14077.0
2024-04-12 14:00:00+00:00,161.2,161.36,159.09,159.17,1842528.0,160.285,11966.0
2024-04-12 15:00:00+00:00,159.19,160.24,158.84,160.03,1326107.0,159.579,8523.0
2024-04-12 16:00:00+00:00,160.03,160.07,159.12,159.12,869601.0,159.646,5277.0
2024-04-12 17:00:00+00:00,159.11,159.28,158.6,158.93,1043564.0,158.906,6324.0
2024-04-12 18:00:00+00:00,158.93,159.29,158.67,158.74,1009282.0,159.002,6213.0
2024-04-12 19:00:00+00:00,158.74,159.25,158.62,159.24,1732846.0,158.966,10921.0
2024-04-15 13:30:00+00:00,160.41,160.6,159.04,160.2,1978587.0,159.841,11034.0
2024-04-15 14:00:00+00:00,160.2,160.83,159.52,159.54,2176046.0,160.018,13532.0
2024-04-15 15:00:00+00:00,159.54,160.33,159.46,160.16,1121851.0,159.916,7962.0
2024-04-15 16:00:00+00:00,160.16,160.28,159.1,159.5,1419329.0,159.548,9887.0
2024-04-15 17:00:00+00:00,159.5,159.75,156.97,157.29,2233534.0,158.152,14849.0
2024-04-15 18:00:00+00:00,157.29,157.38,156.53,156.65,1162972.0,156.935,8289.0
2024-04-15 19:00:00+00:00,156.65,156.76,156.15,156.34,1783171.0,156.468,12905.0
2024-04-16 13:30:00+00:00,155.79,156.73,155.34,156.35,1552114.0,156.053,9432.0
2024-04-16 14:00:00+00:00,156.34,156.63,155.05,155.67,1524145.0,155.853,9678.0
2024-04-16 15:00:00+00:00,155.69,156.71,155.67,156.39,1200072.0,156.086,7671.0
2024-04-16 16:00:00+00:00,156.39,156.6,156.02,156.08,853474.0,156.353,6174.0
2024-04-16 17:00:00+00:00,156.09,156.67,155.6,156.33,1062053.0,156.21,7695.0
2024-04-16 18:00:00+00:00,156.33,157.23,156.05,157.06,1150386.0,156.606,8438.0
2024-04-16 19:00:00+00:00,157.07,157.15,155.93,155.98,1722749.0,156.397,12092.0
2024-04-17 13:30:00+00:00,157.16,158.69,156.76,158.11,1534702.0,157.821,8407.0
2024-04-17 14:00:00+00:00,158.11,158.35,157.39,157.82,1404895.0,157.884,8835.0
2024-04-17 15:00:00+00:00,157.82,158.29,156.97,157.03,992690.0,157.585,6502.0
2024-04-17 16:00:00+00:00,157.03,157.15,156.13,156.29,1158381.0,156.585,8361.0
2024-04-17 17:00:00+00:00,156.3,157.56,156.21,157.52,1097172.0,156.982,7959.0
2024-04-17 18:00:00+00:00,157.52,158.13,157.02,157.36,1010280.0,157.487,7722.0
2024-04-17 19:00:00+00:00,157.34,157.41,156.63,156.9,1815694.0,157.086,13277.0
2024-04-18 13:30:00+00:00,157.02,157.3,156.21,156.72,1313644.0,156.757,8804.0
2024-04-18 14:00:00+00:00,156.72,157.93,156.5,157.78,1321653.0,157.322,8196.0
2024-04-18 15:00:00+00:00,157.79,157.91,157.38,157.5,714319.0,157.665,5026.0
2024-04-18 16:00:00+00:00,157.5,158.49,157.36,157.6,1142384.0,157.921,7340.0
2024-04-18 17:00:00+00:00,157.59,158.31,157.31,158.09,1050849.0,157.838,7411.0
2024-04-18 18:00:00+00:00,158.08,158.25,157.47,157.64,940984.0,157.902,6843.0
2024-04-18 19:00:00+00:00,157.63,158.24,157.37,157.49,1498434.0,157.796,10640.0
2024-04-19 13:30:00+00:00,157.75,157.99,155.96,156.39,2046140.0,157.089,7384.0
2024-04-19 14:00:00+00:00,156.37,156.92,155.52,156.78,1405777.0,156.296,9077.0
2024-04-19 15:00:00+00:00,156.77,156.77,155.89,155.97,1035882.0,156.282,7087.0
2024-04-19 16:00:00+00:00,155.96,156.05,153.91,155.4,1823612.0,154.842,11884.0
2024-04-19 17:00:00+00:00,155.39,156.36,155.31,156.09,979677.0,155.7,6636.0
2024-04-19 18:00:00+00:00,156.08,156.14,154.84,155.33,1401456.0,155.428,10084.0
2024-04-19 19:00:00+00:00,155.32,155.95,154.74,155.71,2596860.0,155.45,17674.0
2024-04-22 13:30:00+00:00,155.93,158.15,155.93,157.37,1868757.0,157.153,11271.0
2024-04-22 14:00:00+00:00,157.4,157.99,155.66,155.77,1432412.0,156.765,10396.0
2024-04-22 15:00:00+00:00,155.76,157.54,155.71,157.53,1123432.0,156.427,7227.0
2024-04-22 16:00:00+00:00,157.54,157.99,157.46,157.64,934292.0,157.695,6054.0
2024-04-22 17:00:00+00:00,157.64,158.76,157.63,158.63,789476.0,158.326,5639.0
2024-04-22 18:00:00+00:00,158.64,159.19,158.39,158.63,741041.0,158.818,4606.0
2024-04-22 19:00:00+00:00,158.63,158.84,157.65,157.94,1463236.0,158.213,9851.0
2024-04-23 13:30:00+00:00,158.59,159.86,157.96,159.22,1672313.0,159.051,9644.0
2024-04-23 14:00:00+00:00,159.29,159.97,158.74,159.93,1353140.0,159.397,8060.0
2024-04-23 15:00:00+00:00,159.94,160.2,159.43,159.96,1158673.0,159.933,6925.0
2024-04-23 16:00:00+00:00,159.96,160.48,159.71,160.18,1001657.0,160.161,5881.0
2024-04-23 17:00:00+00:00,160.17,160.44,159.98,160.27,820065.0,160.23,5285.0
2024-04-23 18:00:00+00:00,160.26,160.3,159.72,159.9,733671.0,159.999,5053.0
2024-04-23 19:00:00+00:00,159.89,160.0,159.52,159.89,1855109.0,159.788,13257.0
2024-04-24 13:30:00+00:00,159.12,160.73,158.82,159.48,2026632.0,159.963,11814.0
2024-04-24 14:00:00+00:00,159.53,160.09,159.25,159.85,1633489.0,159.739,10843.0
2024-04-24 15:00:00+00:00,159.85,160.0,159.2,159.31,1438007.0,159.656,9830.0
2024-04-24 16:00:00+00:00,159.3,159.81,159.21,159.52,930600.0,159.448,6765.0
2024-04-24 17:00:00+00:00,159.51,160.77,159.44,160.75,1467296.0,160.133,7776.0
2024-04-24 18:00:00+00:00,160.75,160.77,160.03,160.18,1259603.0,160.364,8203.0
2024-04-24 19:00:00+00:00,160.18,161.39,160.04,161.04,2838937.0,160.968,16711.0
2024-04-25 13:30:00+00:00,153.3,155.4,152.76,154.8,4499336.0,154.101,26404.0
2024-04-25 14:00:00+00:00,154.81,156.8,154.16,156.58,2725639.0,155.864,16530.0
2024-04-25 15:00:00+00:00,156.58,157.86,156.42,157.73,2097996.0,157.101,12480.0
2024-04-25 16:00:00+00:00,157.72,158.01,157.14,157.26,2118026.0,157.591,13956.0
2024-04-25 17:00:00+00:00,157.25,157.97,156.72,157.97,1762477.0,157.24,9462.0
2024-04-25 18:00:00+00:00,157.97,158.28,157.31,157.39,1545398.0,157.739,9419.0
2024-04-25 19:00:00+00:00,157.38,158.06,157.36,157.84,3741140.0,157.757,25224.0
2024-04-26 13:30:00+00:00,176.1,176.42,173.46,173.79,10571206.0,174.61,59121.0
2024-04-26 14:00:00+00:00,173.83,173.95,171.4,173.6,7216012.0,172.831,41011.0
2024-04-26 15:00:00+00:00,173.62,174.13,172.33,173.57,4987917.0,173.318,25682.0
2024-04-26 16:00:00+00:00,173.57,174.22,173.15,173.78,2952807.0,173.615,17149.0
2024-04-26 17:00:00+00:00,173.78,174.14,173.49,173.85,2355046.0,173.824,13899.0
2024-04-26 18:00:00+00:00,173.85,173.96,172.37,173.02,3354583.0,172.949,20441.0
2024-04-26 19:00:00+00:00,173.02,173.87,172.89,173.6,5472625.0,173.576,32031.0
2024-04-29 13:30:00+00:00,170.63,171.38,168.91,170.47,6708528.0,170.012,29778.0
2024-04-29 14:00:00+00:00,170.46,170.65,169.58,169.75,4121664.0,170.101,25488.0
2024-04-29 15:00:00+00:00,169.75,169.95,168.46,169.15,3095393.0,169.141,17951.0
2024-04-29 16:00:00+00:00,169.15,169.36,168.37,168.72,1811433.0,168.822,11426.0
2024-04-29 17:00:00+00:00,168.72,169.04,168.2,168.77,1893116.0,168.666,10019.0
2024-04-29 18:00:00+00:00,168.77,168.78,167.83,167.89,1869930.0,168.275,10879.0
2024-04-29 19:00:00+00:00,167.89,168.13,167.06,167.9,4291383.0,167.687,24227.0
2024-04-30 13:30:00+00:00,167.41,169.87,167.35,169.14,2261017.0,168.678,9664.0
2024-04-30 14:00:00+00:00,169.15,169.51,167.7,167.79,2174796.0,168.441,14113.0
2024-04-30 15:00:00+00:00,167.79,167.8,166.97,167.16,1827178.0,167.317,11830.0
2024-04-30 16:00:00+00:00,167.14,167.2,165.75,166.15,1875622.0,166.581,11229.0
2024-04-30 17:00:00+00:00,166.16,166.38,165.67,165.92,1295235.0,166.027,8040.0
2024-04-30 18:00:00+00:00,165.93,166.3,165.49,165.5,1111260.0,165.975,7740.0
2024-04-30 19:00:00+00:00,165.49,166.15,164.5,164.58,3812946.0,165.303,22815.0
2024-05-01 13:30:00+00:00,166.19,166.19,164.9,166.13,2007440.0,165.697,10332.0
2024-05-01 14:00:00+00:00,166.15,167.39,165.82,166.88,2321292.0,166.888,13688.0
2024-05-01 15:00:00+00:00,166.87,167.58,166.79,167.38,1413105.0,167.21,8378.0
2024-05-01 16:00:00+00:00,167.38,167.73,166.58,166.65,1234009.0,167.266,8097.0
2024-05-01 17:00:00+00:00,166.66,166.77,165.85,166.62,1340017.0,166.189,7975.0
2024-05-01 18:00:00+00:00,166.63,168.07,166.17,168.02,2722864.0,167.143,17635.0
2024-05-01 19:00:00+00:00,168.03,168.81,165.5,165.5,3646827.0,167.025,22736.0
2024-05-02 13:30:00+00:00,166.57,167.47,165.69,167.21,1888480.0,166.693,9786.0
2024-05-02 14:00:00+00:00,167.21,167.75,166.35,167.07,1261944.0,167.024,8107.0
2024-05-02 15:00:00+00:00,167.1,167.21,166.3,166.93,1203189.0,166.815,6259.0
2024-05-02 16:00:00+00:00,166.94,167.09,166.41,166.76,829197.0,166.806,5153.0
2024-05-02 17:00:00+00:00,166.77,167.48,166.69,167.41,929052.0,167.15,5491.0
2024-05-02 18:00:00+00:00,167.41,168.2,167.32,168.13,1477213.0,167.869,8657.0
2024-05-02 19:00:00+00:00,168.14,168.53,167.45,168.46,2415972.0,168.046,15852.0
2024-05-03 13:30:00+00:00,169.54,169.85,167.69,167.74,2481162.0,168.592,12909.0
2024-05-03 14:00:00+00:00,167.75,168.27,164.98,165.8,4166504.0,166.162,22822.0
2024-05-03 15:00:00+00:00,165.82,167.54,165.75,167.08,2142730.0,166.956,11191.0
2024-05-03 16:00:00+00:00,167.08,167.84,166.99,167.58,996533.0,167.451,5423.0
2024-05-03 17:00:00+00:00,167.58,168.25,167.55,168.04,1044724.0,168.008,5540.0
2024-05-03 18:00:00+00:00,168.05,168.72,168.03,168.57,1238261.0,168.395,6511.0
2024-05-03 19:00:00+00:00,168.56,169.22,168.45,169.02,2064143.0,168.844,12096.0
2024-05-06 13:30:00+00:00,169.16,169.9,167.99,168.96,1521751.0,169.136,6750.0
2024-05-06 14:00:00+00:00,168.98,169.02,167.89,168.36,1854277.0,168.44,9310.0
2024-05-06 15:00:00+00:00,168.37,169.06,168.18,168.54,1050588.0,168.708,5849.0
2024-05-06 16:00:00+00:00,168.55,169.04,167.96,168.98,1243104.0,168.462,7131.0
2024-05-06 17:00:00+00:00,168.98,169.14,168.6,168.89,744687.0,168.873,4550.0
2024-05-06 18:00:00+00:00,168.89,169.29,168.85,169.21,941323.0,169.076,5988.0
2024-05-06 19:00:00+00:00,169.21,169.88,168.58,169.85,1978768.0,169.144,12752.0
2024-05-07 13:30:00+00:00,170.07,172.87,170.0,171.94,3437666.0,171.583,16963.0
2024-05-07 14:00:00+00:00,171.91,172.5,171.46,172.45,1592313.0,171.981,9313.0
2024-05-07 15:00:00+00:00,172.45,172.79,172.27,172.63,1296139.0,172.546,7696.0
2024-05-07 16:00:00+00:00,172.63,173.47,172.59,172.97,1627154.0,173.004,9552.0
2024-05-07 17:00:00+00:00,172.98,173.12,172.4,172.54,978772.0,172.832,6087.0
2024-05-07 18:00:00+00:00,172.56,172.68,172.21,172.65,974404.0,172.513,5972.0
2024-05-07 19:00:00+00:00,172.66,173.2,172.18,173.03,2258641.0,172.734,15526.0
2024-05-08 13:30:00+00:00,170.75,171.55,170.52,171.54,1661571.0,171.049,8650.0
2024-05-08 14:00:00+00:00,171.54,171.91,171.23,171.5,1572267.0,171.61,8349.0
2024-05-08 15:00:00+00:00,171.52,171.9,171.19,171.53,784430.0,171.586,5180.0
2024-05-08 16:00:00+00:00,171.52,171.82,171.15,171.22,724241.0,171.527,4392.0
2024-05-08 17:00:00+00:00,171.23,171.45,170.94,171.43,680973.0,171.19,4256.0
2024-05-08 18:00:00+00:00,171.42,171.62,171.28,171.49,774945.0,171.449,5170.0
2024-05-08 19:00:00+00:00,171.48,171.53,171.04,171.13,1432836.0,171.296,9785.0
2024-05-09 13:30:00+00:00,171.15,172.44,170.42,170.58,1108824.0,171.063,6372.0
2024-05-09 14:00:00+00:00,170.58,170.89,169.93,170.77,1465955.0,170.331,9050.0
2024-05-09 15:00:00+00:00,170.78,171.12,170.6,170.69,693237.0,170.862,4301.0
2024-05-09 16:00:00+00:00,170.68,171.05,170.57,170.94,641251.0,170.826,4218.0
2024-05-09 17:00:00+00:00,170.94,171.11,170.7,170.72,1118042.0,170.93,7172.0
2024-05-09 18:00:00+00:00,170.72,171.19,170.6,171.11,788154.0,170.867,4917.0
2024-05-09 19:00:00+00:00,171.12,171.64,171.01,171.62,1557340.0,171.31,10190.0
2024-05-10 13:30:00+00:00,169.69,170.19,168.86,169.9,1619267.0,169.587,7752.0
2024-05-10 14:00:00+00:00,169.89,170.45,169.28,169.52,1710262.0,169.909,10052.0
2024-05-10 15:00:00+00:00,169.52,169.99,169.07,169.48,1109396.0,169.573,7519.0
2024-05-10 16:00:00+00:00,169.47,169.61,169.16,169.37,797085.0,169.405,4815.0
2024-05-10 17:00:00+00:00,169.38,171.34,167.91,170.43,3489588.0,169.456,20171.0
2024-05-10 18:00:00+00:00,170.43,170.91,169.86,170.52,1428901.0,170.341,8317.0
2024-05-10 19:00:00+00:00,170.52,170.61,169.91,170.27,2023691.0,170.288,14421.0
2024-05-13 13:30:00+00:00,165.95,167.71,165.76,166.4,2448977.0,166.773,14707.0
2024-05-13 14:00:00+00:00,166.4,167.47,166.16,167.33,1686314.0,166.826,11141.0
2024-05-13 15:00:00+00:00,167.34,167.9,167.3,167.72,1377962.0,167.678,7924.0
2024-05-13 16:00:00+00:00,167.73,168.21,167.55,167.91,1302900.0,167.88,6814.0
2024-05-13 17:00:00+00:00,167.91,170.33,167.8,169.24,2554803.0,169.102,13937.0
2024-05-13 18:00:00+00:00,169.24,169.71,169.16,169.6,776804.0,169.483,4524.0
2024-05-13 19:00:00+00:00,169.59,170.95,169.52,170.9,2571558.0,170.332,14138.0
2024-05-14 13:30:00+00:00,171.57,172.12,170.42,170.5,1552795.0,171.313,7642.0
2024-05-14 14:00:00+00:00,170.49,171.76,170.46,171.5,1561461.0,171.166,8928.0
2024-05-14 15:00:00+00:00,171.52,171.73,170.69,171.06,1236001.0,171.196,7381.0
2024-05-14 16:00:00+00:00,171.06,171.1,170.62,170.84,1040280.0,170.778,6560.0
2024-05-14 17:00:00+00:00,170.86,172.78,170.77,171.92,2431667.0,171.898,12889.0
2024-05-14 18:00:00+00:00,171.92,172.67,171.59,172.37,1374090.0,172.162,7556.0
2024-05-14 19:00:00+00:00,172.36,172.54,171.62,171.88,1843584.0,172.134,11290.0
2024-05-15 13:30:00+00:00,172.14,174.05,172.03,172.71,2331303.0,173.001,11189.0
2024-05-15 14:00:00+00:00,172.72,173.49,172.6,173.4,1307774.0,173.171,7438.0
2024-05-15 15:00:00+00:00,173.4,173.45,172.7,172.81,1003646.0,173.012,6059.0
2024-05-15 16:00:00+00:00,172.81,172.83,172.12,172.36,902547.0,172.493,5402.0
2024-05-15 17:00:00+00:00,172.37,173.54,172.23,173.49,1087705.0,173.031,6977.0
2024-05-15 18:00:00+00:00,173.49,173.75,173.24,173.6,1040056.0,173.546,6452.0
2024-05-15 19:00:00+00:00,173.59,174.04,173.52,173.95,2085784.0,173.835,13290.0
2024-05-16 13:30:00+00:00,174.6,175.29,174.05,175.14,2141453.0,174.801,10737.0
2024-05-16 14:00:00+00:00,175.13,176.3,175.06,176.2,1684425.0,175.668,9472.0
2024-05-16 15:00:00+00:00,176.2,176.34,175.63,175.71,1496550.0,176.025,9303.0
2024-05-16 16:00:00+00:00,175.7,175.71,175.11,175.41,994368.0,175.351,6413.0
2024-05-16 17:00:00+00:00,175.41,175.63,174.82,175.58,1022128.0,175.249,6283.0
2024-05-16 18:00:00+00:00,175.59,176.08,175.37,175.82,1176296.0,175.805,7293.0
2024-05-16 19:00:00+00:00,175.82,175.93,175.13,175.43,1850197.0,175.463,12424.0
2024-05-17 13:30:00+00:00,175.47,176.45,174.98,176.4,1819703.0,175.731,5980.0
2024-05-17 14:00:00+00:00,176.38,177.32,176.19,176.91,1652773.0,176.848,9165.0
2024-05-17 15:00:00+00:00,176.9,176.97,176.54,176.97,878679.0,176.761,5050.0
2024-05-17 16:00:00+00:00,176.97,177.39,176.88,177.29,1000063.0,177.122,5557.0
2024-05-17 17:00:00+00:00,177.29,177.5,176.94,177.07,824917.0,177.268,4378.0
2024-05-17 18:00:00+00:00,177.07,177.29,176.34,177.25,904226.0,176.805,5478.0
2024-05-17 19:00:00+00:00,177.25,177.46,177.17,177.32,1967931.0,177.279,12248.0
2024-05-20 13:30:00+00:00,177.31,179.63,177.22,179.44,1980212.0,178.538,8694.0
2024-05-20 14:00:00+00:00,179.45,179.95,178.65,178.71,1541381.0,179.358,9386.0
2024-05-20 15:00:00+00:00,178.7,178.9,178.1,178.34,1098326.0,178.477,6411.0
2024-05-20 16:00:00+00:00,178.35,178.46,177.81,178.26,652103.0,178.119,3680.0
2024-05-20 17:00:00+00:00,178.27,178.39,177.8,178.2,812078.0,178.13,4767.0
2024-05-20 18:00:00+00:00,178.2,178.55,178.01,178.34,737021.0,178.355,4836.0
2024-05-20 19:00:00+00:00,178.34,178.93,178.22,178.48,2259918.0,178.549,15463.0
2024-05-21 13:30:00+00:00,178.42,178.97,177.31,178.87,1205218.0,178.282,6430.0
2024-05-21 14:00:00+00:00,178.9,179.35,178.77,179.11,1073392.0,179.085,6456.0
2024-05-21 15:00:00+00:00,179.11,179.41,178.87,179.06,745163.0,179.078,4313.0
2024-05-21 16:00:00+00:00,179.07,179.35,178.4,178.45,634303.0,178.792,3825.0
2024-05-21 17:00:00+00:00,178.44,179.09,178.35,179.08,557653.0,178.664,3467.0
2024-05-21 18:00:00+00:00,179.09,179.2,178.88,179.12,640689.0,179.072,4242.0
2024-05-21 19:00:00+00:00,179.12,179.82,179.02,179.57,1804310.0,179.48,11769.0
2024-05-22 13:30:00+00:00,178.4,178.86,177.12,177.96,1617871.0,177.973,8660.0
2024-05-22 14:00:00+00:00,177.95,178.03,177.04,177.14,1032519.0,177.446,6524.0
2024-05-22 15:00:00+00:00,177.14,177.61,176.9,177.2,890636.0,177.349,4988.0
2024-05-22 16:00:00+00:00,177.2,177.4,176.78,176.87,596700.0,177.109,3291.0
2024-05-22 17:00:00+00:00,176.87,177.55,176.87,177.4,594757.0,177.231,3141.0
2024-05-22 18:00:00+00:00,177.39,177.65,176.8,177.58,831355.0,177.385,5342.0
2024-05-22 19:00:00+00:00,177.57,178.08,177.21,178.07,1834615.0,177.734,11672.0
2024-05-23 13:30:00+00:00,178.68,179.91,178.05,178.3,1753148.0,179.091,9354.0
2024-05-23 14:00:00+00:00,178.3,178.72,176.98,177.11,1255150.0,177.666,7558.0
2024-05-23 15:00:00+00:00,177.12,177.99,177.1,177.88,908772.0,177.59,5008.0
2024-05-23 16:00:00+00:00,177.86,177.95,176.57,176.58,590648.0,177.388,3198.0
2024-05-23 17:00:00+00:00,176.59,176.67,175.55,175.63,935362.0,176.14,5774.0
2024-05-23 18:00:00+00:00,175.62,175.76,174.54,174.77,1068209.0,175.255,6683.0
2024-05-23 19:00:00+00:00,174.77,175.36,174.62,175.09,2085702.0,174.926,14565.0
2024-05-24 13:30:00+00:00,176.46,177.18,175.3,175.47,1394792.0,176.292,7406.0
2024-05-24 14:00:00+00:00,175.48,176.86,175.2,176.73,1064005.0,176.159,6260.0
2024-05-24 15:00:00+00:00,176.72,177.19,176.38,176.6,764183.0,176.786,4821.0
2024-05-24 16:00:00+00:00,176.6,177.0,176.57,176.84,927060.0,176.8,5293.0
2024-05-24 17:00:00+00:00,176.85,177.09,176.85,176.95,686485.0,176.968,4244.0
2024-05-24 18:00:00+00:00,176.94,177.31,176.52,176.57,714849.0,176.977,4291.0
2024-05-24 19:00:00+00:00,176.56,176.69,176.21,176.33,1502984.0,176.42,9449.0
2024-05-28 13:30:00+00:00,175.76,178.51,175.68,176.56,2236638.0,177.044,11711.0
2024-05-28 14:00:00+00:00,176.56,177.96,176.41,177.92,1293370.0,177.332,8219.0
2024-05-28 15:00:00+00:00,177.92,178.15,177.67,178.09,745430.0,177.852,4340.0
2024-05-28 16:00:00+00:00,178.08,178.26,177.52,177.63,744783.0,178.035,4343.0
2024-05-28 17:00:00+00:00,177.64,177.75,177.41,177.66,697888.0,177.561,4528.0
2024-05-28 18:00:00+00:00,177.65,177.87,176.92,177.54,765424.0,177.433,4763.0
2024-05-28 19:00:00+00:00,177.54,178.07,177.29,178.07,2029951.0,177.659,11880.0
2024-05-29 13:30:00+00:00,176.85,178.02,176.26,177.5,1479963.0,177.158,8073.0
2024-05-29 14:00:00+00:00,177.5,178.19,177.04,177.87,1118676.0,177.672,7567.0
2024-05-29 15:00:00+00:00,177.87,178.05,177.3,177.62,883465.0,177.683,6127.0
2024-05-29 16:00:00+00:00,177.61,178.23,177.5,178.16,847929.0,177.895,5639.0
2024-05-29 17:00:00+00:00,178.15,178.23,177.76,178.05,732836.0,177.981,5162.0
2024-05-29 18:00:00+00:00,178.06,178.14,177.34,177.42,782002.0,177.806,4868.0
2024-05-29 19:00:00+00:00,177.41,178.07,177.11,177.46,1675312.0,177.524,10856.0
2024-05-30 13:30:00+00:00,176.69,176.69,175.35,175.69,1243572.0,176.023,6011.0
2024-05-30 14:00:00+00:00,175.7,175.77,174.12,174.5,1876663.0,174.644,12108.0
2024-05-30 15:00:00+00:00,174.51,174.79,174.12,174.31,845592.0,174.46,5413.0
2024-05-30 16:00:00+00:00,174.31,174.6,174.04,174.41,738259.0,174.277,4564.0
2024-05-30 17:00:00+00:00,174.41,174.79,174.32,174.49,609282.0,174.566,3962.0
2024-05-30 18:00:00+00:00,174.49,174.58,173.6,173.84,789025.0,174.127,5553.0
2024-05-30 19:00:00+00:00,173.84,173.92,173.23,173.57,1973854.0,173.582,13838.0
2024-05-31 13:30:00+00:00,173.17,174.42,172.57,172.8,1382476.0,173.153,7256.0
2024-05-31 14:00:00+00:00,172.8,173.49,171.8,172.25,1725635.0,172.516,11247.0
2024-05-31 15:00:00+00:00,172.26,172.33,171.29,171.51,1066877.0,171.66,7855.0
2024-05-31 16:00:00+00:00,171.51,171.74,170.97,171.63,981677.0,171.416,6588.0
2024-05-31 17:00:00+00:00,171.64,172.12,171.53,171.96,697465.0,171.811,4697.0
2024-05-31 18:00:00+00:00,171.96,172.33,171.6,172.33,656154.0,171.872,4344.0
2024-05-31 19:00:00+00:00,172.33,174.39,172.22,174.04,3262693.0,173.593,21628.0
2024-06-03 13:30:00+00:00,173.86,175.86,173.79,174.25,2126862.0,174.707,11345.0
2024-06-03 14:00:00+00:00,174.3,174.7,173.23,173.32,1305569.0,173.684,7932.0
2024-06-03 15:00:00+00:00,173.32,174.16,173.02,173.97,1129498.0,173.582,7688.0
2024-06-03 16:00:00+00:00,173.98,174.04,172.45,172.8,1071116.0,172.973,6443.0
2024-06-03 17:00:00+00:00,172.78,173.94,172.47,173.63,945615.0,173.343,6036.0
2024-06-03 18:00:00+00:00,173.65,173.81,173.25,173.76,851686.0,173.538,5634.0
2024-06-03 19:00:00+00:00,173.75,174.47,173.2,174.46,2202677.0,173.769,12870.0
2024-06-04 13:30:00+00:00,174.45,174.87,173.22,174.12,965611.0,174.098,4637.0
2024-06-04 14:00:00+00:00,174.14,174.97,173.35,174.12,1338283.0,174.113,7855.0
2024-06-04 15:00:00+00:00,174.14,174.6,174.01,174.06,576058.0,174.301,3877.0
2024-06-04 16:00:00+00:00,174.07,174.17,173.55,173.75,600929.0,173.884,3911.0
2024-06-04 17:00:00+00:00,173.75,173.99,173.33,173.53,621978.0,173.686,4521.0
2024-06-04 18:00:00+00:00,173.52,174.76,173.5,174.37,684855.0,174.36,4808.0
2024-06-04 19:00:00+00:00,174.38,175.19,173.79,175.13,1345444.0,174.557,8901.0
2024-06-05 13:30:00+00:00,176.57,177.97,176.19,177.62,1594992.0,177.101,8110.0
2024-06-05 14:00:00+00:00,177.55,177.77,176.31,176.44,1234967.0,177.189,8391.0
2024-06-05 15:00:00+00:00,176.44,176.92,175.47,175.49,856929.0,176.327,5000.0
2024-06-05 16:00:00+00:00,175.49,175.99,175.29,175.76,775681.0,175.696,4749.0
2024-06-05 17:00:00+00:00,175.76,176.54,175.75,176.36,626655.0,176.235,3894.0
2024-06-05 18:00:00+00:00,176.35,176.38,175.85,176.2,607352.0,176.083,4099.0
2024-06-05 19:00:00+00:00,176.2,177.07,176.12,177.06,2865928.0,176.581,19268.0
2024-06-06 13:30:00+00:00,177.41,178.61,177.21,177.99,1517059.0,177.882,9060.0
2024-06-06 14:00:00+00:00,178.0,178.26,177.3,177.81,1211841.0,177.818,7960.0
2024-06-06 15:00:00+00:00,177.8,177.96,177.26,177.7,900740.0,177.622,5203.0
2024-06-06 16:00:00+00:00,177.72,178.18,177.7,178.01,873215.0,177.956,5218.0
2024-06-06 17:00:00+00:00,178.01,178.55,177.94,178.31,905874.0,178.212,5431.0
2024-06-06 18:00:00+00:00,178.3,178.37,177.86,178.21,822053.0,178.114,5016.0
2024-06-06 19:00:00+00:00,178.2,178.71,178.02,178.35,2193575.0,178.33,13523.0
2024-06-07 13:30:00+00:00,178.46,179.42,177.75,178.43,1619787.0,178.595,8870.0
2024-06-07 14:00:00+00:00,178.45,178.91,177.91,178.57,1008144.0,178.396,6161.0
2024-06-07 15:00:00+00:00,178.57,178.81,177.97,178.52,743154.0,178.387,4516.0
2024-06-07 16:00:00+00:00,178.53,178.78,178.19,178.74,599813.0,178.55,3759.0
2024-06-07 17:00:00+00:00,178.74,178.76,177.83,178.03,563056.0,178.216,3372.0
2024-06-07 18:00:00+00:00,178.02,178.04,176.67,177.59,1239168.0,177.294,7929.0
2024-06-07 19:00:00+00:00,177.58,177.8,175.79,175.96,2687773.0,176.567,18061.0
2024-06-10 13:30:00+00:00,176.45,176.8,174.38,174.43,1535490.0,175.193,8354.0
2024-06-10 14:00:00+00:00,174.44,175.3,174.38,175.22,1227914.0,174.823,7158.0
2024-06-10 15:00:00+00:00,175.22,175.47,174.73,175.4,717033.0,175.081,4585.0
2024-06-10 16:00:00+00:00,175.39,175.61,175.14,175.43,656131.0,175.406,4094.0
2024-06-10 17:00:00+00:00,175.44,175.65,174.92,175.57,665484.0,175.3,4222.0
2024-06-10 18:00:00+00:00,175.58,178.47,175.29,176.69,2128922.0,176.722,14828.0
2024-06-10 19:00:00+00:00,176.67,176.98,176.21,176.74,1608116.0,176.578,10349.0
2024-06-11 13:30:00+00:00,177.73,178.39,175.91,176.5,1334718.0,177.23,7806.0
2024-06-11 14:00:00+00:00,176.5,177.1,175.63,176.07,1075738.0,176.387,6891.0
2024-06-11 15:00:00+00:00,176.07,176.26,175.63,175.75,747883.0,175.925,5216.0
2024-06-11 16:00:00+00:00,175.75,176.13,175.44,176.09,456275.0,175.763,3035.0
2024-06-11 17:00:00+00:00,176.11,176.95,176.09,176.9,560338.0,176.573,3478.0
2024-06-11 18:00:00+00:00,176.9,177.72,176.84,177.65,619963.0,177.331,3688.0
2024-06-11 19:00:00+00:00,177.65,178.3,177.43,178.18,1617005.0,177.863,10505.0
2024-06-12 13:30:00+00:00,179.89,182.08,179.73,180.66,2844670.0,180.788,15409.0
2024-06-12 14:00:00+00:00,180.66,180.77,178.57,178.63,1426488.0,179.57,8112.0
2024-06-12 15:00:00+00:00,178.65,179.35,178.24,178.38,1213277.0,178.85,6322.0
2024-06-12 16:00:00+00:00,178.35,178.4,177.78,178.38,786735.0,178.087,4210.0
2024-06-12 17:00:00+00:00,178.39,178.72,178.28,178.72,526595.0,178.516,2911.0
2024-06-12 18:00:00+00:00,178.71,178.88,178.05,178.73,918925.0,178.481,6448.0
2024-06-12 19:00:00+00:00,178.72,179.98,178.29,179.56,1962420.0,179.273,12735.0
2024-06-13 13:30:00+00:00,177.84,178.51,176.68,178.31,1276801.0,177.692,7412.0
2024-06-13 14:00:00+00:00,178.32,178.49,177.78,178.03,1126357.0,178.185,7275.0
2024-06-13 15:00:00+00:00,178.03,178.13,177.47,177.52,573844.0,177.748,3223.0
2024-06-13 16:00:00+00:00,177.52,177.8,176.94,177.58,811634.0,177.321,4021.0
2024-06-13 17:00:00+00:00,177.57,178.03,177.54,177.91,495846.0,177.839,3073.0
2024-06-13 18:00:00+00:00,177.91,178.24,177.71,177.88,550897.0,178.052,2966.0
2024-06-13 19:00:00+00:00,177.87,177.99,176.67,176.68,1679483.0,177.219,11431.0
2024-06-14 13:30:00+00:00,175.86,178.15,175.85,178.13,991250.0,176.929,4666.0
2024-06-14 14:00:00+00:00,178.12,178.43,177.41,178.37,1026339.0,177.903,6544.0
2024-06-14 15:00:00+00:00,178.38,178.65,177.97,178.43,735492.0,178.366,4105.0
2024-06-14 16:00:00+00:00,178.42,178.73,177.72,177.79,566398.0,178.182,3457.0
2024-06-14 17:00:00+00:00,177.8,178.19,177.69,177.86,589218.0,177.924,3660.0
2024-06-14 18:00:00+00:00,177.86,177.98,177.58,177.9,592840.0,177.801,3975.0
2024-06-14 19:00:00+00:00,177.91,178.44,177.78,178.4,1232065.0,178.121,7835.0
2024-06-17 13:30:00+00:00,177.11,177.43,176.49,177.02,1436235.0,176.903,7234.0
2024-06-17 14:00:00+00:00,177.02,177.62,176.79,177.11,1308054.0,177.179,7991.0
2024-06-17 15:00:00+00:00,177.1,177.37,176.79,177.23,839083.0,177.056,5463.0
2024-06-17 16:00:00+00:00,177.21,178.41,177.15,178.17,779496.0,177.671,4788.0
2024-06-17 17:00:00+00:00,178.18,179.63,178.14,179.63,970375.0,179.012,5635.0
2024-06-17 18:00:00+00:00,179.62,179.92,178.76,178.99,984689.0,179.34,5903.0
2024-06-17 19:00:00+00:00,178.98,179.43,178.69,178.82,1649796.0,178.991,9914.0
2024-06-18 13:30:00+00:00,178.79,178.91,177.2,177.42,1130331.0,177.891,5739.0
2024-06-18 14:00:00+00:00,177.49,178.26,177.23,177.67,1321132.0,177.867,7850.0
2024-06-18 15:00:00+00:00,177.66,177.75,176.78,177.09,1097732.0,177.233,6355.0
2024-06-18 16:00:00+00:00,177.09,177.24,176.11,176.49,810828.0,176.548,5022.0
2024-06-18 17:00:00+00:00,176.48,176.73,176.13,176.2,950822.0,176.419,5675.0
2024-06-18 18:00:00+00:00,176.2,176.22,175.62,175.92,1239315.0,175.875,7292.0
2024-06-18 19:00:00+00:00,175.91,176.7,175.9,176.55,2124672.0,176.294,13696.0
2024-06-20 13:30:00+00:00,176.79,178.74,176.46,176.87,1730734.0,177.327,8467.0
2024-06-20 14:00:00+00:00,176.86,177.87,176.51,177.73,1390241.0,177.166,8685.0
2024-06-20 15:00:00+00:00,177.74,177.82,177.2,177.39,896041.0,177.488,5282.0
2024-06-20 16:00:00+00:00,177.39,177.72,176.98,177.55,623834.0,177.368,3971.0
2024-06-20 17:00:00+00:00,177.54,177.57,176.93,177.38,770666.0,177.293,4750.0
2024-06-20 18:00:00+00:00,177.37,177.66,177.21,177.42,841844.0,177.431,4937.0
2024-06-20 19:00:00+00:00,177.44,177.9,176.97,177.74,2019617.0,177.565,12526.0
2024-06-21 13:30:00+00:00,178.49,180.28,178.06,180.05,6038930.0,178.835,12476.0
2024-06-21 14:00:00+00:00,180.05,181.4,179.72,180.76,2666089.0,180.68,16344.0
2024-06-21 15:00:00+00:00,180.76,181.66,180.5,181.54,1733796.0,181.03,8505.0
2024-06-21 16:00:00+00:00,181.58,182.52,181.44,181.87,1772432.0,181.945,8810.0
2024-06-21 17:00:00+00:00,181.86,182.08,180.97,181.54,1108867.0,181.5,5874.0
2024-06-21 18:00:00+00:00,181.54,181.92,181.26,181.38,1007951.0,181.565,5829.0
2024-06-21 19:00:00+00:00,181.4,181.93,180.15,180.26,6079068.0,180.931,32815.0
2024-06-24 13:30:00+00:00,181.41,182.08,180.23,181.25,1777906.0,181.107,9857.0
2024-06-24 14:00:00+00:00,181.28,182.03,180.33,181.03,2192305.0,181.091,12154.0
2024-06-24 15:00:00+00:00,181.04,181.39,180.75,181.39,908162.0,181.023,5915.0
2024-06-24 16:00:00+00:00,181.39,181.84,181.07,181.34,1046975.0,181.479,5823.0
2024-06-24 17:00:00+00:00,181.33,181.36,180.56,180.85,882614.0,180.902,5670.0
2024-06-24 18:00:00+00:00,180.87,181.03,180.28,180.63,866356.0,180.6,6028.0
2024-06-24 19:00:00+00:00,180.63,181.13,180.61,180.81,1718680.0,180.883,11626.0
2024-06-25 13:30:00+00:00,181.07,182.44,181.07,181.92,1479047.0,181.761,7517.0
2024-06-25 14:00:00+00:00,181.94,183.71,181.82,183.48,1914114.0,183.017,10742.0
2024-06-25 15:00:00+00:00,183.49,184.17,183.39,184.07,1402232.0,183.91,8672.0
2024-06-25 16:00:00+00:00,184.07,184.35,183.33,183.64,1005517.0,183.911,6781.0
2024-06-25 17:00:00+00:00,183.63,184.26,183.52,184.25,772020.0,183.809,4559.0
2024-06-25 18:00:00+00:00,184.25,184.78,184.2,184.76,999372.0,184.534,6060.0
2024-06-25 19:00:00+00:00,184.76,185.75,184.56,185.61,2312435.0,185.148,14213.0
2024-06-26 13:30:00+00:00,184.2,185.04,183.99,184.81,1242216.0,184.421,6362.0
2024-06-26 14:00:00+00:00,184.82,185.93,184.65,185.5,1329892.0,185.375,8302.0
2024-06-26 15:00:00+00:00,185.49,185.63,184.93,185.45,760231.0,185.252,4775.0
2024-06-26 16:00:00+00:00,185.47,185.74,185.1,185.25,594241.0,185.44,3837.0
2024-06-26 17:00:00+00:00,185.24,185.58,184.86,185.52,609175.0,185.2,3869.0
2024-06-26 18:00:00+00:00,185.51,185.84,185.4,185.64,629526.0,185.646,3902.0
2024-06-26 19:00:00+00:00,185.64,185.7,185.16,185.37,1472249.0,185.432,9573.0
2024-06-27 13:30:00+00:00,185.56,187.16,185.45,187.15,1689170.0,186.459,7765.0
2024-06-27 14:00:00+00:00,187.14,187.5,186.58,186.97,1251314.0,187.025,7369.0
2024-06-27 15:00:00+00:00,186.96,187.31,185.95,186.09,867101.0,186.684,5661.0
2024-06-27 16:00:00+00:00,186.08,186.71,185.89,186.33,598371.0,186.292,3813.0
2024-06-27 17:00:00+00:00,186.34,186.69,186.13,186.34,487436.0,186.45,3523.0
2024-06-27 18:00:00+00:00,186.34,186.56,185.96,186.53,599010.0,186.216,3941.0
2024-06-27 19:00:00+00:00,186.55,186.97,186.43,186.91,1184944.0,186.701,8314.0
2024-06-28 13:30:00+00:00,185.72,186.18,184.3,185.49,1751062.0,185.212,8626.0
2024-06-28 14:00:00+00:00,185.54,186.58,185.25,185.48,1149893.0,185.989,7285.0
2024-06-28 15:00:00+00:00,185.49,185.81,185.01,185.46,1063812.0,185.435,6493.0
2024-06-28 16:00:00+00:00,185.47,185.62,184.77,185.3,778425.0,185.202,5311.0
2024-06-28 17:00:00+00:00,185.29,185.61,185.19,185.42,602516.0,185.394,4164.0
2024-06-28 18:00:00+00:00,185.42,185.82,185.16,185.57,672600.0,185.496,4960.0
2024-06-28 19:00:00+00:00,185.57,185.76,183.32,183.39,3326154.0,184.107,20186.0
2024-07-01 13:30:00+00:00,184.48,185.34,182.73,183.14,1889693.0,184.139,9025.0
2024-07-01 14:00:00+00:00,183.14,184.28,183.13,183.7,1332074.0,183.77,8739.0
2024-07-01 15:00:00+00:00,183.7,183.96,183.36,183.72,652549.0,183.659,3890.0
2024-07-01 16:00:00+00:00,183.72,184.71,183.51,184.43,733865.0,184.276,4326.0
2024-07-01 17:00:00+00:00,184.42,184.48,183.63,183.99,608364.0,184.001,3852.0
2024-07-01 18:00:00+00:00,183.99,184.4,183.75,184.1,638515.0,184.128,3832.0
2024-07-01 19:00:00+00:00,184.1,184.69,183.66,184.48,1257968.0,184.204,7968.0
2024-07-02 13:30:00+00:00,183.53,184.13,183.06,183.64,926088.0,183.546,4649.0
2024-07-02 14:00:00+00:00,183.67,185.12,183.22,184.98,892545.0,184.354,5420.0
2024-07-02 15:00:00+00:00,184.97,185.5,184.76,184.82,545936.0,185.124,3339.0
2024-07-02 16:00:00+00:00,184.81,185.65,184.62,185.65,518408.0,185.101,2871.0
2024-07-02 17:00:00+00:00,185.66,186.59,185.64,186.45,619956.0,186.212,3733.0
2024-07-02 18:00:00+00:00,186.44,186.71,186.3,186.31,562760.0,186.502,3646.0
2024-07-02 19:00:00+00:00,186.3,186.95,186.21,186.63,1300973.0,186.57,8612.0
2024-07-03 13:30:00+00:00,186.23,187.23,185.38,186.23,877241.0,186.351,4253.0
2024-07-03 14:00:00+00:00,186.27,186.46,185.55,186.45,861244.0,185.969,4817.0
2024-07-03 15:00:00+00:00,186.45,187.33,186.33,187.25,684538.0,186.959,3942.0
2024-07-03 16:00:00+00:00,187.25,187.62,187.0,187.38,1860074.0,187.365,10485.0
2024-07-05 13:30:00+00:00,187.32,190.93,187.32,190.76,1597035.0,189.369,8124.0
2024-07-05 14:00:00+00:00,190.75,191.47,190.01,190.9,1611486.0,191.063,10145.0
2024-07-05 15:00:00+00:00,190.89,191.94,190.72,191.8,779594.0,191.428,4856.0
2024-07-05 16:00:00+00:00,191.8,191.87,191.36,191.66,548282.0,191.632,3746.0
2024-07-05 17:00:00+00:00,191.64,192.21,191.59,191.7,578192.0,191.92,3583.0
2024-07-05 18:00:00+00:00,191.71,192.19,191.58,192.01,891921.0,191.971,5173.0
2024-07-05 19:00:00+00:00,192.01,192.26,191.8,191.94,1470694.0,192.022,9806.0
2024-07-08 13:30:00+00:00,191.38,191.41,189.32,189.73,1431260.0,190.204,7724.0
2024-07-08 14:00:00+00:00,189.75,190.53,189.33,190.47,1250803.0,190.027,7435.0
2024-07-08 15:00:00+00:00,190.47,191.68,190.45,191.32,685364.0,191.134,3970.0
2024-07-08 16:00:00+00:00,191.33,191.33,190.56,190.82,559174.0,190.95,3609.0
2024-07-08 17:00:00+00:00,190.82,191.2,190.64,190.83,547798.0,190.914,2885.0
2024-07-08 18:00:00+00:00,190.83,191.06,190.66,190.77,525531.0,190.803,3137.0
2024-07-08 19:00:00+00:00,190.78,190.81,190.0,190.47,1393784.0,190.417,8674.0
2024-07-09 13:30:00+00:00,191.75,192.86,191.42,192.02,1248619.0,192.112,7486.0
2024-07-09 14:00:00+00:00,192.04,192.16,191.51,192.03,1062066.0,191.857,6691.0
2024-07-09 15:00:00+00:00,192.03,192.06,191.11,191.3,602054.0,191.489,3907.0
2024-07-09 16:00:00+00:00,191.29,191.57,190.31,190.7,942602.0,190.988,4783.0
2024-07-09 17:00:00+00:00,190.69,191.01,190.31,191.0,449750.0,190.698,2967.0
2024-07-09 18:00:00+00:00,191.0,191.28,190.6,190.73,657268.0,190.985,4159.0
2024-07-09 19:00:00+00:00,190.73,190.84,190.23,190.49,947992.0,190.484,6473.0
2024-07-10 13:30:00+00:00,190.75,192.38,190.62,192.29,1111320.0,191.701,5773.0
2024-07-10 14:00:00+00:00,192.29,192.45,191.09,191.28,1036243.0,191.761,6408.0
2024-07-10 15:00:00+00:00,191.27,191.86,190.87,191.8,628645.0,191.5,3967.0
2024-07-10 16:00:00+00:00,191.79,192.36,191.34,192.25,648266.0,191.788,3858.0
2024-07-10 17:00:00+00:00,192.24,192.97,192.17,192.88,564571.0,192.719,3468.0
2024-07-10 18:00:00+00:00,192.89,193.31,192.63,192.86,638966.0,192.889,3999.0
2024-07-10 19:00:00+00:00,192.86,192.88,192.07,192.67,1160081.0,192.58,8228.0
2024-07-11 13:30:00+00:00,191.4,192.41,191.05,191.39,1479316.0,191.675,8320.0
2024-07-11 14:00:00+00:00,191.39,191.39,188.82,188.85,2165552.0,189.842,13168.0
2024-07-11 15:00:00+00:00,188.84,188.89,187.35,187.43,1586281.0,188.035,11000.0
2024-07-11 16:00:00+00:00,187.42,188.12,186.82,187.3,1087035.0,187.517,7821.0
2024-07-11 17:00:00+00:00,187.31,187.77,186.92,187.13,532282.0,187.343,3852.0
2024-07-11 18:00:00+00:00,187.14,188.2,187.03,188.13,851501.0,187.684,4565.0
2024-07-11 19:00:00+00:00,188.15,188.46,187.06,187.29,1907655.0,187.603,13393.0
2024-07-12 13:30:00+00:00,186.92,188.32,186.62,187.74,1183516.0,187.333,6745.0
2024-07-12 14:00:00+00:00,187.75,188.19,186.73,187.23,1217590.0,187.452,7557.0
2024-07-12 15:00:00+00:00,187.2,187.84,186.87,186.92,741996.0,187.389,4823.0
2024-07-12 16:00:00+00:00,186.91,187.64,186.76,187.62,884545.0,187.134,6226.0
2024-07-12 17:00:00+00:00,187.63,188.69,187.4,188.44,1029658.0,187.887,7225.0
2024-07-12 18:00:00+00:00,188.43,188.63,187.53,188.0,765458.0,187.998,4582.0
2024-07-12 19:00:00+00:00,188.01,188.06,186.14,186.78,2013286.0,186.917,12595.0
2024-07-15 13:30:00+00:00,186.53,188.86,186.49,188.81,1153631.0,187.832,5792.0
2024-07-15 14:00:00+00:00,188.85,189.67,188.41,189.13,1004518.0,189.098,5863.0
2024-07-15 15:00:00+00:00,189.13,189.9,188.47,189.07,771203.0,189.187,4666.0
2024-07-15 16:00:00+00:00,189.05,189.14,188.14,188.42,546439.0,188.478,3890.0
2024-07-15 17:00:00+00:00,188.46,188.7,187.78,187.84,554233.0,188.206,3828.0
2024-07-15 18:00:00+00:00,187.85,188.5,187.57,188.34,630487.0,187.893,3995.0
2024-07-15 19:00:00+00:00,188.35,188.6,187.67,188.25,1129952.0,188.107,7528.0
2024-07-16 13:30:00+00:00,189.01,190.34,188.36,188.38,967564.0,189.399,5020.0
2024-07-16 14:00:00+00:00,188.41,188.54,187.44,187.96,902259.0,187.934,5802.0
2024-07-16 15:00:00+00:00,187.96,188.66,187.5,187.57,620824.0,188.051,3957.0
2024-07-16 16:00:00+00:00,187.59,187.68,185.53,186.03,1031037.0,186.238,6234.0
2024-07-16 17:00:00+00:00,186.03,186.28,185.12,185.53,710957.0,185.662,4224.0
2024-07-16 18:00:00+00:00,185.52,186.1,185.14,186.05,684279.0,185.631,4098.0
2024-07-16 19:00:00+00:00,186.04,186.11,185.32,185.5,1667933.0,185.584,10339.0
2024-07-17 13:30:00+00:00,184.68,185.23,183.15,183.26,1538533.0,183.944,8169.0
2024-07-17 14:00:00+00:00,183.25,183.45,181.62,182.08,1621410.0,182.647,11038.0
2024-07-17 15:00:00+00:00,182.08,182.48,181.68,182.12,1139239.0,182.083,7445.0
2024-07-17 16:00:00+00:00,182.15,182.86,182.15,182.85,1160047.0,182.478,6728.0
2024-07-17 17:00:00+00:00,182.84,183.02,182.21,182.9,814088.0,182.644,5036.0
2024-07-17 18:00:00+00:00,182.9,183.44,182.72,183.03,935147.0,183.173,6033.0
2024-07-17 19:00:00+00:00,183.03,183.14,182.27,182.63,2269470.0,182.674,15199.0
2024-07-18 13:30:00+00:00,183.54,184.05,181.08,181.14,1199453.0,182.852,6517.0
2024-07-18 14:00:00+00:00,181.13,182.19,180.34,181.14,1712063.0,181.182,10251.0
2024-07-18 15:00:00+00:00,181.15,181.36,178.83,179.22,1652131.0,179.719,10074.0
2024-07-18 16:00:00+00:00,179.22,179.25,178.23,178.93,924337.0,178.698,6122.0
2024-07-18 17:00:00+00:00,178.91,180.1,178.78,179.65,790203.0,179.468,5289.0
2024-07-18 18:00:00+00:00,179.68,179.69,178.62,179.08,964590.0,179.128,6278.0
2024-07-18 19:00:00+00:00,179.06,179.74,178.21,179.24,2672209.0,178.918,16411.0
2024-07-19 13:30:00+00:00,180.51,181.97,180.05,180.76,1903583.0,180.626,5746.0
2024-07-19 14:00:00+00:00,180.76,181.26,180.04,180.91,854774.0,180.707,5919.0
2024-07-19 15:00:00+00:00,180.92,181.28,179.53,180.82,797845.0,180.455,5165.0
2024-07-19 16:00:00+00:00,180.83,180.83,179.67,179.89,543831.0,180.141,3856.0
2024-07-19 17:00:00+00:00,179.9,179.95,179.24,179.69,611935.0,179.54,4439.0
2024-07-19 18:00:00+00:00,179.69,180.2,179.32,179.75,556079.0,179.734,3974.0
2024-07-19 19:00:00+00:00,179.75,180.01,178.86,179.37,1421844.0,179.37,9876.0
2024-07-22 13:30:00+00:00,182.31,183.96,181.9,183.69,1801514.0,183.18,9757.0
2024-07-22 14:00:00+00:00,183.68,183.81,182.5,182.79,1345330.0,183.17,8367.0
2024-07-22 15:00:00+00:00,182.79,183.47,182.03,182.5,1092714.0,182.566,6392.0
2024-07-22 16:00:00+00:00,182.48,183.97,182.41,183.91,900522.0,183.396,5322.0
2024-07-22 17:00:00+00:00,183.9,184.28,183.62,183.77,664261.0,183.974,4271.0
2024-07-22 18:00:00+00:00,183.77,184.28,183.62,183.8,726046.0,184.014,4795.0
2024-07-22 19:00:00+00:00,183.81,184.3,183.24,183.33,1720097.0,183.766,11317.0
2024-07-23 13:30:00+00:00,183.83,185.0,183.65,184.81,1218833.0,184.21,5451.0
2024-07-23 14:00:00+00:00,184.81,185.06,183.56,183.81,1661866.0,184.353,8561.0
2024-07-23 15:00:00+00:00,183.82,184.81,183.71,184.4,1463091.0,184.439,8070.0
2024-07-23 16:00:00+00:00,184.4,184.6,183.72,184.31,1150235.0,184.208,7222.0
2024-07-23 17:00:00+00:00,184.31,184.7,183.91,184.6,877611.0,184.297,5241.0
2024-07-23 18:00:00+00:00,184.6,185.22,184.22,184.52,1386127.0,184.679,7620.0
2024-07-23 19:00:00+00:00,184.52,185.04,183.33,183.58,2942406.0,184.32,18145.0
2024-07-24 13:30:00+00:00,175.39,177.58,173.57,177.42,4313402.0,175.436,21531.0
2024-07-24 14:00:00+00:00,177.42,177.95,175.85,176.72,3219013.0,176.954,18132.0
2024-07-24 15:00:00+00:00,176.73,177.22,174.32,174.37,2158986.0,175.745,13449.0
2024-07-24 16:00:00+00:00,174.38,175.04,174.07,174.39,1883373.0,174.417,11754.0
2024-07-24 17:00:00+00:00,174.39,175.61,174.33,175.1,1410525.0,175.197,7898.0
2024-07-24 18:00:00+00:00,175.11,175.18,174.01,174.46,1604059.0,174.396,10393.0
2024-07-24 19:00:00+00:00,174.46,175.13,173.88,174.34,3237801.0,174.408,20257.0
2024-07-25 13:30:00+00:00,174.19,175.16,171.1,171.22,2328921.0,172.859,11440.0
2024-07-25 14:00:00+00:00,171.21,174.09,169.53,173.84,3535625.0,171.429,20214.0
2024-07-25 15:00:00+00:00,173.86,174.47,173.01,173.74,1310313.0,173.742,8396.0
2024-07-25 16:00:00+00:00,173.74,174.91,173.39,174.6,958464.0,174.35,5666.0
2024-07-25 17:00:00+00:00,174.64,175.2,173.99,174.47,1007771.0,174.486,6628.0
2024-07-25 18:00:00+00:00,174.48,174.58,169.95,171.06,4452349.0,171.472,23191.0
2024-07-25 19:00:00+00:00,171.05,172.0,169.05,169.07,3645515.0,170.266,20224.0
2024-07-26 13:30:00+00:00,168.81,168.81,165.86,166.72,3808034.0,167.038,20275.0
2024-07-26 14:00:00+00:00,166.71,168.57,165.97,168.23,3466212.0,167.252,20666.0
2024-07-26 15:00:00+00:00,168.21,168.72,167.57,168.31,1661484.0,168.162,10226.0
2024-07-26 16:00:00+00:00,168.3,169.69,168.25,169.55,1311868.0,168.982,7970.0
2024-07-26 17:00:00+00:00,169.57,169.84,168.14,168.78,1517795.0,168.985,9435.0
2024-07-26 18:00:00+00:00,168.78,168.98,168.13,168.34,1024151.0,168.665,6919.0
2024-07-26 19:00:00+00:00,168.32,169.04,167.73,168.67,2447592.0,168.446,15578.0
2024-07-29 13:30:00+00:00,170.5,171.53,170.04,171.53,1485574.0,170.75,7392.0
2024-07-29 14:00:00+00:00,171.54,171.78,169.95,170.35,1424003.0,170.821,8031.0
2024-07-29 15:00:00+00:00,170.35,170.77,169.72,170.75,817687.0,170.185,5032.0
2024-07-29 16:00:00+00:00,170.77,171.9,170.75,171.63,799019.0,171.484,4810.0
2024-07-29 17:00:00+00:00,171.66,172.16,171.28,171.69,788596.0,171.793,4776.0
2024-07-29 18:00:00+00:00,171.69,171.7,170.62,171.1,680430.0,171.18,4310.0
2024-07-29 19:00:00+00:00,171.08,171.74,170.92,171.14,1520612.0,171.26,10311.0
2024-07-30 13:30:00+00:00,171.95,172.95,171.08,171.64,1199621.0,172.152,5948.0
2024-07-30 14:00:00+00:00,171.63,172.11,171.19,171.57,911315.0,171.705,6056.0
2024-07-30 15:00:00+00:00,171.56,171.74,170.73,171.01,1198024.0,171.153,7210.0
2024-07-30 16:00:00+00:00,171.03,171.28,170.29,170.37,651801.0,170.818,4340.0
2024-07-30 17:00:00+00:00,170.36,171.7,170.12,171.64,775267.0,170.977,5061.0
2024-07-30 18:00:00+00:00,171.65,172.02,171.38,171.71,681210.0,171.755,4528.0
2024-07-30 19:00:00+00:00,171.7,172.4,171.44,171.85,1740638.0,171.921,11927.0
2024-07-31 13:30:00+00:00,174.89,175.91,172.96,174.01,1538318.0,174.342,7832.0
2024-07-31 14:00:00+00:00,174.02,174.23,173.23,173.69,1216637.0,173.693,7580.0
2024-07-31 15:00:00+00:00,173.69,173.86,172.82,173.07,866414.0,173.362,4434.0
2024-07-31 16:00:00+00:00,173.08,173.13,172.06,172.21,681413.0,172.561,3781.0
2024-07-31 17:00:00+00:00,172.25,172.5,171.72,172.32,614408.0,172.193,3849.0
2024-07-31 18:00:00+00:00,172.4,173.35,172.03,172.97,864718.0,172.801,5432.0
2024-07-31 19:00:00+00:00,173.01,173.58,172.19,173.14,2086361.0,172.963,14008.0
2024-08-01 13:30:00+00:00,171.85,175.65,171.85,175.47,2611568.0,173.234,10652.0
2024-08-01 14:00:00+00:00,175.44,175.68,173.53,174.1,1501049.0,174.77,9850.0
2024-08-01 15:00:00+00:00,174.11,174.31,171.89,171.89,1107732.0,172.912,7148.0
2024-08-01 16:00:00+00:00,171.91,172.67,171.57,171.71,578252.0,172.099,4173.0
2024-08-01 17:00:00+00:00,171.7,171.91,170.82,171.65,760556.0,171.42,4956.0
2024-08-01 18:00:00+00:00,171.64,171.79,170.51,170.99,738026.0,170.882,5249.0
2024-08-01 19:00:00+00:00,170.98,172.48,170.7,172.46,1747831.0,171.739,12858.0
2024-08-02 13:30:00+00:00,168.19,170.21,167.88,168.81,1751005.0,168.934,9509.0
2024-08-02 14:00:00+00:00,168.85,169.16,166.39,167.2,1731962.0,167.205,10806.0
2024-08-02 15:00:00+00:00,167.21,168.75,167.0,168.42,1107765.0,167.891,7051.0
2024-08-02 16:00:00+00:00,168.41,168.8,166.64,166.88,1051341.0,167.489,7120.0
2024-08-02 17:00:00+00:00,166.87,167.36,166.66,167.07,963374.0,166.995,6606.0
2024-08-02 18:00:00+00:00,167.06,167.54,166.56,167.26,1005380.0,167.093,6950.0
2024-08-02 19:00:00+00:00,167.31,168.53,167.1,168.38,2414927.0,167.889,15554.0
2024-08-05 13:30:00+00:00,157.37,163.93,156.6,162.27,4287814.0,160.223,21443.0
2024-08-05 14:00:00+00:00,162.34,164.52,162.32,163.93,2397535.0,163.398,16839.0
2024-08-05 15:00:00+00:00,163.91,165.94,163.2,164.3,2054427.0,164.861,14571.0
2024-08-05 16:00:00+00:00,164.32,165.19,163.81,163.93,1305329.0,164.465,8904.0
2024-08-05 17:00:00+00:00,163.91,165.12,163.91,164.44,1160516.0,164.663,7958.0
2024-08-05 18:00:00+00:00,164.43,164.52,159.27,160.58,4414169.0,161.91,28754.0
2024-08-05 19:00:00+00:00,160.61,161.88,159.99,160.78,4873329.0,160.816,29200.0
2024-08-06 13:30:00+00:00,160.95,161.09,158.13,158.67,2295836.0,159.513,11981.0
2024-08-06 14:00:00+00:00,158.68,161.31,158.23,161.06,2966544.0,159.441,17974.0
2024-08-06 15:00:00+00:00,161.08,161.25,160.23,161.15,1428009.0,160.829,9857.0
2024-08-06 16:00:00+00:00,161.16,161.73,160.73,161.55,1205116.0,161.221,8424.0
2024-08-06 17:00:00+00:00,161.56,161.8,160.76,161.14,1393589.0,161.248,9502.0
2024-08-06 18:00:00+00:00,161.15,162.35,160.62,161.49,2347338.0,161.46,16434.0
2024-08-06 19:00:00+00:00,161.5,161.53,160.15,160.47,5287128.0,160.595,33982.0
2024-08-07 13:30:00+00:00,163.25,164.16,162.33,163.32,1668966.0,163.2,10024.0
2024-08-07 14:00:00+00:00,163.33,164.79,162.95,163.99,1726898.0,163.882,11651.0
2024-08-07 15:00:00+00:00,164.0,164.01,161.88,162.82,1253810.0,162.875,8324.0
2024-08-07 16:00:00+00:00,162.83,162.98,161.54,161.79,1296682.0,162.51,9453.0
2024-08-07 17:00:00+00:00,161.8,161.96,160.5,160.69,1034055.0,161.192,7742.0
2024-08-07 18:00:00+00:00,160.69,161.2,160.24,161.1,1113055.0,160.697,8220.0
2024-08-07 19:00:00+00:00,161.09,161.86,160.39,160.72,2081927.0,161.181,14843.0
2024-08-08 13:30:00+00:00,162.45,163.16,162.03,163.04,974169.0,162.597,5517.0
2024-08-08 14:00:00+00:00,163.05,164.91,162.87,164.5,1753732.0,164.176,12505.0
2024-08-08 15:00:00+00:00,164.52,164.86,163.93,164.8,829565.0,164.377,5433.0
2024-08-08 16:00:00+00:00,164.79,165.5,164.58,164.94,601112.0,165.007,3830.0
2024-08-08 17:00:00+00:00,164.95,165.31,164.57,164.95,544406.0,165.002,3670.0
2024-08-08 18:00:00+00:00,164.94,165.35,164.6,164.84,839453.0,164.976,5352.0
2024-08-08 19:00:00+00:00,164.83,165.33,163.44,163.84,2371925.0,164.171,15788.0
2024-08-09 13:30:00+00:00,161.74,162.88,160.95,162.03,1395788.0,161.992,7765.0
2024-08-09 14:00:00+00:00,162.05,162.43,160.93,161.99,1310030.0,161.918,8925.0
2024-08-09 15:00:00+00:00,161.99,162.14,161.43,161.63,822120.0,161.817,5823.0
2024-08-09 16:00:00+00:00,161.64,161.8,161.2,161.75,701114.0,161.493,4679.0
2024-08-09 17:00:00+00:00,161.75,163.27,161.7,163.0,1004400.0,162.756,6345.0
2024-08-09 18:00:00+00:00,163.0,163.73,162.92,163.55,702517.0,163.364,4958.0
2024-08-09 19:00:00+00:00,163.53,165.52,163.44,165.4,2120634.0,164.757,14369.0
2024-08-12 13:30:00+00:00,166.0,166.7,164.94,165.21,1045469.0,165.885,5738.0
2024-08-12 14:00:00+00:00,165.21,165.67,164.92,165.65,1006060.0,165.263,6001.0
2024-08-12 15:00:00+00:00,165.65,165.73,163.94,165.24,982942.0,164.685,6379.0
2024-08-12 16:00:00+00:00,165.25,165.43,164.5,164.51,542185.0,165.163,3034.0
2024-08-12 17:00:00+00:00,164.5,165.03,164.14,164.43,462797.0,164.579,3207.0
2024-08-12 18:00:00+00:00,164.45,164.69,164.3,164.61,622172.0,164.459,4081.0
2024-08-12 19:00:00+00:00,164.6,164.64,163.55,163.95,2061617.0,163.978,14033.0
2024-08-13 13:30:00+00:00,165.09,166.54,164.77,164.82,1028585.0,165.491,5156.0
2024-08-13 14:00:00+00:00,164.81,165.58,164.77,165.33,1011633.0,165.163,5960.0
2024-08-13 15:00:00+00:00,165.34,165.87,165.33,165.64,711312.0,165.621,4250.0
2024-08-13 16:00:00+00:00,165.63,166.12,165.3,166.11,678770.0,165.611,4151.0
2024-08-13 17:00:00+00:00,166.11,166.43,165.45,165.8,904643.0,165.982,5576.0
2024-08-13 18:00:00+00:00,165.81,166.15,165.4,166.03,553636.0,165.743,3202.0
2024-08-13 19:00:00+00:00,166.04,166.16,165.57,165.93,1356167.0,165.866,8747.0
2024-08-14 13:30:00+00:00,164.2,164.96,161.17,161.19,3461812.0,162.904,17977.0
2024-08-14 14:00:00+00:00,161.17,161.19,159.53,160.23,3138240.0,160.224,18018.0
2024-08-14 15:00:00+00:00,160.24,161.74,159.8,161.71,2317092.0,160.514,12959.0
2024-08-14 16:00:00+00:00,161.71,161.88,160.79,161.23,1069870.0,161.297,5561.0
2024-08-14 17:00:00+00:00,161.23,161.28,160.62,160.7,1055411.0,160.977,5287.0
2024-08-14 18:00:00+00:00,160.69,161.03,160.49,160.62,891152.0,160.724,5445.0
2024-08-14 19:00:00+00:00,160.62,162.32,160.22,162.0,2681074.0,161.391,17957.0
2024-08-15 13:30:00+00:00,162.21,163.13,161.49,162.37,2125974.0,162.19,11702.0
2024-08-15 14:00:00+00:00,162.37,162.8,161.61,161.76,1750596.0,162.097,10321.0
2024-08-15 15:00:00+00:00,161.77,162.85,161.54,162.81,1522698.0,162.196,8056.0
2024-08-15 16:00:00+00:00,162.81,163.44,162.71,162.91,1136925.0,163.042,6095.0
2024-08-15 17:00:00+00:00,162.91,163.43,162.78,163.43,697051.0,163.106,3744.0
2024-08-15 18:00:00+00:00,163.44,163.52,162.95,163.13,776578.0,163.242,4771.0
2024-08-15 19:00:00+00:00,163.14,163.34,162.69,163.16,1769104.0,163.027,11494.0
2024-08-16 13:30:00+00:00,163.41,164.82,163.08,164.73,2399223.0,163.988,9451.0
2024-08-16 14:00:00+00:00,164.71,166.95,164.68,165.91,2681995.0,165.958,15467.0
2024-08-16 15:00:00+00:00,165.91,165.95,165.14,165.75,1010601.0,165.566,5871.0
2024-08-16 16:00:00+00:00,165.74,166.02,165.34,165.74,738329.0,165.645,4289.0
2024-08-16 17:00:00+00:00,165.75,165.85,165.17,165.34,544486.0,165.5,3324.0
2024-08-16 18:00:00+00:00,165.34,165.54,165.08,165.5,790820.0,165.245,4581.0
2024-08-16 19:00:00+00:00,165.48,165.56,164.58,164.75,1508040.0,164.948,9747.0
2024-08-19 13:30:00+00:00,167.01,167.72,166.53,166.9,1661467.0,167.113,8694.0
2024-08-19 14:00:00+00:00,166.9,167.43,166.09,166.93,1207045.0,166.674,6672.0
2024-08-19 15:00:00+00:00,166.93,167.36,166.59,166.78,836804.0,167.084,4350.0
2024-08-19 16:00:00+00:00,166.8,167.58,166.72,167.53,674104.0,167.234,3870.0
2024-08-19 17:00:00+00:00,167.53,167.63,167.26,167.53,672362.0,167.398,3639.0
2024-08-19 18:00:00+00:00,167.53,167.77,167.31,167.63,521555.0,167.533,3157.0
2024-08-19 19:00:00+00:00,167.61,168.47,167.41,168.43,1717190.0,167.959,10694.0
2024-08-20 13:30:00+00:00,168.73,170.41,168.66,170.29,1767464.0,169.504,8582.0
2024-08-20 14:00:00+00:00,170.31,170.34,168.84,169.16,1353324.0,169.598,7952.0
2024-08-20 15:00:00+00:00,169.16,169.71,168.82,169.68,594210.0,169.164,3473.0
2024-08-20 16:00:00+00:00,169.7,169.79,169.37,169.38,493440.0,169.636,2995.0
2024-08-20 17:00:00+00:00,169.4,169.83,169.23,169.79,487073.0,169.569,3089.0
2024-08-20 18:00:00+00:00,169.8,170.21,169.65,169.79,781787.0,169.931,4709.0
2024-08-20 19:00:00+00:00,169.79,169.89,168.85,168.97,1231558.0,169.351,7982.0
2024-08-21 13:30:00+00:00,166.98,168.27,166.57,168.17,1409123.0,167.314,8160.0
2024-08-21 14:00:00+00:00,168.18,168.64,167.16,167.62,1312898.0,168.131,7821.0
2024-08-21 15:00:00+00:00,167.57,167.97,167.05,167.24,690746.0,167.538,3863.0
2024-08-21 16:00:00+00:00,167.23,167.61,166.88,167.41,747788.0,167.224,4393.0
2024-08-21 17:00:00+00:00,167.41,167.82,167.1,167.78,520293.0,167.4,2847.0
2024-08-21 18:00:00+00:00,167.81,168.16,167.53,167.67,623461.0,167.781,3836.0
2024-08-21 19:00:00+00:00,167.66,167.69,167.14,167.59,1391458.0,167.447,9229.0
2024-08-22 13:30:00+00:00,169.08,169.42,168.21,168.6,1032264.0,168.791,5559.0
2024-08-22 14:00:00+00:00,168.62,168.73,167.37,167.62,943151.0,167.96,5798.0
2024-08-22 15:00:00+00:00,167.62,167.95,166.53,166.84,886957.0,167.262,5468.0
2024-08-22 16:00:00+00:00,166.81,167.81,166.77,166.93,628085.0,167.361,4138.0
2024-08-22 17:00:00+00:00,166.93,166.93,165.83,165.95,800921.0,166.386,5406.0
2024-08-22 18:00:00+00:00,165.94,166.7,165.86,166.27,656290.0,166.356,4336.0
2024-08-22 19:00:00+00:00,166.3,166.54,165.03,165.53,2716896.0,165.657,17958.0
2024-08-23 13:30:00+00:00,166.49,167.24,166.11,166.78,845318.0,166.629,4463.0
2024-08-23 14:00:00+00:00,166.8,167.95,165.95,166.69,1532189.0,167.133,9782.0
2024-08-23 15:00:00+00:00,166.69,167.42,166.21,166.64,670501.0,166.89,4026.0
2024-08-23 16:00:00+00:00,166.67,166.69,165.66,166.36,661229.0,166.235,3483.0
2024-08-23 17:00:00+00:00,166.38,167.1,166.23,166.67,525770.0,166.779,2923.0
2024-08-23 18:00:00+00:00,166.67,166.98,166.51,166.83,465972.0,166.779,2607.0
2024-08-23 19:00:00+00:00,166.87,167.64,166.65,167.43,1196024.0,167.348,7839.0
2024-08-26 13:30:00+00:00,168.15,169.38,167.46,167.97,1018036.0,168.403,5238.0
2024-08-26 14:00:00+00:00,168.0,168.04,166.32,167.39,804930.0,167.054,4974.0
2024-08-26 15:00:00+00:00,167.42,167.83,167.17,167.41,607824.0,167.477,3187.0
2024-08-26 16:00:00+00:00,167.39,167.94,167.22,167.87,431510.0,167.618,2687.0
2024-08-26 17:00:00+00:00,167.87,168.14,167.48,167.61,429296.0,167.892,2740.0
2024-08-26 18:00:00+00:00,167.6,168.31,167.53,168.08,436843.0,167.968,2894.0
2024-08-26 19:00:00+00:00,168.08,168.15,167.64,167.99,1117645.0,167.94,7903.0
2024-08-27 13:30:00+00:00,167.61,168.16,166.64,167.46,920304.0,167.319,5366.0
2024-08-27 14:00:00+00:00,167.46,168.19,167.37,167.98,1166279.0,167.737,7631.0
2024-08-27 15:00:00+00:00,167.98,168.25,167.43,167.55,727137.0,167.793,4729.0
2024-08-27 16:00:00+00:00,167.55,168.16,167.48,167.72,658238.0,167.857,4479.0
2024-08-27 17:00:00+00:00,167.71,167.89,167.51,167.86,586015.0,167.742,4145.0
2024-08-27 18:00:00+00:00,167.86,167.89,167.09,167.21,646819.0,167.425,4330.0
2024-08-27 19:00:00+00:00,167.21,167.24,166.16,166.37,2235884.0,166.646,13483.0
2024-08-28 13:30:00+00:00,166.89,167.39,164.72,165.17,1204109.0,165.88,6193.0
2024-08-28 14:00:00+00:00,165.17,165.17,164.08,164.28,1246103.0,164.593,8014.0
2024-08-28 15:00:00+00:00,164.27,164.4,163.28,164.25,989964.0,163.873,6605.0
2024-08-28 16:00:00+00:00,164.25,164.65,163.98,164.56,520190.0,164.354,3088.0
2024-08-28 17:00:00+00:00,164.56,164.7,163.73,163.77,439678.0,164.377,3013.0
2024-08-28 18:00:00+00:00,163.78,164.71,163.59,164.7,608243.0,164.085,3677.0
2024-08-28 19:00:00+00:00,164.69,165.13,164.41,164.5,1672131.0,164.691,11690.0
2024-08-29 13:30:00+00:00,166.06,167.55,165.71,167.43,1403374.0,166.444,7980.0
2024-08-29 14:00:00+00:00,167.43,167.63,166.48,166.9,958711.0,166.972,6465.0
2024-08-29 15:00:00+00:00,166.93,167.27,166.33,166.72,649824.0,166.794,4392.0
2024-08-29 16:00:00+00:00,166.73,167.06,166.04,166.22,650018.0,166.658,4244.0
2024-08-29 17:00:00+00:00,166.21,166.34,164.09,164.98,1322955.0,165.11,8473.0
2024-08-29 18:00:00+00:00,164.97,164.97,162.41,162.74,1432334.0,163.43,9160.0
2024-08-29 19:00:00+00:00,162.73,163.68,161.98,163.4,2471043.0,163.108,16086.0
2024-08-30 13:30:00+00:00,164.27,164.84,163.83,164.74,1270408.0,164.337,6794.0
2024-08-30 14:00:00+00:00,164.74,164.83,163.56,163.56,1011229.0,164.309,6486.0
2024-08-30 15:00:00+00:00,163.56,164.17,163.41,164.1,777719.0,163.753,5137.0
2024-08-30 16:00:00+00:00,164.09,164.18,163.49,164.1,680954.0,163.885,4475.0
2024-08-30 17:00:00+00:00,164.09,164.32,163.94,163.98,602305.0,164.131,3775.0
2024-08-30 18:00:00+00:00,163.98,164.33,163.89,164.18,617282.0,164.132,3808.0
2024-08-30 19:00:00+00:00,164.16,165.28,164.09,165.01,3230300.0,164.821,19761.0
2024-09-03 13:30:00+00:00,163.17,163.4,161.36,162.18,2017855.0,162.493,10046.0
2024-09-03 14:00:00+00:00,162.22,162.28,160.35,160.59,2017873.0,161.365,13573.0
2024-09-03 15:00:00+00:00,160.59,161.02,160.41,160.59,1219205.0,160.692,7865.0
2024-09-03 16:00:00+00:00,160.58,161.03,160.31,160.55,1149555.0,160.578,7426.0
2024-09-03 17:00:00+00:00,160.55,160.81,159.9,159.98,1502490.0,160.34,9472.0
2024-09-03 18:00:00+00:00,159.99,160.02,158.94,159.06,1952404.0,159.309,12842.0
2024-09-03 19:00:00+00:00,159.06,159.13,157.85,158.64,4713654.0,158.419,31015.0
2024-09-04 13:30:00+00:00,158.09,160.4,157.96,159.16,1882511.0,159.456,11230.0
2024-09-04 14:00:00+00:00,159.15,159.7,158.36,159.67,1812202.0,159.051,11370.0
2024-09-04 15:00:00+00:00,159.68,159.9,158.28,158.57,1501215.0,158.881,9978.0
2024-09-04 16:00:00+00:00,158.56,159.05,158.22,158.72,857228.0,158.667,5714.0
2024-09-04 17:00:00+00:00,158.72,158.73,157.44,157.7,914688.0,158.164,6220.0
2024-09-04 18:00:00+00:00,157.7,158.36,157.61,157.91,906161.0,157.932,6168.0
2024-09-04 19:00:00+00:00,157.9,158.46,157.71,157.8,1540977.0,158.034,10722.0
2024-09-05 13:30:00+00:00,157.75,161.02,157.52,159.95,2096462.0,159.494,11757.0
2024-09-05 14:00:00+00:00,159.95,160.73,159.3,159.43,1545916.0,160.073,9871.0
2024-09-05 15:00:00+00:00,159.43,159.5,158.14,158.22,872375.0,158.881,5931.0
2024-09-05 16:00:00+00:00,158.23,158.61,157.94,158.08,788884.0,158.183,5515.0
2024-09-05 17:00:00+00:00,158.07,158.98,157.86,158.97,542271.0,158.322,3846.0
2024-09-05 18:00:00+00:00,158.99,159.12,158.51,158.62,681113.0,158.784,4119.0
2024-09-05 19:00:00+00:00,158.63,158.69,157.9,158.59,1598916.0,158.306,10580.0
2024-09-06 13:30:00+00:00,158.69,159.22,156.21,156.34,1128041.0,157.471,6717.0
2024-09-06 14:00:00+00:00,156.32,156.63,154.39,154.75,1874790.0,155.413,11858.0
2024-09-06 15:00:00+00:00,154.76,155.41,153.31,153.47,1779049.0,154.162,11158.0
2024-09-06 16:00:00+00:00,153.5,153.57,152.8,153.0,1073317.0,153.14,6344.0
2024-09-06 17:00:00+00:00,153.0,153.42,152.9,153.0,1026328.0,153.127,6280.0
2024-09-06 18:00:00+00:00,153.01,153.31,152.62,153.09,1693658.0,152.998,10330.0
2024-09-06 19:00:00+00:00,153.1,153.23,151.93,152.11,4584653.0,152.546,26135.0
2024-09-09 13:30:00+00:00,153.64,154.64,153.29,153.82,2009121.0,154.105,11157.0
2024-09-09 14:00:00+00:00,153.83,153.84,150.16,150.16,2852759.0,151.666,19390.0
2024-09-09 15:00:00+00:00,150.16,150.4,149.12,150.4,2794429.0,149.716,15662.0
2024-09-09 16:00:00+00:00,150.39,151.06,149.7,150.67,1441720.0,150.429,8912.0
2024-09-09 17:00:00+00:00,150.68,150.72,150.01,150.26,1558819.0,150.45,9634.0
2024-09-09 18:00:00+00:00,150.27,150.31,149.07,149.17,2007161.0,149.587,12114.0
2024-09-09 19:00:00+00:00,149.18,149.64,148.2,149.55,4317261.0,149.019,25833.0
2024-09-10 13:30:00+00:00,151.45,152.3,150.66,151.24,1702699.0,151.546,9249.0
2024-09-10 14:00:00+00:00,151.26,151.45,149.99,150.33,1671610.0,150.735,9194.0
2024-09-10 15:00:00+00:00,150.33,150.99,149.74,149.75,1090212.0,150.473,5556.0
2024-09-10 16:00:00+00:00,149.74,150.62,149.54,150.46,780282.0,150.079,4353.0
2024-09-10 17:00:00+00:00,150.46,150.91,150.38,150.75,1094541.0,150.702,5703.0
2024-09-10 18:00:00+00:00,150.75,151.63,150.75,151.32,1095348.0,151.271,6528.0
2024-09-10 19:00:00+00:00,151.32,151.47,149.83,149.92,2196140.0,150.498,13594.0
2024-09-11 13:30:00+00:00,151.2,151.73,150.26,150.9,1059600.0,150.91,4908.0
2024-09-11 14:00:00+00:00,150.87,151.11,148.7,149.13,1573311.0,149.689,9392.0
2024-09-11 15:00:00+00:00,149.13,150.49,148.92,149.78,1156810.0,149.74,7849.0
2024-09-11 16:00:00+00:00,149.8,150.75,149.7,150.68,1009502.0,150.422,6127.0
2024-09-11 17:00:00+00:00,150.7,151.84,150.55,151.35,1087735.0,151.1,6285.0
2024-09-11 18:00:00+00:00,151.34,151.56,150.95,151.18,935122.0,151.206,5735.0
2024-09-11 19:00:00+00:00,151.16,152.48,151.08,152.2,2488145.0,151.945,16059.0
2024-09-12 13:30:00+00:00,154.87,155.45,154.0,154.36,1749090.0,154.772,9049.0
2024-09-12 14:00:00+00:00,154.41,154.68,153.5,154.31,1864627.0,154.293,11600.0
2024-09-12 15:00:00+00:00,154.3,154.98,154.0,154.07,1461599.0,154.546,8338.0
2024-09-12 16:00:00+00:00,154.07,155.16,153.81,155.09,1020393.0,154.517,5509.0
2024-09-12 17:00:00+00:00,155.09,155.4,154.86,155.33,987631.0,155.174,5507.0
2024-09-12 18:00:00+00:00,155.33,155.47,154.42,155.13,1430948.0,155.163,8523.0
2024-09-12 19:00:00+00:00,155.12,155.61,154.89,155.57,3099967.0,155.228,19622.0
2024-09-13 13:30:00+00:00,156.35,157.65,156.11,156.91,1465336.0,156.816,7819.0
2024-09-13 14:00:00+00:00,156.9,159.28,156.7,158.35,2702886.0,158.287,15928.0
2024-09-13 15:00:00+00:00,158.38,158.45,157.46,158.0,1144933.0,157.958,6310.0
2024-09-13 16:00:00+00:00,157.99,158.21,157.6,158.19,769789.0,157.927,4714.0
2024-09-13 17:00:00+00:00,158.2,158.5,157.9,158.38,607695.0,158.181,3680.0
2024-09-13 18:00:00+00:00,158.38,158.48,157.96,158.3,709150.0,158.27,4837.0
2024-09-13 19:00:00+00:00,158.3,158.86,158.12,158.34,1820219.0,158.456,12418.0
2024-09-16 13:30:00+00:00,158.33,159.04,157.61,158.87,1192247.0,158.351,5939.0
2024-09-16 14:00:00+00:00,158.85,159.19,158.07,158.86,1177869.0,158.743,7716.0
2024-09-16 15:00:00+00:00,158.87,159.24,158.41,158.7,760315.0,158.864,4794.0
2024-09-16 16:00:00+00:00,158.71,158.93,158.42,158.8,714088.0,158.729,4651.0
2024-09-16 17:00:00+00:00,158.78,159.07,158.49,158.96,752922.0,158.776,4689.0
2024-09-16 18:00:00+00:00,158.98,159.11,158.56,158.84,670178.0,158.864,4026.0
2024-09-16 19:00:00+00:00,158.83,159.1,158.67,158.99,1725409.0,158.878,10597.0
2024-09-17 13:30:00+00:00,160.09,160.9,159.43,160.69,1392962.0,160.266,7232.0
2024-09-17 14:00:00+00:00,160.7,161.59,160.36,160.79,1396280.0,160.832,8731.0
2024-09-17 15:00:00+00:00,160.81,160.93,160.06,160.74,730030.0,160.52,4514.0
2024-09-17 16:00:00+00:00,160.73,160.77,159.48,159.63,698852.0,160.038,4719.0
2024-09-17 17:00:00+00:00,159.61,160.25,159.41,160.21,563875.0,159.827,3317.0
2024-09-17 18:00:00+00:00,160.21,160.41,159.48,159.69,495112.0,159.994,3360.0
2024-09-17 19:00:00+00:00,159.68,160.34,159.59,160.32,1387853.0,160.056,9096.0
2024-09-18 13:30:00+00:00,160.86,161.31,160.15,161.12,1155863.0,160.832,6639.0
2024-09-18 14:00:00+00:00,161.11,161.22,160.34,160.63,872603.0,160.644,5650.0
2024-09-18 15:00:00+00:00,160.64,160.78,159.66,159.84,599772.0,160.159,3875.0
2024-09-18 16:00:00+00:00,159.84,160.59,159.78,160.28,513148.0,160.246,3304.0
2024-09-18 17:00:00+00:00,160.28,160.65,160.15,160.5,591340.0,160.366,3650.0
2024-09-18 18:00:00+00:00,160.45,161.63,159.93,160.58,2191041.0,160.746,15335.0
2024-09-18 19:00:00+00:00,160.58,161.63,160.2,160.84,3148535.0,160.831,21926.0
2024-09-19 13:30:00+00:00,164.81,164.99,162.54,162.7,1792816.0,163.816,9893.0
2024-09-19 14:00:00+00:00,162.71,164.51,162.52,163.37,1716444.0,163.779,9626.0
2024-09-19 15:00:00+00:00,163.39,164.42,163.33,163.96,1153119.0,164.016,6638.0
2024-09-19 16:00:00+00:00,163.96,164.2,163.8,163.9,574593.0,164.013,3762.0
2024-09-19 17:00:00+00:00,163.91,164.52,163.87,164.3,752109.0,164.177,4302.0
2024-09-19 18:00:00+00:00,164.3,164.32,163.75,164.09,859873.0,163.955,5710.0
2024-09-19 19:00:00+00:00,164.08,164.16,163.12,163.24,1794114.0,163.618,12186.0
2024-09-20 13:30:00+00:00,164.58,164.71,163.74,163.92,3725983.0,164.383,6095.0
2024-09-20 14:00:00+00:00,163.92,164.28,163.32,163.35,1286588.0,163.747,7840.0
2024-09-20 15:00:00+00:00,163.35,163.94,163.18,163.77,783065.0,163.56,5100.0
2024-09-20 16:00:00+00:00,163.77,164.3,163.62,164.23,681831.0,163.994,4078.0
2024-09-20 17:00:00+00:00,164.24,164.36,163.67,163.91,719483.0,164.061,5063.0
2024-09-20 18:00:00+00:00,163.91,163.95,163.53,163.83,902073.0,163.71,6049.0
2024-09-20 19:00:00+00:00,163.83,164.75,163.67,164.65,2635533.0,164.207,16377.0
2024-09-23 13:30:00+00:00,165.34,166.61,164.78,165.37,1414245.0,165.406,6588.0
2024-09-23 14:00:00+00:00,165.36,165.66,164.6,165.44,1166791.0,165.203,7125.0
2024-09-23 15:00:00+00:00,165.44,165.54,164.93,164.97,806667.0,165.251,5127.0
2024-09-23 16:00:00+00:00,164.96,164.96,164.01,164.03,848357.0,164.362,4913.0
2024-09-23 17:00:00+00:00,164.03,164.31,163.57,164.19,715395.0,163.917,4037.0
2024-09-23 18:00:00+00:00,164.19,164.3,163.84,163.99,656505.0,164.034,3610.0
2024-09-23 19:00:00+00:00,163.98,164.07,162.95,163.06,1462785.0,163.484,9676.0
2024-09-24 13:30:00+00:00,164.25,164.25,162.66,162.7,914081.0,163.477,4598.0
2024-09-24 14:00:00+00:00,162.71,163.98,162.03,163.93,1055685.0,162.799,6341.0
2024-09-24 15:00:00+00:00,163.95,164.29,163.62,164.28,653504.0,163.939,3565.0
2024-09-24 16:00:00+00:00,164.3,164.55,163.85,163.86,497594.0,164.29,2901.0
2024-09-24 17:00:00+00:00,163.86,163.92,163.41,163.41,407294.0,163.65,2456.0
2024-09-24 18:00:00+00:00,163.42,163.76,163.22,163.66,466294.0,163.532,2903.0
2024-09-24 19:00:00+00:00,163.65,164.1,163.4,163.65,1530373.0,163.715,10017.0
2024-09-25 13:30:00+00:00,162.9,163.84,162.77,163.82,956839.0,163.292,4608.0
2024-09-25 14:00:00+00:00,163.8,164.22,163.71,163.85,912927.0,163.946,5618.0
2024-09-25 15:00:00+00:00,163.84,164.07,163.18,163.35,692535.0,163.774,4155.0
2024-09-25 16:00:00+00:00,163.36,163.4,162.83,163.06,720117.0,163.109,4688.0
2024-09-25 17:00:00+00:00,163.06,163.73,162.82,163.66,609645.0,163.389,4001.0
2024-09-25 18:00:00+00:00,163.67,163.69,163.02,163.23,547600.0,163.299,3441.0
2024-09-25 19:00:00+00:00,163.24,163.32,162.81,162.99,1245288.0,163.018,8053.0
2024-09-26 13:30:00+00:00,164.99,165.5,164.5,165.09,1591746.0,164.989,7767.0
2024-09-26 14:00:00+00:00,165.09,165.1,164.05,164.09,1568850.0,164.623,8298.0
2024-09-26 15:00:00+00:00,164.1,164.57,163.65,164.5,1160069.0,164.08,6663.0
2024-09-26 16:00:00+00:00,164.5,164.51,163.91,163.94,804589.0,164.236,4912.0
2024-09-26 17:00:00+00:00,163.94,163.99,163.5,163.74,906443.0,163.737,5705.0
2024-09-26 18:00:00+00:00,163.75,164.18,163.53,163.81,794124.0,163.871,5395.0
2024-09-26 19:00:00+00:00,163.8,164.2,163.58,163.84,2461515.0,163.88,16861.0
2024-09-27 13:30:00+00:00,163.95,165.25,163.83,165.23,1310494.0,164.427,5987.0
2024-09-27 14:00:00+00:00,165.25,166.97,165.24,166.53,1833487.0,166.214,10889.0
2024-09-27 15:00:00+00:00,166.53,166.68,165.18,165.32,898546.0,165.844,5769.0
2024-09-27 16:00:00+00:00,165.34,165.85,165.27,165.66,619934.0,165.592,3926.0
2024-09-27 17:00:00+00:00,165.66,165.92,165.58,165.92,482481.0,165.738,3022.0
2024-09-27 18:00:00+00:00,165.91,166.06,165.06,165.5,732977.0,165.452,4138.0
2024-09-27 19:00:00+00:00,165.5,165.88,165.14,165.27,1513808.0,165.477,9901.0
2024-09-30 13:30:00+00:00,164.71,166.45,164.64,165.94,1460479.0,165.369,5865.0
2024-09-30 14:00:00+00:00,165.94,165.94,164.8,164.87,732897.0,165.33,4869.0
2024-09-30 15:00:00+00:00,164.87,165.87,164.8,165.7,761651.0,165.331,4550.0
2024-09-30 16:00:00+00:00,165.7,166.2,165.66,166.05,517155.0,166.016,3055.0
2024-09-30 17:00:00+00:00,166.05,166.09,165.56,166.0,442375.0,165.801,2794.0
2024-09-30 18:00:00+00:00,166.0,166.04,165.07,165.7,516106.0,165.66,3342.0
2024-09-30 19:00:00+00:00,165.69,167.36,165.52,167.19,1889014.0,166.747,11461.0
2024-10-01 13:30:00+00:00,168.86,170.44,167.12,167.57,2783466.0,168.882,13436.0
2024-10-01 14:00:00+00:00,167.52,167.79,165.93,166.82,1643678.0,166.722,9733.0
2024-10-01 15:00:00+00:00,166.81,167.6,165.9,167.22,1074245.0,166.737,6034.0
2024-10-01 16:00:00+00:00,167.21,167.95,166.92,167.67,1056293.0,167.549,6541.0
2024-10-01 17:00:00+00:00,167.68,168.7,167.13,168.63,983445.0,167.783,6367.0
2024-10-01 18:00:00+00:00,168.63,169.17,168.61,169.1,931281.0,168.884,5719.0
2024-10-01 19:00:00+00:00,169.09,169.2,168.17,168.42,1317958.0,168.675,9140.0
2024-10-02 13:30:00+00:00,167.75,168.88,166.39,167.0,1604805.0,167.325,7707.0
2024-10-02 14:00:00+00:00,167.01,167.23,166.37,166.57,1292980.0,166.785,8002.0
2024-10-02 15:00:00+00:00,166.58,167.35,166.25,166.56,789788.0,166.8,5195.0
2024-10-02 16:00:00+00:00,166.61,167.05,166.55,166.83,586090.0,166.829,3760.0
2024-10-02 17:00:00+00:00,166.82,167.15,166.56,167.11,484011.0,166.856,3310.0
2024-10-02 18:00:00+00:00,167.09,167.31,166.79,167.21,435530.0,167.128,2912.0
2024-10-02 19:00:00+00:00,167.21,168.0,167.13,167.31,1003894.0,167.498,6381.0
2024-10-03 13:30:00+00:00,165.82,166.52,165.37,166.25,916520.0,165.921,4806.0
2024-10-03 14:00:00+00:00,166.27,167.12,165.8,166.39,942451.0,166.461,6584.0
2024-10-03 15:00:00+00:00,166.39,167.42,166.35,167.38,524204.0,166.917,3449.0
2024-10-03 16:00:00+00:00,167.39,167.85,167.12,167.23,539871.0,167.502,3552.0
2024-10-03 17:00:00+00:00,167.22,167.91,167.02,167.39,526669.0,167.381,3690.0
2024-10-03 18:00:00+00:00,167.4,167.52,167.11,167.31,397278.0,167.349,2593.0
2024-10-03 19:00:00+00:00,167.3,167.48,166.87,167.22,1184917.0,167.209,8404.0
2024-10-04 13:30:00+00:00,169.32,169.55,167.85,167.98,1159655.0,169.024,6583.0
2024-10-04 14:00:00+00:00,168.0,168.37,167.11,167.78,1065379.0,167.716,7143.0
2024-10-04 15:00:00+00:00,167.78,168.15,166.96,167.87,653348.0,167.443,4071.0
2024-10-04 16:00:00+00:00,167.88,167.98,167.4,167.81,507310.0,167.693,3322.0
2024-10-04 17:00:00+00:00,167.82,167.89,167.27,167.37,456369.0,167.64,3169.0
2024-10-04 18:00:00+00:00,167.39,167.75,167.18,167.68,475772.0,167.501,3156.0
2024-10-04 19:00:00+00:00,167.67,168.8,167.56,168.58,1397809.0,168.255,9659.0
2024-10-07 13:30:00+00:00,169.14,169.9,167.37,167.53,1118476.0,168.495,6112.0
2024-10-07 14:00:00+00:00,167.53,168.5,167.49,167.84,883521.0,168.11,5881.0
2024-10-07 15:00:00+00:00,167.84,167.84,167.21,167.36,610808.0,167.528,3682.0
2024-10-07 16:00:00+00:00,167.36,167.45,166.6,166.72,586965.0,166.963,3186.0
2024-10-07 17:00:00+00:00,166.72,166.88,166.09,166.39,600980.0,166.467,3568.0
2024-10-07 18:00:00+00:00,166.38,166.41,164.5,164.68,1176099.0,165.431,7351.0
2024-10-07 19:00:00+00:00,164.68,165.17,164.13,164.4,2051482.0,164.571,13088.0
2024-10-08 13:30:00+00:00,165.28,165.68,164.57,165.19,1013231.0,165.161,5779.0
2024-10-08 14:00:00+00:00,165.17,166.1,165.17,165.44,1118100.0,165.555,7743.0
2024-10-08 15:00:00+00:00,165.44,165.66,165.15,165.46,618842.0,165.445,4202.0
2024-10-08 16:00:00+00:00,165.46,165.47,164.71,165.13,744938.0,164.975,4125.0
2024-10-08 17:00:00+00:00,165.12,165.18,164.4,164.5,557517.0,164.688,3627.0
2024-10-08 18:00:00+00:00,164.5,164.83,164.31,164.71,552169.0,164.571,3637.0
2024-10-08 19:00:00+00:00,164.71,165.83,164.52,165.71,1521866.0,165.209,9555.0
2024-10-09 13:30:00+00:00,164.84,166.26,162.62,163.05,1971474.0,164.65,10916.0
2024-10-09 14:00:00+00:00,163.05,163.47,161.12,162.96,3140155.0,162.566,19408.0
2024-10-09 15:00:00+00:00,162.96,163.37,162.29,163.36,1513900.0,162.8,9233.0
2024-10-09 16:00:00+00:00,163.36,163.36,161.88,161.94,1160439.0,162.453,7118.0
2024-10-09 17:00:00+00:00,161.95,162.25,161.62,161.77,1081375.0,161.89,6541.0
2024-10-09 18:00:00+00:00,161.78,162.34,161.51,162.11,1131716.0,161.961,6583.0
2024-10-09 19:00:00+00:00,162.11,163.17,161.78,163.08,1981393.0,162.553,12483.0
2024-10-10 13:30:00+00:00,161.98,163.14,161.64,162.81,1300162.0,162.62,7014.0
2024-10-10 14:00:00+00:00,162.81,163.84,162.7,163.24,1129175.0,163.237,6125.0
2024-10-10 15:00:00+00:00,163.25,164.0,163.03,163.99,633950.0,163.557,3765.0
2024-10-10 16:00:00+00:00,163.99,164.32,163.62,163.81,849555.0,164.008,5212.0
2024-10-10 17:00:00+00:00,163.81,163.84,163.05,163.62,705598.0,163.488,5131.0
2024-10-10 18:00:00+00:00,163.63,163.64,163.13,163.46,645512.0,163.403,4661.0
2024-10-10 19:00:00+00:00,163.45,163.54,163.0,163.18,1755918.0,163.264,12637.0
2024-10-11 13:30:00+00:00,163.27,163.72,162.5,163.68,876507.0,163.191,4625.0
2024-10-11 14:00:00+00:00,163.66,165.15,163.45,164.59,1212177.0,164.534,7573.0
2024-10-11 15:00:00+00:00,164.59,164.79,164.19,164.77,668259.0,164.473,4304.0
2024-10-11 16:00:00+00:00,164.78,164.97,164.31,164.48,529814.0,164.653,3010.0
2024-10-11 17:00:00+00:00,164.48,164.87,164.35,164.57,436736.0,164.634,2579.0
2024-10-11 18:00:00+00:00,164.56,164.92,164.5,164.86,400823.0,164.749,2676.0
2024-10-11 19:00:00+00:00,164.87,165.27,164.35,164.52,1367919.0,164.857,8897.0
2024-10-14 13:30:00+00:00,164.91,167.62,164.78,167.4,1315793.0,166.212,6570.0
2024-10-14 14:00:00+00:00,167.43,167.51,166.09,166.16,949833.0,166.74,5685.0
2024-10-14 15:00:00+00:00,166.16,166.18,165.46,166.11,667950.0,165.833,3739.0
2024-10-14 16:00:00+00:00,166.11,166.44,166.09,166.29,505298.0,166.228,2769.0
2024-10-14 17:00:00+00:00,166.28,166.54,166.15,166.32,356753.0,166.374,2165.0
2024-10-14 18:00:00+00:00,166.32,166.56,166.21,166.53,388490.0,166.403,2591.0
2024-10-14 19:00:00+00:00,166.52,167.13,166.18,166.39,1395848.0,166.523,9470.0
2024-10-15 13:30:00+00:00,167.14,168.33,166.66,168.15,1353351.0,167.604,7495.0
2024-10-15 14:00:00+00:00,168.15,169.09,166.52,166.55,1695654.0,167.845,11281.0
2024-10-15 15:00:00+00:00,166.54,167.58,166.35,167.06,642967.0,167.039,4152.0
2024-10-15 16:00:00+00:00,167.07,167.65,166.91,167.62,516144.0,167.382,3581.0
2024-10-15 17:00:00+00:00,167.62,167.72,166.59,166.93,656243.0,167.079,4118.0
2024-10-15 18:00:00+00:00,166.95,167.2,166.45,166.52,499559.0,166.783,3242.0
2024-10-15 19:00:00+00:00,166.53,166.95,166.05,166.89,1485276.0,166.602,10550.0
2024-10-16 13:30:00+00:00,166.05,166.37,165.29,165.36,926339.0,165.861,5481.0
2024-10-16 14:00:00+00:00,165.35,167.28,165.21,166.67,1246702.0,166.589,6494.0
2024-10-16 15:00:00+00:00,166.68,166.89,165.63,165.65,778678.0,166.407,5476.0
2024-10-16 16:00:00+00:00,165.65,166.18,165.55,166.17,535968.0,165.784,3383.0
2024-10-16 17:00:00+00:00,166.19,166.36,165.89,166.23,435385.0,166.162,2746.0
2024-10-16 18:00:00+00:00,166.22,166.66,166.11,166.35,412834.0,166.389,2798.0
2024-10-16 19:00:00+00:00,166.36,166.88,166.27,166.72,1198456.0,166.586,7598.0
2024-10-17 13:30:00+00:00,167.38,167.93,165.82,165.92,1182057.0,166.818,7575.0
2024-10-17 14:00:00+00:00,165.92,166.16,164.92,165.0,1334306.0,165.364,8545.0
2024-10-17 15:00:00+00:00,165.0,166.52,164.87,166.5,1297283.0,165.595,6710.0
2024-10-17 16:00:00+00:00,166.52,166.6,165.92,166.4,501140.0,166.335,2916.0
2024-10-17 17:00:00+00:00,166.41,166.66,165.17,165.21,1211073.0,165.633,7514.0
2024-10-17 18:00:00+00:00,165.21,165.21,164.5,165.17,804877.0,164.797,4627.0
2024-10-17 19:00:00+00:00,165.16,165.2,164.37,164.52,1287942.0,164.722,8042.0
2024-10-18 13:30:00+00:00,164.87,166.18,164.75,165.61,2666684.0,165.367,6650.0
2024-10-18 14:00:00+00:00,165.61,166.37,165.05,165.11,799511.0,165.592,4820.0
2024-10-18 15:00:00+00:00,165.11,165.48,164.89,164.96,583804.0,165.191,3487.0
2024-10-18 16:00:00+00:00,164.96,165.79,164.88,165.56,562189.0,165.33,3282.0
2024-10-18 17:00:00+00:00,165.57,165.65,165.11,165.22,375966.0,165.323,2715.0
2024-10-18 18:00:00+00:00,165.21,165.56,165.02,165.55,491209.0,165.263,3185.0
2024-10-18 19:00:00+00:00,165.54,165.58,164.9,165.06,1086517.0,165.207,7462.0
2024-10-21 13:30:00+00:00,164.58,165.94,164.58,165.61,898788.0,165.402,5171.0
2024-10-21 14:00:00+00:00,165.62,166.22,164.87,165.06,922315.0,165.73,5934.0
2024-10-21 15:00:00+00:00,165.05,165.24,164.3,165.19,672114.0,164.784,4434.0
2024-10-21 16:00:00+00:00,165.18,165.48,165.13,165.41,478930.0,165.305,3193.0
2024-10-21 17:00:00+00:00,165.4,165.9,165.38,165.81,432461.0,165.678,2700.0
2024-10-21 18:00:00+00:00,165.81,165.85,165.46,165.51,361626.0,165.672,2496.0
2024-10-21 19:00:00+00:00,165.52,165.85,165.36,165.79,977406.0,165.655,6791.0
2024-10-22 13:30:00+00:00,164.64,166.96,164.64,166.95,1168921.0,166.049,6292.0
2024-10-22 14:00:00+00:00,166.96,167.47,166.56,166.71,1146454.0,167.052,6091.0
2024-10-22 15:00:00+00:00,166.71,166.74,166.06,166.06,535541.0,166.352,3129.0
2024-10-22 16:00:00+00:00,166.06,166.34,165.66,166.28,504508.0,165.928,2840.0
2024-10-22 17:00:00+00:00,166.28,166.73,165.98,166.71,515915.0,166.34,3208.0
2024-10-22 18:00:00+00:00,166.72,166.88,166.21,166.28,446911.0,166.606,3011.0
2024-10-22 19:00:00+00:00,166.27,166.93,166.19,166.82,906228.0,166.614,6192.0
2024-10-23 13:30:00+00:00,166.43,167.6,166.02,166.37,833489.0,166.715,4470.0
2024-10-23 14:00:00+00:00,166.39,166.44,165.46,165.53,999908.0,165.865,6829.0
2024-10-23 15:00:00+00:00,165.53,165.56,163.81,164.46,1212002.0,164.575,7541.0
2024-10-23 16:00:00+00:00,164.45,164.7,163.97,164.55,555059.0,164.374,3739.0
2024-10-23 17:00:00+00:00,164.54,164.55,163.87,163.96,604730.0,164.138,3816.0
2024-10-23 18:00:00+00:00,163.96,164.42,163.63,164.3,734612.0,163.977,4558.0
2024-10-23 19:00:00+00:00,164.29,164.71,164.13,164.48,1055770.0,164.437,7413.0
2024-10-24 13:30:00+00:00,164.58,164.94,162.77,163.89,2000855.0,163.551,11566.0
2024-10-24 14:00:00+00:00,163.9,164.54,163.67,164.38,1307742.0,164.147,8250.0
2024-10-24 15:00:00+00:00,164.38,164.65,163.82,164.64,759678.0,164.285,4338.0
2024-10-24 16:00:00+00:00,164.65,165.05,164.3,164.95,597546.0,164.778,3799.0
2024-10-24 17:00:00+00:00,164.96,165.05,164.67,164.79,347167.0,164.842,2212.0
2024-10-24 18:00:00+00:00,164.81,164.89,164.45,164.52,436003.0,164.66,2986.0
2024-10-24 19:00:00+00:00,164.51,165.01,164.25,164.52,1171888.0,164.677,6981.0
2024-10-25 13:30:00+00:00,165.31,167.3,165.23,167.13,1536833.0,166.019,8990.0
2024-10-25 14:00:00+00:00,167.14,167.4,166.48,166.76,1202741.0,167.046,7394.0
2024-10-25 15:00:00+00:00,166.76,167.23,166.55,166.69,625142.0,166.886,3820.0
2024-10-25 16:00:00+00:00,166.69,167.3,166.58,167.11,603933.0,167.069,3341.0
2024-10-25 17:00:00+00:00,167.12,167.16,166.12,166.16,797124.0,166.615,4582.0
2024-10-25 18:00:00+00:00,166.17,167.08,165.95,166.94,717503.0,166.509,4720.0
2024-10-25 19:00:00+00:00,166.92,167.19,166.63,166.99,1333988.0,166.955,8290.0
2024-10-28 13:30:00+00:00,170.55,170.61,168.03,168.72,2530703.0,169.265,12278.0
2024-10-28 14:00:00+00:00,168.71,169.79,168.63,169.07,1556945.0,169.231,9601.0
2024-10-28 15:00:00+00:00,169.07,169.15,165.79,168.54,2896672.0,167.706,16901.0
2024-10-28 16:00:00+00:00,168.54,168.61,167.89,168.34,1048928.0,168.229,5930.0
2024-10-28 17:00:00+00:00,168.34,168.67,168.07,168.54,790261.0,168.341,4666.0
2024-10-28 18:00:00+00:00,168.53,169.03,168.41,168.87,1069821.0,168.659,6623.0
2024-10-28 19:00:00+00:00,168.87,168.97,168.26,168.34,2287448.0,168.542,14124.0
2024-10-29 13:30:00+00:00,169.39,170.01,168.66,169.6,1901190.0,169.386,10644.0
2024-10-29 14:00:00+00:00,169.62,170.69,169.17,170.68,1978024.0,169.834,11386.0
2024-10-29 15:00:00+00:00,170.66,170.87,169.9,170.22,1726929.0,170.489,10522.0
2024-10-29 16:00:00+00:00,170.22,170.84,169.93,170.79,1460973.0,170.33,8842.0
2024-10-29 17:00:00+00:00,170.79,171.39,170.77,171.05,1654125.0,171.074,9035.0
2024-10-29 18:00:00+00:00,171.04,171.55,170.96,171.3,1519722.0,171.305,9010.0
2024-10-29 19:00:00+00:00,171.29,171.86,170.83,171.16,4006525.0,171.466,24117.0
2024-10-30 13:30:00+00:00,182.31,183.79,179.27,180.99,10514358.0,181.56,56421.0
2024-10-30 14:00:00+00:00,180.97,182.95,180.18,181.0,7004322.0,181.665,37915.0
2024-10-30 15:00:00+00:00,181.02,181.73,180.03,180.73,3928048.0,180.908,22798.0
2024-10-30 16:00:00+00:00,180.74,181.19,179.53,179.56,2483395.0,180.504,14428.0
2024-10-30 17:00:00+00:00,179.55,179.75,177.76,177.96,3090055.0,178.7,15336.0
2024-10-30 18:00:00+00:00,177.95,178.74,177.93,178.43,1700375.0,178.46,9942.0
2024-10-30 19:00:00+00:00,178.42,178.62,175.74,176.24,4127354.0,177.118,23901.0
2024-10-31 13:30:00+00:00,174.73,178.42,174.6,176.27,4480157.0,176.492,22342.0
2024-10-31 14:00:00+00:00,176.29,177.9,175.07,175.68,3232108.0,176.31,19566.0
2024-10-31 15:00:00+00:00,175.67,176.68,175.13,175.87,2317065.0,175.833,13684.0
2024-10-31 16:00:00+00:00,175.86,176.57,173.29,174.05,3684222.0,174.771,22278.0
2024-10-31 17:00:00+00:00,174.03,174.41,172.78,173.01,1489353.0,173.584,9102.0
2024-10-31 18:00:00+00:00,173.03,173.67,172.74,172.94,1139103.0,173.069,7583.0
2024-10-31 19:00:00+00:00,172.95,174.03,172.56,172.56,2876243.0,173.193,18726.0
2024-11-01 13:30:00+00:00,171.54,173.8,170.31,173.38,3060234.0,172.168,15244.0
2024-11-01 14:00:00+00:00,173.4,173.45,171.95,173.06,2251205.0,172.621,12174.0
2024-11-01 15:00:00+00:00,173.05,173.32,172.55,173.0,1237509.0,172.97,6765.0
2024-11-01 16:00:00+00:00,173.0,173.82,172.95,173.69,998926.0,173.357,6227.0
2024-11-01 17:00:00+00:00,173.7,173.79,172.69,172.75,1083079.0,173.21,5722.0
2024-11-01 18:00:00+00:00,172.74,172.96,172.43,172.66,1045863.0,172.736,6917.0
2024-11-01 19:00:00+00:00,172.66,173.4,172.39,172.65,2774222.0,172.773,18931.0
2024-11-04 14:30:00+00:00,171.24,171.92,169.48,170.64,2584000.0,170.646,11739.0
2024-11-04 15:00:00+00:00,170.65,171.28,170.44,171.02,1458820.0,170.872,7074.0
2024-11-04 16:00:00+00:00,171.02,171.26,169.51,169.82,1090233.0,170.361,5902.0
2024-11-04 17:00:00+00:00,169.82,170.79,169.56,170.74,813915.0,170.058,4173.0
2024-11-04 18:00:00+00:00,170.74,171.22,170.56,170.85,671358.0,170.953,3978.0
2024-11-04 19:00:00+00:00,170.86,171.24,170.85,171.08,595232.0,171.085,3779.0
2024-11-04 20:00:00+00:00,171.08,171.16,170.48,170.72,1351976.0,170.783,8670.0
2024-11-05 14:30:00+00:00,170.83,171.48,170.37,171.3,1332302.0,170.96,5811.0
2024-11-05 15:00:00+00:00,171.32,171.62,170.69,170.93,1060257.0,171.162,6423.0
2024-11-05 16:00:00+00:00,170.92,171.57,170.83,171.13,829299.0,171.255,4737.0
2024-11-05 17:00:00+00:00,171.13,172.1,171.13,171.82,645460.0,171.662,3482.0
2024-11-05 18:00:00+00:00,171.84,172.0,171.26,171.35,845393.0,171.632,3993.0
2024-11-05 19:00:00+00:00,171.35,171.63,171.24,171.42,730547.0,171.428,4380.0
2024-11-05 20:00:00+00:00,171.41,171.66,171.0,171.39,1186313.0,171.388,7770.0
2024-11-06 14:30:00+00:00,175.27,177.32,175.04,176.47,3758613.0,176.194,20246.0
2024-11-06 15:00:00+00:00,176.48,178.31,176.31,176.82,2413360.0,177.391,14312.0
2024-11-06 16:00:00+00:00,176.82,177.58,176.37,177.27,1424329.0,177.069,8552.0
2024-11-06 17:00:00+00:00,177.26,177.29,176.8,176.83,797150.0,177.007,4967.0
2024-11-06 18:00:00+00:00,176.84,177.79,176.76,177.63,868890.0,177.295,5296.0
2024-11-06 19:00:00+00:00,177.64,178.24,177.59,178.18,1221211.0,177.893,7141.0
2024-11-06 20:00:00+00:00,178.18,178.64,177.76,178.29,2616448.0,178.225,16180.0
2024-11-07 14:30:00+00:00,179.11,180.96,178.89,180.05,2118521.0,179.872,9403.0
2024-11-07 15:00:00+00:00,180.04,180.39,179.28,180.38,1343705.0,179.771,8392.0
2024-11-07 16:00:00+00:00,180.39,181.57,180.28,181.55,1278676.0,180.985,7263.0
2024-11-07 17:00:00+00:00,181.55,181.58,180.74,181.14,867661.0,181.099,5729.0
2024-11-07 18:00:00+00:00,181.17,181.3,180.81,181.28,652219.0,181.099,4387.0
2024-11-07 19:00:00+00:00,181.28,182.37,181.16,182.36,1368444.0,181.79,8446.0
2024-11-07 20:00:00+00:00,182.37,182.58,181.94,182.29,1882229.0,182.238,13178.0
2024-11-08 14:30:00+00:00,182.12,182.35,180.38,180.75,1671774.0,181.302,8636.0
2024-11-08 15:00:00+00:00,180.76,181.27,179.71,179.79,1315250.0,180.307,7202.0
2024-11-08 16:00:00+00:00,179.79,180.53,179.57,180.5,925012.0,180.148,5313.0
2024-11-08 17:00:00+00:00,180.49,180.54,180.13,180.34,576588.0,180.321,4074.0
2024-11-08 18:00:00+00:00,180.34,180.46,179.75,180.42,639570.0,180.187,4013.0
2024-11-08 19:00:00+00:00,180.41,180.79,180.07,180.73,691323.0,180.409,3539.0
2024-11-08 20:00:00+00:00,180.72,180.73,179.62,179.9,1320903.0,180.039,8848.0
2024-11-11 14:30:00+00:00,180.0,181.25,179.99,181.12,1472309.0,180.647,7835.0
2024-11-11 15:00:00+00:00,181.12,181.8,180.99,181.27,1123750.0,181.412,6517.0
2024-11-11 16:00:00+00:00,181.27,181.7,180.91,181.49,735812.0,181.291,4471.0
2024-11-11 17:00:00+00:00,181.49,181.86,181.34,181.5,594030.0,181.585,3445.0
2024-11-11 18:00:00+00:00,181.49,181.86,180.99,181.84,644234.0,181.33,4046.0
2024-11-11 19:00:00+00:00,181.83,182.09,181.71,181.81,655189.0,181.934,3514.0
2024-11-11 20:00:00+00:00,181.81,182.02,181.59,181.98,1222801.0,181.789,8248.0
2024-11-12 14:30:00+00:00,181.4,183.5,180.99,183.33,1310925.0,182.399,7033.0
2024-11-12 15:00:00+00:00,183.35,183.42,181.14,181.35,1350972.0,181.869,9116.0
2024-11-12 16:00:00+00:00,181.35,181.87,181.11,181.73,650392.0,181.462,4146.0
2024-11-12 17:00:00+00:00,181.73,182.78,181.57,182.11,521428.0,182.201,3124.0
2024-11-12 18:00:00+00:00,182.11,182.98,182.0,182.92,562546.0,182.657,3228.0
2024-11-12 19:00:00+00:00,182.91,183.76,182.9,183.58,863491.0,183.3,5350.0
2024-11-12 20:00:00+00:00,183.58,184.03,182.79,183.33,1510635.0,183.506,10363.0
2024-11-13 14:30:00+00:00,182.18,182.62,180.83,181.21,1348822.0,181.568,7843.0
2024-11-13 15:00:00+00:00,181.23,181.36,180.48,180.96,1150021.0,180.916,7093.0
2024-11-13 16:00:00+00:00,180.96,181.41,180.76,181.07,750049.0,181.053,4656.0
2024-11-13 17:00:00+00:00,181.08,181.8,180.81,180.98,894874.0,181.298,5878.0
2024-11-13 18:00:00+00:00,180.98,181.57,180.66,181.49,730454.0,181.008,4456.0
2024-11-13 19:00:00+00:00,181.5,181.53,180.71,180.74,750646.0,181.058,4915.0
2024-11-13 20:00:00+00:00,180.73,180.96,180.12,180.49,1914777.0,180.582,12122.0
2024-11-14 14:30:00+00:00,179.83,180.45,177.91,178.12,1353284.0,179.128,7294.0
2024-11-14 15:00:00+00:00,178.1,178.73,177.4,177.56,1278756.0,178.132,7821.0
2024-11-14 16:00:00+00:00,177.55,177.58,176.07,176.28,1702790.0,176.742,9804.0
2024-11-14 17:00:00+00:00,176.29,176.89,176.03,176.84,1049873.0,176.373,5866.0
2024-11-14 18:00:00+00:00,176.84,177.23,176.48,176.51,676316.0,176.965,4255.0
2024-11-14 19:00:00+00:00,176.52,177.39,176.51,177.18,734264.0,176.997,4635.0
2024-11-14 20:00:00+00:00,177.17,177.74,176.86,177.36,1629244.0,177.292,11748.0
2024-11-15 14:30:00+00:00,175.66,175.88,174.7,175.12,2388628.0,175.513,7349.0
2024-11-15 15:00:00+00:00,175.13,175.39,173.16,173.31,1709367.0,174.25,11829.0
2024-11-15 16:00:00+00:00,173.31,173.92,172.96,173.6,1352380.0,173.453,8689.0
2024-11-15 17:00:00+00:00,173.6,173.78,173.05,173.46,954807.0,173.527,6221.0
2024-11-15 18:00:00+00:00,173.46,173.73,172.74,173.05,678214.0,173.265,4203.0
2024-11-15 19:00:00+00:00,173.05,173.79,173.03,173.49,707095.0,173.413,4334.0
2024-11-15 20:00:00+00:00,173.49,174.15,173.15,173.9,1946912.0,173.739,13591.0
2024-11-18 14:30:00+00:00,174.96,175.41,174.42,174.79,1117067.0,175.0,5624.0
2024-11-18 15:00:00+00:00,174.78,175.76,174.49,175.64,1004519.0,175.081,6272.0
2024-11-18 16:00:00+00:00,175.64,176.12,175.43,175.88,762084.0,175.819,4347.0
2024-11-18 17:00:00+00:00,175.88,175.89,174.92,175.44,511588.0,175.494,2880.0
2024-11-18 18:00:00+00:00,175.45,176.81,175.42,176.25,854035.0,176.045,5661.0
2024-11-18 19:00:00+00:00,176.24,176.71,175.95,176.69,554253.0,176.278,3200.0
2024-11-18 20:00:00+00:00,176.68,176.91,176.4,176.81,1272597.0,176.687,7862.0
2024-11-19 14:30:00+00:00,175.19,178.5,175.11,177.44,1441012.0,176.897,7666.0
2024-11-19 15:00:00+00:00,177.45,177.58,176.18,177.35,1194600.0,176.957,7071.0
2024-11-19 16:00:00+00:00,177.37,178.58,177.33,178.26,795307.0,178.117,5416.0
2024-11-19 17:00:00+00:00,178.27,178.63,177.82,178.57,532302.0,178.253,3506.0
2024-11-19 18:00:00+00:00,178.57,179.78,178.43,179.43,637312.0,179.138,3958.0
2024-11-19 19:00:00+00:00,179.44,179.79,178.84,179.23,626705.0,179.293,4357.0
2024-11-19 20:00:00+00:00,179.23,180.17,178.92,179.53,1950036.0,179.671,12987.0
2024-11-20 14:30:00+00:00,178.82,179.11,176.7,176.74,1006149.0,177.97,5428.0
2024-11-20 15:00:00+00:00,176.74,177.09,175.33,176.5,1340150.0,176.079,8962.0
2024-11-20 16:00:00+00:00,176.49,177.05,175.82,176.88,717351.0,176.464,4358.0
2024-11-20 17:00:00+00:00,176.88,177.06,176.05,176.24,520303.0,176.547,3076.0
2024-11-20 18:00:00+00:00,176.27,176.66,175.96,176.25,634347.0,176.281,3720.0
2024-11-20 19:00:00+00:00,176.25,176.52,175.9,176.07,583200.0,176.16,3800.0
2024-11-20 20:00:00+00:00,176.06,177.49,175.86,177.31,1428170.0,176.915,9224.0
2024-11-21 14:30:00+00:00,175.41,175.58,168.33,168.93,3874765.0,170.741,20072.0
2024-11-21 15:00:00+00:00,168.94,169.05,165.31,166.89,5435260.0,167.125,29293.0
2024-11-21 16:00:00+00:00,166.91,167.1,165.36,166.08,3520953.0,166.21,20114.0
2024-11-21 17:00:00+00:00,166.08,168.35,166.08,168.0,2681857.0,167.354,14249.0
2024-11-21 18:00:00+00:00,168.01,168.61,167.16,167.55,2325043.0,168.002,10269.0
2024-11-21 19:00:00+00:00,167.54,168.14,166.96,167.93,1494298.0,167.451,7792.0
2024-11-21 20:00:00+00:00,167.89,169.73,167.84,169.25,3656585.0,169.085,20907.0
2024-11-22 14:30:00+00:00,166.98,168.27,165.71,167.75,3014510.0,167.216,16578.0
2024-11-22 15:00:00+00:00,167.75,167.87,166.52,167.31,2120221.0,167.229,11507.0
2024-11-22 16:00:00+00:00,167.3,167.33,166.13,166.24,1545468.0,166.525,9821.0
2024-11-22 17:00:00+00:00,166.24,167.1,166.14,166.89,1223059.0,166.706,6309.0
2024-11-22 18:00:00+00:00,166.9,167.35,166.51,166.71,1124504.0,166.901,6148.0
2024-11-22 19:00:00+00:00,166.72,167.01,166.53,166.95,1045702.0,166.777,6074.0
2024-11-22 20:00:00+00:00,166.94,167.15,166.5,166.54,2367345.0,166.729,13947.0
2024-11-25 14:30:00+00:00,167.9,170.46,167.4,169.67,2544350.0,169.191,12224.0
2024-11-25 15:00:00+00:00,169.69,170.18,169.0,169.32,1656261.0,169.618,9250.0
2024-11-25 16:00:00+00:00,169.33,169.98,169.16,169.26,850615.0,169.457,4780.0
2024-11-25 17:00:00+00:00,169.26,169.34,167.92,168.42,1004583.0,168.551,5824.0
2024-11-25 18:00:00+00:00,168.42,169.43,168.37,169.12,639115.0,168.862,3689.0
2024-11-25 19:00:00+00:00,169.13,169.28,168.76,169.24,570160.0,169.057,3370.0
2024-11-25 20:00:00+00:00,169.24,169.8,168.87,169.44,1579553.0,169.362,11023.0
2024-11-26 14:30:00+00:00,169.48,170.8,169.43,170.69,1272080.0,170.214,6522.0
2024-11-26 15:00:00+00:00,170.7,170.78,169.46,170.07,1287041.0,169.963,7750.0
2024-11-26 16:00:00+00:00,170.07,170.86,170.05,170.79,1040517.0,170.522,6087.0
2024-11-26 17:00:00+00:00,170.78,171.25,170.55,171.22,789251.0,170.851,4618.0
2024-11-26 18:00:00+00:00,171.22,171.5,170.98,171.26,639168.0,171.275,3913.0
2024-11-26 19:00:00+00:00,171.26,171.39,170.76,171.1,677187.0,171.09,4532.0
2024-11-26 20:00:00+00:00,171.09,171.22,170.59,170.6,1961414.0,170.849,12838.0
2024-11-27 14:30:00+00:00,170.61,171.1,169.67,170.62,1000502.0,170.573,4797.0
2024-11-27 15:00:00+00:00,170.6,170.85,170.16,170.58,1032653.0,170.519,6081.0
2024-11-27 16:00:00+00:00,170.59,170.98,170.23,170.51,785643.0,170.595,4600.0
2024-11-27 17:00:00+00:00,170.51,170.76,170.09,170.58,490418.0,170.475,3118.0
2024-11-27 18:00:00+00:00,170.58,171.14,170.54,170.83,627905.0,170.9,3322.0
2024-11-27 19:00:00+00:00,170.84,171.03,170.66,170.68,472250.0,170.853,3044.0
2024-11-27 20:00:00+00:00,170.66,171.04,170.66,170.89,885459.0,170.87,5591.0
2024-11-29 14:30:00+00:00,170.06,170.36,168.75,170.02,1202778.0,169.695,4604.0
2024-11-29 15:00:00+00:00,170.0,170.38,169.51,169.9,973189.0,169.963,4756.0
2024-11-29 16:00:00+00:00,169.91,170.73,169.9,170.6,606042.0,170.436,3316.0
2024-11-29 17:00:00+00:00,170.59,170.87,170.1,170.56,1357652.0,170.55,8648.0
2024-12-02 14:30:00+00:00,170.32,172.85,170.27,172.8,1829158.0,171.499,8481.0
2024-12-02 15:00:00+00:00,172.85,173.56,172.42,172.62,1419852.0,173.101,8478.0
2024-12-02 16:00:00+00:00,172.62,173.35,172.26,173.33,901440.0,172.779,4987.0
2024-12-02 17:00:00+00:00,173.33,173.54,172.92,172.97,743342.0,173.273,4450.0
2024-12-02 18:00:00+00:00,172.95,173.05,172.59,172.97,579980.0,172.86,3037.0
2024-12-02 19:00:00+00:00,172.97,173.09,172.74,172.93,566684.0,172.949,3284.0
2024-12-02 20:00:00+00:00,172.93,173.6,172.59,172.98,1392059.0,173.053,8688.0
2024-12-03 14:30:00+00:00,173.06,174.32,172.61,173.27,1056395.0,173.428,5599.0
2024-12-03 15:00:00+00:00,173.28,173.82,172.51,173.26,1246259.0,173.196,7772.0
2024-12-03 16:00:00+00:00,173.28,173.75,173.15,173.2,734641.0,173.407,4708.0
2024-12-03 17:00:00+00:00,173.19,173.27,172.69,172.95,609410.0,172.953,3799.0
2024-12-03 18:00:00+00:00,172.94,173.08,172.64,172.83,547941.0,172.86,3383.0
2024-12-03 19:00:00+00:00,172.82,173.04,172.71,172.96,466312.0,172.879,3013.0
2024-12-03 20:00:00+00:00,172.96,173.1,172.52,172.99,1444828.0,172.867,9387.0
2024-12-04 14:30:00+00:00,172.82,174.85,172.75,174.67,1268440.0,173.91,6450.0
2024-12-04 15:00:00+00:00,174.66,175.72,173.83,175.53,1597581.0,174.857,9822.0
2024-12-04 16:00:00+00:00,175.53,175.61,174.93,175.12,609605.0,175.341,3790.0
2024-12-04 17:00:00+00:00,175.13,175.57,174.36,175.51,654993.0,175.127,4384.0
2024-12-04 18:00:00+00:00,175.54,176.11,175.5,175.89,769709.0,175.872,4902.0
2024-12-04 19:00:00+00:00,175.9,176.21,175.76,176.2,550861.0,176.004,3539.0
2024-12-04 20:00:00+00:00,176.2,176.43,175.76,176.1,1482212.0,176.113,9113.0
2024-12-05 14:30:00+00:00,177.32,177.71,175.57,176.04,1293068.0,176.512,6936.0
2024-12-05 15:00:00+00:00,176.03,176.57,175.11,175.37,993527.0,175.931,6369.0
2024-12-05 16:00:00+00:00,175.39,175.76,175.15,175.36,799321.0,175.371,5341.0
2024-12-05 17:00:00+00:00,175.36,175.76,175.06,175.11,718539.0,175.379,4265.0
2024-12-05 18:00:00+00:00,175.1,175.53,174.89,175.33,766334.0,175.264,4781.0
2024-12-05 19:00:00+00:00,175.34,175.43,174.93,175.02,591423.0,175.207,3806.0
2024-12-05 20:00:00+00:00,175.01,175.12,174.01,174.36,1628271.0,174.591,10283.0
2024-12-06 14:30:00+00:00,173.88,175.84,173.55,175.5,1164479.0,174.575,5498.0
2024-12-06 15:00:00+00:00,175.53,176.39,175.33,175.85,1108113.0,175.903,6616.0
2024-12-06 16:00:00+00:00,175.84,176.84,175.79,176.46,783019.0,176.387,4396.0
2024-12-06 17:00:00+00:00,176.47,176.51,176.03,176.27,545623.0,176.254,2794.0
2024-12-06 18:00:00+00:00,176.26,176.67,176.19,176.43,526105.0,176.459,2799.0
2024-12-06 19:00:00+00:00,176.41,176.5,175.88,176.11,507618.0,176.17,3098.0
2024-12-06 20:00:00+00:00,176.11,176.66,175.98,176.53,1445757.0,176.377,8802.0
2024-12-09 14:30:00+00:00,175.66,177.14,175.4,176.51,1087132.0,176.257,5067.0
2024-12-09 15:00:00+00:00,176.49,176.8,175.75,176.13,1274874.0,176.376,8499.0
2024-12-09 16:00:00+00:00,176.09,177.83,176.0,177.61,1130043.0,177.202,6904.0
2024-12-09 17:00:00+00:00,177.58,178.04,177.44,177.73,685042.0,177.738,3925.0
2024-12-09 18:00:00+00:00,177.73,177.86,177.41,177.5,642826.0,177.632,4111.0
2024-12-09 19:00:00+00:00,177.48,177.56,176.52,176.91,875941.0,176.911,5303.0
2024-12-09 20:00:00+00:00,176.91,177.19,176.59,177.05,1755443.0,176.928,11210.0
2024-12-10 14:30:00+00:00,184.57,188.03,183.37,185.77,6205787.0,185.771,29504.0
2024-12-10 15:00:00+00:00,185.75,187.03,183.45,183.63,3174485.0,185.593,16371.0
2024-12-10 16:00:00+00:00,183.66,184.78,182.67,184.69,2014672.0,183.72,11408.0
2024-12-10 17:00:00+00:00,184.69,185.56,184.47,185.08,1511501.0,185.072,8401.0
2024-12-10 18:00:00+00:00,185.08,186.29,185.04,185.93,1490495.0,185.784,8355.0
2024-12-10 19:00:00+00:00,185.94,186.36,185.08,185.74,1727355.0,185.804,8889.0
2024-12-10 20:00:00+00:00,185.73,186.85,185.29,186.56,3624713.0,186.148,18830.0
2024-12-11 14:30:00+00:00,186.71,194.54,186.26,194.5,6539668.0,191.167,31547.0
2024-12-11 15:00:00+00:00,194.52,195.21,193.03,194.49,5428240.0,194.138,28726.0
2024-12-11 16:00:00+00:00,194.48,194.48,192.55,194.02,2989679.0,193.39,15280.0
2024-12-11 17:00:00+00:00,194.01,196.76,193.91,196.35,3811072.0,195.459,18449.0
2024-12-11 18:00:00+00:00,196.31,196.38,194.58,194.84,2208060.0,195.396,10715.0
2024-12-11 19:00:00+00:00,194.83,195.15,193.79,194.41,2357416.0,194.39,11204.0
2024-12-11 20:00:00+00:00,194.4,196.89,194.3,196.72,4426784.0,195.761,23774.0
2024-12-12 14:30:00+00:00,196.33,196.71,194.87,195.59,2601368.0,195.886,13318.0
2024-12-12 15:00:00+00:00,195.61,196.42,193.97,195.27,2482484.0,195.356,13949.0
2024-12-12 16:00:00+00:00,195.25,196.56,195.1,195.84,1548816.0,195.923,8266.0
2024-12-12 17:00:00+00:00,195.82,196.66,195.74,196.35,1159898.0,196.243,6329.0
2024-12-12 18:00:00+00:00,196.34,196.4,195.41,195.91,1061492.0,195.948,6347.0
2024-12-12 19:00:00+00:00,195.92,196.1,194.63,194.97,1185859.0,195.156,6408.0
2024-12-12 20:00:00+00:00,194.97,195.36,193.28,193.64,3504161.0,194.064,21487.0
2024-12-13 14:30:00+00:00,192.71,194.34,192.4,193.57,2131483.0,193.342,11130.0
2024-12-13 15:00:00+00:00,193.56,193.65,192.18,192.31,2119085.0,192.891,11541.0
2024-12-13 16:00:00+00:00,192.28,193.05,191.66,192.7,1278856.0,192.364,7531.0
2024-12-13 17:00:00+00:00,192.69,193.34,192.54,192.62,725577.0,192.957,4257.0
2024-12-13 18:00:00+00:00,192.64,193.14,192.42,193.11,773684.0,192.739,4511.0
2024-12-13 19:00:00+00:00,193.12,193.28,192.55,192.67,944346.0,192.985,5819.0
2024-12-13 20:00:00+00:00,192.66,192.78,191.26,191.39,1673793.0,191.993,10123.0
2024-12-16 14:30:00+00:00,194.42,197.73,194.11,195.95,3610058.0,195.801,17634.0
2024-12-16 15:00:00+00:00,195.96,199.18,194.36,198.25,3874970.0,197.287,21514.0
2024-12-16 16:00:00+00:00,198.24,199.49,198.06,198.75,2024463.0,198.768,11465.0
2024-12-16 17:00:00+00:00,198.77,199.83,198.69,199.64,1454718.0,199.307,8217.0
2024-12-16 18:00:00+00:00,199.64,200.64,199.31,200.49,2114166.0,200.102,9613.0
2024-12-16 19:00:00+00:00,200.48,200.5,198.88,199.03,1001224.0,199.524,5433.0
2024-12-16 20:00:00+00:00,199.01,199.95,197.66,198.14,2919668.0,198.719,17975.0
2024-12-17 14:30:00+00:00,198.53,202.88,198.45,201.43,3236728.0,200.554,16861.0
2024-12-17 15:00:00+00:00,201.44,201.8,197.41,198.67,2759517.0,199.448,15388.0
2024-12-17 16:00:00+00:00,198.65,199.78,198.16,198.57,1325911.0,198.992,8118.0
2024-12-17 17:00:00+00:00,198.56,198.75,197.56,198.65,1043064.0,198.078,6184.0
2024-12-17 18:00:00+00:00,198.67,199.55,198.28,198.93,859751.0,198.936,5059.0
2024-12-17 19:00:00+00:00,198.92,198.93,197.48,197.51,821984.0,198.068,5150.0
2024-12-17 20:00:00+00:00,197.49,197.74,196.69,197.11,1732051.0,197.189,10336.0
2024-12-18 14:30:00+00:00,196.77,198.69,194.86,196.63,2214551.0,196.11,12540.0
2024-12-18 15:00:00+00:00,196.62,197.76,195.75,197.06,1435081.0,196.822,8189.0
2024-12-18 16:00:00+00:00,197.03,197.58,196.54,197.17,913115.0,197.134,5362.0
2024-12-18 17:00:00+00:00,197.17,197.58,196.92,197.17,708090.0,197.227,3581.0
2024-12-18 18:00:00+00:00,197.18,197.31,196.77,196.81,568512.0,197.016,3294.0
2024-12-18 19:00:00+00:00,196.81,196.81,193.66,193.83,1818521.0,195.302,11914.0
2024-12-18 20:00:00+00:00,193.84,194.07,189.28,189.9,4276151.0,191.219,27561.0
2024-12-19 14:30:00+00:00,193.15,194.6,191.8,192.86,2732192.0,193.192,15470.0
2024-12-19 15:00:00+00:00,192.88,193.65,190.85,192.33,2638328.0,192.136,16483.0
2024-12-19 16:00:00+00:00,192.32,192.93,191.26,192.48,1570302.0,192.257,9717.0
2024-12-19 17:00:00+00:00,192.5,192.64,191.13,192.21,1012533.0,191.914,7013.0
2024-12-19 18:00:00+00:00,192.19,192.25,191.41,192.24,1018548.0,191.741,6977.0
2024-12-19 19:00:00+00:00,192.23,192.28,190.94,191.06,991375.0,191.468,7151.0
2024-12-19 20:00:00+00:00,191.05,191.28,189.52,189.68,2648337.0,190.285,17646.0
2024-12-20 14:30:00+00:00,186.98,188.21,186.37,187.15,4560353.0,187.04,9430.0
2024-12-20 15:00:00+00:00,187.16,190.81,187.05,190.19,1637688.0,189.146,9661.0
2024-12-20 16:00:00+00:00,190.18,193.54,190.11,193.34,1713985.0,192.317,9884.0
2024-12-20 17:00:00+00:00,193.36,193.68,192.94,193.39,1357936.0,193.345,7659.0
2024-12-20 18:00:00+00:00,193.4,193.5,191.95,192.92,1529827.0,192.747,10721.0
2024-12-20 19:00:00+00:00,192.93,194.14,192.51,193.65,983830.0,193.446,6714.0
2024-12-20 20:00:00+00:00,193.66,193.86,191.98,192.92,3068849.0,192.909,19854.0
2024-12-23 14:30:00+00:00,193.91,195.45,192.69,193.58,1698091.0,193.909,8412.0
2024-12-23 15:00:00+00:00,193.59,193.65,191.63,192.88,1308889.0,192.637,8169.0
2024-12-23 16:00:00+00:00,192.89,195.54,192.84,195.34,1456488.0,194.287,7779.0
2024-12-23 17:00:00+00:00,195.35,195.7,194.71,195.08,910365.0,195.235,4670.0
2024-12-23 18:00:00+00:00,195.05,195.96,194.94,195.6,682788.0,195.603,3677.0
2024-12-23 19:00:00+00:00,195.57,196.27,195.54,195.63,698127.0,195.889,3807.0
2024-12-23 20:00:00+00:00,195.63,196.49,195.24,195.99,1453838.0,195.885,8694.0
2024-12-24 14:30:00+00:00,196.17,196.89,195.19,196.77,984966.0,196.166,4132.0
2024-12-24 15:00:00+00:00,196.75,197.26,196.14,197.05,805932.0,196.879,4049.0
2024-12-24 16:00:00+00:00,197.04,197.23,196.62,196.76,566808.0,196.913,2705.0
2024-12-24 17:00:00+00:00,196.77,197.67,196.47,197.59,1181348.0,197.074,6432.0
2024-12-26 14:30:00+00:00,196.74,197.35,195.87,196.7,812707.0,196.713,4052.0
2024-12-26 15:00:00+00:00,196.65,198.09,196.53,198.01,692665.0,197.429,3768.0
2024-12-26 16:00:00+00:00,198.02,198.16,197.16,197.49,549275.0,197.651,2804.0
2024-12-26 17:00:00+00:00,197.49,197.68,196.87,197.21,469971.0,197.369,2308.0
2024-12-26 18:00:00+00:00,197.24,197.76,197.2,197.49,370225.0,197.553,2039.0
2024-12-26 19:00:00+00:00,197.47,197.86,197.27,197.8,350713.0,197.509,1862.0
2024-12-26 20:00:00+00:00,197.79,198.02,196.99,197.08,815535.0,197.521,4339.0
2024-12-27 14:30:00+00:00,196.47,196.8,193.83,194.44,1431399.0,194.971,7020.0
2024-12-27 15:00:00+00:00,194.44,194.55,192.07,193.08,1567850.0,192.953,8903.0
2024-12-27 16:00:00+00:00,193.04,193.53,192.2,192.39,802958.0,192.856,4908.0
2024-12-27 17:00:00+00:00,192.36,192.64,191.97,192.49,757859.0,192.278,4532.0
2024-12-27 18:00:00+00:00,192.47,194.27,192.45,194.15,628096.0,193.348,3948.0
2024-12-27 19:00:00+00:00,194.13,194.72,193.85,194.46,578585.0,194.205,3233.0
2024-12-27 20:00:00+00:00,194.45,194.71,193.51,194.11,1732545.0,193.999,10271.0
2024-12-30 14:30:00+00:00,190.8,192.09,190.36,191.32,1280446.0,191.287,6236.0
2024-12-30 15:00:00+00:00,191.32,192.9,191.03,192.33,1044300.0,191.891,6300.0
2024-12-30 16:00:00+00:00,192.31,193.03,191.96,192.79,761259.0,192.408,4159.0
2024-12-30 17:00:00+00:00,192.77,193.78,192.64,193.68,528765.0,193.201,3275.0
2024-12-30 18:00:00+00:00,193.67,193.78,192.97,193.54,481456.0,193.445,3038.0
2024-12-30 19:00:00+00:00,193.55,193.68,192.92,193.57,422117.0,193.376,2643.0
2024-12-30 20:00:00+00:00,193.55,193.68,192.56,192.57,1217718.0,193.132,7812.0
2024-12-31 14:30:00+00:00,192.34,193.25,191.92,192.99,979204.0,192.478,4794.0
2024-12-31 15:00:00+00:00,192.97,193.2,192.07,192.65,635385.0,192.616,3515.0
2024-12-31 16:00:00+00:00,192.65,192.67,191.73,192.0,493292.0,192.033,2988.0
2024-12-31 17:00:00+00:00,191.98,192.13,190.93,191.71,767092.0,191.467,5077.0
2024-12-31 18:00:00+00:00,191.68,191.77,190.64,190.71,834076.0,191.056,6000.0
2024-12-31 19:00:00+00:00,190.72,191.51,190.63,191.12,752910.0,191.017,5421.0
2024-12-31 20:00:00+00:00,191.09,191.62,189.58,190.44,2746747.0,190.583,18380.0
2025-01-02 14:30:00+00:00,191.58,192.46,189.61,192.26,1884687.0,191.006,7847.0
2025-01-02 15:00:00+00:00,192.29,193.2,190.64,191.32,1689300.0,191.825,10216.0
2025-01-02 16:00:00+00:00,191.31,192.03,190.58,191.4,1155915.0,191.368,6464.0
2025-01-02 17:00:00+00:00,191.43,191.84,188.71,189.81,1947879.0,189.826,12058.0
2025-01-02 18:00:00+00:00,189.84,190.22,189.32,190.04,1130433.0,189.772,7225.0
2025-01-02 19:00:00+00:00,190.03,190.63,189.84,189.87,961407.0,190.249,4759.0
2025-01-02 20:00:00+00:00,189.91,190.94,189.9,190.59,1541714.0,190.517,9458.0
2025-01-03 14:30:00+00:00,192.73,194.5,192.27,192.84,1688481.0,193.373,8548.0
2025-01-03 15:00:00+00:00,192.89,193.33,191.35,192.08,1209373.0,192.333,6450.0
2025-01-03 16:00:00+00:00,192.13,193.77,191.62,193.36,788909.0,192.513,4497.0
2025-01-03 17:00:00+00:00,193.38,193.77,192.97,193.26,489490.0,193.341,2616.0
2025-01-03 18:00:00+00:00,193.27,193.76,193.1,193.28,496766.0,193.498,2651.0
2025-01-03 19:00:00+00:00,193.27,193.98,193.2,193.61,465160.0,193.616,2945.0
2025-01-03 20:00:00+00:00,193.6,193.6,192.71,193.05,1321831.0,193.192,8180.0
2025-01-06 14:30:00+00:00,195.15,199.56,195.06,197.0,2435625.0,197.548,12873.0
2025-01-06 15:00:00+00:00,196.99,198.75,196.51,198.6,1220999.0,197.772,7113.0
2025-01-06 16:00:00+00:00,198.6,199.34,198.52,198.95,952892.0,198.948,5131.0
2025-01-06 17:00:00+00:00,198.93,199.07,198.35,198.61,822134.0,198.781,5209.0
2025-01-06 18:00:00+00:00,198.6,198.9,197.76,197.76,645846.0,198.49,4109.0
2025-01-06 19:00:00+00:00,197.79,197.83,196.58,196.67,680342.0,197.29,3891.0
2025-01-06 20:00:00+00:00,196.62,198.07,196.51,198.0,1528756.0,197.492,10258.0
2025-01-07 14:30:00+00:00,198.2,202.14,198.2,201.66,2135801.0,200.147,11065.0
2025-01-07 15:00:00+00:00,201.64,201.69,197.58,199.56,2273120.0,199.36,12791.0
2025-01-07 16:00:00+00:00,199.55,199.71,197.2,197.34,1056996.0,198.77,6496.0
2025-01-07 17:00:00+00:00,197.34,198.12,196.6,197.12,851625.0,197.34,4678.0
2025-01-07 18:00:00+00:00,197.1,197.71,196.9,197.4,476779.0,197.338,3087.0
2025-01-07 19:00:00+00:00,197.41,197.89,197.08,197.23,559406.0,197.486,3065.0
2025-01-07 20:00:00+00:00,197.24,197.57,195.94,196.75,1557431.0,196.664,10618.0
2025-01-08 14:30:00+00:00,193.89,196.71,193.75,196.56,1419837.0,195.134,8720.0
2025-01-08 15:00:00+00:00,196.59,197.64,195.35,195.84,1376436.0,196.431,8215.0
2025-01-08 16:00:00+00:00,195.84,196.9,195.04,196.75,1012716.0,196.109,5330.0
2025-01-08 17:00:00+00:00,196.77,196.88,195.35,196.1,942297.0,196.116,4444.0
2025-01-08 18:00:00+00:00,196.08,197.2,195.98,196.17,613555.0,196.629,3378.0
2025-01-08 19:00:00+00:00,196.17,197.02,195.63,195.78,588913.0,196.22,3706.0
2025-01-08 20:00:00+00:00,195.79,195.86,194.83,195.45,1478256.0,195.325,9048.0
2025-01-10 14:30:00+00:00,195.57,197.62,192.93,193.26,1777389.0,194.832,9284.0
2025-01-10 15:00:00+00:00,193.23,195.63,191.6,194.71,1801698.0,193.591,12146.0
2025-01-10 16:00:00+00:00,194.73,194.9,193.26,193.45,921747.0,193.833,5761.0
2025-01-10 17:00:00+00:00,193.46,194.8,192.74,194.74,829003.0,193.73,3858.0
2025-01-10 18:00:00+00:00,194.74,196.15,194.28,196.12,876639.0,195.181,4259.0
2025-01-10 19:00:00+00:00,196.1,196.1,194.26,194.44,730295.0,195.031,4488.0
2025-01-10 20:00:00+00:00,194.44,194.55,192.83,193.16,1683031.0,193.427,11143.0
2025-01-13 14:30:00+00:00,191.35,191.77,188.66,190.69,2330759.0,190.089,12084.0
2025-01-13 15:00:00+00:00,190.69,191.58,190.29,190.92,1084461.0,191.062,6884.0
2025-01-13 16:00:00+00:00,190.93,191.46,190.03,190.15,810844.0,190.627,5742.0
2025-01-13 17:00:00+00:00,190.14,191.36,190.04,191.31,612776.0,190.67,4257.0
2025-01-13 18:00:00+00:00,191.26,191.83,191.02,191.82,525214.0,191.405,3242.0
2025-01-13 19:00:00+00:00,191.8,192.23,191.53,192.0,585842.0,191.865,3833.0
2025-01-13 20:00:00+00:00,191.99,192.49,191.7,192.28,1186153.0,192.117,8309.0
2025-01-14 14:30:00+00:00,192.5,193.24,191.68,192.09,959297.0,192.508,5136.0
2025-01-14 15:00:00+00:00,192.14,193.27,191.76,192.19,858098.0,192.341,5636.0
2025-01-14 16:00:00+00:00,192.25,192.45,190.59,190.59,612934.0,191.668,4092.0
2025-01-14 17:00:00+00:00,190.59,191.21,190.31,190.6,497045.0,190.809,2997.0
2025-01-14 18:00:00+00:00,190.58,191.92,190.49,191.78,553038.0,191.299,3362.0
2025-01-14 19:00:00+00:00,191.77,191.94,190.4,190.47,463264.0,191.526,3236.0
2025-01-14 20:00:00+00:00,190.46,191.07,189.64,191.05,1328242.0,190.446,9128.0
2025-01-15 14:30:00+00:00,194.37,195.0,193.33,194.66,1222371.0,194.295,6372.0
2025-01-15 15:00:00+00:00,194.66,196.35,194.61,195.32,1303922.0,195.654,7934.0
2025-01-15 16:00:00+00:00,195.33,196.21,194.89,194.99,645693.0,195.549,3955.0
2025-01-15 17:00:00+00:00,194.98,195.85,194.82,195.58,537920.0,195.473,3308.0
2025-01-15 18:00:00+00:00,195.58,196.95,195.58,196.85,590139.0,196.512,3574.0
2025-01-15 19:00:00+00:00,196.84,197.8,196.78,197.38,697479.0,197.351,4180.0
2025-01-15 20:00:00+00:00,197.46,197.48,196.82,196.99,1436133.0,197.175,9045.0
2025-01-16 14:30:00+00:00,195.8,196.62,194.98,195.63,1177558.0,195.666,6801.0
2025-01-16 15:00:00+00:00,195.63,196.72,195.08,196.72,1076319.0,196.08,6943.0
2025-01-16 16:00:00+00:00,196.71,196.98,195.96,196.2,904128.0,196.5,6284.0
2025-01-16 17:00:00+00:00,196.17,196.18,195.46,195.66,695189.0,195.749,4842.0
2025-01-16 18:00:00+00:00,195.65,195.86,194.75,195.1,599933.0,195.384,4302.0
2025-01-16 19:00:00+00:00,195.08,195.61,194.93,195.55,610823.0,195.368,4309.0
2025-01-16 20:00:00+00:00,195.54,195.71,194.3,194.38,1311766.0,194.893,8867.0
2025-01-17 14:30:00+00:00,198.07,198.35,195.44,195.59,4194738.0,197.851,7997.0
2025-01-17 15:00:00+00:00,195.6,197.11,195.31,197.09,1136939.0,196.23,7199.0
2025-01-17 16:00:00+00:00,197.08,197.77,196.92,197.19,862067.0,197.372,5349.0
2025-01-17 17:00:00+00:00,197.19,198.08,197.11,198.03,541165.0,197.519,3444.0
2025-01-17 18:00:00+00:00,198.04,198.81,197.57,197.74,755713.0,198.222,4913.0
2025-01-17 19:00:00+00:00,197.73,197.82,197.31,197.41,589252.0,197.551,4043.0
2025-01-17 20:00:00+00:00,197.4,198.1,197.17,197.58,1602564.0,197.659,11167.0
2025-01-21 14:30:00+00:00,200.51,203.84,199.7,200.98,2513713.0,201.331,13828.0
2025-01-21 15:00:00+00:00,200.98,201.84,199.75,200.65,1514279.0,201.052,9112.0
2025-01-21 16:00:00+00:00,200.66,200.95,199.44,200.75,1043606.0,200.138,5587.0
2025-01-21 17:00:00+00:00,200.74,201.5,200.35,201.25,876552.0,200.922,5198.0
2025-01-21 18:00:00+00:00,201.25,201.45,200.88,201.14,546927.0,201.156,3664.0
2025-01-21 19:00:00+00:00,201.14,201.29,200.35,200.7,541366.0,200.738,3363.0
2025-01-21 20:00:00+00:00,200.69,200.78,199.48,199.61,1406967.0,200.054,9469.0
2025-01-22 14:30:00+00:00,200.55,202.12,200.37,201.67,1607180.0,201.286,8954.0
2025-01-22 15:00:00+00:00,201.65,201.77,200.62,200.73,1447861.0,201.101,9358.0
2025-01-22 16:00:00+00:00,200.74,201.99,200.69,201.48,772032.0,201.476,4977.0
2025-01-22 17:00:00+00:00,201.49,201.96,201.15,201.24,641424.0,201.539,3833.0
2025-01-22 18:00:00+00:00,201.24,201.41,200.09,200.13,844654.0,200.606,4972.0
2025-01-22 19:00:00+00:00,200.13,200.16,199.28,199.35,803760.0,199.663,4624.0
2025-01-22 20:00:00+00:00,199.35,200.39,199.2,199.99,1902945.0,199.791,10610.0
2025-01-23 14:30:00+00:00,199.98,201.29,198.94,200.27,1210898.0,200.336,6838.0
2025-01-23 15:00:00+00:00,200.24,201.45,199.53,201.39,1055777.0,200.553,6317.0
2025-01-23 16:00:00+00:00,201.37,201.94,200.97,201.44,858278.0,201.525,5387.0
2025-01-23 17:00:00+00:00,201.44,201.44,200.66,200.99,562406.0,201.055,3176.0
2025-01-23 18:00:00+00:00,200.99,201.2,197.47,198.32,1236631.0,199.572,7801.0
2025-01-23 19:00:00+00:00,198.31,198.89,196.82,198.53,1599616.0,197.785,10246.0
2025-01-23 20:00:00+00:00,198.54,199.6,198.4,199.59,1682102.0,198.985,10583.0
2025-01-24 14:30:00+00:00,199.85,201.93,199.78,201.31,1366650.0,201.095,8093.0
2025-01-24 15:00:00+00:00,201.34,201.43,200.13,200.33,988299.0,200.726,6257.0
2025-01-24 16:00:00+00:00,200.32,201.36,200.05,200.95,702348.0,200.839,4626.0
2025-01-24 17:00:00+00:00,200.96,201.66,200.47,201.58,810887.0,201.083,4560.0
2025-01-24 18:00:00+00:00,201.56,201.84,201.4,201.65,646046.0,201.627,3975.0
2025-01-24 19:00:00+00:00,201.63,202.57,201.45,201.76,834848.0,202.027,4648.0
2025-01-24 20:00:00+00:00,201.76,202.03,201.41,201.92,1432847.0,201.76,9708.0
2025-01-27 14:30:00+00:00,194.14,196.63,194.11,196.13,2998188.0,195.246,17444.0
2025-01-27 15:00:00+00:00,196.1,198.67,195.27,197.58,2191312.0,196.895,13980.0
2025-01-27 16:00:00+00:00,197.64,197.7,195.28,195.46,1695523.0,196.481,9099.0
2025-01-27 17:00:00+00:00,195.47,196.17,195.14,195.36,1005755.0,195.591,5662.0
2025-01-27 18:00:00+00:00,195.37,195.65,194.9,194.99,971905.0,195.24,5768.0
2025-01-27 19:00:00+00:00,195.0,195.87,193.24,193.46,1737440.0,194.459,9269.0
2025-01-27 20:00:00+00:00,193.46,193.94,192.7,193.76,3057384.0,193.464,20588.0
2025-01-28 14:30:00+00:00,194.5,195.24,192.61,194.12,1824090.0,193.993,11645.0
2025-01-28 15:00:00+00:00,194.07,197.03,193.99,196.94,1883509.0,195.695,12099.0
2025-01-28 16:00:00+00:00,196.95,197.07,195.7,196.53,819603.0,196.388,5461.0
2025-01-28 17:00:00+00:00,196.56,197.11,196.39,196.59,826463.0,196.76,5111.0
2025-01-28 18:00:00+00:00,196.59,196.99,196.49,196.73,590362.0,196.734,4007.0
2025-01-28 19:00:00+00:00,196.73,196.77,196.39,196.48,901483.0,196.63,6200.0
2025-01-28 20:00:00+00:00,196.49,197.23,196.24,197.01,1918359.0,196.933,12860.0
2025-01-29 14:30:00+00:00,197.38,198.04,195.33,195.61,1152194.0,196.459,6226.0
2025-01-29 15:00:00+00:00,195.63,196.6,195.19,196.46,906369.0,195.876,6141.0
2025-01-29 16:00:00+00:00,196.49,197.03,196.15,196.72,592934.0,196.643,3663.0
2025-01-29 17:00:00+00:00,196.71,197.09,196.48,196.56,611907.0,196.822,4017.0
2025-01-29 18:00:00+00:00,196.62,196.92,195.98,196.73,857804.0,196.587,6514.0
2025-01-29 19:00:00+00:00,196.72,198.21,196.4,197.93,1028784.0,197.306,7002.0
2025-01-29 20:00:00+00:00,197.93,198.46,196.66,197.15,1294995.0,197.594,8999.0
2025-01-30 14:30:00+00:00,199.76,203.24,199.76,202.43,2007242.0,201.592,11034.0
2025-01-30 15:00:00+00:00,202.42,202.43,199.67,199.68,1251324.0,201.473,7980.0
2025-01-30 16:00:00+00:00,199.68,202.02,199.47,201.82,868873.0,200.808,5317.0
2025-01-30 17:00:00+00:00,201.84,201.85,200.88,201.18,580244.0,201.375,3742.0
2025-01-30 18:00:00+00:00,201.18,202.36,201.06,202.22,620559.0,201.714,4088.0
2025-01-30 19:00:00+00:00,202.23,202.36,201.75,202.31,644194.0,202.068,4222.0
2025-01-30 20:00:00+00:00,202.31,203.06,201.93,202.6,2367548.0,202.576,15542.0
2025-01-31 14:30:00+00:00,203.6,206.49,203.56,206.36,1855327.0,205.051,9481.0
2025-01-31 15:00:00+00:00,206.36,206.64,205.37,206.5,1261156.0,206.096,7353.0
2025-01-31 16:00:00+00:00,206.46,206.82,206.07,206.34,1042838.0,206.453,6550.0
2025-01-31 17:00:00+00:00,206.36,206.52,205.89,206.34,615820.0,206.218,4009.0
2025-01-31 18:00:00+00:00,206.35,207.08,205.98,206.71,996300.0,206.574,5958.0
2025-01-31 19:00:00+00:00,206.67,207.06,205.49,205.81,1025709.0,206.35,6675.0
2025-01-31 20:00:00+00:00,205.81,206.17,204.87,205.52,1964461.0,205.47,13042.0
2025-02-03 14:30:00+00:00,202.25,204.5,201.66,203.39,2313540.0,202.861,11049.0
2025-02-03 15:00:00+00:00,203.36,204.69,201.79,203.82,1553269.0,203.354,10017.0
2025-02-03 16:00:00+00:00,203.8,205.22,203.22,204.15,834731.0,204.522,4588.0
2025-02-03 17:00:00+00:00,204.18,204.87,203.7,204.33,711147.0,204.18,4517.0
2025-02-03 18:00:00+00:00,204.23,204.68,203.66,204.44,566960.0,204.326,3695.0
2025-02-03 19:00:00+00:00,204.43,204.53,203.66,203.76,590587.0,204.166,3764.0
2025-02-03 20:00:00+00:00,203.77,204.0,202.42,202.63,1518287.0,203.176,9519.0
2025-02-04 14:30:00+00:00,204.54,206.0,204.26,206.0,2023520.0,205.027,9500.0
2025-02-04 15:00:00+00:00,206.0,207.77,205.4,207.58,1907151.0,206.72,11275.0
2025-02-04 16:00:00+00:00,207.61,208.23,205.99,206.59,1605680.0,207.143,9623.0
2025-02-04 17:00:00+00:00,206.62,206.78,205.53,206.74,1267823.0,206.19,7267.0
2025-02-04 18:00:00+00:00,206.73,207.49,206.13,206.4,1198228.0,206.725,6462.0
2025-02-04 19:00:00+00:00,206.39,207.11,206.33,206.81,1293099.0,206.847,7447.0
2025-02-04 20:00:00+00:00,206.81,208.7,206.73,207.73,3894175.0,207.826,23032.0
2025-02-05 14:30:00+00:00,193.08,194.55,190.47,191.08,7703219.0,192.351,41485.0
2025-02-05 15:00:00+00:00,191.12,191.71,189.93,190.84,6040544.0,190.685,32554.0
2025-02-05 16:00:00+00:00,190.84,193.25,190.65,192.94,3287226.0,191.71,16699.0
2025-02-05 17:00:00+00:00,192.94,193.32,192.05,192.24,2626558.0,192.73,14463.0
2025-02-05 18:00:00+00:00,192.25,193.16,192.06,192.95,1869693.0,192.578,10400.0
2025-02-05 19:00:00+00:00,192.93,193.0,191.35,191.53,2443805.0,191.946,14253.0
2025-02-05 20:00:00+00:00,191.54,193.53,191.35,193.3,4544420.0,192.488,26918.0
2025-02-06 14:30:00+00:00,190.93,192.48,190.49,191.97,3141814.0,191.415,13469.0
2025-02-06 15:00:00+00:00,191.97,193.17,191.26,192.56,2782586.0,192.242,15707.0
2025-02-06 16:00:00+00:00,192.56,192.87,192.2,192.45,1318240.0,192.516,7484.0
2025-02-06 17:00:00+00:00,192.45,192.82,192.22,192.62,1044358.0,192.544,5686.0
2025-02-06 18:00:00+00:00,192.64,193.83,192.62,193.17,1212306.0,193.229,6455.0
2025-02-06 19:00:00+00:00,193.17,193.56,192.22,192.28,1065320.0,192.873,5835.0
2025-02-06 20:00:00+00:00,192.27,193.75,192.12,193.34,2176940.0,192.865,12969.0
2025-02-07 14:30:00+00:00,192.68,193.02,190.62,190.73,3024744.0,191.934,14539.0
2025-02-07 15:00:00+00:00,190.66,190.72,186.89,187.93,4869957.0,188.391,25768.0
2025-02-07 16:00:00+00:00,187.96,188.38,186.29,186.44,2117563.0,187.173,12268.0
2025-02-07 17:00:00+00:00,186.43,187.18,185.1,186.45,2776941.0,186.111,14584.0
2025-02-07 18:00:00+00:00,186.45,188.19,186.34,187.06,1475968.0,187.44,7017.0
2025-02-07 19:00:00+00:00,187.06,187.79,186.99,187.59,1427092.0,187.425,7603.0
2025-02-07 20:00:00+00:00,187.59,187.74,186.9,187.19,2437680.0,187.255,14639.0
2025-02-10 14:30:00+00:00,189.11,189.25,187.61,188.49,2066640.0,188.424,9888.0
2025-02-10 15:00:00+00:00,188.5,189.99,188.39,189.11,1663805.0,189.437,9722.0
2025-02-10 16:00:00+00:00,189.11,189.51,188.65,188.94,983221.0,189.053,5722.0
2025-02-10 17:00:00+00:00,188.93,188.93,187.82,188.47,964834.0,188.174,5157.0
2025-02-10 18:00:00+00:00,188.46,188.61,188.24,188.49,710056.0,188.452,4090.0
2025-02-10 19:00:00+00:00,188.47,188.58,188.25,188.4,809106.0,188.416,5263.0
2025-02-10 20:00:00+00:00,188.4,188.55,187.93,188.2,1595310.0,188.276,10334.0
2025-02-11 14:30:00+00:00,186.82,188.8,186.56,187.37,1254325.0,187.642,5760.0
2025-02-11 15:00:00+00:00,187.39,188.38,187.17,187.18,1078775.0,187.805,5927.0
2025-02-11 16:00:00+00:00,187.21,187.29,186.25,186.54,1159678.0,186.68,6929.0
2025-02-11 17:00:00+00:00,186.52,186.75,186.08,186.44,694191.0,186.45,4112.0
2025-02-11 18:00:00+00:00,186.44,186.92,186.33,186.7,655491.0,186.632,3905.0
2025-02-11 19:00:00+00:00,186.7,187.19,186.44,187.09,829395.0,186.767,5064.0
2025-02-11 20:00:00+00:00,187.09,187.54,186.55,187.1,1362910.0,187.064,8556.0
2025-02-12 14:30:00+00:00,185.0,186.83,183.63,186.09,1459291.0,185.451,7069.0
2025-02-12 15:00:00+00:00,186.13,186.15,184.97,185.27,1230169.0,185.312,7224.0
2025-02-12 16:00:00+00:00,185.25,185.76,184.24,185.75,994423.0,184.952,5466.0
2025-02-12 17:00:00+00:00,185.73,186.41,185.38,186.31,830820.0,185.805,4761.0
2025-02-12 18:00:00+00:00,186.33,186.39,185.21,185.39,740538.0,185.609,4467.0
2025-02-12 19:00:00+00:00,185.39,185.7,184.79,185.55,841327.0,185.16,4676.0
2025-02-12 20:00:00+00:00,185.55,185.83,184.95,185.41,1315887.0,185.354,7995.0
2025-02-13 14:30:00+00:00,185.92,186.33,184.88,185.61,1369144.0,185.55,6686.0
2025-02-13 15:00:00+00:00,185.6,186.85,185.23,186.43,1308166.0,186.114,7193.0
2025-02-13 16:00:00+00:00,186.48,186.54,185.42,185.68,874057.0,185.997,4973.0
2025-02-13 17:00:00+00:00,185.67,186.19,185.6,185.77,524887.0,185.886,2863.0
2025-02-13 18:00:00+00:00,185.76,185.98,185.33,185.97,745989.0,185.677,4633.0
2025-02-13 19:00:00+00:00,185.96,187.06,185.73,187.01,812791.0,186.378,4319.0
2025-02-13 20:00:00+00:00,187.01,187.99,186.96,187.87,1491554.0,187.451,8787.0
2025-02-14 14:30:00+00:00,186.8,188.15,186.2,187.45,1598250.0,187.215,9015.0
2025-02-14 15:00:00+00:00,187.45,187.84,186.18,187.07,1316944.0,187.025,7599.0
2025-02-14 16:00:00+00:00,187.08,187.27,186.53,186.83,837515.0,186.949,5080.0
2025-02-14 17:00:00+00:00,186.81,187.03,186.11,186.58,776394.0,186.508,4859.0
2025-02-14 18:00:00+00:00,186.59,187.23,186.51,187.08,773430.0,186.889,3836.0
2025-02-14 19:00:00+00:00,187.08,187.24,186.77,187.02,616830.0,186.997,3787.0
2025-02-14 20:00:00+00:00,187.02,187.66,186.67,186.88,1687370.0,187.075,10000.0
2025-02-18 14:30:00+00:00,187.43,187.78,185.51,185.78,2213548.0,186.715,11337.0
2025-02-18 15:00:00+00:00,185.77,186.61,185.33,186.15,1689654.0,185.941,10383.0
2025-02-18 16:00:00+00:00,186.13,186.35,185.68,185.81,774180.0,186.029,4726.0
2025-02-18 17:00:00+00:00,185.8,185.93,185.18,185.58,968253.0,185.552,6022.0
2025-02-18 18:00:00+00:00,185.56,185.77,184.38,184.42,975695.0,184.955,5549.0
2025-02-18 19:00:00+00:00,184.42,184.49,183.58,184.38,1292497.0,184.199,7742.0
2025-02-18 20:00:00+00:00,184.38,185.86,184.31,185.78,2401426.0,185.221,15822.0
2025-02-19 14:30:00+00:00,186.18,186.7,185.5,186.46,1233187.0,186.22,5702.0
2025-02-19 15:00:00+00:00,186.46,187.1,185.65,186.39,1149607.0,186.26,6831.0
2025-02-19 16:00:00+00:00,186.4,186.86,186.33,186.56,728775.0,186.561,4215.0
2025-02-19 17:00:00+00:00,186.56,186.77,186.21,186.67,674703.0,186.503,3820.0
2025-02-19 18:00:00+00:00,186.67,186.87,186.36,186.39,642259.0,186.643,3220.0
2025-02-19 19:00:00+00:00,186.42,186.8,186.29,186.75,622160.0,186.504,3712.0
2025-02-19 20:00:00+00:00,186.74,187.36,186.39,187.14,1547872.0,186.821,9930.0
2025-02-20 14:30:00+00:00,186.49,187.12,184.92,185.08,1104850.0,186.234,5954.0
2025-02-20 15:00:00+00:00,185.07,185.89,184.6,185.17,1077858.0,185.278,6223.0
2025-02-20 16:00:00+00:00,185.18,186.14,185.13,185.46,717488.0,185.738,4263.0
2025-02-20 17:00:00+00:00,185.45,186.01,185.35,185.76,570322.0,185.765,3711.0
2025-02-20 18:00:00+00:00,185.75,186.28,185.62,186.18,535321.0,185.971,3352.0
2025-02-20 19:00:00+00:00,186.16,186.64,186.07,186.3,659249.0,186.342,4025.0
2025-02-20 20:00:00+00:00,186.31,186.9,185.91,186.66,1728983.0,186.476,11832.0
2025-02-21 14:30:00+00:00,187.29,187.47,185.88,186.34,1895022.0,186.945,7733.0
2025-02-21 15:00:00+00:00,186.32,186.64,184.01,184.15,1658719.0,185.257,9909.0
2025-02-21 16:00:00+00:00,184.15,184.38,182.7,183.23,1551240.0,183.444,8584.0
2025-02-21 17:00:00+00:00,183.21,183.4,182.05,182.38,1161087.0,182.747,5904.0
2025-02-21 18:00:00+00:00,182.42,182.84,181.81,182.3,946295.0,182.317,5152.0
2025-02-21 19:00:00+00:00,182.3,182.56,181.39,181.47,1128422.0,182.049,6282.0
2025-02-21 20:00:00+00:00,181.47,181.99,181.13,181.55,2539475.0,181.558,15986.0
2025-02-24 14:30:00+00:00,183.89,185.09,182.4,182.68,2052324.0,183.633,11640.0
2025-02-24 15:00:00+00:00,182.7,182.9,181.34,182.11,1487202.0,182.192,9644.0
2025-02-24 16:00:00+00:00,182.13,183.06,182.0,182.2,916609.0,182.572,5573.0
2025-02-24 17:00:00+00:00,182.19,183.22,182.11,182.57,684391.0,182.811,4196.0
2025-02-24 18:00:00+00:00,182.58,183.02,182.44,182.6,559719.0,182.718,3448.0
2025-02-24 19:00:00+00:00,182.6,182.78,182.11,182.29,602056.0,182.493,3997.0
2025-02-24 20:00:00+00:00,182.31,182.59,180.88,181.25,2319367.0,181.724,14713.0
2025-02-25 14:30:00+00:00,180.08,180.76,178.58,179.16,1743070.0,179.63,9562.0
2025-02-25 15:00:00+00:00,179.2,179.44,177.16,177.83,2390517.0,178.198,14217.0
2025-02-25 16:00:00+00:00,177.83,178.91,176.77,178.77,1569015.0,177.648,10507.0
2025-02-25 17:00:00+00:00,178.75,179.14,178.06,179.14,1009584.0,178.727,5779.0
2025-02-25 18:00:00+00:00,179.14,179.56,178.46,179.12,831137.0,179.053,4795.0
2025-02-25 19:00:00+00:00,179.12,179.23,178.3,178.65,1024988.0,178.654,5866.0
2025-02-25 20:00:00+00:00,178.64,178.69,177.0,177.4,2257351.0,177.785,14349.0
2025-02-26 14:30:00+00:00,176.98,177.05,174.93,177.0,2355404.0,176.272,12372.0
2025-02-26 15:00:00+00:00,177.0,178.08,176.75,177.63,2517057.0,177.453,15731.0
2025-02-26 16:00:00+00:00,177.64,177.76,176.58,176.61,1380783.0,177.174,8812.0
2025-02-26 17:00:00+00:00,176.63,176.93,174.52,175.2,2114050.0,175.945,11720.0
2025-02-26 18:00:00+00:00,175.19,175.44,174.26,174.53,1589700.0,174.989,9455.0
2025-02-26 19:00:00+00:00,174.52,174.74,173.66,173.9,1588617.0,174.215,9882.0
2025-02-26 20:00:00+00:00,173.9,175.03,173.59,174.68,2629827.0,174.522,16615.0
2025-02-27 14:30:00+00:00,175.91,176.59,171.92,172.04,2317809.0,174.408,11963.0
2025-02-27 15:00:00+00:00,172.03,173.49,171.03,171.78,2323036.0,172.29,14189.0
2025-02-27 16:00:00+00:00,171.78,173.7,171.68,172.52,1773285.0,172.908,11787.0
2025-02-27 17:00:00+00:00,172.54,173.45,172.1,172.64,1086803.0,172.657,7779.0
2025-02-27 18:00:00+00:00,172.64,173.3,172.24,172.76,1013966.0,172.945,6708.0
2025-02-27 19:00:00+00:00,172.76,172.89,171.28,171.61,1407491.0,171.912,9321.0
2025-02-27 20:00:00+00:00,171.62,171.64,169.75,170.26,3780992.0,170.52,24193.0
2025-02-28 14:30:00+00:00,170.4,171.8,168.39,170.47,3302636.0,170.067,17960.0
2025-02-28 15:00:00+00:00,170.46,171.23,169.73,170.94,2021593.0,170.467,12418.0
2025-02-28 16:00:00+00:00,170.93,171.1,169.63,170.4,1608596.0,170.37,10135.0
2025-02-28 17:00:00+00:00,170.39,171.02,169.52,169.58,1135971.0,170.257,7373.0
2025-02-28 18:00:00+00:00,169.56,170.29,169.02,169.04,1331779.0,169.625,7734.0
2025-02-28 19:00:00+00:00,169.04,170.47,168.96,170.21,1160282.0,169.592,7257.0
2025-02-28 20:00:00+00:00,170.2,172.5,170.18,172.16,3038743.0,171.407,21086.0
2025-03-03 14:30:00+00:00,173.71,175.0,171.35,171.57,2816902.0,173.403,14549.0
2025-03-03 15:00:00+00:00,171.53,172.79,170.78,171.83,1755763.0,172.02,10941.0
2025-03-03 16:00:00+00:00,171.9,172.74,171.52,171.94,1097367.0,172.053,6964.0
2025-03-03 17:00:00+00:00,171.91,171.98,170.75,171.12,964898.0,171.562,6119.0
2025-03-03 18:00:00+00:00,171.1,171.17,169.68,170.47,1459603.0,170.285,9726.0
2025-03-03 19:00:00+00:00,170.46,171.05,169.5,169.51,1196747.0,170.48,8120.0
2025-03-03 20:00:00+00:00,169.51,169.51,167.64,168.69,3561857.0,168.37,22667.0
2025-03-04 14:30:00+00:00,167.98,169.92,167.54,168.53,2951742.0,168.8,16239.0
2025-03-04 15:00:00+00:00,168.5,169.73,167.56,169.24,3943988.0,168.632,20535.0
2025-03-04 16:00:00+00:00,169.22,172.4,168.88,172.24,2809339.0,170.211,16515.0
2025-03-04 17:00:00+00:00,172.23,173.11,171.81,172.37,2015725.0,172.371,12566.0
2025-03-04 18:00:00+00:00,172.39,173.85,172.04,173.58,1245250.0,173.002,7886.0
2025-03-04 19:00:00+00:00,173.59,174.32,173.41,174.09,1491001.0,173.975,10207.0
2025-03-04 20:00:00+00:00,174.08,175.17,171.64,172.66,3520317.0,173.387,22383.0
2025-03-05 14:30:00+00:00,172.23,173.42,171.02,171.75,1844551.0,172.335,11123.0
2025-03-05 15:00:00+00:00,172.0,173.19,171.65,172.25,1590432.0,172.327,10977.0
2025-03-05 16:00:00+00:00,172.23,172.29,170.93,171.71,1181015.0,171.518,8160.0
2025-03-05 17:00:00+00:00,171.68,174.88,171.48,174.77,1573901.0,173.151,10114.0
2025-03-05 18:00:00+00:00,174.75,174.99,173.34,174.59,1256809.0,174.23,7774.0
2025-03-05 19:00:00+00:00,174.56,175.46,174.35,175.12,1123521.0,175.006,6536.0
2025-03-05 20:00:00+00:00,175.17,175.75,174.66,175.0,2228935.0,175.222,13856.0
2025-03-06 14:30:00+00:00,172.54,174.55,172.5,173.96,1777628.0,173.558,9618.0
2025-03-06 15:00:00+00:00,173.96,176.73,173.61,175.97,1975584.0,175.657,11357.0
2025-03-06 16:00:00+00:00,176.0,176.64,174.31,174.36,1485594.0,175.914,9872.0
2025-03-06 17:00:00+00:00,174.3,174.71,173.44,174.34,1432459.0,174.115,9453.0
2025-03-06 18:00:00+00:00,174.29,175.02,173.74,174.23,1428486.0,174.37,8698.0
2025-03-06 19:00:00+00:00,174.23,174.78,173.46,173.57,1139492.0,173.975,7635.0
2025-03-06 20:00:00+00:00,173.55,174.64,173.37,174.26,1903256.0,174.146,13516.0
2025-03-07 14:30:00+00:00,173.33,175.51,172.96,174.62,1263000.0,174.323,7521.0
2025-03-07 15:00:00+00:00,174.58,175.67,172.6,173.84,1927874.0,173.951,12952.0
2025-03-07 16:00:00+00:00,173.83,173.98,172.25,173.16,1201347.0,173.1,7783.0
2025-03-07 17:00:00+00:00,173.22,175.43,172.6,174.15,1143903.0,173.941,7060.0
2025-03-07 18:00:00+00:00,174.19,176.06,174.17,176.02,1189468.0,175.421,7193.0
2025-03-07 19:00:00+00:00,176.03,176.9,175.58,175.99,907805.0,176.295,5423.0
2025-03-07 20:00:00+00:00,175.97,176.41,174.61,175.72,1699604.0,175.743,10691.0
2025-03-10 13:30:00+00:00,170.28,170.45,167.94,169.2,2296469.0,169.35,11651.0
2025-03-10 14:00:00+00:00,169.2,169.2,165.71,165.86,3292201.0,167.571,20597.0
2025-03-10 15:00:00+00:00,165.87,168.88,165.56,167.56,2490335.0,167.242,15370.0
2025-03-10 16:00:00+00:00,167.54,168.41,166.98,167.59,1538537.0,167.499,10197.0
2025-03-10 17:00:00+00:00,167.59,167.67,166.06,166.5,1413561.0,166.996,9032.0
2025-03-10 18:00:00+00:00,166.48,167.26,166.02,166.12,1351278.0,166.478,8539.0
2025-03-10 19:00:00+00:00,166.11,168.44,165.81,167.85,4457245.0,167.506,30362.0
2025-03-11 13:30:00+00:00,166.91,168.66,166.68,167.53,1607261.0,167.644,8272.0
2025-03-11 14:00:00+00:00,167.54,168.38,165.57,165.6,2221592.0,166.649,14181.0
2025-03-11 15:00:00+00:00,165.61,167.33,165.33,166.11,1552484.0,166.542,10463.0
2025-03-11 16:00:00+00:00,166.1,166.42,164.72,164.99,1496779.0,165.547,9834.0
2025-03-11 17:00:00+00:00,164.99,165.03,163.24,164.7,2254602.0,164.111,13149.0
2025-03-11 18:00:00+00:00,164.69,168.11,164.62,167.58,2192964.0,166.551,14686.0
2025-03-11 19:00:00+00:00,167.59,168.33,165.88,165.93,2647474.0,166.961,18051.0
2025-03-12 13:30:00+00:00,168.46,169.3,165.98,166.08,1917597.0,167.631,10119.0
2025-03-12 14:00:00+00:00,166.02,167.67,165.48,166.43,1915139.0,166.771,11868.0
2025-03-12 15:00:00+00:00,166.45,167.78,165.99,167.58,1371700.0,166.85,8913.0
2025-03-12 16:00:00+00:00,167.6,168.43,167.3,167.94,1226853.0,167.932,7964.0
2025-03-12 17:00:00+00:00,167.95,169.21,167.56,167.56,1134010.0,168.459,6991.0
2025-03-12 18:00:00+00:00,167.57,169.31,167.52,169.22,1037443.0,168.729,6179.0
2025-03-12 19:00:00+00:00,169.22,169.53,168.54,169.03,1705246.0,169.11,10662.0
2025-03-13 13:30:00+00:00,167.95,168.12,164.98,165.36,1564063.0,166.876,8386.0
2025-03-13 14:00:00+00:00,165.34,167.0,164.8,166.38,1347997.0,165.946,8137.0
2025-03-13 15:00:00+00:00,166.42,166.85,165.0,165.29,1102718.0,165.681,7057.0
2025-03-13 16:00:00+00:00,165.31,165.93,164.35,164.97,1062174.0,165.176,6872.0
2025-03-13 17:00:00+00:00,164.97,165.2,164.07,164.2,1007598.0,164.502,6069.0
2025-03-13 18:00:00+00:00,164.2,166.1,164.17,165.75,967477.0,165.207,5490.0
2025-03-13 19:00:00+00:00,165.71,165.93,164.28,164.75,1795841.0,164.784,11802.0
2025-03-14 13:30:00+00:00,165.31,166.48,165.06,165.56,1860096.0,165.823,10942.0
2025-03-14 14:00:00+00:00,165.45,166.17,164.51,166.16,1512975.0,165.325,9136.0
2025-03-14 15:00:00+00:00,166.15,167.29,165.81,167.18,1626598.0,166.502,10033.0
2025-03-14 16:00:00+00:00,167.18,167.57,166.4,167.4,833698.0,166.931,5017.0
2025-03-14 17:00:00+00:00,167.38,167.52,166.12,166.48,1151859.0,166.783,6816.0
2025-03-14 18:00:00+00:00,166.49,167.32,166.49,167.1,784657.0,166.954,4935.0
2025-03-14 19:00:00+00:00,167.09,168.25,166.86,167.54,2664822.0,167.52,16655.0
2025-03-17 13:30:00+00:00,167.26,168.46,167.23,167.56,1262141.0,167.801,5562.0
2025-03-17 14:00:00+00:00,167.57,167.9,166.48,166.58,1542953.0,167.086,7711.0
2025-03-17 15:00:00+00:00,166.61,167.08,165.81,166.12,1129931.0,166.428,5988.0
2025-03-17 16:00:00+00:00,166.11,167.01,165.92,166.67,984425.0,166.602,5607.0
2025-03-17 17:00:00+00:00,166.66,167.34,166.36,167.15,724540.0,166.951,4387.0
2025-03-17 18:00:00+00:00,167.15,167.68,166.95,167.46,931222.0,167.402,5275.0
2025-03-17 19:00:00+00:00,167.48,167.56,166.16,166.59,2652347.0,166.941,18081.0
2025-03-18 13:30:00+00:00,165.96,166.44,160.83,160.83,2659212.0,163.746,15585.0
2025-03-18 14:00:00+00:00,160.84,161.1,158.8,160.36,4629877.0,159.963,26010.0
2025-03-18 15:00:00+00:00,160.31,161.87,159.96,161.57,1752104.0,160.869,9075.0
2025-03-18 16:00:00+00:00,161.56,162.5,161.2,161.65,1181781.0,161.957,6783.0
2025-03-18 17:00:00+00:00,161.64,162.4,161.06,162.03,1210628.0,161.841,7267.0
2025-03-18 18:00:00+00:00,162.03,162.86,161.74,162.82,1057112.0,162.23,6419.0
2025-03-18 19:00:00+00:00,162.82,162.86,162.02,162.69,2074066.0,162.544,12833.0
2025-03-19 13:30:00+00:00,163.92,164.45,163.05,164.16,1264526.0,163.849,6306.0
2025-03-19 14:00:00+00:00,164.17,164.79,163.66,163.73,1397900.0,164.137,9203.0
2025-03-19 15:00:00+00:00,163.7,165.17,163.65,165.03,1223378.0,164.551,7657.0
2025-03-19 16:00:00+00:00,165.03,165.27,164.71,164.9,1091294.0,165.026,7882.0
2025-03-19 17:00:00+00:00,164.89,165.1,164.4,165.0,1073696.0,164.78,7482.0
2025-03-19 18:00:00+00:00,165.0,167.33,164.69,167.2,2167364.0,166.168,15312.0
2025-03-19 19:00:00+00:00,167.2,168.14,166.1,166.3,3891645.0,167.175,26589.0
2025-03-20 13:30:00+00:00,163.83,165.73,163.14,165.68,1593923.0,164.635,9252.0
2025-03-20 14:00:00+00:00,165.7,167.03,165.55,166.43,1973027.0,166.42,12563.0
2025-03-20 15:00:00+00:00,166.44,166.6,165.09,165.16,1373892.0,166.024,8575.0
2025-03-20 16:00:00+00:00,165.15,165.69,164.34,164.4,1245417.0,164.911,8343.0
2025-03-20 17:00:00+00:00,164.41,165.1,164.31,164.49,800520.0,164.741,5418.0
2025-03-20 18:00:00+00:00,164.49,164.94,163.76,164.34,980630.0,164.4,7040.0
2025-03-20 19:00:00+00:00,164.34,165.45,164.32,165.04,1972747.0,164.951,13577.0
2025-03-21 13:30:00+00:00,163.27,164.59,163.03,163.81,4453192.0,163.369,8517.0
2025-03-21 14:00:00+00:00,163.84,165.42,163.67,165.41,1260372.0,164.568,7400.0
2025-03-21 15:00:00+00:00,165.41,165.63,164.26,164.33,847501.0,164.828,5573.0
2025-03-21 16:00:00+00:00,164.32,165.77,163.97,165.73,925734.0,165.131,5907.0
2025-03-21 17:00:00+00:00,165.72,165.72,164.8,165.15,762986.0,165.272,5040.0
2025-03-21 18:00:00+00:00,165.13,165.39,164.93,165.03,728585.0,165.176,4885.0
2025-03-21 19:00:00+00:00,165.03,166.47,164.77,166.22,2289064.0,165.722,15068.0
2025-03-24 13:30:00+00:00,169.2,170.02,167.44,169.76,1883082.0,168.995,9802.0
2025-03-24 14:00:00+00:00,169.76,170.0,169.08,169.52,1320209.0,169.669,7609.0
2025-03-24 15:00:00+00:00,169.54,169.74,168.86,169.23,987816.0,169.337,5236.0
2025-03-24 16:00:00+00:00,169.22,169.53,168.97,169.28,746349.0,169.288,4510.0
2025-03-24 17:00:00+00:00,169.28,169.39,168.94,169.31,714481.0,169.177,4237.0
2025-03-24 18:00:00+00:00,169.31,169.74,169.12,169.7,716078.0,169.492,4498.0
2025-03-24 19:00:00+00:00,169.69,170.5,169.55,169.81,2027978.0,169.94,12603.0
2025-03-25 13:30:00+00:00,171.18,171.78,170.55,171.24,1243161.0,171.156,6531.0
2025-03-25 14:00:00+00:00,171.24,172.52,170.91,172.38,1394641.0,171.874,7854.0
2025-03-25 15:00:00+00:00,172.38,172.71,171.75,171.91,853841.0,172.258,5313.0
2025-03-25 16:00:00+00:00,171.9,172.19,171.55,172.02,677122.0,171.891,4186.0
2025-03-25 17:00:00+00:00,172.03,172.31,171.65,171.99,583156.0,171.952,3747.0
2025-03-25 18:00:00+00:00,171.98,172.3,171.78,172.11,719157.0,172.081,4113.0
2025-03-25 19:00:00+00:00,172.09,172.91,172.01,172.77,1605111.0,172.524,10420.0
2025-03-26 13:30:00+00:00,171.29,171.94,169.92,170.14,1620639.0,171.088,9321.0
2025-03-26 14:00:00+00:00,170.13,170.96,169.64,170.41,1801312.0,170.233,11416.0
2025-03-26 15:00:00+00:00,170.41,170.92,169.74,169.97,1027167.0,170.434,6790.0
2025-03-26 16:00:00+00:00,169.97,170.26,169.05,169.1,1245266.0,169.728,8662.0
2025-03-26 17:00:00+00:00,169.09,169.51,168.18,168.29,1730622.0,168.735,10604.0
2025-03-26 18:00:00+00:00,168.28,168.7,167.82,167.86,1578104.0,168.298,10303.0
2025-03-26 19:00:00+00:00,167.85,167.99,166.86,167.14,4844581.0,167.319,27438.0
2025-03-27 13:30:00+00:00,166.69,167.44,165.83,166.84,1434343.0,166.721,7991.0
2025-03-27 14:00:00+00:00,166.83,167.18,165.55,166.21,2913947.0,166.214,16007.0
2025-03-27 15:00:00+00:00,166.22,166.6,165.19,165.42,1661363.0,165.886,9809.0
2025-03-27 16:00:00+00:00,165.43,166.16,165.12,165.16,1012583.0,165.634,6507.0
2025-03-27 17:00:00+00:00,165.16,165.75,164.65,164.68,1070867.0,165.16,6443.0
2025-03-27 18:00:00+00:00,164.68,165.0,164.4,164.46,1451531.0,164.695,8777.0
2025-03-27 19:00:00+00:00,164.44,165.07,163.85,164.06,2979318.0,164.416,19805.0
2025-03-28 13:30:00+00:00,162.36,163.81,162.25,162.28,2195179.0,162.92,10581.0
2025-03-28 14:00:00+00:00,162.26,162.54,158.92,159.31,3372442.0,160.415,21018.0
2025-03-28 15:00:00+00:00,159.31,159.34,157.79,157.8,2444898.0,158.616,15047.0
2025-03-28 16:00:00+00:00,157.79,158.71,157.38,157.43,1986389.0,157.959,13594.0
2025-03-28 17:00:00+00:00,157.42,157.46,156.3,157.26,2981613.0,156.862,18933.0
2025-03-28 18:00:00+00:00,157.25,157.43,156.31,156.64,2508766.0,156.841,15683.0
2025-03-28 19:00:00+00:00,156.63,156.64,155.33,156.01,5735540.0,155.996,34561.0
2025-03-31 13:30:00+00:00,154.8,155.5,152.21,153.2,3369330.0,153.628,17429.0
2025-03-31 14:00:00+00:00,153.21,153.89,153.0,153.43,2821542.0,153.367,14898.0
2025-03-31 15:00:00+00:00,153.44,155.78,153.01,155.16,2424987.0,154.526,14591.0
2025-03-31 16:00:00+00:00,155.17,155.66,154.63,154.71,1411430.0,155.24,9021.0
2025-03-31 17:00:00+00:00,154.71,155.96,154.64,154.89,1510627.0,155.356,9135.0
2025-03-31 18:00:00+00:00,154.89,156.31,154.81,155.8,1518437.0,155.754,9466.0
2025-03-31 19:00:00+00:00,155.79,157.13,155.72,156.12,3717776.0,156.303,21716.0
2025-04-01 13:30:00+00:00,155.31,157.66,155.25,157.1,1916576.0,156.824,10659.0
2025-04-01 14:00:00+00:00,157.13,159.17,156.6,159.17,2530418.0,157.66,16241.0
2025-04-01 15:00:00+00:00,159.17,159.8,158.74,159.59,1828133.0,159.298,11824.0
2025-04-01 16:00:00+00:00,159.6,160.08,158.76,159.15,1421684.0,159.53,8504.0
2025-04-01 17:00:00+00:00,159.14,159.33,158.53,158.59,974068.0,158.937,6378.0
2025-04-01 18:00:00+00:00,158.61,158.66,157.4,158.21,1204323.0,157.892,7344.0
2025-04-01 19:00:00+00:00,158.21,159.15,158.04,158.87,1960118.0,158.607,12856.0
2025-04-02 13:30:00+00:00,156.96,158.89,156.53,158.1,1422420.0,157.864,7398.0
2025-04-02 14:00:00+00:00,158.1,158.87,157.52,158.51,1515962.0,158.194,8639.0
2025-04-02 15:00:00+00:00,158.52,158.81,157.96,158.53,1053446.0,158.405,6646.0
2025-04-02 16:00:00+00:00,158.54,159.71,158.45,159.59,1030815.0,159.121,6499.0
2025-04-02 17:00:00+00:00,159.61,160.28,158.84,158.97,1067673.0,159.664,6506.0
2025-04-02 18:00:00+00:00,158.95,159.01,157.68,157.69,1032350.0,158.35,6546.0
2025-04-02 19:00:00+00:00,157.69,159.04,157.69,158.74,2258924.0,158.599,15381.0
2025-04-03 13:30:00+00:00,152.86,154.33,152.31,153.08,3003809.0,153.152,16760.0
2025-04-03 14:00:00+00:00,153.07,154.27,152.18,152.6,3003820.0,153.206,18571.0
2025-04-03 15:00:00+00:00,152.59,154.26,152.35,153.84,2217905.0,153.572,12969.0
2025-04-03 16:00:00+00:00,153.82,154.69,153.65,153.86,1655954.0,154.13,10180.0
2025-04-03 17:00:00+00:00,153.88,154.41,153.4,153.45,1372568.0,153.938,8439.0
2025-04-03 18:00:00+00:00,153.43,153.72,152.94,153.63,1403791.0,153.419,8757.0
2025-04-03 19:00:00+00:00,153.61,153.75,152.46,152.65,3303966.0,153.014,20296.0
2025-04-04 13:30:00+00:00,150.11,153.09,149.79,152.8,3422222.0,151.113,17669.0
2025-04-04 14:00:00+00:00,152.83,152.84,148.2,150.2,3723893.0,150.348,23908.0
2025-04-04 15:00:00+00:00,150.17,152.37,149.81,150.56,2791075.0,151.164,18718.0
2025-04-04 16:00:00+00:00,150.55,151.43,149.66,149.8,1641259.0,150.339,9752.0
2025-04-04 17:00:00+00:00,149.81,150.73,148.74,150.73,1572364.0,149.898,9504.0
2025-04-04 18:00:00+00:00,150.77,151.04,148.55,149.25,1722785.0,149.728,10499.0
2025-04-04 19:00:00+00:00,149.23,151.11,147.54,147.64,4162953.0,148.978,25764.0
2025-04-07 13:30:00+00:00,143.39,146.57,142.66,146.34,4882932.0,144.053,22390.0
2025-04-07 14:00:00+00:00,146.34,154.93,146.04,150.45,6683362.0,149.348,46155.0
2025-04-07 15:00:00+00:00,150.49,151.22,145.05,147.27,4370045.0,147.762,30532.0
2025-04-07 16:00:00+00:00,147.26,148.83,146.2,147.06,1924722.0,147.407,12915.0
2025-04-07 17:00:00+00:00,147.07,151.13,147.04,150.87,2498674.0,149.326,19659.0
2025-04-07 18:00:00+00:00,150.89,151.14,148.85,149.06,2081194.0,150.096,15605.0
2025-04-07 19:00:00+00:00,149.06,150.03,147.89,149.24,4686791.0,148.915,33703.0
2025-04-08 13:30:00+00:00,153.65,154.23,152.12,153.66,2810738.0,153.312,15743.0
2025-04-08 14:00:00+00:00,153.65,154.44,152.71,152.72,2881943.0,153.861,19482.0
2025-04-08 15:00:00+00:00,152.74,153.15,151.31,152.02,2309255.0,152.176,15652.0
2025-04-08 16:00:00+00:00,152.01,152.14,149.29,149.63,2238979.0,150.542,16361.0
2025-04-08 17:00:00+00:00,149.64,150.43,148.57,149.84,2046172.0,149.362,15936.0
2025-04-08 18:00:00+00:00,149.82,150.09,148.1,148.28,1704322.0,149.007,12547.0
2025-04-08 19:00:00+00:00,148.28,148.43,145.21,146.64,5118251.0,146.433,32642.0
2025-04-09 13:30:00+00:00,146.43,148.23,145.81,147.22,2574389.0,146.915,14708.0
2025-04-09 14:00:00+00:00,147.24,148.42,145.94,146.01,2301066.0,147.324,17118.0
2025-04-09 15:00:00+00:00,146.04,147.88,145.93,146.51,1612070.0,147.119,11697.0
2025-04-09 16:00:00+00:00,146.53,148.67,146.2,148.11,1406610.0,147.949,9488.0
2025-04-09 17:00:00+00:00,148.13,158.31,146.92,157.36,6422670.0,154.399,48798.0
2025-04-09 18:00:00+00:00,157.37,159.12,156.49,156.74,3771245.0,157.716,26443.0
2025-04-09 19:00:00+00:00,156.74,161.87,156.33,161.09,5612706.0,160.022,34030.0
2025-04-10 13:30:00+00:00,158.79,160.03,157.91,158.02,2411311.0,159.02,13253.0
2025-04-10 14:00:00+00:00,158.02,158.61,156.6,156.83,2314914.0,157.64,16458.0
2025-04-10 15:00:00+00:00,156.82,157.83,154.55,154.66,1667098.0,156.284,12262.0
2025-04-10 16:00:00+00:00,154.68,155.54,152.2,155.22,2548257.0,154.131,18851.0
2025-04-10 17:00:00+00:00,155.19,156.77,153.14,156.13,1998017.0,155.117,16090.0
2025-04-10 18:00:00+00:00,156.12,157.12,154.57,156.11,2053002.0,156.109,16404.0
2025-04-10 19:00:00+00:00,156.1,157.06,153.94,155.33,3407598.0,155.395,24386.0
2025-04-11 13:30:00+00:00,155.37,158.83,155.37,157.8,1695471.0,157.206,10134.0
2025-04-11 14:00:00+00:00,157.77,158.48,155.79,157.32,2379417.0,157.312,17413.0
2025-04-11 15:00:00+00:00,157.3,158.4,156.55,158.21,1439783.0,157.458,10663.0
2025-04-11 16:00:00+00:00,158.21,159.77,158.04,159.28,1124712.0,158.97,7766.0
2025-04-11 17:00:00+00:00,159.29,159.86,157.9,159.25,1149884.0,159.01,8508.0
2025-04-11 18:00:00+00:00,159.26,159.37,158.4,158.53,1010530.0,158.888,7243.0
2025-04-11 19:00:00+00:00,158.55,159.86,158.48,159.3,2671707.0,159.349,16339.0
2025-04-14 13:30:00+00:00,162.31,163.2,161.55,162.55,1769031.0,162.449,8873.0
2025-04-14 14:00:00+00:00,162.55,164.03,162.47,163.5,1721990.0,163.395,10588.0
2025-04-14 15:00:00+00:00,163.48,163.65,160.77,160.99,1336224.0,162.253,8356.0
2025-04-14 16:00:00+00:00,161.0,161.45,160.02,160.04,1064608.0,160.764,6897.0
2025-04-14 17:00:00+00:00,160.07,161.72,159.92,161.58,909396.0,160.853,6384.0
2025-04-14 18:00:00+00:00,161.58,162.36,161.44,162.1,696979.0,161.936,4783.0
2025-04-14 19:00:00+00:00,162.09,162.79,161.18,161.49,1929677.0,161.942,12859.0
2025-04-15 13:30:00+00:00,161.42,162.05,160.39,160.63,1249186.0,161.236,6370.0
2025-04-15 14:00:00+00:00,160.64,160.89,159.23,159.72,1595569.0,160.1,9887.0
2025-04-15 15:00:00+00:00,159.74,160.06,158.9,159.43,1196801.0,159.475,7162.0
2025-04-15 16:00:00+00:00,159.45,159.71,158.16,158.24,1086268.0,159.037,6112.0
2025-04-15 17:00:00+00:00,158.23,158.54,157.66,158.15,926207.0,158.151,5756.0
2025-04-15 18:00:00+00:00,158.13,158.57,157.64,158.48,792375.0,158.105,5044.0
2025-04-15 19:00:00+00:00,158.46,158.85,157.94,158.65,1847180.0,158.488,11789.0
2025-04-16 13:30:00+00:00,155.46,156.28,155.02,155.18,1517275.0,155.548,8453.0
2025-04-16 14:00:00+00:00,155.17,157.26,155.09,157.13,1218008.0,156.554,7739.0
2025-04-16 15:00:00+00:00,157.13,158.18,156.89,156.95,961684.0,157.431,5910.0
2025-04-16 16:00:00+00:00,156.96,157.65,156.84,157.46,649540.0,157.303,4208.0
2025-04-16 17:00:00+00:00,157.45,157.66,154.97,155.05,924994.0,156.276,6514.0
2025-04-16 18:00:00+00:00,155.03,156.0,154.76,154.77,1087889.0,155.426,7227.0
2025-04-16 19:00:00+00:00,154.76,155.98,153.91,155.55,2264557.0,154.946,14870.0
2025-04-17 13:30:00+00:00,156.61,157.07,155.64,156.02,2022901.0,156.483,5784.0
2025-04-17 14:00:00+00:00,156.02,156.11,150.9,152.34,3256816.0,153.007,20268.0
2025-04-17 15:00:00+00:00,152.35,153.99,152.32,152.88,1328835.0,153.274,8187.0
2025-04-17 16:00:00+00:00,152.9,154.06,152.83,153.85,1136441.0,153.518,7459.0
2025-04-17 17:00:00+00:00,153.84,154.3,153.18,154.01,796580.0,153.671,5062.0
2025-04-17 18:00:00+00:00,154.0,154.34,153.39,153.43,887253.0,153.951,5622.0
2025-04-17 19:00:00+00:00,153.42,153.68,152.79,153.31,1711342.0,153.266,11417.0
2025-04-21 13:30:00+00:00,150.97,151.06,149.2,149.21,1396976.0,150.307,7041.0
2025-04-21 14:00:00+00:00,149.19,150.24,148.97,149.81,1116340.0,149.668,6206.0
2025-04-21 15:00:00+00:00,149.83,149.97,148.49,148.7,987589.0,149.208,5733.0
2025-04-21 16:00:00+00:00,148.69,149.6,148.69,148.99,709809.0,149.084,4333.0
2025-04-21 17:00:00+00:00,149.02,149.21,148.57,148.74,671523.0,148.787,3603.0
2025-04-21 18:00:00+00:00,148.73,149.24,148.4,148.44,674935.0,148.802,3579.0
2025-04-21 19:00:00+00:00,148.42,150.2,148.4,149.91,1714230.0,149.491,10177.0
2025-04-22 13:30:00+00:00,151.15,152.04,150.87,152.04,1088550.0,151.471,5628.0
2025-04-22 14:00:00+00:00,152.04,152.94,151.72,152.79,1085278.0,152.205,6573.0
2025-04-22 15:00:00+00:00,152.8,153.4,152.45,153.27,1095473.0,152.909,6802.0
2025-04-22 16:00:00+00:00,153.29,154.61,153.28,153.93,763702.0,154.07,4517.0
2025-04-22 17:00:00+00:00,153.94,154.21,152.07,152.27,946913.0,152.897,6750.0
2025-04-22 18:00:00+00:00,152.26,153.72,152.2,153.48,719647.0,153.145,4573.0
2025-04-22 19:00:00+00:00,153.48,154.13,152.4,153.86,2002907.0,153.4,12681.0
2025-04-23 13:30:00+00:00,157.93,159.54,157.73,159.43,1928629.0,158.619,10446.0
2025-04-23 14:00:00+00:00,159.43,160.02,158.64,159.3,1498118.0,159.487,9424.0
2025-04-23 15:00:00+00:00,159.35,159.57,156.35,157.22,1333564.0,158.021,9039.0
2025-04-23 16:00:00+00:00,157.25,157.95,156.38,157.84,600715.0,157.122,3783.0
2025-04-23 17:00:00+00:00,157.81,158.35,157.06,157.92,696820.0,157.883,4172.0
2025-04-23 18:00:00+00:00,157.93,158.44,157.53,157.77,666794.0,157.911,4062.0
2025-04-23 19:00:00+00:00,157.75,158.08,156.76,157.64,2080242.0,157.59,12906.0
2025-04-24 13:30:00+00:00,158.53,160.16,158.09,160.1,2022809.0,158.941,11064.0
2025-04-24 14:00:00+00:00,160.05,160.38,159.2,160.15,1617446.0,159.909,9138.0
2025-04-24 15:00:00+00:00,160.12,160.72,159.83,160.24,1067638.0,160.273,6182.0
2025-04-24 16:00:00+00:00,160.26,161.0,160.02,160.75,1316876.0,160.679,7134.0
2025-04-24 17:00:00+00:00,160.76,160.9,160.32,160.58,1426659.0,160.597,8086.0
2025-04-24 18:00:00+00:00,160.6,161.46,160.53,161.14,1984309.0,160.941,10588.0
2025-04-24 19:00:00+00:00,161.13,161.71,160.19,161.24,3803086.0,161.027,19610.0
2025-04-25 13:30:00+00:00,167.03,168.24,164.32,165.11,5705905.0,166.187,26466.0
2025-04-25 14:00:00+00:00,165.18,166.86,164.29,165.02,4411595.0,165.534,21298.0
2025-04-25 15:00:00+00:00,165.03,165.39,163.65,164.19,2753068.0,164.635,12687.0
2025-04-25 16:00:00+00:00,164.17,164.88,163.65,164.73,2828216.0,164.132,13023.0
2025-04-25 17:00:00+00:00,164.71,165.15,163.15,163.75,2404994.0,164.375,11217.0
2025-04-25 18:00:00+00:00,163.74,164.3,163.0,163.58,1679979.0,163.795,8706.0
2025-04-25 19:00:00+00:00,163.57,164.24,163.49,163.79,2859518.0,163.855,15963.0
2025-04-28 13:30:00+00:00,164.26,164.95,162.28,162.78,2501746.0,163.569,11498.0
2025-04-28 14:00:00+00:00,162.8,163.26,161.75,162.53,2446093.0,162.448,12277.0
2025-04-28 15:00:00+00:00,162.53,162.75,161.08,161.26,1565166.0,161.777,8795.0
2025-04-28 16:00:00+00:00,161.24,161.26,160.59,160.77,1210063.0,160.937,6801.0
2025-04-28 17:00:00+00:00,160.77,161.27,160.38,161.15,1099516.0,160.808,6060.0
2025-04-28 18:00:00+00:00,161.16,161.41,160.72,161.14,1196626.0,161.06,7367.0
2025-04-28 19:00:00+00:00,161.14,162.73,161.09,162.37,2135411.0,162.083,12572.0
2025-04-29 13:30:00+00:00,162.1,162.26,159.39,160.41,2302957.0,160.618,11336.0
2025-04-29 14:00:00+00:00,160.44,162.38,159.97,162.19,1809123.0,161.643,10328.0
2025-04-29 15:00:00+00:00,162.2,162.27,160.82,161.37,1121965.0,161.421,7125.0
2025-04-29 16:00:00+00:00,161.42,162.08,161.25,161.35,847600.0,161.757,4862.0
2025-04-29 17:00:00+00:00,161.35,162.68,161.05,162.32,1064336.0,161.829,6136.0
2025-04-29 18:00:00+00:00,162.33,162.55,161.93,162.08,864148.0,162.315,5465.0
2025-04-29 19:00:00+00:00,162.07,162.53,161.81,162.04,1469974.0,162.17,9361.0
2025-04-30 13:30:00+00:00,159.82,159.86,157.15,157.52,1731288.0,158.494,9075.0
2025-04-30 14:00:00+00:00,157.56,159.16,157.39,158.96,1701744.0,158.569,10609.0
2025-04-30 15:00:00+00:00,158.96,159.6,158.9,159.24,1381507.0,159.244,9179.0
2025-04-30 16:00:00+00:00,159.23,159.39,158.72,159.23,1061719.0,159.074,6682.0
2025-04-30 17:00:00+00:00,159.22,159.48,158.38,159.16,988516.0,159.083,5986.0
2025-04-30 18:00:00+00:00,159.18,160.21,159.0,159.28,1046676.0,159.527,6989.0
2025-04-30 19:00:00+00:00,159.28,161.38,159.28,160.86,2320277.0,160.445,14978.0
2025-05-01 13:30:00+00:00,162.53,163.2,161.35,161.44,1932870.0,162.307,9701.0
2025-05-01 14:00:00+00:00,161.52,163.37,160.93,163.35,2009813.0,162.216,11524.0
2025-05-01 15:00:00+00:00,163.35,163.94,162.51,162.63,1578100.0,163.347,9774.0
2025-05-01 16:00:00+00:00,162.67,163.09,162.11,162.23,1201971.0,162.555,7753.0
2025-05-01 17:00:00+00:00,162.26,163.34,162.19,163.22,1130165.0,162.954,6713.0
2025-05-01 18:00:00+00:00,163.24,163.71,163.13,163.33,1067977.0,163.458,6940.0
2025-05-01 19:00:00+00:00,163.34,163.37,162.63,162.76,2615059.0,162.977,16615.0
2025-05-02 13:30:00+00:00,164.92,165.25,163.66,164.43,1973210.0,164.649,9854.0
2025-05-02 14:00:00+00:00,164.43,166.13,164.25,166.11,1631686.0,165.503,9123.0
2025-05-02 15:00:00+00:00,166.12,166.45,165.42,165.56,1188938.0,165.91,7334.0
2025-05-02 16:00:00+00:00,165.55,166.7,165.34,166.15,1448975.0,166.119,8494.0
2025-05-02 17:00:00+00:00,166.17,166.24,165.68,166.05,759921.0,165.894,4470.0
2025-05-02 18:00:00+00:00,166.04,166.38,165.68,165.83,735856.0,166.122,4432.0
2025-05-02 19:00:00+00:00,165.83,166.1,165.4,165.79,1874526.0,165.797,11120.0
2025-05-05 13:30:00+00:00,164.65,166.92,164.47,166.29,1594004.0,165.751,8177.0
2025-05-05 14:00:00+00:00,166.32,166.95,166.18,166.86,1276983.0,166.608,7832.0
2025-05-05 15:00:00+00:00,166.85,166.93,165.89,166.43,865262.0,166.34,5378.0
2025-05-05 16:00:00+00:00,166.44,167.03,166.33,166.78,757461.0,166.685,4417.0
2025-05-05 17:00:00+00:00,166.76,166.89,166.43,166.84,599499.0,166.69,3496.0
2025-05-05 18:00:00+00:00,166.83,167.1,166.82,166.88,647827.0,166.961,3757.0
2025-05-05 19:00:00+00:00,166.88,166.95,165.9,166.14,1390237.0,166.41,8661.0
2025-05-06 13:30:00+00:00,163.96,165.0,163.13,164.56,1260327.0,164.164,7241.0
2025-05-06 14:00:00+00:00,164.59,165.81,164.47,165.4,916689.0,165.376,5530.0
2025-05-06 15:00:00+00:00,165.39,166.05,165.37,165.78,728854.0,165.775,4554.0
2025-05-06 16:00:00+00:00,165.78,166.74,165.6,165.66,595179.0,165.924,3849.0
2025-05-06 17:00:00+00:00,165.67,166.0,165.27,165.31,525542.0,165.621,3377.0
2025-05-06 18:00:00+00:00,165.3,165.89,165.18,165.87,652584.0,165.618,3820.0
2025-05-06 19:00:00+00:00,165.85,165.91,165.13,165.18,1214432.0,165.505,7716.0
2025-05-07 13:30:00+00:00,165.96,166.99,165.37,165.79,1011624.0,166.021,5510.0
2025-05-07 14:00:00+00:00,165.78,165.84,158.6,158.7,3934201.0,161.851,25499.0
2025-05-07 15:00:00+00:00,158.69,159.2,152.89,152.93,13345796.0,155.792,75747.0
2025-05-07 16:00:00+00:00,152.92,153.6,149.49,151.75,14566855.0,151.264,69794.0
2025-05-07 17:00:00+00:00,151.74,152.98,151.52,152.25,7664705.0,152.144,38047.0
2025-05-07 18:00:00+00:00,152.25,152.55,150.31,151.58,6493313.0,151.092,33351.0
2025-05-07 19:00:00+00:00,151.56,152.96,151.28,152.78,7552306.0,152.122,39446.0
2025-05-08 13:30:00+00:00,155.92,155.96,154.1,154.64,5889395.0,154.958,28773.0
2025-05-08 14:00:00+00:00,154.68,155.79,154.65,155.03,4307479.0,155.238,20999.0
2025-05-08 15:00:00+00:00,155.01,156.77,154.78,156.16,3639420.0,155.909,18880.0
2025-05-08 16:00:00+00:00,156.17,156.82,156.13,156.37,2545008.0,156.458,12919.0
2025-05-08 17:00:00+00:00,156.36,156.74,156.06,156.35,1772069.0,156.405,10186.0
2025-05-08 18:00:00+00:00,156.34,157.21,156.17,157.12,1812227.0,156.679,9960.0
2025-05-08 19:00:00+00:00,157.1,157.41,155.46,155.77,3986686.0,156.572,22725.0
2025-05-09 13:30:00+00:00,155.55,156.43,155.39,155.9,2451486.0,155.807,11156.0
2025-05-09 14:00:00+00:00,155.9,156.21,153.83,154.66,3382443.0,154.821,17224.0
2025-05-09 15:00:00+00:00,154.66,155.4,154.57,154.98,1915698.0,155.02,9697.0
2025-05-09 16:00:00+00:00,154.97,154.99,154.05,154.09,1378998.0,154.528,7166.0
2025-05-09 17:00:00+00:00,154.1,154.57,154.0,154.3,1448378.0,154.266,7262.0
2025-05-09 18:00:00+00:00,154.29,154.49,153.9,154.09,1596687.0,154.103,8700.0
2025-05-09 19:00:00+00:00,154.09,154.5,153.98,154.35,2688165.0,154.249,14130.0
2025-05-12 13:30:00+00:00,158.99,159.84,158.2,158.61,3264541.0,159.065,15247.0
2025-05-12 14:00:00+00:00,158.64,159.65,158.23,158.63,3032052.0,158.952,15796.0
2025-05-12 15:00:00+00:00,158.65,159.07,157.97,158.0,2041641.0,158.461,11278.0
2025-05-12 16:00:00+00:00,158.0,159.97,157.88,159.89,2431897.0,159.0,13583.0
2025-05-12 17:00:00+00:00,159.89,160.44,159.34,159.63,2373191.0,159.842,12340.0
2025-05-12 18:00:00+00:00,159.67,160.37,159.55,159.89,1815145.0,159.947,9872.0
2025-05-12 19:00:00+00:00,159.88,160.23,158.97,159.62,4009241.0,159.567,24926.0
2025-05-13 13:30:00+00:00,159.92,159.95,157.58,158.55,2812045.0,158.61,13646.0
2025-05-13 14:00:00+00:00,158.57,161.44,158.41,161.06,3451495.0,160.412,19180.0
2025-05-13 15:00:00+00:00,161.04,161.76,160.79,161.67,2032864.0,161.233,12743.0
2025-05-13 16:00:00+00:00,161.67,161.82,161.04,161.72,1191743.0,161.461,7488.0
2025-05-13 17:00:00+00:00,161.72,162.06,160.83,160.95,1433854.0,161.594,7930.0
2025-05-13 18:00:00+00:00,160.96,161.18,160.63,161.08,1346196.0,160.879,7777.0
2025-05-13 19:00:00+00:00,161.07,161.25,160.7,160.81,2042392.0,161.01,11744.0
2025-05-14 13:30:00+00:00,161.27,163.43,160.93,162.13,2573663.0,161.92,12493.0
2025-05-14 14:00:00+00:00,162.14,166.15,162.08,165.8,3512508.0,164.27,20283.0
2025-05-14 15:00:00+00:00,165.81,167.22,165.23,167.07,3283756.0,165.979,18755.0
2025-05-14 16:00:00+00:00,167.08,168.34,166.97,167.4,2545637.0,167.646,14485.0
2025-05-14 17:00:00+00:00,167.42,167.42,165.87,166.46,1521767.0,166.422,8124.0
2025-05-14 18:00:00+00:00,166.49,167.1,165.96,166.43,1532246.0,166.582,9156.0
2025-05-14 19:00:00+00:00,166.45,166.88,165.83,166.82,2898504.0,166.483,16515.0
2025-05-15 13:30:00+00:00,167.14,167.51,165.4,166.1,2428070.0,166.345,12173.0
2025-05-15 14:00:00+00:00,166.09,166.62,165.6,166.13,2168908.0,166.095,13607.0
2025-05-15 15:00:00+00:00,166.13,167.23,166.05,166.89,1287588.0,166.767,7729.0
2025-05-15 16:00:00+00:00,166.9,167.1,166.34,166.66,1042212.0,166.692,6953.0
2025-05-15 17:00:00+00:00,166.65,166.66,166.1,166.34,864307.0,166.378,5888.0
2025-05-15 18:00:00+00:00,166.34,166.34,164.61,164.71,1617702.0,165.101,9442.0
2025-05-15 19:00:00+00:00,164.71,165.4,163.84,165.4,2696258.0,164.77,16049.0
2025-05-16 13:30:00+00:00,169.0,170.65,168.39,169.23,4847382.0,169.34,24553.0
2025-05-16 14:00:00+00:00,169.22,169.89,166.95,168.05,3932489.0,168.496,25899.0
2025-05-16 15:00:00+00:00,168.05,168.17,167.2,167.53,2468199.0,167.752,17349.0
2025-05-16 16:00:00+00:00,167.53,168.11,167.42,167.54,1286180.0,167.841,8350.0
2025-05-16 17:00:00+00:00,167.54,167.87,166.96,167.17,1359968.0,167.517,7890.0
2025-05-16 18:00:00+00:00,167.19,168.05,167.13,167.89,1929763.0,167.652,8473.0
2025-05-16 19:00:00+00:00,167.88,168.17,167.16,167.38,3551875.0,167.549,19707.0
2025-05-19 13:30:00+00:00,165.63,167.01,165.43,166.7,2143472.0,166.429,12735.0
2025-05-19 14:00:00+00:00,166.71,167.23,165.41,165.82,2595351.0,166.282,17305.0
2025-05-19 15:00:00+00:00,165.83,166.82,165.49,166.55,1441049.0,166.2,8708.0
2025-05-19 16:00:00+00:00,166.55,166.84,165.96,166.79,1238720.0,166.478,7150.0
2025-05-19 17:00:00+00:00,166.8,167.36,166.75,167.08,855380.0,167.108,5008.0
2025-05-19 18:00:00+00:00,167.07,167.22,166.67,167.11,763390.0,166.984,5122.0
2025-05-19 19:00:00+00:00,167.12,167.95,166.92,167.86,1768859.0,167.416,11033.0
2025-05-20 13:30:00+00:00,167.76,168.71,166.65,167.74,2629428.0,167.652,15663.0
2025-05-20 14:00:00+00:00,167.74,168.26,167.17,167.93,1838724.0,167.764,12076.0
2025-05-20 15:00:00+00:00,167.92,168.24,167.69,168.14,1100799.0,167.908,7204.0
2025-05-20 16:00:00+00:00,168.14,169.54,168.07,169.22,1719962.0,168.767,9605.0
2025-05-20 17:00:00+00:00,169.22,169.68,164.33,166.3,5404694.0,166.658,33207.0
2025-05-20 18:00:00+00:00,166.28,166.99,164.95,165.05,2355691.0,166.007,13522.0
2025-05-20 19:00:00+00:00,165.02,165.57,164.26,165.33,2992685.0,165.075,17108.0
2025-05-21 13:30:00+00:00,164.95,169.54,164.88,169.22,3569388.0,167.719,19767.0
2025-05-21 14:00:00+00:00,169.22,172.87,169.22,172.84,6556504.0,170.799,36184.0
2025-05-21 15:00:00+00:00,172.86,174.53,172.53,173.56,6858124.0,173.628,40866.0
2025-05-21 16:00:00+00:00,173.54,174.0,172.28,172.43,3215917.0,173.19,18140.0
2025-05-21 17:00:00+00:00,172.46,172.65,170.13,171.07,3187301.0,171.397,17775.0
2025-05-21 18:00:00+00:00,171.06,171.59,170.6,170.63,1852558.0,171.077,10957.0
2025-05-21 19:00:00+00:00,170.64,171.06,169.84,170.05,4301546.0,170.416,26391.0
2025-05-22 13:30:00+00:00,173.35,177.7,172.12,177.35,6324172.0,174.886,35873.0
2025-05-22 14:00:00+00:00,177.35,178.13,174.72,175.28,6601629.0,176.66,40600.0
2025-05-22 15:00:00+00:00,175.27,175.52,173.4,174.39,3875196.0,174.766,24225.0
2025-05-22 16:00:00+00:00,174.4,174.93,173.18,173.44,2215374.0,174.073,13649.0
2025-05-22 17:00:00+00:00,173.44,174.23,173.27,173.92,1810717.0,173.71,10726.0
2025-05-22 18:00:00+00:00,173.91,174.32,173.62,174.0,1375741.0,173.949,8170.0
2025-05-22 19:00:00+00:00,173.99,174.51,171.88,172.0,4565754.0,172.962,28663.0
2025-05-23 13:30:00+00:00,170.29,171.09,169.26,169.92,2680981.0,170.186,15998.0
2025-05-23 14:00:00+00:00,169.93,171.16,169.8,170.24,2055618.0,170.502,12681.0
2025-05-23 15:00:00+00:00,170.25,170.8,170.03,170.48,1165042.0,170.528,7657.0
2025-05-23 16:00:00+00:00,170.49,170.57,169.98,170.29,1080215.0,170.299,7174.0
2025-05-23 17:00:00+00:00,170.28,171.21,170.19,170.87,1048412.0,170.835,5874.0
2025-05-23 18:00:00+00:00,170.86,171.1,170.54,170.58,982945.0,170.834,6375.0
2025-05-23 19:00:00+00:00,170.57,170.91,169.39,169.58,3800212.0,169.939,23366.0
2025-05-27 13:30:00+00:00,171.3,173.1,171.21,172.95,2500347.0,171.937,13512.0
2025-05-27 14:00:00+00:00,172.93,174.21,172.88,173.06,2931198.0,173.577,19339.0
2025-05-27 15:00:00+00:00,173.05,173.68,172.56,172.86,1772334.0,173.12,11956.0
2025-05-27 16:00:00+00:00,172.87,173.81,172.67,173.35,1374414.0,173.314,8943.0
2025-05-27 17:00:00+00:00,173.35,173.84,173.28,173.75,1197935.0,173.632,7959.0
2025-05-27 18:00:00+00:00,173.75,174.09,173.68,173.69,1207553.0,173.878,7547.0
2025-05-27 19:00:00+00:00,173.69,174.29,173.47,173.96,2580442.0,173.878,16305.0
2025-05-28 13:30:00+00:00,174.13,176.48,173.96,174.92,2667837.0,175.176,15074.0
2025-05-28 14:00:00+00:00,174.91,175.25,173.8,173.91,2098787.0,174.279,13715.0
2025-05-28 15:00:00+00:00,173.9,174.64,173.87,174.11,1406280.0,174.32,9512.0
2025-05-28 16:00:00+00:00,174.1,174.34,173.97,174.14,901066.0,174.141,5786.0
2025-05-28 17:00:00+00:00,174.14,174.53,173.64,173.7,944811.0,174.108,5845.0
2025-05-28 18:00:00+00:00,173.69,173.9,173.08,173.56,972343.0,173.61,5866.0
2025-05-28 19:00:00+00:00,173.56,174.12,173.01,173.4,2162757.0,173.648,13882.0
2025-05-29 13:30:00+00:00,174.99,175.4,173.5,173.54,1995871.0,174.391,10715.0
2025-05-29 14:00:00+00:00,173.54,173.85,172.53,173.72,1771223.0,173.23,10774.0
2025-05-29 15:00:00+00:00,173.72,173.8,171.87,172.03,1472283.0,173.117,9673.0
2025-05-29 16:00:00+00:00,172.03,172.79,171.78,172.66,1213740.0,172.457,7513.0
2025-05-29 17:00:00+00:00,172.66,172.98,172.32,172.51,1035266.0,172.595,6789.0
2025-05-29 18:00:00+00:00,172.51,172.87,172.05,172.65,1001667.0,172.506,6642.0
2025-05-29 19:00:00+00:00,172.64,173.38,172.38,172.96,2226274.0,172.818,14367.0
2025-05-30 13:30:00+00:00,172.41,172.75,170.91,171.65,1427975.0,171.843,7909.0
2025-05-30 14:00:00+00:00,171.68,172.26,171.41,171.63,1801465.0,171.856,11906.0
2025-05-30 15:00:00+00:00,171.63,171.77,170.56,171.43,1430951.0,171.155,8773.0
2025-05-30 16:00:00+00:00,171.43,171.45,168.52,168.9,2071257.0,169.677,13769.0
2025-05-30 17:00:00+00:00,168.88,170.76,168.69,170.52,1349770.0,169.677,8551.0
2025-05-30 18:00:00+00:00,170.52,171.26,170.4,171.18,1231562.0,170.871,8341.0
2025-05-30 19:00:00+00:00,171.17,173.44,171.09,172.77,4771887.0,172.591,30424.0
2025-06-02 13:30:00+00:00,169.01,171.07,168.65,169.48,2905339.0,169.84,15604.0
2025-06-02 14:00:00+00:00,169.47,170.63,168.86,170.28,2142879.0,169.777,13313.0
2025-06-02 15:00:00+00:00,170.28,170.52,169.66,170.33,1335495.0,170.043,8525.0
2025-06-02 16:00:00+00:00,170.32,170.61,170.05,170.36,829597.0,170.311,4840.0
2025-06-02 17:00:00+00:00,170.37,170.56,169.6,169.67,827990.0,170.163,4675.0
2025-06-02 18:00:00+00:00,169.66,170.25,169.56,170.03,1068216.0,169.968,5817.0
2025-06-02 19:00:00+00:00,170.02,170.76,169.99,170.31,2362418.0,170.391,13241.0
2025-06-03 13:30:00+00:00,168.87,169.57,166.68,168.11,4447187.0,167.705,21825.0
2025-06-03 14:00:00+00:00,168.12,168.84,167.86,168.38,2131064.0,168.362,12605.0
2025-06-03 15:00:00+00:00,168.4,168.98,168.17,168.7,1315320.0,168.605,8279.0
2025-06-03 16:00:00+00:00,168.7,169.5,168.39,169.25,1133478.0,169.005,6509.0
2025-06-03 17:00:00+00:00,169.25,169.8,168.98,169.51,933896.0,169.399,5566.0
2025-06-03 18:00:00+00:00,169.52,169.59,168.32,168.44,1177479.0,168.797,8016.0
2025-06-03 19:00:00+00:00,168.45,168.68,167.6,167.74,2662197.0,168.024,15609.0
2025-06-04 13:30:00+00:00,168.25,169.58,168.19,168.85,2095689.0,168.783,10715.0
2025-06-04 14:00:00+00:00,168.82,168.94,167.82,168.59,1642277.0,168.475,10100.0
2025-06-04 15:00:00+00:00,168.6,168.77,167.91,168.08,1185371.0,168.254,7813.0
2025-06-04 16:00:00+00:00,168.07,168.4,167.79,168.23,878943.0,168.09,5652.0
2025-06-04 17:00:00+00:00,168.24,169.18,168.18,169.11,917618.0,168.731,5247.0
2025-06-04 18:00:00+00:00,169.1,169.27,168.71,169.18,869343.0,168.976,5210.0
2025-06-04 19:00:00+00:00,169.18,169.57,169.02,169.41,1696548.0,169.287,10399.0
2025-06-05 13:30:00+00:00,171.62,172.36,170.54,171.08,2034092.0,171.427,10658.0
2025-06-05 14:00:00+00:00,171.08,172.12,169.79,171.28,2473422.0,170.899,15080.0
2025-06-05 15:00:00+00:00,171.3,171.77,170.83,171.23,1434434.0,171.303,8363.0
2025-06-05 16:00:00+00:00,171.21,171.75,170.37,170.56,1275208.0,171.282,7559.0
2025-06-05 17:00:00+00:00,170.56,171.9,170.37,171.47,868059.0,171.365,5005.0
2025-06-05 18:00:00+00:00,171.46,171.68,170.84,171.43,1001348.0,171.404,6368.0
2025-06-05 19:00:00+00:00,171.42,171.42,169.35,169.88,2677967.0,170.053,17022.0
2025-06-06 13:30:00+00:00,172.3,174.17,172.3,174.05,2810554.0,173.289,16890.0
2025-06-06 14:00:00+00:00,174.06,175.43,173.81,174.12,2524938.0,174.541,14569.0
2025-06-06 15:00:00+00:00,174.13,174.71,173.31,174.42,1488868.0,174.163,9521.0
2025-06-06 16:00:00+00:00,174.42,174.55,173.6,174.14,922496.0,174.095,6404.0
2025-06-06 17:00:00+00:00,174.12,174.94,173.88,174.86,787941.0,174.403,4812.0
2025-06-06 18:00:00+00:00,174.84,175.83,174.77,175.29,1631276.0,175.319,9597.0
2025-06-06 19:00:00+00:00,175.26,175.52,174.68,174.92,3133979.0,175.065,20521.0
2025-06-09 13:30:00+00:00,175.75,177.13,175.66,176.69,1775178.0,176.291,9716.0
2025-06-09 14:00:00+00:00,176.74,177.67,176.35,176.37,1793768.0,177.015,10889.0
2025-06-09 15:00:00+00:00,176.37,177.36,176.25,177.13,1349476.0,176.766,7666.0
2025-06-09 16:00:00+00:00,177.14,177.43,176.83,177.3,828392.0,177.109,5221.0
2025-06-09 17:00:00+00:00,177.3,177.65,177.16,177.4,761620.0,177.4,4933.0
2025-06-09 18:00:00+00:00,177.39,177.92,176.97,177.81,1137744.0,177.442,6967.0
2025-06-09 19:00:00+00:00,177.81,177.87,177.2,177.62,2730056.0,177.602,16812.0
2025-06-10 13:30:00+00:00,177.77,180.96,177.35,179.91,4004735.0,179.431,25177.0
2025-06-10 14:00:00+00:00,179.91,182.45,179.71,181.27,4366161.0,181.246,27731.0
2025-06-10 15:00:00+00:00,181.28,181.61,180.17,181.14,2560908.0,181.052,16395.0
2025-06-10 16:00:00+00:00,181.14,181.82,180.95,181.33,1276736.0,181.4,7784.0
2025-06-10 17:00:00+00:00,181.33,181.52,180.06,180.1,1065807.0,180.916,6656.0
2025-06-10 18:00:00+00:00,180.09,180.77,179.68,180.54,891928.0,180.158,6014.0
2025-06-10 19:00:00+00:00,180.53,180.8,176.47,179.99,5462880.0,179.233,35265.0
2025-06-11 13:30:00+00:00,181.11,181.75,179.52,180.24,2277531.0,180.601,10992.0
2025-06-11 14:00:00+00:00,180.24,180.66,179.76,179.91,1855460.0,180.252,11997.0
2025-06-11 15:00:00+00:00,179.91,180.32,179.56,179.6,1075571.0,179.988,6894.0
2025-06-11 16:00:00+00:00,179.6,179.79,178.79,179.16,1067276.0,179.291,6861.0
2025-06-11 17:00:00+00:00,179.18,179.44,178.37,178.45,964160.0,178.925,5583.0
2025-06-11 18:00:00+00:00,178.45,179.44,178.0,178.87,1391717.0,178.803,6124.0
2025-06-11 19:00:00+00:00,178.89,179.23,178.32,178.81,2244122.0,178.803,13336.0
2025-06-12 13:30:00+00:00,177.31,178.13,176.11,176.94,2001903.0,177.036,11991.0
2025-06-12 14:00:00+00:00,176.94,177.64,176.43,177.21,1598832.0,177.164,10423.0
2025-06-12 15:00:00+00:00,177.22,177.65,176.79,177.49,918772.0,177.283,6020.0
2025-06-12 16:00:00+00:00,177.5,178.12,177.39,177.64,909486.0,177.768,5668.0
2025-06-12 17:00:00+00:00,177.64,177.91,177.49,177.61,597509.0,177.696,3908.0
2025-06-12 18:00:00+00:00,177.6,177.66,177.22,177.35,971745.0,177.385,6088.0
2025-06-12 19:00:00+00:00,177.33,177.56,176.53,176.97,2173583.0,176.988,12932.0
2025-06-13 13:30:00+00:00,173.58,175.81,173.57,175.51,1989372.0,174.874,9559.0
2025-06-13 14:00:00+00:00,175.51,176.93,174.98,176.51,1493715.0,175.866,9290.0
2025-06-13 15:00:00+00:00,176.5,178.0,176.5,177.9,1220537.0,177.299,6966.0
2025-06-13 16:00:00+00:00,177.89,178.35,177.71,178.11,783217.0,178.068,4932.0
2025-06-13 17:00:00+00:00,178.1,178.18,177.58,177.96,809871.0,177.88,4944.0
2025-06-13 18:00:00+00:00,177.96,178.08,176.46,176.71,1279608.0,177.108,8546.0
2025-06-13 19:00:00+00:00,176.69,176.8,175.62,175.89,3186555.0,176.139,20512.0
2025-06-16 13:30:00+00:00,176.0,177.15,175.82,176.92,1826527.0,176.353,10486.0
2025-06-16 14:00:00+00:00,176.94,177.49,176.62,177.43,1482731.0,177.108,9372.0
2025-06-16 15:00:00+00:00,177.44,177.74,176.47,176.62,1181002.0,177.126,7153.0
2025-06-16 16:00:00+00:00,176.61,176.98,176.3,176.57,708837.0,176.6,4096.0
2025-06-16 17:00:00+00:00,176.56,177.33,176.45,177.07,760746.0,176.936,5290.0
2025-06-16 18:00:00+00:00,177.07,177.75,176.98,177.68,656457.0,177.357,4479.0
2025-06-16 19:00:00+00:00,177.67,178.25,177.48,177.97,1790004.0,177.897,11527.0
2025-06-17 13:30:00+00:00,177.07,177.96,175.94,176.49,1202503.0,176.801,7036.0
2025-06-17 14:00:00+00:00,176.48,177.65,176.1,177.37,1103937.0,177.048,7507.0
2025-06-17 15:00:00+00:00,177.36,178.56,177.36,178.33,1424312.0,178.089,8837.0
2025-06-17 16:00:00+00:00,178.35,178.72,177.75,177.85,733040.0,178.34,4893.0
2025-06-17 17:00:00+00:00,177.85,178.28,177.37,177.59,813676.0,177.86,5450.0
2025-06-17 18:00:00+00:00,177.59,177.76,177.12,177.73,610591.0,177.472,4289.0
2025-06-17 19:00:00+00:00,177.73,178.0,177.08,177.21,1128842.0,177.528,7833.0
2025-06-18 13:30:00+00:00,177.29,177.83,176.77,177.52,1036213.0,177.352,5006.0
2025-06-18 14:00:00+00:00,177.53,177.69,176.34,176.82,1649799.0,176.969,10256.0
2025-06-18 15:00:00+00:00,176.82,176.92,176.26,176.39,974157.0,176.551,6070.0
2025-06-18 16:00:00+00:00,176.37,177.14,176.18,176.96,1016048.0,176.737,6637.0
2025-06-18 17:00:00+00:00,176.96,177.48,176.57,177.09,990946.0,177.036,6317.0
2025-06-18 18:00:00+00:00,177.19,177.5,176.21,176.39,992022.0,177.02,6898.0
2025-06-18 19:00:00+00:00,176.38,177.08,173.92,173.98,6090781.0,174.999,36586.0
2025-06-20 13:30:00+00:00,174.87,175.37,173.68,173.89,5006343.0,174.841,11203.0
2025-06-20 14:00:00+00:00,173.88,174.34,170.11,170.39,3039532.0,172.229,20052.0
2025-06-20 15:00:00+00:00,170.38,170.47,169.17,169.37,3395480.0,169.955,22043.0
2025-06-20 16:00:00+00:00,169.37,170.52,169.3,170.22,2288242.0,170.124,13509.0
2025-06-20 17:00:00+00:00,170.21,170.42,169.1,170.0,2004847.0,169.837,9938.0
2025-06-20 18:00:00+00:00,170.0,170.35,169.2,169.27,1881645.0,169.957,11118.0
2025-06-20 19:00:00+00:00,169.27,169.3,166.27,167.72,9888526.0,167.817,57249.0
2025-06-23 13:30:00+00:00,167.38,167.42,164.95,166.65,2795358.0,166.133,15832.0
2025-06-23 14:00:00+00:00,166.68,168.48,166.58,167.29,2319761.0,167.439,13514.0
2025-06-23 15:00:00+00:00,167.29,167.57,165.37,165.58,2221794.0,166.339,12993.0
2025-06-23 16:00:00+00:00,165.59,165.75,163.59,164.05,3345120.0,164.654,21005.0
2025-06-23 17:00:00+00:00,164.06,164.46,163.33,164.21,3651424.0,163.952,21054.0
2025-06-23 18:00:00+00:00,164.22,165.1,164.11,164.81,1837490.0,164.79,10409.0
2025-06-23 19:00:00+00:00,164.79,166.15,164.78,166.01,4077384.0,165.632,25387.0
2025-06-24 13:30:00+00:00,167.75,168.33,166.91,167.54,2749597.0,167.668,15462.0
2025-06-24 14:00:00+00:00,167.53,168.5,167.42,167.93,2553633.0,168.004,16014.0
2025-06-24 15:00:00+00:00,167.92,169.11,167.9,168.75,2041578.0,168.554,13117.0
2025-06-24 16:00:00+00:00,168.75,169.25,168.51,168.83,1619017.0,168.95,8740.0
2025-06-24 17:00:00+00:00,168.82,168.96,168.26,168.44,1471839.0,168.57,7050.0
2025-06-24 18:00:00+00:00,168.46,168.74,168.23,168.67,1005725.0,168.47,6132.0
2025-06-24 19:00:00+00:00,168.68,168.88,167.56,167.71,2704382.0,167.996,15256.0
2025-06-25 13:30:00+00:00,168.65,172.09,168.56,171.0,3061442.0,170.536,17781.0
2025-06-25 14:00:00+00:00,171.04,172.82,170.61,172.03,2640977.0,171.83,14756.0
2025-06-25 15:00:00+00:00,172.03,173.36,171.46,173.02,2065074.0,172.516,11773.0
2025-06-25 16:00:00+00:00,173.02,173.04,171.63,171.89,1230412.0,172.052,7082.0
2025-06-25 17:00:00+00:00,171.9,172.19,170.71,170.94,1219946.0,171.364,7154.0
2025-06-25 18:00:00+00:00,170.96,171.65,170.77,171.22,826017.0,171.238,5153.0
2025-06-25 19:00:00+00:00,171.22,171.87,171.1,171.5,2238619.0,171.567,13447.0
2025-06-26 13:30:00+00:00,173.39,173.72,170.86,171.9,2696546.0,171.96,16797.0
2025-06-26 14:00:00+00:00,171.91,172.82,171.6,172.71,2497419.0,172.265,14158.0
2025-06-26 15:00:00+00:00,172.7,173.91,172.68,173.61,2160940.0,173.336,13315.0
2025-06-26 16:00:00+00:00,173.59,173.9,173.17,173.51,1279005.0,173.593,8413.0
2025-06-26 17:00:00+00:00,173.5,174.44,173.48,174.13,1392434.0,173.916,9046.0
2025-06-26 18:00:00+00:00,174.13,174.46,173.71,173.75,1523530.0,174.054,9092.0
2025-06-26 19:00:00+00:00,173.76,174.65,173.64,174.42,3493352.0,174.222,20887.0
2025-06-27 13:30:00+00:00,174.63,176.02,174.5,175.57,2066512.0,175.13,10613.0
2025-06-27 14:00:00+00:00,175.58,175.84,174.47,175.37,2469519.0,175.159,15507.0
2025-06-27 15:00:00+00:00,175.36,175.38,174.5,174.7,1914795.0,174.855,11770.0
2025-06-27 16:00:00+00:00,174.7,174.71,173.73,174.35,2121196.0,174.153,13064.0
2025-06-27 17:00:00+00:00,174.35,174.5,173.5,173.8,2605844.0,174.041,15304.0
2025-06-27 18:00:00+00:00,173.8,174.0,172.71,173.02,2261857.0,173.516,12350.0
2025-06-27 19:00:00+00:00,173.03,178.84,173.02,178.37,10477305.0,176.69,69568.0
2025-06-30 13:30:00+00:00,180.78,181.58,178.04,178.46,4953972.0,179.767,26423.0
2025-06-30 14:00:00+00:00,178.45,179.01,176.31,177.52,4290649.0,177.692,26591.0
2025-06-30 15:00:00+00:00,177.52,178.04,176.83,177.0,3128742.0,177.3,21443.0
2025-06-30 16:00:00+00:00,177.0,178.67,176.87,178.23,2456044.0,177.621,14795.0
2025-06-30 17:00:00+00:00,178.22,178.71,177.9,178.36,1477449.0,178.337,9404.0
2025-06-30 18:00:00+00:00,178.34,178.4,175.5,177.48,2840296.0,177.096,20107.0
2025-06-30 19:00:00+00:00,177.49,177.69,176.81,177.34,4588404.0,177.343,29610.0
2025-07-01 13:30:00+00:00,176.82,177.22,175.47,176.1,2400867.0,176.235,14180.0
2025-07-01 14:00:00+00:00,176.04,176.85,175.37,175.41,2533202.0,176.155,16744.0
2025-07-01 15:00:00+00:00,175.41,176.34,174.66,176.03,2321826.0,175.547,14974.0
2025-07-01 16:00:00+00:00,176.04,176.13,175.15,175.95,2013789.0,175.588,13121.0
2025-07-01 17:00:00+00:00,175.97,176.8,175.96,176.7,1175966.0,176.431,7727.0
2025-07-01 18:00:00+00:00,176.7,176.91,176.2,176.23,1092134.0,176.608,7014.0
2025-07-01 19:00:00+00:00,176.24,177.0,175.83,176.89,2210152.0,176.662,15076.0
2025-07-02 13:30:00+00:00,176.55,177.47,176.09,177.28,1817617.0,176.731,11027.0
2025-07-02 14:00:00+00:00,177.27,178.11,176.95,177.76,1749668.0,177.736,11262.0
2025-07-02 15:00:00+00:00,177.74,179.1,177.74,179.08,1505136.0,178.494,9274.0
2025-07-02 16:00:00+00:00,179.09,179.33,178.67,179.17,1408122.0,179.02,8721.0
2025-07-02 17:00:00+00:00,179.17,179.94,179.07,179.53,1481080.0,179.571,9419.0
2025-07-02 18:00:00+00:00,179.53,179.79,179.08,179.43,934002.0,179.395,6367.0
2025-07-02 19:00:00+00:00,179.43,179.83,178.93,179.76,2216528.0,179.482,14699.0
2025-07-03 13:30:00+00:00,179.82,180.65,178.19,179.47,2528148.0,179.554,14870.0
2025-07-03 14:00:00+00:00,179.47,179.88,178.97,179.63,1951090.0,179.415,11524.0
2025-07-03 15:00:00+00:00,179.64,180.24,179.56,179.83,1476653.0,179.904,8946.0
2025-07-03 16:00:00+00:00,179.83,180.77,179.66,180.53,1722183.0,180.265,9781.0
2025-07-07 13:30:00+00:00,180.14,180.34,178.72,179.08,2384508.0,179.441,13424.0
2025-07-07 14:00:00+00:00,179.08,179.21,177.55,177.88,2743854.0,178.5,13982.0
2025-07-07 15:00:00+00:00,177.87,178.68,177.85,178.14,1672776.0,178.193,11171.0
2025-07-07 16:00:00+00:00,178.15,178.49,177.1,177.28,1468628.0,177.798,8614.0
2025-07-07 17:00:00+00:00,177.29,177.68,177.0,177.34,1241315.0,177.291,7592.0
2025-07-07 18:00:00+00:00,177.34,177.4,176.64,177.25,1160660.0,177.069,6635.0
2025-07-07 19:00:00+00:00,177.24,177.67,176.93,177.59,2588331.0,177.28,15578.0
2025-07-08 13:30:00+00:00,178.75,178.8,176.77,176.79,2034259.0,177.683,12417.0
2025-07-08 14:00:00+00:00,176.78,176.8,175.58,175.97,3599616.0,176.197,22429.0
2025-07-08 15:00:00+00:00,175.98,176.34,173.92,175.19,2780565.0,175.015,16161.0
2025-07-08 16:00:00+00:00,175.2,175.78,174.96,175.03,1271103.0,175.272,7699.0
2025-07-08 17:00:00+00:00,175.03,175.29,174.9,175.08,985720.0,175.058,6303.0
2025-07-08 18:00:00+00:00,175.07,175.12,174.49,174.53,1014613.0,174.76,6370.0
2025-07-08 19:00:00+00:00,174.53,175.25,174.44,175.16,3414805.0,174.909,22427.0
2025-07-09 13:30:00+00:00,176.12,178.02,175.65,177.9,3085318.0,176.66,18247.0
2025-07-09 14:00:00+00:00,177.92,180.28,177.71,178.14,4219650.0,179.237,24910.0
2025-07-09 15:00:00+00:00,178.15,179.15,176.41,178.39,2621147.0,178.321,17385.0
2025-07-09 16:00:00+00:00,178.39,178.73,177.66,178.62,1449223.0,178.223,8768.0
2025-07-09 17:00:00+00:00,178.62,178.72,173.88,176.53,3378863.0,176.292,23034.0
2025-07-09 18:00:00+00:00,176.51,177.72,175.95,177.54,2153956.0,176.957,12403.0
2025-07-09 19:00:00+00:00,177.54,178.12,177.18,177.67,2731962.0,177.557,17138.0
2025-07-10 13:30:00+00:00,176.73,177.14,175.74,176.15,2177953.0,176.405,14080.0
2025-07-10 14:00:00+00:00,176.15,176.71,175.96,176.32,1792273.0,176.336,11984.0
2025-07-10 15:00:00+00:00,176.33,177.75,176.32,177.62,2250515.0,177.145,13925.0
2025-07-10 16:00:00+00:00,177.63,178.32,177.44,178.05,1333278.0,177.86,8436.0
2025-07-10 17:00:00+00:00,178.05,179.59,178.03,178.65,2365127.0,178.956,15347.0
2025-07-10 18:00:00+00:00,178.64,179.07,178.33,178.59,1262046.0,178.764,9021.0
2025-07-10 19:00:00+00:00,178.58,178.98,178.35,178.69,2387178.0,178.697,14366.0
2025-07-11 13:30:00+00:00,177.79,178.93,177.69,178.63,1686421.0,178.322,10304.0
2025-07-11 14:00:00+00:00,178.64,179.62,177.54,179.56,2420219.0,178.682,13913.0
2025-07-11 15:00:00+00:00,179.57,181.99,178.95,181.18,3445945.0,180.575,22498.0
2025-07-11 16:00:00+00:00,181.18,181.46,180.56,180.89,1576582.0,180.963,10686.0
2025-07-11 17:00:00+00:00,180.88,181.86,180.81,181.79,1755389.0,181.477,10269.0
2025-07-11 18:00:00+00:00,181.79,182.61,181.62,181.76,1654956.0,182.119,9657.0
2025-07-11 19:00:00+00:00,181.75,181.89,181.24,181.26,2041636.0,181.529,12999.0
2025-07-14 13:30:00+00:00,182.04,184.73,180.99,181.73,3258408.0,182.52,22259.0
2025-07-14 14:00:00+00:00,181.75,181.99,180.71,181.53,2427437.0,181.428,17172.0
2025-07-14 15:00:00+00:00,181.5,182.13,181.28,181.76,1276288.0,181.693,7910.0
2025-07-14 16:00:00+00:00,181.75,182.44,181.57,182.33,985843.0,181.874,6007.0
2025-07-14 17:00:00+00:00,182.33,182.95,182.19,182.34,1125709.0,182.518,6738.0
2025-07-14 18:00:00+00:00,182.33,183.16,182.27,182.62,960301.0,182.826,5650.0
2025-07-14 19:00:00+00:00,182.61,183.01,182.24,182.79,2215949.0,182.709,13841.0
2025-07-15 13:30:00+00:00,183.9,184.6,182.77,183.64,2105434.0,183.446,12639.0
2025-07-15 14:00:00+00:00,183.65,184.51,183.37,183.88,2305613.0,183.942,15403.0
2025-07-15 15:00:00+00:00,183.9,185.2,183.9,184.62,1712316.0,184.757,10739.0
2025-07-15 16:00:00+00:00,184.61,184.64,183.81,184.02,1282507.0,184.194,7851.0
2025-07-15 17:00:00+00:00,184.01,185.11,184.01,184.88,900027.0,184.744,5809.0
2025-07-15 18:00:00+00:00,184.88,185.41,184.65,184.67,1306074.0,185.062,9021.0
2025-07-15 19:00:00+00:00,184.66,185.01,182.77,183.05,4378946.0,183.969,25133.0
2025-07-16 13:30:00+00:00,184.32,185.2,183.09,183.16,2005241.0,184.3,12649.0
2025-07-16 14:00:00+00:00,183.16,185.09,183.08,184.74,2255458.0,184.39,14653.0
2025-07-16 15:00:00+00:00,184.75,185.34,183.17,184.19,2053412.0,184.43,12759.0
2025-07-16 16:00:00+00:00,184.18,184.98,183.88,184.97,922140.0,184.369,5901.0
2025-07-16 17:00:00+00:00,184.97,185.21,184.72,185.03,828701.0,184.945,5360.0
2025-07-16 18:00:00+00:00,185.05,185.05,184.32,184.71,899763.0,184.733,6528.0
2025-07-16 19:00:00+00:00,184.72,184.79,183.68,183.77,2781422.0,184.06,18720.0
2025-07-17 13:30:00+00:00,183.12,183.93,181.5,182.38,3084618.0,182.43,18910.0
2025-07-17 14:00:00+00:00,182.38,183.72,182.34,182.96,1820378.0,183.076,11389.0
2025-07-17 15:00:00+00:00,182.97,183.81,182.96,183.7,1366344.0,183.337,9769.0
2025-07-17 16:00:00+00:00,183.67,184.22,183.65,183.88,1249251.0,183.945,8072.0
2025-07-17 17:00:00+00:00,183.88,184.52,183.36,184.45,1018936.0,183.984,6567.0
2025-07-17 18:00:00+00:00,184.46,185.06,184.38,184.7,1433660.0,184.763,8055.0
2025-07-17 19:00:00+00:00,184.71,185.19,184.4,184.73,2871173.0,184.864,18756.0
2025-07-18 13:30:00+00:00,186.62,187.36,185.51,185.54,3529086.0,186.526,15525.0
2025-07-18 14:00:00+00:00,185.59,186.2,184.73,185.75,2163243.0,185.44,14092.0
2025-07-18 15:00:00+00:00,185.76,186.54,185.41,186.37,1596450.0,185.904,10389.0
2025-07-18 16:00:00+00:00,186.37,186.4,185.69,185.98,1406624.0,186.067,9419.0
2025-07-18 17:00:00+00:00,185.97,186.35,185.76,186.05,1049516.0,186.12,6966.0
2025-07-18 18:00:00+00:00,186.06,186.38,185.44,185.58,1052429.0,185.89,7087.0
2025-07-18 19:00:00+00:00,185.58,186.2,185.5,185.94,1836213.0,185.829,13618.0
2025-07-21 13:30:00+00:00,187.11,190.69,187.05,189.92,3702236.0,189.296,20332.0
2025-07-21 14:00:00+00:00,189.93,190.85,189.43,190.21,3072387.0,190.199,19571.0
2025-07-21 15:00:00+00:00,190.2,190.39,189.41,189.49,1563530.0,189.966,9563.0
2025-07-21 16:00:00+00:00,189.48,190.41,189.07,190.31,1360769.0,189.76,8354.0
2025-07-21 17:00:00+00:00,190.31,190.68,190.2,190.44,1106814.0,190.421,6482.0
2025-07-21 18:00:00+00:00,190.43,191.11,190.36,190.94,1153137.0,190.753,6564.0
2025-07-21 19:00:00+00:00,190.95,191.26,190.59,191.15,2966063.0,191.022,17830.0
2025-07-22 13:30:00+00:00,192.42,192.53,188.49,189.76,3560794.0,190.46,20017.0
2025-07-22 14:00:00+00:00,189.74,190.86,189.13,190.73,2451342.0,190.144,14860.0
2025-07-22 15:00:00+00:00,190.73,190.79,189.84,190.58,1441671.0,190.333,8365.0
2025-07-22 16:00:00+00:00,190.59,191.56,190.09,191.39,1998037.0,190.986,12626.0
2025-07-22 17:00:00+00:00,191.37,192.17,191.33,191.71,1047669.0,191.749,5821.0
2025-07-22 18:00:00+00:00,191.7,192.53,191.19,192.33,1730220.0,191.996,10380.0
2025-07-22 19:00:00+00:00,192.32,193.36,191.9,192.12,2949733.0,192.267,17426.0
2025-07-23 13:30:00+00:00,192.42,193.36,190.4,190.79,2462775.0,191.633,12955.0
2025-07-23 14:00:00+00:00,190.78,191.37,190.18,190.62,2461931.0,190.692,14074.0
2025-07-23 15:00:00+00:00,190.63,191.51,190.44,191.08,1638960.0,190.817,9804.0
2025-07-23 16:00:00+00:00,191.09,191.16,190.29,190.63,1353505.0,190.653,7886.0
2025-07-23 17:00:00+00:00,190.62,191.55,190.47,191.29,1507673.0,191.032,7718.0
2025-07-23 18:00:00+00:00,191.3,191.73,191.03,191.49,1610480.0,191.433,9009.0
2025-07-23 19:00:00+00:00,191.49,192.1,190.5,191.7,3894996.0,191.652,21617.0
2025-07-24 13:30:00+00:00,198.06,198.97,193.59,194.43,8741912.0,196.068,47942.0
2025-07-24 14:00:00+00:00,194.41,194.46,191.95,193.93,6795592.0,193.443,35091.0
2025-07-24 15:00:00+00:00,193.89,195.33,193.7,194.39,4097928.0,194.474,21273.0
2025-07-24 16:00:00+00:00,194.39,194.75,192.67,192.74,2793871.0,193.656,15897.0
2025-07-24 17:00:00+00:00,192.73,194.56,192.72,194.37,2057717.0,193.882,10532.0
2025-07-24 18:00:00+00:00,194.36,195.2,193.98,194.06,2105352.0,194.625,10754.0
2025-07-24 19:00:00+00:00,194.06,194.54,193.0,193.18,4065791.0,193.599,24829.0
2025-07-25 13:30:00+00:00,192.92,195.28,192.13,194.43,4785576.0,193.888,24715.0
2025-07-25 14:00:00+00:00,194.38,194.87,193.42,193.76,3807530.0,194.137,21574.0
2025-07-25 15:00:00+00:00,193.75,194.9,193.57,194.36,2738586.0,194.288,14943.0
2025-07-25 16:00:00+00:00,194.37,194.59,193.89,194.21,1818785.0,194.245,10334.0
2025-07-25 17:00:00+00:00,194.2,194.31,193.74,193.75,1465772.0,194.039,8483.0
2025-07-25 18:00:00+00:00,193.75,194.87,193.7,194.12,2259154.0,194.326,12008.0
2025-07-25 19:00:00+00:00,194.11,194.41,193.85,194.08,3701553.0,194.087,21423.0
2025-07-28 13:30:00+00:00,194.41,194.82,193.15,193.62,3169262.0,194.027,14916.0
2025-07-28 14:00:00+00:00,193.61,193.75,192.13,192.66,3747362.0,192.719,21417.0
2025-07-28 15:00:00+00:00,192.66,192.94,191.91,192.28,2515365.0,192.343,14594.0
2025-07-28 16:00:00+00:00,192.27,193.0,191.85,192.92,2060683.0,192.419,12409.0
2025-07-28 17:00:00+00:00,192.91,193.24,192.61,193.02,1451441.0,193.006,8694.0
2025-07-28 18:00:00+00:00,193.03,193.42,192.76,192.78,1570512.0,193.108,9812.0
2025-07-28 19:00:00+00:00,192.78,193.52,192.59,193.42,2871505.0,193.01,17797.0
2025-07-29 13:30:00+00:00,193.3,194.56,192.99,193.49,3272477.0,193.863,15979.0
2025-07-29 14:00:00+00:00,193.53,194.4,193.24,194.22,2730937.0,193.944,14002.0
2025-07-29 15:00:00+00:00,194.21,195.33,193.97,195.1,2572120.0,194.639,13889.0
2025-07-29 16:00:00+00:00,195.09,196.47,194.96,196.29,2445565.0,195.653,14984.0
2025-07-29 17:00:00+00:00,196.31,196.51,195.46,195.8,1500870.0,195.877,8623.0
2025-07-29 18:00:00+00:00,195.78,196.25,195.71,196.01,1311022.0,196.025,8603.0
2025-07-29 19:00:00+00:00,196.01,196.66,195.87,196.44,3550850.0,196.281,23229.0
2025-07-30 13:30:00+00:00,196.4,197.61,195.93,196.04,2083832.0,196.643,10812.0
2025-07-30 14:00:00+00:00,196.01,197.46,195.56,197.07,2032416.0,196.595,11830.0
2025-07-30 15:00:00+00:00,197.06,198.09,197.02,198.06,1451036.0,197.667,8747.0
2025-07-30 16:00:00+00:00,198.06,198.48,197.69,198.06,1128387.0,198.061,6776.0
2025-07-30 17:00:00+00:00,198.06,198.11,197.29,197.78,859769.0,197.794,4922.0
2025-07-30 18:00:00+00:00,197.8,198.24,196.96,197.03,1237987.0,197.835,8070.0
2025-07-30 19:00:00+00:00,197.01,197.51,196.18,197.49,3172689.0,196.983,19416.0
2025-07-31 13:30:00+00:00,196.59,196.82,192.81,194.49,4447355.0,194.299,27702.0
2025-07-31 14:00:00+00:00,194.48,195.46,192.93,192.96,2863293.0,194.362,18369.0
2025-07-31 15:00:00+00:00,192.96,194.35,192.29,194.29,1772895.0,193.179,11100.0
2025-07-31 16:00:00+00:00,194.28,194.99,193.64,193.91,1376163.0,194.458,7933.0
2025-07-31 17:00:00+00:00,193.9,194.1,192.93,193.3,1154273.0,193.544,6996.0
2025-07-31 18:00:00+00:00,193.29,193.57,192.6,192.65,1523253.0,193.101,8794.0
2025-07-31 19:00:00+00:00,192.66,193.14,192.08,192.89,2849946.0,192.736,17442.0
2025-08-01 13:30:00+00:00,189.78,191.62,189.35,190.01,2990330.0,190.096,13977.0
2025-08-01 14:00:00+00:00,189.94,190.96,188.7,189.73,2688343.0,190.008,14483.0
2025-08-01 15:00:00+00:00,189.77,190.22,189.4,189.92,1362579.0,189.757,8076.0
2025-08-01 16:00:00+00:00,189.9,190.35,188.88,188.99,813385.0,189.727,5118.0
2025-08-01 17:00:00+00:00,188.99,189.99,188.83,189.85,1017368.0,189.421,6332.0
2025-08-01 18:00:00+00:00,189.83,190.21,189.4,189.89,1140874.0,189.834,6954.0
2025-08-01 19:00:00+00:00,189.87,190.31,189.49,189.95,2323771.0,189.881,14356.0
2025-08-04 13:30:00+00:00,191.23,195.34,190.92,195.09,2833708.0,193.101,15698.0
2025-08-04 14:00:00+00:00,195.1,195.42,194.18,194.39,1877735.0,194.883,11225.0
2025-08-04 15:00:00+00:00,194.38,195.0,193.62,194.93,1366285.0,194.179,8843.0
2025-08-04 16:00:00+00:00,194.93,195.07,194.59,194.9,950489.0,194.822,6289.0
2025-08-04 17:00:00+00:00,194.89,195.38,194.79,195.34,1242945.0,195.128,6729.0
2025-08-04 18:00:00+00:00,195.33,196.08,195.23,195.69,1369018.0,195.542,8786.0
2025-08-04 19:00:00+00:00,195.69,195.89,195.1,195.75,3055413.0,195.418,17868.0
2025-08-05 13:30:00+00:00,195.58,198.7,195.54,197.87,3243760.0,197.273,16845.0
2025-08-05 14:00:00+00:00,197.84,198.18,195.93,196.21,1974968.0,197.107,11685.0
2025-08-05 15:00:00+00:00,196.2,196.85,195.91,196.36,893580.0,196.407,5255.0
2025-08-05 16:00:00+00:00,196.36,196.65,195.46,195.57,778399.0,196.18,4788.0
2025-08-05 17:00:00+00:00,195.57,196.34,195.48,196.25,750233.0,196.062,4507.0
2025-08-05 18:00:00+00:00,196.27,196.45,195.18,195.48,886714.0,195.851,5197.0
2025-08-05 19:00:00+00:00,195.48,195.8,194.67,195.32,2354021.0,195.236,15380.0
2025-08-06 13:30:00+00:00,195.3,196.34,194.61,194.81,1664634.0,195.438,9309.0
2025-08-06 14:00:00+00:00,194.78,196.38,194.46,196.23,1465345.0,195.254,8194.0
2025-08-06 15:00:00+00:00,196.23,196.92,195.61,196.77,1381466.0,196.12,7825.0
2025-08-06 16:00:00+00:00,196.76,197.36,196.44,196.92,1033145.0,196.828,6424.0
2025-08-06 17:00:00+00:00,196.93,197.28,196.49,197.15,646070.0,196.925,4025.0
2025-08-06 18:00:00+00:00,197.16,197.25,196.81,197.16,815333.0,197.069,5253.0
2025-08-06 19:00:00+00:00,197.15,197.27,196.26,196.93,1826438.0,196.842,11238.0
2025-08-07 13:30:00+00:00,197.72,198.37,196.3,197.11,1746079.0,197.335,8885.0
2025-08-07 14:00:00+00:00,197.14,198.17,196.62,197.49,1596919.0,197.439,10172.0
2025-08-07 15:00:00+00:00,197.52,197.59,196.94,197.49,863128.0,197.24,5045.0
2025-08-07 16:00:00+00:00,197.49,197.72,196.61,197.14,969862.0,197.332,5134.0
2025-08-07 17:00:00+00:00,197.18,197.4,195.74,196.31,860428.0,196.433,5197.0
2025-08-07 18:00:00+00:00,196.31,196.48,195.22,195.84,936147.0,195.699,5417.0
2025-08-07 19:00:00+00:00,195.86,197.35,195.71,197.34,1617109.0,196.609,10320.0
2025-08-08 13:30:00+00:00,197.96,201.27,197.9,201.01,3210749.0,199.825,16602.0
2025-08-08 14:00:00+00:00,201.0,202.39,200.89,202.21,3441023.0,201.824,20707.0
2025-08-08 15:00:00+00:00,202.22,203.43,201.79,201.87,2631506.0,202.907,16431.0
2025-08-08 16:00:00+00:00,201.86,202.52,201.21,201.48,1662497.0,201.648,10322.0
2025-08-08 17:00:00+00:00,201.48,202.02,201.21,201.83,1293682.0,201.654,8540.0
2025-08-08 18:00:00+00:00,201.84,202.05,201.41,201.95,1041866.0,201.784,6370.0
2025-08-08 19:00:00+00:00,201.95,202.4,201.82,202.17,1942437.0,202.111,11995.0
2025-08-11 13:30:00+00:00,201.64,201.88,199.95,200.35,1999709.0,200.881,10424.0
2025-08-11 14:00:00+00:00,200.33,201.58,199.8,201.23,1449221.0,200.669,8802.0
2025-08-11 15:00:00+00:00,201.21,202.05,200.94,201.79,1068925.0,201.576,5551.0
2025-08-11 16:00:00+00:00,201.78,202.16,201.57,201.74,607447.0,201.855,3382.0
2025-08-11 17:00:00+00:00,201.72,202.0,201.44,201.53,911032.0,201.687,5528.0
2025-08-11 18:00:00+00:00,201.53,201.71,201.04,201.68,1260201.0,201.498,7940.0
2025-08-11 19:00:00+00:00,201.67,201.91,201.15,201.54,1973097.0,201.629,12911.0
2025-08-12 13:30:00+00:00,202.09,205.13,201.9,202.3,2585631.0,203.424,15270.0
2025-08-12 14:00:00+00:00,202.28,203.67,201.4,202.9,1491171.0,202.603,9368.0
2025-08-12 15:00:00+00:00,202.9,204.22,202.23,203.96,2153435.0,203.33,15746.0
2025-08-12 16:00:00+00:00,203.94,204.99,203.11,204.61,1432557.0,204.315,8743.0
2025-08-12 17:00:00+00:00,204.61,204.79,204.06,204.37,763744.0,204.414,5077.0
2025-08-12 18:00:00+00:00,204.39,204.84,204.18,204.73,617767.0,204.512,4126.0
2025-08-12 19:00:00+00:00,204.72,204.95,204.05,204.15,2345058.0,204.503,15700.0
2025-08-13 13:30:00+00:00,204.99,205.43,203.51,203.9,2159324.0,204.711,13114.0
2025-08-13 14:00:00+00:00,203.87,204.58,203.18,204.44,1670694.0,204.001,10033.0
2025-08-13 15:00:00+00:00,204.45,204.83,203.79,203.83,1378282.0,204.309,9091.0
2025-08-13 16:00:00+00:00,203.82,203.87,203.21,203.44,900927.0,203.452,5706.0
2025-08-13 17:00:00+00:00,203.43,204.0,203.38,203.93,952338.0,203.696,6368.0
2025-08-13 18:00:00+00:00,203.94,204.06,198.64,202.7,3823214.0,201.499,29177.0
2025-08-13 19:00:00+00:00,202.7,203.25,202.55,202.98,1456360.0,202.958,10203.0
2025-08-14 13:30:00+00:00,202.56,204.24,202.54,203.15,1709507.0,203.334,10630.0
2025-08-14 14:00:00+00:00,203.21,204.34,202.32,204.31,1561104.0,203.512,10084.0
2025-08-14 15:00:00+00:00,204.3,205.42,203.98,205.17,1527261.0,204.723,9288.0
2025-08-14 16:00:00+00:00,205.15,205.23,204.41,204.92,1044340.0,204.85,6519.0
2025-08-14 17:00:00+00:00,204.94,205.18,204.12,204.42,904055.0,204.82,5941.0
2025-08-14 18:00:00+00:00,204.42,204.53,203.73,204.2,805638.0,204.129,5368.0
2025-08-14 19:00:00+00:00,204.2,204.37,203.76,203.78,1558091.0,204.048,10989.0
2025-08-15 13:30:00+00:00,204.76,206.17,203.9,205.2,2908904.0,205.17,10462.0
2025-08-15 14:00:00+00:00,205.14,207.33,204.81,206.57,2339394.0,206.643,14211.0
2025-08-15 15:00:00+00:00,206.57,206.77,205.25,205.37,1041007.0,205.988,6902.0
2025-08-15 16:00:00+00:00,205.33,207.03,205.16,206.96,1133374.0,206.253,6774.0
2025-08-15 17:00:00+00:00,206.96,207.29,206.1,206.44,877323.0,206.767,5608.0
2025-08-15 18:00:00+00:00,206.46,206.88,202.08,206.43,2480618.0,205.258,18535.0
2025-08-15 19:00:00+00:00,206.39,206.45,204.76,204.93,2066039.0,205.483,13676.0
2025-08-18 13:30:00+00:00,205.18,206.14,204.47,205.17,1355767.0,205.342,7077.0
2025-08-18 14:00:00+00:00,205.18,205.72,204.01,204.67,1140020.0,205.009,6582.0
2025-08-18 15:00:00+00:00,204.65,204.83,203.83,204.07,761425.0,204.286,4437.0
2025-08-18 16:00:00+00:00,204.06,204.25,203.41,203.55,950656.0,203.747,5795.0
2025-08-18 17:00:00+00:00,203.54,204.11,203.51,203.78,791079.0,203.832,4572.0
2025-08-18 18:00:00+00:00,203.8,204.1,203.69,204.02,731975.0,203.898,4626.0
2025-08-18 19:00:00+00:00,204.01,204.59,203.92,204.29,1580830.0,204.224,10552.0
2025-08-19 13:30:00+00:00,203.91,204.29,201.84,202.56,1411966.0,202.753,7802.0
2025-08-19 14:00:00+00:00,202.57,203.5,201.0,201.35,1833130.0,202.023,10082.0
2025-08-19 15:00:00+00:00,201.4,201.85,201.31,201.56,788205.0,201.582,4936.0
2025-08-19 16:00:00+00:00,201.55,201.71,200.93,201.32,816401.0,201.363,5430.0
2025-08-19 17:00:00+00:00,201.35,202.16,201.22,202.02,581138.0,201.73,3959.0
2025-08-19 18:00:00+00:00,202.0,202.33,201.74,202.19,479147.0,202.027,3355.0
2025-08-19 19:00:00+00:00,202.18,202.54,201.9,202.54,1610392.0,202.35,10764.0
2025-08-20 13:30:00+00:00,201.72,202.17,198.48,199.17,1825075.0,200.207,10434.0
2025-08-20 14:00:00+00:00,199.14,199.91,197.67,197.89,1847808.0,198.516,11165.0
2025-08-20 15:00:00+00:00,197.88,200.03,197.46,199.51,1264601.0,199.116,7421.0
2025-08-20 16:00:00+00:00,199.53,200.96,199.41,200.18,830843.0,200.437,5168.0
2025-08-20 17:00:00+00:00,200.18,201.42,200.13,200.92,537867.0,200.803,3858.0
2025-08-20 18:00:00+00:00,200.9,201.03,200.19,200.25,610220.0,200.519,4071.0
2025-08-20 19:00:00+00:00,200.28,201.21,200.14,200.17,1265024.0,200.566,8481.0
2025-08-21 13:30:00+00:00,200.72,202.33,200.4,201.39,1605247.0,201.401,8095.0
2025-08-21 14:00:00+00:00,201.39,203.36,201.15,202.18,1501995.0,202.357,7957.0
2025-08-21 15:00:00+00:00,202.21,202.36,200.43,200.65,969797.0,201.237,6020.0
2025-08-21 16:00:00+00:00,200.66,200.97,200.44,200.54,519773.0,200.727,3468.0
2025-08-21 17:00:00+00:00,200.55,201.19,200.44,201.11,438048.0,200.809,2790.0
2025-08-21 18:00:00+00:00,201.1,201.15,200.48,200.83,481586.0,200.763,2581.0
2025-08-21 19:00:00+00:00,200.81,201.13,200.47,200.62,1015309.0,200.787,6952.0
2025-08-22 13:30:00+00:00,203.98,204.8,202.13,202.32,2171508.0,203.455,11217.0
2025-08-22 14:00:00+00:00,202.33,205.02,202.32,204.64,2929466.0,204.394,15639.0
2025-08-22 15:00:00+00:00,204.63,205.99,204.59,205.48,1498263.0,205.445,8506.0
2025-08-22 16:00:00+00:00,205.49,205.58,204.45,204.65,942603.0,205.054,5239.0
2025-08-22 17:00:00+00:00,204.64,208.79,204.64,208.31,3965440.0,207.272,24082.0
2025-08-22 18:00:00+00:00,208.31,209.23,207.56,207.6,2062899.0,208.48,10695.0
2025-08-22 19:00:00+00:00,207.6,207.82,206.07,206.75,2637899.0,206.79,15408.0
2025-08-25 13:30:00+00:00,207.05,208.54,205.95,208.53,2399322.0,207.473,11291.0
2025-08-25 14:00:00+00:00,208.53,209.98,208.23,209.22,2377139.0,209.124,12794.0
2025-08-25 15:00:00+00:00,209.22,210.28,208.11,210.25,2386051.0,209.696,13518.0
2025-08-25 16:00:00+00:00,210.25,211.09,210.05,210.84,1350883.0,210.681,7816.0
2025-08-25 17:00:00+00:00,210.83,210.97,210.06,210.36,1211286.0,210.387,7793.0
2025-08-25 18:00:00+00:00,210.36,210.38,209.28,209.51,935909.0,209.799,6143.0
2025-08-25 19:00:00+00:00,209.52,209.93,209.12,209.16,2706091.0,209.533,16627.0
2025-08-26 13:30:00+00:00,208.38,208.42,206.45,207.26,2087014.0,207.467,11638.0
2025-08-26 14:00:00+00:00,207.27,207.84,206.68,206.75,1623067.0,207.213,10053.0
2025-08-26 15:00:00+00:00,206.76,207.68,206.65,207.61,1100431.0,207.184,7074.0
2025-08-26 16:00:00+00:00,207.6,208.46,207.6,208.12,890732.0,208.044,5655.0
2025-08-26 17:00:00+00:00,208.12,208.2,207.33,207.46,698410.0,207.593,4678.0
2025-08-26 18:00:00+00:00,207.47,207.82,207.44,207.52,761394.0,207.612,5126.0
2025-08-26 19:00:00+00:00,207.51,208.15,206.56,207.96,2297261.0,207.605,15932.0
2025-08-27 13:30:00+00:00,206.41,208.98,206.39,208.71,1433314.0,207.606,7071.0
2025-08-27 14:00:00+00:00,208.71,209.57,208.46,208.96,1513043.0,209.131,8440.0
2025-08-27 15:00:00+00:00,208.98,209.07,206.93,208.72,1753967.0,208.507,11279.0
2025-08-27 16:00:00+00:00,208.72,208.72,207.45,208.21,644576.0,208.062,3778.0
2025-08-27 17:00:00+00:00,208.21,208.3,207.81,208.05,509881.0,208.011,2843.0
2025-08-27 18:00:00+00:00,208.04,208.3,207.77,207.9,499634.0,208.012,3308.0
2025-08-27 19:00:00+00:00,207.91,208.79,207.38,208.18,1599171.0,208.263,9976.0
2025-08-28 13:30:00+00:00,207.84,210.75,207.6,210.71,2061375.0,209.509,10571.0
2025-08-28 14:00:00+00:00,210.69,211.86,210.58,211.47,2175549.0,211.324,12895.0
2025-08-28 15:00:00+00:00,211.48,212.58,211.37,211.9,1489216.0,212.043,8835.0
2025-08-28 16:00:00+00:00,211.88,212.9,211.72,212.15,785885.0,212.413,4594.0
2025-08-28 17:00:00+00:00,212.17,212.84,212.08,212.74,653366.0,212.537,4047.0
2025-08-28 18:00:00+00:00,212.73,212.86,212.08,212.64,891406.0,212.493,5131.0
2025-08-28 19:00:00+00:00,212.63,212.88,212.25,212.38,1649537.0,212.608,10464.0
2025-08-29 13:30:00+00:00,211.27,213.09,210.97,211.93,1422066.0,212.214,7061.0
2025-08-29 14:00:00+00:00,211.96,213.09,211.67,212.04,1521546.0,212.367,8119.0
2025-08-29 15:00:00+00:00,212.04,212.88,212.01,212.25,1118108.0,212.478,6619.0
2025-08-29 16:00:00+00:00,212.25,213.06,212.19,212.89,736292.0,212.718,4000.0
2025-08-29 17:00:00+00:00,212.87,213.88,212.12,213.25,999018.0,212.745,6058.0
2025-08-29 18:00:00+00:00,213.24,215.34,213.03,214.34,2815441.0,214.366,15619.0
2025-08-29 19:00:00+00:00,214.34,214.52,213.0,213.66,2397999.0,213.754,15531.0
2025-09-02 13:30:00+00:00,208.99,210.26,208.14,209.73,2626627.0,209.274,12604.0
2025-09-02 14:00:00+00:00,209.66,210.66,208.16,208.78,2038344.0,209.541,12863.0
2025-09-02 15:00:00+00:00,208.81,209.03,206.96,207.54,1503785.0,207.714,9593.0
2025-09-02 16:00:00+00:00,207.55,209.02,207.55,208.98,906213.0,208.291,5741.0
2025-09-02 17:00:00+00:00,208.98,211.0,208.97,210.81,1053697.0,209.992,6135.0
2025-09-02 18:00:00+00:00,210.8,211.4,210.22,210.67,1057959.0,210.853,5692.0
2025-09-02 19:00:00+00:00,210.7,212.37,210.69,211.92,2260233.0,211.71,13482.0
2025-09-03 13:30:00+00:00,226.4,230.38,225.12,230.13,13427450.0,227.74,73084.0
2025-09-03 14:00:00+00:00,230.1,231.31,227.6,229.99,8831145.0,229.344,47409.0
2025-09-03 15:00:00+00:00,230.06,231.22,229.03,229.17,4860803.0,230.183,26797.0
2025-09-03 16:00:00+00:00,229.16,231.04,228.98,230.47,3999330.0,230.376,22882.0
2025-09-03 17:00:00+00:00,230.48,231.8,230.21,230.57,3272989.0,230.954,19768.0
2025-09-03 18:00:00+00:00,230.56,230.56,228.82,229.7,3064162.0,229.528,17753.0
2025-09-03 19:00:00+00:00,229.69,231.53,228.05,231.1,6606556.0,230.413,42649.0
2025-09-04 13:30:00+00:00,230.06,231.03,227.82,228.1,4112472.0,229.314,22231.0
2025-09-04 14:00:00+00:00,228.08,228.56,226.76,228.26,3578982.0,227.62,21629.0
2025-09-04 15:00:00+00:00,228.26,228.62,227.73,228.49,1670710.0,228.319,10392.0
2025-09-04 16:00:00+00:00,228.52,228.97,228.28,228.55,1492642.0,228.614,9136.0
2025-09-04 17:00:00+00:00,228.55,230.31,228.51,230.09,1226853.0,229.559,7099.0
2025-09-04 18:00:00+00:00,230.1,231.81,230.09,231.78,1926724.0,231.012,11390.0
2025-09-04 19:00:00+00:00,231.79,232.77,231.43,232.68,3088324.0,232.214,19188.0
2025-09-05 13:30:00+00:00,232.66,236.13,232.61,235.26,2989121.0,234.612,13911.0
2025-09-05 14:00:00+00:00,235.25,235.43,232.38,232.57,2946712.0,233.648,17703.0
2025-09-05 15:00:00+00:00,232.54,234.95,232.42,234.51,2080612.0,233.914,12523.0
2025-09-05 16:00:00+00:00,234.52,235.34,234.29,234.44,1401652.0,234.844,8402.0
2025-09-05 17:00:00+00:00,234.43,234.77,233.84,234.31,1013469.0,234.317,6503.0
2025-09-05 18:00:00+00:00,234.32,234.6,233.14,233.77,1485403.0,233.711,11020.0
2025-09-05 19:00:00+00:00,233.76,235.7,233.74,235.17,2901959.0,234.797,19755.0
2025-09-08 13:30:00+00:00,236.01,238.4,235.35,237.34,2870810.0,236.89,14975.0
2025-09-08 14:00:00+00:00,237.34,237.65,235.41,235.86,2123051.0,236.54,12941.0
2025-09-08 15:00:00+00:00,235.85,236.4,235.13,236.4,1416331.0,235.715,8578.0
2025-09-08 16:00:00+00:00,236.38,236.4,234.78,234.99,1227806.0,235.34,7618.0
2025-09-08 17:00:00+00:00,235.0,235.0,234.17,234.44,1169145.0,234.578,7482.0
2025-09-08 18:00:00+00:00,234.44,235.03,234.2,234.31,1232418.0,234.624,9452.0
2025-09-08 19:00:00+00:00,234.3,234.72,233.73,234.16,3119683.0,234.246,21489.0
2025-09-09 13:30:00+00:00,234.19,236.05,233.38,235.76,1730176.0,234.89,9910.0
2025-09-09 14:00:00+00:00,235.79,237.22,235.35,237.16,2358505.0,236.326,14946.0
2025-09-09 15:00:00+00:00,237.16,237.29,235.93,236.61,1334958.0,236.602,7913.0
2025-09-09 16:00:00+00:00,236.63,237.7,236.58,237.57,1074318.0,237.205,6861.0
2025-09-09 17:00:00+00:00,237.56,238.62,237.56,238.61,1622420.0,238.139,9333.0
2025-09-09 18:00:00+00:00,238.6,240.13,238.47,240.0,2095238.0,239.256,12406.0
2025-09-09 19:00:00+00:00,239.99,240.59,239.25,239.98,3278168.0,239.953,20010.0
2025-09-10 13:30:00+00:00,239.26,240.33,238.11,239.5,2194715.0,239.143,12033.0
2025-09-10 14:00:00+00:00,239.52,241.6,239.34,240.66,2323544.0,240.551,13182.0
2025-09-10 15:00:00+00:00,240.65,241.53,240.34,241.23,1439819.0,240.916,8469.0
2025-09-10 16:00:00+00:00,241.23,241.91,240.24,241.91,1275363.0,241.008,7448.0
2025-09-10 17:00:00+00:00,241.93,242.08,240.71,241.12,849825.0,241.436,5172.0
2025-09-10 18:00:00+00:00,241.11,241.16,239.36,239.42,1086949.0,240.039,6400.0
2025-09-10 19:00:00+00:00,239.41,240.76,238.93,239.55,1891668.0,239.731,12151.0
2025-09-11 13:30:00+00:00,240.13,240.75,237.3,239.02,1737569.0,238.643,10511.0
2025-09-11 14:00:00+00:00,239.02,239.08,236.58,238.42,1748203.0,238.296,11763.0
2025-09-11 15:00:00+00:00,238.42,239.99,238.38,239.59,1369019.0,239.368,8077.0
2025-09-11 16:00:00+00:00,239.59,240.48,239.59,239.83,927816.0,240.118,5756.0
2025-09-11 17:00:00+00:00,239.85,240.68,239.53,240.61,821224.0,240.16,5591.0
2025-09-11 18:00:00+00:00,240.6,242.04,240.39,241.88,1352467.0,241.212,8644.0
2025-09-11 19:00:00+00:00,241.9,242.57,240.65,240.72,2714064.0,241.654,17350.0
2025-09-12 13:30:00+00:00,240.6,241.15,239.04,239.83,1546169.0,240.108,8957.0
2025-09-12 14:00:00+00:00,239.71,240.59,239.11,240.46,1341894.0,239.732,8401.0
2025-09-12 15:00:00+00:00,240.45,241.19,240.17,241.05,865088.0,240.63,4682.0
2025-09-12 16:00:00+00:00,241.06,241.83,240.71,241.71,606111.0,241.253,3780.0
2025-09-12 17:00:00+00:00,241.71,242.43,241.29,241.86,725296.0,241.816,4390.0
2025-09-12 18:00:00+00:00,241.88,242.04,241.45,241.99,694043.0,241.739,4666.0
2025-09-12 19:00:00+00:00,242.0,242.12,241.08,241.28,1489081.0,241.481,9841.0
2025-09-15 13:30:00+00:00,245.05,251.08,244.98,249.65,3925431.0,248.211,21856.0
2025-09-15 14:00:00+00:00,249.69,252.75,248.95,249.16,3901692.0,251.158,22555.0
2025-09-15 15:00:00+00:00,249.17,250.31,248.37,249.54,1902097.0,249.198,11060.0
2025-09-15 16:00:00+00:00,249.52,251.0,248.66,249.22,1593084.0,249.738,10101.0
2025-09-15 17:00:00+00:00,249.21,249.82,248.72,249.18,975621.0,249.214,6360.0
2025-09-15 18:00:00+00:00,249.18,250.55,248.95,249.23,1284649.0,249.826,8334.0
2025-09-15 19:00:00+00:00,249.26,252.15,249.03,251.85,3394462.0,251.141,22616.0
2025-09-16 13:30:00+00:00,252.34,253.23,249.71,250.15,3245456.0,251.458,19368.0
2025-09-16 14:00:00+00:00,250.13,252.12,249.86,251.13,2378047.0,251.05,14725.0
2025-09-16 15:00:00+00:00,251.15,251.52,250.75,250.93,1498547.0,251.144,8412.0
2025-09-16 16:00:00+00:00,250.92,252.59,250.86,252.26,1525537.0,251.852,7747.0
2025-09-16 17:00:00+00:00,252.27,252.58,251.75,252.26,1008756.0,252.193,6631.0
2025-09-16 18:00:00+00:00,252.26,252.38,251.78,252.3,954894.0,252.2,6579.0
2025-09-16 19:00:00+00:00,252.31,252.52,251.33,251.41,1757831.0,251.854,12164.0
2025-09-17 13:30:00+00:00,251.46,251.95,250.13,251.22,1628226.0,251.255,9259.0
2025-09-17 14:00:00+00:00,251.23,251.37,248.85,249.69,1749707.0,249.899,11622.0
2025-09-17 15:00:00+00:00,249.72,249.86,247.88,248.48,1310589.0,248.622,7878.0
2025-09-17 16:00:00+00:00,248.52,249.32,248.2,248.45,1104081.0,248.832,6377.0
2025-09-17 17:00:00+00:00,248.47,248.81,247.8,248.28,1360286.0,248.35,6863.0
2025-09-17 18:00:00+00:00,248.29,249.36,246.58,249.05,2156015.0,248.205,14120.0
2025-09-17 19:00:00+00:00,249.01,250.76,248.96,249.85,2220465.0,250.047,14812.0
2025-09-18 13:30:00+00:00,251.78,254.14,251.42,253.58,2385250.0,252.635,15078.0
2025-09-18 14:00:00+00:00,253.58,253.72,250.87,251.26,1942858.0,252.152,10350.0
2025-09-18 15:00:00+00:00,251.28,251.82,250.11,250.22,1279436.0,250.975,7351.0
2025-09-18 16:00:00+00:00,250.21,250.89,250.21,250.34,952543.0,250.515,5350.0
2025-09-18 17:00:00+00:00,250.35,251.63,250.34,251.45,820400.0,251.023,4954.0
2025-09-18 18:00:00+00:00,251.44,252.22,251.34,251.93,1102938.0,251.858,6288.0
2025-09-18 19:00:00+00:00,251.93,252.6,251.58,252.36,2142859.0,252.104,13262.0
2025-09-19 13:30:00+00:00,253.42,254.43,252.06,253.88,5088751.0,253.507,11627.0
2025-09-19 14:00:00+00:00,253.86,254.09,252.61,253.23,1409683.0,253.356,8746.0
2025-09-19 15:00:00+00:00,253.24,253.56,252.35,253.42,1099845.0,252.936,7097.0
2025-09-19 16:00:00+00:00,253.39,254.5,253.38,254.18,888137.0,254.113,5803.0
2025-09-19 17:00:00+00:00,254.18,255.21,253.97,254.97,1278646.0,254.808,7802.0
2025-09-19 18:00:00+00:00,254.99,255.51,254.48,255.48,978060.0,255.047,6224.0
2025-09-19 19:00:00+00:00,255.49,256.7,254.33,255.13,3091203.0,255.685,20428.0
2025-09-22 13:30:00+00:00,254.78,256.31,253.39,254.2,1605939.0,254.607,8948.0
2025-09-22 14:00:00+00:00,254.17,255.5,253.96,255.34,1079660.0,254.862,6273.0
2025-09-22 15:00:00+00:00,255.33,255.52,250.81,253.39,1799825.0,253.372,11948.0
2025-09-22 16:00:00+00:00,253.42,253.43,251.35,251.78,1968112.0,252.334,12612.0
2025-09-22 17:00:00+00:00,251.78,252.42,251.55,252.39,877261.0,251.957,5413.0
2025-09-22 18:00:00+00:00,252.41,253.58,252.22,252.41,808839.0,252.996,5101.0
2025-09-22 19:00:00+00:00,252.43,253.09,251.67,252.89,2172931.0,252.274,13944.0
2025-09-23 13:30:00+00:00,253.66,254.77,251.84,252.84,1564719.0,253.198,9517.0
2025-09-23 14:00:00+00:00,252.84,253.45,251.66,251.69,1235794.0,252.454,8585.0
2025-09-23 15:00:00+00:00,251.7,254.07,251.46,254.05,1269266.0,252.812,8039.0
2025-09-23 16:00:00+00:00,254.07,254.25,252.96,253.69,803577.0,253.44,5274.0
2025-09-23 17:00:00+00:00,253.71,253.93,251.09,252.34,1031723.0,252.326,6838.0
2025-09-23 18:00:00+00:00,252.35,252.51,251.44,251.46,729400.0,252.084,4714.0
2025-09-23 19:00:00+00:00,251.48,252.35,251.13,252.33,2049740.0,251.925,13453.0
2025-09-24 13:30:00+00:00,252.15,252.96,248.8,249.61,1958656.0,250.678,11319.0
2025-09-24 14:00:00+00:00,249.54,250.94,249.43,250.55,1467511.0,250.13,8359.0
2025-09-24 15:00:00+00:00,250.55,250.7,248.72,248.73,952464.0,249.875,6352.0
2025-09-24 16:00:00+00:00,248.75,249.51,247.79,249.02,997934.0,248.735,6766.0
2025-09-24 17:00:00+00:00,249.03,249.58,247.37,248.75,732814.0,248.848,4587.0
2025-09-24 18:00:00+00:00,248.73,248.77,247.73,248.59,681455.0,248.288,4371.0
2025-09-24 19:00:00+00:00,248.59,248.95,247.33,247.77,1625503.0,247.935,11482.0
2025-09-25 13:30:00+00:00,244.92,244.96,241.65,243.44,2605072.0,243.155,17055.0
2025-09-25 14:00:00+00:00,243.42,247.06,243.03,246.6,1818414.0,245.406,12202.0
2025-09-25 15:00:00+00:00,246.59,247.32,245.57,246.74,1210848.0,246.45,8269.0
2025-09-25 16:00:00+00:00,246.73,247.11,245.81,246.06,534098.0,246.429,3665.0
2025-09-25 17:00:00+00:00,246.07,246.85,244.82,244.91,932737.0,245.657,5672.0
2025-09-25 18:00:00+00:00,244.93,247.0,244.6,246.93,694547.0,245.865,4229.0
2025-09-25 19:00:00+00:00,246.93,247.19,245.68,246.58,1537403.0,246.434,9812.0
2025-09-26 13:30:00+00:00,247.79,250.12,247.25,248.01,1814825.0,248.483,10675.0
2025-09-26 14:00:00+00:00,247.96,248.45,246.76,247.19,1518282.0,247.607,10076.0
2025-09-26 15:00:00+00:00,247.2,247.78,246.7,246.75,1067768.0,247.276,7119.0
2025-09-26 16:00:00+00:00,246.75,248.24,246.66,248.17,697225.0,247.628,4759.0
2025-09-26 17:00:00+00:00,248.15,248.67,247.24,247.52,895289.0,248.158,5889.0
2025-09-26 18:00:00+00:00,247.52,247.81,247.02,247.8,668420.0,247.469,4714.0
2025-09-26 19:00:00+00:00,247.79,247.89,246.64,247.18,1360279.0,247.216,9611.0
2025-09-29 13:30:00+00:00,248.28,251.65,247.71,250.34,1817640.0,249.52,9843.0
2025-09-29 14:00:00+00:00,250.36,251.26,248.17,248.37,1636395.0,249.753,10576.0
2025-09-29 15:00:00+00:00,248.37,248.87,247.9,248.56,1034097.0,248.408,6880.0
2025-09-29 16:00:00+00:00,248.58,248.86,247.9,247.93,746604.0,248.405,4994.0
2025-09-29 17:00:00+00:00,247.96,247.96,244.66,245.24,2529333.0,246.005,17257.0
2025-09-29 18:00:00+00:00,245.24,246.14,245.24,245.28,946971.0,245.691,5792.0
2025-09-29 19:00:00+00:00,245.27,245.29,243.2,244.34,3005386.0,244.023,20101.0
2025-09-30 13:30:00+00:00,243.06,243.49,239.57,241.07,2375328.0,241.379,12209.0
2025-09-30 14:00:00+00:00,241.02,241.74,240.0,241.7,1796431.0,241.062,11364.0
2025-09-30 15:00:00+00:00,241.7,242.01,240.0,241.87,1367444.0,241.071,8366.0
2025-09-30 16:00:00+00:00,241.89,242.23,241.57,242.09,791113.0,241.832,5493.0
2025-09-30 17:00:00+00:00,242.08,242.44,241.22,241.31,903418.0,241.818,5920.0
2025-09-30 18:00:00+00:00,241.33,242.31,241.26,241.8,615181.0,241.779,4045.0
2025-09-30 19:00:00+00:00,241.77,243.68,241.74,243.54,1689923.0,243.15,11310.0
2025-10-01 13:30:00+00:00,241.18,242.36,239.2,241.01,1558289.0,241.089,7949.0
2025-10-01 14:00:00+00:00,240.99,241.8,240.41,241.18,2421057.0,241.171,14539.0
2025-10-01 15:00:00+00:00,241.19,243.39,240.92,243.1,1473057.0,241.846,9101.0
2025-10-01 16:00:00+00:00,243.14,244.62,243.14,244.59,1319707.0,244.003,8739.0
2025-10-01 17:00:00+00:00,244.59,244.95,243.9,244.75,1095615.0,244.563,6999.0
2025-10-01 18:00:00+00:00,244.75,246.33,244.64,246.13,1319612.0,245.71,8815.0
2025-10-01 19:00:00+00:00,246.05,247.15,245.27,245.54,3633078.0,246.222,23928.0
2025-10-02 13:30:00+00:00,245.64,247.08,244.73,246.55,1565377.0,245.804,8374.0
2025-10-02 14:00:00+00:00,246.53,247.64,243.1,244.06,2274293.0,245.521,13877.0
2025-10-02 15:00:00+00:00,244.1,245.27,243.86,245.18,1091310.0,244.675,5895.0
2025-10-02 16:00:00+00:00,245.17,245.35,243.98,244.09,924951.0,244.687,5446.0
2025-10-02 17:00:00+00:00,244.07,244.76,243.75,244.68,631628.0,244.277,3885.0
2025-10-02 18:00:00+00:00,244.69,245.41,244.52,245.33,785056.0,244.928,4400.0
2025-10-02 19:00:00+00:00,245.32,246.44,244.24,246.44,2618251.0,245.589,15846.0
2025-10-03 13:30:00+00:00,245.23,246.25,242.47,243.15,1949586.0,244.057,9980.0
2025-10-03 14:00:00+00:00,243.16,244.27,242.64,244.1,1662289.0,243.347,9657.0
2025-10-03 15:00:00+00:00,244.1,245.98,244.03,245.63,1518314.0,245.025,9355.0
2025-10-03 16:00:00+00:00,245.64,247.12,244.97,247.04,957789.0,246.35,5224.0
2025-10-03 17:00:00+00:00,247.02,247.02,244.63,246.26,1441027.0,245.904,8963.0
2025-10-03 18:00:00+00:00,246.3,246.44,245.34,245.43,762729.0,245.924,5107.0
2025-10-03 19:00:00+00:00,245.46,246.66,244.96,246.45,2325669.0,245.936,14646.0
2025-10-06 13:30:00+00:00,245.78,249.66,245.69,247.78,2010121.0,247.162,10867.0
2025-10-06 14:00:00+00:00,247.77,248.34,246.04,246.89,1345565.0,247.063,8670.0
2025-10-06 15:00:00+00:00,246.89,249.42,246.46,249.23,972539.0,247.71,6036.0
2025-10-06 16:00:00+00:00,249.22,250.04,248.48,249.87,745657.0,249.38,4307.0
2025-10-06 17:00:00+00:00,249.88,250.5,246.74,249.1,1395481.0,249.023,9966.0
2025-10-06 18:00:00+00:00,249.09,252.2,249.08,251.51,1108635.0,251.16,6251.0
2025-10-06 19:00:00+00:00,251.5,252.1,250.92,251.51,1487960.0,251.488,10473.0
2025-10-07 13:30:00+00:00,248.9,251.55,248.35,249.46,1567747.0,249.721,8703.0
2025-10-07 14:00:00+00:00,249.45,249.8,248.48,249.04,1265397.0,249.33,7685.0
2025-10-07 15:00:00+00:00,249.04,249.06,247.39,247.93,1160695.0,248.264,7463.0
2025-10-07 16:00:00+00:00,247.95,248.33,246.91,247.28,658025.0,247.671,4112.0
2025-10-07 17:00:00+00:00,247.27,248.47,247.09,248.0,577864.0,247.781,2936.0
2025-10-07 18:00:00+00:00,247.98,248.44,247.78,248.01,635356.0,248.149,3932.0
2025-10-07 19:00:00+00:00,248.0,248.17,246.81,247.12,1357541.0,247.369,8931.0
2025-10-08 13:30:00+00:00,246.2,247.15,245.09,245.9,1356795.0,246.265,6874.0
2025-10-08 14:00:00+00:00,245.91,247.26,245.67,245.76,1085064.0,246.465,5882.0
2025-10-08 15:00:00+00:00,245.75,246.62,245.3,246.2,921178.0,246.051,5463.0
2025-10-08 16:00:00+00:00,246.22,246.62,245.17,245.32,760563.0,245.905,3786.0
2025-10-08 17:00:00+00:00,245.3,246.18,245.18,245.6,659746.0,245.689,3770.0
2025-10-08 18:00:00+00:00,245.59,246.05,245.32,245.68,697557.0,245.708,4501.0
2025-10-08 19:00:00+00:00,245.69,245.97,245.15,245.5,1411338.0,245.575,9395.0
2025-10-09 13:30:00+00:00,245.11,245.56,242.82,243.52,1669308.0,244.31,8639.0
2025-10-09 14:00:00+00:00,243.53,243.66,240.37,240.6,3130030.0,241.77,17583.0
2025-10-09 15:00:00+00:00,240.6,242.12,239.68,241.88,2016086.0,240.68,11143.0
2025-10-09 16:00:00+00:00,241.87,242.46,241.15,241.51,808735.0,241.881,4872.0
2025-10-09 17:00:00+00:00,241.5,242.03,241.13,241.29,495241.0,241.554,3293.0
2025-10-09 18:00:00+00:00,241.28,241.84,241.02,241.57,489662.0,241.32,2905.0
2025-10-09 19:00:00+00:00,241.61,242.16,241.52,242.16,1169068.0,241.807,7011.0
2025-10-10 13:30:00+00:00,242.16,244.84,241.55,244.11,1448956.0,243.578,7702.0
2025-10-10 14:00:00+00:00,244.11,244.23,242.18,242.67,1212353.0,243.296,7334.0
2025-10-10 15:00:00+00:00,242.66,242.67,237.62,239.6,3571155.0,239.841,23039.0
2025-10-10 16:00:00+00:00,239.55,239.96,237.92,238.17,1150061.0,238.941,7202.0
2025-10-10 17:00:00+00:00,238.16,240.09,237.79,239.88,1093876.0,239.091,7059.0
2025-10-10 18:00:00+00:00,239.92,240.58,238.66,239.2,933941.0,239.667,5811.0
2025-10-10 19:00:00+00:00,239.18,239.66,236.68,237.54,2396285.0,237.812,15239.0
2025-10-13 13:30:00+00:00,240.97,243.0,240.75,243.0,1227014.0,241.785,6370.0
2025-10-13 14:00:00+00:00,243.0,243.18,241.13,241.24,889283.0,242.147,5460.0
2025-10-13 15:00:00+00:00,241.23,243.51,240.91,243.28,757316.0,242.632,4098.0
2025-10-13 16:00:00+00:00,243.28,243.82,243.03,243.34,600119.0,243.386,3493.0
2025-10-13 17:00:00+00:00,243.36,244.05,242.54,243.96,526550.0,243.307,3247.0
2025-10-13 18:00:00+00:00,243.93,244.01,243.25,243.66,390584.0,243.7,2212.0
2025-10-13 19:00:00+00:00,243.66,244.99,243.53,244.65,1197362.0,244.461,8129.0
2025-10-14 13:30:00+00:00,241.99,242.83,241.17,242.58,1049297.0,242.03,5748.0
2025-10-14 14:00:00+00:00,242.59,246.38,242.52,245.76,1613371.0,245.07,9747.0
2025-10-14 15:00:00+00:00,245.8,247.97,245.73,247.79,1248250.0,246.702,6989.0
2025-10-14 16:00:00+00:00,247.85,248.03,246.43,247.02,677226.0,247.323,4118.0
2025-10-14 17:00:00+00:00,247.0,247.68,246.63,247.41,499123.0,247.284,3202.0
2025-10-14 18:00:00+00:00,247.42,247.57,246.74,247.02,376424.0,247.227,2391.0
2025-10-14 19:00:00+00:00,247.02,247.15,244.5,246.19,1296882.0,246.105,8996.0
2025-10-15 13:30:00+00:00,248.09,249.16,246.79,248.31,1124371.0,248.124,5832.0
2025-10-15 14:00:00+00:00,248.32,252.76,248.24,251.33,1930839.0,251.005,10062.0
2025-10-15 15:00:00+00:00,251.34,251.34,249.23,249.92,893843.0,250.482,4802.0
2025-10-15 16:00:00+00:00,249.92,250.63,249.1,249.22,501910.0,250.011,2790.0
2025-10-15 17:00:00+00:00,249.27,250.13,247.44,250.03,649487.0,248.72,3545.0
2025-10-15 18:00:00+00:00,250.03,251.45,249.61,251.4,555243.0,250.718,3348.0
2025-10-15 19:00:00+00:00,251.4,251.8,250.42,251.73,1539346.0,251.183,10461.0
2025-10-16 13:30:00+00:00,252.4,257.58,252.3,254.94,2454279.0,255.484,12509.0
2025-10-16 14:00:00+00:00,255.0,256.91,254.35,255.79,1737000.0,255.559,9671.0
2025-10-16 15:00:00+00:00,255.79,256.35,253.52,253.63,1134370.0,255.055,5997.0
2025-10-16 16:00:00+00:00,253.63,254.06,251.51,253.44,896223.0,252.81,5475.0
2025-10-16 17:00:00+00:00,253.44,253.75,251.95,252.63,715464.0,252.935,4209.0
2025-10-16 18:00:00+00:00,252.62,252.84,250.67,252.46,866464.0,251.738,4860.0
2025-10-16 19:00:00+00:00,252.45,252.86,251.53,251.88,1633281.0,252.121,10262.0
2025-10-17 13:30:00+00:00,251.49,251.64,248.59,250.6,1876753.0,250.65,6471.0
2025-10-17 14:00:00+00:00,250.59,252.89,250.31,251.83,1235310.0,251.747,7502.0
2025-10-17 15:00:00+00:00,251.84,252.55,250.34,252.35,891935.0,251.458,5186.0
2025-10-17 16:00:00+00:00,252.36,253.93,252.17,252.46,900154.0,253.244,5119.0
2025-10-17 17:00:00+00:00,252.49,253.85,251.84,253.66,489701.0,252.671,3126.0
2025-10-17 18:00:00+00:00,253.68,254.88,253.11,253.95,893663.0,254.088,5122.0
2025-10-17 19:00:00+00:00,254.0,254.45,253.36,253.8,1437816.0,253.915,8790.0
2025-10-20 13:30:00+00:00,255.04,256.83,254.6,255.57,1398050.0,255.586,7445.0
2025-10-20 14:00:00+00:00,255.58,256.88,255.5,256.71,1007492.0,256.409,5500.0
2025-10-20 15:00:00+00:00,256.77,257.88,255.98,257.58,1069016.0,256.959,5707.0
2025-10-20 16:00:00+00:00,257.61,257.67,256.64,256.88,539906.0,257.08,3057.0
2025-10-20 17:00:00+00:00,256.86,257.1,256.56,256.69,494545.0,256.834,2633.0
2025-10-20 18:00:00+00:00,256.66,257.21,256.38,257.16,503978.0,256.738,2927.0
2025-10-20 19:00:00+00:00,257.16,257.57,256.64,257.08,1266560.0,257.146,8329.0
2025-10-21 13:30:00+00:00,255.25,255.44,252.74,253.19,1485412.0,254.068,8462.0
2025-10-21 14:00:00+00:00,253.19,253.48,251.99,253.14,1577292.0,252.925,9126.0
2025-10-21 15:00:00+00:00,253.16,253.23,244.67,248.9,5332966.0,247.65,29773.0
2025-10-21 16:00:00+00:00,248.9,250.48,248.83,249.91,2632560.0,249.606,14575.0
2025-10-21 17:00:00+00:00,249.93,253.13,248.05,252.67,3576798.0,251.067,21624.0
2025-10-21 18:00:00+00:00,252.69,253.28,252.0,252.18,1110372.0,252.711,6422.0
2025-10-21 19:00:00+00:00,252.19,252.52,251.27,251.32,1355310.0,251.872,8588.0
2025-10-22 13:30:00+00:00,255.01,257.08,254.03,255.24,2132679.0,255.697,11457.0
2025-10-22 14:00:00+00:00,255.27,255.91,252.85,254.85,1834066.0,254.332,10086.0
2025-10-22 15:00:00+00:00,254.83,257.18,253.13,253.48,2311087.0,255.405,12766.0
2025-10-22 16:00:00+00:00,253.55,253.7,250.45,251.77,1455967.0,252.309,7645.0
2025-10-22 17:00:00+00:00,251.82,252.12,250.62,251.39,830095.0,251.321,4457.0
2025-10-22 18:00:00+00:00,251.36,252.44,251.08,252.41,905202.0,251.797,4893.0
2025-10-22 19:00:00+00:00,252.39,252.76,251.68,252.52,1206579.0,252.384,8241.0
2025-10-23 13:30:00+00:00,253.7,255.86,252.76,254.7,1235127.0,254.271,6718.0
2025-10-23 14:00:00+00:00,254.88,255.63,253.9,254.84,996875.0,254.673,5378.0
2025-10-23 15:00:00+00:00,254.85,255.53,254.22,254.75,584295.0,254.935,3369.0
2025-10-23 16:00:00+00:00,254.76,255.58,254.26,255.14,581368.0,255.219,3415.0
2025-10-23 17:00:00+00:00,255.14,255.3,254.41,255.14,387650.0,254.896,2313.0
2025-10-23 18:00:00+00:00,255.15,255.4,254.76,254.91,481455.0,255.145,3111.0
2025-10-23 19:00:00+00:00,254.91,255.01,253.31,253.74,1778958.0,254.056,12446.0
2025-10-24 13:30:00+00:00,257.4,260.93,256.1,260.77,2131472.0,258.796,11835.0
2025-10-24 14:00:00+00:00,260.92,262.51,259.65,260.19,2065858.0,261.234,12738.0
2025-10-24 15:00:00+00:00,260.19,261.63,259.69,261.01,1151797.0,260.835,7582.0
2025-10-24 16:00:00+00:00,261.02,261.99,260.8,261.79,871071.0,261.317,5617.0
2025-10-24 17:00:00+00:00,261.77,262.25,261.57,261.6,876176.0,261.988,5427.0
2025-10-24 18:00:00+00:00,261.62,262.19,261.5,261.6,709398.0,261.891,4679.0
2025-10-24 19:00:00+00:00,261.6,261.76,260.25,260.51,2073228.0,260.836,14755.0
2025-10-27 13:30:00+00:00,265.18,267.34,264.94,265.98,2133375.0,266.022,12882.0
2025-10-27 14:00:00+00:00,266.0,266.75,265.04,266.37,2028391.0,265.796,12078.0
2025-10-27 15:00:00+00:00,266.35,267.72,266.14,267.21,1456069.0,266.994,8382.0
2025-10-27 16:00:00+00:00,267.21,268.09,266.93,267.66,1223148.0,267.53,7203.0
2025-10-27 17:00:00+00:00,267.61,268.92,267.57,268.84,1159507.0,268.347,6836.0
2025-10-27 18:00:00+00:00,268.82,270.26,268.77,269.34,1682062.0,269.498,10602.0
2025-10-27 19:00:00+00:00,269.32,270.8,268.6,269.84,2481840.0,269.566,15990.0
2025-10-28 13:30:00+00:00,270.16,271.38,267.97,268.26,2367803.0,269.769,13657.0
2025-10-28 14:00:00+00:00,268.3,269.02,267.22,267.44,1824701.0,268.042,10838.0
2025-10-28 15:00:00+00:00,267.43,268.47,267.3,267.4,1163352.0,267.911,7118.0
2025-10-28 16:00:00+00:00,267.41,268.42,267.17,268.06,1190236.0,267.671,7414.0
2025-10-28 17:00:00+00:00,268.04,269.06,268.02,268.81,1334569.0,268.744,8526.0
2025-10-28 18:00:00+00:00,268.8,269.03,268.0,268.68,945537.0,268.697,6544.0
2025-10-28 19:00:00+00:00,268.68,268.91,268.0,268.44,2426456.0,268.582,18155.0
2025-10-29 13:30:00+00:00,268.61,270.96,268.43,269.81,1749175.0,269.612,10153.0
2025-10-29 14:00:00+00:00,269.83,271.78,268.85,270.97,1623837.0,270.208,10348.0
2025-10-29 15:00:00+00:00,270.96,273.01,270.64,272.97,1633676.0,271.62,9822.0
2025-10-29 16:00:00+00:00,272.97,273.16,272.25,272.46,1107320.0,272.685,6523.0
2025-10-29 17:00:00+00:00,272.45,274.12,272.31,273.59,1185980.0,273.182,7305.0
2025-10-29 18:00:00+00:00,273.74,274.19,271.88,273.6,1987162.0,273.254,12868.0
2025-10-29 19:00:00+00:00,273.64,275.97,273.05,275.83,3054887.0,274.744,18227.0
2025-10-30 13:30:00+00:00,291.98,291.98,280.45,288.33,8691528.0,285.837,48875.0
2025-10-30 14:00:00+00:00,288.37,290.68,288.15,289.01,5732100.0,289.616,33292.0
2025-10-30 15:00:00+00:00,289.0,290.59,287.08,287.32,3071399.0,288.94,20032.0
2025-10-30 16:00:00+00:00,287.32,288.38,284.59,286.35,2615294.0,286.604,15095.0
2025-10-30 17:00:00+00:00,286.31,286.73,284.59,284.8,1356450.0,285.631,8630.0
2025-10-30 18:00:00+00:00,284.76,284.83,283.3,284.65,1605910.0,283.986,9317.0
2025-10-30 19:00:00+00:00,284.63,284.63,280.92,281.82,3680930.0,282.817,24289.0
2025-10-31 13:30:00+00:00,283.0,286.29,278.56,278.59,3647704.0,282.618,17487.0
2025-10-31 14:00:00+00:00,278.6,281.24,277.52,281.03,2702503.0,279.467,17404.0
2025-10-31 15:00:00+00:00,281.06,282.81,280.28,280.94,1995570.0,281.537,12886.0
2025-10-31 16:00:00+00:00,280.94,281.33,278.81,280.3,1677313.0,280.078,10632.0
2025-10-31 17:00:00+00:00,280.3,282.11,279.76,281.67,1281746.0,280.792,8348.0
2025-10-31 18:00:00+00:00,281.67,282.03,279.29,279.91,1209834.0,280.681,8006.0
2025-10-31 19:00:00+00:00,279.86,282.57,279.85,281.84,2800166.0,281.564,19137.0
2025-11-03 14:30:00+00:00,282.44,283.0,280.37,281.43,3093372.0,282.074,15033.0
2025-11-03 15:00:00+00:00,281.38,283.88,280.43,282.29,2167840.0,282.413,13289.0
2025-11-03 16:00:00+00:00,282.31,284.11,281.81,283.8,1070359.0,283.169,6610.0
2025-11-03 17:00:00+00:00,283.81,283.92,282.34,283.37,778385.0,283.164,4887.0
2025-11-03 18:00:00+00:00,283.38,283.67,282.56,283.58,674273.0,283.025,4349.0
2025-11-03 19:00:00+00:00,283.55,284.91,282.84,284.56,941552.0,283.748,6014.0
2025-11-03 20:00:00+00:00,284.58,285.94,283.65,284.25,1655367.0,284.652,10452.0
2025-11-04 14:30:00+00:00,277.06,280.88,276.87,280.63,2107410.0,278.818,10926.0
2025-11-04 15:00:00+00:00,280.6,281.84,279.14,279.29,1388763.0,280.583,8131.0
2025-11-04 16:00:00+00:00,279.29,280.08,278.65,279.2,1018395.0,279.429,5840.0
2025-11-04 17:00:00+00:00,279.21,279.28,277.35,277.89,857518.0,278.12,5004.0
2025-11-04 18:00:00+00:00,277.88,279.17,277.27,278.71,665163.0,278.101,4255.0
2025-11-04 19:00:00+00:00,278.69,278.94,277.34,278.2,685640.0,278.274,4390.0
2025-11-04 20:00:00+00:00,278.22,278.37,276.86,278.06,1645358.0,277.816,11021.0
2025-11-05 14:30:00+00:00,279.45,284.0,277.88,284.0,1877798.0,280.536,9654.0
2025-11-05 15:00:00+00:00,283.92,285.42,283.02,283.77,1894735.0,284.167,11268.0
2025-11-05 16:00:00+00:00,283.76,285.31,282.66,284.49,1120968.0,284.219,7499.0
2025-11-05 17:00:00+00:00,284.54,285.1,283.11,283.33,726520.0,283.792,4924.0
2025-11-05 18:00:00+00:00,283.33,284.57,283.2,283.97,624668.0,283.727,4250.0
2025-11-05 19:00:00+00:00,283.98,286.7,283.43,283.62,1576508.0,284.562,10621.0
2025-11-05 20:00:00+00:00,283.62,285.4,283.62,284.78,1563635.0,284.746,11131.0
2025-11-06 14:30:00+00:00,285.74,288.81,285.16,285.51,2639080.0,286.852,14599.0
2025-11-06 15:00:00+00:00,285.54,285.9,281.62,281.96,2522482.0,284.312,14042.0
2025-11-06 16:00:00+00:00,281.93,284.81,281.9,284.08,1497862.0,283.907,8840.0
2025-11-06 17:00:00+00:00,284.13,286.89,284.11,286.84,1151749.0,285.315,6568.0
2025-11-06 18:00:00+00:00,286.82,286.93,285.12,285.93,833598.0,285.851,5489.0
2025-11-06 19:00:00+00:00,285.93,287.8,285.83,286.05,1023943.0,287.075,6427.0
2025-11-06 20:00:00+00:00,286.08,286.44,284.7,285.37,1863381.0,285.643,13548.0
2025-11-07 14:30:00+00:00,283.97,284.5,278.72,279.5,2488134.0,281.024,12699.0
2025-11-07 15:00:00+00:00,279.47,280.08,276.39,276.65,2571040.0,278.164,15324.0
2025-11-07 16:00:00+00:00,276.63,277.94,276.11,276.44,1654024.0,277.182,8849.0
2025-11-07 17:00:00+00:00,276.44,278.3,275.74,277.93,1216432.0,277.268,6884.0
2025-11-07 18:00:00+00:00,277.98,278.38,277.04,277.57,754316.0,277.801,4647.0
2025-11-07 19:00:00+00:00,277.59,280.09,277.44,280.03,1020789.0,278.719,5529.0
2025-11-07 20:00:00+00:00,280.03,280.03,278.59,279.72,1691308.0,279.399,11456.0
2025-11-10 14:30:00+00:00,285.26,290.43,283.54,289.95,2799317.0,286.888,13830.0
2025-11-10 15:00:00+00:00,289.92,290.21,286.94,287.06,1798345.0,288.706,9870.0
2025-11-10 16:00:00+00:00,287.02,287.75,286.19,286.74,969564.0,286.95,6012.0
2025-11-10 17:00:00+00:00,286.7,289.15,286.54,288.91,727950.0,287.789,4099.0
2025-11-10 18:00:00+00:00,288.93,290.31,288.75,289.89,944893.0,289.73,4340.0
2025-11-10 19:00:00+00:00,289.91,291.43,289.84,290.85,964531.0,290.881,5109.0
2025-11-10 20:00:00+00:00,290.81,291.46,290.42,290.59,1985047.0,290.809,13909.0
2025-11-11 14:30:00+00:00,288.3,291.54,287.88,291.5,1564443.0,289.559,7400.0
2025-11-11 15:00:00+00:00,291.5,291.7,288.79,289.41,1395805.0,289.993,8356.0
2025-11-11 16:00:00+00:00,289.42,290.36,288.77,289.3,727147.0,289.459,4729.0
2025-11-11 17:00:00+00:00,289.28,290.6,289.26,289.81,619824.0,289.892,4165.0
2025-11-11 18:00:00+00:00,289.82,290.66,289.27,290.58,847306.0,289.766,5563.0
2025-11-11 19:00:00+00:00,290.54,291.69,290.45,291.07,820425.0,290.886,5320.0
2025-11-11 20:00:00+00:00,291.1,292.34,290.74,291.71,1861365.0,291.507,13622.0
2025-11-12 14:30:00+00:00,292.09,292.36,286.2,286.84,2275221.0,289.044,12459.0
2025-11-12 15:00:00+00:00,286.86,288.06,285.95,286.19,1642445.0,287.069,9955.0
2025-11-12 16:00:00+00:00,286.18,286.23,284.38,285.06,1620125.0,285.272,8822.0
2025-11-12 17:00:00+00:00,285.09,287.4,284.77,287.14,873214.0,286.213,5283.0
2025-11-12 18:00:00+00:00,287.16,287.32,286.28,286.92,774389.0,286.875,4468.0
2025-11-12 19:00:00+00:00,286.95,287.13,286.3,286.7,697877.0,286.818,4312.0
2025-11-12 20:00:00+00:00,286.69,287.91,286.44,287.41,1374079.0,287.236,9685.0
2025-11-13 14:30:00+00:00,282.91,283.54,278.0,279.75,2121738.0,280.774,11281.0
2025-11-13 15:00:00+00:00,279.73,281.7,278.37,280.16,1422602.0,279.874,8110.0
2025-11-13 16:00:00+00:00,280.11,281.52,279.66,280.92,997493.0,280.499,6888.0
2025-11-13 17:00:00+00:00,280.87,281.54,279.12,279.24,664925.0,280.564,4130.0
2025-11-13 18:00:00+00:00,279.27,279.84,278.05,278.84,796985.0,278.901,4963.0
2025-11-13 19:00:00+00:00,278.82,280.51,278.5,279.55,777922.0,279.529,5004.0
2025-11-13 20:00:00+00:00,279.54,280.57,278.01,279.13,2096821.0,279.3,15060.0
2025-11-14 14:30:00+00:00,271.9,277.09,271.41,276.74,2331170.0,274.086,12104.0
2025-11-14 15:00:00+00:00,276.75,279.07,275.34,277.9,1566271.0,277.219,9718.0
2025-11-14 16:00:00+00:00,277.93,279.15,276.98,278.49,1223508.0,278.342,7364.0
2025-11-14 17:00:00+00:00,278.44,278.95,277.56,277.97,737666.0,278.355,4306.0
2025-11-14 18:00:00+00:00,277.86,278.33,276.83,277.68,634045.0,277.468,4464.0
2025-11-14 19:00:00+00:00,277.71,278.48,277.39,278.09,597971.0,278.028,3765.0
2025-11-14 20:00:00+00:00,278.08,278.6,276.29,277.03,1170663.0,277.056,8598.0
2025-11-17 14:30:00+00:00,286.39,294.52,285.66,293.24,6285386.0,291.021,32086.0
2025-11-17 15:00:00+00:00,293.22,293.65,289.1,290.45,3892472.0,290.755,22542.0
2025-11-17 16:00:00+00:00,290.4,290.63,287.43,290.1,2252627.0,289.029,12756.0
2025-11-17 17:00:00+00:00,290.11,290.25,286.04,286.51,1686003.0,288.401,9458.0
2025-11-17 18:00:00+00:00,286.48,287.42,285.03,285.23,1456029.0,286.286,7736.0
2025-11-17 19:00:00+00:00,285.18,285.77,284.35,284.38,1495132.0,285.129,8110.0
2025-11-17 20:00:00+00:00,284.38,286.22,284.23,285.65,2299791.0,285.329,13828.0
2025-11-18 14:30:00+00:00,288.53,288.91,280.75,280.95,3108183.0,285.398,16921.0
2025-11-18 15:00:00+00:00,281.05,283.72,280.07,280.2,2314687.0,281.474,14290.0
2025-11-18 16:00:00+00:00,280.22,287.96,279.01,285.64,3183000.0,284.61,17802.0
2025-11-18 17:00:00+00:00,285.62,287.36,284.16,286.79,1407020.0,285.565,8449.0
2025-11-18 18:00:00+00:00,286.85,289.44,286.51,287.88,1782385.0,288.103,10590.0
2025-11-18 19:00:00+00:00,287.91,289.32,287.84,288.62,1265483.0,288.505,8585.0
2025-11-18 20:00:00+00:00,288.6,289.02,284.78,284.97,2497763.0,286.431,16742.0
2025-11-19 14:30:00+00:00,287.69,302.43,287.67,301.04,7010675.0,297.086,35733.0
2025-11-19 15:00:00+00:00,301.08,304.25,299.07,299.35,5971844.0,301.99,32322.0
2025-11-19 16:00:00+00:00,299.32,299.72,295.07,296.36,3403184.0,296.957,18568.0
2025-11-19 17:00:00+00:00,296.34,296.69,292.8,294.97,2920362.0,294.388,14552.0
2025-11-19 18:00:00+00:00,294.93,295.19,293.06,294.54,1562019.0,294.221,8278.0
2025-11-19 19:00:00+00:00,294.6,294.94,293.4,294.5,1647380.0,294.193,8861.0
2025-11-19 20:00:00+00:00,294.44,296.58,292.97,293.0,4070452.0,294.31,22760.0
2025-11-20 14:30:00+00:00,304.65,305.54,300.19,303.68,4317516.0,302.815,19876.0
2025-11-20 15:00:00+00:00,303.69,306.89,302.9,304.54,3433455.0,304.992,18627.0
2025-11-20 16:00:00+00:00,304.6,304.6,294.44,295.07,3548482.0,300.18,17908.0
2025-11-20 17:00:00+00:00,295.08,297.09,291.6,294.37,3084753.0,294.483,16527.0
2025-11-20 18:00:00+00:00,294.38,296.8,292.03,292.67,2163498.0,294.662,12014.0
2025-11-20 19:00:00+00:00,292.62,293.55,290.92,293.38,1745135.0,292.209,9911.0
2025-11-20 20:00:00+00:00,293.34,293.36,289.17,290.08,2663197.0,290.874,16006.0
2025-11-21 14:30:00+00:00,297.18,301.93,296.83,299.49,6099796.0,299.036,27997.0
2025-11-21 15:00:00+00:00,299.68,300.94,294.36,299.34,4514571.0,297.487,25127.0
2025-11-21 16:00:00+00:00,299.27,301.85,297.05,299.05,3121845.0,299.612,18105.0
2025-11-21 17:00:00+00:00,299.06,299.2,295.64,297.05,1841474.0,297.074,10722.0
2025-11-21 18:00:00+00:00,297.08,301.01,295.83,300.69,2003071.0,298.727,10777.0
2025-11-21 19:00:00+00:00,300.71,303.96,300.6,301.78,3467086.0,302.488,19686.0
2025-11-21 20:00:00+00:00,301.73,301.96,298.81,299.68,3965629.0,300.206,27158.0
2025-11-24 14:30:00+00:00,311.01,317.48,309.4,316.03,6482999.0,314.42,31401.0
2025-11-24 15:00:00+00:00,316.03,318.55,314.35,314.79,5657258.0,316.55,31498.0
2025-11-24 16:00:00+00:00,314.85,316.0,311.89,312.15,3038241.0,314.075,15143.0
2025-11-24 17:00:00+00:00,312.18,317.21,312.17,316.86,2687124.0,314.805,14106.0
2025-11-24 18:00:00+00:00,316.9,318.15,315.54,316.72,2720256.0,317.299,15604.0
2025-11-24 19:00:00+00:00,316.77,318.99,316.69,318.16,2275919.0,317.989,12489.0
2025-11-24 20:00:00+00:00,318.21,319.8,317.63,318.47,3731268.0,318.592,24524.0
2025-11-25 14:30:00+00:00,326.8,327.54,319.8,326.05,7893853.0,324.176,40430.0
2025-11-25 15:00:00+00:00,325.96,328.67,320.25,321.31,6722022.0,324.996,37217.0
2025-11-25 16:00:00+00:00,321.29,321.85,317.81,320.35,4433702.0,319.978,23185.0
2025-11-25 17:00:00+00:00,320.38,323.03,319.73,322.21,2554341.0,321.328,13288.0
2025-11-25 18:00:00+00:00,322.24,324.57,321.7,323.1,2203526.0,323.129,12591.0
2025-11-25 19:00:00+00:00,323.09,323.76,321.83,323.28,1806127.0,322.86,11208.0
2025-11-25 20:00:00+00:00,323.33,324.47,320.92,323.65,2374388.0,322.762,14660.0
2025-11-26 14:30:00+00:00,320.78,324.99,319.8,321.18,4148048.0,321.804,21168.0
2025-11-26 15:00:00+00:00,321.2,321.2,317.2,318.27,4138775.0,318.846,24396.0
2025-11-26 16:00:00+00:00,318.28,320.46,318.24,319.56,2278473.0,319.601,13151.0
2025-11-26 17:00:00+00:00,319.57,319.76,318.27,318.55,1666176.0,318.896,9516.0
2025-11-26 18:00:00+00:00,318.57,319.79,318.48,319.12,1220000.0,319.165,6830.0
2025-11-26 19:00:00+00:00,319.11,319.63,318.68,319.35,1061695.0,319.188,6106.0
2025-11-26 20:00:00+00:00,319.38,320.8,318.82,320.23,2384732.0,319.998,13819.0
2025-11-28 14:30:00+00:00,323.43,326.88,318.64,318.67,4032075.0,323.408,20203.0
2025-11-28 15:00:00+00:00,318.68,319.5,317.4,318.92,3398683.0,318.423,17611.0
2025-11-28 16:00:00+00:00,318.97,319.16,316.94,318.34,1810894.0,318.048,9914.0
2025-11-28 17:00:00+00:00,318.34,320.3,317.94,320.13,2822140.0,319.553,16946.0
2025-12-01 14:30:00+00:00,317.48,319.63,314.41,316.89,3566393.0,316.959,18562.0
2025-12-01 15:00:00+00:00,316.95,318.63,315.87,318.36,1938920.0,317.322,10934.0
2025-12-01 16:00:00+00:00,318.42,318.48,315.45,317.41,1344801.0,317.099,7236.0
2025-12-01 17:00:00+00:00,317.44,318.48,317.3,317.68,1064215.0,317.89,5882.0
2025-12-01 18:00:00+00:00,317.7,317.99,317.22,317.82,765679.0,317.581,4536.0
2025-12-01 19:00:00+00:00,317.82,317.86,315.51,316.2,1392477.0,316.301,8183.0
2025-12-01 20:00:00+00:00,316.17,316.84,313.98,315.23,2823139.0,315.342,18364.0
2025-12-02 14:30:00+00:00,316.9,318.6,314.7,316.53,2366388.0,316.894,11731.0
2025-12-02 15:00:00+00:00,316.57,318.48,315.52,317.76,2019115.0,317.138,11566.0
2025-12-02 16:00:00+00:00,317.8,317.9,314.22,314.99,1594893.0,315.501,7950.0
2025-12-02 17:00:00+00:00,314.98,316.22,314.57,314.57,909510.0,315.428,4303.0
2025-12-02 18:00:00+00:00,314.52,316.88,314.45,316.88,809866.0,316.075,3869.0
2025-12-02 19:00:00+00:00,316.89,317.27,316.07,316.68,743448.0,316.781,4209.0
2025-12-02 20:00:00+00:00,316.66,316.87,315.25,316.07,1244768.0,315.943,8054.0
2025-12-03 14:30:00+00:00,316.03,319.16,314.28,316.13,2286950.0,316.258,11986.0
2025-12-03 15:00:00+00:00,316.06,320.2,315.94,319.5,2579561.0,318.454,14435.0
2025-12-03 16:00:00+00:00,319.46,320.7,318.51,320.63,2183691.0,319.913,12811.0
2025-12-03 17:00:00+00:00,320.62,321.33,320.2,320.95,1335875.0,320.763,7280.0
2025-12-03 18:00:00+00:00,320.96,322.0,320.38,321.61,1048196.0,321.484,6283.0
2025-12-03 19:00:00+00:00,321.59,322.04,320.39,321.47,980064.0,321.243,5789.0
2025-12-03 20:00:00+00:00,321.48,321.81,320.42,320.54,2717755.0,320.969,18668.0
2025-12-04 14:30:00+00:00,322.91,323.1,315.59,316.95,2637218.0,318.193,13902.0
2025-12-04 15:00:00+00:00,316.93,318.19,316.0,317.13,2089285.0,317.262,11817.0
2025-12-04 16:00:00+00:00,317.09,317.68,315.94,317.44,1156850.0,316.876,6205.0
2025-12-04 17:00:00+00:00,317.41,318.39,316.48,318.37,749799.0,317.386,4426.0
2025-12-04 18:00:00+00:00,318.39,318.66,317.4,317.75,762948.0,317.978,3832.0
2025-12-04 19:00:00+00:00,317.76,318.26,316.73,317.81,726546.0,317.642,4071.0
2025-12-04 20:00:00+00:00,317.83,318.44,317.5,318.39,1400566.0,317.969,9338.0
2025-12-05 14:30:00+00:00,320.0,323.83,320.0,322.91,2100463.0,322.227,11037.0
2025-12-05 15:00:00+00:00,322.96,323.18,320.42,320.44,1548347.0,322.18,8735.0
2025-12-05 16:00:00+00:00,320.42,322.99,319.98,322.54,1190453.0,320.991,6055.0
2025-12-05 17:00:00+00:00,322.5,322.71,320.92,321.46,727183.0,321.805,3623.0
2025-12-05 18:00:00+00:00,321.48,321.74,320.81,320.96,586650.0,321.304,3134.0
2025-12-05 19:00:00+00:00,320.96,321.63,320.85,321.31,504111.0,321.147,3119.0
2025-12-05 20:00:00+00:00,321.32,322.31,320.84,322.06,1569441.0,321.53,10247.0
2025-12-08 14:30:00+00:00,320.96,321.23,317.66,318.82,2314177.0,319.284,10554.0
2025-12-08 15:00:00+00:00,318.8,320.48,316.01,316.78,1902631.0,318.016,9524.0
2025-12-08 16:00:00+00:00,316.75,317.03,315.09,315.21,1907951.0,315.898,9134.0
2025-12-08 17:00:00+00:00,315.19,315.5,311.91,313.23,1824217.0,313.697,10166.0
2025-12-08 18:00:00+00:00,313.16,314.29,312.19,313.79,1125059.0,313.179,5503.0
2025-12-08 19:00:00+00:00,313.75,314.08,313.06,313.36,876765.0,313.486,4317.0
2025-12-08 20:00:00+00:00,313.38,314.58,312.64,314.28,1707888.0,313.361,10343.0
2025-12-09 14:30:00+00:00,313.1,314.58,312.62,313.2,1360714.0,313.388,5345.0
2025-12-09 15:00:00+00:00,313.21,315.07,313.0,314.88,871086.0,313.896,5199.0
2025-12-09 16:00:00+00:00,314.9,315.77,314.46,315.56,904287.0,314.941,5085.0
2025-12-09 17:00:00+00:00,315.61,318.31,315.44,318.28,1249055.0,317.128,5839.0
2025-12-09 18:00:00+00:00,318.28,318.71,317.83,318.21,736354.0,318.383,4229.0
2025-12-09 19:00:00+00:00,318.26,318.45,317.58,318.14,566787.0,318.02,3110.0
2025-12-09 20:00:00+00:00,318.13,318.48,316.0,317.78,1171414.0,317.738,7591.0
2025-12-10 14:30:00+00:00,316.63,318.85,315.4,317.85,1433385.0,317.353,7244.0
2025-12-10 15:00:00+00:00,317.87,319.52,317.34,317.82,1110920.0,318.481,6183.0
2025-12-10 16:00:00+00:00,317.84,318.86,317.36,318.09,850877.0,318.125,4463.0
2025-12-10 17:00:00+00:00,318.07,318.13,316.97,317.92,632703.0,317.616,3328.0
2025-12-10 18:00:00+00:00,317.93,318.03,316.45,316.89,672937.0,317.29,3873.0
2025-12-10 19:00:00+00:00,316.92,320.67,316.74,320.37,1613180.0,319.107,9575.0
2025-12-10 20:00:00+00:00,320.38,321.87,320.03,320.85,2237534.0,320.961,15516.0
2025-12-11 14:30:00+00:00,321.1,321.99,314.52,314.84,2113138.0,317.889,11322.0
2025-12-11 15:00:00+00:00,314.97,317.89,314.52,316.84,1759962.0,316.411,9396.0
2025-12-11 16:00:00+00:00,316.74,317.16,314.65,315.1,1221230.0,315.934,7337.0
2025-12-11 17:00:00+00:00,315.06,316.55,314.78,315.56,815688.0,315.833,4728.0
2025-12-11 18:00:00+00:00,315.55,316.44,309.91,312.97,3230217.0,313.036,19024.0
2025-12-11 19:00:00+00:00,313.0,314.56,312.93,313.81,1240108.0,313.865,7218.0
2025-12-11 20:00:00+00:00,313.82,314.11,312.84,313.71,2026735.0,313.466,13855.0
2025-12-12 14:30:00+00:00,314.8,316.14,312.24,313.41,1876730.0,314.262,10595.0
2025-12-12 15:00:00+00:00,313.46,313.58,308.33,308.55,1899360.0,310.818,10097.0
2025-12-12 16:00:00+00:00,308.59,309.26,306.96,309.26,1826464.0,308.166,9819.0
2025-12-12 17:00:00+00:00,309.11,311.39,309.02,311.03,1184862.0,310.3,6603.0
2025-12-12 18:00:00+00:00,311.05,311.9,310.62,310.65,779939.0,311.346,5299.0
2025-12-12 19:00:00+00:00,310.68,311.42,310.37,311.13,513727.0,310.876,3499.0
2025-12-12 20:00:00+00:00,311.1,311.39,309.45,310.51,1568324.0,310.448,10191.0
2025-12-15 14:30:00+00:00,312.64,312.71,308.23,308.72,2263050.0,310.16,11833.0
2025-12-15 15:00:00+00:00,308.69,309.77,307.21,308.89,1750881.0,308.482,10125.0
2025-12-15 16:00:00+00:00,308.9,309.3,307.29,307.6,1063030.0,308.385,5806.0
2025-12-15 17:00:00+00:00,307.56,307.71,305.74,306.96,1333251.0,306.801,7828.0
2025-12-15 18:00:00+00:00,306.96,308.94,306.73,308.73,716400.0,307.832,4358.0
2025-12-15 19:00:00+00:00,308.71,309.37,308.15,308.85,769055.0,308.727,4640.0
2025-12-15 20:00:00+00:00,308.82,309.56,308.29,309.34,1493999.0,309.078,9423.0
2025-12-16 14:30:00+00:00,306.0,311.1,304.1,310.93,1640307.0,307.474,8975.0
2025-12-16 15:00:00+00:00,310.98,311.85,307.62,308.41,1738884.0,309.509,10111.0
2025-12-16 16:00:00+00:00,308.44,308.83,305.66,306.89,1264187.0,306.785,7161.0
2025-12-16 17:00:00+00:00,306.89,307.18,304.39,304.43,1478376.0,305.988,6290.0
2025-12-16 18:00:00+00:00,304.43,306.33,303.83,306.1,1313035.0,304.988,7182.0
2025-12-16 19:00:00+00:00,306.09,306.46,305.39,306.38,898030.0,305.987,5678.0
2025-12-16 20:00:00+00:00,306.39,308.22,306.29,307.58,1955056.0,307.375,12815.0
2025-12-17 14:30:00+00:00,309.14,309.2,300.26,302.09,2587263.0,303.182,13960.0
2025-12-17 15:00:00+00:00,302.13,302.99,297.88,299.01,3016319.0,300.275,17031.0
2025-12-17 16:00:00+00:00,299.0,301.25,298.67,300.68,1854757.0,300.062,9526.0
2025-12-17 17:00:00+00:00,300.71,301.67,299.5,300.36,1219460.0,300.66,7114.0
2025-12-17 18:00:00+00:00,300.39,300.88,299.19,299.54,882220.0,300.141,5583.0
2025-12-17 19:00:00+00:00,299.54,299.64,297.89,298.03,1209489.0,298.656,7901.0
2025-12-17 20:00:00+00:00,298.03,298.94,297.45,298.05,2318032.0,298.105,15169.0
2025-12-18 14:30:00+00:00,303.08,303.83,300.63,301.89,2101514.0,302.404,10557.0
2025-12-18 15:00:00+00:00,301.9,304.1,301.02,303.76,1989928.0,302.816,12381.0
2025-12-18 16:00:00+00:00,303.76,304.63,303.35,304.34,1246836.0,303.986,5851.0
2025-12-18 17:00:00+00:00,304.28,304.94,302.56,304.28,1111430.0,303.672,6789.0
2025-12-18 18:00:00+00:00,304.29,305.26,303.94,304.17,631062.0,304.717,3800.0
2025-12-18 19:00:00+00:00,304.13,304.37,302.92,303.0,731134.0,303.441,3768.0
2025-12-18 20:00:00+00:00,303.0,304.44,302.81,303.7,1345780.0,303.823,9285.0
2025-12-19 14:30:00+00:00,303.23,305.75,302.34,304.4,4682728.0,303.912,7917.0
2025-12-19 15:00:00+00:00,304.44,307.62,304.37,306.26,1576216.0,306.366,9037.0
2025-12-19 16:00:00+00:00,306.26,307.4,306.02,306.31,793923.0,306.806,4656.0
2025-12-19 17:00:00+00:00,306.22,307.12,306.05,306.18,875481.0,306.468,5571.0
2025-12-19 18:00:00+00:00,306.1,306.27,305.25,305.89,1004029.0,305.764,6491.0
2025-12-19 19:00:00+00:00,305.87,306.05,305.2,305.74,878269.0,305.635,5601.0
2025-12-19 20:00:00+00:00,305.72,308.99,305.14,308.65,3301433.0,307.314,23005.0
2025-12-22 14:30:00+00:00,311.23,311.39,306.59,308.69,2175788.0,308.809,10777.0
2025-12-22 15:00:00+00:00,308.66,309.25,307.88,308.53,969698.0,308.569,5838.0
2025-12-22 16:00:00+00:00,308.57,310.95,308.38,310.9,914278.0,309.953,4992.0
2025-12-22 17:00:00+00:00,310.93,311.09,310.2,310.6,808071.0,310.774,4819.0
2025-12-22 18:00:00+00:00,310.6,310.92,310.05,310.43,478841.0,310.421,2649.0
2025-12-22 19:00:00+00:00,310.45,310.85,309.92,310.81,416649.0,310.412,2610.0
2025-12-22 20:00:00+00:00,310.84,311.7,310.81,311.34,1256339.0,311.301,8258.0
2025-12-23 14:30:00+00:00,311.15,316.18,310.75,314.91,1658956.0,313.693,8274.0
2025-12-23 15:00:00+00:00,314.86,315.28,312.82,314.98,1148991.0,314.179,5905.0
2025-12-23 16:00:00+00:00,315.03,316.22,314.64,315.24,1343258.0,315.387,7676.0
2025-12-23 17:00:00+00:00,315.2,315.87,314.86,314.92,654975.0,315.395,4043.0
2025-12-23 18:00:00+00:00,314.89,315.96,314.84,315.74,631309.0,315.32,3313.0
2025-12-23 19:00:00+00:00,315.75,316.3,315.42,315.57,558557.0,315.785,2875.0
2025-12-23 20:00:00+00:00,315.56,316.26,315.4,315.71,1036005.0,315.817,7200.0
2025-12-24 14:30:00+00:00,316.08,316.29,313.32,314.73,1183207.0,314.487,6319.0
2025-12-24 15:00:00+00:00,314.78,315.02,313.84,314.52,787411.0,314.432,3507.0
2025-12-24 16:00:00+00:00,314.49,315.29,314.2,315.24,524925.0,314.877,3047.0
2025-12-24 17:00:00+00:00,315.25,315.69,314.61,315.68,841966.0,315.134,4849.0
2025-12-26 14:30:00+00:00,315.92,316.56,314.39,314.78,890129.0,315.593,4445.0
2025-12-26 15:00:00+00:00,314.82,315.07,313.72,315.01,825073.0,314.376,4086.0
2025-12-26 16:00:00+00:00,315.04,315.31,314.36,315.2,362838.0,315.022,2165.0
2025-12-26 17:00:00+00:00,315.22,315.29,314.59,314.96,305106.0,314.911,1740.0
2025-12-26 18:00:00+00:00,314.97,315.43,314.72,315.35,341768.0,315.142,1882.0
2025-12-26 19:00:00+00:00,315.35,315.41,314.73,315.29,306447.0,315.028,1769.0
2025-12-26 20:00:00+00:00,315.28,315.28,314.71,314.96,669790.0,314.952,4606.0
2025-12-29 14:30:00+00:00,312.82,314.17,311.97,313.25,1343945.0,313.19,7523.0
2025-12-29 15:00:00+00:00,313.29,314.47,311.9,313.66,1134860.0,313.348,6967.0
2025-12-29 16:00:00+00:00,313.67,313.93,312.35,312.89,685831.0,312.976,4242.0
2025-12-29 17:00:00+00:00,312.88,313.73,312.52,313.56,442178.0,313.104,2535.0
2025-12-29 18:00:00+00:00,313.55,314.25,313.27,314.22,449280.0,313.654,2867.0
2025-12-29 19:00:00+00:00,314.2,314.81,313.76,314.69,463290.0,314.183,2844.0
2025-12-29 20:00:00+00:00,314.66,314.97,314.13,314.38,1089491.0,314.457,7542.0
2025-12-30 14:30:00+00:00,313.56,317.7,313.25,315.73,1294632.0,315.124,6337.0
2025-12-30 15:00:00+00:00,315.73,315.96,313.8,314.97,737847.0,314.717,4117.0
2025-12-30 16:00:00+00:00,314.93,315.82,314.72,314.76,585773.0,315.348,3171.0
2025-12-30 17:00:00+00:00,314.74,315.07,314.34,314.54,462973.0,314.726,2350.0
2025-12-30 18:00:00+00:00,314.53,314.85,314.21,314.75,440213.0,314.542,2461.0
2025-12-30 19:00:00+00:00,314.72,315.01,314.5,314.69,425942.0,314.828,2539.0
2025-12-30 20:00:00+00:00,314.67,315.34,314.49,314.55,1061594.0,314.837,7254.0
2025-12-31 14:30:00+00:00,313.46,315.39,312.2,314.39,1162417.0,313.857,5660.0
2025-12-31 15:00:00+00:00,314.37,315.09,314.06,314.22,534581.0,314.662,3096.0
2025-12-31 16:00:00+00:00,314.22,314.92,313.96,314.51,516763.0,314.351,3139.0
2025-12-31 17:00:00+00:00,314.53,314.53,313.97,314.23,426714.0,314.271,2014.0
2025-12-31 18:00:00+00:00,314.23,315.15,313.91,315.0,517902.0,314.662,2835.0
2025-12-31 19:00:00+00:00,315.01,315.37,314.26,314.42,344600.0,314.868,1939.0
2025-12-31 20:00:00+00:00,314.45,314.46,313.3,313.79,1149023.0,313.896,7968.0
2026-01-02 14:30:00+00:00,317.62,322.92,317.54,320.29,2941281.0,320.394,15366.0
2026-01-02 15:00:00+00:00,320.28,321.2,313.08,313.36,2956851.0,316.735,16996.0
2026-01-02 16:00:00+00:00,313.39,313.41,310.65,311.96,1556068.0,311.795,9216.0
2026-01-02 17:00:00+00:00,311.93,314.19,311.62,313.79,922929.0,313.294,5519.0
2026-01-02 18:00:00+00:00,313.83,315.22,313.69,314.05,840303.0,314.374,5169.0
2026-01-02 19:00:00+00:00,314.07,315.99,313.86,314.73,932886.0,314.928,5567.0
2026-01-02 20:00:00+00:00,314.7,315.55,314.54,315.32,1549724.0,315.088,10746.0
2026-01-05 14:30:00+00:00,317.63,319.25,315.65,317.13,2140578.0,317.225,11790.0
2026-01-05 15:00:00+00:00,317.18,318.84,316.29,317.28,1576285.0,317.745,10126.0
2026-01-05 16:00:00+00:00,317.27,317.95,315.52,315.91,1352333.0,316.996,8177.0
2026-01-05 17:00:00+00:00,315.95,316.84,315.24,316.78,829517.0,315.983,4689.0
2026-01-05 18:00:00+00:00,316.77,317.86,316.76,317.17,802815.0,317.27,4851.0
2026-01-05 19:00:00+00:00,317.17,317.38,316.02,316.57,753201.0,316.761,4942.0
2026-01-05 20:00:00+00:00,316.58,317.42,316.1,317.39,1225037.0,316.896,8154.0
2026-01-06 14:30:00+00:00,317.31,321.56,317.17,318.51,1750520.0,319.313,9609.0
2026-01-06 15:00:00+00:00,318.55,318.71,314.15,314.57,1736480.0,315.868,10053.0
2026-01-06 16:00:00+00:00,314.53,314.68,312.34,312.71,1147221.0,313.263,6540.0
2026-01-06 17:00:00+00:00,312.71,314.47,312.51,313.94,776048.0,313.822,4349.0
2026-01-06 18:00:00+00:00,313.96,315.09,313.29,315.03,718452.0,314.142,4253.0
2026-01-06 19:00:00+00:00,315.07,315.22,313.65,313.81,556042.0,314.355,3185.0
2026-01-06 20:00:00+00:00,313.83,314.7,313.27,314.6,1865377.0,314.061,11477.0
2026-01-07 14:30:00+00:00,314.62,322.56,314.5,320.12,2754336.0,319.443,14463.0
2026-01-07 15:00:00+00:00,320.14,321.26,318.83,320.42,1680119.0,320.149,9200.0
2026-01-07 16:00:00+00:00,320.44,320.7,319.22,320.66,877357.0,320.116,5496.0
2026-01-07 17:00:00+00:00,320.67,322.34,320.38,321.58,1003449.0,321.539,5439.0
2026-01-07 18:00:00+00:00,321.58,326.47,321.15,324.77,2488861.0,324.239,13529.0
2026-01-07 19:00:00+00:00,324.78,325.2,321.72,322.81,1975289.0,323.009,9198.0
2026-01-07 20:00:00+00:00,322.83,323.6,321.35,322.44,1650843.0,322.297,10054.0
2026-01-08 14:30:00+00:00,329.33,330.54,322.47,322.6,3139982.0,325.791,15780.0
2026-01-08 15:00:00+00:00,322.61,328.41,321.99,328.41,2319593.0,325.702,11906.0
2026-01-08 16:00:00+00:00,328.42,329.19,325.01,327.85,1497681.0,327.247,8164.0
2026-01-08 17:00:00+00:00,327.85,328.21,327.12,327.33,817433.0,327.646,4845.0
2026-01-08 18:00:00+00:00,327.32,327.32,326.01,326.19,577024.0,326.655,3431.0
2026-01-08 19:00:00+00:00,326.19,326.52,324.69,325.29,821703.0,325.622,4891.0
2026-01-08 20:00:00+00:00,325.32,326.3,324.79,325.98,1545794.0,325.801,10077.0
2026-01-09 14:30:00+00:00,327.58,331.21,326.25,329.91,2387452.0,328.801,11590.0
2026-01-09 15:00:00+00:00,329.85,330.77,327.84,329.45,2131957.0,329.706,11635.0
2026-01-09 16:00:00+00:00,329.45,331.48,329.36,330.94,1181373.0,330.516,6740.0
2026-01-09 17:00:00+00:00,330.9,330.94,329.33,329.63,746980.0,330.289,4352.0
2026-01-09 18:00:00+00:00,329.63,330.68,329.1,330.67,660102.0,329.856,3370.0
2026-01-09 19:00:00+00:00,330.66,331.19,330.05,330.14,739622.0,330.716,4142.0
2026-01-09 20:00:00+00:00,330.14,330.79,329.12,329.15,1211833.0,329.999,7236.0
2026-01-12 14:30:00+00:00,326.31,329.87,325.51,327.06,1493173.0,327.592,7496.0
2026-01-12 15:00:00+00:00,327.08,334.44,325.75,328.61,3554785.0,329.736,19495.0
2026-01-12 16:00:00+00:00,328.56,330.96,328.28,330.19,1335493.0,329.885,6735.0
2026-01-12 17:00:00+00:00,330.2,330.88,329.82,330.41,699659.0,330.347,3476.0
2026-01-12 18:00:00+00:00,330.4,331.27,330.09,330.6,782779.0,330.754,3827.0
2026-01-12 19:00:00+00:00,330.61,332.14,330.21,332.03,981610.0,331.162,4821.0
2026-01-12 20:00:00+00:00,332.11,333.01,331.16,332.73,2024175.0,332.206,12026.0
2026-01-13 14:30:00+00:00,335.28,341.2,334.35,339.72,3586950.0,338.558,19800.0
2026-01-13 15:00:00+00:00,339.72,340.16,334.91,337.41,2386612.0,337.154,14129.0
2026-01-13 16:00:00+00:00,337.44,339.87,336.61,339.85,1631202.0,338.402,10117.0
2026-01-13 17:00:00+00:00,339.83,340.5,337.94,338.4,1218669.0,339.805,6532.0
2026-01-13 18:00:00+00:00,338.31,339.55,336.85,336.96,962981.0,338.39,5103.0
2026-01-13 19:00:00+00:00,336.98,337.94,336.31,336.67,1077107.0,337.049,5903.0
2026-01-13 20:00:00+00:00,336.63,337.19,335.13,336.43,1347271.0,336.103,8570.0
2026-01-14 14:30:00+00:00,334.99,335.35,332.23,332.24,1868704.0,333.721,10499.0
2026-01-14 15:00:00+00:00,332.32,335.51,331.14,332.39,1572685.0,333.246,9269.0
2026-01-14 16:00:00+00:00,332.45,334.52,332.02,332.67,843674.0,333.289,4570.0
2026-01-14 17:00:00+00:00,332.7,334.51,332.39,333.89,681102.0,333.304,3728.0
2026-01-14 18:00:00+00:00,333.87,336.19,333.83,335.87,755656.0,334.884,3695.0
2026-01-14 19:00:00+00:00,335.87,335.87,334.73,335.47,550773.0,335.384,2982.0
2026-01-14 20:00:00+00:00,335.52,337.03,335.2,336.37,1390019.0,336.247,8745.0
2026-01-15 14:30:00+00:00,338.02,338.14,333.64,334.29,1711768.0,335.772,9472.0
2026-01-15 15:00:00+00:00,334.2,334.41,331.29,332.61,1943670.0,333.046,10724.0
2026-01-15 16:00:00+00:00,332.67,333.41,331.81,333.07,1081281.0,332.675,5179.0
2026-01-15 17:00:00+00:00,333.03,333.55,332.5,332.94,634764.0,333.027,3427.0
2026-01-15 18:00:00+00:00,332.92,333.98,332.92,333.98,849875.0,333.582,3892.0
2026-01-15 19:00:00+00:00,333.95,334.01,332.49,332.77,700977.0,333.376,3886.0
2026-01-15 20:00:00+00:00,332.71,333.54,331.83,333.13,1375645.0,332.605,9131.0
2026-01-16 14:30:00+00:00,334.99,335.24,331.0,331.04,2663454.0,334.113,6376.0
2026-01-16 15:00:00+00:00,331.0,331.97,329.45,330.25,1495011.0,330.637,7891.0
2026-01-16 16:00:00+00:00,330.24,331.26,329.85,330.85,910905.0,330.478,4531.0
2026-01-16 17:00:00+00:00,330.8,330.8,328.17,328.39,775960.0,330.099,4260.0
2026-01-16 18:00:00+00:00,328.35,330.4,328.34,329.3,674915.0,329.764,3538.0
2026-01-16 19:00:00+00:00,329.28,330.62,329.06,330.2,618980.0,329.862,3332.0
2026-01-16 20:00:00+00:00,330.17,330.67,329.47,330.43,1369111.0,330.245,8994.0
2026-01-20 14:30:00+00:00,321.45,325.2,320.89,324.0,2253190.0,322.821,11338.0
2026-01-20 15:00:00+00:00,323.92,326.33,322.89,326.21,1854189.0,324.789,11529.0
2026-01-20 16:00:00+00:00,326.22,328.09,326.16,327.88,1084569.0,327.221,5762.0
2026-01-20 17:00:00+00:00,327.81,327.81,324.9,325.65,1281815.0,326.078,8443.0
2026-01-20 18:00:00+00:00,325.65,325.93,323.84,323.88,1253059.0,324.904,8540.0
2026-01-20 19:00:00+00:00,323.96,324.45,322.54,323.66,1160525.0,323.482,8000.0
2026-01-20 20:00:00+00:00,323.67,323.84,321.22,322.18,4060998.0,322.096,25509.0
2026-01-21 14:30:00+00:00,321.1,325.95,319.54,325.68,1886377.0,322.555,10144.0
2026-01-21 15:00:00+00:00,325.72,331.07,324.89,330.52,2520067.0,327.826,15309.0
2026-01-21 16:00:00+00:00,330.55,332.73,327.18,327.52,1847861.0,330.624,11429.0
2026-01-21 17:00:00+00:00,327.48,328.58,326.3,328.34,897201.0,327.381,5846.0
2026-01-21 18:00:00+00:00,328.33,328.44,326.05,326.75,774012.0,327.011,4972.0
2026-01-21 19:00:00+00:00,326.75,332.05,326.21,330.81,2089189.0,329.512,13983.0
2026-01-21 20:00:00+00:00,330.81,330.86,327.85,328.45,2416537.0,328.806,17102.0
2026-01-22 14:30:00+00:00,334.27,335.21,331.3,332.0,2515763.0,333.535,13668.0
2026-01-22 15:00:00+00:00,331.97,332.53,329.77,330.62,1479540.0,331.139,8931.0
2026-01-22 16:00:00+00:00,330.6,332.49,330.55,331.95,823113.0,331.794,4812.0
2026-01-22 17:00:00+00:00,331.94,332.25,331.19,331.81,707540.0,331.76,3707.0
2026-01-22 18:00:00+00:00,331.81,332.02,331.0,331.52,1041082.0,331.495,5365.0
2026-01-22 19:00:00+00:00,331.5,332.26,331.24,331.53,1293234.0,331.9,7008.0
2026-01-22 20:00:00+00:00,331.52,332.14,328.88,330.8,3728413.0,330.793,18088.0
2026-01-23 14:30:00+00:00,332.66,334.03,330.26,331.82,2056562.0,332.106,8532.0
2026-01-23 15:00:00+00:00,331.91,332.79,330.16,331.82,1772084.0,331.545,8715.0
2026-01-23 16:00:00+00:00,331.84,332.53,328.33,328.78,2034007.0,330.527,12216.0
2026-01-23 17:00:00+00:00,328.72,329.18,327.97,328.55,1374199.0,328.588,8263.0
2026-01-23 18:00:00+00:00,328.53,330.02,328.49,329.79,875651.0,329.27,5955.0
2026-01-23 19:00:00+00:00,329.75,330.18,329.34,329.67,769873.0,329.827,5040.0
2026-01-23 20:00:00+00:00,329.67,329.75,328.0,328.43,1470618.0,328.602,10934.0
2026-01-26 14:30:00+00:00,328.19,331.43,327.49,331.34,1423518.0,329.411,7163.0
2026-01-26 15:00:00+00:00,331.37,333.76,330.88,333.57,1627172.0,332.404,8424.0
2026-01-26 16:00:00+00:00,333.61,335.73,333.06,335.65,1307152.0,334.75,7086.0
2026-01-26 17:00:00+00:00,335.65,336.35,335.31,335.47,963355.0,335.912,5901.0
2026-01-26 18:00:00+00:00,335.42,335.81,334.8,335.13,633559.0,335.282,3870.0
2026-01-26 19:00:00+00:00,335.12,335.7,334.13,334.38,807853.0,334.959,4587.0
2026-01-26 20:00:00+00:00,334.39,334.69,333.34,333.6,1439018.0,334.008,9341.0
2026-01-27 14:30:00+00:00,335.63,338.22,333.75,338.13,1914867.0,336.476,9888.0
2026-01-27 15:00:00+00:00,338.15,338.2,336.36,337.53,1301064.0,337.192,7059.0
2026-01-27 16:00:00+00:00,337.51,337.69,335.58,335.78,748239.0,336.389,4582.0
2026-01-27 17:00:00+00:00,335.76,335.96,334.98,335.03,746899.0,335.585,4713.0
2026-01-27 18:00:00+00:00,335.04,336.15,334.8,335.87,665099.0,335.4,4589.0
2026-01-27 19:00:00+00:00,335.86,336.07,335.35,335.61,761621.0,335.78,5362.0
2026-01-27 20:00:00+00:00,335.6,336.06,334.6,334.99,1362809.0,335.329,9974.0
2026-01-28 14:30:00+00:00,336.61,337.06,334.5,336.06,1341619.0,335.701,6793.0
2026-01-28 15:00:00+00:00,336.0,337.58,333.37,334.3,1396103.0,335.604,8281.0
2026-01-28 16:00:00+00:00,334.31,334.84,332.98,333.28,765565.0,333.918,4268.0
2026-01-28 17:00:00+00:00,333.26,334.11,332.13,333.68,1120580.0,333.141,5733.0
2026-01-28 18:00:00+00:00,333.68,334.63,333.27,334.46,567097.0,334.035,3684.0
2026-01-28 19:00:00+00:00,334.46,336.68,333.83,336.33,1286684.0,335.088,8568.0
2026-01-28 20:00:00+00:00,336.3,337.63,335.9,336.28,1762195.0,336.707,11849.0
2026-01-29 14:30:00+00:00,340.35,342.29,330.46,330.63,2451401.0,336.432,12556.0
2026-01-29 15:00:00+00:00,330.61,331.52,326.72,328.24,3214238.0,329.0,18191.0
2026-01-29 16:00:00+00:00,328.21,331.85,327.68,331.07,1367725.0,329.993,7635.0
2026-01-29 17:00:00+00:00,331.13,334.58,331.12,333.68,1017597.0,333.367,6398.0
2026-01-29 18:00:00+00:00,333.74,336.66,333.74,336.19,799208.0,335.549,4759.0
2026-01-29 19:00:00+00:00,336.16,337.11,335.83,336.75,1029552.0,336.542,6471.0
2026-01-29 20:00:00+00:00,336.75,339.49,334.89,338.55,2487178.0,337.401,16407.0
2026-01-30 14:30:00+00:00,334.57,339.05,332.64,337.65,1497078.0,335.976,7440.0
2026-01-30 15:00:00+00:00,337.57,340.29,337.49,337.92,2059905.0,338.788,12546.0
2026-01-30 16:00:00+00:00,337.94,339.73,337.82,338.25,1201714.0,338.581,7526.0
2026-01-30 17:00:00+00:00,338.28,339.6,337.2,338.03,1041942.0,338.283,6053.0
2026-01-30 18:00:00+00:00,337.99,340.06,336.33,339.86,1066507.0,338.106,6473.0
2026-01-30 19:00:00+00:00,339.87,340.05,336.93,337.8,1053763.0,338.392,6970.0
2026-01-30 20:00:00+00:00,337.77,340.05,337.42,338.51,2565298.0,338.492,17209.0
2026-02-02 14:30:00+00:00,336.61,341.88,336.01,341.69,2181195.0,338.363,10501.0
2026-02-02 15:00:00+00:00,341.64,345.13,341.17,341.94,2219232.0,342.98,11801.0
2026-02-02 16:00:00+00:00,341.94,342.8,340.45,342.74,968839.0,341.744,5793.0
2026-02-02 17:00:00+00:00,342.72,343.98,342.02,343.75,1139373.0,342.949,6783.0
2026-02-02 18:00:00+00:00,343.74,344.24,342.93,344.11,683768.0,343.735,4582.0
2026-02-02 19:00:00+00:00,344.11,344.96,343.72,344.74,1207821.0,344.399,7597.0
2026-02-02 20:00:00+00:00,344.75,345.17,343.93,344.89,2545685.0,344.563,16856.0
2026-02-03 14:30:00+00:00,348.84,350.15,343.59,345.12,2425681.0,346.928,12352.0
2026-02-03 15:00:00+00:00,345.13,346.68,342.1,346.37,2496927.0,344.23,14449.0
2026-02-03 16:00:00+00:00,346.39,346.4,343.33,343.91,1155874.0,344.592,7139.0
2026-02-03 17:00:00+00:00,343.92,344.25,340.63,342.04,1229441.0,342.417,7641.0
2026-02-03 18:00:00+00:00,342.0,342.06,338.92,339.05,1370956.0,340.541,8675.0
2026-02-03 19:00:00+00:00,339.01,340.85,338.59,340.19,1231434.0,339.696,8247.0
2026-02-03 20:00:00+00:00,340.13,341.49,339.1,340.71,1895753.0,340.44,12601.0
2026-02-04 14:30:00+00:00,343.75,344.25,337.2,337.59,2683080.0,341.653,14708.0
2026-02-04 15:00:00+00:00,337.53,338.71,333.96,334.73,2948653.0,336.214,18762.0
2026-02-04 16:00:00+00:00,334.75,335.14,331.1,333.62,2340675.0,333.58,14933.0
2026-02-04 17:00:00+00:00,333.59,334.43,329.37,332.19,2411528.0,332.039,15052.0
2026-02-04 18:00:00+00:00,332.15,334.19,331.08,332.73,1528674.0,332.739,10075.0
2026-02-04 19:00:00+00:00,332.74,335.18,330.48,334.1,2133708.0,332.956,13345.0
2026-02-04 20:00:00+00:00,334.08,334.89,332.84,333.38,3066897.0,333.751,19277.0
2026-02-05 14:30:00+00:00,313.2,326.55,306.92,322.17,9553562.0,318.815,52374.0
2026-02-05 15:00:00+00:00,322.09,323.03,317.1,318.0,5922064.0,319.121,36659.0
2026-02-05 16:00:00+00:00,318.0,325.05,317.93,323.11,3810068.0,322.258,23581.0
2026-02-05 17:00:00+00:00,323.09,326.2,321.89,324.43,2123051.0,323.861,13364.0
2026-02-05 18:00:00+00:00,324.44,326.45,324.22,326.32,1972590.0,325.558,12574.0
2026-02-05 19:00:00+00:00,326.32,331.45,326.18,329.36,2750610.0,329.465,16951.0
2026-02-05 20:00:00+00:00,329.37,332.65,329.09,331.27,4545176.0,331.227,30655.0
2026-02-06 14:30:00+00:00,327.35,330.64,323.03,323.04,3960227.0,326.9,21142.0
2026-02-06 15:00:00+00:00,323.16,324.55,320.15,321.71,3530174.0,322.524,21196.0
2026-02-06 16:00:00+00:00,321.68,323.64,321.44,322.15,2351967.0,322.416,15136.0
2026-02-06 17:00:00+00:00,322.18,325.49,321.53,324.74,1988009.0,323.063,12179.0
2026-02-06 18:00:00+00:00,324.7,325.95,324.7,325.16,1488585.0,325.324,8177.0
2026-02-06 19:00:00+00:00,325.19,325.58,321.91,321.94,1806037.0,324.057,10137.0
2026-02-06 20:00:00+00:00,321.91,324.99,321.77,323.1,3539215.0,323.162,22056.0
2026-02-09 14:30:00+00:00,321.24,323.91,317.7,319.8,3230852.0,321.352,18197.0
2026-02-09 15:00:00+00:00,319.77,324.97,319.71,324.84,3366777.0,322.942,19794.0
2026-02-09 16:00:00+00:00,324.84,327.74,324.2,326.94,2445653.0,325.841,14477.0
2026-02-09 17:00:00+00:00,326.92,327.55,325.2,325.31,1723314.0,326.662,10449.0
2026-02-09 18:00:00+00:00,325.32,325.8,324.56,324.57,1609798.0,325.079,7402.0
2026-02-09 19:00:00+00:00,324.56,325.48,324.5,324.78,1010462.0,324.941,5496.0
2026-02-09 20:00:00+00:00,324.8,325.05,323.35,324.23,2102913.0,324.24,12745.0
2026-02-10 14:30:00+00:00,320.91,321.63,314.66,317.25,4813699.0,317.846,22993.0
2026-02-10 15:00:00+00:00,317.26,320.26,316.83,317.48,3169731.0,318.747,19373.0
2026-02-10 16:00:00+00:00,317.48,319.17,317.4,318.44,1981737.0,318.187,12631.0
2026-02-10 17:00:00+00:00,318.41,319.67,318.21,318.69,1143517.0,319.176,7216.0
2026-02-10 18:00:00+00:00,318.68,319.47,318.27,319.15,1257228.0,318.939,8307.0
2026-02-10 19:00:00+00:00,319.16,319.82,318.61,319.71,1086883.0,319.32,7354.0
2026-02-10 20:00:00+00:00,319.71,320.4,318.42,318.58,2425642.0,319.354,15923.0
2026-02-11 14:30:00+00:00,318.96,321.05,315.74,316.06,2472396.0,318.552,13638.0
2026-02-11 15:00:00+00:00,316.11,317.12,311.75,312.77,2630122.0,313.646,16053.0
2026-02-11 16:00:00+00:00,312.74,313.62,310.92,311.6,1519122.0,312.119,9087.0
2026-02-11 17:00:00+00:00,311.56,313.07,311.21,311.62,1429790.0,312.207,8983.0
2026-02-11 18:00:00+00:00,311.64,312.88,310.72,312.34,1150279.0,311.793,7746.0
2026-02-11 19:00:00+00:00,312.3,312.96,311.03,311.36,1210390.0,312.013,8403.0
2026-02-11 20:00:00+00:00,311.33,311.85,310.13,311.2,2260310.0,311.106,14655.0
2026-02-12 14:30:00+00:00,312.46,312.67,310.39,311.5,1963282.0,311.572,11335.0
2026-02-12 15:00:00+00:00,311.59,313.76,310.18,310.83,2531784.0,311.797,16313.0
2026-02-12 16:00:00+00:00,310.89,316.48,309.8,314.12,3243821.0,312.804,20561.0
2026-02-12 17:00:00+00:00,314.12,315.27,312.75,312.94,2135775.0,314.153,13688.0
2026-02-12 18:00:00+00:00,312.97,314.82,311.98,312.02,1410414.0,313.106,10113.0
2026-02-12 19:00:00+00:00,312.03,312.12,310.14,310.58,2062235.0,310.986,14883.0
2026-02-12 20:00:00+00:00,310.59,310.75,308.15,309.32,2440737.0,309.22,16798.0
2026-02-13 14:30:00+00:00,307.99,308.89,303.9,306.62,2871643.0,306.58,15654.0
2026-02-13 15:00:00+00:00,306.62,308.04,305.18,306.4,1890921.0,306.736,11639.0
2026-02-13 16:00:00+00:00,306.4,307.35,304.89,306.83,1316435.0,306.276,8058.0
2026-02-13 17:00:00+00:00,306.86,307.58,306.45,306.68,949417.0,307.056,5537.0
2026-02-13 18:00:00+00:00,306.71,308.22,306.35,307.76,776805.0,307.446,4670.0
2026-02-13 19:00:00+00:00,307.77,308.2,306.96,307.0,699511.0,307.8,4385.0
2026-02-13 20:00:00+00:00,307.02,307.38,304.91,306.02,2046645.0,305.815,13861.0
2026-02-17 14:30:00+00:00,300.64,304.89,297.67,298.1,3152653.0,301.168,17450.0
2026-02-17 15:00:00+00:00,298.09,300.27,296.91,300.14,3273913.0,298.741,21263.0
2026-02-17 16:00:00+00:00,300.17,303.46,300.09,302.23,1539200.0,301.971,9471.0
2026-02-17 17:00:00+00:00,302.25,302.62,300.2,301.29,1015784.0,301.351,6187.0
2026-02-17 18:00:00+00:00,301.29,303.47,300.75,303.11,842850.0,302.33,5255.0
2026-02-17 19:00:00+00:00,303.09,304.0,302.87,302.98,824493.0,303.35,5175.0
2026-02-17 20:00:00+00:00,302.97,303.11,301.8,302.82,1847471.0,302.48,12477.0
2026-02-18 14:30:00+00:00,302.67,305.53,302.01,304.0,1421732.0,303.454,7652.0
2026-02-18 15:00:00+00:00,303.92,304.79,302.58,304.42,1408277.0,303.877,8887.0
2026-02-18 16:00:00+00:00,304.45,305.16,303.84,303.99,742787.0,304.493,4640.0
2026-02-18 17:00:00+00:00,304.02,305.45,303.97,305.31,588220.0,304.687,3534.0
2026-02-18 18:00:00+00:00,305.32,305.91,303.54,304.27,680134.0,304.713,3858.0
2026-02-18 19:00:00+00:00,304.2,304.68,302.26,302.42,666668.0,303.532,3977.0
2026-02-18 20:00:00+00:00,302.41,304.84,301.98,303.91,1643134.0,303.45,10928.0
2026-02-19 14:30:00+00:00,302.62,303.78,300.67,303.28,1056512.0,302.206,5816.0
2026-02-19 15:00:00+00:00,303.25,304.75,302.45,303.73,1165192.0,303.486,7260.0
2026-02-19 16:00:00+00:00,303.73,306.03,302.58,303.92,1110033.0,304.42,6649.0
2026-02-19 17:00:00+00:00,303.95,305.45,303.42,304.17,489143.0,304.497,3132.0
2026-02-19 18:00:00+00:00,304.17,305.34,304.0,305.05,460861.0,304.658,2702.0
2026-02-19 19:00:00+00:00,305.04,305.29,303.32,303.76,470398.0,304.387,2808.0
2026-02-19 20:00:00+00:00,303.85,304.19,302.84,303.57,967616.0,303.397,6264.0
2026-02-20 14:30:00+00:00,304.8,310.85,304.42,309.79,2896687.0,307.902,12257.0
2026-02-20 15:00:00+00:00,309.91,315.72,307.69,315.2,3430071.0,312.268,19915.0
2026-02-20 16:00:00+00:00,315.18,316.76,313.88,316.2,2649137.0,315.3,16556.0
2026-02-20 17:00:00+00:00,316.18,316.35,313.06,315.63,2091478.0,314.853,12585.0
2026-02-20 18:00:00+00:00,315.63,315.86,313.98,315.02,1449675.0,314.991,10047.0
2026-02-20 19:00:00+00:00,315.03,315.72,314.75,315.47,1215476.0,315.17,8535.0
2026-02-20 20:00:00+00:00,315.5,316.5,314.32,314.86,4316639.0,315.17,29545.0
2026-02-23 14:30:00+00:00,319.1,319.46,315.23,315.41,2357368.0,317.478,12990.0
2026-02-23 15:00:00+00:00,315.35,316.71,312.82,312.92,1472869.0,314.966,8907.0
2026-02-23 16:00:00+00:00,312.96,314.6,311.86,313.96,1544035.0,313.22,9961.0
2026-02-23 17:00:00+00:00,313.91,314.3,312.92,313.58,474119.0,313.662,2689.0
2026-02-23 18:00:00+00:00,313.6,315.01,312.78,312.98,714659.0,314.138,4082.0
2026-02-23 19:00:00+00:00,312.99,313.37,310.55,310.6,851130.0,312.015,5588.0
2026-02-23 20:00:00+00:00,310.6,311.84,309.99,311.67,1400861.0,311.022,8802.0
2026-02-24 14:30:00+00:00,310.64,310.9,306.09,308.07,1771734.0,308.555,9375.0
2026-02-24 15:00:00+00:00,308.06,310.5,306.2,309.88,1474431.0,308.486,9018.0
2026-02-24 16:00:00+00:00,309.87,311.46,309.87,311.25,794850.0,310.848,5129.0
2026-02-24 17:00:00+00:00,311.21,312.37,310.92,311.16,609552.0,311.569,3340.0
2026-02-24 18:00:00+00:00,311.12,311.67,310.43,310.6,541240.0,310.91,3374.0
2026-02-24 19:00:00+00:00,310.6,311.45,309.62,311.23,770765.0,310.498,4915.0
2026-02-24 20:00:00+00:00,311.23,311.69,310.67,310.92,1013806.0,311.084,6453.0
2026-02-25 14:30:00+00:00,312.14,313.66,309.63,312.83,1309393.0,311.975,6351.0
2026-02-25 15:00:00+00:00,312.87,313.08,309.66,309.96,1558664.0,311.234,10007.0
2026-02-25 16:00:00+00:00,309.93,311.4,309.36,310.96,1675910.0,310.538,10572.0
2026-02-25 17:00:00+00:00,310.95,311.67,310.04,310.52,966845.0,310.852,6303.0
2026-02-25 18:00:00+00:00,310.54,310.97,310.24,310.67,549132.0,310.508,3592.0
2026-02-25 19:00:00+00:00,310.67,311.45,310.4,311.29,797956.0,310.903,5244.0
2026-02-25 20:00:00+00:00,311.27,313.23,311.1,313.01,1660421.0,312.314,10552.0
2026-02-26 14:30:00+00:00,312.81,313.0,306.22,306.4,2387852.0,308.653,14160.0
2026-02-26 15:00:00+00:00,306.43,306.79,302.41,304.38,3068074.0,304.236,20378.0
2026-02-26 16:00:00+00:00,304.4,307.7,304.25,305.44,1612535.0,305.903,9761.0
2026-02-26 17:00:00+00:00,305.46,306.65,304.61,305.07,730239.0,305.545,4988.0
2026-02-26 18:00:00+00:00,305.06,306.72,304.58,306.55,844764.0,305.481,5861.0
2026-02-26 19:00:00+00:00,306.51,308.2,306.39,307.6,990389.0,307.623,6024.0
2026-02-26 20:00:00+00:00,307.58,307.9,306.51,307.2,1558747.0,307.125,10803.0
2026-02-27 14:30:00+00:00,303.99,309.5,303.59,307.8,1636863.0,306.531,8251.0
2026-02-27 15:00:00+00:00,307.75,309.12,307.25,308.25,1427384.0,308.165,7817.0
2026-02-27 16:00:00+00:00,308.24,308.69,307.0,307.18,869230.0,307.922,5019.0
2026-02-27 17:00:00+00:00,307.18,308.93,306.31,306.53,793120.0,307.466,4641.0
2026-02-27 18:00:00+00:00,306.6,306.84,305.11,306.48,767245.0,305.74,4784.0
2026-02-27 19:00:00+00:00,306.5,308.26,306.15,306.41,777646.0,307.027,5162.0
2026-02-27 20:00:00+00:00,306.42,312.08,306.34,311.32,3362006.0,309.673,22078.0
2026-03-02 14:30:00+00:00,302.8,306.15,301.06,304.3,1985557.0,303.924,8996.0
2026-03-02 15:00:00+00:00,304.22,305.44,303.5,304.87,1401901.0,304.566,7953.0
2026-03-02 16:00:00+00:00,304.84,307.71,303.97,307.37,1222683.0,305.856,7194.0
2026-03-02 17:00:00+00:00,307.37,308.14,306.96,307.98,622348.0,307.44,3798.0
2026-03-02 18:00:00+00:00,307.99,308.03,305.63,305.65,634569.0,306.488,4024.0
2026-03-02 19:00:00+00:00,305.62,307.76,305.57,307.19,929069.0,306.932,5872.0
2026-03-02 20:00:00+00:00,307.24,307.32,304.91,306.16,1920837.0,306.088,12846.0
2026-03-03 14:30:00+00:00,298.42,301.63,296.69,299.24,2147111.0,299.27,11966.0
2026-03-03 15:00:00+00:00,299.24,300.49,297.07,298.77,1985517.0,298.507,12727.0
2026-03-03 16:00:00+00:00,298.77,302.18,298.36,300.96,1299496.0,300.727,7964.0
2026-03-03 17:00:00+00:00,300.94,301.76,300.41,300.49,756009.0,301.035,5084.0
2026-03-03 18:00:00+00:00,300.52,303.04,300.23,302.46,977263.0,301.547,5849.0
2026-03-03 19:00:00+00:00,302.5,303.23,300.68,302.45,815760.0,301.944,5183.0
2026-03-03 20:00:00+00:00,302.35,303.94,301.72,303.55,1664722.0,303.025,11854.0
2026-03-04 14:30:00+00:00,302.69,303.82,300.8,302.95,1935914.0,302.523,10981.0
2026-03-04 15:00:00+00:00,303.04,305.46,301.89,304.51,1824235.0,303.784,11430.0
2026-03-04 16:00:00+00:00,304.51,305.0,303.33,304.1,912093.0,304.278,6185.0
2026-03-04 17:00:00+00:00,304.11,304.45,303.43,304.1,666008.0,303.933,4341.0
2026-03-04 18:00:00+00:00,304.08,304.18,302.8,303.13,699013.0,303.449,4414.0
2026-03-04 19:00:00+00:00,303.16,303.55,302.72,302.8,702117.0,303.164,4418.0
2026-03-04 20:00:00+00:00,302.79,303.77,302.1,303.19,1881213.0,303.019,12725.0
2026-03-05 14:30:00+00:00,303.2,303.37,299.17,301.54,2084605.0,300.828,12797.0
2026-03-05 15:00:00+00:00,301.54,302.04,298.93,300.37,1685648.0,300.433,10866.0
2026-03-05 16:00:00+00:00,300.36,300.58,298.35,299.79,1595467.0,299.426,10331.0
2026-03-05 17:00:00+00:00,299.8,300.46,298.24,299.44,1210017.0,299.111,8069.0
2026-03-05 18:00:00+00:00,299.39,300.37,298.07,298.61,1067716.0,299.051,7122.0
2026-03-05 19:00:00+00:00,298.64,299.94,298.47,299.26,879406.0,299.28,6038.0
2026-03-05 20:00:00+00:00,299.27,301.46,298.77,301.01,2221130.0,300.305,14753.0
2026-03-06 14:30:00+00:00,296.16,298.6,295.25,298.31,1581042.0,296.927,7590.0
2026-03-06 15:00:00+00:00,298.45,300.33,297.8,299.55,1209231.0,299.307,7484.0
2026-03-06 16:00:00+00:00,299.6,300.13,298.58,299.02,698493.0,299.357,4147.0
2026-03-06 17:00:00+00:00,299.05,299.71,298.2,298.21,812455.0,298.839,5262.0
2026-03-06 18:00:00+00:00,298.21,299.89,298.18,299.32,622777.0,299.264,4416.0
2026-03-06 19:00:00+00:00,299.33,299.73,298.0,298.5,823945.0,298.889,5961.0
2026-03-06 20:00:00+00:00,298.55,299.5,297.33,298.17,1952183.0,298.218,13530.0
2026-03-09 13:30:00+00:00,294.13,296.7,293.92,294.95,1884001.0,295.262,8782.0
2026-03-09 14:00:00+00:00,294.86,299.58,294.83,298.98,1814094.0,297.459,10784.0
2026-03-09 15:00:00+00:00,298.97,299.93,298.28,299.55,865048.0,299.216,5623.0
2026-03-09 16:00:00+00:00,299.52,301.66,299.42,301.3,1154052.0,300.429,7009.0
2026-03-09 17:00:00+00:00,301.35,301.43,299.83,301.19,789918.0,300.734,4896.0
2026-03-09 18:00:00+00:00,301.15,302.54,300.79,301.75,957323.0,301.57,6738.0
2026-03-09 19:00:00+00:00,301.76,306.5,301.52,306.02,2819443.0,304.677,20735.0
2026-03-10 13:30:00+00:00,305.95,308.27,305.34,305.69,1125331.0,306.804,5417.0
2026-03-10 14:00:00+00:00,305.69,308.72,305.31,308.67,1201419.0,306.823,7194.0
2026-03-10 15:00:00+00:00,308.66,309.15,307.68,308.75,703911.0,308.328,4415.0
2026-03-10 16:00:00+00:00,308.72,308.77,307.34,307.81,676568.0,308.0,4625.0
2026-03-10 17:00:00+00:00,307.79,308.98,307.73,308.01,623291.0,308.33,4560.0
2026-03-10 18:00:00+00:00,308.02,308.11,306.23,307.25,793134.0,307.413,5511.0
2026-03-10 19:00:00+00:00,307.28,307.66,306.37,306.87,1437327.0,306.912,10775.0
2026-03-11 13:30:00+00:00,306.32,308.83,305.84,308.8,1070105.0,306.891,6297.0
2026-03-11 14:00:00+00:00,308.77,311.07,308.23,310.34,1195758.0,309.778,7149.0
2026-03-11 15:00:00+00:00,310.36,310.61,308.12,308.84,741278.0,309.069,4199.0
2026-03-11 16:00:00+00:00,308.83,308.96,308.0,308.84,481072.0,308.524,3198.0
2026-03-11 17:00:00+00:00,308.84,309.27,307.47,308.22,585925.0,308.684,4251.0
2026-03-11 18:00:00+00:00,308.19,308.48,307.25,307.54,565287.0,307.906,4266.0
2026-03-11 19:00:00+00:00,307.52,308.62,307.06,308.41,1116821.0,307.91,7783.0
2026-03-12 13:30:00+00:00,306.21,308.64,303.51,304.06,1058579.0,305.675,6044.0
2026-03-12 14:00:00+00:00,304.04,304.78,301.55,301.77,1188683.0,303.097,7072.0
2026-03-12 15:00:00+00:00,301.74,303.23,300.84,302.9,1115347.0,302.053,7448.0
2026-03-12 16:00:00+00:00,302.9,303.73,302.07,303.19,857846.0,303.056,6206.0
2026-03-12 17:00:00+00:00,303.2,304.01,302.8,303.42,554539.0,303.559,4130.0
2026-03-12 18:00:00+00:00,303.43,304.48,303.43,304.09,583775.0,304.043,4477.0
2026-03-12 19:00:00+00:00,304.09,304.79,303.09,303.18,1080842.0,303.956,8342.0
2026-03-13 13:30:00+00:00,306.66,307.26,303.96,305.51,1132599.0,305.953,6333.0
2026-03-13 14:00:00+00:00,305.6,307.13,304.06,304.36,1061398.0,305.652,6815.0
2026-03-13 15:00:00+00:00,304.41,305.7,301.97,302.37,1227043.0,303.662,8019.0
2026-03-13 16:00:00+00:00,302.42,302.91,300.0,300.19,1161157.0,301.63,8095.0
2026-03-13 17:00:00+00:00,300.22,302.04,299.78,299.94,898376.0,300.707,5485.0
2026-03-13 18:00:00+00:00,299.96,301.97,299.84,301.62,695540.0,301.011,4315.0
2026-03-13 19:00:00+00:00,301.58,301.75,300.35,301.47,1136029.0,301.199,8198.0
2026-03-16 13:30:00+00:00,303.52,304.68,302.48,304.57,1373024.0,303.698,7684.0
2026-03-16 14:00:00+00:00,304.58,305.57,302.59,303.09,1342848.0,304.234,8567.0
2026-03-16 15:00:00+00:00,303.01,303.35,302.2,302.47,692796.0,302.796,4224.0
2026-03-16 16:00:00+00:00,302.46,303.26,301.81,303.08,637050.0,302.643,4112.0
2026-03-16 17:00:00+00:00,303.13,303.68,303.1,303.34,545707.0,303.386,3437.0
2026-03-16 18:00:00+00:00,303.37,304.58,303.03,304.38,637388.0,303.871,4252.0
2026-03-16 19:00:00+00:00,304.37,305.07,303.66,304.43,1223151.0,304.385,8140.0
2026-03-17 13:30:00+00:00,304.67,306.4,304.35,305.23,1005682.0,305.338,5708.0
2026-03-17 14:00:00+00:00,305.22,306.67,304.91,305.68,816093.0,305.827,5523.0
2026-03-17 15:00:00+00:00,305.67,306.8,305.08,306.71,580252.0,305.808,4044.0
2026-03-17 16:00:00+00:00,306.7,307.49,306.59,306.66,627190.0,307.014,4010.0
2026-03-17 17:00:00+00:00,306.69,307.56,306.45,307.5,448595.0,306.984,2953.0
2026-03-17 18:00:00+00:00,307.5,308.73,307.35,308.63,662470.0,308.129,3992.0
2026-03-17 19:00:00+00:00,308.64,310.05,308.51,309.37,1335487.0,309.32,9082.0
2026-03-18 13:30:00+00:00,308.09,310.75,307.85,308.89,1030661.0,309.332,5944.0
2026-03-18 14:00:00+00:00,308.92,309.83,307.27,309.2,1374679.0,308.697,9316.0
2026-03-18 15:00:00+00:00,309.22,309.67,308.5,309.03,647952.0,309.102,4374.0
2026-03-18 16:00:00+00:00,309.03,309.26,307.8,308.12,509157.0,308.608,3531.0
2026-03-18 17:00:00+00:00,308.08,308.12,307.1,307.91,479871.0,307.564,2934.0
2026-03-18 18:00:00+00:00,307.98,308.49,306.36,306.41,655133.0,307.286,4261.0
2026-03-18 19:00:00+00:00,306.42,307.44,305.54,306.24,971910.0,306.428,6507.0
2026-03-19 13:30:00+00:00,303.21,303.93,301.0,303.53,1055501.0,302.55,5673.0
2026-03-19 14:00:00+00:00,303.51,304.39,302.21,303.7,1129652.0,303.373,7688.0
2026-03-19 15:00:00+00:00,303.67,304.56,302.06,303.72,758841.0,303.228,4806.0
2026-03-19 16:00:00+00:00,303.71,304.72,303.49,304.6,514353.0,304.098,3191.0
2026-03-19 17:00:00+00:00,304.62,304.72,303.55,304.28,626805.0,304.063,4304.0
2026-03-19 18:00:00+00:00,304.28,305.21,303.64,304.92,481697.0,304.172,3009.0
2026-03-19 19:00:00+00:00,304.89,306.68,304.88,305.68,1339275.0,305.721,9123.0
2026-03-20 13:30:00+00:00,303.79,304.32,300.47,300.73,3517623.0,303.606,6855.0
2026-03-20 14:00:00+00:00,300.68,301.58,300.0,300.52,1319389.0,300.839,9031.0
2026-03-20 15:00:00+00:00,300.5,301.0,299.55,300.79,893267.0,300.207,6315.0
2026-03-20 16:00:00+00:00,300.82,301.57,299.33,299.45,913953.0,300.563,6401.0
2026-03-20 17:00:00+00:00,299.48,299.89,298.43,299.09,797506.0,299.171,4579.0
2026-03-20 18:00:00+00:00,299.11,299.2,297.4,297.73,931540.0,298.228,5531.0
2026-03-20 19:00:00+00:00,297.75,299.62,296.75,298.89,2225001.0,298.396,15008.0
2026-03-23 13:30:00+00:00,300.65,303.0,300.43,301.85,1604337.0,301.486,9293.0
2026-03-23 14:00:00+00:00,301.85,303.37,300.36,300.67,1642281.0,301.945,10414.0
2026-03-23 15:00:00+00:00,300.71,302.12,299.18,299.98,2160179.0,300.729,13086.0
2026-03-23 16:00:00+00:00,299.96,300.47,298.03,298.89,1188116.0,299.201,7233.0
2026-03-23 17:00:00+00:00,298.88,299.54,298.15,298.9,755333.0,298.755,4409.0
2026-03-23 18:00:00+00:00,298.91,300.36,298.55,300.19,849988.0,299.438,5006.0
2026-03-23 19:00:00+00:00,300.17,300.34,298.86,298.97,1405378.0,299.612,9771.0
2026-03-24 13:30:00+00:00,296.24,297.1,294.2,295.34,1445443.0,295.543,7432.0
2026-03-24 14:00:00+00:00,295.34,295.92,292.59,292.94,2386653.0,293.762,16062.0
2026-03-24 15:00:00+00:00,292.96,293.97,291.86,292.71,1647142.0,293.16,10280.0
2026-03-24 16:00:00+00:00,292.7,292.75,290.0,291.13,1643500.0,291.056,9974.0
2026-03-24 17:00:00+00:00,291.15,291.31,289.62,291.0,1121535.0,290.351,6388.0
2026-03-24 18:00:00+00:00,291.01,291.84,290.41,290.78,907438.0,291.012,5090.0
2026-03-24 19:00:00+00:00,290.79,291.36,288.85,289.0,2504112.0,289.598,14609.0
2026-03-25 13:30:00+00:00,292.02,294.66,290.12,290.26,1696693.0,292.341,10632.0
2026-03-25 14:00:00+00:00,290.3,290.87,288.84,290.04,2259360.0,289.819,14587.0
2026-03-25 15:00:00+00:00,290.06,290.52,288.05,289.04,1584202.0,289.102,10547.0
2026-03-25 16:00:00+00:00,289.01,289.98,288.55,289.15,930951.0,289.248,6561.0
2026-03-25 17:00:00+00:00,289.17,290.05,288.6,289.27,1122054.0,289.263,7554.0
2026-03-25 18:00:00+00:00,289.23,289.41,287.37,287.9,1081219.0,288.274,7293.0
2026-03-25 19:00:00+00:00,287.9,289.67,287.56,289.62,1860442.0,288.826,13276.0
2026-03-26 13:30:00+00:00,286.37,286.38,282.93,285.49,2000656.0,284.653,12081.0
2026-03-26 14:00:00+00:00,285.47,286.52,284.59,285.12,2088479.0,285.467,15098.0
2026-03-26 15:00:00+00:00,285.18,285.34,283.64,283.88,1299711.0,284.342,8693.0
2026-03-26 16:00:00+00:00,283.86,284.15,282.59,283.26,1365887.0,283.372,9255.0
2026-03-26 17:00:00+00:00,283.24,283.48,281.37,281.51,1454981.0,282.313,7919.0
2026-03-26 18:00:00+00:00,281.46,281.84,279.05,281.2,2280639.0,280.529,14491.0
2026-03-26 19:00:00+00:00,281.22,281.42,279.85,280.73,2588578.0,280.715,18313.0
2026-03-27 13:30:00+00:00,277.5,278.86,274.9,276.36,2194430.0,276.756,12177.0
2026-03-27 14:00:00+00:00,276.36,279.09,276.21,278.6,2062438.0,277.852,14167.0
2026-03-27 15:00:00+00:00,278.57,278.83,277.0,277.41,1187396.0,277.882,8151.0
2026-03-27 16:00:00+00:00,277.4,277.48,275.66,276.04,1170435.0,276.378,8003.0
2026-03-27 17:00:00+00:00,276.03,276.32,273.68,274.13,1418249.0,274.689,9101.0
2026-03-27 18:00:00+00:00,274.15,275.45,273.73,274.75,1206975.0,274.66,7723.0
2026-03-27 19:00:00+00:00,274.73,275.32,273.48,273.74,2055405.0,274.251,13220.0
2026-03-30 13:30:00+00:00,275.44,276.26,273.02,273.12,1938811.0,274.405,10712.0
2026-03-30 14:00:00+00:00,273.11,274.25,272.47,273.95,1910632.0,273.186,13501.0
2026-03-30 15:00:00+00:00,273.93,275.21,272.67,274.57,1155319.0,273.924,7736.0
2026-03-30 16:00:00+00:00,274.57,274.69,273.44,273.55,709022.0,273.937,4294.0
2026-03-30 17:00:00+00:00,273.57,273.94,272.98,273.35,752265.0,273.383,4773.0
2026-03-30 18:00:00+00:00,273.37,273.53,272.19,272.21,665920.0,272.785,4264.0
2026-03-30 19:00:00+00:00,272.23,273.5,271.53,273.1,1881641.0,272.528,11603.0
2026-03-31 13:30:00+00:00,277.54,279.79,276.76,279.76,1792261.0,278.142,10197.0
2026-03-31 14:00:00+00:00,279.73,281.79,279.59,280.08,1987606.0,280.687,13331.0
2026-03-31 15:00:00+00:00,280.05,281.74,280.05,280.39,1176835.0,280.918,8064.0
2026-03-31 16:00:00+00:00,280.37,284.55,280.21,284.07,1677284.0,282.651,10799.0
2026-03-31 17:00:00+00:00,284.06,287.04,284.04,285.58,1777371.0,285.822,11278.0
2026-03-31 18:00:00+00:00,285.58,286.34,285.57,286.02,1059435.0,285.988,7003.0
2026-03-31 19:00:00+00:00,286.0,287.05,285.48,286.78,2923766.0,286.29,20306.0
2026-04-01 13:30:00+00:00,289.79,294.39,289.47,293.76,2831445.0,292.534,17134.0
2026-04-01 14:00:00+00:00,293.79,294.76,292.61,294.51,1870122.0,293.847,12462.0
2026-04-01 15:00:00+00:00,294.55,295.59,294.05,295.4,1606465.0,294.774,10412.0
2026-04-01 16:00:00+00:00,295.36,297.51,294.96,297.25,1326902.0,296.12,7425.0
2026-04-01 17:00:00+00:00,297.26,297.99,296.43,296.46,1323939.0,297.435,7836.0
2026-04-01 18:00:00+00:00,296.45,296.47,293.79,294.35,1378757.0,295.033,9012.0
2026-04-01 19:00:00+00:00,294.41,295.7,294.25,294.94,1932760.0,294.973,13365.0
2026-04-02 13:30:00+00:00,288.99,291.9,287.57,291.89,1444284.0,289.331,7709.0
2026-04-02 14:00:00+00:00,291.91,295.9,291.72,294.12,1437482.0,293.6,8276.0
2026-04-02 15:00:00+00:00,294.07,294.43,292.97,293.45,867015.0,293.692,5240.0
2026-04-02 16:00:00+00:00,293.37,294.47,292.93,294.08,569609.0,293.623,3491.0
2026-04-02 17:00:00+00:00,294.03,294.52,293.33,293.73,426617.0,293.983,2458.0
2026-04-02 18:00:00+00:00,293.74,294.3,293.26,293.67,367467.0,293.805,2184.0
2026-04-02 19:00:00+00:00,293.7,294.48,293.24,294.45,1058435.0,293.951,6687.0
2026-04-06 13:30:00+00:00,294.6,297.19,293.79,296.68,868477.0,295.61,4185.0
2026-04-06 14:00:00+00:00,296.62,296.97,295.03,295.72,837911.0,296.096,4859.0
2026-04-06 15:00:00+00:00,295.74,296.66,295.15,295.88,672620.0,295.904,4010.0
2026-04-06 16:00:00+00:00,295.85,297.56,295.74,297.12,513889.0,296.83,2992.0
2026-04-06 17:00:00+00:00,297.1,297.57,295.93,296.84,435300.0,296.778,2387.0
2026-04-06 18:00:00+00:00,296.85,298.43,296.47,298.11,501752.0,297.796,3171.0
2026-04-06 19:00:00+00:00,298.13,298.42,297.09,297.72,867157.0,297.763,5506.0
2026-04-07 13:30:00+00:00,300.0,301.08,296.63,296.69,1382856.0,298.966,7669.0
2026-04-07 14:00:00+00:00,296.66,299.24,295.42,298.0,1867848.0,297.13,12137.0
2026-04-07 15:00:00+00:00,297.99,299.93,297.08,299.89,1089039.0,298.437,6728.0
2026-04-07 16:00:00+00:00,299.94,301.41,299.8,300.68,1055194.0,300.816,5637.0
2026-04-07 17:00:00+00:00,300.66,302.32,300.57,301.63,631907.0,301.311,3655.0
2026-04-07 18:00:00+00:00,301.62,301.85,299.55,299.8,629966.0,300.906,3751.0
2026-04-07 19:00:00+00:00,299.81,304.1,299.53,303.83,2200633.0,302.0,14067.0
2026-04-08 13:30:00+00:00,317.83,319.39,312.7,313.08,3197614.0,315.643,17500.0
2026-04-08 14:00:00+00:00,313.07,314.66,312.74,313.44,1479905.0,313.834,9683.0
2026-04-08 15:00:00+00:00,313.43,315.72,313.43,315.65,1076856.0,314.384,6950.0
2026-04-08 16:00:00+00:00,315.66,317.32,314.93,316.63,897419.0,316.123,5271.0
2026-04-08 17:00:00+00:00,316.69,316.85,315.27,315.88,701662.0,315.918,4637.0
2026-04-08 18:00:00+00:00,315.85,316.6,314.67,314.72,795145.0,315.761,5243.0
2026-04-08 19:00:00+00:00,314.67,315.53,313.93,314.77,1541697.0,314.772,10501.0
2026-04-09 13:30:00+00:00,313.19,314.26,310.38,310.92,1456664.0,311.659,9092.0
2026-04-09 14:00:00+00:00,310.92,311.72,309.47,311.6,1242298.0,310.63,7991.0
2026-04-09 15:00:00+00:00,311.61,315.46,311.6,315.38,898786.0,313.772,5357.0
2026-04-09 16:00:00+00:00,315.33,316.83,315.2,316.4,968755.0,316.254,5708.0
2026-04-09 17:00:00+00:00,316.4,317.43,316.13,316.84,720459.0,316.877,4375.0
2026-04-09 18:00:00+00:00,316.85,316.96,316.07,316.32,588677.0,316.349,4051.0
2026-04-09 19:00:00+00:00,316.33,317.06,316.23,316.32,936353.0,316.619,6470.0
2026-04-10 13:30:00+00:00,317.58,319.5,317.19,317.42,859722.0,318.172,4687.0
2026-04-10 14:00:00+00:00,317.36,317.65,316.19,317.05,910843.0,317.014,5688.0
2026-04-10 15:00:00+00:00,317.1,317.62,315.33,315.49,954910.0,316.587,5583.0
2026-04-10 16:00:00+00:00,315.53,316.08,315.0,315.39,534856.0,315.621,3378.0
2026-04-10 17:00:00+00:00,315.41,315.41,314.8,315.03,531396.0,315.072,3059.0
2026-04-10 18:00:00+00:00,315.02,315.41,314.54,315.09,316609.0,315.065,1871.0
2026-04-10 19:00:00+00:00,315.09,316.06,315.07,315.73,914977.0,315.654,5815.0
2026-04-13 13:30:00+00:00,315.33,316.81,313.69,316.77,797174.0,315.085,3774.0
2026-04-13 14:00:00+00:00,316.78,318.16,315.78,316.75,840479.0,316.872,4879.0
2026-04-13 15:00:00+00:00,316.76,317.66,316.39,316.8,549101.0,316.952,3338.0
2026-04-13 16:00:00+00:00,316.76,318.11,316.05,317.76,574987.0,317.071,3757.0
2026-04-13 17:00:00+00:00,317.83,317.95,317.15,317.29,358093.0,317.562,2195.0
2026-04-13 18:00:00+00:00,317.3,318.33,317.15,318.15,475956.0,317.64,2553.0
2026-04-13 19:00:00+00:00,318.16,319.43,317.99,319.22,1330526.0,318.849,8777.0
2026-04-14 13:30:00+00:00,322.12,324.98,321.15,324.06,1679623.0,322.886,9022.0
2026-04-14 14:00:00+00:00,324.04,326.58,323.95,326.16,1563578.0,325.367,9300.0
2026-04-14 15:00:00+00:00,326.16,330.2,325.55,329.52,1574813.0,328.329,8782.0
2026-04-14 16:00:00+00:00,329.51,330.34,329.42,330.15,1043987.0,329.957,6994.0
2026-04-14 17:00:00+00:00,330.16,330.54,329.7,329.99,721010.0,330.144,4288.0
2026-04-14 18:00:00+00:00,329.98,330.16,328.96,329.1,539388.0,329.431,3562.0
2026-04-14 19:00:00+00:00,329.08,330.64,328.94,330.58,1440528.0,329.891,9418.0
2026-04-15 13:30:00+00:00,330.49,331.69,328.66,330.36,1165140.0,329.976,6753.0
2026-04-15 14:00:00+00:00,330.39,332.15,330.08,331.23,1128952.0,331.097,7046.0
2026-04-15 15:00:00+00:00,331.23,331.29,330.1,330.61,757614.0,330.586,4904.0
2026-04-15 16:00:00+00:00,330.61,332.47,330.42,331.63,682678.0,331.739,4499.0
2026-04-15 17:00:00+00:00,331.59,333.13,331.4,332.74,516651.0,332.427,3256.0
2026-04-15 18:00:00+00:00,332.71,334.64,332.45,334.3,880820.0,333.4,5636.0
2026-04-15 19:00:00+00:00,334.31,335.0,332.98,334.42,1497828.0,334.096,10661.0
2026-04-16 13:30:00+00:00,335.97,337.38,333.04,333.36,1178836.0,334.586,6731.0
2026-04-16 14:00:00+00:00,333.4,335.26,333.0,334.39,890266.0,334.203,5141.0
2026-04-16 15:00:00+00:00,334.39,335.41,333.87,334.86,722820.0,334.667,4651.0
2026-04-16 16:00:00+00:00,334.87,335.81,334.31,334.83,572583.0,335.177,3354.0
2026-04-16 17:00:00+00:00,334.82,334.86,332.28,332.5,637881.0,333.596,3870.0
2026-04-16 18:00:00+00:00,332.49,332.86,331.65,332.39,740396.0,332.432,4952.0
2026-04-16 19:00:00+00:00,332.39,333.35,331.88,332.68,1441416.0,332.683,9111.0
2026-04-17 13:30:00+00:00,334.52,335.49,333.29,334.15,2394041.0,334.456,7007.0
2026-04-17 14:00:00+00:00,334.2,335.27,334.1,334.39,1079893.0,334.748,6474.0
2026-04-17 15:00:00+00:00,334.39,336.49,333.88,335.24,1056427.0,335.152,6083.0
2026-04-17 16:00:00+00:00,335.27,337.23,335.17,336.76,928835.0,336.522,5244.0
2026-04-17 17:00:00+00:00,336.75,338.31,336.7,338.19,932108.0,337.381,5786.0
2026-04-17 18:00:00+00:00,338.19,339.97,337.98,339.46,1115847.0,339.131,7276.0
2026-04-17 19:00:00+00:00,339.48,339.99,338.71,339.32,1628359.0,339.325,9850.0
2026-04-20 13:30:00+00:00,338.56,339.16,335.46,338.16,1118654.0,337.325,5707.0
2026-04-20 14:00:00+00:00,338.15,338.29,336.42,336.61,968155.0,337.235,6133.0
2026-04-20 15:00:00+00:00,336.62,337.01,334.63,336.15,774270.0,335.795,4692.0
2026-04-20 16:00:00+00:00,336.14,337.23,336.08,336.82,430505.0,336.745,2823.0
2026-04-20 17:00:00+00:00,336.81,336.84,336.07,336.24,343163.0,336.502,2327.0
2026-04-20 18:00:00+00:00,336.25,336.72,336.02,336.31,388732.0,336.391,2740.0
2026-04-20 19:00:00+00:00,336.32,336.61,334.87,335.41,800763.0,335.654,5142.0
2026-04-21 13:30:00+00:00,335.59,337.14,333.75,336.8,846974.0,335.754,4785.0
2026-04-21 14:00:00+00:00,336.85,337.17,334.81,335.1,942980.0,336.023,5349.0
2026-04-21 15:00:00+00:00,335.16,335.62,334.29,334.55,587812.0,335.008,3738.0
2026-04-21 16:00:00+00:00,334.61,335.29,332.01,332.11,679595.0,333.591,3620.0
2026-04-21 17:00:00+00:00,332.09,332.55,330.8,331.17,737669.0,331.576,4794.0
2026-04-21 18:00:00+00:00,331.21,331.69,330.5,331.56,518384.0,331.01,3058.0
2026-04-21 19:00:00+00:00,331.57,332.54,329.63,330.46,1210788.0,330.867,7718.0
2026-04-22 13:30:00+00:00,334.88,335.73,332.96,335.43,1064925.0,334.219,5510.0
2026-04-22 14:00:00+00:00,335.44,336.67,334.88,335.81,1143402.0,335.697,6416.0
2026-04-22 15:00:00+00:00,335.82,335.94,334.94,335.41,645726.0,335.472,3825.0
2026-04-22 16:00:00+00:00,335.46,336.4,334.49,334.92,701263.0,335.229,3990.0
2026-04-22 17:00:00+00:00,334.89,336.01,334.89,335.85,414936.0,335.411,2701.0
2026-04-22 18:00:00+00:00,335.83,336.71,335.79,336.23,511502.0,336.399,3239.0
2026-04-22 19:00:00+00:00,336.25,338.03,336.2,337.77,1828464.0,337.538,12122.0
2026-04-23 13:30:00+00:00,339.57,339.97,337.01,338.6,939330.0,338.675,4337.0
2026-04-23 14:00:00+00:00,338.54,338.89,337.25,338.65,1027609.0,338.123,5408.0
2026-04-23 15:00:00+00:00,338.68,340.16,337.8,338.32,892450.0,339.045,5228.0
2026-04-23 16:00:00+00:00,338.31,339.14,338.15,338.74,504167.0,338.682,3476.0
2026-04-23 17:00:00+00:00,338.7,338.99,335.06,338.1,1411080.0,337.152,9961.0
2026-04-23 18:00:00+00:00,338.05,339.65,337.89,338.21,667833.0,338.995,4402.0
2026-04-23 19:00:00+00:00,338.19,338.66,337.18,337.78,920380.0,337.964,6347.0
2026-04-24 13:30:00+00:00,337.59,338.0,334.05,337.22,1265573.0,336.392,7062.0
2026-04-24 14:00:00+00:00,337.24,337.97,335.49,336.03,1038563.0,336.695,6898.0
2026-04-24 15:00:00+00:00,336.0,342.39,335.28,341.64,1993113.0,339.172,11084.0
2026-04-24 16:00:00+00:00,341.58,343.69,340.71,341.86,1149839.0,342.005,6037.0
2026-04-24 17:00:00+00:00,341.86,342.41,340.69,341.52,583372.0,341.44,3439.0
2026-04-24 18:00:00+00:00,341.54,342.32,341.41,341.88,534800.0,341.863,3277.0
2026-04-24 19:00:00+00:00,341.9,343.1,341.82,342.24,1658993.0,342.456,11144.0
2026-04-27 13:30:00+00:00,343.93,346.88,340.81,346.58,2016538.0,343.999,11221.0
2026-04-27 14:00:00+00:00,346.64,349.55,346.09,348.97,1442532.0,348.019,8037.0
2026-04-27 15:00:00+00:00,349.0,349.44,347.82,349.42,804478.0,348.636,4210.0
2026-04-27 16:00:00+00:00,349.48,350.18,348.88,349.42,743583.0,349.6,3888.0
2026-04-27 17:00:00+00:00,349.44,350.9,349.27,350.85,652526.0,350.137,3498.0
2026-04-27 18:00:00+00:00,350.85,350.87,349.71,350.11,654963.0,350.371,3596.0
2026-04-27 19:00:00+00:00,350.11,350.58,348.38,348.52,1213193.0,349.285,8010.0
2026-04-28 13:30:00+00:00,346.92,347.75,344.28,346.62,1671718.0,346.293,8921.0
2026-04-28 14:00:00+00:00,346.52,349.9,346.51,348.53,1962608.0,348.491,11777.0
2026-04-28 15:00:00+00:00,348.52,349.1,346.68,346.89,922170.0,347.993,6303.0
2026-04-28 16:00:00+00:00,346.89,347.5,346.02,347.18,830348.0,346.826,5568.0
2026-04-28 17:00:00+00:00,347.19,347.26,346.01,346.79,711314.0,346.614,4727.0
2026-04-28 18:00:00+00:00,346.83,347.75,346.83,347.52,654099.0,347.351,4378.0
2026-04-28 19:00:00+00:00,347.52,348.6,347.07,347.51,1623696.0,347.782,10562.0
2026-04-29 13:30:00+00:00,345.48,349.78,342.43,349.77,1502756.0,346.39,8408.0
2026-04-29 14:00:00+00:00,349.79,353.4,348.61,349.77,2169605.0,350.908,11624.0
2026-04-29 15:00:00+00:00,349.77,350.96,348.36,348.92,1054224.0,349.706,5927.0
2026-04-29 16:00:00+00:00,348.94,348.94,345.67,346.01,791823.0,347.026,4710.0
2026-04-29 17:00:00+00:00,346.11,347.55,345.59,347.39,794847.0,346.89,4858.0
2026-04-29 18:00:00+00:00,347.41,349.2,346.38,349.11,866888.0,347.568,5340.0
2026-04-29 19:00:00+00:00,349.14,349.52,346.81,347.69,2100736.0,348.276,13737.0
2026-04-30 13:30:00+00:00,371.25,374.23,363.75,367.18,5331737.0,368.947,29008.0
2026-04-30 14:00:00+00:00,367.26,369.95,363.09,369.28,3997886.0,366.524,23673.0
2026-04-30 15:00:00+00:00,369.24,375.15,369.24,371.32,3669327.0,372.561,22780.0
2026-04-30 16:00:00+00:00,371.33,375.04,370.55,374.63,2366633.0,373.247,15221.0
2026-04-30 17:00:00+00:00,374.6,381.18,374.54,381.14,2891888.0,379.345,18018.0
2026-04-30 18:00:00+00:00,381.15,382.32,378.12,378.53,2434085.0,380.479,15347.0
2026-04-30 19:00:00+00:00,378.56,382.63,377.69,382.0,3501229.0,379.986,24542.0
2026-05-01 13:30:00+00:00,377.78,380.99,375.26,380.98,5570933.0,378.068,40449.0
2026-05-01 14:00:00+00:00,380.98,382.65,378.0,381.1,3583638.0,380.783,31968.0
2026-05-01 15:00:00+00:00,381.12,383.28,379.71,380.36,2281910.0,381.315,20203.0
2026-05-01 16:00:00+00:00,380.35,381.97,379.86,381.32,1603264.0,380.906,15434.0
2026-05-01 17:00:00+00:00,381.36,383.0,381.26,381.82,1393345.0,382.048,12984.0
2026-05-01 18:00:00+00:00,381.82,382.16,379.02,380.35,1696667.0,380.872,15665.0
2026-05-01 19:00:00+00:00,380.37,383.39,380.22,383.39,3575489.0,382.379,34835.0
2026-05-04 13:30:00+00:00,382.54,384.18,377.47,379.57,3138406.0,380.692,22003.0
2026-05-04 14:00:00+00:00,379.58,380.63,378.51,379.23,2094982.0,379.516,17416.0
2026-05-04 15:00:00+00:00,379.28,380.8,376.77,380.24,1740079.0,378.66,16722.0
2026-05-04 16:00:00+00:00,380.26,380.65,378.27,380.53,1156456.0,379.644,11850.0
2026-05-04 17:00:00+00:00,380.58,381.8,380.32,381.56,1065175.0,380.922,11032.0
2026-05-04 18:00:00+00:00,381.57,381.63,379.62,379.82,833715.0,380.674,9248.0
2026-05-04 19:00:00+00:00,379.84,380.38,379.02,379.5,1915536.0,379.742,22507.0
2026-05-05 13:30:00+00:00,381.87,388.96,380.84,384.46,2435039.0,384.923,19900.0
2026-05-05 14:00:00+00:00,384.42,385.71,382.8,384.38,1642745.0,384.335,16080.0
2026-05-05 15:00:00+00:00,384.41,385.89,383.54,383.56,899697.0,384.734,8764.0
2026-05-05 16:00:00+00:00,383.56,384.69,382.38,382.47,915681.0,383.677,8703.0
2026-05-05 17:00:00+00:00,382.48,382.71,380.35,382.18,1077662.0,381.638,10703.0
2026-05-05 18:00:00+00:00,382.18,382.85,381.68,382.34,711958.0,382.289,7174.0
2026-05-05 19:00:00+00:00,382.35,384.42,382.14,384.27,1466393.0,383.558,15866.0
2026-05-06 13:30:00+00:00,389.56,393.43,387.37,390.27,2438146.0,390.839,22548.0
2026-05-06 14:00:00+00:00,390.27,394.14,389.28,394.09,2363354.0,391.345,25037.0
2026-05-06 15:00:00+00:00,394.06,394.5,391.53,393.96,1442981.0,392.975,14708.0
2026-05-06 16:00:00+00:00,393.92,396.38,393.6,394.97,1661716.0,395.307,16779.0
2026-05-06 17:00:00+00:00,394.96,396.18,393.67,394.11,1191723.0,394.879,11684.0
2026-05-06 18:00:00+00:00,394.14,394.29,392.08,393.61,886291.0,393.121,8630.0
2026-05-06 19:00:00+00:00,393.61,395.97,391.63,394.99,2683713.0,394.165,31116.0
2026-05-07 13:30:00+00:00,397.27,397.36,392.87,394.55,1752073.0,395.007,14932.0
2026-05-07 14:00:00+00:00,394.5,394.85,392.69,394.08,1452543.0,393.802,15086.0
2026-05-07 15:00:00+00:00,394.13,394.49,392.41,392.5,1129448.0,393.452,12729.0
2026-05-07 16:00:00+00:00,392.5,392.68,390.31,392.41,1252196.0,391.812,12207.0
2026-05-07 17:00:00+00:00,392.42,394.3,391.78,394.12,912837.0,392.996,9896.0
2026-05-07 18:00:00+00:00,394.07,394.87,393.33,394.23,753435.0,394.157,8675.0
2026-05-07 19:00:00+00:00,394.19,395.53,391.7,395.22,1678289.0,393.957,19880.0
2026-05-08 13:30:00+00:00,394.27,397.65,393.67,396.42,1385433.0,395.446,11310.0
2026-05-08 14:00:00+00:00,396.35,398.0,395.52,396.45,1262854.0,396.808,12111.0
2026-05-08 15:00:00+00:00,396.47,396.55,395.04,395.51,1043231.0,395.766,10594.0
2026-05-08 16:00:00+00:00,395.54,396.16,394.04,394.1,754021.0,395.218,7445.0
2026-05-08 17:00:00+00:00,394.06,395.57,393.8,395.31,612776.0,394.602,5777.0
2026-05-08 18:00:00+00:00,395.35,396.29,395.17,395.79,651491.0,395.775,6516.0
2026-05-08 19:00:00+00:00,395.79,398.37,395.54,397.02,1974230.0,396.932,22575.0
2026-05-11 13:30:00+00:00,390.74,394.33,388.71,392.98,2175239.0,391.689,19201.0
2026-05-11 14:00:00+00:00,393.04,393.2,389.07,390.74,1553031.0,391.078,17111.0
2026-05-11 15:00:00+00:00,390.72,391.64,389.87,391.37,1237768.0,390.622,13487.0
2026-05-11 16:00:00+00:00,391.36,391.55,390.2,390.24,938311.0,390.802,10738.0
2026-05-11 17:00:00+00:00,390.27,390.67,389.06,389.7,998504.0,389.892,10486.0
2026-05-11 18:00:00+00:00,389.72,389.97,387.41,387.49,1147718.0,388.831,12723.0
2026-05-11 19:00:00+00:00,387.48,388.09,386.23,386.7,2329385.0,387.12,27632.0
2026-05-12 13:30:00+00:00,385.0,386.35,382.82,384.07,1500393.0,384.566,15288.0
2026-05-12 14:00:00+00:00,384.06,384.93,382.07,384.59,1541914.0,383.743,16452.0
2026-05-12 15:00:00+00:00,384.66,385.75,383.76,383.76,944783.0,384.842,10551.0
2026-05-12 16:00:00+00:00,383.8,384.75,380.51,380.51,1146135.0,382.285,11738.0
2026-05-12 17:00:00+00:00,380.54,381.98,379.72,381.54,1326398.0,380.76,15545.0
2026-05-12 18:00:00+00:00,381.45,382.99,381.14,381.78,860058.0,381.877,9936.0
2026-05-12 19:00:00+00:00,381.78,384.35,381.23,383.97,1968404.0,383.325,24337.0
2026-05-13 13:30:00+00:00,381.84,387.77,381.58,387.58,1499608.0,384.461,13322.0
2026-05-13 14:00:00+00:00,387.64,393.1,387.51,392.85,2419747.0,390.202,23770.0
2026-05-13 15:00:00+00:00,392.83,394.6,392.64,393.87,1369019.0,393.674,14727.0
2026-05-13 16:00:00+00:00,393.86,397.01,393.8,396.95,1347289.0,395.733,13396.0
2026-05-13 17:00:00+00:00,397.0,398.42,396.98,397.88,1216677.0,397.707,12272.0
2026-05-13 18:00:00+00:00,397.88,399.93,397.71,397.76,1401989.0,398.909,14708.0
2026-05-13 19:00:00+00:00,397.81,399.57,397.77,399.1,2163219.0,398.93,25562.0
2026-05-14 13:30:00+00:00,393.79,397.55,393.07,394.65,1621147.0,395.661,16006.0
2026-05-14 14:00:00+00:00,394.61,395.37,392.72,394.41,1639197.0,394.237,18220.0
2026-05-14 15:00:00+00:00,394.44,398.39,394.01,398.33,1342542.0,395.646,15145.0
2026-05-14 16:00:00+00:00,398.31,398.88,395.47,396.73,1050054.0,397.092,11568.0
2026-05-14 17:00:00+00:00,396.79,399.11,395.39,398.5,1109372.0,397.444,12669.0
2026-05-14 18:00:00+00:00,398.5,398.5,395.69,396.63,844383.0,396.547,9850.0
2026-05-14 19:00:00+00:00,396.62,397.35,396.02,397.2,1489428.0,396.868,18928.0
2026-05-15 13:30:00+00:00,393.27,395.73,389.76,394.32,2565089.0,392.979,14814.0
2026-05-15 14:00:00+00:00,394.33,395.88,392.91,394.56,1433891.0,394.521,15960.0
2026-05-15 15:00:00+00:00,394.6,395.07,391.1,392.6,1142255.0,393.3,11756.0
2026-05-15 16:00:00+00:00,392.67,393.55,392.01,392.29,571055.0,392.816,5983.0
2026-05-15 17:00:00+00:00,392.29,394.34,392.19,393.06,681612.0,393.388,7776.0
2026-05-15 18:00:00+00:00,393.08,393.75,391.36,392.81,733414.0,392.483,8223.0
2026-05-15 19:00:00+00:00,392.82,393.53,391.65,393.37,1611868.0,392.958,18989.0
2026-05-18 13:30:00+00:00,392.13,402.42,390.9,401.94,3125653.0,397.431,27411.0
2026-05-18 14:00:00+00:00,401.94,404.47,397.93,400.4,2715052.0,401.587,28856.0
2026-05-18 15:00:00+00:00,400.45,400.89,397.57,397.74,1258554.0,399.274,13475.0
2026-05-18 16:00:00+00:00,397.75,398.89,396.19,398.07,1045376.0,397.502,12140.0
2026-05-18 17:00:00+00:00,398.06,399.34,397.14,397.78,748160.0,398.083,9168.0
2026-05-18 18:00:00+00:00,397.77,397.78,393.15,393.18,1101081.0,395.15,13707.0
2026-05-18 19:00:00+00:00,393.16,395.94,392.17,393.15,1966732.0,393.715,26270.0
2026-05-19 13:30:00+00:00,393.32,393.37,384.05,387.25,2186461.0,387.994,18670.0
2026-05-19 14:00:00+00:00,387.19,389.9,384.5,386.05,2387632.0,386.896,24652.0
2026-05-19 15:00:00+00:00,386.04,386.5,383.4,383.86,1540077.0,384.701,17287.0
2026-05-19 16:00:00+00:00,383.88,386.96,383.0,386.7,1297674.0,384.729,13978.0
2026-05-19 17:00:00+00:00,386.77,390.39,386.23,388.1,1682451.0,388.048,15877.0
2026-05-19 18:00:00+00:00,388.14,388.32,385.02,385.66,875034.0,386.741,10120.0
2026-05-19 19:00:00+00:00,385.61,386.75,383.84,384.94,2566118.0,385.045,30942.0
2026-05-20 13:30:00+00:00,385.27,390.7,382.4,384.0,1806753.0,386.306,16217.0
2026-05-20 14:00:00+00:00,384.04,384.07,380.0,382.47,1900081.0,382.148,20816.0
2026-05-20 15:00:00+00:00,382.38,384.08,381.06,383.24,1438934.0,382.361,14200.0
2026-05-20 16:00:00+00:00,383.23,383.79,381.36,382.07,717534.0,382.282,7135.0
2026-05-20 17:00:00+00:00,382.06,382.63,380.98,382.42,814376.0,381.743,8006.0
2026-05-20 18:00:00+00:00,382.46,384.28,381.94,384.01,948125.0,383.362,9646.0
2026-05-20 19:00:00+00:00,384.0,385.33,382.97,384.91,1885270.0,384.437,23638.0
2026-05-21 13:30:00+00:00,381.99,383.12,379.48,381.99,1357092.0,381.621,12013.0
2026-05-21 14:00:00+00:00,381.9,385.41,379.51,384.88,2442149.0,382.618,23603.0
2026-05-21 15:00:00+00:00,384.92,386.67,383.92,385.68,1141714.0,385.38,12300.0
2026-05-21 16:00:00+00:00,385.7,386.37,383.6,384.34,701411.0,385.055,7737.0
2026-05-21 17:00:00+00:00,384.34,388.68,384.21,388.0,1170653.0,386.695,10497.0
2026-05-21 18:00:00+00:00,388.0,388.17,384.3,384.79,816945.0,386.338,9560.0
2026-05-21 19:00:00+00:00,384.77,385.41,382.0,383.47,2020993.0,383.616,25068.0
2026-05-22 13:30:00+00:00,383.36,383.36,380.6,382.5,1748003.0,382.233,15838.0
2026-05-22 14:00:00+00:00,382.49,384.03,380.32,383.94,1528448.0,382.27,16176.0
2026-05-22 15:00:00+00:00,383.93,384.87,382.73,383.08,847402.0,383.665,8899.0
2026-05-22 16:00:00+00:00,383.09,383.29,381.59,382.27,692251.0,382.325,7702.0
2026-05-22 17:00:00+00:00,382.27,382.63,381.02,381.02,815890.0,381.878,9777.0
2026-05-22 18:00:00+00:00,381.04,381.35,380.38,380.82,813664.0,380.797,9270.0
2026-05-22 19:00:00+00:00,380.82,381.21,378.26,379.36,1671768.0,379.373,22286.0
2026-05-26 13:30:00+00:00,381.0,383.43,379.14,383.4,1833539.0,380.988,16040.0
2026-05-26 14:00:00+00:00,383.4,384.42,381.98,384.22,1705344.0,383.378,19393.0
2026-05-26 15:00:00+00:00,384.22,385.39,381.8,382.66,1727213.0,383.028,19322.0
2026-05-26 16:00:00+00:00,382.61,383.35,381.95,382.6,871896.0,382.542,10501.0
2026-05-26 17:00:00+00:00,382.61,383.03,381.36,382.74,726696.0,382.335,9220.0
2026-05-26 18:00:00+00:00,382.77,383.32,381.78,382.01,745101.0,382.466,9825.0
2026-05-26 19:00:00+00:00,381.99,384.97,381.94,384.94,1636244.0,383.937,20225.0
2026-05-27 13:30:00+00:00,382.77,386.81,382.0,386.48,1905870.0,384.539,19735.0
2026-05-27 14:00:00+00:00,386.58,388.9,385.85,387.12,1732661.0,387.593,19179.0
2026-05-27 15:00:00+00:00,387.11,388.2,386.5,387.29,1226963.0,387.47,12966.0
2026-05-27 16:00:00+00:00,387.28,389.73,386.08,387.77,1048986.0,387.797,11387.0
2026-05-27 17:00:00+00:00,387.76,388.26,386.43,388.04,803608.0,387.242,9250.0
2026-05-27 18:00:00+00:00,388.04,388.76,386.27,386.77,964168.0,387.626,12184.0
2026-05-27 19:00:00+00:00,386.75,387.52,384.39,384.87,2171058.0,385.52,26090.0
2026-05-28 13:30:00+00:00,383.99,384.89,381.25,383.44,1592743.0,383.373,14917.0
2026-05-28 14:00:00+00:00,383.49,386.47,382.02,385.17,1610192.0,384.841,18007.0
2026-05-28 15:00:00+00:00,385.16,390.0,385.11,386.29,1203258.0,386.133,13247.0
2026-05-28 16:00:00+00:00,386.3,386.5,384.19,384.9,833096.0,385.407,8934.0
2026-05-28 17:00:00+00:00,384.9,387.07,384.65,385.7,1366253.0,386.054,15616.0
2026-05-28 18:00:00+00:00,385.72,387.35,385.23,386.41,1006879.0,386.5,12041.0
2026-05-28 19:00:00+00:00,386.42,387.85,385.66,386.13,1668457.0,386.651,20480.0
2026-05-29 13:30:00+00:00,381.23,381.65,376.59,381.5,3044532.0,379.65,27985.0
2026-05-29 14:00:00+00:00,381.51,381.64,377.21,379.04,2568530.0,379.37,31140.0
2026-05-29 15:00:00+00:00,379.02,380.38,378.68,379.14,973953.0,379.619,12084.0
2026-05-29 16:00:00+00:00,379.15,380.31,378.77,379.22,1114584.0,379.542,14081.0
2026-05-29 17:00:00+00:00,379.22,379.87,378.39,378.92,869546.0,379.098,10890.0
2026-05-29 18:00:00+00:00,378.93,380.0,378.04,378.25,926291.0,379.109,10877.0
2026-05-29 19:00:00+00:00,378.27,379.41,374.3,376.38,5326536.0,376.681,59228.0
2026-06-01 13:30:00+00:00,372.1,373.66,369.71,371.11,2035307.0,371.617,16883.0
2026-06-01 14:00:00+00:00,371.07,373.23,370.63,372.66,1617192.0,371.946,17036.0
2026-06-01 15:00:00+00:00,372.66,373.78,370.78,371.44,1052316.0,372.008,12212.0
2026-06-01 16:00:00+00:00,371.48,372.26,370.71,372.1,765453.0,371.298,8425.0
2026-06-01 17:00:00+00:00,372.08,374.5,371.57,372.39,944815.0,373.18,9931.0
2026-06-01 18:00:00+00:00,372.4,373.96,372.0,373.84,903480.0,373.065,9319.0
2026-06-01 19:00:00+00:00,373.86,374.6,372.34,372.58,1385224.0,373.543,15712.0
2026-06-02 13:30:00+00:00,363.18,363.41,355.0,360.3,5265246.0,358.485,48280.0
2026-06-02 14:00:00+00:00,360.33,369.79,359.85,369.03,4584192.0,365.622,44908.0
2026-06-02 15:00:00+00:00,369.07,369.32,363.01,363.13,2416357.0,365.632,26447.0
2026-06-02 16:00:00+00:00,363.13,365.41,362.67,364.48,1437361.0,363.845,16284.0
2026-06-02 17:00:00+00:00,364.52,364.91,363.51,363.55,1138018.0,364.235,13256.0
2026-06-02 18:00:00+00:00,363.54,363.73,360.73,360.88,1421923.0,362.081,15903.0
2026-06-02 19:00:00+00:00,360.89,361.36,357.85,358.5,4446937.0,359.369,52179.0
2026-06-03 13:30:00+00:00,358.34,362.5,357.41,360.31,5427747.0,359.486,53718.0
2026-06-03 14:00:00+00:00,360.36,362.1,356.89,357.56,3942652.0,359.301,45482.0
2026-06-03 15:00:00+00:00,357.64,357.83,354.72,355.94,2488316.0,355.814,25451.0
2026-06-03 16:00:00+00:00,355.99,357.88,354.8,357.55,1786905.0,356.178,20599.0
2026-06-03 17:00:00+00:00,357.57,358.66,356.35,356.78,1545242.0,357.446,19844.0
2026-06-03 18:00:00+00:00,356.78,357.83,355.51,356.98,2068226.0,356.405,25887.0
2026-06-03 19:00:00+00:00,356.98,357.02,354.38,355.85,4526606.0,355.587,58943.0
2026-06-04 13:30:00+00:00,355.6,363.95,354.8,362.85,3486605.0,360.05,36997.0
2026-06-04 14:00:00+00:00,362.85,365.7,361.12,365.31,3449490.0,364.084,39820.0
2026-06-04 15:00:00+00:00,365.31,367.87,364.12,366.87,2600905.0,366.276,28120.0
2026-06-04 16:00:00+00:00,366.89,369.37,366.44,368.38,2163976.0,368.277,23842.0
2026-06-04 17:00:00+00:00,368.41,369.74,367.89,369.44,1505239.0,369.074,18593.0
2026-06-04 18:00:00+00:00,369.44,369.86,367.75,368.65,1635698.0,369.083,18737.0
2026-06-04 19:00:00+00:00,368.66,369.82,367.12,369.37,3210567.0,368.746,39528.0
2026-06-05 13:30:00+00:00,363.38,368.59,361.83,367.05,2509674.0,365.961,25123.0
2026-06-05 14:00:00+00:00,367.12,369.2,365.33,367.53,2511174.0,367.234,27113.0
2026-06-05 15:00:00+00:00,367.56,368.46,365.93,368.0,1639687.0,366.926,17984.0
2026-06-05 16:00:00+00:00,367.97,368.27,365.43,367.21,1441108.0,367.015,16230.0
2026-06-05 17:00:00+00:00,367.22,367.88,365.85,366.72,990324.0,366.747,11238.0
2026-06-05 18:00:00+00:00,366.74,367.15,363.73,364.4,2132538.0,365.326,23886.0
2026-06-05 19:00:00+00:00,364.4,366.41,361.63,365.98,3036073.0,363.891,35048.0
2026-06-08 13:30:00+00:00,362.49,363.38,359.84,360.2,2163948.0,361.709,19409.0
2026-06-08 14:00:00+00:00,360.16,361.8,357.89,361.8,2277362.0,359.224,22061.0
2026-06-08 15:00:00+00:00,361.77,361.97,358.65,359.22,1535768.0,360.467,15221.0
2026-06-08 16:00:00+00:00,359.24,360.31,358.93,359.38,820090.0,359.573,9081.0
2026-06-08 17:00:00+00:00,359.38,362.36,358.3,361.56,1385863.0,360.62,13543.0
2026-06-08 18:00:00+00:00,361.58,362.4,360.75,361.0,855940.0,361.556,9528.0
2026-06-08 19:00:00+00:00,361.02,361.58,359.65,361.14,1818452.0,360.8,22242.0
2026-06-09 13:30:00+00:00,364.99,369.7,364.25,367.08,1669646.0,367.428,13914.0
2026-06-09 14:00:00+00:00,367.07,368.39,360.94,362.5,2060891.0,364.751,21642.0
2026-06-09 15:00:00+00:00,362.55,362.77,357.2,357.86,1620587.0,359.391,18233.0
2026-06-09 16:00:00+00:00,357.96,359.11,354.72,357.56,2116057.0,356.892,24240.0
2026-06-09 17:00:00+00:00,357.58,362.67,357.47,361.42,1877600.0,360.56,13427.0
2026-06-09 18:00:00+00:00,361.44,364.19,361.36,363.7,1262074.0,362.875,14772.0
2026-06-09 19:00:00+00:00,363.71,364.65,360.57,362.0,2471254.0,362.411,29780.0
2026-06-10 13:30:00+00:00,361.0,364.53,359.88,363.95,1791389.0,362.002,16368.0
2026-06-10 14:00:00+00:00,363.98,366.31,360.56,361.22,1892260.0,363.857,20707.0
2026-06-10 15:00:00+00:00,361.22,362.02,357.01,358.49,1632867.0,359.671,18343.0
2026-06-10 16:00:00+00:00,358.56,358.91,355.1,355.93,1203711.0,356.853,12744.0
2026-06-10 17:00:00+00:00,355.91,356.45,353.72,354.92,1207301.0,354.684,13196.0
2026-06-10 18:00:00+00:00,354.86,355.37,353.71,354.34,1010034.0,354.539,11957.0
2026-06-10 19:00:00+00:00,354.35,355.28,352.81,353.38,2716637.0,353.974,32987.0
2026-06-11 13:30:00+00:00,353.25,354.5,344.74,345.63,2899285.0,348.041,26806.0
2026-06-11 14:00:00+00:00,345.67,348.55,344.04,344.41,2450686.0,345.806,25737.0
2026-06-11 15:00:00+00:00,344.44,345.9,343.85,345.24,1605858.0,344.866,17835.0
2026-06-11 16:00:00+00:00,345.19,347.4,344.81,344.84,1325989.0,346.031,14696.0
2026-06-11 17:00:00+00:00,344.9,351.07,343.63,349.47,2114333.0,347.595,22580.0
2026-06-11 18:00:00+00:00,349.47,352.2,348.37,351.87,1393963.0,350.324,15316.0
2026-06-11 19:00:00+00:00,351.87,358.0,351.81,356.32,5572922.0,355.652,60252.0
2026-06-12 13:30:00+00:00,361.1,362.65,353.34,356.61,1869250.0,357.521,20657.0
2026-06-12 14:00:00+00:00,356.63,361.47,356.51,361.35,2006657.0,359.489,22285.0
2026-06-12 15:00:00+00:00,361.44,364.78,358.74,359.08,1804652.0,362.139,20892.0
2026-06-12 16:00:00+00:00,359.16,361.02,358.38,359.95,863725.0,359.543,9113.0
2026-06-12 17:00:00+00:00,359.98,362.0,359.01,359.51,924534.0,360.244,9037.0
2026-06-12 18:00:00+00:00,359.52,360.05,358.78,358.85,642847.0,359.373,7787.0
2026-06-12 19:00:00+00:00,358.88,359.48,356.9,358.07,1652040.0,358.049,20122.0
2026-06-15 13:30:00+00:00,365.99,370.21,364.65,367.12,1860261.0,367.098,14912.0
2026-06-15 14:00:00+00:00,367.2,369.55,365.38,368.42,1677596.0,367.406,17480.0
2026-06-15 15:00:00+00:00,368.4,370.37,367.74,370.08,1466747.0,369.144,15354.0
2026-06-15 16:00:00+00:00,370.13,370.65,368.76,369.35,988883.0,369.587,10593.0
2026-06-15 17:00:00+00:00,369.35,370.12,368.9,369.43,747645.0,369.522,7796.0
2026-06-15 18:00:00+00:00,369.44,369.81,368.77,369.39,788905.0,369.301,8946.0
2026-06-15 19:00:00+00:00,369.4,369.52,365.6,367.05,2021500.0,367.296,23723.0
2026-06-16 13:30:00+00:00,367.47,369.2,365.32,366.28,1009976.0,367.045,8727.0
2026-06-16 14:00:00+00:00,366.28,372.21,366.25,372.15,1857419.0,369.707,19064.0
2026-06-16 15:00:00+00:00,372.14,373.6,370.94,370.98,1476171.0,372.4,15432.0
2026-06-16 16:00:00+00:00,370.98,371.11,367.66,368.11,983711.0,369.786,10158.0
2026-06-16 17:00:00+00:00,368.12,369.58,367.84,368.9,907222.0,368.673,8719.0
2026-06-16 18:00:00+00:00,368.85,371.79,368.57,371.57,699379.0,370.342,7220.0
2026-06-16 19:00:00+00:00,371.58,371.82,369.66,371.11,1773797.0,370.916,21944.0
2026-06-17 13:30:00+00:00,367.2,370.15,363.85,364.24,1204187.0,366.354,9635.0
2026-06-17 14:00:00+00:00,364.2,366.07,361.07,362.09,1659677.0,363.832,17689.0
2026-06-17 15:00:00+00:00,362.09,363.16,360.78,362.87,931618.0,362.074,9572.0
2026-06-17 16:00:00+00:00,362.87,363.98,362.08,363.33,708694.0,363.018,7943.0
2026-06-17 17:00:00+00:00,363.3,364.64,361.81,364.57,956327.0,362.961,9618.0
2026-06-17 18:00:00+00:00,364.56,364.82,362.23,362.53,1565196.0,363.663,18395.0
2026-06-17 19:00:00+00:00,362.57,363.2,360.23,362.08,2304013.0,361.791,28014.0
2026-06-18 13:30:00+00:00,364.0,365.95,356.6,358.35,4820806.0,362.929,18377.0
2026-06-18 14:00:00+00:00,358.44,362.22,358.35,361.45,1625434.0,360.929,18122.0
2026-06-18 15:00:00+00:00,361.44,365.59,361.06,364.27,1061926.0,362.772,12130.0
2026-06-18 16:00:00+00:00,364.28,365.58,363.16,364.86,1163104.0,364.314,13180.0
2026-06-18 17:00:00+00:00,364.89,366.94,364.64,366.44,810745.0,365.856,9169.0
2026-06-18 18:00:00+00:00,366.43,367.06,365.56,366.68,811681.0,366.452,9383.0
2026-06-18 19:00:00+00:00,366.7,369.0,364.65,367.11,3252887.0,367.196,40282.0
2026-06-22 13:30:00+00:00,357.39,358.2,352.6,353.62,2833566.0,354.792,25028.0
2026-06-22 14:00:00+00:00,353.63,353.71,344.1,344.68,4789757.0,348.509,44619.0
2026-06-22 15:00:00+00:00,344.66,346.58,340.94,345.27,4324070.0,343.611,39101.0
2026-06-22 16:00:00+00:00,345.34,346.3,344.14,345.69,1746844.0,345.193,15734.0
2026-06-22 17:00:00+00:00,345.7,347.04,344.92,346.43,1868644.0,346.023,19166.0
2026-06-22 18:00:00+00:00,346.46,347.89,346.31,346.77,1568832.0,347.215,15298.0
2026-06-22 19:00:00+00:00,346.75,349.47,346.7,348.67,2952848.0,348.315,32563.0
2026-06-23 13:30:00+00:00,340.0,348.35,339.71,347.78,2297943.0,344.399,20256.0
2026-06-23 14:00:00+00:00,347.79,348.72,345.57,345.98,1941389.0,347.339,20392.0
2026-06-23 15:00:00+00:00,346.0,346.52,344.6,345.71,1310266.0,345.614,14003.0
2026-06-23 16:00:00+00:00,345.7,347.65,344.77,347.38,1084006.0,346.359,11767.0
2026-06-23 17:00:00+00:00,347.4,347.57,346.0,346.16,854912.0,346.868,10510.0
2026-06-23 18:00:00+00:00,346.17,346.65,345.35,346.18,1165242.0,345.89,13803.0
2026-06-23 19:00:00+00:00,346.22,347.72,345.82,346.04,2388217.0,346.666,30457.0
2026-06-24 13:30:00+00:00,348.72,351.89,346.77,349.98,1962866.0,349.299,17347.0
2026-06-24 14:00:00+00:00,349.9,352.83,348.61,352.56,1675233.0,350.43,16846.0
2026-06-24 15:00:00+00:00,352.58,352.63,348.8,349.31,1119910.0,350.251,11664.0
2026-06-24 16:00:00+00:00,349.3,350.15,347.45,348.57,878081.0,348.744,7999.0
2026-06-24 17:00:00+00:00,348.54,349.01,347.57,348.64,1139123.0,348.247,10474.0
2026-06-24 18:00:00+00:00,348.64,348.99,341.81,342.59,2865469.0,344.613,30045.0
2026-06-24 19:00:00+00:00,342.65,345.71,341.5,345.05,2879536.0,343.932,33402.0
2026-06-25 13:30:00+00:00,337.11,340.61,335.9,339.05,2786169.0,337.413,26282.0
2026-06-25 14:00:00+00:00,339.05,342.71,338.57,341.28,2076387.0,340.714,25668.0
2026-06-25 15:00:00+00:00,341.36,341.71,338.97,340.85,1039262.0,340.556,12792.0
2026-06-25 16:00:00+00:00,340.87,341.93,339.88,340.79,954622.0,340.852,10287.0
2026-06-25 17:00:00+00:00,340.82,341.29,338.02,339.98,1701239.0,339.681,20086.0
2026-06-25 18:00:00+00:00,339.98,341.33,338.69,340.59,1216981.0,340.338,14962.0
2026-06-25 19:00:00+00:00,340.63,343.19,339.53,342.19,3219715.0,341.227,40024.0
2026-06-26 13:30:00+00:00,340.88,340.98,334.14,336.07,2793073.0,336.644,25261.0
2026-06-26 14:00:00+00:00,336.23,338.85,335.31,338.6,2003114.0,336.921,22993.0
2026-06-26 15:00:00+00:00,338.65,343.6,338.32,343.1,1807205.0,340.833,19330.0
2026-06-26 16:00:00+00:00,343.07,344.12,339.02,340.63,1598336.0,341.233,17304.0
2026-06-26 17:00:00+00:00,340.62,341.3,339.32,340.5,1799228.0,340.415,19091.0
2026-06-26 18:00:00+00:00,340.48,341.64,339.46,341.18,2127047.0,340.417,24554.0
2026-06-26 19:00:00+00:00,341.21,342.18,333.69,334.91,8721129.0,337.332,88084.0
2026-06-29 13:30:00+00:00,340.02,346.5,338.81,345.79,2462336.0,344.002,20199.0
2026-06-29 14:00:00+00:00,345.86,349.74,344.43,348.39,3809201.0,347.097,38762.0
2026-06-29 15:00:00+00:00,348.38,350.9,348.0,350.73,2764126.0,349.241,28093.0
2026-06-29 16:00:00+00:00,350.73,351.05,348.72,349.55,1819755.0,350.146,17070.0
2026-06-29 17:00:00+00:00,349.58,351.74,349.52,351.44,1407734.0,350.82,14896.0
2026-06-29 18:00:00+00:00,351.4,351.7,350.12,350.34,1379868.0,350.923,14386.0
2026-06-29 19:00:00+00:00,350.35,351.97,349.64,351.06,2783146.0,350.921,33264.0
2026-06-30 13:30:00+00:00,351.17,352.39,348.3,349.55,1346450.0,349.833,11336.0
2026-06-30 14:00:00+00:00,349.45,352.88,348.11,352.39,1494476.0,350.974,13647.0
2026-06-30 15:00:00+00:00,352.41,354.31,351.25,354.29,1399228.0,353.125,13964.0
2026-06-30 16:00:00+00:00,354.29,355.39,353.72,354.56,1083476.0,354.551,11059.0
2026-06-30 17:00:00+00:00,354.58,354.78,352.42,353.14,1147964.0,353.332,10755.0
2026-06-30 18:00:00+00:00,353.18,353.97,352.56,353.4,1479078.0,353.319,15039.0
2026-06-30 19:00:00+00:00,353.36,354.74,353.2,353.32,3054450.0,353.832,37638.0
2026-07-01 13:30:00+00:00,354.7,358.83,353.23,355.2,1907047.0,355.774,17122.0
2026-07-01 14:00:00+00:00,355.16,359.56,354.38,357.6,1553572.0,356.991,16575.0
2026-07-01 15:00:00+00:00,357.6,359.26,355.9,356.14,1151970.0,357.588,12179.0
2026-07-01 16:00:00+00:00,356.15,356.41,354.22,355.13,1112867.0,355.404,11340.0
2026-07-01 17:00:00+00:00,355.18,356.86,355.05,356.55,1447883.0,355.873,13430.0
2026-07-01 18:00:00+00:00,356.55,357.9,356.06,357.06,1120626.0,356.96,11756.0
2026-07-01 19:00:00+00:00,357.12,358.39,356.25,357.88,2192595.0,357.584,28366.0
2026-07-02 13:30:00+00:00,356.15,360.77,355.0,359.43,1666232.0,358.345,13763.0
2026-07-02 14:00:00+00:00,359.49,360.99,356.85,357.43,1412227.0,359.015,14036.0
2026-07-02 15:00:00+00:00,357.47,357.47,352.04,352.74,1966990.0,354.703,16745.0
2026-07-02 16:00:00+00:00,352.74,353.0,350.45,350.49,1255416.0,351.857,12095.0
2026-07-02 17:00:00+00:00,350.48,354.02,350.32,353.35,839689.0,352.073,8203.0
2026-07-02 18:00:00+00:00,353.37,355.75,353.16,354.83,780232.0,354.773,7852.0
2026-07-02 19:00:00+00:00,354.85,356.81,354.64,355.82,2181128.0,356.001,24465.0
2026-07-06 13:30:00+00:00,357.96,360.42,354.2,354.51,1693207.0,356.908,17639.0
2026-07-06 14:00:00+00:00,354.56,359.17,354.19,358.65,1944072.0,357.155,22719.0
2026-07-06 15:00:00+00:00,358.66,361.02,357.84,360.82,1488563.0,359.851,17109.0
2026-07-06 16:00:00+00:00,360.82,362.5,360.55,361.02,1234896.0,361.443,15523.0
2026-07-06 17:00:00+00:00,361.04,362.65,361.0,361.72,1177807.0,361.793,13728.0
2026-07-06 18:00:00+00:00,361.73,364.17,361.33,364.14,1267784.0,362.549,14999.0
2026-07-06 19:00:00+00:00,364.11,365.68,363.92,364.75,3840126.0,364.876,48231.0
2026-07-07 13:30:00+00:00,367.24,370.89,364.75,368.94,1911603.0,368.323,18089.0
2026-07-07 14:00:00+00:00,368.98,369.8,364.49,364.82,2155042.0,367.86,24102.0
2026-07-07 15:00:00+00:00,364.82,366.78,364.42,366.16,1242612.0,365.624,14936.0
2026-07-07 16:00:00+00:00,366.14,366.95,365.03,366.31,824444.0,365.842,10112.0
2026-07-07 17:00:00+00:00,366.29,367.13,366.01,366.86,623343.0,366.458,8764.0
2026-07-07 18:00:00+00:00,366.87,367.29,365.27,365.38,998192.0,366.215,13699.0
2026-07-07 19:00:00+00:00,365.38,365.75,362.42,363.65,2000398.0,364.324,25001.0
2026-07-08 13:30:00+00:00,362.21,364.98,359.63,359.76,1387266.0,361.665,11713.0
2026-07-08 14:00:00+00:00,359.74,360.45,358.0,358.7,1095185.0,359.235,11564.0
2026-07-08 15:00:00+00:00,358.69,359.33,356.94,357.48,1022145.0,358.219,10014.0
2026-07-08 16:00:00+00:00,357.47,358.68,357.33,358.0,622122.0,358.057,6621.0
2026-07-08 17:00:00+00:00,358.0,358.16,355.53,355.66,895777.0,357.292,9497.0
2026-07-08 18:00:00+00:00,355.63,356.43,354.7,355.72,980860.0,355.545,11045.0
2026-07-08 19:00:00+00:00,355.74,359.77,354.85,358.6,1999318.0,357.503,23786.0
2026-07-09 13:30:00+00:00,351.09,356.35,351.08,353.68,1645486.0,353.792,16141.0
2026-07-09 14:00:00+00:00,353.73,354.45,348.66,350.71,2129994.0,350.848,23000.0
2026-07-09 15:00:00+00:00,350.69,351.48,349.76,350.31,1138242.0,350.55,11283.0
2026-07-09 16:00:00+00:00,350.33,352.62,350.1,352.37,875175.0,351.515,9358.0
2026-07-09 17:00:00+00:00,352.38,353.09,351.92,352.93,672451.0,352.555,7287.0
2026-07-09 18:00:00+00:00,352.93,354.26,352.93,353.92,794987.0,353.714,9138.0
2026-07-09 19:00:00+00:00,353.96,356.73,353.77,356.23,1809689.0,355.606,22822.0
2026-07-10 13:30:00+00:00,354.92,355.31,351.99,354.45,1181569.0,353.971,10648.0
2026-07-10 14:00:00+00:00,354.52,355.08,350.96,351.07,1358689.0,352.81,14023.0
2026-07-10 15:00:00+00:00,351.07,353.2,350.7,352.7,905778.0,351.977,9193.0
2026-07-10 16:00:00+00:00,352.67,353.89,352.33,353.15,653503.0,353.233,5731.0
2026-07-10 17:00:00+00:00,353.16,353.17,351.57,352.65,556619.0,352.323,6035.0
2026-07-10 18:00:00+00:00,352.65,353.76,352.44,353.4,490499.0,353.251,5827.0
2026-07-10 19:00:00+00:00,353.39,355.56,353.39,354.93,1444231.0,354.742,18441.0
2026-07-13 13:30:00+00:00,354.1,355.75,352.04,354.45,1248491.0,353.665,12554.0
2026-07-13 14:00:00+00:00,354.55,354.61,351.71,352.88,967123.0,352.719,10761.0
2026-07-13 15:00:00+00:00,352.9,353.77,352.06,352.83,666351.0,352.683,7993.0
2026-07-13 16:00:00+00:00,352.86,354.18,352.4,352.88,555664.0,353.143,6933.0
2026-07-13 17:00:00+00:00,352.94,354.02,352.53,352.83,468885.0,353.223,6194.0
2026-07-13 18:00:00+00:00,352.83,353.71,352.24,352.3,547289.0,352.931,7173.0
2026-07-13 19:00:00+00:00,352.29,352.91,349.82,350.67,1384926.0,350.967,18301.0
2026-07-14 13:30:00+00:00,348.84,352.71,348.84,351.59,923468.0,350.788,8138.0
2026-07-14 14:00:00+00:00,351.67,355.27,350.95,354.83,1108468.0,353.462,11738.0
2026-07-14 15:00:00+00:00,354.87,356.12,353.45,353.83,755628.0,355.134,8930.0
2026-07-14 16:00:00+00:00,353.85,354.18,352.27,353.95,612447.0,353.331,6539.0
2026-07-14 17:00:00+00:00,353.96,356.72,353.87,355.41,833320.0,355.493,9483.0
2026-07-14 18:00:00+00:00,355.38,356.09,354.59,355.96,659831.0,355.235,7875.0
2026-07-14 19:00:00+00:00,355.94,357.88,355.93,357.35,1518484.0,357.226,19642.0
2026-07-15 13:30:00+00:00,355.88,362.41,355.67,361.83,1314141.0,360.486,11538.0
2026-07-15 14:00:00+00:00,361.9,367.24,361.76,365.32,2356959.0,364.69,25494.0
2026-07-15 15:00:00+00:00,365.37,370.87,365.18,370.12,2076590.0,368.736,23893.0
2026-07-15 16:00:00+00:00,370.11,372.14,369.66,370.93,1439632.0,370.968,16512.0
2026-07-15 17:00:00+00:00,370.93,371.28,368.47,370.93,1134446.0,369.857,15021.0
2026-07-15 18:00:00+00:00,370.97,372.14,369.2,369.23,1034575.0,370.819,13768.0
2026-07-15 19:00:00+00:00,369.23,370.56,368.19,370.22,2552118.0,369.674,32059.0
2026-07-16 13:30:00+00:00,372.18,374.35,368.37,370.02,1581530.0,370.752,14797.0
2026-07-16 14:00:00+00:00,369.98,374.1,368.8,372.15,2189466.0,371.816,24582.0
2026-07-16 15:00:00+00:00,372.23,372.63,370.5,370.77,1369536.0,371.447,14929.0
2026-07-16 16:00:00+00:00,370.77,371.69,369.37,371.2,983767.0,370.559,11887.0
2026-07-16 17:00:00+00:00,371.19,371.58,370.25,370.93,782859.0,370.911,9277.0
2026-07-16 18:00:00+00:00,370.93,370.98,355.91,356.07,4333177.0,361.702,43374.0
2026-07-16 19:00:00+00:00,356.02,356.61,351.67,353.81,4104965.0,353.779,47110.0
2026-07-17 13:30:00+00:00,345.88,348.17,341.12,346.09,3602230.0,344.847,22808.0
2026-07-17 14:00:00+00:00,346.06,347.62,344.03,345.33,1721679.0,345.949,20107.0
2026-07-17 15:00:00+00:00,345.3,347.79,344.51,346.85,1066174.0,346.304,11812.0
2026-07-17 16:00:00+00:00,346.9,347.03,345.25,346.71,1002844.0,346.013,11192.0
2026-07-17 17:00:00+00:00,346.71,347.24,342.78,343.37,1458885.0,344.507,15072.0
2026-07-17 18:00:00+00:00,343.36,344.96,342.32,344.67,1265703.0,343.742,13373.0
2026-07-17 19:00:00+00:00,344.67,346.89,343.71,346.12,2065081.0,345.378,25121.0
2026-07-20 13:30:00+00:00,350.17,358.92,349.89,358.07,1941747.0,355.933,19618.0
2026-07-20 14:00:00+00:00,358.15,359.49,355.76,356.1,1323769.0,357.983,14688.0
2026-07-20 15:00:00+00:00,356.12,357.51,355.75,356.27,917840.0,356.565,10366.0
2026-07-20 16:00:00+00:00,356.25,356.39,354.07,354.26,892540.0,355.139,10103.0
2026-07-20 17:00:00+00:00,354.28,354.33,351.89,352.87,840832.0,352.873,9190.0
2026-07-20 18:00:00+00:00,352.87,353.27,350.46,351.35,832123.0,351.674,9812.0
2026-07-20 19:00:00+00:00,351.31,352.88,351.1,351.45,1466942.0,351.844,17551.0
2026-07-21 13:30:00+00:00,350.56,350.74,346.88,349.15,1427149.0,349.168,11258.0
2026-07-21 14:00:00+00:00,349.22,349.5,347.3,348.3,1094912.0,348.578,12161.0
2026-07-21 15:00:00+00:00,348.3,349.67,347.25,348.66,1110860.0,348.297,12550.0
2026-07-21 16:00:00+00:00,348.64,349.3,348.17,348.6,1001832.0,348.695,11226.0
2026-07-21 17:00:00+00:00,348.58,348.91,348.05,348.44,772426.0,348.413,8389.0
2026-07-21 18:00:00+00:00,348.44,348.49,347.71,347.91,838028.0,348.147,9430.0
2026-07-21 19:00:00+00:00,347.94,349.02,346.01,346.15,1913366.0,347.445,22768.0
2026-07-22 13:30:00+00:00,347.38,348.12,345.67,347.82,1270884.0,346.916,12781.0
2026-07-22 14:00:00+00:00,347.84,349.45,346.72,347.42,1766526.0,347.8,17808.0
2026-07-22 15:00:00+00:00,347.4,347.99,346.19,347.13,1130154.0,346.961,12953.0
2026-07-22 16:00:00+00:00,347.12,347.67,346.56,347.03,856277.0,347.097,8853.0
2026-07-22 17:00:00+00:00,347.05,347.63,346.24,346.32,943310.0,347.038,10148.0
2026-07-22 18:00:00+00:00,346.24,346.56,345.54,345.66,1063836.0,346.072,11506.0
2026-07-22 19:00:00+00:00,345.69,345.71,341.64,341.91,3269360.0,343.87,38075.0
2026-07-23 13:30:00+00:00,321.45,324.45,317.91,320.15,7572579.0,320.919,69991.0
2026-07-23 14:00:00+00:00,320.22,320.96,316.59,317.05,5128235.0,318.247,50564.0
2026-07-23 15:00:00+00:00,317.07,319.8,314.94,319.29,4533430.0,317.067,43349.0
2026-07-23 16:00:00+00:00,319.3,321.6,318.37,320.04,3535349.0,320.081,33384.0
2026-07-23 17:00:00+00:00,320.03,320.99,319.36,319.79,2093422.0,319.964,22910.0
2026-07-23 18:00:00+00:00,319.77,320.52,318.41,318.79,1759574.0,319.604,19722.0
2026-07-23 19:00:00+00:00,318.81,319.36,317.78,318.27,4105148.0,318.563,47248.0
2026-07-24 13:30:00+00:00,318.51,323.98,317.5,322.39,3019057.0,320.79,25382.0
2026-07-24 14:00:00+00:00,322.38,323.07,317.5,319.89,2801329.0,319.958,26683.0
2026-07-24 15:00:00+00:00,319.88,321.77,319.26,319.9,1739255.0,320.437,17162.0
2026-07-24 16:00:00+00:00,319.89,319.9,318.19,318.96,1358818.0,319.151,13595.0
2026-07-24 17:00:00+00:00,318.95,320.32,318.38,319.53,1211860.0,319.476,12390.0
2026-07-24 18:00:00+00:00,319.51,320.66,318.57,318.92,1328024.0,319.578,13267.0
2026-07-24 19:00:00+00:00,318.92,320.09,318.74,319.09,2748176.0,319.321,30748.0
2026-07-27 13:30:00+00:00,324.76,328.87,324.35,327.25,2830061.0,327.251,22070.0
2026-07-27 14:00:00+00:00,327.22,330.11,324.53,327.64,3298605.0,327.413,31459.0
2026-07-27 15:00:00+00:00,327.65,329.69,327.14,328.48,1870898.0,328.371,19981.0
2026-07-27 16:00:00+00:00,328.44,329.06,326.38,326.61,1062970.0,327.895,11669.0
2026-07-27 17:00:00+00:00,326.62,327.2,325.9,326.0,939739.0,326.535,10129.0
2026-07-27 18:00:00+00:00,326.02,327.83,325.64,327.49,955685.0,326.333,10844.0
2026-07-27 19:00:00+00:00,327.51,327.9,326.36,326.6,1959552.0,327.084,25973.0
2026-07-28 13:30:00+00:00,327.88,330.17,324.54,325.34,2384486.0,327.077,23369.0
2026-07-28 14:00:00+00:00,325.4,328.94,325.34,328.55,1985544.0,327.466,21743.0
2026-07-28 15:00:00+00:00,328.57,333.27,328.52,332.96,1767672.0,331.426,18612.0
2026-07-28 16:00:00+00:00,333.0,333.89,332.32,333.87,1169926.0,333.038,12127.0
2026-07-28 17:00:00+00:00,333.87,335.19,333.05,335.1,1373133.0,334.31,13921.0
2026-07-28 18:00:00+00:00,335.1,335.21,333.6,334.58,1091146.0,334.426,11688.0
2026-07-28 19:00:00+00:00,334.59,334.76,332.16,332.65,2451630.0,332.989,29621.0
2026-07-29 13:30:00+00:00,333.77,335.67,331.05,331.76,1305192.0,333.349,10927.0
2026-07-29 14:00:00+00:00,331.79,333.49,330.4,333.02,1475344.0,331.803,16261.0
2026-07-29 15:00:00+00:00,332.99,334.42,331.39,331.94,1124791.0,333.091,13248.0
2026-07-29 16:00:00+00:00,331.94,335.84,331.91,335.66,1222325.0,333.979,12958.0
2026-07-29 17:00:00+00:00,335.69,337.3,335.07,337.03,1165243.0,336.189,11912.0
2026-07-29 18:00:00+00:00,337.05,341.98,337.05,341.27,2352648.0,339.574,24294.0
2026-07-29 19:00:00+00:00,341.24,341.73,334.81,335.9,4344941.0,336.544,47970.0
2026-07-30 13:30:00+00:00,333.18,335.45,329.82,331.84,2620035.0,332.076,22838.0
2026-07-30 14:00:00+00:00,331.7,334.74,330.93,332.34,2108173.0,332.437,22565.0
2026-07-30 15:00:00+00:00,332.4,333.71,330.66,332.4,1164280.0,331.929,12260.0
2026-07-30 16:00:00+00:00,332.46,334.91,332.28,334.18,862910.0,333.873,9996.0
2026-07-30 17:00:00+00:00,334.21,334.91,332.18,333.04,932867.0,333.517,10149.0
2026-07-30 18:00:00+00:00,333.07,334.81,332.09,334.61,1034752.0,333.177,11785.0
2026-07-30 19:00:00+00:00,334.6,334.81,333.29,333.69,1776328.0,333.963,23503.0
2026-07-31 13:30:00+00:00,339.87,345.57,339.16,343.32,2529577.0,342.324,22535.0
2026-07-31 14:00:00+00:00,343.24,352.92,343.19,351.84,4462788.0,347.811,37911.0
2026-07-31 15:00:00+00:00,351.78,353.18,347.97,351.45,2121649.0,350.391,21672.0
2026-07-31 16:00:00+00:00,351.47,354.48,351.43,353.05,2049307.0,353.185,20895.0
2026-07-31 17:00:00+00:00,353.08,354.9,352.62,354.01,1890903.0,353.788,25166.0
2026-07-31 18:00:00+00:00,354.05,356.34,353.97,355.37,2068940.0,355.335,25496.0
2026-07-31 19:00:00+00:00,355.37,358.88,354.74,356.71,4872979.0,356.836,59630.0
2026-08-03 13:30:00+00:00,365.35,374.34,363.26,371.34,4115564.0,370.066,37806.0
2026-08-03 14:00:00+00:00,371.43,372.54,366.41,368.5,2988653.0,368.646,32938.0
2026-08-03 15:00:00+00:00,368.5,375.27,367.66,374.23,2809339.0,372.434,28312.0
2026-08-03 16:00:00+00:00,374.3,376.1,373.87,375.23,1677079.0,374.937,18915.0
2026-08-03 17:00:00+00:00,375.25,375.28,372.8,373.13,1353191.0,373.881,16606.0
2026-08-03 18:00:00+00:00,373.16,374.48,372.42,374.24,1277342.0,373.336,15656.0
2026-08-03 19:00:00+00:00,374.25,374.32,371.91,372.5,2894283.0,373.064,36280.0
2026-08-04 13:30:00+00:00,366.13,374.08,366.13,373.97,2557379.0,369.847,21458.0
2026-08-04 14:00:00+00:00,373.92,375.99,373.2,374.68,748078.0,374.632,7568.0
2026-08-04 15:00:00+00:00,373.92,375.2,372.76,373.36,1287076.0,373.812,13939.0
2026-08-04 15:30:00-04:00,376.1900024414063,377.6400146484375,375.0700073242188,375.4299926757813,1782225.0,,
2026-08-04 16:00:00+00:00,373.36,375.19,372.75,373.87,1220160.0,373.832,13127.0
2026-08-04 17:00:00+00:00,373.89,376.27,373.76,375.95,1072906.0,375.253,10939.0
2026-08-04 18:00:00+00:00,375.94,377.67,375.65,376.68,1197432.0,376.774,13178.0
2026-08-04 19:00:00+00:00,376.66,377.64,375.07,375.4,2099491.0,376.475,25815.0
2026-08-05 09:30:00-04:00,380.0849914550781,381.2099914550781,375.614990234375,378.5499877929688,3386496.0,,
2026-08-05 10:30:00-04:00,378.4700012207031,379.95989990234375,376.239990234375,376.2850036621094,1536345.0,,
2026-08-05 11:30:00-04:00,376.2850036621094,376.6499938964844,355.1600036621094,362.8049926757813,9194650.0,,
2026-08-05 12:30:00-04:00,362.8900146484375,363.1000061035156,359.4800109863281,360.010009765625,3830226.0,,
2026-08-05 13:30:00-04:00,360.0400085449219,362.7250061035156,358.3099975585937,360.6199951171875,2773678.0,,
2026-08-05 14:30:00-04:00,360.6099853515625,361.0450134277344,358.6300964355469,359.6600036621094,2719375.0,,
2026-08-05 15:30:00-04:00,359.6600036621094,360.9399108886719,358.8399963378906,360.1099853515625,2671505.0,,
2026-08-06 09:30:00-04:00,358.7919921875,361.9599914550781,358.25,358.6000061035156,3964924.0,,
2026-08-06 10:30:00-04:00,358.57000732421875,360.3900146484375,357.0899963378906,358.67498779296875,1939355.0,,
2026-08-06 11:30:00-04:00,358.7200012207031,358.9999084472656,357.3999938964844,358.4200134277344,1264687.0,,
2026-08-06 12:30:00-04:00,358.45001220703125,358.489990234375,356.6000061035156,356.8450012207031,1395496.0,,
2026-08-06 13:30:00-04:00,356.8699951171875,357.489990234375,355.989990234375,356.5801086425781,1287818.0,,
2026-08-06 14:30:00-04:00,356.6025085449219,357.1700134277344,356.0,356.07000732421875,1654972.0,,
2026-08-06 15:30:00-04:00,356.0450134277344,357.010009765625,355.8299865722656,356.760009765625,1572592.0,,
2026-08-07 09:30:00-04:00,355.2799987792969,357.54998779296875,353.5,354.7698974609375,3701392.0,,
2026-08-07 10:30:00-04:00,354.7699890136719,356.5299987792969,353.1000061035156,356.0050048828125,1681292.0,,
2026-08-07 11:30:00-04:00,356.0199890136719,356.20001220703125,353.2699890136719,353.6099853515625,942668.0,,
2026-08-07 12:30:00-04:00,353.639892578125,354.5899963378906,353.3099975585937,353.8999938964844,827925.0,,
2026-08-07 13:30:00-04:00,353.8949890136719,354.4200134277344,353.29998779296875,353.3399963378906,900868.0,,
2026-08-07 14:30:00-04:00,353.29998779296875,354.2200012207031,352.82000732421875,354.2200012207031,1309749.0,,
2026-08-07 15:30:00-04:00,354.19000244140625,354.75,353.3900146484375,353.3900146484375,1163674.0,,
2026-08-10 09:30:00-04:00,354.239990234375,355.7200012207031,351.4700012207031,355.3099975585937,3699298.0,,
2026-08-10 10:30:00-04:00,355.3299865722656,355.57000732421875,352.3012084960937,353.0,1314008.0,,
2026-08-10 11:30:00-04:00,352.9800109863281,353.6000061035156,352.0199890136719,353.05499267578125,893577.0,,
2026-08-10 12:30:00-04:00,353.05499267578125,353.3599853515625,352.3099975585937,353.0799865722656,595761.0,,
2026-08-10 13:30:00-04:00,353.0799865722656,353.260009765625,352.3399963378906,352.760009765625,634439.0,,
2026-08-10 14:30:00-04:00,352.739990234375,354.7699890136719,352.5799865722656,353.7106018066406,1609286.0,,
2026-08-10 15:30:00-04:00,353.739990234375,355.92999267578125,353.3399963378906,355.8999938964844,1304858.0,,
2026-08-11 09:30:00-04:00,354.2200012207031,355.0,348.3500061035156,348.82501220703125,2094830.0,,
2026-08-11 10:30:00-04:00,350.6300048828125,350.79998779296875,350.44000244140625,350.5400085449219,58388.0,,
2026-08-11 11:30:00-04:00,349.8699951171875,349.94000244140625,347.8999938964844,349.1300048828125,1327010.0,,
2026-08-11 12:30:00-04:00,349.1099853515625,349.1300048828125,345.67999267578125,346.0299987792969,1721431.0,,
2026-08-11 13:30:00-04:00,346.0299987792969,346.8385009765625,345.0015869140625,345.1000061035156,1886239.0,,
2026-08-11 14:30:00-04:00,345.1400146484375,345.2799072265625,343.42999267578125,343.56500244140625,2098880.0,,
2026-08-11 15:30:00-04:00,343.5400085449219,343.7300109863281,342.57000732421875,343.0299987792969,2603973.0,,
2026-08-12 09:30:00-04:00,345.3924865722656,345.5,340.8299865722656,341.7499084472656,4013538.0,,
2026-08-12 10:30:00-04:00,341.6400146484375,342.8999938964844,340.45001220703125,341.1499938964844,2211643.0,,
2026-08-12 11:30:00-04:00,341.1400146484375,341.5299987792969,339.82000732421875,341.510009765625,8454266.0,,
2026-08-12 12:30:00-04:00,341.5400085449219,342.2799987792969,340.9599914550781,341.6700134277344,1201205.0,,
2026-08-12 13:30:00-04:00,341.6400146484375,342.6000061035156,340.20001220703125,341.75,1442729.0,,
2026-08-12 14:30:00-04:00,341.739990234375,342.9700012207031,341.739990234375,342.54998779296875,1406108.0,,
2026-08-12 15:30:00-04:00,342.5599975585937,343.4881896972656,342.1000061035156,342.32000732421875,1427494.0,,
2026-08-13 09:30:00-04:00,344.57000732421875,345.8299865722656,342.5299987792969,344.07000732421875,3967150.0,,
2026-08-13 10:30:00-04:00,344.0799865722656,345.3399963378906,342.4200134277344,342.69000244140625,1961436.0,,
2026-08-13 11:30:00-04:00,342.6700134277344,344.3900146484375,342.3999938964844,344.2799987792969,1286002.0,,
2026-08-13 12:30:00-04:00,344.29998779296875,345.260009765625,343.5299987792969,343.82000732421875,1048484.0,,
2026-08-13 13:30:00-04:00,343.82501220703125,344.7099914550781,343.70001220703125,344.3900146484375,1034317.0,,
2026-08-13 14:30:00-04:00,344.3599853515625,344.6498107910156,343.4700012207031,343.864990234375,1275235.0,,
2026-08-13 15:30:00-04:00,343.8500061035156,344.7699890136719,343.2300109863281,343.9800109863281,2309555.0,,
2026-08-14 09:30:00-04:00,344.260009765625,348.0599975585937,343.822998046875,344.07000732421875,3370206.0,,
2026-08-14 10:30:00-04:00,344.0,344.32000732421875,342.5899963378906,342.95001220703125,1357795.0,,
2026-08-14 11:30:00-04:00,342.9200134277344,343.1499938964844,342.3999938964844,342.8399963378906,934731.0,,
2026-08-14 12:30:00-04:00,342.8387145996094,343.0,342.3500061035156,342.385009765625,687599.0,,
2026-08-14 13:30:00-04:00,342.385009765625,342.9200134277344,342.0755920410156,342.6343994140625,808084.0,,
2026-08-14 14:30:00-04:00,342.6400146484375,343.4399108886719,342.6400146484375,343.0299987792969,768275.0,,
2026-08-14 15:30:00-04:00,343.0299987792969,343.69000244140625,342.5450134277344,343.5400085449219,1096816.0,,
2026-08-17 09:30:00-04:00,344.07501220703125,345.0,341.010009765625,341.3500061035156,2653618.0,,
2026-08-17 10:30:00-04:00,341.2850036621094,341.97088623046875,339.57000732421875,341.4848022460937,1876011.0,,
2026-08-17 11:30:00-04:00,341.4849853515625,342.04998779296875,340.6600036621094,341.8999938964844,1293305.0,,
2026-08-17 12:30:00-04:00,341.8800048828125,342.1299133300781,340.1499938964844,340.7799072265625,1232539.0,,
2026-08-17 13:30:00-04:00,340.7650146484375,341.54998779296875,340.32000732421875,341.32501220703125,855205.0,,
2026-08-17 14:30:00-04:00,341.32501220703125,341.70001220703125,341.0599975585937,341.4349975585937,953487.0,,
2026-08-17 15:30:00-04:00,341.3999938964844,341.6000061035156,340.8500061035156,341.4599914550781,1732343.0,,
2026-08-18 09:30:00-04:00,339.8046875,341.95001220703125,337.5199890136719,341.8999938964844,2930089.0,,
2026-08-18 10:30:00-04:00,341.8999938964844,342.0799865722656,340.44000244140625,340.73760986328125,1410816.0,,
2026-08-18 11:30:00-04:00,340.6499938964844,341.75,340.0599975585937,341.4549865722656,997459.0,,
2026-08-18 12:30:00-04:00,341.4549865722656,341.55499267578125,340.4599914550781,340.75,827704.0,,
2026-08-18 13:30:00-04:00,340.739990234375,342.389892578125,340.56500244140625,342.3500061035156,1303195.0,,
2026-08-18 14:30:00-04:00,342.364990234375,342.3900146484375,340.2200012207031,341.7799987792969,1267438.0,,
2026-08-18 15:30:00-04:00,341.8099975585937,342.3599853515625,341.2099914550781,341.3699951171875,2478155.0,,
2026-08-19 09:30:00-04:00,339.79998779296875,341.8399963378906,338.04998779296875,340.1099853515625,2971630.0,,
2026-08-19 10:30:00-04:00,340.07000732421875,343.19000244140625,339.8500061035156,342.07000732421875,1920718.0,,
2026-08-19 11:30:00-04:00,342.0599975585937,343.5599975585937,341.6600036621094,342.5799865722656,1222510.0,,
2026-08-19 12:30:00-04:00,342.5400085449219,342.8699951171875,340.70001220703125,341.010009765625,848078.0,,
2026-08-19 13:30:00-04:00,341.0299987792969,341.3500061035156,340.4104919433594,340.7300109863281,767983.0,,
2026-08-19 14:30:00-04:00,340.7699890136719,341.6700134277344,340.17999267578125,340.94000244140625,977459.0,,
2026-08-19 15:30:00-04:00,340.9100036621094,341.9800109863281,340.9100036621094,341.7699890136719,1521350.0,,
2026-08-20 09:30:00-04:00,339.69000244140625,340.79998779296875,338.1000061035156,338.6199951171875,2573318.0,,
2026-08-20 10:30:00-04:00,338.5799865722656,339.8299865722656,336.4200134277344,336.95001220703125,1951574.0,,
2026-08-20 11:30:00-04:00,336.95001220703125,338.3900146484375,336.1700134277344,338.32000732421875,1449331.0,,
2026-08-20 12:30:00-04:00,338.29998779296875,339.54901123046875,338.2200012207031,338.5299987792969,814321.0,,
2026-08-20 13:30:00-04:00,338.57501220703125,338.7049865722656,336.9200134277344,337.1600036621094,778725.0,,
2026-08-20 14:30:00-04:00,337.17010498046875,338.6000061035156,337.1600036621094,338.375,1114227.0,,
2026-08-20 15:30:00-04:00,338.3800048828125,338.9700012207031,337.4599914550781,338.2300109863281,1983278.0,,
2026-08-21 09:30:00-04:00,340.2799987792969,340.3804016113281,337.82000732421875,339.82000732421875,3926242.0,,
2026-08-21 10:30:00-04:00,339.80999755859375,342.239990234375,339.7099914550781,341.5299987792969,1493869.0,,
2026-08-21 11:30:00-04:00,341.54998779296875,342.5899963378906,340.8399963378906,341.3399963378906,876095.0,,
2026-08-21 12:30:00-04:00,341.3299865722656,343.2799987792969,341.31500244140625,342.2200012207031,1285348.0,,
2026-08-21 13:30:00-04:00,342.2200012207031,342.44000244140625,341.5299987792969,341.6099853515625,639261.0,,
2026-08-21 14:30:00-04:00,341.6300048828125,342.75,341.45001220703125,342.5350036621094,917521.0,,
2026-08-21 15:30:00-04:00,342.57000732421875,343.25,341.0,341.8299865722656,1892399.0,,
