date,open,high,low,close,volume
2016-08-08,136.91,137.4,136.16,136.21,3182800
2016-08-09,136.27,137.09,135.34,136.11,3180400
2016-08-10,136.3,136.89,135.06,135.6,3438000
2016-08-11,136.31,137.5,135.17,137.04,4183300
2016-08-12,136.0,137.39,135.63,136.57,4090000
2016-08-15,137.11,137.97,136.93,137.06,6327400
2016-08-16,137.65,138.65,135.66,136.23,7286100
2016-08-17,135.5,136.47,134.75,136.15,5222200
2016-08-18,136.03,136.15,134.44,134.8,4430800
2016-08-19,134.42,135.76,134.32,135.46,3959000
2016-08-22,135.6,135.85,135.02,135.34,2752500
2016-08-23,135.93,136.55,135.93,136.22,2961100
2016-08-24,135.77,136.25,134.81,135.06,4113000
2016-08-25,134.73,136.16,134.37,135.43,3168900
2016-08-26,135.43,136.18,133.92,134.36,4193400
2016-08-29,134.86,135.3,134.58,135.24,3227700
2016-08-30,134.8,135.05,133.63,134.1,3440600
2016-08-31,133.89,134.68,133.6,134.12,4650600
2016-09-01,134.48,135.06,133.66,134.23,3851800
2016-09-02,134.77,135.88,134.55,135.15,3402600
2016-09-06,134.96,135.72,133.88,134.1,4220400
2016-09-07,133.3,133.87,132.16,132.79,4676000
2016-09-08,131.55,132.94,131.12,131.26,5019600
2016-09-09,130.64,130.89,127.73,127.74,6315000
2016-09-12,126.5,128.85,126.0,128.59,7882600
2016-09-13,127.74,128.0,125.43,125.72,6376300
2016-09-14,125.61,126.95,125.57,126.26,4313900
2016-09-15,125.97,127.64,125.71,126.96,5100700
2016-09-16,127.02,127.02,125.7,126.11,6941200
2016-09-19,126.68,127.37,126.17,126.29,4525400
2016-09-20,126.86,127.33,126.33,126.83,3627100
2016-09-21,127.52,128.59,126.55,128.11,5367400
2016-09-22,128.82,129.65,128.72,128.75,4099700
2016-09-23,128.63,129.2,127.79,127.79,4464700
2016-09-26,127.1,127.23,125.35,125.45,5338500
2016-09-27,125.8,126.99,125.36,126.82,4433600
2016-09-28,127.21,128.53,127.06,128.27,5751100
2016-09-29,128.5,130.74,127.91,127.93,5987500
2016-09-30,127.87,129.24,127.63,128.68,6044600
2016-10-03,128.2,128.82,127.97,128.5,3652700
2016-10-04,128.53,129.92,127.95,128.2,4848600
2016-10-05,128.32,129.03,127.52,127.58,4115400
2016-10-06,126.87,130.45,126.43,130.19,7472400
2016-10-07,129.83,130.41,127.88,128.31,5511900
2016-10-10,128.45,128.94,127.25,127.25,4349700
2016-10-11,126.85,127.08,125.46,125.85,5113900
2016-10-12,125.85,127.16,125.71,126.69,3545900
2016-10-13,126.25,126.66,125.17,126.29,3655700
2016-10-14,126.9,127.56,126.42,126.42,4462100
2016-10-17,126.18,126.8,124.88,125.14,3753000
2016-10-18,126.15,126.25,125.15,125.74,3563300
2016-10-19,125.76,126.09,124.51,125.89,4094800
2016-10-20,125.95,127.08,125.57,126.25,3543200
2016-10-21,125.31,126.8,125.25,126.6,3234100
2016-10-24,127.23,128.14,127.23,127.78,3824800
2016-10-25,126.27,126.27,123.29,123.34,8731900
2016-10-26,122.83,123.75,122.4,122.71,5456100
2016-10-27,122.71,123.46,121.85,122.26,4261600
2016-10-28,122.7,124.09,122.21,123.58,4497700
2016-10-31,123.35,123.5,121.62,122.01,5671500
2016-11-01,121.69,122.25,119.2,119.89,7492600
2016-11-02,119.93,121.29,119.82,120.29,4846000
2016-11-03,120.34,120.93,120.08,120.18,5113500
2016-11-04,120.54,121.9,120.06,120.91,4607600
2016-11-07,122.5,123.98,122.31,123.75,5510400
2016-11-08,123.95,125.42,123.6,124.25,6105900
2016-11-09,120.95,126.26,120.32,126.02,8052500
2016-11-10,126.72,130.1,126.51,129.03,8737000
2016-11-11,129.06,130.13,128.72,129.85,5496100
2016-11-14,130.5,130.64,126.94,127.67,11438500
2016-11-15,127.07,127.67,122.92,124.4,13445400
2016-11-16,123.6,125.7,123.28,125.33,9793400
2016-11-17,125.87,129.14,125.7,128.93,6801200
2016-11-18,128.93,129.36,127.72,128.33,4428900
2016-11-21,128.28,128.9,127.41,128.22,4072100
2016-11-22,128.38,131.3,128.38,130.98,5535800
2016-11-23,131.36,131.99,130.86,131.21,3582700
2016-11-25,131.86,132.14,131.07,131.57,2545800
2016-11-28,131.25,131.65,130.17,130.64,4859000
2016-11-29,130.35,130.78,129.25,129.62,4127100
2016-11-30,129.34,130.32,128.81,129.4,6973800
2016-12-01,129.34,130.35,129.0,129.47,5398700
2016-12-02,129.04,130.62,128.91,129.87,3738300
2016-12-05,130.32,130.46,129.56,129.68,4065400
2016-12-06,130.13,130.14,128.68,128.74,4292600
2016-12-07,128.75,133.06,128.75,132.46,6987300
2016-12-08,132.21,133.13,131.58,132.53,4975400
2016-12-09,132.51,133.4,131.1,133.39,5174600
2016-12-12,133.13,134.66,133.13,134.58,6276500
2016-12-13,134.55,136.89,134.55,136.54,6886300
2016-12-14,136.05,136.88,135.75,135.98,7036300
2016-12-15,136.51,137.32,135.77,135.84,5839800
2016-12-16,136.11,136.61,135.05,135.11,9429300
2016-12-19,135.06,136.5,134.79,135.44,3463600
2016-12-20,135.65,137.24,135.43,137.11,4301500
2016-12-21,136.93,137.24,136.56,136.83,2704700
2016-12-22,136.25,137.0,135.18,135.43,4094800
2016-12-23,135.65,135.99,134.79,135.05,2337300
2016-12-27,134.76,135.72,134.71,135.26,2254900
2016-12-28,135.57,135.86,134.66,135.07,3369400
2016-12-29,135.02,135.85,134.63,135.1,2777900
2016-12-30,135.64,135.82,133.83,134.08,4149100
2017-01-03,135.1,135.51,133.59,134.31,5299700
2017-01-04,134.34,135.94,134.21,135.5,4055300
2017-01-05,134.98,135.46,133.78,133.9,3821100
2017-01-06,133.97,134.33,133.05,133.53,3827500
2017-01-09,133.22,134.76,133.14,134.31,4310200
2017-01-10,134.0,136.38,133.77,136.1,5928300
2017-01-11,136.1,136.39,134.74,135.7,4643700
2017-01-12,135.51,135.53,133.94,135.07,3600000
2017-01-13,134.92,135.75,134.76,135.04,3117600
2017-01-17,135.09,136.48,134.76,135.93,3976900
2017-01-18,135.9,136.29,134.92,136.16,3869700
2017-01-19,136.0,136.78,134.93,135.39,5078700
2017-01-20,135.26,136.0,134.6,135.6,4853900
2017-01-23,135.31,138.27,135.0,138.07,7056200
2017-01-24,137.88,138.38,137.3,138.06,4055100
2017-01-25,138.45,139.37,137.43,137.48,3631700
2017-01-26,138.01,139.18,137.71,138.46,2931200
2017-01-27,138.8,138.83,137.7,138.33,3149500
2017-01-30,137.99,138.49,136.86,138.47,2705000
2017-01-31,137.63,138.62,136.85,137.58,3227000
2017-02-01,137.66,137.96,136.53,137.44,2968800
2017-02-02,137.47,137.55,136.56,136.95,2197600
2017-02-03,137.26,138.47,136.97,137.98,2654700
2017-02-06,137.43,137.9,136.45,136.49,3864100
2017-02-07,137.16,137.7,136.33,136.65,3242000
2017-02-08,136.89,137.91,136.82,137.88,2882700
2017-02-09,137.88,139.15,137.41,138.71,2931900
2017-02-10,138.6,140.57,138.25,139.85,3297000
2017-02-13,140.48,140.65,139.05,139.87,2753000
2017-02-14,139.95,141.37,139.34,141.36,4775800
2017-02-15,141.27,142.66,140.95,142.19,4343500
2017-02-16,142.39,142.99,140.9,141.54,4295800
2017-02-17,141.36,143.12,141.0,143.0,5108400
2017-02-21,145.6,145.65,143.25,145.02,9275900
2017-02-22,145.05,145.47,143.97,145.25,5037800
2017-02-23,146.11,146.33,144.51,144.71,4184000
2017-02-24,144.65,146.08,144.65,145.95,3516900
2017-02-27,145.87,146.01,144.8,145.3,4388400
2017-02-28,144.98,145.63,144.47,144.91,4211900
2017-03-01,146.72,147.7,145.89,146.68,6213500
2017-03-02,147.08,148.23,146.39,147.95,4053400
2017-03-03,147.95,148.26,146.82,147.81,3412300
2017-03-06,147.13,147.51,146.58,147.13,3998000
2017-03-07,146.33,146.95,145.83,146.02,3996300
2017-03-08,146.22,147.12,145.92,146.92,3614500
2017-03-09,147.08,147.16,146.53,146.62,3594000
2017-03-10,147.24,147.46,146.45,146.85,3123200
2017-03-13,147.33,147.67,146.5,147.43,2933300
2017-03-14,147.27,147.59,146.46,147.16,3272500
2017-03-15,147.35,148.38,146.76,147.95,3670500
2017-03-16,148.4,149.19,148.01,148.73,3544500
2017-03-17,149.4,149.99,148.13,149.6,9002000
2017-03-20,149.38,149.59,147.7,147.8,5906100
2017-03-21,148.33,148.7,146.26,146.61,4530000
2017-03-22,146.73,147.93,146.06,147.36,3169000
2017-03-23,147.28,148.41,147.03,147.99,3219400
2017-03-24,147.85,150.15,147.01,147.71,4735400
2017-03-27,147.07,147.68,146.26,146.87,2943000
2017-03-28,147.29,147.35,145.94,147.2,4635600
2017-03-29,146.37,147.42,145.96,147.04,3730000
2017-03-30,146.72,147.38,146.43,146.95,2450800
2017-03-31,146.87,147.18,146.65,146.83,3248700
2017-04-03,146.94,147.2,146.09,146.62,3775300
2017-04-04,146.5,146.9,146.05,146.34,3124200
2017-04-05,146.63,148.44,146.58,146.64,3390400
2017-04-06,147.04,147.96,147.0,147.24,2699100
2017-04-07,147.1,147.8,146.9,147.13,2869100
2017-04-10,146.96,149.0,146.75,148.21,5044500
2017-04-11,147.91,148.65,147.1,148.2,2844800
2017-04-12,147.42,147.57,146.37,146.54,4445600
2017-04-13,146.42,147.01,145.87,145.91,2346900
2017-04-17,145.9,147.31,145.76,147.31,3467700
2017-04-18,147.06,148.18,146.77,147.76,2969400
2017-04-19,147.93,148.4,147.02,147.22,3461000
2017-04-20,147.66,149.05,147.44,148.72,3700500
2017-04-21,148.49,150.15,148.4,150.0,5019900
2017-04-24,151.08,152.06,150.85,151.89,5077200
2017-04-25,152.79,154.65,152.79,153.03,5496500
2017-04-26,153.11,154.81,152.4,154.22,5120200
2017-04-27,154.69,156.27,153.89,156.12,5881400
2017-04-28,156.01,156.25,154.1,156.1,4983000
2017-05-01,156.22,156.27,154.21,154.21,3152900
2017-05-02,154.49,155.16,153.76,154.95,3295100
2017-05-03,155.16,155.39,154.59,155.0,2445500
2017-05-04,155.46,155.64,154.26,154.86,3793100
2017-05-05,155.34,155.75,154.09,155.73,2500600
2017-05-08,155.85,157.16,155.49,156.89,3184600
2017-05-09,157.04,157.74,156.29,157.68,3004400
2017-05-10,157.52,158.15,157.3,158.13,2617600
2017-05-11,157.35,157.7,155.33,156.2,3929100
2017-05-12,156.39,157.2,155.75,156.92,2926400
2017-05-15,157.28,157.84,156.66,157.33,6068900
2017-05-16,160.11,160.86,158.05,158.26,10120900
2017-05-17,158.26,158.26,155.89,156.09,5937000
2017-05-18,155.48,156.67,155.24,155.7,4858600
2017-05-19,156.04,156.74,155.32,156.3,4781800
2017-05-22,156.49,157.0,155.8,155.96,3802100
2017-05-23,155.91,156.43,154.68,154.83,4640900
2017-05-24,154.7,155.43,153.29,155.0,4558700
2017-05-25,156.2,156.69,155.35,156.46,3110800
2017-05-26,156.1,156.42,154.64,154.9,4284700
2017-05-30,154.0,154.56,153.52,153.88,3504300
2017-05-31,154.36,154.38,153.28,153.51,7158400
2017-06-01,153.52,155.16,152.74,155.15,3385100
2017-06-02,154.79,155.86,154.42,155.35,3485600
2017-06-05,155.53,155.62,154.23,154.79,2651800
2017-06-06,154.44,154.66,153.65,154.2,3260300
2017-06-07,154.69,155.3,154.35,154.96,3159000
2017-06-08,154.96,155.23,153.38,153.5,4041600
2017-06-09,154.0,154.0,152.78,152.96,4705300
2017-06-12,152.8,153.3,151.73,152.18,4473900
2017-06-13,152.31,154.04,152.06,153.99,3753800
2017-06-14,154.5,157.28,153.96,156.76,5999400
2017-06-15,156.13,157.27,154.92,156.77,3972300
2017-06-16,156.25,156.69,155.41,156.64,9105400
2017-06-19,156.91,159.03,156.39,158.81,5196100
2017-06-20,158.73,159.22,157.6,157.67,4201200
2017-06-21,157.91,158.53,156.43,156.59,4071300
2017-06-22,156.44,157.07,155.47,155.48,3347400
2017-06-23,155.16,155.23,150.91,151.31,11422200
2017-06-26,151.67,151.97,151.13,151.42,4128500
2017-06-27,151.06,153.25,150.75,152.24,4567100
2017-06-28,152.75,153.45,152.36,153.23,5087000
2017-06-29,152.77,153.0,151.52,152.16,2855400
2017-06-30,152.51,154.0,152.27,153.4,3640900
2017-07-03,154.39,154.79,153.71,154.01,1658500
2017-07-05,154.01,154.29,151.46,152.69,4432500
2017-07-06,151.77,152.48,151.22,152.05,3408500
2017-07-07,152.04,152.87,151.9,152.23,3775400
2017-07-10,152.22,152.26,151.0,151.18,5081100
2017-07-11,151.45,151.81,150.5,150.6,5642000
2017-07-12,151.46,153.14,151.09,152.59,4275900
2017-07-13,152.82,154.13,152.6,153.29,3288000
2017-07-14,153.22,153.67,151.82,152.88,3588400
2017-07-17,152.9,154.5,152.72,153.89,4166600
2017-07-18,153.75,153.86,151.98,152.17,3783600
2017-07-19,152.55,154.0,152.55,153.3,2808400
2017-07-20,152.56,152.57,145.61,147.03,18264100
2017-07-21,147.03,147.46,146.13,146.65,9120200
2017-07-24,146.61,146.69,144.25,144.58,7295900
2017-07-25,145.74,147.4,145.28,146.97,5002400
2017-07-26,146.86,147.25,145.96,146.69,2836000
2017-07-27,146.18,147.86,145.89,147.73,5399000
2017-07-28,147.9,148.27,147.32,148.08,3421100
2017-07-31,148.0,149.98,147.54,149.6,5253300
2017-08-01,150.24,150.39,148.95,149.85,4110600
2017-08-02,149.94,150.86,149.92,150.5,3754200
2017-08-03,150.7,152.03,150.5,150.79,5146600
2017-08-04,151.01,152.75,150.8,152.75,3258600
2017-08-07,152.83,154.47,152.47,153.35,3833600
2017-08-08,153.32,154.2,153.08,153.35,3218900
2017-08-09,153.35,155.57,153.32,155.26,3844900
2017-08-10,155.19,155.98,153.88,153.88,4433700
2017-08-11,154.11,155.72,153.98,154.88,3650500
2017-08-14,156.04,156.05,153.56,154.26,6662500
2017-08-15,154.28,154.8,148.26,150.17,13528700
2017-08-16,151.45,152.95,151.16,152.25,6043900
2017-08-17,151.81,152.15,149.61,149.67,4460900
2017-08-18,149.61,149.61,146.96,147.49,6989100
2017-08-21,147.1,149.88,146.89,149.2,4222500
2017-08-22,149.29,150.58,149.29,149.91,3268100
2017-08-23,148.58,149.48,147.43,149.1,5235400
2017-08-24,149.73,150.6,147.98,148.25,3736000
2017-08-25,148.51,150.53,148.4,149.65,3048000
2017-08-28,151.94,152.39,150.43,151.39,6845400
2017-08-29,150.07,150.9,149.03,149.84,5368700
2017-08-30,150.0,150.25,149.28,150.0,3641000
2017-08-31,150.61,150.93,149.85,149.87,6083300
2017-09-01,150.26,150.94,149.76,150.78,3383000
2017-09-05,151.71,153.92,151.7,152.93,7488800
2017-09-06,154.86,157.03,154.15,156.56,8126000
2017-09-07,158.17,159.28,156.79,157.93,8273100
2017-09-08,159.09,160.69,157.52,159.66,10088600
2017-09-11,158.42,158.74,156.22,158.37,8847900
2017-09-12,159.06,160.93,158.71,159.91,5794600
2017-09-13,160.39,161.38,159.55,160.02,4713700
2017-09-14,160.35,160.85,159.33,159.38,5290800
2017-09-15,159.98,159.99,158.29,158.4,9124200
2017-09-18,159.0,159.0,157.69,157.81,4010600
2017-09-19,157.8,158.32,157.16,157.66,3713400
2017-09-20,157.57,159.39,157.36,158.68,4599200
2017-09-21,158.87,159.56,158.72,159.19,3082100
2017-09-22,159.14,160.09,159.01,159.97,3576500
2017-09-25,160.05,161.43,159.75,161.1,4897700
2017-09-26,161.55,162.0,160.79,161.26,3222600
2017-09-27,161.38,161.69,160.14,160.92,3966200
2017-09-28,160.72,162.45,160.66,162.36,4614100
2017-09-29,162.5,163.61,162.15,163.56,3467400
2017-10-02,164.2,164.25,163.22,164.02,2721400
2017-10-03,164.06,165.28,164.0,165.17,3046400
2017-10-04,165.49,166.08,164.91,165.29,2746500
2017-10-05,165.07,166.25,164.26,166.12,3504900
2017-10-06,166.18,166.63,165.74,165.85,2916300
2017-10-09,166.14,166.63,165.42,165.71,2131800
2017-10-10,165.7,165.8,164.64,165.16,2755400
2017-10-11,165.19,165.87,164.45,165.25,2319300
2017-10-12,165.41,165.41,164.47,164.59,3397800
2017-10-13,164.92,166.07,164.35,164.47,3259000
2017-10-16,164.47,164.67,163.26,164.22,2586700
2017-10-17,164.22,164.92,161.51,163.35,4189200
2017-10-18,163.42,164.24,163.35,163.45,2757900
2017-10-19,163.5,164.11,162.77,163.24,2676100
2017-10-20,163.97,164.15,162.74,163.43,4166500
2017-10-23,164.04,166.27,163.75,164.74,3995100
2017-10-24,164.67,166.46,164.65,166.03,3686700
2017-10-25,166.11,166.95,165.38,166.07,4189400
2017-10-26,166.39,167.94,166.11,167.65,3750500
2017-10-27,166.8,167.75,166.46,167.34,3720400
2017-10-30,166.99,166.99,164.88,165.31,3906300
2017-10-31,165.4,166.34,165.1,165.78,2922400
2017-11-01,166.42,166.74,165.12,165.38,3568300
2017-11-02,165.01,165.01,160.53,162.71,6518900
2017-11-03,163.01,164.99,162.68,164.39,3080900
2017-11-06,164.8,164.88,163.01,164.22,3275500
2017-11-07,164.09,164.4,162.83,163.66,3198100
2017-11-08,163.34,164.68,163.27,164.05,2912900
2017-11-09,164.1,164.14,162.28,163.27,3405200
2017-11-10,163.34,164.58,162.93,164.11,3554900
2017-11-13,164.64,166.64,164.25,165.35,7189300
2017-11-14,163.62,168.14,163.15,168.06,10284000
2017-11-15,167.44,167.44,165.35,165.47,5534500
2017-11-16,166.68,167.76,166.06,167.5,4587900
2017-11-17,167.0,168.43,166.06,167.74,4530100
2017-11-20,168.14,170.69,167.8,170.45,4699900
2017-11-21,170.53,172.86,170.15,172.86,6229000
2017-11-22,172.89,172.94,172.04,172.06,4133500
2017-11-24,172.11,173.1,171.74,172.33,1853600
2017-11-27,172.87,174.91,172.38,174.16,4539100
2017-11-28,174.89,176.77,172.99,176.57,6049000
2017-11-29,176.57,178.43,175.68,177.25,4902200
2017-11-30,178.07,180.67,177.41,179.82,9180700
2017-12-01,180.32,180.6,176.7,180.42,4683400
2017-12-04,183.19,186.31,183.19,184.9,6193800
2017-12-05,182.72,184.91,182.26,182.85,6347600
2017-12-06,180.25,182.15,178.68,180.8,6892500
2017-12-07,180.05,182.58,179.77,182.0,5484300
2017-12-08,182.5,183.9,182.16,183.41,5092100
2017-12-11,181.86,182.96,181.12,182.25,6038900
2017-12-12,182.75,183.21,181.66,181.8,5275500
2017-12-13,182.01,183.67,182.0,183.03,5177400
2017-12-14,183.59,184.0,182.06,182.13,3542500
2017-12-15,182.99,183.21,182.13,182.58,8202200
2017-12-18,183.5,185.47,183.5,184.73,5011900
2017-12-19,185.24,186.72,184.6,185.98,4576300
2017-12-20,187.0,187.9,186.04,187.31,5383700
2017-12-21,187.89,188.84,187.44,188.08,5859100
2017-12-22,188.46,188.46,187.27,188.13,3256600
2017-12-26,188.53,190.42,188.34,190.36,2969200
2017-12-27,190.6,191.49,190.01,190.19,5912600
2017-12-28,190.91,190.98,189.64,189.78,3175700
2017-12-29,190.74,190.74,189.53,189.53,4637800
2018-01-02,190.21,190.72,188.01,188.03,4684700
2018-01-03,188.0,189.36,187.82,189.01,4530500
2018-01-04,189.87,190.87,188.47,190.51,4047400
2018-01-05,190.93,192.54,190.51,192.5,4224800
2018-01-08,191.72,193.72,191.6,192.04,3508500
2018-01-09,192.7,193.47,191.64,193.1,3012300
2018-01-10,192.76,193.22,191.65,191.8,3119500
2018-01-11,191.68,194.73,191.4,194.68,3899200
2018-01-12,195.5,199.42,194.82,196.42,6748400
2018-01-16,197.86,198.95,195.7,196.31,5692700
2018-01-17,197.5,199.82,196.84,199.82,3996100
2018-01-18,199.78,200.24,197.66,198.33,4474600
2018-01-19,199.81,201.33,199.13,201.33,5809600
2018-01-22,201.6,204.47,201.51,204.46,4857700
2018-01-23,204.89,206.35,204.15,204.9,3621700
2018-01-24,205.2,207.1,204.55,206.22,4370700
2018-01-25,206.8,206.83,203.84,205.37,3537700
2018-01-26,205.6,207.31,204.44,207.23,3778100
2018-01-29,207.23,207.61,204.71,204.92,3632900
2018-01-30,201.47,203.15,191.57,201.81,5979600
2018-01-31,203.22,205.08,200.23,200.9,4547300
2018-02-01,199.34,202.25,198.28,199.9,3553800
2018-02-02,199.25,199.3,193.44,193.97,6179000
2018-02-05,190.07,194.3,180.38,183.11,10618500
2018-02-06,178.62,191.96,175.42,191.04,11682700
2018-02-07,190.73,194.52,189.72,191.29,6016800
2018-02-08,191.14,191.14,180.93,181.22,7241800
2018-02-09,183.25,186.0,175.79,184.12,9059200
2018-02-12,186.55,187.01,183.41,184.06,6783700
2018-02-13,183.23,183.99,180.89,183.72,4273800
2018-02-14,181.88,185.06,181.05,184.69,6767000
2018-02-15,186.74,187.19,183.26,185.27,5113300
2018-02-16,185.06,187.99,184.86,186.97,7619200
2018-02-20,189.9,191.44,186.31,186.71,8922100
2018-02-21,187.21,187.98,182.86,183.06,7527200
2018-02-22,183.72,186.22,182.91,185.47,5653900
2018-02-23,186.2,188.41,185.62,188.35,4315400
2018-02-26,189.17,189.79,187.86,188.46,4648000
2018-02-27,188.87,189.25,184.96,184.98,4618800
2018-02-28,184.41,186.65,182.27,182.27,6419900
2018-03-01,182.75,184.4,178.25,179.64,6123900
2018-03-02,177.72,179.19,176.34,178.46,5671000
2018-03-05,177.86,182.26,177.7,181.74,5748600
2018-03-06,182.75,183.0,179.51,181.64,5306800
2018-03-07,178.82,180.0,176.82,178.58,4799200
2018-03-08,179.44,179.98,176.73,177.94,4750700
2018-03-09,179.0,182.24,177.92,182.16,4477200
2018-03-12,182.43,183.06,179.55,179.71,4993300
2018-03-13,179.59,180.95,177.86,178.35,6128100
2018-03-14,179.1,179.66,175.89,177.41,4531500
2018-03-15,177.69,179.86,176.72,178.07,3936700
2018-03-16,178.43,180.4,177.97,178.96,8410900
2018-03-19,178.65,179.32,176.0,177.1,4744500
2018-03-20,177.64,178.89,177.16,178.16,4148300
2018-03-21,178.35,180.14,177.68,178.02,3494400
2018-03-22,177.42,178.56,175.08,175.29,5255100
2018-03-23,176.24,177.06,171.56,171.8,6021300
2018-03-26,174.11,176.8,173.52,176.38,7323600
2018-03-27,177.38,178.73,173.6,174.68,4713900
2018-03-28,175.24,177.53,173.92,174.76,4318600
2018-03-29,175.7,178.64,175.5,178.24,4423500
2018-04-02,177.15,177.69,170.42,172.9,7229300
2018-04-03,172.78,174.94,172.43,173.76,5283300
2018-04-04,170.8,177.84,170.42,177.44,4757300
2018-04-05,178.0,180.04,177.31,179.13,3799900
2018-04-06,177.98,178.52,173.35,174.45,5236900
2018-04-09,175.06,175.35,172.37,172.51,5079800
2018-04-10,174.03,174.19,172.24,173.49,4783000
2018-04-11,172.0,175.06,171.8,172.86,4228400
2018-04-12,173.31,174.24,172.9,173.36,3396700
2018-04-13,174.49,175.51,172.23,172.8,4311200
2018-04-16,174.23,175.6,173.32,174.43,3534200
2018-04-17,175.76,176.24,174.1,174.91,3106500
2018-04-18,175.0,180.25,174.99,179.85,5858900
2018-04-19,179.5,179.7,175.77,177.08,5407300
2018-04-20,177.85,178.89,176.32,177.01,5008600
2018-04-23,177.62,178.38,176.13,177.66,2987700
2018-04-24,179.3,180.0,175.05,176.26,4435400
2018-04-25,176.08,178.07,174.55,177.39,5587300
2018-04-26,178.46,185.93,178.08,185.72,8782500
2018-04-27,185.49,187.04,183.87,186.46,4382400
2018-04-30,186.99,187.8,184.8,184.8,4173200
2018-05-01,184.73,184.73,181.4,184.63,3423900
2018-05-02,184.49,187.12,183.75,185.91,3866500
2018-05-03,184.87,184.9,181.2,183.19,4123900
2018-05-04,182.75,186.35,181.84,185.03,3896200
2018-05-07,185.4,185.5,182.67,183.56,3582300
2018-05-08,183.45,185.3,182.5,185.04,4168200
2018-05-09,185.03,186.5,183.57,186.36,3392300
2018-05-10,185.97,187.97,185.88,187.16,3850100
2018-05-11,187.63,190.8,187.35,190.31,5355100
2018-05-14,191.5,191.65,189.86,191.08,7035900
2018-05-15,189.5,189.69,186.1,187.98,10147000
2018-05-16,189.28,189.28,185.9,186.38,5044800
2018-05-17,186.25,187.18,184.87,185.33,4227700
2018-05-18,185.75,188.21,185.55,187.42,4697900
2018-05-21,188.2,190.67,188.0,189.79,4147800
2018-05-22,190.06,190.78,186.52,186.87,4585600
2018-05-23,187.1,187.32,184.98,186.67,7387400
2018-05-24,186.79,187.41,184.67,187.15,3941300
2018-05-25,186.71,187.83,186.05,186.85,2730400
2018-05-29,185.55,186.83,184.25,185.0,4725500
2018-05-30,184.83,187.8,184.01,187.09,3976000
2018-05-31,187.16,187.36,185.25,186.55,4839900
2018-06-01,187.21,188.83,186.52,187.35,3706200
2018-06-04,188.22,191.54,187.97,191.36,4103300
2018-06-05,190.44,192.38,189.7,191.94,4231300
2018-06-06,193.07,193.59,191.21,193.59,4134700
2018-06-07,193.83,197.2,193.83,196.17,4378700
2018-06-08,195.87,198.5,195.01,198.33,4006200
2018-06-11,198.91,200.52,198.34,199.64,4243000
2018-06-12,199.84,201.34,199.51,201.31,4616700
2018-06-13,201.3,201.58,199.66,200.31,5128100
2018-06-14,200.26,201.0,198.16,199.67,4305900
2018-06-15,198.95,201.6,198.5,200.54,7820900
2018-06-18,198.94,200.91,198.11,200.69,3396300
2018-06-19,198.21,199.9,198.1,199.21,5501100
2018-06-20,200.0,200.13,198.12,199.08,3389600
2018-06-21,199.21,200.94,198.61,200.31,4695100
2018-06-22,200.79,201.2,197.17,197.41,6785800
2018-06-25,197.41,197.84,195.06,196.38,5127200
2018-06-26,196.58,197.33,195.6,196.36,3270600
2018-06-27,196.66,197.99,195.01,195.02,3771700
2018-06-28,195.0,196.01,193.51,195.21,2994000
2018-06-29,195.86,198.83,194.99,195.1,4106600
2018-07-02,193.82,194.18,192.12,194.02,3822800
2018-07-03,194.44,195.71,193.41,193.62,1608400
2018-07-05,194.49,194.74,193.13,194.41,3040600
2018-07-06,194.58,195.35,192.95,194.48,2552400
2018-07-09,195.7,196.71,195.03,196.08,2575100
2018-07-10,196.56,197.76,196.38,197.61,2842400
2018-07-11,197.22,197.76,195.95,196.95,3309300
2018-07-12,198.2,198.48,197.0,197.95,2709200
2018-07-13,198.46,199.93,198.46,198.69,2308100
2018-07-16,199.14,199.22,197.89,198.88,2530500
2018-07-17,198.63,201.43,198.63,201.1,4662800
2018-07-18,201.02,201.92,200.19,200.97,3787800
2018-07-19,200.89,203.23,200.55,202.63,3691100
2018-07-20,202.08,203.76,201.82,202.45,3564100
2018-07-23,202.46,203.39,201.9,202.23,2264300
2018-07-24,203.53,204.25,201.35,201.99,5058100
2018-07-25,201.4,202.29,199.07,201.0,4382700
2018-07-26,201.53,202.12,198.91,199.4,4280000
2018-07-27,200.21,200.49,196.68,197.14,3871200
2018-07-30,196.53,197.57,196.4,197.28,2331100
2018-07-31,197.69,198.03,196.87,197.52,2795900
2018-08-01,196.86,197.74,195.6,196.3,3086800
2018-08-02,195.1,195.84,193.55,195.66,3543500
2018-08-03,196.03,196.4,195.25,195.64,2309000
2018-08-06,195.62,196.06,195.11,195.69,2515700
2018-08-07,196.35,197.2,195.64,197.05,3052500
2018-08-08,197.44,198.91,197.3,198.02,2176700
2018-08-09,199.0,199.74,198.04,198.08,2466000
2018-08-10,197.34,197.93,195.64,196.3,2873000
2018-08-13,196.3,197.59,194.0,194.14,5294400
2018-08-14,195.17,195.98,191.27,193.1,11488000
2018-08-15,191.75,194.18,191.09,193.99,6049300
2018-08-16,194.02,196.09,193.72,195.39,5690100
2018-08-17,195.6,195.98,194.82,195.56,3885800
2018-08-20,195.84,198.44,195.4,197.93,2956700
2018-08-21,198.83,200.74,198.41,200.23,4124600
2018-08-22,200.8,203.55,198.65,198.97,5007000
2018-08-23,199.39,201.41,199.14,200.16,3595000
2018-08-24,200.35,202.5,200.0,201.3,3054300
2018-08-27,202.83,202.95,201.19,201.98,2521300
2018-08-28,202.3,202.42,200.63,201.97,3516300
2018-08-29,201.11,201.99,200.71,201.68,2488000
2018-08-30,201.0,201.44,199.1,199.26,2825400
2018-08-31,199.38,200.91,199.29,200.77,4023300
2018-09-04,200.69,205.92,200.5,205.08,4612800
2018-09-05,204.83,206.67,203.15,204.15,3667100
2018-09-06,204.59,207.09,203.8,205.89,3490400
2018-09-07,205.45,207.23,205.43,206.23,3672700
2018-09-10,208.13,211.62,208.13,210.69,5586600
2018-09-11,213.0,214.66,211.5,213.85,5969500
2018-09-12,214.03,215.43,210.91,211.98,5660100
2018-09-13,211.44,211.44,208.7,209.45,4701100
2018-09-14,210.19,210.53,207.55,209.07,3622400
2018-09-17,209.08,210.04,208.26,208.4,3074700
2018-09-18,208.63,211.73,208.16,211.02,4338500
2018-09-19,212.0,212.67,210.66,211.68,2579100
2018-09-20,211.66,212.61,211.01,211.06,4020800
2018-09-21,211.3,212.66,210.51,212.39,9749200
2018-09-24,211.52,211.84,207.96,207.99,4623700
2018-09-25,208.84,209.3,206.8,207.46,4443300
2018-09-26,208.58,209.14,207.23,207.52,2965800
2018-09-27,207.5,207.83,205.67,206.84,3218800
2018-09-28,206.44,208.85,206.35,207.15,3966100
2018-10-01,208.52,209.79,207.37,207.6,3670500
2018-10-02,207.49,208.04,204.67,204.75,4428000
2018-10-03,206.16,206.46,203.65,203.74,4162500
2018-10-04,203.65,203.76,198.27,198.85,5996200
2018-10-05,199.07,199.7,194.57,196.38,5016600
2018-10-08,196.24,198.66,195.06,198.41,3731800
2018-10-09,197.95,199.18,195.58,195.75,4466800
2018-10-10,199.11,199.24,193.35,193.7,6157900
2018-10-11,193.71,196.67,188.47,189.74,5831400
2018-10-12,192.75,193.59,190.16,192.47,5450200
2018-10-15,192.36,193.29,190.7,191.17,3642800
2018-10-16,191.83,194.08,190.61,193.58,4057400
2018-10-17,189.64,190.67,183.98,185.17,8985700
2018-10-18,184.26,185.4,179.53,180.44,9262000
2018-10-19,180.34,180.99,178.57,179.85,7004300
2018-10-22,180.82,181.4,177.56,178.75,4866700
2018-10-23,175.77,179.49,175.44,178.53,7004900
2018-10-24,178.58,182.37,176.31,176.97,6791700
2018-10-25,177.52,180.5,176.83,179.07,5228000
2018-10-26,176.88,177.34,170.91,172.23,9472200
2018-10-29,173.74,175.99,170.95,173.2,5918400
2018-10-30,173.16,176.43,172.64,176.24,5657100
2018-10-31,177.98,178.85,175.59,175.88,6339500
2018-11-01,176.84,180.86,175.9,180.46,5225300
2018-11-02,182.47,183.01,177.39,179.93,4730600
2018-11-05,181.02,182.41,179.3,182.19,3885300
2018-11-06,181.93,182.65,180.05,182.01,3338800
2018-11-07,183.79,187.68,182.06,187.23,4673400
2018-11-08,187.13,188.69,185.72,188.0,4054000
2018-11-09,188.32,188.48,184.96,185.99,4761100
2018-11-12,185.23,186.95,179.02,179.43,7590400
2018-11-13,177.3,181.62,172.85,179.0,14274000
2018-11-14,182.61,182.9,179.15,179.9,7561100
2018-11-15,179.01,179.67,173.61,177.36,8663100
2018-11-16,173.99,177.61,173.51,177.02,6834900
2018-11-19,176.71,178.88,172.3,173.59,6203400
2018-11-20,169.25,172.0,167.0,169.05,8661000
2018-11-21,170.0,170.93,169.15,169.3,5752100
2018-11-23,169.39,170.33,168.47,168.85,2711000
2018-11-26,170.2,172.39,168.87,169.82,6140500
2018-11-27,169.11,173.38,168.82,173.22,7084200
2018-11-28,172.91,177.65,170.62,177.43,7133600
2018-11-29,176.8,177.27,174.92,175.66,4329300
2018-11-30,175.75,180.37,175.11,180.32,8942400
2018-12-03,183.29,183.5,179.35,181.74,7610600
2018-12-04,181.06,182.23,174.55,175.3,7059600
2018-12-06,173.5,176.04,170.46,175.96,7571200
2018-12-07,175.35,178.36,172.24,172.79,6226100
2018-12-10,173.39,173.99,167.73,171.69,5373800
2018-12-11,174.3,175.6,171.24,172.21,5229400
2018-12-12,173.75,176.87,172.81,174.21,5912500
2018-12-13,174.31,174.91,172.07,173.87,6102200
2018-12-14,172.98,175.14,171.95,172.29,4265200
2018-12-17,171.51,171.99,166.93,167.97,5631700
2018-12-18,168.9,171.95,168.5,170.04,4462200
2018-12-19,170.92,174.95,166.77,167.56,6996900
2018-12-20,166.28,167.31,162.23,164.16,7675600
2018-12-21,162.81,167.96,160.17,160.48,13034100
2018-12-24,160.16,161.4,158.09,158.14,4547400
2018-12-26,159.46,168.28,159.44,168.28,6141500
2018-12-27,166.44,170.46,163.36,170.32,5069300
2018-12-28,171.22,173.12,168.6,170.22,4552000
2018-12-31,171.47,173.24,170.65,171.82,4206000
2019-01-02,169.71,173.18,169.05,172.41,4242900
2019-01-03,171.84,171.84,168.21,168.61,4810500
2019-01-04,170.18,174.74,169.52,173.62,4762600
2019-01-07,173.83,178.18,173.83,177.04,4928800
2019-01-08,178.57,179.59,175.61,177.89,4722400
2019-01-09,177.87,181.27,177.1,179.73,4922000
2019-01-10,178.03,179.24,176.34,179.06,3605300
2019-01-11,177.93,180.26,177.12,179.41,3285100
2019-01-14,177.59,179.23,176.9,178.81,3871400
2019-01-15,176.08,177.82,175.2,176.47,5016100
2019-01-16,177.09,177.93,175.86,177.04,4075400
2019-01-17,174.01,175.46,172.0,174.87,6499200
2019-01-18,176.98,180.04,176.18,179.58,6371100
2019-01-22,177.49,178.6,175.36,177.11,6272700
2019-01-23,176.59,178.06,174.53,176.89,4910400
2019-01-24,177.0,177.53,175.3,177.29,3860100
2019-01-25,179.78,180.87,178.61,180.4,4501800
2019-01-28,178.97,179.99,177.41,179.83,4091400
2019-01-29,178.96,180.15,178.09,179.69,3686900
2019-01-30,180.47,184.2,179.78,182.18,5197700
2019-01-31,181.5,184.67,181.06,183.53,5138000
2019-02-01,184.03,185.15,182.83,184.37,4513100
2019-02-04,184.3,186.43,183.84,186.43,3050200
2019-02-05,186.89,186.99,184.69,186.39,4135200
2019-02-06,186.69,186.69,184.06,184.72,3072500
2019-02-07,183.74,184.92,182.45,184.07,2793400
2019-02-08,183.05,184.58,182.72,184.54,2792300
2019-02-11,185.0,185.42,182.75,182.92,3729200
2019-02-12,183.84,186.4,183.52,185.52,3773200
2019-02-13,186.3,188.68,185.92,188.41,4146900
2019-02-14,187.5,188.93,186.0,187.71,2600600
2019-02-15,189.87,192.62,189.05,192.39,4997900
2019-02-19,191.71,193.19,191.28,192.33,3828400
2019-02-20,192.39,192.4,191.11,191.85,3970100
2019-02-21,191.85,192.37,190.61,191.82,3094200
2019-02-22,191.69,192.54,191.62,192.39,3321600
2019-02-25,192.75,193.42,189.96,189.98,6190700
2019-02-26,185.59,188.47,182.8,188.3,13635100
2019-02-27,187.9,188.5,183.21,183.67,8766200
2019-02-28,183.6,185.19,183.11,185.14,8060600
2019-03-01,185.82,186.56,182.86,185.17,5481300
2019-03-04,186.2,186.24,182.1,183.81,5046800
2019-03-05,184.24,185.12,183.25,184.0,3691000
2019-03-06,184.53,184.97,183.84,184.45,4460900
2019-03-07,184.39,184.62,181.58,182.51,4122200
2019-03-08,181.49,181.91,179.52,181.23,3867100
2019-03-11,182.0,183.2,181.2,182.44,3866200
2019-03-12,183.43,184.27,182.33,184.0,3777000
2019-03-13,183.24,183.78,181.08,181.14,4528300
2019-03-14,181.28,181.74,180.5,181.61,4393000
2019-03-15,182.3,182.49,179.57,182.23,8059100
2019-03-18,182.53,183.48,182.33,183.42,4395800
2019-03-19,184.19,185.82,183.48,184.13,4437100
2019-03-20,184.3,187.12,183.43,186.1,4772600
2019-03-21,185.5,190.0,185.5,189.97,4755700
2019-03-22,189.31,192.05,188.67,188.75,5173600
2019-03-25,188.75,191.71,188.51,189.68,3845900
2019-03-26,190.69,192.19,188.74,189.34,4143300
2019-03-27,189.65,191.61,188.39,189.25,4298400
2019-03-28,189.91,191.4,189.16,190.06,3326100
2019-03-29,190.85,192.04,190.14,191.89,4674100
2019-04-01,192.99,195.9,192.85,195.64,5381400
2019-04-02,195.5,195.5,194.02,194.31,2717800
2019-04-03,194.98,198.79,194.11,198.61,4581500
2019-04-04,199.0,200.49,198.02,200.45,3138400
2019-04-05,200.86,203.13,200.61,202.06,3615300
2019-04-08,201.37,203.79,201.24,203.55,3040900
2019-04-09,202.26,202.71,200.46,200.9,3721700
2019-04-10,201.26,201.6,198.02,199.43,3587500
2019-04-11,199.9,201.5,199.03,201.48,2465100
2019-04-12,202.13,204.26,202.13,203.85,3097900
2019-04-15,204.16,205.14,203.4,204.86,3049900
2019-04-16,205.25,205.99,204.29,204.47,3271400
2019-04-17,205.34,206.84,205.32,206.55,3271900
2019-04-18,206.02,207.78,205.1,205.66,3162500
2019-04-22,204.11,206.25,204.0,204.78,2593900
2019-04-23,205.14,207.33,203.43,206.05,3702600
2019-04-24,206.16,208.3,205.54,206.72,2750900
2019-04-25,206.01,207.72,205.06,206.5,3292100
2019-04-26,205.88,206.14,203.34,203.61,3560300
2019-04-29,203.31,203.8,200.34,202.16,3785200
2019-04-30,201.55,203.75,200.79,203.7,3415600
2019-05-01,203.2,203.52,198.66,198.8,4644700
2019-05-02,199.3,201.06,198.8,201.01,2810000
2019-05-03,202.0,202.31,200.32,200.56,3583400
2019-05-06,198.74,199.93,198.31,199.63,2619400
2019-05-07,196.75,197.65,192.96,194.77,4622100
2019-05-08,194.49,196.61,193.68,195.17,3122600
2019-05-09,193.31,195.08,191.59,194.58,2917700
2019-05-10,193.21,195.49,190.01,194.58,3863600
2019-05-13,191.0,191.66,189.14,190.34,3325900
2019-05-14,190.5,192.76,190.01,191.62,3663600
2019-05-15,190.81,192.81,190.27,191.76,3355800
2019-05-16,192.47,194.96,192.2,192.38,3854000
2019-05-17,190.86,194.5,190.75,192.58,5223800
2019-05-20,191.13,192.86,190.61,190.95,4782800
2019-05-21,187.13,192.52,186.34,191.45,8555600
2019-05-22,190.49,192.22,188.05,188.91,5706000
2019-05-23,188.45,192.54,186.27,192.0,7754000
2019-05-24,192.54,193.86,190.41,193.59,3799500
2019-05-28,194.38,196.47,191.35,191.55,5165800
2019-05-29,190.28,191.88,188.03,189.99,4569900
2019-05-30,190.13,192.5,190.09,191.08,3029800
2019-05-31,189.64,190.29,188.66,189.85,3681500
2019-06-03,189.52,191.87,188.75,189.57,4620200
2019-06-04,191.58,195.5,191.42,195.25,5118100
2019-06-05,194.01,196.72,193.08,196.69,3704600
2019-06-06,196.65,197.65,194.96,197.17,3732900
2019-06-07,197.2,199.02,196.21,197.3,3522300
2019-06-10,198.56,199.85,197.32,198.05,3154500
2019-06-11,199.02,200.84,195.84,198.01,3708500
2019-06-12,198.81,200.19,197.98,198.94,2551500
2019-06-13,199.95,202.68,199.45,202.35,3630900
2019-06-14,201.31,206.5,201.31,205.77,4898000
2019-06-17,207.0,208.79,206.0,206.98,4620500
2019-06-18,208.1,210.17,207.11,207.48,3891300
2019-06-19,207.9,208.48,205.9,207.94,3648200
2019-06-20,209.57,211.66,209.31,211.25,5171500
2019-06-21,211.26,211.99,209.08,209.39,9855000
2019-06-24,208.15,209.26,205.12,205.5,4943500
2019-06-25,206.3,207.1,204.2,204.74,3587900
2019-06-26,205.34,207.32,204.65,206.42,3071200
2019-06-27,207.61,208.0,206.01,207.02,2286800
2019-06-28,207.77,209.0,207.39,207.97,11069000
2019-07-01,209.7,212.31,208.17,210.28,4097700
2019-07-02,210.24,210.26,208.46,210.14,3160500
2019-07-03,209.82,212.75,209.7,212.1,2183700
2019-07-05,209.97,212.17,209.73,211.46,2547800
2019-07-08,210.98,213.44,210.59,212.91,2705300
2019-07-09,211.93,213.33,211.2,212.0,2397400
2019-07-10,210.72,211.32,208.83,210.75,3457400
2019-07-11,212.25,214.08,211.02,214.04,3450100
2019-07-12,215.0,218.25,214.61,218.23,4429800
2019-07-15,218.95,219.3,216.81,218.7,3141300
2019-07-16,217.3,218.35,216.73,217.26,2657400
2019-07-17,216.73,217.58,215.61,215.61,3037300
2019-07-18,215.5,216.23,213.01,214.44,3068000
2019-07-19,214.67,215.23,212.93,213.04,3254800
2019-07-22,213.0,213.26,210.38,211.27,2764900
2019-07-23,212.57,214.13,211.73,213.08,2589900
2019-07-24,213.19,214.79,213.07,214.71,2207100
2019-07-25,214.28,215.92,213.63,215.55,2335300
2019-07-26,215.53,217.21,214.1,216.91,2675500
2019-07-29,216.79,218.27,216.35,218.04,2407200
2019-07-30,217.52,218.59,216.86,217.36,2172600
2019-07-31,216.35,217.8,212.17,213.69,3426400
2019-08-01,214.14,217.61,212.02,212.83,3431500
2019-08-02,211.86,213.14,211.08,212.15,2884900
2019-08-05,209.53,209.96,204.08,204.94,4553200
2019-08-06,205.01,209.09,204.5,208.8,3646800
2019-08-07,206.04,208.5,203.13,207.91,3901100
2019-08-08,209.7,211.69,208.72,211.57,2968000
2019-08-09,211.45,212.41,207.95,210.02,2912100
2019-08-12,208.1,209.64,206.15,207.01,2005000
2019-08-13,206.31,211.62,204.78,208.33,3876700
2019-08-14,204.46,205.36,201.51,201.59,4582100
2019-08-15,203.0,203.76,199.05,201.79,4199700
2019-08-16,203.75,204.43,201.67,203.65,4093600
2019-08-19,206.98,208.82,205.3,207.95,6413600
2019-08-20,213.5,217.85,212.17,217.09,12452600
2019-08-21,218.73,220.88,216.76,220.4,7938600
2019-08-22,220.05,222.66,219.88,221.02,4544600
2019-08-23,219.9,220.87,216.01,217.47,5769300
2019-08-26,218.46,219.5,216.18,218.65,3680200
2019-08-27,219.55,220.41,217.91,218.21,4311700
2019-08-28,217.88,222.09,217.11,221.95,3066700
2019-08-29,223.9,227.7,223.76,227.32,4184200
2019-08-30,228.43,229.27,226.69,227.91,3768300
2019-09-03,226.45,227.63,223.38,224.07,4139400
2019-09-04,223.95,224.15,220.67,224.15,3132900
2019-09-05,226.3,228.78,226.25,228.15,3373100
2019-09-06,228.7,231.37,227.88,231.13,3237900
2019-09-09,231.5,233.87,230.08,232.87,4449100
2019-09-10,232.25,233.02,229.71,233.0,4210600
2019-09-11,232.93,233.68,231.02,232.66,2978300
2019-09-12,233.42,235.49,233.11,233.8,3366100
2019-09-13,234.33,234.97,232.33,233.98,3805500
2019-09-16,232.73,233.61,230.61,230.99,3120200
2019-09-17,226.79,230.33,226.47,230.21,3732500
2019-09-18,230.37,231.53,229.01,230.83,3341800
2019-09-19,231.15,231.4,227.95,228.12,3134000
2019-09-20,227.99,230.05,224.23,224.67,7687700
2019-09-23,224.16,227.14,223.95,226.25,2754000
2019-09-24,228.14,230.24,224.78,225.41,4511300
2019-09-25,226.59,228.45,224.5,228.1,3716700
2019-09-26,229.68,231.12,229.0,229.79,4200600
2019-09-27,231.61,231.75,229.13,229.86,3152000
2019-09-30,230.19,232.59,230.12,232.02,3249200
2019-10-01,233.01,234.51,230.72,231.08,3335400
2019-10-02,230.6,230.6,224.34,225.55,4336100
2019-10-03,225.0,226.81,222.12,226.81,2777700
2019-10-04,227.17,229.21,227.02,227.93,3163100
2019-10-07,227.51,228.13,226.05,226.74,2917600
2019-10-08,225.36,228.78,225.1,226.67,3438500
2019-10-09,228.5,229.56,226.61,228.94,2657600
2019-10-10,229.34,232.24,229.08,231.61,2781500
2019-10-11,234.32,236.7,233.76,234.66,3459200
2019-10-14,234.22,235.49,234.06,234.18,2183900
2019-10-15,234.69,236.86,234.6,235.62,2663300
2019-10-16,235.42,236.17,233.84,235.9,2388100
2019-10-17,236.36,238.17,235.51,236.77,2250500
2019-10-18,236.99,238.73,235.64,237.93,3662500
2019-10-21,238.26,238.99,235.61,236.7,2041700
2019-10-22,237.3,238.3,236.52,237.2,2003200
2019-10-23,236.66,237.41,234.36,234.67,2110500
2019-10-24,234.81,236.37,233.07,233.89,2173900
2019-10-25,233.49,235.42,232.55,234.38,2210900
2019-10-28,234.95,236.96,234.56,236.8,2705000
2019-10-29,236.84,237.5,233.92,234.14,2558000
2019-10-30,233.51,236.6,232.88,236.24,1956700
2019-10-31,236.86,237.39,233.22,234.58,2824100
2019-11-01,236.07,237.45,235.06,237.34,2197400
2019-11-04,238.27,238.39,233.88,234.92,2542400
2019-11-05,234.74,234.92,230.27,232.2,3624600
2019-11-06,232.83,234.04,231.89,234.01,2631900
2019-11-07,234.0,235.79,231.76,232.94,2832500
2019-11-08,232.8,233.26,231.63,232.84,2088400
2019-11-11,230.5,232.28,230.18,231.8,2309600
2019-11-12,232.15,234.63,232.0,233.12,2991100
2019-11-13,232.09,234.9,230.85,234.8,2399600
2019-11-14,235.0,236.94,234.04,236.55,2282200
2019-11-15,237.69,238.05,236.36,237.29,3524700
2019-11-18,238.44,239.31,236.76,238.85,5747400
2019-11-19,230.6,233.12,225.4,225.86,14972200
2019-11-20,224.55,225.0,220.57,220.9,10225400
2019-11-21,221.94,222.31,218.5,218.54,7823700
2019-11-22,218.5,219.13,217.81,218.03,5786500
2019-11-25,218.0,218.53,216.88,218.4,8865400
2019-11-26,218.76,220.96,218.39,220.76,9981400
2019-11-27,221.68,223.45,220.66,223.0,6687500
2019-11-29,223.3,223.33,220.29,220.51,2952900
2019-12-02,220.9,221.19,217.46,217.62,4416300
2019-12-03,216.45,216.45,212.93,214.0,6505400
2019-12-04,213.5,214.96,213.19,214.1,4256200
2019-12-05,214.36,214.5,211.77,213.0,4580500
2019-12-06,214.21,215.36,213.9,214.28,4193700
2019-12-09,214.29,217.88,214.18,216.53,5111100
2019-12-10,216.52,216.69,215.1,215.9,4663000
2019-12-11,211.03,213.65,210.61,212.0,8284800
2019-12-12,212.5,214.13,210.73,212.04,9915100
2019-12-13,212.12,214.23,210.67,214.08,6869200
2019-12-16,214.43,216.72,214.3,215.53,5850300
2019-12-17,216.02,219.45,215.87,217.72,7574400
2019-12-18,218.21,219.59,217.64,218.0,6677400
2019-12-19,218.48,220.77,218.28,220.22,5405000
2019-12-20,220.59,221.57,219.8,221.19,7778200
2019-12-23,222.0,222.0,219.14,219.21,3943700
2019-12-24,219.5,221.04,219.22,220.67,2260700
2019-12-26,220.74,221.15,219.59,220.82,2649200
2019-12-27,221.2,221.79,219.78,219.97,3082800
2019-12-30,220.37,220.49,216.55,217.31,3952400
2019-12-31,217.1,218.51,216.44,218.38,3789900
2020-01-02,219.08,219.76,217.84,219.66,3935700
2020-01-03,217.14,219.68,216.75,218.93,3423200
2020-01-06,216.49,220.0,216.4,219.96,5682800
2020-01-07,219.5,220.56,216.9,218.52,5685400
2020-01-08,218.8,222.97,218.67,221.79,4916200
2020-01-09,222.64,225.55,221.85,225.19,4843600
2020-01-10,224.75,225.49,223.03,224.22,4226600
2020-01-13,224.5,224.51,222.68,223.34,6060900
2020-01-14,222.48,224.95,222.31,222.81,3915100
2020-01-15,222.28,224.98,222.13,224.59,3444300
2020-01-16,225.93,228.86,225.4,228.82,5390800
2020-01-17,229.61,232.6,228.91,231.91,7979200
2020-01-21,231.53,233.66,231.06,232.95,4873500
2020-01-22,233.79,236.53,232.88,232.9,4030800
2020-01-23,232.13,234.82,230.64,233.65,4617900
2020-01-24,234.46,235.43,230.56,232.0,4467500
2020-01-27,228.2,232.47,228.2,231.19,3595600
2020-01-28,231.82,235.25,231.35,233.86,3621900
2020-01-29,234.9,235.88,233.4,234.02,2564000
2020-01-30,232.0,233.3,231.57,232.79,4685700
2020-01-31,232.96,233.23,227.89,228.1,5304700
2020-02-03,230.3,233.53,229.35,231.54,5100900
2020-02-04,234.03,236.36,234.03,235.0,3505100
2020-02-05,237.1,238.32,235.86,238.11,3868600
2020-02-06,238.0,239.41,237.48,238.84,3930300
2020-02-07,238.84,239.53,236.52,237.3,2456100
2020-02-10,236.6,240.61,236.18,240.61,2568000
2020-02-11,240.61,242.45,240.2,241.64,2692400
2020-02-12,242.13,242.3,238.84,241.59,3592100
2020-02-13,240.97,243.6,240.4,242.36,2468100
2020-02-14,243.44,245.2,242.63,245.03,2841600
2020-02-18,244.84,246.11,243.16,243.94,2892600
2020-02-19,244.91,245.5,243.01,243.64,2713300
2020-02-20,243.69,247.12,242.15,247.02,3701800
2020-02-21,246.5,247.36,244.0,245.34,3881100
2020-02-24,238.48,243.11,237.7,239.7,5350100
2020-02-25,246.1,246.97,236.48,237.38,8061500
2020-02-26,239.1,241.04,234.32,235.28,6963000
2020-02-27,231.07,234.82,224.57,224.73,7612800
2020-02-28,218.63,221.06,212.33,217.84,11809600
2020-03-02,219.98,230.0,218.49,229.94,7150800
2020-03-03,230.03,235.82,225.57,227.94,8432500
2020-03-04,233.01,241.32,231.8,241.08,6770000
2020-03-05,236.6,239.61,233.15,234.81,6473900
2020-03-06,227.57,230.29,222.25,228.51,7399900
2020-03-09,213.87,216.18,207.25,210.46,10120500
2020-03-10,217.21,225.83,211.0,225.7,7206600
2020-03-11,217.3,219.15,210.5,212.89,7253900
2020-03-12,195.41,206.58,184.84,190.59,10928700
2020-03-13,200.45,205.82,190.0,205.67,10292300
2020-03-16,181.97,186.1,163.11,164.96,12536600
2020-03-17,168.21,174.78,155.3,173.64,16234400
2020-03-18,159.8,162.33,140.63,155.63,14681900
2020-03-19,153.16,162.91,142.0,161.13,13499100
2020-03-20,162.78,170.22,151.81,152.15,12602400
2020-03-23,150.06,164.93,146.34,162.39,12241600
2020-03-24,173.39,185.67,172.01,184.72,14676600
2020-03-25,184.42,191.55,180.0,181.76,11497400
2020-03-26,183.49,198.2,182.5,195.21,10170300
2020-03-27,188.49,196.38,186.5,190.55,7121700
2020-03-30,190.57,198.2,187.61,196.1,6936700
2020-03-31,194.8,195.49,185.45,186.71,7335400
2020-04-01,175.91,182.76,175.0,178.63,7858200
2020-04-02,174.95,182.72,174.0,181.31,6353900
2020-04-03,179.56,181.35,174.94,178.7,7299800
2020-04-06,188.0,192.41,185.13,191.33,7454000
2020-04-07,202.92,204.11,191.85,192.29,6438800
2020-04-08,194.21,196.77,191.54,194.82,6094700
2020-04-09,199.8,205.99,196.5,201.53,7125100
2020-04-13,200.45,200.45,195.37,198.79,4415600
2020-04-14,201.88,209.73,200.13,207.17,5655400
2020-04-15,198.67,202.24,196.61,198.48,5693900
2020-04-16,199.12,202.21,196.82,199.85,7262800
2020-04-17,207.17,210.25,206.16,209.42,6717600
2020-04-20,206.13,211.03,205.36,206.05,4753100
2020-04-21,200.75,204.34,199.51,200.61,4845000
2020-04-22,201.89,205.71,201.14,204.17,4067700
2020-04-23,203.32,206.97,202.19,202.32,3565500
2020-04-24,204.73,212.93,203.85,212.18,5025200
2020-04-27,215.04,220.94,214.01,217.76,5472800
2020-04-28,223.99,224.22,216.91,217.63,5080700
2020-04-29,221.34,224.17,219.82,221.81,4381100
2020-04-30,216.79,222.11,216.52,219.83,5152700
2020-05-01,216.77,219.7,215.77,218.57,3819300
2020-05-04,216.68,222.66,215.21,221.84,4090900
2020-05-05,224.94,228.85,223.61,225.61,4655200
2020-05-06,227.37,228.44,223.8,223.92,3321100
2020-05-07,226.51,231.63,226.42,229.45,4501300
2020-05-08,232.7,235.55,231.15,234.43,4365200
2020-05-11,231.77,238.77,231.25,236.56,4378300
2020-05-12,238.57,239.25,232.9,232.9,4399600
2020-05-13,233.04,236.3,228.54,230.1,6237200
2020-05-14,226.37,234.66,226.2,234.48,6434500
2020-05-15,232.79,243.23,232.7,239.33,16176300
2020-05-18,245.84,248.32,244.04,245.35,8314800
2020-05-19,240.45,242.46,237.8,238.1,9387000
2020-05-20,242.0,242.27,234.95,238.19,7534200
2020-05-21,237.62,241.18,235.79,240.88,4772700
2020-05-22,240.7,242.34,238.66,241.88,3041800
2020-05-26,248.15,248.22,242.07,242.48,4535200
2020-05-27,242.69,247.39,240.78,247.36,4664800
2020-05-28,249.52,252.23,244.43,245.14,5259300
2020-05-29,245.06,249.71,244.73,248.48,5341600
2020-06-01,249.41,249.78,245.87,247.29,3407800
2020-06-02,248.63,252.72,247.0,252.71,5301000
2020-06-03,251.8,252.83,250.39,251.0,4638100
2020-06-04,249.77,252.17,247.47,248.95,4759400
2020-06-05,252.34,255.85,250.38,254.9,5054300
2020-06-08,252.49,256.81,252.26,256.77,3811900
2020-06-09,255.33,258.29,253.86,256.76,3716100
2020-06-10,257.45,259.29,254.22,254.45,3589800
2020-06-11,248.86,250.62,238.74,239.47,6563700
2020-06-12,243.07,246.39,237.05,242.45,5238500
2020-06-15,237.62,242.22,234.31,241.36,6250900
2020-06-16,249.4,251.65,242.87,249.95,5291600
2020-06-17,252.77,254.62,250.08,250.85,4234000
2020-06-18,249.36,251.75,247.13,249.21,3347800
2020-06-19,253.1,254.3,246.38,246.65,11114600
2020-06-22,245.7,250.06,245.51,249.16,3815200
2020-06-23,253.0,253.44,250.13,250.31,3105300
2020-06-24,247.81,250.29,242.73,246.13,3873000
2020-06-25,244.8,246.35,242.2,245.38,2938400
2020-06-26,245.35,246.1,240.25,241.01,5002700
2020-06-29,242.66,246.5,240.34,246.12,3468300
2020-06-30,247.0,251.65,246.09,250.51,4524600
2020-07-01,249.65,250.33,246.93,248.15,3677300
2020-07-02,251.94,252.3,247.92,248.5,3369800
2020-07-06,250.27,251.5,247.04,249.55,3133800
2020-07-07,247.37,250.78,247.07,247.35,2927800
2020-07-08,247.87,249.79,246.22,249.17,2294000
2020-07-09,249.66,250.51,246.35,247.96,2994700
2020-07-10,248.29,250.33,246.64,250.11,2745300
2020-07-13,251.92,257.86,249.09,249.62,4437500
2020-07-14,249.0,258.18,248.46,257.79,4614200
2020-07-15,260.14,261.29,255.15,257.8,4343700
2020-07-16,256.76,260.5,256.0,258.08,2511200
2020-07-17,260.03,260.65,257.72,260.38,3091300
2020-07-20,259.04,261.2,258.02,260.17,2451100
2020-07-21,261.62,263.87,260.72,262.42,2439900
2020-07-22,262.59,265.59,262.0,265.17,2750000
2020-07-23,267.8,267.8,261.8,263.81,2680100
2020-07-24,265.04,266.89,262.99,265.31,2984500
2020-07-27,265.09,268.68,265.09,267.42,2412500
2020-07-28,268.56,269.07,264.67,265.28,2227000
2020-07-29,264.8,267.11,264.17,264.66,2874100
2020-07-30,263.34,267.35,261.55,266.31,2347800
2020-07-31,265.0,267.17,260.61,265.49,3640600
2020-08-03,266.73,268.58,265.67,266.18,2363500
2020-08-04,266.63,267.89,263.84,267.87,2224000
2020-08-05,268.39,268.39,265.89,267.48,1959900
2020-08-06,266.6,270.44,266.53,269.37,2203400
2020-08-07,270.61,274.92,269.81,271.64,2846300
2020-08-10,272.42,275.0,271.8,274.73,2393100
2020-08-11,277.69,279.37,274.41,274.92,3321300
2020-08-12,279.75,282.97,276.96,281.58,3867900
2020-08-13,281.16,282.65,279.74,281.66,2202400
2020-08-14,281.14,282.0,279.19,280.55,2490400
2020-08-17,284.4,289.22,283.57,288.24,5584400
2020-08-18,288.9,290.58,283.04,285.0,6934300
2020-08-19,287.46,287.97,281.93,282.86,4986800
2020-08-20,280.54,281.91,279.44,280.68,3530000
2020-08-21,279.97,283.55,278.42,283.23,5519100
2020-08-24,284.99,286.85,281.92,286.75,4430900
2020-08-25,287.27,287.48,283.89,286.13,2854500
2020-08-26,287.73,292.12,286.27,291.93,4001900
2020-08-27,292.22,292.95,286.56,288.63,3430900
2020-08-28,288.31,288.83,284.77,286.29,3100100
2020-08-31,285.0,286.69,282.87,285.04,4105400
2020-09-01,284.03,286.68,283.5,285.94,3235100
2020-09-02,284.85,288.04,283.6,287.2,3464600
2020-09-03,287.3,287.7,272.17,274.63,5380100
2020-09-04,275.55,276.77,264.67,269.66,5253500
2020-09-08,267.11,271.04,262.81,269.26,5241200
2020-09-09,272.46,279.74,271.75,277.04,4754700
2020-09-10,278.01,280.98,271.17,272.7,3156300
2020-09-11,273.98,277.98,273.46,276.33,3729200
2020-09-14,278.55,282.46,278.02,280.65,3055800
2020-09-15,283.04,286.7,282.38,285.58,4174900
2020-09-16,285.61,286.58,280.68,281.63,3379100
2020-09-17,277.91,282.72,276.96,279.96,3166600
2020-09-18,278.41,279.83,270.81,275.19,6072900
2020-09-21,271.87,272.9,266.53,272.35,3548000
2020-09-22,271.68,273.52,270.63,273.31,2972000
2020-09-23,275.42,276.62,264.69,266.55,4467600
2020-09-24,265.71,269.7,263.88,265.7,3095600
2020-09-25,264.19,270.15,263.92,268.55,2457700
2020-09-28,271.93,274.22,270.3,272.33,3061100
2020-09-29,273.4,273.84,271.11,272.11,2048900
2020-09-30,273.48,279.92,272.52,277.71,4778800
2020-10-01,279.44,280.0,275.85,277.62,2696900
2020-10-02,274.94,281.08,274.1,279.31,2943600
2020-10-05,280.92,282.42,279.7,282.1,2330700
2020-10-06,282.5,283.0,275.77,276.47,2992500
2020-10-07,280.85,284.0,280.0,282.79,3423700
2020-10-08,283.84,284.95,281.17,284.52,2256200
2020-10-09,285.47,287.28,284.09,285.92,2240100
2020-10-12,287.39,288.33,286.06,286.91,2411900
2020-10-13,285.7,290.77,285.7,290.36,2699900
2020-10-14,289.51,290.3,285.15,287.09,2221000
2020-10-15,284.12,290.25,283.12,287.54,2699400
2020-10-16,288.25,292.65,287.25,287.66,3108600
2020-10-19,289.76,290.11,283.38,283.73,2428100
2020-10-20,285.14,289.79,284.13,286.04,2281500
2020-10-21,285.39,288.02,283.28,284.51,2304500
2020-10-22,283.93,285.68,280.65,281.16,2787000
2020-10-23,282.38,283.19,279.55,283.0,1750600
2020-10-26,279.64,281.53,272.0,276.04,2911900
2020-10-27,276.99,279.73,276.12,276.84,3014100
2020-10-28,270.25,273.67,268.69,269.72,3255900
2020-10-29,269.69,273.7,267.31,269.63,2872500
2020-10-30,268.82,269.62,262.03,266.71,3872800
2020-11-02,270.15,274.78,268.52,270.74,2956400
2020-11-03,274.85,279.53,273.72,277.37,3037500
2020-11-04,276.76,287.04,276.01,282.72,3525300
2020-11-05,288.35,289.0,284.08,285.85,2516600
2020-11-06,286.73,286.78,282.85,284.24,2839100
2020-11-09,287.98,288.42,269.47,269.97,7856400
2020-11-10,272.79,275.79,269.25,275.57,4828500
2020-11-11,277.32,281.69,276.17,277.75,2987900
2020-11-12,283.0,283.69,273.84,276.24,3818600
2020-11-13,276.42,279.73,275.26,277.17,3939200
2020-11-16,279.18,281.29,276.4,279.57,5360200
2020-11-17,272.1,273.53,269.4,272.47,8532200
2020-11-18,270.5,275.38,269.0,269.83,5122200
2020-11-19,270.42,272.38,268.7,270.93,3929400
2020-11-20,271.45,272.37,268.87,269.81,4111000
2020-11-23,270.01,273.69,269.55,271.4,3294200
2020-11-24,274.0,275.55,272.57,273.31,4773400
2020-11-25,273.48,274.74,271.21,273.96,3001700
2020-11-27,275.24,276.58,274.36,275.99,1625300
2020-11-30,275.22,277.76,271.92,277.41,4624100
2020-12-01,278.73,278.95,275.55,276.6,3942400
2020-12-02,273.97,274.11,269.57,271.1,4168600
2020-12-03,270.63,271.93,267.14,268.14,4168900
2020-12-04,267.47,268.73,262.82,263.99,7732800
2020-12-07,263.5,264.5,261.0,262.64,6379000
2020-12-08,261.72,262.5,258.73,261.72,5338100
2020-12-09,264.61,265.77,262.25,265.58,4550100
2020-12-10,264.08,266.07,262.11,264.81,4234300
2020-12-11,263.36,265.36,262.65,264.55,3454500
2020-12-14,266.14,268.6,265.27,265.58,4576800
2020-12-15,267.51,268.76,266.2,267.98,3754100
2020-12-16,268.53,270.75,267.51,269.59,4669600
2020-12-17,272.16,274.33,271.3,273.97,4247000
2020-12-18,274.59,275.74,270.3,270.45,9817000
2020-12-21,268.56,271.95,265.88,270.99,4339000
2020-12-22,270.06,271.36,268.51,270.04,3140100
2020-12-23,270.06,271.0,268.2,269.81,2337100
2020-12-24,269.44,271.36,269.4,270.92,1093900
2020-12-28,272.17,272.25,269.24,269.25,2633800
2020-12-29,269.98,270.46,265.07,266.19,2572100
2020-12-30,266.11,267.3,264.92,265.26,2511400
2020-12-31,265.57,265.95,263.58,265.62,2607900
2021-01-04,266.01,266.44,261.06,263.92,5002000
2021-01-05,262.66,266.53,262.26,266.05,3822600
2021-01-06,264.06,269.77,261.87,267.57,3949200
2021-01-07,266.95,268.78,266.17,266.26,3833200
2021-01-08,267.35,270.73,267.0,269.09,3757700
2021-01-11,267.47,273.37,267.26,271.23,3764400
2021-01-12,271.11,277.94,270.65,276.33,4030900
2021-01-13,278.31,280.48,273.94,274.05,3921400
2021-01-14,274.5,274.9,267.67,268.34,4641400
2021-01-15,268.63,276.39,268.0,275.59,5131700
2021-01-19,278.0,278.0,273.02,273.19,3615800
2021-01-20,273.25,277.21,271.5,274.3,3498400
2021-01-21,276.22,280.7,275.67,279.05,4397900
2021-01-22,279.26,285.08,277.87,284.0,4501900
2021-01-25,283.85,285.77,281.42,285.08,4025900
2021-01-26,285.42,285.65,281.7,282.6,2472200
2021-01-27,279.99,280.81,273.08,274.05,4337000
2021-01-28,276.17,282.96,274.93,278.05,3463000
2021-01-29,275.81,277.06,270.03,270.82,4079500
2021-02-01,271.23,272.65,267.25,270.07,3707800
2021-02-02,270.0,275.69,269.99,272.16,4111800
2021-02-03,271.89,275.72,270.71,274.17,2802700
2021-02-04,274.25,279.44,274.25,278.82,2976000
2021-02-05,280.29,281.76,277.81,278.86,2389900
2021-02-08,279.69,280.42,276.89,280.03,3475600
2021-02-09,279.66,280.2,276.62,276.77,2507800
2021-02-10,278.03,278.93,276.25,278.69,2410600
2021-02-11,277.93,280.25,276.01,277.06,2595300
2021-02-12,277.12,278.71,276.58,277.51,2392200
2021-02-16,277.01,278.63,274.88,275.39,2873500
2021-02-17,275.54,281.79,275.4,280.92,3536400
2021-02-18,280.8,284.68,279.83,283.05,3532000
2021-02-19,282.87,283.91,279.44,279.64,4079900
2021-02-22,278.21,278.49,273.63,275.85,3995500
2021-02-23,269.38,269.67,257.58,267.24,12111000
2021-02-24,263.23,266.99,254.03,259.97,14512700
2021-02-25,259.75,260.9,254.71,255.25,6545400
2021-02-26,257.77,260.24,256.11,258.34,7871200
2021-03-01,258.81,262.48,258.47,261.62,4528900
2021-03-02,261.68,263.11,259.77,260.29,3740300
2021-03-03,259.28,260.5,256.01,257.36,4257500
2021-03-04,256.0,256.86,247.1,250.93,7154900
2021-03-05,252.26,254.2,246.59,253.52,6351800
2021-03-08,254.23,263.23,252.52,259.03,5037400
2021-03-09,262.73,267.57,261.79,264.96,6625300
2021-03-10,265.92,268.75,264.08,266.24,3798400
2021-03-11,268.6,270.78,267.2,268.85,4371300
2021-03-12,267.45,273.81,266.76,273.1,4190500
2021-03-15,274.5,279.65,274.34,278.54,4355200
2021-03-16,278.54,282.52,277.65,282.08,4458900
2021-03-17,281.14,283.88,279.25,280.03,5908400
2021-03-18,279.03,285.47,277.76,283.16,4808100
2021-03-19,283.64,289.1,282.43,289.1,13729200
2021-03-22,286.5,290.33,284.2,288.94,5564700
2021-03-23,289.61,293.43,288.94,289.98,4801200
2021-03-24,289.26,296.78,288.99,292.75,4842000
2021-03-25,293.03,297.88,292.46,297.18,5373500
2021-03-26,297.34,304.0,296.03,303.81,5865900
2021-03-29,303.3,305.55,299.93,302.2,4642900
2021-03-30,301.65,305.68,300.04,304.82,5045400
2021-03-31,305.5,308.02,304.14,305.25,4744100
2021-04-01,306.88,308.55,303.89,307.75,3923900
2021-04-05,309.84,315.85,309.74,315.4,4697200
2021-04-06,313.61,315.94,313.13,313.78,3988600
2021-04-07,312.84,315.14,310.93,312.47,3799300
2021-04-08,312.7,315.25,310.59,314.43,4035600
2021-04-09,315.37,319.32,314.75,319.23,4607800
2021-04-12,317.72,321.31,317.31,320.79,3556800
2021-04-13,320.53,320.9,317.0,320.4,3635100
2021-04-14,319.71,322.7,319.29,320.02,3440600
2021-04-15,320.21,323.4,320.05,322.74,3508200
2021-04-16,324.84,328.67,323.94,328.08,6213100
2021-04-19,326.49,328.83,325.44,326.85,4494300
2021-04-20,326.0,327.69,322.16,323.96,4462900
2021-04-21,324.96,327.91,323.89,325.95,3740100
2021-04-22,326.2,326.43,318.84,321.46,4875000
2021-04-23,322.19,325.53,319.58,323.89,3405700
2021-04-26,323.68,324.0,319.32,319.99,2848500
2021-04-27,320.5,322.47,320.38,320.59,3335800
2021-04-28,321.95,322.96,319.3,319.71,2713400
2021-04-29,321.71,325.79,321.08,325.34,3261900
2021-04-30,325.05,325.83,321.61,323.67,3118700
2021-05-03,326.28,331.62,325.68,330.27,3683700
2021-05-04,329.12,333.23,328.88,332.77,3954400
2021-05-05,334.25,334.25,331.16,332.05,3227200
2021-05-06,333.67,337.81,333.23,337.58,3539600
2021-05-07,336.68,339.81,335.53,339.25,2998100
2021-05-10,340.45,345.69,339.54,341.12,4840600
2021-05-11,337.55,338.0,328.21,330.66,5500900
2021-05-12,326.52,328.8,316.27,317.0,5822000
2021-05-13,319.0,327.42,318.69,325.42,5159800
2021-05-14,326.29,327.32,321.86,323.63,3998000
2021-05-17,321.0,322.83,315.31,320.01,4388000
2021-05-18,320.0,324.56,314.78,316.75,7010300
2021-05-19,312.0,314.75,309.07,314.45,5242100
2021-05-20,314.89,319.71,314.89,315.9,3854700
2021-05-21,317.0,319.28,314.45,315.77,3920600
2021-05-24,316.84,318.74,314.59,314.84,2930600
2021-05-25,315.53,317.1,314.25,316.75,3523300
2021-05-26,317.81,321.38,316.68,317.33,2881600
2021-05-27,317.3,320.41,317.3,318.77,3734800
2021-05-28,320.37,321.51,318.85,318.91,3194000
2021-06-01,320.66,321.26,315.17,316.31,3549800
2021-06-02,315.48,316.98,312.41,313.23,3380100
2021-06-03,311.0,312.93,309.69,311.43,2652500
2021-06-04,312.11,313.45,309.35,311.01,2638700
2021-06-07,311.12,312.33,307.88,309.96,3974800
2021-06-08,311.27,312.29,308.98,310.9,2913500
2021-06-09,311.45,312.98,306.9,307.34,3603700
2021-06-10,307.65,309.65,306.14,308.31,3286300
2021-06-11,309.27,311.24,308.35,310.77,2785100
2021-06-14,308.93,310.06,306.22,309.32,3393500
2021-06-15,308.75,308.95,303.49,306.45,5270600
2021-06-16,306.69,307.35,301.17,302.78,4492500
2021-06-17,303.05,305.21,300.03,303.12,4481100
2021-06-18,299.25,303.83,298.4,302.61,8792700
2021-06-21,305.25,308.72,304.87,307.6,3774200
2021-06-22,309.13,314.91,308.3,312.71,4418400
2021-06-23,312.02,313.66,310.63,311.67,2564500
2021-06-24,313.12,314.84,311.67,311.84,2649200
2021-06-25,312.24,315.46,311.55,313.63,11733500
2021-06-28,313.66,315.27,311.37,314.28,2635400
2021-06-29,315.79,320.3,315.56,318.24,3150100
2021-06-30,317.94,320.29,317.69,318.89,3061500
2021-07-01,319.91,321.69,318.5,321.54,2578000
2021-07-02,322.53,323.12,321.35,322.7,2201600
2021-07-06,322.83,323.83,316.8,319.26,3109500
2021-07-07,318.49,324.42,318.25,323.48,2939900
2021-07-08,319.07,320.33,314.8,318.54,3663000
2021-07-09,320.54,323.31,320.18,322.09,2587400
2021-07-12,321.07,324.0,320.53,321.74,2521800
2021-07-13,322.44,323.29,316.83,317.05,3213800
2021-07-14,318.75,320.06,318.01,319.22,3381600
2021-07-15,317.38,322.96,317.36,322.71,2603900
2021-07-16,324.0,326.28,321.4,321.54,3623700
2021-07-19,317.99,319.0,314.91,318.87,3752600
2021-07-20,318.5,326.13,318.27,325.35,4251700
2021-07-21,327.6,328.47,324.97,326.36,2832600
2021-07-22,327.94,327.97,325.33,326.66,2208100
2021-07-23,329.47,333.45,327.94,332.84,2786400
2021-07-26,330.07,331.56,326.88,331.18,2752000
2021-07-27,331.79,331.88,326.06,327.26,2910300
2021-07-28,326.42,329.33,324.71,325.52,2376200
2021-07-29,326.49,328.56,325.44,327.43,2172400
2021-07-30,326.85,330.11,326.34,328.19,2381200
2021-08-02,330.0,330.0,326.42,327.22,2016400
2021-08-03,328.35,333.01,328.03,331.94,2405900
2021-08-04,330.69,331.92,329.39,330.31,1783700
2021-08-05,331.96,336.0,331.09,333.11,2284000
2021-08-06,334.69,335.71,329.12,329.84,2656600
2021-08-09,329.23,331.07,327.32,328.76,1995300
2021-08-10,328.67,333.24,327.15,331.48,1868100
2021-08-11,333.8,338.55,333.4,337.0,3258600
2021-08-12,337.35,338.17,332.28,334.02,2554200
2021-08-13,333.86,335.8,330.98,331.32,2217000
2021-08-16,330.71,335.63,327.97,335.05,3496300
2021-08-17,321.0,323.59,316.61,320.75,9322800
2021-08-18,319.34,327.86,319.0,321.55,4880600
2021-08-19,318.79,325.19,317.8,322.9,2974700
2021-08-20,322.64,329.68,322.47,329.24,2929900
2021-08-23,330.0,330.53,327.38,327.74,2792700
2021-08-24,328.76,328.84,324.51,324.9,2359500
2021-08-25,324.15,326.56,323.11,323.88,2586900
2021-08-26,323.21,324.99,321.0,321.48,2952300
2021-08-27,320.88,324.05,319.65,323.38,2985400
2021-08-30,325.91,329.5,325.21,327.1,2926900
2021-08-31,327.0,328.27,323.62,326.18,4183100
2021-09-01,325.56,325.78,320.28,323.64,3339100
2021-09-02,325.03,328.18,323.7,327.74,3109000
2021-09-03,325.33,330.9,325.16,330.34,2774800
2021-09-07,331.03,332.56,326.9,328.95,2555200
2021-09-08,328.95,331.93,327.63,331.58,2219500
2021-09-09,332.45,333.73,330.87,331.77,3011900
2021-09-10,334.0,335.23,331.45,331.95,3178600
2021-09-13,334.95,337.15,332.75,335.45,3908700
2021-09-14,336.03,337.49,332.42,333.12,2857200
2021-09-15,333.36,334.67,330.1,333.37,2875500
2021-09-16,334.72,337.84,334.17,336.39,3043800
2021-09-17,334.95,339.65,334.95,335.67,7098400
2021-09-20,331.83,335.39,328.43,331.21,4036600
2021-09-21,333.03,336.97,332.0,334.22,3171100
2021-09-22,335.85,339.0,333.46,335.93,2872800
2021-09-23,337.84,339.52,335.6,335.91,2426600
2021-09-24,336.78,337.84,335.55,337.49,2004900
2021-09-27,336.87,343.74,336.87,341.41,2966100
2021-09-28,341.37,341.37,332.46,333.8,3304100
2021-09-29,333.36,338.88,333.36,336.93,2424000
2021-09-30,338.24,338.71,327.63,328.26,4255000
2021-10-01,328.15,332.73,324.58,329.86,2814200
2021-10-04,328.5,330.61,324.16,326.47,2919900
2021-10-05,326.9,332.19,326.33,329.48,2514300
2021-10-06,328.16,330.65,325.4,330.36,2226800
2021-10-07,333.5,339.22,332.86,337.48,2789500
2021-10-08,333.0,335.41,330.88,334.34,2912200
2021-10-11,335.6,340.86,334.6,336.97,2589100
2021-10-12,339.14,341.05,337.4,337.8,2960300
2021-10-13,337.32,340.24,336.55,338.28,2477400
2021-10-14,340.53,344.37,340.1,344.05,2824300
2021-10-15,346.54,350.95,345.75,350.41,3473500
2021-10-18,349.0,355.95,349.0,355.01,3487500
2021-10-19,356.94,358.09,354.42,357.99,2375600
2021-10-20,357.74,359.57,356.21,358.23,2574800
2021-10-21,358.2,364.85,358.12,364.62,2885400
2021-10-22,365.0,367.03,362.15,365.99,2734700
2021-10-25,367.2,371.66,365.99,371.26,2923400
2021-10-26,373.39,374.05,369.08,369.2,2989500
2021-10-27,369.87,375.15,369.31,372.32,2840300
2021-10-28,373.0,373.94,370.89,371.57,2553500
2021-10-29,370.33,375.15,370.03,371.74,3820200
2021-11-01,373.0,373.57,364.7,366.48,3380500
2021-11-02,366.2,368.89,364.94,367.29,2367100
2021-11-03,366.63,369.36,365.25,368.97,2378800
2021-11-04,370.78,373.23,369.41,372.18,3210000
2021-11-05,373.81,374.41,367.57,368.4,3090200
2021-11-08,370.22,372.91,367.85,368.59,2357200
2021-11-09,369.67,373.88,368.71,370.65,2183300
2021-11-10,368.25,371.21,367.72,368.58,2161400
2021-11-11,371.0,372.0,365.83,367.63,2387300
2021-11-12,369.12,373.5,366.7,372.63,2793300
2021-11-15,374.39,374.87,369.29,371.08,3650600
2021-11-16,382.0,394.38,379.0,392.33,8648200
2021-11-17,392.83,399.43,390.81,394.85,4647000
2021-11-18,398.0,406.54,396.09,405.85,4503700
2021-11-19,407.63,410.1,404.11,408.69,3542000
2021-11-22,409.8,416.56,408.7,408.79,4006400
2021-11-23,405.67,409.68,403.01,408.37,3557000
2021-11-24,403.66,412.75,402.88,412.11,2676300
2021-11-26,407.26,414.14,402.25,402.7,3007800
2021-11-29,406.9,410.81,406.04,406.82,3725500
2021-11-30,403.59,408.43,400.25,400.61,7773500
2021-12-01,402.08,410.25,400.22,400.42,3516200
2021-12-02,401.81,410.7,401.0,407.77,3705000
2021-12-03,409.85,415.93,404.45,407.81,5237500
2021-12-06,413.52,420.61,411.22,415.7,4624500
2021-12-07,417.0,418.56,413.02,416.18,4204500
2021-12-08,416.18,419.85,408.28,411.25,4079400
2021-12-09,410.8,415.25,408.29,411.34,3822900
2021-12-10,412.19,415.61,410.26,415.4,2625200
2021-12-13,415.4,416.5,404.51,405.24,3766400
2021-12-14,403.45,405.68,398.08,402.2,4662800
2021-12-15,400.62,407.93,399.39,407.81,4421400
2021-12-16,408.4,408.87,398.12,399.53,4632800
2021-12-17,396.97,397.98,387.42,387.98,11097500
2021-12-20,384.29,390.17,380.9,389.4,4294800
2021-12-21,391.63,393.76,383.24,390.47,3038200
2021-12-22,391.0,395.77,388.86,395.64,3267800
2021-12-23,398.29,399.84,394.62,397.07,2743900
2021-12-27,399.04,404.45,398.21,404.09,2228300
2021-12-28,404.99,407.02,403.0,406.22,2521400
2021-12-29,406.38,412.37,406.31,410.84,2209300
2021-12-30,411.85,413.44,408.4,409.94,1804400
2021-12-31,409.99,416.53,409.89,415.01,2386100
2022-01-03,416.57,417.84,403.26,408.64,3715700
2022-01-04,408.64,413.61,408.19,412.84,3266500
2022-01-05,414.0,414.22,406.81,407.24,4443200
2022-01-06,408.56,409.07,403.02,405.76,3315100
2022-01-07,403.36,404.09,392.88,393.61,4520700
2022-01-10,387.4,387.59,380.91,387.46,6440000
2022-01-11,388.07,391.84,384.32,386.67,4385400
2022-01-12,388.29,393.45,386.38,389.4,3623300
2022-01-13,392.51,394.31,385.86,386.98,3466300
2022-01-14,381.33,382.01,371.5,372.0,6336200
2022-01-18,366.1,368.09,360.03,366.72,6435200
2022-01-19,367.18,368.7,359.41,359.69,5175100
2022-01-20,361.33,361.85,349.02,349.58,5440600
2022-01-21,351.72,360.09,347.18,349.1,7718400
2022-01-24,343.78,364.38,343.61,363.81,8584300
2022-01-25,358.14,361.52,352.19,358.98,5536700
2022-01-26,360.0,365.9,354.45,357.28,6103300
2022-01-27,360.43,364.12,353.91,356.43,3941000
2022-01-28,360.17,366.72,352.84,366.54,4551300
2022-01-31,364.81,367.41,362.21,366.98,4084600
2022-02-01,369.47,370.69,362.37,368.7,3406800
2022-02-02,368.38,374.67,367.76,373.73,3839300
2022-02-03,370.19,372.12,363.2,364.81,4009700
2022-02-04,363.5,364.67,354.25,359.67,3728100
2022-02-07,360.26,361.8,355.44,357.35,2809300
2022-02-08,357.35,362.98,354.8,361.44,3225100
2022-02-09,365.31,367.46,363.0,364.37,2777500
2022-02-10,358.84,363.0,352.87,355.09,4291800
2022-02-11,354.69,357.34,348.56,350.29,3308700
2022-02-14,348.0,352.91,346.83,351.56,3654300
2022-02-15,355.56,357.42,351.38,353.26,3552500
2022-02-16,351.5,352.86,345.72,350.09,3594900
2022-02-17,348.99,352.31,347.39,347.94,3927000
2022-02-18,348.39,350.6,344.1,346.87,5526100
2022-02-22,335.09,336.69,312.35,316.17,19752800
2022-02-23,319.32,320.4,307.1,308.45,11026000
2022-02-24,300.0,313.44,299.29,313.24,8416700
2022-02-25,313.18,317.44,307.57,316.65,6510600
2022-02-28,312.97,316.08,310.48,315.83,5735100
2022-03-01,314.59,322.43,313.76,320.25,5640900
2022-03-02,321.06,331.19,319.68,327.37,5645600
2022-03-03,329.19,330.68,322.83,324.36,3858400
2022-03-04,322.21,326.66,319.51,324.26,3630900
2022-03-07,324.26,329.6,320.11,322.77,4670000
2022-03-08,319.75,328.49,315.95,316.74,5092500
2022-03-09,320.0,322.46,316.92,317.2,4443600
2022-03-10,314.36,318.26,308.75,317.94,3895200
2022-03-11,319.28,321.79,316.23,316.79,2973300
2022-03-14,322.91,324.0,316.21,318.36,3604200
2022-03-15,320.35,330.18,320.33,328.54,3775300
2022-03-16,331.58,333.95,324.23,330.91,3942400
2022-03-17,329.14,336.36,327.84,336.36,3123200
2022-03-18,333.63,340.74,332.31,340.74,9409600
2022-03-21,338.04,340.69,327.08,329.37,4521200
2022-03-22,329.32,331.3,324.01,329.73,4852800
2022-03-23,326.9,328.19,315.85,317.05,5207700
2022-03-24,317.15,319.4,314.3,315.78,4599900
2022-03-25,318.48,318.8,308.3,310.68,5176500
2022-03-28,311.0,314.35,309.23,314.28,3936600
2022-03-29,316.91,321.0,312.92,317.71,5306100
2022-03-30,313.11,315.24,306.1,308.46,7223800
2022-03-31,306.21,307.96,298.89,299.33,11044600
2022-04-01,300.5,303.37,298.9,301.89,5554600
2022-04-04,301.49,306.48,299.57,305.58,4659500
2022-04-05,306.26,309.1,302.21,304.86,4376100
2022-04-06,298.09,300.66,294.99,298.54,6499900
2022-04-07,296.79,304.59,293.59,302.75,5241000
2022-04-08,301.46,312.29,301.28,311.11,5741900
2022-04-11,307.81,314.17,305.93,306.72,4100600
2022-04-12,309.44,313.29,305.1,306.29,4122600
2022-04-13,306.11,311.7,305.72,310.42,3185300
2022-04-14,310.83,312.25,304.33,304.52,4569200
2022-04-18,303.0,306.29,298.72,300.21,3192400
2022-04-19,300.61,308.13,299.81,307.8,3389700
2022-04-20,311.0,316.1,309.75,315.14,4720800
2022-04-21,317.0,318.4,309.74,310.36,3014200
2022-04-22,309.82,309.82,299.78,300.11,4043200
2022-04-25,300.0,305.16,296.27,304.94,4396900
2022-04-26,302.25,307.56,299.72,299.96,3415200
2022-04-27,301.3,306.42,299.12,301.6,3446200
2022-04-28,304.75,314.54,303.01,311.76,4149500
2022-04-29,308.15,311.72,299.71,300.4,4878200
2022-05-02,301.99,308.79,299.91,306.97,4233900
2022-05-03,305.69,309.0,303.02,304.96,3336600
2022-05-04,304.08,315.75,302.93,315.31,4021300
2022-05-05,311.0,311.36,293.71,299.11,4959600
2022-05-06,296.3,296.75,289.41,294.31,4325300
2022-05-09,290.28,300.74,288.5,297.03,5243600
2022-05-10,298.46,301.07,287.66,291.16,4392900
2022-05-11,291.45,293.33,282.57,282.96,3880500
2022-05-12,281.57,293.18,280.63,289.69,4447700
2022-05-13,289.95,299.42,288.45,296.03,3949100
2022-05-16,294.08,299.57,289.79,295.99,4267900
2022-05-17,306.5,310.94,290.9,300.95,12425900
2022-05-18,293.0,295.44,281.18,285.18,7799500
2022-05-19,285.5,292.5,284.96,287.76,5211500
2022-05-20,289.82,290.5,279.59,287.19,5621800
2022-05-23,289.09,290.34,280.32,286.03,4305600
2022-05-24,284.0,289.32,280.65,287.92,4241900
2022-05-25,285.81,295.49,285.66,293.57,4612900
2022-05-26,297.32,305.63,297.0,302.81,4170800
2022-05-27,303.54,308.5,301.6,308.46,3899300
2022-05-31,306.6,307.87,300.83,302.75,5966600
2022-06-01,301.74,302.98,297.03,297.19,3080800
2022-06-02,298.81,306.03,295.89,305.87,4086400
2022-06-03,303.33,308.46,301.9,305.08,2956600
2022-06-06,305.56,307.61,303.25,303.89,2562000
2022-06-07,295.06,302.38,292.6,301.77,3547800
2022-06-08,299.78,300.58,295.68,297.53,3003100
2022-06-09,297.76,306.88,297.35,299.86,4168400
2022-06-10,291.5,296.5,288.64,289.24,4623900
2022-06-13,284.36,286.82,281.28,283.16,4704600
2022-06-14,283.21,286.38,276.59,278.67,3987000
2022-06-15,281.0,283.59,275.47,279.73,4050400
2022-06-16,274.92,276.11,269.73,273.46,6181000
2022-06-17,271.0,276.62,270.39,270.73,10775600
2022-06-21,273.69,273.92,267.42,269.2,5498400
2022-06-22,266.39,271.77,264.51,268.98,4678400
2022-06-23,270.0,275.59,269.89,275.42,3747500
2022-06-24,277.47,283.46,273.92,283.0,10310700
2022-06-27,284.46,285.0,281.49,282.69,2538600
2022-06-28,283.78,285.6,269.82,270.15,4052100
2022-06-29,271.58,276.16,268.81,273.87,2460500
2022-06-30,270.73,277.04,268.04,274.27,4058000
2022-07-01,275.73,280.75,274.55,279.08,2818300
2022-07-05,275.5,283.73,275.03,283.73,3241300
2022-07-06,284.99,285.92,280.52,283.58,2206100
2022-07-07,282.84,286.97,281.45,286.69,3133900
2022-07-08,285.99,287.99,283.91,286.47,1891000
2022-07-11,285.18,289.59,285.14,286.39,2453200
2022-07-12,288.97,293.64,283.41,285.12,2696100
2022-07-13,281.63,289.79,279.76,287.18,2941600
2022-07-14,281.85,290.29,281.65,289.48,2822200
2022-07-15,294.81,295.45,290.95,292.41,2647200
2022-07-18,297.25,298.49,292.0,293.05,2664000
2022-07-19,295.44,300.01,293.31,299.83,2614900
2022-07-20,300.93,303.69,298.28,302.3,2533400
2022-07-21,302.85,305.25,298.87,305.0,1965000
2022-07-22,307.66,310.67,304.36,306.59,2391500
2022-07-25,306.8,307.43,303.83,306.15,1910500
2022-07-26,297.0,300.64,295.91,298.18,2690200
2022-07-27,298.21,300.31,291.79,298.91,3233700
2022-07-28,295.0,301.24,293.17,299.63,3992100
2022-07-29,300.0,301.44,297.43,300.94,3236000
2022-08-01,300.64,308.45,300.01,305.82,3303900
2022-08-02,305.4,305.61,300.01,300.71,3091000
2022-08-03,303.35,308.07,300.34,306.37,3329400
2022-08-04,304.54,309.97,304.44,307.17,2718400
2022-08-05,305.38,309.78,304.5,309.69,2029100
2022-08-08,311.86,315.8,310.44,311.97,2505100
2022-08-09,308.89,309.96,303.31,305.21,2607000
2022-08-10,309.5,312.98,309.05,311.58,3863400
2022-08-11,313.84,314.62,309.58,310.69,2444100
2022-08-12,312.61,314.93,310.18,314.89,2273800
2022-08-15,312.04,315.76,310.15,314.61,3917300
2022-08-16,312.98,332.98,312.88,327.38,10089800
2022-08-17,328.09,329.5,324.07,325.76,3162600
2022-08-18,324.96,327.94,322.22,325.21,2899600
2022-08-19,324.97,326.32,319.77,321.32,3489100
2022-08-22,318.09,319.74,311.71,312.21,3144200
2022-08-23,311.21,311.52,305.64,306.9,3317500
2022-08-24,305.05,309.98,303.55,308.11,2495600
2022-08-25,308.64,309.96,305.83,309.78,2529700
2022-08-26,310.3,311.51,298.02,298.1,3315500
2022-08-29,296.57,299.71,294.29,296.32,2711800
2022-08-30,298.56,299.9,291.67,293.1,2892400
2022-08-31,292.01,292.47,288.28,288.42,4376200
2022-09-01,288.4,293.58,286.72,293.37,3742500
2022-09-02,296.11,296.8,290.12,291.9,2753600
2022-09-06,293.22,294.5,287.26,289.54,4110000
2022-09-07,290.44,297.7,290.3,297.47,3016000
2022-09-08,296.0,300.19,294.54,299.9,2703200
2022-09-09,299.48,302.49,298.33,299.77,2769200
2022-09-12,300.8,302.83,296.35,297.54,3632900
2022-09-13,292.01,294.08,277.32,277.93,4797200
2022-09-14,279.4,279.54,273.17,276.34,4194400
2022-09-15,277.89,278.01,270.54,271.54,3896100
2022-09-16,269.05,276.56,268.9,275.97,9535100
2022-09-19,273.58,281.23,273.51,280.42,3047200
2022-09-20,276.88,278.78,271.37,274.17,2940700
2022-09-21,276.0,280.13,271.51,271.57,3173500
2022-09-22,271.22,271.22,267.85,269.14,3515800
2022-09-23,267.89,271.3,266.32,270.94,3527900
2022-09-26,271.43,273.56,265.61,266.58,4181800
2022-09-27,269.36,273.69,266.98,268.69,3701000
2022-09-28,275.22,283.5,272.71,282.19,5816600
2022-09-29,278.51,278.76,274.73,278.33,4518600
2022-09-30,277.82,281.79,274.76,275.94,4789100
2022-10-03,281.0,286.06,279.55,283.7,3580000
2022-10-04,287.5,291.31,286.56,289.56,3641300
2022-10-05,286.25,292.11,285.37,289.85,2728000
2022-10-06,289.56,292.97,287.77,290.39,2641500
2022-10-07,287.53,288.63,282.42,284.32,2406000
2022-10-10,283.56,284.86,280.22,282.46,2115400
2022-10-11,281.1,286.2,280.9,282.89,2771900
2022-10-12,284.42,284.64,280.49,280.52,2258200
2022-10-13,274.66,284.83,268.73,282.83,3881600
2022-10-14,286.64,286.64,275.95,276.43,2783100
2022-10-17,279.6,283.87,279.34,281.26,3426700
2022-10-18,287.95,289.86,283.23,285.06,3166500
2022-10-19,282.47,282.77,273.02,275.49,4323000
2022-10-20,274.94,278.0,267.87,269.46,3959500
2022-10-21,268.34,275.71,268.0,275.53,3429100
2022-10-24,276.97,284.47,276.97,283.26,2937100
2022-10-25,285.51,292.13,285.51,290.26,2791600
2022-10-26,290.6,291.87,286.17,290.15,2615000
2022-10-27,291.85,294.27,289.45,291.06,3041500
2022-10-28,290.0,299.16,290.0,298.65,3243100
2022-10-31,294.41,299.28,292.55,296.13,4210900
2022-11-01,300.37,302.21,293.35,296.06,3309100
2022-11-02,295.2,300.17,288.52,288.73,4426400
2022-11-03,283.57,285.95,280.51,281.5,4823900
2022-11-04,285.89,288.84,277.5,284.03,4401600
2022-11-07,286.5,291.7,282.84,290.27,3260200
2022-11-08,292.43,293.34,287.63,291.14,3371800
2022-11-09,289.0,292.5,286.26,286.75,3071400
2022-11-10,297.74,314.74,297.08,311.7,7794000
2022-11-11,312.0,317.68,310.24,314.94,4945400
2022-11-14,314.36,315.98,306.34,306.92,6394800
2022-11-15,304.06,316.63,303.25,311.93,9290400
2022-11-16,305.86,316.41,304.51,314.91,5249500
2022-11-17,312.0,313.68,306.15,311.44,3642100
2022-11-18,314.14,316.0,310.26,313.18,3559300
2022-11-21,316.96,318.84,314.2,316.78,4069000
2022-11-22,320.0,326.82,319.38,324.88,6054700
2022-11-23,326.76,327.82,320.44,321.51,4243400
2022-11-25,322.89,329.08,321.9,326.38,3393500
2022-11-28,325.06,328.8,317.85,318.92,4733700
2022-11-29,316.0,320.0,315.62,315.96,3505600
2022-11-30,312.93,324.19,311.5,323.99,15106500
2022-12-01,326.31,329.67,324.44,327.07,3830100
2022-12-02,321.08,328.48,320.33,327.99,3644100
2022-12-05,325.15,325.52,319.54,320.08,5057300
2022-12-06,319.64,321.65,314.54,317.45,3341500
2022-12-07,315.96,322.88,314.44,320.15,4038200
2022-12-08,318.55,324.52,318.55,324.09,3483600
2022-12-09,321.48,324.44,319.93,320.48,3738800
2022-12-12,323.0,328.34,321.29,327.98,4900200
2022-12-13,344.35,347.25,329.96,332.89,5787700
2022-12-14,330.53,339.06,329.01,333.43,4546000
2022-12-15,329.44,330.02,323.37,327.6,5056900
2022-12-16,323.43,327.94,319.24,323.34,9615000
2022-12-19,319.5,321.91,316.02,317.33,3000600
2022-12-20,313.32,316.89,310.83,314.84,2632200
2022-12-21,318.05,319.59,314.74,319.36,2610400
2022-12-22,316.4,316.4,310.73,316.12,3064400
2022-12-23,314.15,319.1,313.06,318.73,2064900
2022-12-27,318.41,321.55,317.51,319.55,1610200
2022-12-28,320.55,321.43,315.5,315.73,1568200
2022-12-29,318.65,321.83,317.59,320.41,1559100
2022-12-30,317.49,318.17,313.02,315.86,2581600
2023-01-03,317.42,319.22,311.78,315.91,2822400
2023-01-04,321.07,322.51,316.38,319.73,3560900
2023-01-05,317.83,318.08,313.23,315.47,2935100
2023-01-06,316.29,318.85,309.0,317.53,4022500
2023-01-09,320.0,322.55,317.06,317.81,3466300
2023-01-10,316.3,320.73,313.96,320.63,2111300
2023-01-11,322.55,329.04,322.12,329.0,2864800
2023-01-12,332.21,332.21,326.71,329.87,2481800
2023-01-13,326.49,332.39,326.0,331.21,2798600
2023-01-17,330.33,335.16,327.1,327.53,3988900
2023-01-18,330.0,334.52,322.93,323.69,2952200
2023-01-19,320.34,321.34,310.63,310.88,5359300
2023-01-20,310.01,315.24,307.39,315.0,3725100
2023-01-23,313.54,317.53,311.09,315.48,3237900
2023-01-24,315.12,318.1,312.63,317.69,2127900
2023-01-25,315.33,318.12,311.55,317.26,2060400
2023-01-26,314.15,319.26,312.53,313.81,3555300
2023-01-27,312.02,318.24,311.33,316.69,2761200
2023-01-30,315.83,318.14,313.69,314.24,2643100
2023-01-31,315.99,324.35,315.1,324.17,3526800
2023-02-01,322.39,330.55,317.64,328.09,3076500
2023-02-02,333.45,341.47,332.69,339.79,4776600
2023-02-03,332.53,334.71,330.33,331.5,3389700
2023-02-06,328.99,331.01,327.46,329.27,2229700
2023-02-07,324.0,327.0,320.72,325.2,3865500
2023-02-08,322.94,323.99,319.57,320.79,2777200
2023-02-09,323.1,323.89,314.83,315.55,3063300
2023-02-10,313.85,317.2,312.75,316.54,2768800
2023-02-13,317.34,323.69,315.61,323.53,2432500
2023-02-14,320.61,322.96,315.67,318.43,3380800
2023-02-15,315.88,321.53,315.79,320.69,2585500
2023-02-16,315.0,323.74,314.93,321.24,3169200
2023-02-17,318.68,320.6,312.95,317.95,4985500
2023-02-21,305.55,308.01,295.03,295.5,10891800
2023-02-22,297.55,300.4,295.09,296.3,5922100
2023-02-23,296.79,299.88,294.62,299.31,4354500
2023-02-24,292.4,298.33,292.0,296.66,3713300
2023-02-27,299.36,300.49,295.04,296.01,3238300
2023-02-28,295.0,298.7,294.31,296.54,3949500
2023-03-01,291.92,293.72,288.66,290.79,5905100
2023-03-02,288.46,294.11,287.27,293.02,4103700
2023-03-03,294.64,298.61,293.76,298.45,4036700
2023-03-06,298.0,300.11,296.98,298.21,3763200
2023-03-07,299.06,299.06,290.42,290.7,4512400
2023-03-08,289.44,292.46,288.27,291.49,4680300
2023-03-09,293.05,294.37,287.75,288.0,3248000
2023-03-10,288.56,293.16,284.1,286.31,4730900
2023-03-13,283.99,292.34,282.6,286.52,3892100
2023-03-14,289.3,289.8,281.39,285.57,5116000
2023-03-15,283.95,289.16,282.67,287.97,4835500
2023-03-16,287.0,288.03,285.0,286.73,4400200
2023-03-17,287.82,291.95,286.26,288.39,8342000
2023-03-20,287.43,289.83,286.61,289.26,3677800
2023-03-21,291.43,292.89,287.6,289.43,4788200
2023-03-22,290.09,291.21,282.45,282.61,3723400
2023-03-23,285.26,286.11,280.22,283.91,6005800
2023-03-24,282.56,284.93,280.83,283.02,3851000
2023-03-27,283.75,284.94,280.91,281.27,4269700
2023-03-28,280.8,283.29,279.93,280.82,3633300
2023-03-29,281.25,283.99,281.25,283.36,3607500
2023-03-30,285.36,286.1,283.85,285.36,3432800
2023-03-31,286.99,295.55,286.76,295.12,5800600
2023-04-03,294.87,297.97,294.74,297.73,4007600
2023-04-04,297.5,299.8,294.4,294.96,2965700
2023-04-05,295.0,295.71,288.48,288.67,4002400
2023-04-06,287.25,289.79,284.24,288.61,3193400
2023-04-10,286.13,292.64,285.66,291.17,2799900
2023-04-11,292.69,295.1,291.76,293.77,2497000
2023-04-12,296.2,298.44,289.58,290.44,3341400
2023-04-13,290.89,292.47,286.37,292.15,3505800
2023-04-14,292.15,296.2,291.38,292.19,2653200
2023-04-17,291.7,295.5,291.55,295.4,2621900
2023-04-18,296.32,299.24,295.92,298.95,2847800
2023-04-19,296.45,298.29,295.05,296.91,2889300
2023-04-20,295.97,301.31,295.5,298.57,3371800
2023-04-21,301.62,303.2,299.35,300.04,3506700
2023-04-24,300.0,301.9,299.22,301.64,2515400
2023-04-25,301.5,302.69,296.13,296.33,4529500
2023-04-26,295.43,295.97,287.08,288.07,4037400
2023-04-27,288.0,294.71,287.8,293.93,3133600
2023-04-28,293.77,300.82,293.38,300.54,4063400
2023-05-01,298.98,299.56,297.37,297.7,2970000
2023-05-02,298.44,298.67,291.05,294.28,3413200
2023-05-03,294.56,298.76,292.5,293.08,2743400
2023-05-04,292.72,294.59,285.33,285.75,4422500
2023-05-05,287.17,290.87,286.1,289.62,3806600
2023-05-08,289.0,289.84,284.44,287.93,3736500
2023-05-09,286.17,291.06,285.76,290.58,2570000
2023-05-10,291.71,293.57,285.92,289.03,3571000
2023-05-11,288.74,289.45,285.02,287.69,3859700
2023-05-12,288.0,290.97,287.45,290.47,3438300
2023-05-15,289.92,290.92,286.94,288.54,5353600
2023-05-16,281.75,286.09,277.09,282.33,12362100
2023-05-17,282.15,294.05,281.21,292.39,7956900
2023-05-18,292.65,295.93,291.6,295.16,4547000
2023-05-19,295.76,295.76,289.95,290.88,4470600
2023-05-22,290.73,292.99,288.08,290.66,3736200
2023-05-23,289.28,297.77,289.28,294.94,5352200
2023-05-24,297.37,297.52,290.18,291.1,4978200
2023-05-25,291.79,291.79,286.06,286.75,5355900
2023-05-26,287.0,293.3,285.69,292.83,4626100
2023-05-30,293.28,294.45,288.95,292.4,5193300
2023-05-31,289.59,290.0,281.96,283.45,18288800
2023-06-01,284.05,289.22,279.98,288.39,4305100
2023-06-02,290.65,296.21,289.72,295.94,4515600
2023-06-05,295.62,295.72,291.37,293.1,3028800
2023-06-06,291.82,296.92,291.65,296.0,2855400
2023-06-07,297.31,302.2,297.11,301.7,4842700
2023-06-08,302.16,305.45,300.79,301.09,3757300
2023-06-09,300.98,301.43,296.1,297.35,3485800
2023-06-12,298.4,302.61,297.65,300.86,4456600
2023-06-13,302.4,304.12,298.67,300.08,4043400
2023-06-14,300.99,302.55,295.63,299.71,4176000
2023-06-15,300.84,303.43,299.58,302.02,4109700
2023-06-16,304.34,305.98,300.14,300.38,10809300
2023-06-20,299.77,302.75,298.23,301.41,3371100
2023-06-21,302.87,303.57,300.18,300.7,2713300
2023-06-22,301.5,302.83,299.6,301.18,3052000
2023-06-23,300.32,302.32,299.1,300.81,8525900
2023-06-26,302.67,309.21,301.98,307.89,4440100
2023-06-27,308.15,315.46,307.89,313.74,5342500
2023-06-28,312.0,312.94,306.06,306.51,4025600
2023-06-29,306.78,308.13,304.03,307.82,3279700
2023-06-30,309.58,311.43,308.3,310.64,3230700
2023-07-03,309.78,311.4,308.9,310.02,1483300
2023-07-05,310.5,312.3,309.99,310.8,2496000
2023-07-06,306.84,307.98,301.54,302.02,4828300
2023-07-07,301.99,305.63,300.89,302.81,2951900
2023-07-10,303.2,310.53,303.2,310.28,3246700
2023-07-11,312.91,314.57,310.74,313.66,2913800
2023-07-12,316.31,321.26,316.01,317.52,5300500
2023-07-13,318.1,318.42,313.47,314.6,3235600
2023-07-14,314.84,316.9,314.22,316.5,2942100
2023-07-17,315.72,317.82,314.15,316.05,2002500
2023-07-18,314.53,318.32,312.13,316.76,2315600
2023-07-19,317.0,319.94,316.69,319.48,2361400
2023-07-20,320.34,321.45,317.88,319.09,2101900
2023-07-21,321.07,321.89,319.49,320.47,3673400
2023-07-24,320.97,325.66,320.95,325.11,2621900
2023-07-25,325.07,326.9,323.83,325.13,2890800
2023-07-26,324.69,330.96,324.24,329.59,3448100
2023-07-27,331.71,333.44,328.93,329.71,2608600
2023-07-28,332.0,333.0,329.5,331.37,2268200
2023-07-31,331.65,334.07,331.48,333.84,2690000
2023-08-01,331.76,334.97,330.88,332.07,2547200
2023-08-02,330.03,332.53,327.92,328.5,2752600
2023-08-03,327.68,332.1,327.64,329.85,2451300
2023-08-04,328.16,329.52,325.33,326.43,3591600
2023-08-07,327.21,329.41,326.59,329.17,2111000
2023-08-08,326.58,328.53,323.39,327.81,3272600
2023-08-09,327.35,330.92,326.76,328.21,2698900
2023-08-10,330.66,332.9,328.94,329.4,3075100
2023-08-11,328.52,331.59,328.35,331.11,3108400
2023-08-14,331.46,333.79,328.43,329.95,3974800
2023-08-15,331.76,338.17,328.52,332.14,5860900
2023-08-16,332.62,337.81,331.68,333.03,3753900
2023-08-17,333.77,335.65,327.06,327.28,3885100
2023-08-18,325.06,328.89,324.43,327.37,3472000
2023-08-21,326.61,327.87,323.5,324.06,3109700
2023-08-22,325.27,326.31,322.03,324.48,2582200
2023-08-23,324.52,326.93,324.08,326.09,2728000
2023-08-24,325.12,329.0,322.31,322.59,2490000
2023-08-25,323.43,326.34,321.2,322.86,2418100
2023-08-28,323.2,327.44,322.87,325.91,2099900
2023-08-29,326.79,329.84,326.77,329.38,2628200
2023-08-30,328.0,331.62,327.87,330.63,2256200
2023-08-31,331.2,332.6,329.68,330.3,2914700
2023-09-01,332.0,333.45,331.14,333.08,2317400
2023-09-05,331.84,332.3,327.37,327.78,3141400
2023-09-06,327.53,328.61,325.56,326.0,3199700
2023-09-07,325.03,329.92,324.3,328.42,2454000
2023-09-08,327.5,329.49,326.68,328.71,2210300
2023-09-11,329.29,329.88,327.57,328.37,2087800
2023-09-12,326.83,328.77,325.89,326.28,2190500
2023-09-13,326.04,327.96,325.0,325.88,2564300
2023-09-14,327.39,330.3,325.27,329.63,2707600
2023-09-15,327.32,329.17,320.33,321.4,7117800
2023-09-18,320.16,321.65,316.91,317.26,2740400
2023-09-19,315.95,316.93,312.34,314.61,2776500
2023-09-20,315.0,316.35,310.8,310.86,2320000
2023-09-21,309.4,310.23,306.36,306.76,2766500
2023-09-22,306.16,307.65,305.46,305.73,2289200
2023-09-25,304.51,307.29,304.51,306.49,1882300
2023-09-26,304.52,305.81,301.63,302.54,2655500
2023-09-27,303.0,304.22,299.9,301.82,2513900
2023-09-28,301.67,304.87,300.75,303.49,2369600
2023-09-29,304.95,305.67,299.82,302.16,3502600
2023-10-02,300.52,303.45,298.46,299.83,2806800
2023-10-03,297.91,298.3,290.07,291.94,3609200
2023-10-04,293.36,294.21,290.36,292.39,2956300
2023-10-05,292.0,292.67,290.24,291.7,2469300
2023-10-06,290.76,294.54,287.39,292.82,2922500
2023-10-09,290.3,295.53,289.68,295.36,1929900
2023-10-10,296.69,300.67,295.17,299.22,3116300
2023-10-11,299.74,300.85,295.9,298.05,2292800
2023-10-12,297.7,297.7,290.77,293.02,2546400
2023-10-13,292.94,294.73,290.89,291.92,2092700
2023-10-16,294.43,298.37,293.58,297.33,2567000
2023-10-17,296.69,298.36,294.5,295.94,2139700
2023-10-18,293.0,293.33,289.58,290.24,2720100
2023-10-19,291.0,291.34,286.42,286.77,3028600
2023-10-20,285.86,287.18,283.61,286.41,2885300
2023-10-23,285.82,288.25,284.33,285.07,2590900
2023-10-24,286.74,287.91,282.03,283.31,2705200
2023-10-25,281.75,283.23,279.2,280.93,2962800
2023-10-26,280.53,283.24,277.75,278.0,3108200
2023-10-27,278.98,279.67,274.26,276.46,2907300
2023-10-30,277.47,282.32,276.96,281.48,3074400
2023-10-31,282.59,285.4,281.62,284.69,3036000
2023-11-01,285.59,286.83,282.02,286.63,2747300
2023-11-02,290.25,294.66,290.0,294.53,3628000
2023-11-03,294.18,297.81,294.17,295.61,3071900
2023-11-06,294.75,296.44,293.22,294.57,2890300
2023-11-07,294.61,296.0,293.56,294.77,2629000
2023-11-08,295.03,298.01,294.11,295.92,2454900
2023-11-09,291.95,292.74,287.68,287.87,4059100
2023-11-10,289.23,291.59,286.79,291.59,3653500
2023-11-13,287.79,289.93,287.24,288.07,4586700
2023-11-14,300.89,308.24,300.14,303.63,7952800
2023-11-15,304.1,308.93,304.01,308.19,3985900
2023-11-16,305.88,307.95,304.33,306.44,3114000
2023-11-17,308.5,308.71,305.45,307.27,2770300
2023-11-20,307.19,309.67,305.74,308.19,3459000
2023-11-21,305.57,306.07,302.34,305.34,2977200
2023-11-22,307.39,309.86,306.48,309.2,2873500
2023-11-24,309.18,311.38,308.31,310.7,1259900
2023-11-27,310.69,312.89,309.75,310.92,2992600
2023-11-28,310.71,314.58,309.39,313.34,3116900
2023-11-29,314.06,314.06,310.91,311.02,3083800
2023-11-30,312.54,313.76,308.59,313.49,4493700
2023-12-01,313.83,320.1,313.0,319.62,3613600
2023-12-04,319.62,325.08,318.96,324.02,3827900
2023-12-05,322.0,323.92,320.01,323.5,3269800
2023-12-06,325.0,328.31,324.21,326.11,3030800
2023-12-07,326.11,327.41,324.68,326.17,2742300
2023-12-08,326.0,327.28,325.06,326.47,2889300
2023-12-11,329.81,332.09,328.81,331.33,3520700
2023-12-12,330.44,334.52,330.32,333.2,2893400
2023-12-13,334.9,343.84,331.91,343.4,5822700
2023-12-14,349.74,353.07,348.0,351.81,7594800
2023-12-15,348.22,354.38,346.75,354.0,11212800
2023-12-18,353.71,354.92,350.32,350.81,4420500
2023-12-19,351.46,352.96,350.4,352.07,4654700
2023-12-20,351.0,354.77,348.31,348.66,3259500
2023-12-21,351.87,352.25,347.0,348.97,2794200
2023-12-22,349.04,351.34,346.69,348.59,2029900
2023-12-26,348.43,350.09,348.16,349.31,1585500
2023-12-27,349.91,350.0,347.18,348.53,2764300
2023-12-28,348.5,349.04,345.8,347.36,2859400
2023-12-29,345.83,347.55,343.02,346.55,10325700
2024-01-02,344.21,347.3,343.22,345.08,2833600
2024-01-03,342.48,342.7,336.59,338.26,3309600
2024-01-04,339.93,342.92,338.54,338.59,3652400
2024-01-05,337.87,343.83,337.82,342.94,2664300
2024-01-08,343.43,348.46,343.25,347.93,2736200
2024-01-09,345.81,349.11,345.25,346.19,2338100
2024-01-10,350.62,356.86,350.31,356.8,4109300
2024-01-11,357.09,361.0,353.26,356.53,3530400
2024-01-12,358.53,358.53,353.43,355.71,1956100
2024-01-16,358.06,359.65,356.21,358.43,3669400
2024-01-17,356.63,359.76,354.05,355.7,2646100
2024-01-18,356.12,358.71,354.03,357.9,2510700
2024-01-19,358.81,362.96,356.28,362.41,3234600
2024-01-22,359.36,361.46,355.69,356.69,4003700
2024-01-23,355.85,355.88,349.06,350.78,3878400
2024-01-24,351.94,352.87,347.07,347.27,3474400
2024-01-25,352.59,352.88,348.26,350.97,3064200
2024-01-26,351.47,357.05,351.02,355.3,3177700
2024-01-29,355.15,356.37,353.01,355.7,2732000
2024-01-30,354.5,358.93,354.04,357.1,2336500
2024-01-31,357.92,358.98,352.35,352.96,3377900
2024-02-01,353.4,360.14,352.32,360.07,2439100
2024-02-02,354.18,359.55,350.02,357.23,3697600
2024-02-05,353.66,356.07,350.76,355.14,2653800
2024-02-06,354.85,358.0,354.3,356.25,2045300
2024-02-07,358.48,363.73,357.72,362.69,3272200
2024-02-08,362.86,365.65,361.65,363.72,2521900
2024-02-09,364.13,364.43,360.8,363.15,2389900
2024-02-12,364.22,368.72,364.05,365.45,3119700
2024-02-13,358.47,359.43,353.88,357.59,3106500
2024-02-14,357.17,358.98,353.98,358.23,2998900
2024-02-15,358.9,361.64,356.85,361.08,2662800
2024-02-16,360.68,363.99,359.15,362.35,3899600
2024-02-20,355.31,365.25,354.56,362.57,4830000
2024-02-21,360.59,365.11,358.95,364.13,3277800
2024-02-22,367.44,372.96,367.15,371.34,3387500
2024-02-23,372.08,374.25,370.25,371.96,3398200
2024-02-26,373.51,374.88,370.72,371.6,2461000
2024-02-27,372.66,375.8,370.61,375.56,2802900
2024-02-28,375.56,379.84,375.06,377.61,2282500
2024-02-29,378.79,381.78,378.15,380.61,4382800
2024-03-01,380.36,385.1,379.83,384.45,2750900
2024-03-04,382.9,384.53,380.11,380.37,2619000
2024-03-05,380.1,380.98,377.02,378.45,3011600
2024-03-06,378.53,379.82,375.89,377.44,2496300
2024-03-07,377.87,380.3,375.58,376.55,2368500
2024-03-08,375.0,376.62,372.1,373.35,2162900
2024-03-11,371.56,372.98,368.87,371.52,2833700
2024-03-12,372.51,375.9,372.41,374.54,2843800
2024-03-13,376.03,382.71,375.78,378.99,3761200
2024-03-14,378.0,380.2,372.17,375.27,3877500
2024-03-15,374.12,378.42,372.54,373.23,9234900
2024-03-18,376.49,377.6,371.14,371.91,3455600
2024-03-19,374.89,379.46,373.13,379.41,3493800
2024-03-20,379.42,384.88,376.23,384.41,2750400
2024-03-21,388.41,396.87,388.29,395.2,4212200
2024-03-22,394.69,396.42,390.09,390.28,2910900
2024-03-25,389.1,389.86,382.89,383.51,2683900
2024-03-26,382.41,384.26,379.4,379.93,2720200
2024-03-27,380.85,386.32,380.74,385.89,2536500
2024-03-28,387.13,387.61,379.72,383.6,4108200
2024-04-01,381.47,383.14,367.84,368.03,4333200
2024-04-02,364.5,366.86,362.96,363.0,4650500
2024-04-03,362.0,362.4,359.0,359.9,4723000
2024-04-04,362.61,365.0,356.91,357.68,4381600
2024-04-05,357.68,359.33,356.02,357.87,3243400
2024-04-08,358.07,362.57,357.26,362.05,4339600
2024-04-09,363.63,364.45,358.73,361.42,3022600
2024-04-10,351.87,353.99,348.75,350.56,4805200
2024-04-11,351.04,351.91,345.79,347.37,4104700
2024-04-12,346.12,346.12,341.51,342.87,3550300
2024-04-15,345.92,346.08,337.19,337.93,4209200
2024-04-16,336.82,338.11,332.96,334.83,4525500
2024-04-17,336.78,337.25,331.94,332.83,4273800
2024-04-18,335.65,336.95,331.33,332.89,3717300
2024-04-19,334.71,335.87,332.58,335.36,3076600
2024-04-22,338.22,339.45,333.71,336.11,3112800
2024-04-23,338.0,340.19,336.29,339.0,3697400
2024-04-24,337.07,337.55,331.82,333.01,4029200
2024-04-25,329.72,332.91,326.9,331.98,3787800
2024-04-26,331.0,335.83,330.99,335.09,2465300
2024-04-29,335.0,337.34,334.15,336.8,2427400
2024-04-30,335.72,337.44,332.86,334.22,3089900
2024-05-01,333.01,335.39,329.43,331.97,3267500
2024-05-02,335.5,336.0,330.98,335.53,3213600
2024-05-03,341.28,346.88,340.37,342.85,4165100
2024-05-06,346.0,346.38,340.44,342.29,3366100
2024-05-07,343.6,345.54,340.38,340.69,2930700
2024-05-08,338.78,340.44,337.63,338.83,3123200
2024-05-09,339.25,348.01,338.88,347.44,3801400
2024-05-10,347.46,349.81,344.7,346.43,3413700
2024-05-13,348.06,348.79,340.4,340.96,4055600
2024-05-14,335.05,344.25,333.0,340.5,5854300
2024-05-15,345.18,350.44,344.69,348.67,4151100
2024-05-16,348.0,348.25,342.67,342.73,3101600
2024-05-17,344.76,344.93,340.59,344.21,2739000
2024-05-20,341.13,342.55,337.54,337.82,3237400
2024-05-21,339.0,339.0,332.33,336.15,4275100
2024-05-22,334.66,335.25,328.93,330.59,4024400
2024-05-23,330.98,331.0,326.0,326.89,4021100
2024-05-24,326.39,327.54,324.42,325.1,2736900
2024-05-28,325.39,330.99,324.48,328.7,3807500
2024-05-29,326.53,326.79,323.77,325.91,3506200
2024-05-30,326.26,330.22,325.71,329.18,2921800
2024-05-31,330.05,335.17,328.01,334.87,5557800
2024-06-03,333.65,333.65,326.84,328.01,3712800
2024-06-04,326.87,329.79,325.1,328.26,4296800
2024-06-05,328.5,330.46,325.92,330.26,2422400
2024-06-06,329.8,331.84,328.06,331.1,2979400
2024-06-07,325.73,328.82,323.93,327.03,2583800
2024-06-10,327.0,332.8,326.5,332.56,2691000
2024-06-11,333.0,336.31,330.32,335.72,3250900
2024-06-12,347.03,350.49,343.06,344.14,4793000
2024-06-13,345.9,348.69,343.07,347.88,3380800
2024-06-14,344.81,347.5,341.69,346.84,2589000
2024-06-17,344.89,350.69,344.4,349.5,2680200
2024-06-18,352.95,356.41,352.11,353.87,3655000
2024-06-20,352.0,354.92,349.59,353.44,3661200
2024-06-21,354.84,356.25,352.05,355.8,6596400
2024-06-24,356.9,357.69,350.72,350.88,4278900
2024-06-25,346.31,346.99,334.53,338.32,4879600
2024-06-26,339.46,342.59,337.53,341.82,3365300
2024-06-27,342.83,344.76,338.45,341.49,2912600
2024-06-28,341.35,345.28,340.71,344.24,6344000
2024-07-01,343.92,344.65,335.39,336.19,2643600
2024-07-02,335.0,336.83,332.53,334.97,2995900
2024-07-03,337.0,339.64,333.54,333.64,1733000
2024-07-05,332.71,335.92,331.64,334.58,3437500
2024-07-08,335.88,340.76,335.0,339.6,3534500
2024-07-09,338.95,339.26,335.57,337.09,2254300
2024-07-10,338.64,344.29,337.62,344.18,3263100
2024-07-11,350.78,354.13,345.0,353.79,4146900
2024-07-12,355.0,363.95,354.09,359.77,4019900
2024-07-15,359.14,361.18,355.03,358.46,2884000
2024-07-16,360.06,369.42,359.5,369.12,3210400
2024-07-17,366.64,375.19,365.42,371.89,3991100
2024-07-18,369.9,375.74,365.78,366.08,2395000
2024-07-19,366.43,367.6,361.95,363.36,2474500
2024-07-22,364.5,367.28,361.08,363.25,4049300
2024-07-23,365.43,365.43,359.38,359.62,2535700
2024-07-24,358.93,361.45,350.0,350.31,3508100
2024-07-25,350.2,358.83,349.33,353.29,3297600
2024-07-26,355.01,361.67,355.01,359.51,2439000
2024-07-29,359.21,362.89,358.95,361.67,2142100
2024-07-30,362.82,364.69,359.26,363.69,2788800
2024-07-31,365.0,372.49,363.04,368.16,3526100
2024-08-01,369.99,371.48,353.75,358.58,3759000
2024-08-02,354.93,355.57,346.74,355.43,3764600
2024-08-05,350.88,353.94,345.24,350.01,3827900
2024-08-06,348.75,358.66,347.28,353.91,2831100
2024-08-07,355.18,356.27,342.28,342.4,3429100
2024-08-08,342.24,348.74,341.34,348.34,3591100
2024-08-09,347.89,351.53,345.4,348.64,2314800
2024-08-12,350.77,351.5,342.13,345.81,3830200
2024-08-13,341.87,353.39,339.37,350.07,6388600
2024-08-14,349.55,359.69,349.4,355.66,4814800
2024-08-15,362.46,365.41,358.14,360.07,3575800
2024-08-16,359.97,363.7,359.97,362.06,3308300
2024-08-19,362.5,364.69,362.1,363.07,3634900
2024-08-20,360.65,367.64,360.5,367.27,3459400
2024-08-21,369.45,372.87,368.52,370.46,4587600
2024-08-22,371.5,372.46,364.61,365.36,4097300
2024-08-23,366.66,376.32,365.19,375.59,3426200
2024-08-26,377.08,378.58,373.37,374.11,2452100
2024-08-27,373.49,374.28,371.0,373.18,1780300
2024-08-28,373.0,375.41,370.2,372.69,2218300
2024-08-29,372.61,373.32,366.93,367.06,2698400
2024-08-30,369.24,370.41,364.88,368.5,3216700
2024-09-03,367.9,369.38,362.9,364.74,3598100
2024-09-04,364.17,365.93,360.01,364.67,3221300
2024-09-05,364.9,365.15,357.58,361.85,2789200
2024-09-06,362.92,365.44,359.42,360.05,2228800
2024-09-09,362.76,366.16,360.03,365.52,2747600
2024-09-10,365.7,371.56,362.48,370.87,2787400
2024-09-11,369.55,371.21,362.14,370.49,2937700
2024-09-12,371.94,374.99,370.56,374.43,2367700
2024-09-13,375.56,382.0,375.51,379.99,2514700
2024-09-16,382.0,384.0,379.53,382.01,2877800
2024-09-17,383.43,387.94,381.68,383.24,2947600
2024-09-18,384.09,392.67,381.07,384.01,3549400
2024-09-19,390.84,391.87,387.01,390.34,3753500
2024-09-20,388.33,391.83,387.0,389.86,6584200
2024-09-23,390.83,392.65,387.26,391.96,2502300
2024-09-24,394.7,401.11,393.63,400.66,4057700
2024-09-25,400.66,400.66,395.62,396.93,2787300
2024-09-26,399.5,400.0,395.49,396.7,2849500
2024-09-27,399.65,403.54,398.31,399.53,2452300
2024-09-30,400.2,405.31,399.02,405.2,3442000
2024-10-01,404.02,410.56,401.41,409.05,3476200
2024-10-02,407.7,411.46,404.96,411.26,3431300
2024-10-03,409.0,412.97,406.8,411.58,3320700
2024-10-04,410.07,411.82,399.45,408.36,3989000
2024-10-07,404.89,409.81,401.24,408.06,3267800
2024-10-08,409.8,415.29,408.44,414.18,3693900
2024-10-09,420.0,420.03,410.75,416.07,3627800
2024-10-10,409.72,414.48,407.63,409.96,3040800
2024-10-11,410.56,413.14,408.84,411.9,2717400
2024-10-14,411.48,416.42,411.3,415.42,2088700
2024-10-15,417.95,421.56,415.02,415.58,3693000
2024-10-16,413.87,418.74,413.87,418.61,2429000
2024-10-17,418.61,419.0,414.56,415.6,2013800
2024-10-18,416.65,416.66,413.24,415.0,2436600
2024-10-21,416.07,416.56,404.37,406.4,3699500
2024-10-22,398.5,402.95,396.21,401.85,4486700
2024-10-23,400.56,404.28,396.69,399.64,3159000
2024-10-24,402.29,404.2,398.09,402.68,2550300
2024-10-25,403.52,403.52,397.83,398.91,1941400
2024-10-28,403.45,405.84,401.95,402.89,2586500
2024-10-29,393.94,399.11,389.05,395.07,3822700
2024-10-30,395.0,397.69,391.94,392.52,2795600
2024-10-31,390.5,395.67,390.5,393.75,2518600
2024-11-01,394.8,398.71,392.01,392.59,3277800
2024-11-04,391.95,400.48,391.07,395.57,2690500
2024-11-05,394.97,400.23,393.86,400.09,2496500
2024-11-06,394.04,394.04,381.72,388.37,7133400
2024-11-07,391.0,399.76,390.8,399.44,4323100
2024-11-08,404.0,406.4,402.3,405.9,3448700
2024-11-11,407.77,411.6,405.83,408.29,4071500
2024-11-12,414.25,416.02,402.19,403.08,5647100
2024-11-13,409.13,412.74,406.72,410.19,3083100
2024-11-14,408.0,411.5,404.39,405.72,3348100
2024-11-15,402.9,408.91,402.9,408.18,3239500
2024-11-18,405.5,412.54,403.95,410.44,3394300
2024-11-19,408.38,409.16,399.36,406.8,3239400
2024-11-20,406.0,406.7,399.92,400.0,4732200
2024-11-21,401.33,411.39,400.38,410.45,3722200
2024-11-22,412.09,420.14,410.95,420.0,4932500
2024-11-25,425.0,430.25,424.46,428.67,4544200
2024-11-26,428.6,439.37,424.7,429.52,2758600
2024-11-27,428.6,430.1,425.96,427.19,2293500
2024-11-29,428.56,431.0,427.54,429.13,2028700
2024-12-02,429.0,430.4,423.16,426.96,2617100
2024-12-03,429.73,430.68,423.32,429.35,2714000
2024-12-04,426.41,428.83,425.5,427.92,1968800
2024-12-05,426.6,429.76,425.88,426.54,2523500
2024-12-06,428.7,435.75,427.01,431.37,3161400
2024-12-09,432.35,436.36,428.03,429.18,3426000
2024-12-10,426.9,427.31,421.41,422.59,3354900
2024-12-11,425.23,428.0,421.26,421.38,4211200
2024-12-12,421.43,422.75,413.18,414.42,3673600
2024-12-13,415.77,418.14,414.18,416.98,2649500
2024-12-16,417.85,418.48,410.69,410.71,2879600
2024-12-17,410.0,410.4,406.23,408.47,3726500
2024-12-18,407.0,410.71,393.38,393.82,4225500
2024-12-19,394.74,395.14,384.89,385.02,4576100
2024-12-20,383.37,393.29,383.05,392.6,8046400
2024-12-23,391.1,393.24,387.03,392.45,2433800
2024-12-24,392.13,396.14,390.5,396.14,1392600
2024-12-26,392.52,395.78,391.62,395.14,1319500
2024-12-27,392.14,395.47,391.37,392.86,1942700
2024-12-30,390.53,391.21,385.68,389.43,2444700
2024-12-31,390.01,391.46,387.3,388.99,2179700
2025-01-02,392.13,392.67,386.38,388.46,2415700
2025-01-03,389.82,391.01,385.81,389.18,2231600
2025-01-06,390.5,393.99,388.03,389.37,3274500
2025-01-07,390.9,391.9,383.1,384.23,2274300
2025-01-08,383.0,387.69,380.1,387.2,2848500
2025-01-10,388.91,392.91,384.62,389.89,5323400
2025-01-13,389.99,395.86,387.7,389.18,3512900
2025-01-14,390.59,394.2,389.63,392.78,3405200
2025-01-15,406.65,408.0,401.76,406.09,4584800
2025-01-16,406.27,410.11,403.92,409.33,2305900
2025-01-17,413.49,414.45,408.53,409.38,3229000
2025-01-21,413.0,420.22,413.0,418.43,3568100
2025-01-22,417.55,417.55,409.33,410.1,3581400
2025-01-23,411.57,414.69,408.75,414.39,3840300
2025-01-24,414.09,415.01,410.76,414.5,2369800
2025-01-27,414.9,426.19,414.0,424.87,3699200
2025-01-28,423.24,423.24,416.7,418.83,2818300
2025-01-29,420.22,421.37,411.79,413.42,2384900
2025-01-30,416.41,417.32,411.52,414.5,3081300
2025-01-31,413.17,416.38,410.32,411.98,2761000
2025-02-03,406.12,411.9,401.01,408.76,2896200
2025-02-04,409.51,412.58,406.09,411.49,2150800
2025-02-05,415.15,415.15,408.14,413.82,2212100
2025-02-06,414.91,417.79,413.0,414.16,2023700
2025-02-07,413.2,414.29,406.5,407.37,2530200
2025-02-10,410.64,414.95,408.79,413.99,2617600
2025-02-11,414.0,416.57,412.74,416.36,1441800
2025-02-12,408.58,409.65,402.12,407.14,3387000
2025-02-13,408.71,412.98,407.49,412.43,3067900
2025-02-14,415.0,418.0,408.56,409.5,3004400
2025-02-18,408.31,408.87,400.22,403.31,3994000
2025-02-19,397.22,398.64,392.94,395.43,3780000
2025-02-20,393.0,394.76,391.1,394.64,2703500
2025-02-21,396.4,397.82,383.9,385.3,5287000
2025-02-24,386.09,386.55,378.2,382.42,5722000
2025-02-25,385.0,401.01,384.19,393.29,6823900
2025-02-26,395.24,398.87,388.56,390.48,3871500
2025-02-27,389.91,395.47,388.33,390.27,2825100
2025-02-28,394.42,396.87,390.28,396.6,4263500
2025-03-03,396.95,397.07,386.47,389.69,3397600
2025-03-04,386.15,387.96,378.9,381.68,4384800
2025-03-05,379.0,387.12,378.01,386.35,2780300
2025-03-06,383.5,387.76,380.73,381.73,4222000
2025-03-07,379.5,380.65,368.9,376.8,4573900
2025-03-10,377.44,383.12,372.61,374.65,3710500
2025-03-11,374.22,374.93,365.73,368.16,4013300
2025-03-12,371.97,372.0,361.75,364.73,3368000
2025-03-13,361.91,362.0,345.26,347.25,7062400
2025-03-14,350.65,351.39,345.42,351.31,5510700
2025-03-17,351.76,355.55,350.96,354.13,3681300
2025-03-18,353.53,353.89,347.59,349.57,3008200
2025-03-19,352.0,354.43,348.99,353.42,2990200
2025-03-20,354.69,361.77,352.2,355.52,3391200
2025-03-21,352.09,353.39,346.28,351.15,8205400
2025-03-24,354.62,364.43,354.28,363.77,4023200
2025-03-25,361.53,363.65,358.54,360.99,2799500
2025-03-26,360.39,364.73,360.12,362.13,3140900
2025-03-27,361.9,365.21,361.15,362.73,3036600
2025-03-28,363.16,363.2,356.17,358.15,2980200
2025-03-31,353.5,368.74,352.65,366.49,4498800
2025-04-01,364.14,367.29,361.92,365.52,2801600
2025-04-02,362.56,372.31,362.26,370.89,3189500
2025-04-03,355.78,360.04,351.71,355.91,5407100
2025-04-04,350.71,365.44,349.04,353.9,7531100
2025-04-07,344.3,354.22,333.5,341.51,6950500
2025-04-08,350.38,354.0,329.74,335.24,4868000
2025-04-09,328.6,356.04,326.31,355.39,6793000
2025-04-10,352.85,355.29,339.66,353.62,5574800
2025-04-11,350.31,354.47,344.2,353.86,3576400
2025-04-14,357.8,359.02,353.6,357.2,2841800
2025-04-15,356.56,361.44,353.32,354.11,2883100
2025-04-16,351.84,353.8,344.32,345.99,2637200
2025-04-17,348.55,357.5,348.37,355.06,3232400
2025-04-21,354.29,354.36,341.8,346.9,4015200
2025-04-22,351.16,356.22,350.42,354.43,2802400
2025-04-23,361.92,364.84,354.85,356.42,3283300
2025-04-24,356.5,360.4,354.61,359.64,2749500
2025-04-25,357.7,359.0,354.74,357.58,2811300
2025-04-28,357.99,360.1,354.51,356.92,2413000
2025-04-29,355.89,360.58,354.73,359.0,2836900
2025-04-30,356.5,361.27,352.38,360.49,3741500
2025-05-01,360.31,362.88,357.72,358.3,3210100
2025-05-02,362.08,366.23,361.16,364.52,2283300
2025-05-05,362.13,364.26,359.73,361.73,2563500
2025-05-06,358.68,362.27,357.13,359.38,2299700
2025-05-07,360.48,363.78,359.76,362.75,2657200
2025-05-08,364.01,369.31,362.26,364.86,3035800
2025-05-09,362.13,365.57,361.5,362.71,1970700
2025-05-12,375.0,378.72,373.48,376.59,3831400
2025-05-13,381.0,381.0,372.95,373.6,2726800
2025-05-14,371.9,375.79,370.83,372.81,2587400
2025-05-15,372.1,379.33,371.52,378.63,2830500
2025-05-16,380.23,381.17,378.15,380.78,3129100
2025-05-19,374.19,381.16,374.16,379.38,4428200
2025-05-20,386.37,389.75,374.05,377.05,6287400
2025-05-21,377.98,378.33,368.6,370.84,3966000
2025-05-22,368.0,369.23,364.57,366.13,2957300
2025-05-23,362.38,364.72,361.15,362.71,3115000
2025-05-27,365.89,370.55,365.16,370.4,3998500
2025-05-28,368.82,371.15,367.43,368.06,2986100
2025-05-29,370.0,370.35,364.06,368.29,3034800
2025-05-30,367.05,369.64,365.12,368.29,4110400
2025-06-02,365.15,368.04,361.84,367.96,2506900
2025-06-03,367.96,373.54,367.0,373.08,3359500
2025-06-04,373.08,375.37,371.66,372.4,2428800
2025-06-05,370.99,371.56,367.51,369.28,2324100
2025-06-06,371.51,372.65,365.97,367.33,2349700
2025-06-09,367.32,367.35,364.36,365.2,2619700
2025-06-10,365.94,368.55,362.55,367.91,3014900
2025-06-11,369.14,369.14,359.31,360.46,3793500
2025-06-12,360.81,365.07,358.51,363.16,2921900
2025-06-13,360.0,362.79,352.8,354.66,3364400
2025-06-16,355.88,357.11,351.9,353.56,3688600
2025-06-17,351.94,354.29,347.41,348.78,4230100
2025-06-18,350.08,350.9,345.8,347.03,4453900
2025-06-20,347.49,351.21,346.82,349.62,8056500
2025-06-23,349.97,357.07,348.52,356.96,3862400
2025-06-24,356.67,361.71,355.78,360.42,4089600
2025-06-25,359.12,363.6,358.34,361.86,4159600
2025-06-26,363.22,365.23,360.6,363.5,3187900
2025-06-27,363.61,370.15,363.0,368.74,5503700
2025-06-30,369.28,370.95,364.72,366.64,4600700
2025-07-01,364.34,379.69,362.95,373.16,5152600
2025-07-02,373.65,373.97,369.37,371.85,3011400
2025-07-03,371.81,373.18,368.33,371.68,2573600
2025-07-07,371.0,372.79,364.73,367.64,3433100
2025-07-08,366.02,370.4,365.11,367.5,2531700
2025-07-09,367.51,371.07,364.79,371.04,3384200
2025-07-10,369.0,377.94,368.51,373.3,3701700
2025-07-11,370.36,371.8,367.11,370.07,3068900
2025-07-14,370.48,371.29,366.45,370.11,2481100
2025-07-15,369.98,370.75,358.52,358.64,3868700
2025-07-16,359.86,360.95,352.46,357.4,4259800
2025-07-17,356.54,360.32,354.66,359.04,3128900
2025-07-18,359.98,360.6,356.97,359.4,3361600
2025-07-21,360.72,365.78,359.84,364.04,3503900
2025-07-22,364.48,372.2,363.72,371.01,3095400
2025-07-23,371.7,377.88,371.55,376.35,3238000
2025-07-24,375.48,377.88,372.26,373.09,3088000
2025-07-25,374.66,375.99,373.05,375.34,2221000
2025-07-28,373.74,381.08,372.98,377.23,4062800
2025-07-29,377.0,379.73,374.77,377.34,2931600
2025-07-30,377.68,378.53,369.63,372.08,3110700
2025-07-31,369.17,372.81,366.84,367.51,3091600
2025-08-01,367.82,374.8,365.75,373.66,3008200
2025-08-04,374.84,381.9,373.69,380.82,2844300
2025-08-05,381.86,386.94,380.96,385.41,2931400
2025-08-06,386.08,388.93,384.52,386.8,2812800
2025-08-07,388.62,391.45,383.36,386.17,2433000
2025-08-08,387.08,389.29,386.2,387.85,2326700
2025-08-11,389.98,391.52,383.3,387.53,2605800
2025-08-12,391.42,396.38,389.0,396.0,2911300
2025-08-13,399.49,407.82,398.75,407.18,5187500
2025-08-14,401.2,403.61,399.36,400.32,3600200
2025-08-15,402.21,402.79,395.43,399.38,3841400
2025-08-18,396.57,398.14,392.51,394.7,4407100
2025-08-19,401.02,414.36,401.02,407.2,7629300
2025-08-20,409.68,411.17,401.67,401.74,4195300
2025-08-21,399.91,404.43,396.17,397.7,2942600
2025-08-22,400.87,414.5,398.31,412.79,5284700
2025-08-25,410.36,411.07,407.55,408.9,3579500
2025-08-26,408.0,409.04,404.71,407.54,3180900
2025-08-27,408.79,411.69,407.2,408.24,2487800
2025-08-28,407.0,408.95,404.81,407.45,4051600
2025-08-29,407.73,408.9,405.4,406.77,2210300
2025-09-02,403.68,408.59,402.75,406.31,3328600
2025-09-03,404.94,409.02,403.57,407.71,3025100
2025-09-04,408.51,413.22,407.2,411.69,3873100
2025-09-05,416.59,420.4,414.02,418.95,5855600
2025-09-08,418.5,420.58,415.75,419.94,3742600
2025-09-09,418.12,418.72,412.75,415.34,3516000
2025-09-10,415.52,417.43,411.74,413.23,2897800
2025-09-11,415.7,425.22,414.25,423.42,5316400
2025-09-12,420.27,423.51,418.88,422.69,5004200
2025-09-15,422.47,423.3,417.75,422.71,4884700
2025-09-16,423.75,424.53,420.09,421.45,3726700
2025-09-17,424.44,426.75,415.81,417.0,4771700
2025-09-18,417.55,421.39,415.86,417.48,3677200
2025-09-19,417.37,418.58,415.1,415.69,6718400
2025-09-22,414.11,414.88,411.13,412.0,2656300
2025-09-23,412.0,413.73,407.46,410.91,2597000
2025-09-24,406.79,410.65,405.01,409.77,3220700
2025-09-25,406.65,410.86,405.61,407.45,2554300
2025-09-26,408.16,411.41,405.84,410.09,2316600
2025-09-29,410.05,410.95,403.85,406.8,3008400
2025-09-30,406.63,407.0,403.48,405.19,3211600
2025-10-01,404.39,405.13,395.31,397.02,3787800
2025-10-02,395.5,397.38,393.79,395.01,2964700
2025-10-03,394.13,397.32,392.63,395.06,2951300
2025-10-06,394.5,394.5,385.72,389.33,3653700
2025-10-07,389.45,389.75,385.51,386.81,2505700
2025-10-08,386.46,386.46,382.98,383.79,2517600
2025-10-09,382.9,384.36,377.46,377.69,3321400
2025-10-10,380.26,380.26,374.78,375.75,2992400
2025-10-13,379.07,382.31,377.19,379.37,2925900
2025-10-14,378.87,388.89,378.01,387.72,4399900
2025-10-15,389.23,394.37,386.73,388.3,3690100
2025-10-16,389.66,390.0,383.97,387.39,2783700
2025-10-17,388.5,393.11,387.2,391.9,2657700
2025-10-20,391.41,393.18,388.09,388.89,2761100
2025-10-21,387.56,393.63,385.86,390.9,2306900
2025-10-22,391.25,393.05,388.17,388.97,2857000
2025-10-23,387.13,388.72,381.3,385.03,2767300
2025-10-24,389.7,389.7,385.67,386.68,2426800
2025-10-27,387.7,389.29,382.9,385.27,3065800
2025-10-28,384.42,390.01,382.83,385.75,2372800
2025-10-29,383.0,385.0,375.2,378.04,3852300
2025-10-30,377.71,384.7,376.11,379.55,2384300
2025-10-31,376.96,380.94,375.01,379.59,2643500
2025-11-03,377.01,378.48,373.68,378.35,2897600
2025-11-04,377.35,383.68,376.75,383.08,2590000
2025-11-05,382.79,383.42,370.53,373.84,4763000
2025-11-06,371.82,372.66,367.55,369.07,3622100
2025-11-07,368.99,373.65,367.57,371.11,2766400
2025-11-10,369.79,370.66,363.45,370.43,3257900
2025-11-11,371.99,376.0,370.91,374.24,2407300
2025-11-12,372.06,373.56,369.01,371.13,3375800
2025-11-13,371.66,373.52,366.62,368.07,3034800
2025-11-14,365.91,367.33,359.8,362.36,3413300
2025-11-17,361.13,363.78,356.1,358.03,5127200
2025-11-18,339.98,348.8,336.01,336.48,10168500
2025-11-19,340.97,341.75,331.37,334.5,7595000
2025-11-20,336.36,338.9,332.13,332.38,4025300
2025-11-21,334.57,346.92,333.0,343.32,7441300
2025-11-24,342.2,343.71,336.55,336.58,6132900
2025-11-25,339.0,353.0,338.85,351.07,6316600
2025-11-26,350.26,357.33,349.0,355.47,4517300
2025-11-28,354.93,357.83,353.5,356.92,2119600
2025-12-01,354.05,362.29,352.88,357.33,5107100
2025-12-02,356.83,357.5,351.3,354.03,3965300
2025-12-03,354.5,360.47,353.75,357.91,4166700
2025-12-04,356.29,357.51,350.0,351.17,4022800
2025-12-05,350.65,355.62,349.53,354.61,5959200
2025-12-08,351.95,352.09,345.7,349.91,7273000
2025-12-09,347.76,356.67,344.96,345.27,5063100
2025-12-10,344.1,352.02,344.0,351.13,6316100
2025-12-11,356.0,362.72,353.94,357.46,6609800
2025-12-12,359.26,360.76,356.05,359.65,3861200
2025-12-15,359.39,362.67,355.62,356.99,4387400
2025-12-16,356.9,358.74,351.81,352.68,3497200
2025-12-17,351.97,357.5,350.98,356.75,3875200
2025-12-18,363.54,366.3,354.56,354.99,4805200
2025-12-19,354.11,354.11,344.92,345.0,12825600
2025-12-22,345.31,347.9,343.7,346.39,3523700
2025-12-23,344.0,347.5,341.94,344.97,3873400
2025-12-24,344.34,348.26,343.9,347.34,1368600
2025-12-26,346.99,350.05,346.57,349.78,1786900
2025-12-29,350.0,350.32,344.75,347.45,3790000
2025-12-30,346.03,346.98,343.72,346.35,2392600
2025-12-31,345.5,346.71,343.97,344.1,2317500
2026-01-02,343.43,348.49,340.92,345.82,3763000
2026-01-05,342.7,347.35,341.25,344.09,4725300
2026-01-06,341.5,350.68,337.71,349.29,4680300
2026-01-07,353.34,358.5,349.03,349.06,4442700
2026-01-08,345.31,363.24,344.1,359.56,5196500
2026-01-09,363.5,375.49,361.31,374.64,7093500
2026-01-12,374.64,376.42,369.25,374.94,5859800
2026-01-13,375.87,380.18,370.82,379.74,4785800
2026-01-14,376.69,380.09,373.97,375.95,4959900
2026-01-15,376.02,380.18,374.46,379.16,2990100
2026-01-16,379.25,382.77,377.51,380.17,3709000
2026-01-20,372.24,377.34,371.3,375.11,5353700
2026-01-21,375.8,385.92,374.68,384.64,5169800
2026-01-22,386.45,390.6,380.53,381.03,4828100
2026-01-23,381.5,384.37,379.21,383.77,3138300
2026-01-26,385.0,387.42,381.95,386.53,3984800
2026-01-27,384.95,386.5,378.27,380.36,3466100
2026-01-28,380.21,381.0,373.65,375.3,3371500
2026-01-29,374.9,377.09,370.15,371.81,4744500
2026-01-30,372.41,375.12,368.55,374.59,3755600
2026-02-02,374.24,379.65,368.24,378.12,4757200
2026-02-03,377.29,391.78,377.0,381.1,5684400
2026-02-04,384.59,390.53,384.36,387.2,5574700
2026-02-05,386.68,387.0,380.83,382.37,3759700
2026-02-06,381.34,386.37,379.1,385.15,4685400
2026-02-09,384.36,385.78,378.2,381.0,3639300
2026-02-10,383.81,391.74,381.94,389.68,3160800
2026-02-11,385.0,391.42,382.08,390.68,3229900
2026-02-12,393.55,397.63,389.0,390.22,3702200
2026-02-13,390.2,394.0,387.1,391.05,2875900
2026-02-17,392.23,394.0,380.5,383.04,3485300
2026-02-18,382.75,385.12,379.54,383.52,2982600
2026-02-19,383.74,383.74,377.39,378.58,2930900
2026-02-20,377.45,384.82,375.95,382.25,3984100
2026-02-23,380.99,384.14,369.58,376.99,5495700
2026-02-24,389.11,394.35,382.21,384.48,5675800
2026-02-25,381.07,381.44,371.37,375.57,5036900
2026-02-26,378.4,381.48,374.94,375.09,2889400
2026-02-27,373.86,382.19,372.34,380.72,4819500
2026-03-02,375.0,375.11,369.0,370.81,4537600
2026-03-03,363.73,368.78,360.12,366.92,3964700
2026-03-04,366.2,369.57,361.51,369.11,4324400
2026-03-05,366.12,366.98,359.2,361.68,4752200
2026-03-06,357.54,359.45,353.22,357.92,4167400
2026-03-09,355.6,356.49,345.64,353.56,4224500
2026-03-10,353.04,361.64,351.02,357.15,3986000
2026-03-11,355.46,356.32,349.11,350.84,3197100
2026-03-12,346.04,348.67,338.7,338.93,3893600
2026-03-13,341.69,343.42,338.03,339.03,2531900
2026-03-16,342.44,345.24,340.65,342.58,3194400
2026-03-17,344.89,346.78,340.94,341.43,3075900
2026-03-18,338.6,339.8,330.14,330.93,3592200
2026-03-19,328.96,330.23,324.63,328.21,3845400
2026-03-20,327.75,330.23,320.26,320.75,9672200
2026-03-23,331.99,334.72,328.21,330.9,5806300
2026-03-24,325.9,332.52,323.02,330.91,4566400
2026-03-25,335.0,337.19,326.99,332.51,4397800
2026-03-26,331.44,334.12,326.59,328.43,3448400
2026-03-27,327.5,327.54,320.74,321.65,3977400
2026-03-30,325.72,327.99,322.58,323.5,4066000
2026-03-31,328.49,331.44,323.41,328.89,5749100
2026-04-01,329.37,333.09,327.81,329.56,3386200
2026-04-02,323.6,326.3,318.66,321.63,3732300
2026-04-06,319.7,326.68,318.92,326.65,2448300
2026-04-07,323.0,324.38,315.31,318.77,4661600
2026-04-08,333.26,338.78,332.25,336.16,4610600
2026-04-09,331.26,340.57,328.45,339.58,3002000
2026-04-10,341.04,341.23,335.81,337.34,3208300
2026-04-13,335.54,341.44,331.93,341.16,3741200
2026-04-14,341.0,342.76,338.34,342.71,2882500
2026-04-15,341.85,342.27,336.62,338.91,3365200
2026-04-16,339.99,341.98,336.69,337.15,2856700
2026-04-17,342.84,352.02,342.84,349.4,4930400
2026-04-20,348.34,351.17,343.62,350.99,3260900
2026-04-21,352.93,353.55,342.97,343.92,3081000
2026-04-22,343.95,345.24,337.92,339.5,2855800
2026-04-23,339.5,340.83,336.88,340.16,2712400
2026-04-24,337.88,340.27,334.68,335.89,3255900
2026-04-27,334.48,337.38,332.14,332.3,3282900
2026-04-28,334.45,335.93,327.36,329.06,4279300
2026-04-29,325.66,325.84,319.05,322.81,4150000
2026-04-30,322.24,330.12,322.24,328.8,4317900
2026-05-01,330.1,330.52,323.36,323.88,3865300
2026-05-04,322.08,322.08,312.26,312.42,6396100
2026-05-05,313.41,317.63,310.4,315.42,6391400
2026-05-06,321.96,325.24,319.35,323.05,5455900
2026-05-07,325.01,327.49,322.43,322.64,4411700
2026-05-08,322.68,324.0,316.8,317.45,4995500
2026-05-11,316.5,317.12,309.71,311.4,4335700
2026-05-12,313.23,314.78,309.11,310.46,4225700
2026-05-13,307.61,307.69,299.27,302.55,6307800
2026-05-14,305.06,305.98,301.42,304.35,5072600
2026-05-15,300.31,302.93,296.88,297.51,6121500
2026-05-18,299.25,303.78,297.3,299.81,6366100
2026-05-19,291.87,303.19,289.1,302.44,8692500
2026-05-20,301.06,311.01,296.67,310.58,5810900
2026-05-21,306.36,313.99,304.38,313.78,4516600
2026-05-22,314.5,314.96,311.46,313.07,2963800
2026-05-26,315.06,316.79,308.96,310.54,6978200
2026-05-27,314.75,321.0,314.51,317.85,5990100
2026-05-28,317.45,321.88,315.16,321.21,6818900
2026-05-29,320.48,322.1,317.0,317.14,6963300
2026-06-01,315.13,315.89,307.69,310.69,4544200
2026-06-02,309.98,312.2,308.57,311.52,4310000
2026-06-03,307.94,313.52,307.12,312.97,4328300
2026-06-04,317.83,320.75,308.11,309.95,4558600
2026-06-05,310.83,314.05,308.63,310.78,3946300
2026-06-08,308.88,313.77,307.07,309.71,4381800
2026-06-09,311.35,322.89,310.27,321.33,4875300
2026-06-10,323.27,324.0,318.8,318.92,4823800
2026-06-11,322.29,327.03,318.55,326.01,4656600
2026-06-12,328.5,331.02,325.29,328.39,3649000
2026-06-15,333.76,338.0,329.54,329.82,4695000
2026-06-16,331.91,338.27,329.75,337.09,5131500
2026-06-17,336.01,341.15,326.17,327.48,6085400
2026-06-18,331.7,338.02,330.9,334.28,10604400
2026-06-22,330.0,331.73,326.34,326.62,4713600
2026-06-23,323.87,329.02,321.7,324.45,4788000
2026-06-24,329.12,342.96,327.71,342.86,6385000
2026-06-25,342.25,348.64,341.82,345.0,6974100
2026-06-26,347.9,350.5,345.85,348.86,7771700
2026-06-29,348.86,351.35,345.54,350.81,5786500
2026-06-30,350.69,353.5,347.3,352.68,4579000
2026-07-01,353.98,357.12,350.84,350.84,4041300
2026-07-02,352.84,358.19,347.65,357.9,3110500
2026-07-06,357.82,358.85,345.8,350.65,4460800
2026-07-07,355.06,355.42,344.48,345.21,3592800
2026-07-08,337.99,337.99,330.66,336.21,4192300
2026-07-09,337.76,340.73,335.61,338.73,2780800
2026-07-10,339.55,344.4,337.9,343.3,2748000
2026-07-13,344.0,345.11,335.43,337.11,3650400
2026-07-14,339.52,341.75,336.57,337.74,2807300
2026-07-15,338.99,346.25,337.26,341.44,3953100
2026-07-16,341.55,350.81,340.64,348.02,3810300
2026-07-17,348.93,353.98,338.09,338.87,4434000
2026-07-20,339.97,340.2,331.41,333.04,4125300
2026-07-21,331.3,333.0,327.0,331.6,3112600
2026-07-22,333.53,336.56,330.71,331.45,2907700
2026-07-23,325.3,328.23,323.05,324.71,4523100
2026-07-24,325.07,333.46,323.23,332.98,3874500
2026-07-27,339.39,341.89,335.35,336.09,3622400
2026-07-28,342.64,349.43,342.6,344.47,4308000
2026-07-29,340.38,345.27,336.96,338.27,4028500
2026-07-30,334.99,335.69,330.25,333.35,6275400
2026-07-31,332.44,334.0,328.8,331.96,4961900
2026-08-03,339.8,343.64,333.72,340.02,2908100
2026-08-04,340.23,350.86,339.35,348.24,4275000
2026-08-05,350.16,354.55,348.15,353.14,3140400
2026-08-06,353.5,353.55,347.51,349.52,2622400
2026-08-07,351.51,356.83,348.74,355.62,3584800
2026-08-10,352.1,354.0,347.06,350.78,3124800
2026-08-11,352.29,358.36,350.6,354.48,2549700
2026-08-12,352.0,353.87,343.03,343.43,3965800
2026-08-13,347.0,347.75,340.51,341.7,2439900
2026-08-14,340.81,340.81,336.01,338.86,3073100
2026-08-17,334.71,339.44,332.89,337.88,5580000
2026-08-18,336.78,344.54,330.69,337.49,6603400
2026-08-19,341.42,350.4,341.42,344.3,4971000
2026-08-20,336.0,338.88,331.59,334.49,4027700
2026-08-21,336.52,338.58,333.0,335.61,3422800
2026-08-24,335.88,342.22,335.16,337.43,3298600
2026-08-25,339.37,339.49,333.7,337.88,2528100
2026-08-26,339.43,339.44,334.51,334.85,4258100
2026-08-27,330.57,332.01,327.88,328.61,3618000
2026-08-28,330.5,331.61,327.5,330.19,3136100
2026-08-31,328.24,329.25,325.75,327.83,3858700
2026-09-01,326.01,326.83,318.8,319.77,3291000
2026-09-02,321.5,322.17,317.71,318.51,3499300
2026-09-03,318.21,320.44,315.21,318.07,3377700
2026-09-04,316.7,321.8,316.1,321.05,2261000
