date,open,high,low,close,volume
2026-05-12 09:30:00-04:00,144.35000610351562,144.75,144.0301055908203,144.27000427246094,411131
2026-05-12 09:35:00-04:00,144.28500366210938,144.5063934326172,143.58999633789062,143.59500122070312,64714
2026-05-12 09:40:00-04:00,143.55999755859375,143.72000122070312,143.1199951171875,143.12010192871094,53318
2026-05-12 09:45:00-04:00,143.13499450683594,143.22000122070312,142.86000061035156,142.99000549316406,72890
2026-05-12 09:50:00-04:00,142.99000549316406,143.2899932861328,142.94000244140625,143.0,56410
2026-05-12 09:55:00-04:00,143.00933837890625,143.8350067138672,143.0,143.75999450683594,71568
2026-05-12 10:00:00-04:00,143.75999450683594,143.8300018310547,143.1699981689453,143.43499755859375,66428
2026-05-12 10:05:00-04:00,143.39999389648438,143.44000244140625,143.14999389648438,143.26499938964844,71128
2026-05-12 10:10:00-04:00,143.1999969482422,143.52999877929688,143.12770080566406,143.39999389648438,58206
2026-05-12 10:15:00-04:00,143.39999389648438,143.58999633789062,143.32000732421875,143.34500122070312,71317
2026-05-12 10:20:00-04:00,143.33999633789062,143.47000122070312,143.2449951171875,143.34500122070312,54013
2026-05-12 10:25:00-04:00,143.38499450683594,143.75999450683594,143.375,143.7550048828125,78798
2026-05-12 10:30:00-04:00,143.77999877929688,144.0,143.61000061035156,143.9250030517578,84846
2026-05-12 10:35:00-04:00,143.8699951171875,143.97000122070312,143.3000030517578,143.4029998779297,76867
2026-05-12 10:40:00-04:00,143.39999389648438,143.55499267578125,143.351806640625,143.52999877929688,66829
2026-05-12 10:45:00-04:00,143.52999877929688,143.74440002441406,143.49000549316406,143.72000122070312,88333
2026-05-12 10:50:00-04:00,143.74349975585938,144.0800018310547,143.63999938964844,143.7449951171875,95990
2026-05-12 10:55:00-04:00,143.75,144.25999450683594,143.69000244140625,144.1999969482422,188302
2026-05-12 11:00:00-04:00,144.17999267578125,144.6199951171875,144.0800018310547,144.52000427246094,90520
2026-05-12 11:05:00-04:00,144.52000427246094,144.6300048828125,144.33999633789062,144.42999267578125,61668
2026-05-12 11:10:00-04:00,144.40499877929688,144.8699951171875,144.40499877929688,144.8000030517578,84583
2026-05-12 11:15:00-04:00,144.82000732421875,145.1699981689453,144.81500244140625,145.0449981689453,113446
2026-05-12 11:20:00-04:00,145.0330047607422,145.32000732421875,144.9949951171875,145.1999969482422,87461
2026-05-12 11:25:00-04:00,145.1999969482422,145.27999877929688,145.07000732421875,145.17999267578125,57145
2026-05-12 11:30:00-04:00,145.17999267578125,145.27000427246094,145.10000610351562,145.1300048828125,52146
2026-05-12 11:35:00-04:00,145.14999389648438,145.25,145.0800018310547,145.19000244140625,46365
2026-05-12 11:40:00-04:00,145.19500732421875,145.25,145.09500122070312,145.17999267578125,40078
2026-05-12 11:45:00-04:00,145.18499755859375,145.49000549316406,145.11700439453125,145.49000549316406,49224
2026-05-12 11:50:00-04:00,145.5,145.61000061035156,145.36000061035156,145.60000610351562,74603
2026-05-12 11:55:00-04:00,145.60499572753906,145.7100067138672,145.60499572753906,145.68499755859375,76135
2026-05-12 12:00:00-04:00,145.7100067138672,145.77000427246094,145.30999755859375,145.4250030517578,100482
2026-05-12 12:05:00-04:00,145.39999389648438,145.39999389648438,145.05999755859375,145.16000366210938,61645
2026-05-12 12:10:00-04:00,145.1699981689453,145.1699981689453,144.7899932861328,144.7949981689453,208283
2026-05-12 12:15:00-04:00,144.75999450683594,145.25,144.75999450683594,145.25,55563
2026-05-12 12:20:00-04:00,145.22999572753906,145.406005859375,145.17999267578125,145.38999938964844,28164
2026-05-12 12:25:00-04:00,145.38999938964844,145.4600067138672,145.36000061035156,145.42999267578125,32979
2026-05-12 12:30:00-04:00,145.39999389648438,145.49000549316406,145.3000030517578,145.47999572753906,40128
2026-05-12 12:35:00-04:00,145.5,145.66000366210938,145.4600067138672,145.6199951171875,40160
2026-05-12 12:40:00-04:00,145.63499450683594,145.80990600585938,145.6199951171875,145.6649932861328,38953
2026-05-12 12:45:00-04:00,145.5800018310547,145.67999267578125,145.52999877929688,145.63999938964844,47088
2026-05-12 12:50:00-04:00,145.66839599609375,145.77000427246094,145.61000061035156,145.7050018310547,36945
2026-05-12 12:55:00-04:00,145.7050018310547,145.83999633789062,145.7050018310547,145.80499267578125,67782
2026-05-12 13:00:00-04:00,145.77999877929688,145.85499572753906,145.67999267578125,145.78500366210938,54193
2026-05-12 13:05:00-04:00,145.75999450683594,145.77999877929688,145.52000427246094,145.60000610351562,68979
2026-05-12 13:10:00-04:00,145.59500122070312,145.63999938964844,145.42486572265625,145.44000244140625,56466
2026-05-12 13:15:00-04:00,145.44500732421875,145.5,145.25,145.3249969482422,67796
2026-05-12 13:20:00-04:00,145.3000030517578,145.40499877929688,145.22369384765625,145.25999450683594,45084
2026-05-12 13:25:00-04:00,145.25,145.3800048828125,145.0800018310547,145.22000122070312,60324
2026-05-12 13:30:00-04:00,145.21499633789062,145.25030517578125,145.10000610351562,145.1199951171875,52956
2026-05-12 13:35:00-04:00,145.14500427246094,145.19000244140625,145.0500030517578,145.19000244140625,62088
2026-05-12 13:40:00-04:00,145.1999969482422,145.1999969482422,145.09500122070312,145.1300048828125,44984
2026-05-12 13:45:00-04:00,145.13510131835938,145.14999389648438,144.9600067138672,144.99000549316406,40155
2026-05-12 13:50:00-04:00,144.99000549316406,145.1999969482422,144.99000549316406,145.10499572753906,74678
2026-05-12 13:55:00-04:00,145.10000610351562,145.14500427246094,144.99000549316406,145.0500030517578,76804
2026-05-12 14:00:00-04:00,145.0500030517578,145.16000366210938,145.00999450683594,145.07000732421875,150344
2026-05-12 14:05:00-04:00,145.07000732421875,145.1199951171875,144.97000122070312,145.10000610351562,160828
2026-05-12 14:10:00-04:00,145.11000061035156,145.13999938964844,144.71499633789062,144.71499633789062,96010
2026-05-12 14:15:00-04:00,144.72000122070312,144.9600067138672,144.72000122070312,144.90899658203125,43576
2026-05-12 14:20:00-04:00,144.9199981689453,145.00999450683594,144.8699951171875,145.00999450683594,40328
2026-05-12 14:25:00-04:00,144.9949951171875,144.9949951171875,144.88999938964844,144.9250030517578,42639
2026-05-12 14:30:00-04:00,144.94000244140625,144.97000122070312,144.80999755859375,144.80999755859375,46687
2026-05-12 14:35:00-04:00,144.8300018310547,145.01499938964844,144.77499389648438,145.0,40319
2026-05-12 14:40:00-04:00,144.99000549316406,145.13999938964844,144.97000122070312,145.13999938964844,34477
2026-05-12 14:45:00-04:00,145.1699981689453,145.2100067138672,144.97000122070312,144.99000549316406,40863
2026-05-12 14:50:00-04:00,144.99000549316406,145.02000427246094,144.860107421875,144.97000122070312,39882
2026-05-12 14:55:00-04:00,144.96499633789062,145.06539916992188,144.85499572753906,145.0050048828125,51840
2026-05-12 15:00:00-04:00,144.97500610351562,145.0399932861328,144.93499755859375,144.96499633789062,45478
2026-05-12 15:05:00-04:00,144.96499633789062,145.0500030517578,144.80999755859375,144.8800048828125,72465
2026-05-12 15:10:00-04:00,144.8800048828125,144.88999938964844,144.72999572753906,144.85000610351562,56242
2026-05-12 15:15:00-04:00,144.8300018310547,144.85000610351562,144.58999633789062,144.6300048828125,80849
2026-05-12 15:20:00-04:00,144.6300048828125,144.8249969482422,144.57000732421875,144.8000030517578,80172
2026-05-12 15:25:00-04:00,144.8000030517578,144.8000030517578,144.5800018310547,144.6999969482422,96576
2026-05-12 15:30:00-04:00,144.7100067138672,144.7899932861328,144.58999633789062,144.72000122070312,76209
2026-05-12 15:35:00-04:00,144.72999572753906,144.72999572753906,144.5399932861328,144.5800018310547,77019
2026-05-12 15:40:00-04:00,144.5500030517578,144.57000732421875,144.32000732421875,144.4550018310547,89301
2026-05-12 15:45:00-04:00,144.4550018310547,144.49000549316406,144.22000122070312,144.22000122070312,116568
2026-05-12 15:50:00-04:00,144.22000122070312,144.3699951171875,144.0800018310547,144.3699951171875,202000
2026-05-12 15:55:00-04:00,144.3699951171875,144.39999389648438,143.86000061035156,143.97000122070312,758576
2026-05-13 09:30:00-04:00,143.14999389648438,143.27999877929688,142.5500030517578,142.8300018310547,244215
2026-05-13 09:35:00-04:00,142.8300018310547,143.56500244140625,142.8300018310547,143.52000427246094,69622
2026-05-13 09:40:00-04:00,143.49444580078125,144.05999755859375,143.27499389648438,144.05999755859375,85884
2026-05-13 09:45:00-04:00,144.14990234375,144.6699981689453,143.97999572753906,144.19000244140625,72755
2026-05-13 09:50:00-04:00,144.27999877929688,144.55999755859375,143.86000061035156,143.9499053955078,71632
2026-05-13 09:55:00-04:00,143.8699951171875,144.3800048828125,143.85000610351562,144.02000427246094,74767
2026-05-13 10:00:00-04:00,144.0500030517578,144.0500030517578,143.7987060546875,143.88999938964844,95848
2026-05-13 10:05:00-04:00,143.92999267578125,144.24000549316406,143.8800048828125,144.0800018310547,55506
2026-05-13 10:10:00-04:00,144.13499450683594,144.13499450683594,143.55999755859375,143.63999938964844,71578
2026-05-13 10:15:00-04:00,143.74000549316406,143.83999633789062,143.5500946044922,143.58009338378906,67598
2026-05-13 10:20:00-04:00,143.58999633789062,143.67999267578125,143.35459899902344,143.41000366210938,60395
2026-05-13 10:25:00-04:00,143.3699951171875,143.4600067138672,143.10000610351562,143.3000030517578,55764
2026-05-13 10:30:00-04:00,143.27999877929688,143.30999755859375,143.02000427246094,143.02000427246094,70080
2026-05-13 10:35:00-04:00,143.0449981689453,143.0449981689453,142.7949981689453,142.91000366210938,57724
2026-05-13 10:40:00-04:00,142.906494140625,142.92999267578125,142.7100067138672,142.77000427246094,67920
2026-05-13 10:45:00-04:00,142.7100067138672,142.99000549316406,142.64999389648438,142.87649536132812,100928
2026-05-13 10:50:00-04:00,142.92999267578125,142.92999267578125,142.64999389648438,142.64999389648438,44299
2026-05-13 10:55:00-04:00,142.67999267578125,142.69500732421875,142.4499969482422,142.67999267578125,99073
2026-05-13 11:00:00-04:00,142.69500732421875,142.69500732421875,142.4600067138672,142.50999450683594,64158
2026-05-13 11:05:00-04:00,142.47000122070312,142.52000427246094,142.1699981689453,142.19500732421875,81781
2026-05-13 11:10:00-04:00,142.19000244140625,142.47999572753906,142.14999389648438,142.41000366210938,42465
2026-05-13 11:15:00-04:00,142.38999938964844,142.4499969482422,142.2899932861328,142.30999755859375,49158
2026-05-13 11:20:00-04:00,142.2801971435547,142.47999572753906,142.25,142.44000244140625,46494
2026-05-13 11:25:00-04:00,142.42999267578125,142.58999633789062,142.42999267578125,142.44000244140625,52174
2026-05-13 11:30:00-04:00,142.4199981689453,142.55999755859375,142.27999877929688,142.4250030517578,72453
2026-05-13 11:35:00-04:00,142.44000244140625,142.447998046875,142.22000122070312,142.25,39791
2026-05-13 11:40:00-04:00,142.2698974609375,142.30999755859375,142.10000610351562,142.10000610351562,43091
2026-05-13 11:45:00-04:00,142.08999633789062,142.1699981689453,141.97000122070312,142.02999877929688,56429
2026-05-13 11:50:00-04:00,142.0399932861328,142.25999450683594,142.0399932861328,142.22509765625,39855
2026-05-13 11:55:00-04:00,142.17999267578125,142.35000610351562,142.10000610351562,142.24000549316406,33776
2026-05-13 12:00:00-04:00,142.22999572753906,142.27000427246094,141.97000122070312,142.07749938964844,53457
2026-05-13 12:05:00-04:00,142.07000732421875,142.11990356445312,142.0,142.0399932861328,34496
2026-05-13 12:10:00-04:00,142.05999755859375,142.10000610351562,141.97000122070312,141.97999572753906,46009
2026-05-13 12:15:00-04:00,141.98500061035156,142.08999633789062,141.97999572753906,142.07980346679688,47168
2026-05-13 12:20:00-04:00,142.07000732421875,142.11000061035156,141.96499633789062,142.0399932861328,42766
2026-05-13 12:25:00-04:00,142.02499389648438,142.16000366210938,141.9600067138672,142.1199951171875,33966
2026-05-13 12:30:00-04:00,142.1199951171875,142.1999969482422,142.11000061035156,142.1999969482422,37281
2026-05-13 12:35:00-04:00,142.1999969482422,142.24000549316406,142.10000610351562,142.24000549316406,52067
2026-05-13 12:40:00-04:00,142.25,142.27000427246094,142.11000061035156,142.14999389648438,35698
2026-05-13 12:45:00-04:00,142.14999389648438,142.24000549316406,142.0850067138672,142.10000610351562,47570
2026-05-13 12:50:00-04:00,142.11000061035156,142.1300048828125,141.9499969482422,142.05499267578125,41613
2026-05-13 12:55:00-04:00,142.05499267578125,142.0800018310547,142.0,142.0399932861328,40846
2026-05-13 13:00:00-04:00,142.0399932861328,142.08990478515625,141.94000244140625,141.97000122070312,39751
2026-05-13 13:05:00-04:00,141.98500061035156,142.22999572753906,141.97000122070312,142.1999969482422,45164
2026-05-13 13:10:00-04:00,142.1699981689453,142.17999267578125,142.02999877929688,142.05999755859375,27025
2026-05-13 13:15:00-04:00,142.0500030517578,142.05999755859375,141.9199981689453,141.99000549316406,38982
2026-05-13 13:20:00-04:00,141.97999572753906,142.0800018310547,141.9600067138672,142.0749969482422,30281
2026-05-13 13:25:00-04:00,142.0800018310547,142.11000061035156,141.83999633789062,141.85499572753906,63096
2026-05-13 13:30:00-04:00,141.84500122070312,141.98500061035156,141.77999877929688,141.9499969482422,58384
2026-05-13 13:35:00-04:00,141.9600067138672,142.05999755859375,141.92999267578125,142.05999755859375,34146
2026-05-13 13:40:00-04:00,142.05999755859375,142.06539916992188,141.86000061035156,141.8699951171875,37625
2026-05-13 13:45:00-04:00,141.8800048828125,141.9199981689453,141.80999755859375,141.89999389648438,56573
2026-05-13 13:50:00-04:00,141.89999389648438,141.89999389648438,141.66000366210938,141.75999450683594,82555
2026-05-13 13:55:00-04:00,141.75999450683594,141.8300018310547,141.72000122070312,141.7550048828125,45763
2026-05-13 14:00:00-04:00,141.77999877929688,142.0500030517578,141.75999450683594,141.92999267578125,82083
2026-05-13 14:05:00-04:00,141.92999267578125,142.0124969482422,141.8699951171875,141.9199981689453,75341
2026-05-13 14:10:00-04:00,141.91000366210938,141.97000122070312,141.8800048828125,141.90499877929688,48960
2026-05-13 14:15:00-04:00,141.89500427246094,142.0,141.89500427246094,141.96499633789062,45615
2026-05-13 14:20:00-04:00,141.9600067138672,142.00999450683594,141.8000030517578,141.82000732421875,97725
2026-05-13 14:25:00-04:00,141.8300018310547,141.8300018310547,141.67999267578125,141.72000122070312,66899
2026-05-13 14:30:00-04:00,141.72999572753906,141.80999755859375,141.67999267578125,141.72000122070312,47950
2026-05-13 14:35:00-04:00,141.75999450683594,141.9208984375,141.72999572753906,141.85000610351562,49620
2026-05-13 14:40:00-04:00,141.8300018310547,141.97000122070312,141.82000732421875,141.88499450683594,68178
2026-05-13 14:45:00-04:00,141.89999389648438,142.1199951171875,141.89999389648438,142.07000732421875,69466
2026-05-13 14:50:00-04:00,142.0500030517578,142.25999450683594,142.0500030517578,142.1300048828125,65344
2026-05-13 14:55:00-04:00,142.1300048828125,142.16000366210938,142.03500366210938,142.1300048828125,51592
2026-05-13 15:00:00-04:00,142.14999389648438,142.27000427246094,142.0500030517578,142.25,62438
2026-05-13 15:05:00-04:00,142.2550048828125,142.32000732421875,142.14999389648438,142.21499633789062,66508
2026-05-13 15:10:00-04:00,142.2299041748047,142.30999755859375,142.19500732421875,142.3000030517578,53936
2026-05-13 15:15:00-04:00,142.2949981689453,142.35000610351562,142.25,142.2899932861328,62142
2026-05-13 15:20:00-04:00,142.3000030517578,142.35000610351562,142.2100067138672,142.33999633789062,57684
2026-05-13 15:25:00-04:00,142.35000610351562,142.42999267578125,142.2899932861328,142.32000732421875,81023
2026-05-13 15:30:00-04:00,142.34500122070312,142.36000061035156,142.10000610351562,142.18499755859375,93564
2026-05-13 15:35:00-04:00,142.17999267578125,142.22999572753906,142.07000732421875,142.20249938964844,88529
2026-05-13 15:40:00-04:00,142.19000244140625,142.3699951171875,142.16000366210938,142.32000732421875,113984
2026-05-13 15:45:00-04:00,142.32000732421875,142.32000732421875,142.15499877929688,142.16000366210938,116210
2026-05-13 15:50:00-04:00,142.1699981689453,142.4116973876953,142.16000366210938,142.35000610351562,163733
2026-05-13 15:55:00-04:00,142.36000061035156,142.39999389648438,142.22000122070312,142.25999450683594,433617
2026-05-14 09:30:00-04:00,143.17999267578125,143.99000549316406,142.7949981689453,143.92999267578125,1918826
2026-05-14 09:35:00-04:00,143.8800048828125,144.0800018310547,143.3800048828125,143.38999938964844,90134
2026-05-14 09:40:00-04:00,143.38075256347656,143.4600067138672,143.14999389648438,143.41000366210938,63112
2026-05-14 09:45:00-04:00,143.39999389648438,143.47999572753906,143.0449981689453,143.1750030517578,59963
2026-05-14 09:50:00-04:00,143.1750030517578,143.61000061035156,143.11000061035156,143.4600067138672,68535
2026-05-14 09:55:00-04:00,143.50999450683594,143.8300018310547,143.36000061035156,143.6199951171875,80263
2026-05-14 10:00:00-04:00,143.6199951171875,143.6199951171875,143.30999755859375,143.41000366210938,58965
2026-05-14 10:05:00-04:00,143.41000366210938,143.85000610351562,143.41000366210938,143.85000610351562,53699
2026-05-14 10:10:00-04:00,143.84500122070312,143.94000244140625,143.7050018310547,143.92999267578125,94775
2026-05-14 10:15:00-04:00,143.92999267578125,144.27999877929688,143.8300018310547,144.0,168813
2026-05-14 10:20:00-04:00,144.0399932861328,144.10000610351562,143.8000030517578,143.8000030517578,116278
2026-05-14 10:25:00-04:00,143.77999877929688,143.89500427246094,143.60000610351562,143.75999450683594,68180
2026-05-14 10:30:00-04:00,143.8000030517578,143.9250030517578,143.74000549316406,143.81190490722656,77216
2026-05-14 10:35:00-04:00,143.80999755859375,143.85130310058594,143.46499633789062,143.5399932861328,83914
2026-05-14 10:40:00-04:00,143.5399932861328,143.6649932861328,143.49000549316406,143.60000610351562,63588
2026-05-14 10:45:00-04:00,143.60000610351562,143.76109313964844,143.5800018310547,143.7050018310547,62758
2026-05-14 10:50:00-04:00,143.72999572753906,143.77000427246094,143.52000427246094,143.6699981689453,50405
2026-05-14 10:55:00-04:00,143.66000366210938,143.93499755859375,143.58009338378906,143.7449951171875,63793
2026-05-14 11:00:00-04:00,143.77000427246094,143.8730926513672,143.5399932861328,143.7100067138672,48097
2026-05-14 11:05:00-04:00,143.72500610351562,143.74000549316406,143.17999267578125,143.19000244140625,56570
2026-05-14 11:10:00-04:00,143.1699981689453,143.22999572753906,143.01100158691406,143.10000610351562,55367
2026-05-14 11:15:00-04:00,143.13499450683594,143.27499389648438,143.0500946044922,143.25,46291
2026-05-14 11:20:00-04:00,143.2550048828125,143.53500366210938,143.24000549316406,143.53500366210938,33387
2026-05-14 11:25:00-04:00,143.52999877929688,143.6199951171875,143.4600067138672,143.60000610351562,53757
2026-05-14 11:30:00-04:00,143.5500030517578,143.64999389648438,143.41000366210938,143.60000610351562,44401
2026-05-14 11:35:00-04:00,143.58999633789062,143.69000244140625,143.4199981689453,143.6300048828125,41123
2026-05-14 11:40:00-04:00,143.625,143.66000366210938,143.51010131835938,143.55999755859375,41107
2026-05-14 11:45:00-04:00,143.55999755859375,143.6699981689453,143.5399932861328,143.60000610351562,29837
2026-05-14 11:50:00-04:00,143.60499572753906,143.74000549316406,143.5500030517578,143.64500427246094,36972
2026-05-14 11:55:00-04:00,143.64500427246094,143.8800048828125,143.61000061035156,143.85000610351562,44167
2026-05-14 12:00:00-04:00,143.86000061035156,143.8719024658203,143.64010620117188,143.6649932861328,30046
2026-05-14 12:05:00-04:00,143.6649932861328,143.7550048828125,143.60000610351562,143.6199951171875,27701
2026-05-14 12:10:00-04:00,143.6199951171875,143.6199951171875,143.47000122070312,143.5500030517578,34332
2026-05-14 12:15:00-04:00,143.5500030517578,143.74000549316406,143.50999450683594,143.72500610351562,30651
2026-05-14 12:20:00-04:00,143.72500610351562,143.75,143.57879638671875,143.57879638671875,54591
2026-05-14 12:25:00-04:00,143.56500244140625,143.57000732421875,143.39999389648438,143.47999572753906,27166
2026-05-14 12:30:00-04:00,143.485107421875,143.50999450683594,143.21009826660156,143.27999877929688,48075
2026-05-14 12:35:00-04:00,143.27999877929688,143.41000366210938,143.2200927734375,143.30999755859375,57821
2026-05-14 12:40:00-04:00,143.3256072998047,143.3256072998047,143.1699981689453,143.2100067138672,46706
2026-05-14 12:45:00-04:00,143.2550048828125,143.4199981689453,143.2200927734375,143.41000366210938,32771
2026-05-14 12:50:00-04:00,143.38999938964844,143.5,143.3300018310547,143.33999633789062,28397
2026-05-14 12:55:00-04:00,143.30999755859375,143.5500030517578,143.25,143.52999877929688,26409
2026-05-14 13:00:00-04:00,143.53500366210938,143.58999633789062,143.4499969482422,143.5200958251953,29030
2026-05-14 13:05:00-04:00,143.52999877929688,143.5970001220703,143.50999450683594,143.52999877929688,23197
2026-05-14 13:10:00-04:00,143.52999877929688,143.69000244140625,143.5,143.6699981689453,38260
2026-05-14 13:15:00-04:00,143.65499877929688,143.8800048828125,143.59010314941406,143.83999633789062,37943
2026-05-14 13:20:00-04:00,143.8300018310547,143.83999633789062,143.59010314941406,143.80999755859375,34717
2026-05-14 13:25:00-04:00,143.88999938964844,143.99989318847656,143.6999969482422,143.77000427246094,48913
2026-05-14 13:30:00-04:00,143.7100067138672,143.80499267578125,143.57000732421875,143.58999633789062,54943
2026-05-14 13:35:00-04:00,143.58999633789062,143.68499755859375,143.50999450683594,143.68499755859375,35858
2026-05-14 13:40:00-04:00,143.66000366210938,143.6699981689453,143.52000427246094,143.56500244140625,36476
2026-05-14 13:45:00-04:00,143.58999633789062,143.67990112304688,143.5399932861328,143.63999938964844,30042
2026-05-14 13:50:00-04:00,143.625,143.625,143.22999572753906,143.25,49094
2026-05-14 13:55:00-04:00,143.22999572753906,143.3300018310547,143.1699981689453,143.2100067138672,50126
2026-05-14 14:00:00-04:00,143.24000549316406,143.35499572753906,143.2100067138672,143.24000549316406,51364
2026-05-14 14:05:00-04:00,143.24000549316406,143.41000366210938,143.22000122070312,143.34500122070312,50263
2026-05-14 14:10:00-04:00,143.33999633789062,143.36000061035156,143.1999969482422,143.36000061035156,41366
2026-05-14 14:15:00-04:00,143.38999938964844,143.39999389648438,143.25,143.26510620117188,30244
2026-05-14 14:20:00-04:00,143.27999877929688,143.39999389648438,143.2100067138672,143.3699951171875,34721
2026-05-14 14:25:00-04:00,143.38450622558594,143.39999389648438,143.25,143.27000427246094,36632
2026-05-14 14:30:00-04:00,143.2550048828125,143.33999633789062,143.14010620117188,143.2899932861328,40810
2026-05-14 14:35:00-04:00,143.29550170898438,143.31500244140625,143.13999938964844,143.1699981689453,32750
2026-05-14 14:40:00-04:00,143.17999267578125,143.27000427246094,143.1501007080078,143.19000244140625,29782
2026-05-14 14:45:00-04:00,143.2100067138672,143.25999450683594,143.1300048828125,143.19000244140625,32846
2026-05-14 14:50:00-04:00,143.2050018310547,143.2050018310547,143.0500030517578,143.11000061035156,41643
2026-05-14 14:55:00-04:00,143.10000610351562,143.32000732421875,143.07000732421875,143.25,34172
2026-05-14 15:00:00-04:00,143.25999450683594,143.25999450683594,143.10159301757812,143.16000366210938,40251
2026-05-14 15:05:00-04:00,143.16000366210938,143.1999969482422,143.11000061035156,143.1999969482422,44614
2026-05-14 15:10:00-04:00,143.1999969482422,143.3699951171875,143.18499755859375,143.30880737304688,41640
2026-05-14 15:15:00-04:00,143.30999755859375,143.33999633789062,143.02999877929688,143.05499267578125,63327
2026-05-14 15:20:00-04:00,143.0399932861328,143.05999755859375,142.85000610351562,142.875,48720
2026-05-14 15:25:00-04:00,142.8699951171875,142.9149932861328,142.83999633789062,142.88499450683594,54904
2026-05-14 15:30:00-04:00,142.88499450683594,143.00999450683594,142.8300018310547,142.9604034423828,58877
2026-05-14 15:35:00-04:00,142.97500610351562,142.97500610351562,142.86000061035156,142.9199981689453,51297
2026-05-14 15:40:00-04:00,142.91000366210938,142.9499969482422,142.85499572753906,142.9499969482422,68614
2026-05-14 15:45:00-04:00,142.94000244140625,142.94000244140625,142.74000549316406,142.74000549316406,77014
2026-05-14 15:50:00-04:00,142.72999572753906,142.84027099609375,142.6300048828125,142.75999450683594,141525
2026-05-14 15:55:00-04:00,142.75,142.86500549316406,142.6300048828125,142.75,503978
2026-05-15 09:30:00-04:00,143.39999389648438,143.39999389648438,142.6999969482422,143.10000610351562,814251
2026-05-15 09:35:00-04:00,143.09500122070312,143.32000732421875,142.6999969482422,142.98500061035156,58608
2026-05-15 09:40:00-04:00,143.01974487304688,143.01974487304688,142.41000366210938,142.57000732421875,56634
2026-05-15 09:45:00-04:00,142.57000732421875,142.75999450683594,142.27999877929688,142.3112030029297,86426
2026-05-15 09:50:00-04:00,142.30999755859375,142.55999755859375,142.02000427246094,142.05999755859375,64143
2026-05-15 09:55:00-04:00,142.05999755859375,142.57000732421875,142.0,142.5399932861328,64217
2026-05-15 10:00:00-04:00,142.56500244140625,142.64999389648438,142.0399932861328,142.10000610351562,91112
2026-05-15 10:05:00-04:00,142.10000610351562,142.19000244140625,141.5800018310547,141.6199951171875,95516
2026-05-15 10:10:00-04:00,141.6199951171875,141.7899932861328,141.25,141.36500549316406,219765
2026-05-15 10:15:00-04:00,141.27999877929688,141.4698944091797,141.1999969482422,141.3300018310547,89633
2026-05-15 10:20:00-04:00,141.30999755859375,141.89999389648438,141.3000030517578,141.72500610351562,111166
2026-05-15 10:25:00-04:00,141.77000427246094,142.0467071533203,141.6999969482422,141.9550018310547,72761
2026-05-15 10:30:00-04:00,141.97999572753906,142.1999969482422,141.8300018310547,141.8800048828125,86665
2026-05-15 10:35:00-04:00,141.8699951171875,142.00860595703125,141.83999633789062,141.9600067138672,35973
2026-05-15 10:40:00-04:00,141.9600067138672,142.04989624023438,141.8350067138672,142.0050048828125,70961
2026-05-15 10:45:00-04:00,142.0050048828125,142.1300048828125,141.9949951171875,142.1300048828125,27285
2026-05-15 10:50:00-04:00,142.14010620117188,142.23440551757812,142.0850067138672,142.10000610351562,49827
2026-05-15 10:55:00-04:00,142.05999755859375,142.11500549316406,141.88330078125,141.99009704589844,55681
2026-05-15 11:00:00-04:00,142.02499389648438,142.16990661621094,141.9499969482422,142.0399932861328,36036
2026-05-15 11:05:00-04:00,142.00039672851562,142.05499267578125,141.61000061035156,141.6999969482422,89867
2026-05-15 11:10:00-04:00,141.72000122070312,141.89999389648438,141.6699981689453,141.88499450683594,71143
2026-05-15 11:15:00-04:00,141.88999938964844,141.9949951171875,141.77999877929688,141.77999877929688,43312
2026-05-15 11:20:00-04:00,141.7899932861328,141.85000610351562,141.52999877929688,141.69000244140625,44709
2026-05-15 11:25:00-04:00,141.6750030517578,141.6999969482422,141.55499267578125,141.61000061035156,63145
2026-05-15 11:30:00-04:00,141.59500122070312,141.72000122070312,141.53759765625,141.6300048828125,61165
2026-05-15 11:35:00-04:00,141.6300048828125,141.67999267578125,141.50999450683594,141.63999938964844,83142
2026-05-15 11:40:00-04:00,141.64999389648438,141.7198944091797,141.56500244140625,141.625,43746
2026-05-15 11:45:00-04:00,141.6199951171875,141.69000244140625,141.52999877929688,141.61500549316406,39048
2026-05-15 11:50:00-04:00,141.60000610351562,141.86000061035156,141.58999633789062,141.82000732421875,43055
2026-05-15 11:55:00-04:00,141.82000732421875,142.11000061035156,141.81500244140625,142.02000427246094,33524
2026-05-15 12:00:00-04:00,142.02000427246094,142.0850067138672,141.9600067138672,142.02000427246094,41475
2026-05-15 12:05:00-04:00,142.0399932861328,142.0998992919922,141.99000549316406,142.0500030517578,47663
2026-05-15 12:10:00-04:00,142.06500244140625,142.16000366210938,142.0449981689453,142.0500030517578,33874
2026-05-15 12:15:00-04:00,142.0399932861328,142.25,142.03799438476562,142.17990112304688,37454
2026-05-15 12:20:00-04:00,142.13999938964844,142.17999267578125,142.00999450683594,142.02999877929688,37690
2026-05-15 12:25:00-04:00,142.03500366210938,142.03500366210938,141.85000610351562,141.91000366210938,26389
2026-05-15 12:30:00-04:00,141.88999938964844,141.89999389648438,141.7449951171875,141.77999877929688,24140
2026-05-15 12:35:00-04:00,141.80999755859375,141.97999572753906,141.6649932861328,141.8249969482422,54623
2026-05-15 12:40:00-04:00,141.7899932861328,141.97959899902344,141.7899932861328,141.94000244140625,23226
2026-05-15 12:45:00-04:00,141.88999938964844,142.10499572753906,141.88999938964844,142.0,27736
2026-05-15 12:50:00-04:00,141.99000549316406,142.0800018310547,141.99000549316406,142.01499938964844,33126
2026-05-15 12:55:00-04:00,142.00999450683594,142.02000427246094,141.9001007080078,141.9199981689453,28057
2026-05-15 13:00:00-04:00,141.91000366210938,142.02000427246094,141.8000030517578,142.0050048828125,31460
2026-05-15 13:05:00-04:00,141.99249267578125,142.2050018310547,141.99249267578125,142.0800018310547,34284
2026-05-15 13:10:00-04:00,142.05999755859375,142.19000244140625,141.98500061035156,142.11000061035156,30553
2026-05-15 13:15:00-04:00,142.0850067138672,142.22999572753906,142.0800018310547,142.2050018310547,28713
2026-05-15 13:20:00-04:00,142.19000244140625,142.27000427246094,142.13009643554688,142.25999450683594,35416
2026-05-15 13:25:00-04:00,142.27000427246094,142.3699951171875,142.16000366210938,142.16000366210938,43457
2026-05-15 13:30:00-04:00,142.1300048828125,142.19500732421875,142.0500030517578,142.1300048828125,53068
2026-05-15 13:35:00-04:00,142.1199951171875,142.14999389648438,142.0,142.05499267578125,37794
2026-05-15 13:40:00-04:00,142.07000732421875,142.27000427246094,142.07000732421875,142.2100067138672,50113
2026-05-15 13:45:00-04:00,142.21499633789062,142.22500610351562,142.0,142.1300048828125,161529
2026-05-15 13:50:00-04:00,142.13999938964844,142.25,142.00999450683594,142.07000732421875,89071
2026-05-15 13:55:00-04:00,142.07000732421875,142.10000610351562,141.89999389648438,142.10000610351562,36402
2026-05-15 14:00:00-04:00,142.09500122070312,142.17999267578125,142.01499938964844,142.02000427246094,43481
2026-05-15 14:05:00-04:00,142.01499938964844,142.17999267578125,142.01499938964844,142.1649932861328,106250
2026-05-15 14:10:00-04:00,142.1649932861328,142.22999572753906,141.97000122070312,142.2100067138672,106257
2026-05-15 14:15:00-04:00,142.22000122070312,142.35000610351562,142.1999969482422,142.3000030517578,53416
2026-05-15 14:20:00-04:00,142.27999877929688,142.3800048828125,142.23500061035156,142.32000732421875,43409
2026-05-15 14:25:00-04:00,142.32000732421875,142.4600067138672,142.24000549316406,142.33999633789062,52366
2026-05-15 14:30:00-04:00,142.33999633789062,142.3800048828125,142.2100067138672,142.22999572753906,33291
2026-05-15 14:35:00-04:00,142.22999572753906,142.27000427246094,142.06500244140625,142.11000061035156,41357
2026-05-15 14:40:00-04:00,142.1199951171875,142.24000549316406,142.1199951171875,142.24000549316406,28150
2026-05-15 14:45:00-04:00,142.22999572753906,142.28500366210938,142.14999389648438,142.17999267578125,40927
2026-05-15 14:50:00-04:00,142.17999267578125,142.22500610351562,142.13499450683594,142.14999389648438,65138
2026-05-15 14:55:00-04:00,142.14999389648438,142.24000549316406,142.11000061035156,142.1999969482422,36173
2026-05-15 15:00:00-04:00,142.17999267578125,142.20989990234375,142.0399932861328,142.11000061035156,46979
2026-05-15 15:05:00-04:00,142.11000061035156,142.13079833984375,142.02499389648438,142.05999755859375,35265
2026-05-15 15:10:00-04:00,142.05999755859375,142.0749969482422,141.95010375976562,142.00999450683594,41867
2026-05-15 15:15:00-04:00,141.9949951171875,142.03770446777344,141.9199981689453,142.02000427246094,110919
2026-05-15 15:20:00-04:00,142.02999877929688,142.13999938964844,141.97000122070312,142.09500122070312,54262
2026-05-15 15:25:00-04:00,142.11000061035156,142.16000366210938,142.05499267578125,142.0800018310547,42775
2026-05-15 15:30:00-04:00,142.0800018310547,142.11000061035156,141.93499755859375,141.99000549316406,59514
2026-05-15 15:35:00-04:00,141.97999572753906,142.02000427246094,141.9550018310547,141.97999572753906,56207
2026-05-15 15:40:00-04:00,141.97000122070312,141.97000122070312,141.86000061035156,141.91000366210938,82695
2026-05-15 15:45:00-04:00,141.91000366210938,142.00999450683594,141.84500122070312,141.85000610351562,100854
2026-05-15 15:50:00-04:00,141.83999633789062,141.88999938964844,141.72999572753906,141.8000030517578,132230
2026-05-15 15:55:00-04:00,141.82000732421875,141.8708953857422,141.5399932861328,141.6199951171875,459363
2026-05-18 09:30:00-04:00,142.10000610351562,143.25,142.10000610351562,143.00999450683594,412185
2026-05-18 09:35:00-04:00,143.00999450683594,143.41000366210938,142.69000244140625,143.39999389648438,222898
2026-05-18 09:40:00-04:00,143.35000610351562,143.75,143.22000122070312,143.7100067138672,114654
2026-05-18 09:45:00-04:00,143.75,144.0500030517578,143.63999938964844,144.01010131835938,186459
2026-05-18 09:50:00-04:00,144.0886993408203,144.15499877929688,143.69009399414062,143.99000549316406,199001
2026-05-18 09:55:00-04:00,144.0,144.32989501953125,143.94000244140625,144.07000732421875,102480
2026-05-18 10:00:00-04:00,144.0500030517578,144.42999267578125,143.76010131835938,143.92999267578125,93793
2026-05-18 10:05:00-04:00,143.9499969482422,144.01109313964844,143.3000030517578,143.52999877929688,125581
2026-05-18 10:10:00-04:00,143.60000610351562,143.6300048828125,143.11000061035156,143.11000061035156,67918
2026-05-18 10:15:00-04:00,143.10000610351562,143.3699951171875,142.80499267578125,143.19000244140625,67013
2026-05-18 10:20:00-04:00,143.17999267578125,143.2100067138672,142.8300018310547,143.13999938964844,99320
2026-05-18 10:25:00-04:00,143.17999267578125,143.2100067138672,142.9600067138672,143.16000366210938,70890
2026-05-18 10:30:00-04:00,143.16000366210938,143.3800048828125,142.99000549316406,143.3699951171875,42698
2026-05-18 10:35:00-04:00,143.37989807128906,143.47000122070312,143.07000732421875,143.23500061035156,81550
2026-05-18 10:40:00-04:00,143.22000122070312,143.27000427246094,143.02999877929688,143.17999267578125,45625
2026-05-18 10:45:00-04:00,143.14999389648438,143.47000122070312,143.13999938964844,143.36000061035156,61394
2026-05-18 10:50:00-04:00,143.38999938964844,143.45249938964844,142.8699951171875,143.09500122070312,50852
2026-05-18 10:55:00-04:00,143.1051025390625,143.25999450683594,142.99000549316406,143.19500732421875,63008
2026-05-18 11:00:00-04:00,143.1699981689453,143.25,142.60000610351562,142.61000061035156,81234
2026-05-18 11:05:00-04:00,142.60000610351562,142.92999267578125,142.55999755859375,142.83999633789062,77211
2026-05-18 11:10:00-04:00,142.81500244140625,142.8800048828125,142.45010375976562,142.5500030517578,45315
2026-05-18 11:15:00-04:00,142.52999877929688,142.72509765625,142.4600067138672,142.52999877929688,70168
2026-05-18 11:20:00-04:00,142.5399932861328,142.72999572753906,142.51010131835938,142.58999633789062,111949
2026-05-18 11:25:00-04:00,142.5850067138672,142.67999267578125,142.39999389648438,142.67999267578125,40574
2026-05-18 11:30:00-04:00,142.66000366210938,142.72999572753906,142.4250030517578,142.5467987060547,36574
2026-05-18 11:35:00-04:00,142.52000427246094,142.6999969482422,142.49000549316406,142.6649932861328,31261
2026-05-18 11:40:00-04:00,142.68499755859375,142.7796173095703,142.42999267578125,142.50900268554688,45825
2026-05-18 11:45:00-04:00,142.5500030517578,142.5500030517578,142.4499969482422,142.5,25403
2026-05-18 11:50:00-04:00,142.52499389648438,142.6300048828125,142.47999572753906,142.49000549316406,43862
2026-05-18 11:55:00-04:00,142.52000427246094,142.54989624023438,142.32000732421875,142.35000610351562,36109
2026-05-18 12:00:00-04:00,142.36000061035156,142.3800048828125,142.22000122070312,142.22000122070312,29200
2026-05-18 12:05:00-04:00,142.23500061035156,142.24000549316406,142.05999755859375,142.13999938964844,56588
2026-05-18 12:10:00-04:00,142.14010620117188,142.23350524902344,142.02000427246094,142.0399932861328,40748
2026-05-18 12:15:00-04:00,142.0500030517578,142.2698974609375,141.99000549316406,142.24000549316406,75264
2026-05-18 12:20:00-04:00,142.2550048828125,142.375,141.94000244140625,142.1750030517578,97407
2026-05-18 12:25:00-04:00,142.20779418945312,142.44000244140625,142.19000244140625,142.27999877929688,53801
2026-05-18 12:30:00-04:00,142.27000427246094,142.34500122070312,142.14999389648438,142.3249969482422,60086
2026-05-18 12:35:00-04:00,142.33999633789062,142.3699951171875,142.22999572753906,142.30999755859375,77243
2026-05-18 12:40:00-04:00,142.30999755859375,142.30999755859375,142.08999633789062,142.10000610351562,32344
2026-05-18 12:45:00-04:00,142.1199951171875,142.1699981689453,142.0500030517578,142.07000732421875,49434
2026-05-18 12:50:00-04:00,142.05999755859375,142.11000061035156,141.9199981689453,141.9199981689453,52992
2026-05-18 12:55:00-04:00,141.91000366210938,141.94000244140625,141.6999969482422,141.6999969482422,48391
2026-05-18 13:00:00-04:00,141.6999969482422,141.94000244140625,141.6300048828125,141.8769989013672,63230
2026-05-18 13:05:00-04:00,141.89999389648438,142.03500366210938,141.88999938964844,142.00999450683594,38517
2026-05-18 13:10:00-04:00,142.0050048828125,142.19900512695312,142.0,142.05499267578125,38177
2026-05-18 13:15:00-04:00,142.02999877929688,142.13499450683594,141.97999572753906,142.11000061035156,52477
2026-05-18 13:20:00-04:00,142.11500549316406,142.6199951171875,142.0500030517578,142.60499572753906,119456
2026-05-18 13:25:00-04:00,142.5800018310547,142.60000610351562,142.22000122070312,142.24000549316406,56761
2026-05-18 13:30:00-04:00,142.2449951171875,142.27000427246094,142.08999633789062,142.11000061035156,59047
2026-05-18 13:35:00-04:00,142.0850067138672,142.11000061035156,141.9600067138672,142.00999450683594,75845
2026-05-18 13:40:00-04:00,142.02999877929688,142.0399932861328,141.7949981689453,141.8800048828125,37015
2026-05-18 13:45:00-04:00,141.89999389648438,142.125,141.8699951171875,142.0850067138672,27677
2026-05-18 13:50:00-04:00,142.08009338378906,142.17999267578125,141.97000122070312,142.00619506835938,48405
2026-05-18 13:55:00-04:00,142.0,142.02000427246094,141.8800048828125,141.91000366210938,40232
2026-05-18 14:00:00-04:00,141.91000366210938,141.97000122070312,141.86000061035156,141.94000244140625,44853
2026-05-18 14:05:00-04:00,141.931396484375,141.97000122070312,141.80999755859375,141.86500549316406,44942
2026-05-18 14:10:00-04:00,141.86500549316406,141.88999938964844,141.72999572753906,141.85499572753906,49055
2026-05-18 14:15:00-04:00,141.85000610351562,142.0050048828125,141.82000732421875,141.97500610351562,47374
2026-05-18 14:20:00-04:00,141.97509765625,142.03500366210938,141.89500427246094,141.91000366210938,50002
2026-05-18 14:25:00-04:00,141.9199981689453,142.00509643554688,141.89999389648438,141.9550018310547,42778
2026-05-18 14:30:00-04:00,141.9510955810547,141.97000122070312,141.77000427246094,141.85000610351562,40098
2026-05-18 14:35:00-04:00,141.86000061035156,141.99000549316406,141.86000061035156,141.9801025390625,47852
2026-05-18 14:40:00-04:00,141.97000122070312,142.07000732421875,141.9530029296875,142.07000732421875,57124
2026-05-18 14:45:00-04:00,142.06199645996094,142.3000030517578,142.0399932861328,142.22000122070312,62794
2026-05-18 14:50:00-04:00,142.22000122070312,142.24000549316406,142.1199951171875,142.22500610351562,40581
2026-05-18 14:55:00-04:00,142.2324981689453,142.2324981689453,141.97000122070312,142.0050048828125,56691
2026-05-18 15:00:00-04:00,141.9801025390625,142.22000122070312,141.83999633789062,142.1199951171875,91154
2026-05-18 15:05:00-04:00,142.11000061035156,142.41510009765625,142.11000061035156,142.27000427246094,73316
2026-05-18 15:10:00-04:00,142.24000549316406,142.26499938964844,142.1199951171875,142.26499938964844,77020
2026-05-18 15:15:00-04:00,142.2725067138672,142.30999755859375,142.17999267578125,142.25,76959
2026-05-18 15:20:00-04:00,142.24000549316406,142.27999877929688,142.1699981689453,142.1999969482422,51157
2026-05-18 15:25:00-04:00,142.17999267578125,142.3699951171875,142.17999267578125,142.27000427246094,52501
2026-05-18 15:30:00-04:00,142.28500366210938,142.30999755859375,142.17750549316406,142.25999450683594,70736
2026-05-18 15:35:00-04:00,142.24000549316406,142.24000549316406,142.13999938964844,142.15499877929688,52394
2026-05-18 15:40:00-04:00,142.15499877929688,142.360107421875,142.14999389648438,142.17999267578125,97635
2026-05-18 15:45:00-04:00,142.19000244140625,142.25,142.11000061035156,142.19000244140625,116759
2026-05-18 15:50:00-04:00,142.22000122070312,142.28250122070312,142.11000061035156,142.1699981689453,155202
2026-05-18 15:55:00-04:00,142.1999969482422,142.39999389648438,142.10000610351562,142.3699951171875,551481
2026-05-19 09:30:00-04:00,142.47000122070312,142.5,141.5500030517578,141.80499267578125,268813
2026-05-19 09:35:00-04:00,141.80499267578125,141.80499267578125,140.88999938964844,141.33999633789062,104583
2026-05-19 09:40:00-04:00,141.33999633789062,141.6199951171875,141.10499572753906,141.5218963623047,85001
2026-05-19 09:45:00-04:00,141.52000427246094,141.93499755859375,141.44000244140625,141.85580444335938,64375
2026-05-19 09:50:00-04:00,141.8800048828125,142.1999969482422,141.86500549316406,141.99000549316406,65300
2026-05-19 09:55:00-04:00,142.0800018310547,142.67999267578125,141.99000549316406,142.58999633789062,61553
2026-05-19 10:00:00-04:00,142.57000732421875,142.6300048828125,142.1999969482422,142.4600067138672,73477
2026-05-19 10:05:00-04:00,142.48500061035156,142.9250030517578,142.32000732421875,142.8000030517578,84551
2026-05-19 10:10:00-04:00,142.7899932861328,143.39999389648438,142.75999450683594,143.33999633789062,88576
2026-05-19 10:15:00-04:00,143.39500427246094,143.7050018310547,143.14999389648438,143.2449951171875,96103
2026-05-19 10:20:00-04:00,143.24000549316406,143.60000610351562,143.2100067138672,143.40499877929688,57107
2026-05-19 10:25:00-04:00,143.33999633789062,143.40499877929688,143.2100067138672,143.2949981689453,55221
2026-05-19 10:30:00-04:00,143.2899932861328,143.44000244140625,143.1699981689453,143.44000244140625,46143
2026-05-19 10:35:00-04:00,143.44509887695312,143.50999450683594,143.13999938964844,143.26499938964844,45228
2026-05-19 10:40:00-04:00,143.2899932861328,143.39999389648438,143.0800018310547,143.38999938964844,42395
2026-05-19 10:45:00-04:00,143.39999389648438,143.52999877929688,143.31500244140625,143.3699951171875,40231
2026-05-19 10:50:00-04:00,143.40269470214844,143.4600067138672,142.97999572753906,143.10000610351562,38362
2026-05-19 10:55:00-04:00,143.14999389648438,143.33999633789062,143.11000061035156,143.22000122070312,29856
2026-05-19 11:00:00-04:00,143.2100067138672,143.24000549316406,143.0,143.16000366210938,119887
2026-05-19 11:05:00-04:00,143.1529998779297,143.30999755859375,143.05999755859375,143.05999755859375,37444
2026-05-19 11:10:00-04:00,143.02999877929688,143.02999877929688,142.57000732421875,142.59500122070312,49676
2026-05-19 11:15:00-04:00,142.5850067138672,142.77999877929688,142.49000549316406,142.77999877929688,43990
2026-05-19 11:20:00-04:00,142.75,142.75999450683594,142.6300048828125,142.7100067138672,36005
2026-05-19 11:25:00-04:00,142.7050018310547,142.77999877929688,142.5823974609375,142.6199951171875,45458
2026-05-19 11:30:00-04:00,142.58999633789062,142.61500549316406,142.4199981689453,142.4499969482422,38130
2026-05-19 11:35:00-04:00,142.4499969482422,142.5198974609375,142.38999938964844,142.4949951171875,25804
2026-05-19 11:40:00-04:00,142.49000549316406,142.52999877929688,142.2449951171875,142.27000427246094,35451
2026-05-19 11:45:00-04:00,142.27000427246094,142.4949951171875,142.17999267578125,142.38999938964844,27985
2026-05-19 11:50:00-04:00,142.38999938964844,142.58999633789062,142.3300018310547,142.47999572753906,36227
2026-05-19 11:55:00-04:00,142.51499938964844,142.51499938964844,142.36000061035156,142.36000061035156,25921
2026-05-19 12:00:00-04:00,142.3800048828125,142.4199981689453,142.2949981689453,142.33999633789062,38703
2026-05-19 12:05:00-04:00,142.33999633789062,142.44000244140625,142.27000427246094,142.38999938964844,52764
2026-05-19 12:10:00-04:00,142.38999938964844,142.47000122070312,142.28500366210938,142.4199981689453,38305
2026-05-19 12:15:00-04:00,142.39999389648438,142.5800018310547,142.37010192871094,142.5800018310547,33989
2026-05-19 12:20:00-04:00,142.55999755859375,142.68499755859375,142.49000549316406,142.60000610351562,27312
2026-05-19 12:25:00-04:00,142.60000610351562,142.61700439453125,142.39999389648438,142.39999389648438,34313
2026-05-19 12:30:00-04:00,142.375,142.38499450683594,142.16000366210938,142.1699981689453,26724
2026-05-19 12:35:00-04:00,142.1699981689453,142.1699981689453,142.00999450683594,142.11000061035156,36347
2026-05-19 12:40:00-04:00,142.08999633789062,142.1699981689453,142.02000427246094,142.0500030517578,19992
2026-05-19 12:45:00-04:00,142.0,142.13999938964844,142.0,142.11000061035156,27960
2026-05-19 12:50:00-04:00,142.1199951171875,142.1199951171875,141.8800048828125,141.8800048828125,26707
2026-05-19 12:55:00-04:00,141.8699951171875,141.90499877929688,141.810302734375,141.8699951171875,29591
2026-05-19 13:00:00-04:00,141.8699951171875,141.8800048828125,141.72500610351562,141.75,35728
2026-05-19 13:05:00-04:00,141.7449951171875,141.85000610351562,141.72000122070312,141.72000122070312,31200
2026-05-19 13:10:00-04:00,141.6999969482422,141.8018798828125,141.6649932861328,141.75990295410156,30775
2026-05-19 13:15:00-04:00,141.74000549316406,141.74000549316406,141.5500030517578,141.60000610351562,31806
2026-05-19 13:20:00-04:00,141.5800018310547,141.64999389648438,141.5,141.5399932861328,67237
2026-05-19 13:25:00-04:00,141.51010131835938,141.6699981689453,141.51010131835938,141.5500030517578,59175
2026-05-19 13:30:00-04:00,141.5449981689453,141.6999969482422,141.50999450683594,141.61000061035156,49491
2026-05-19 13:35:00-04:00,141.60000610351562,141.69000244140625,141.52999877929688,141.6649932861328,80660
2026-05-19 13:40:00-04:00,141.67999267578125,141.6999053955078,141.52499389648438,141.55499267578125,47889
2026-05-19 13:45:00-04:00,141.55499267578125,141.8300018310547,141.5500030517578,141.7899932861328,28051
2026-05-19 13:50:00-04:00,141.75999450683594,141.89999389648438,141.68499755859375,141.85000610351562,29573
2026-05-19 13:55:00-04:00,141.8249969482422,141.8780975341797,141.5800018310547,141.66510009765625,30870
2026-05-19 14:00:00-04:00,141.6649932861328,141.6699981689453,141.4199981689453,141.48500061035156,40958
2026-05-19 14:05:00-04:00,141.47999572753906,141.47999572753906,141.26499938964844,141.44000244140625,36988
2026-05-19 14:10:00-04:00,141.44000244140625,141.47500610351562,141.32000732421875,141.40499877929688,39804
2026-05-19 14:15:00-04:00,141.41000366210938,141.4600067138672,141.36000061035156,141.42010498046875,37551
2026-05-19 14:20:00-04:00,141.4199981689453,141.49000549316406,141.3800048828125,141.39500427246094,39809
2026-05-19 14:25:00-04:00,141.39500427246094,141.45339965820312,141.2899932861328,141.33340454101562,50589
2026-05-19 14:30:00-04:00,141.33999633789062,141.35000610351562,141.222900390625,141.24000549316406,55333
2026-05-19 14:35:00-04:00,141.24000549316406,141.36500549316406,141.24000549316406,141.36000061035156,42762
2026-05-19 14:40:00-04:00,141.3551025390625,141.4199981689453,141.27999877929688,141.375,38852
2026-05-19 14:45:00-04:00,141.3800048828125,141.4499969482422,141.25999450683594,141.30999755859375,45211
2026-05-19 14:50:00-04:00,141.3000030517578,141.33999633789062,141.22999572753906,141.30499267578125,46033
2026-05-19 14:55:00-04:00,141.2899932861328,141.36000061035156,141.13999938964844,141.13999938964844,59981
2026-05-19 15:00:00-04:00,141.16000366210938,141.16000366210938,140.97000122070312,140.98500061035156,78778
2026-05-19 15:05:00-04:00,140.9801025390625,141.27499389648438,140.97000122070312,141.2100067138672,54792
2026-05-19 15:10:00-04:00,141.2100067138672,141.2100067138672,141.11000061035156,141.17999267578125,57199
2026-05-19 15:15:00-04:00,141.17999267578125,141.2899932861328,141.1199951171875,141.27000427246094,54415
2026-05-19 15:20:00-04:00,141.27999877929688,141.36990356445312,141.18499755859375,141.2949981689453,54821
2026-05-19 15:25:00-04:00,141.27000427246094,141.28500366210938,141.14999389648438,141.1649932861328,61410
2026-05-19 15:30:00-04:00,141.1649932861328,141.18499755859375,141.0399932861328,141.0500030517578,97916
2026-05-19 15:35:00-04:00,141.0399932861328,141.13999938964844,141.00999450683594,141.02999877929688,60031
2026-05-19 15:40:00-04:00,141.03500366210938,141.05999755859375,140.85000610351562,140.9071044921875,112402
2026-05-19 15:45:00-04:00,140.88999938964844,141.02999877929688,140.8699951171875,141.00999450683594,121090
2026-05-19 15:50:00-04:00,141.0,141.14500427246094,140.93499755859375,141.13999938964844,141564
2026-05-19 15:55:00-04:00,141.16000366210938,141.4199981689453,141.0800018310547,141.2899932861328,506288
2026-05-20 09:30:00-04:00,141.4499969482422,141.625,141.00999450683594,141.1750030517578,215626
2026-05-20 09:35:00-04:00,141.1750030517578,141.83999633789062,141.1300048828125,141.6699981689453,60186
2026-05-20 09:40:00-04:00,141.67648315429688,141.67648315429688,141.14999389648438,141.3300018310547,51147
2026-05-20 09:45:00-04:00,141.3000030517578,141.56500244140625,141.17999267578125,141.50999450683594,68003
2026-05-20 09:50:00-04:00,141.55999755859375,142.14500427246094,141.55999755859375,142.1300048828125,104820
2026-05-20 09:55:00-04:00,142.14999389648438,142.33999633789062,141.77999877929688,141.8249969482422,69441
2026-05-20 10:00:00-04:00,141.7899932861328,141.7899932861328,141.14999389648438,141.14999389648438,54349
2026-05-20 10:05:00-04:00,141.10000610351562,141.24000549316406,140.85000610351562,140.92990112304688,83992
2026-05-20 10:10:00-04:00,140.88999938964844,141.0699005126953,140.6199951171875,140.72000122070312,94602
2026-05-20 10:15:00-04:00,140.77999877929688,141.24989318847656,140.75999450683594,141.1425018310547,59393
2026-05-20 10:20:00-04:00,141.14500427246094,141.3800048828125,141.0449981689453,141.3800048828125,47928
2026-05-20 10:25:00-04:00,141.38999938964844,141.6300048828125,141.27499389648438,141.4499969482422,53743
2026-05-20 10:30:00-04:00,141.4600067138672,141.75,141.4199981689453,141.59249877929688,71111
2026-05-20 10:35:00-04:00,141.60000610351562,142.03500366210938,141.60000610351562,141.9550018310547,68125
2026-05-20 10:40:00-04:00,141.94000244140625,141.94000244140625,141.68499755859375,141.84500122070312,53440
2026-05-20 10:45:00-04:00,141.84500122070312,142.0749969482422,141.75,141.97999572753906,72511
2026-05-20 10:50:00-04:00,141.9499969482422,142.00999450683594,141.74000549316406,141.8350067138672,72850
2026-05-20 10:55:00-04:00,141.80999755859375,142.1300048828125,141.7100067138672,142.125,132188
2026-05-20 11:00:00-04:00,142.08999633789062,142.24000549316406,142.0500030517578,142.1699981689453,50142
2026-05-20 11:05:00-04:00,142.17999267578125,142.27999877929688,142.02999877929688,142.2100067138672,54386
2026-05-20 11:10:00-04:00,142.2100067138672,142.32000732421875,142.02000427246094,142.27000427246094,132212
2026-05-20 11:15:00-04:00,142.2899932861328,142.6300048828125,142.25,142.47999572753906,137177
2026-05-20 11:20:00-04:00,142.5299072265625,142.69500732421875,142.45570373535156,142.6199951171875,43889
2026-05-20 11:25:00-04:00,142.61000061035156,142.63999938964844,142.44749450683594,142.44749450683594,66637
2026-05-20 11:30:00-04:00,142.47500610351562,142.6699981689453,142.42999267578125,142.63999938964844,40817
2026-05-20 11:35:00-04:00,142.63499450683594,142.8249969482422,142.61000061035156,142.8000030517578,54853
2026-05-20 11:40:00-04:00,142.77999877929688,143.0500030517578,142.77999877929688,142.97500610351562,54318
2026-05-20 11:45:00-04:00,142.97999572753906,143.1999969482422,142.97000122070312,143.19810485839844,72098
2026-05-20 11:50:00-04:00,143.1968994140625,143.22000122070312,142.83999633789062,142.8800048828125,67698
2026-05-20 11:55:00-04:00,142.86000061035156,142.8800048828125,142.7050018310547,142.81500244140625,65170
2026-05-20 12:00:00-04:00,142.83999633789062,143.00999450683594,142.8350067138672,143.0,40723
2026-05-20 12:05:00-04:00,143.0050048828125,143.07249450683594,142.94000244140625,142.9949951171875,38961
2026-05-20 12:10:00-04:00,142.97999572753906,143.02999877929688,142.86000061035156,142.97999572753906,37592
2026-05-20 12:15:00-04:00,143.0,143.16000366210938,143.0,143.1199951171875,34321
2026-05-20 12:20:00-04:00,143.14999389648438,143.1699981689453,142.9499969482422,143.02999877929688,39680
2026-05-20 12:25:00-04:00,143.10000610351562,143.1699981689453,142.94500732421875,142.99000549316406,60097
2026-05-20 12:30:00-04:00,142.97000122070312,142.97000122070312,142.72000122070312,142.80039978027344,49268
2026-05-20 12:35:00-04:00,142.8000030517578,142.97000122070312,142.77000427246094,142.9499969482422,39756
2026-05-20 12:40:00-04:00,142.9499969482422,143.00999450683594,142.86000061035156,142.97000122070312,36467
2026-05-20 12:45:00-04:00,142.9499969482422,143.02499389648438,142.86000061035156,142.875,40748
2026-05-20 12:50:00-04:00,142.88999938964844,142.9499053955078,142.85000610351562,142.90499877929688,36586
2026-05-20 12:55:00-04:00,142.90499877929688,142.93499755859375,142.8300018310547,142.85000610351562,39788
2026-05-20 13:00:00-04:00,142.86000061035156,143.02000427246094,142.85000610351562,142.97999572753906,42128
2026-05-20 13:05:00-04:00,142.97500610351562,142.97999572753906,142.89500427246094,142.89500427246094,36428
2026-05-20 13:10:00-04:00,142.89999389648438,143.0,142.8699951171875,142.89999389648438,40012
2026-05-20 13:15:00-04:00,142.91000366210938,143.1199951171875,142.89999389648438,142.97999572753906,42428
2026-05-20 13:20:00-04:00,143.01499938964844,143.0800018310547,142.91000366210938,142.91000366210938,30376
2026-05-20 13:25:00-04:00,142.89999389648438,142.94500732421875,142.85499572753906,142.88999938964844,32461
2026-05-20 13:30:00-04:00,142.88499450683594,143.00999450683594,142.86000061035156,142.98500061035156,60095
2026-05-20 13:35:00-04:00,143.0050048828125,143.10000610351562,142.91000366210938,142.97000122070312,45193
2026-05-20 13:40:00-04:00,143.0,143.05990600585938,142.9499969482422,142.98500061035156,36270
2026-05-20 13:45:00-04:00,142.97000122070312,143.02000427246094,142.94000244140625,142.99000549316406,34216
2026-05-20 13:50:00-04:00,142.97000122070312,143.0,142.86000061035156,142.86000061035156,30568
2026-05-20 13:55:00-04:00,142.88499450683594,142.9199981689453,142.75999450683594,142.77999877929688,28343
2026-05-20 14:00:00-04:00,142.77000427246094,142.7899932861328,142.51040649414062,142.51499938964844,47079
2026-05-20 14:05:00-04:00,142.5500030517578,142.73500061035156,142.5,142.64999389648438,37485
2026-05-20 14:10:00-04:00,142.66000366210938,142.83999633789062,142.61000061035156,142.8000030517578,34125
2026-05-20 14:15:00-04:00,142.8300018310547,142.85000610351562,142.64500427246094,142.7100067138672,33809
2026-05-20 14:20:00-04:00,142.6999969482422,142.77999877929688,142.66000366210938,142.69500732421875,33174
2026-05-20 14:25:00-04:00,142.69000244140625,142.73500061035156,142.63999938964844,142.63999938964844,33598
2026-05-20 14:30:00-04:00,142.64500427246094,142.8000030517578,142.60000610351562,142.75,40908
2026-05-20 14:35:00-04:00,142.74000549316406,142.78500366210938,142.70350646972656,142.74000549316406,36880
2026-05-20 14:40:00-04:00,142.72000122070312,142.76499938964844,142.5850067138672,142.58999633789062,34148
2026-05-20 14:45:00-04:00,142.58999633789062,142.7989959716797,142.55999755859375,142.7899932861328,42715
2026-05-20 14:50:00-04:00,142.8000030517578,142.89999389648438,142.74929809570312,142.74929809570312,32169
2026-05-20 14:55:00-04:00,142.77000427246094,142.8800048828125,142.74749755859375,142.86000061035156,50897
2026-05-20 15:00:00-04:00,142.86000061035156,142.98500061035156,142.77499389648438,142.89039611816406,49994
2026-05-20 15:05:00-04:00,142.88999938964844,142.88999938964844,142.6649932861328,142.74000549316406,51335
2026-05-20 15:10:00-04:00,142.7449951171875,142.7449951171875,142.64999389648438,142.69000244140625,47710
2026-05-20 15:15:00-04:00,142.6999969482422,142.8300018310547,142.69500732421875,142.80999755859375,51145
2026-05-20 15:20:00-04:00,142.81500244140625,142.89999389648438,142.7899932861328,142.7949981689453,60046
2026-05-20 15:25:00-04:00,142.7949981689453,142.86000061035156,142.74000549316406,142.7449951171875,64105
2026-05-20 15:30:00-04:00,142.74000549316406,142.86000061035156,142.7100067138672,142.72000122070312,77959
2026-05-20 15:35:00-04:00,142.72000122070312,142.94000244140625,142.69000244140625,142.83999633789062,82780
2026-05-20 15:40:00-04:00,142.83999633789062,142.88499450683594,142.77499389648438,142.85000610351562,106612
2026-05-20 15:45:00-04:00,142.83999633789062,142.8800048828125,142.6999969482422,142.7550048828125,152654
2026-05-20 15:50:00-04:00,142.77000427246094,142.88499450683594,142.72999572753906,142.77999877929688,136648
2026-05-20 15:55:00-04:00,142.7899932861328,142.8000030517578,142.39999389648438,142.47999572753906,534609
2026-05-21 09:30:00-04:00,141.8800048828125,141.88999938964844,140.8300018310547,140.85000610351562,524354
2026-05-21 09:35:00-04:00,140.80999755859375,141.11000061035156,140.6999969482422,140.8000030517578,75661
2026-05-21 09:40:00-04:00,140.77699279785156,140.86000061035156,140.38999938964844,140.40499877929688,88131
2026-05-21 09:45:00-04:00,140.39999389648438,140.58999633789062,140.08999633789062,140.5800018310547,141638
2026-05-21 09:50:00-04:00,140.59500122070312,141.32510375976562,140.5500030517578,141.1699981689453,80239
2026-05-21 09:55:00-04:00,141.1699981689453,141.35000610351562,141.14999389648438,141.2449951171875,32266
2026-05-21 10:00:00-04:00,141.2899932861328,141.58999633789062,141.24000549316406,141.49000549316406,106679
2026-05-21 10:05:00-04:00,141.52999877929688,141.58999633789062,141.36000061035156,141.52999877929688,30707
2026-05-21 10:10:00-04:00,141.53500366210938,141.66000366210938,141.4250030517578,141.50999450683594,69042
2026-05-21 10:15:00-04:00,141.5605926513672,141.77999877929688,141.50999450683594,141.77999877929688,64450
2026-05-21 10:20:00-04:00,141.77999877929688,142.05999755859375,141.72000122070312,141.94000244140625,101329
2026-05-21 10:25:00-04:00,141.94000244140625,142.0800018310547,141.8699951171875,142.0,42903
2026-05-21 10:30:00-04:00,142.02999877929688,142.23989868164062,141.97500610351562,142.19500732421875,46740
2026-05-21 10:35:00-04:00,142.22000122070312,142.22999572753906,142.11000061035156,142.18499755859375,24581
2026-05-21 10:40:00-04:00,142.19000244140625,142.22999572753906,142.0,142.13999938964844,37957
2026-05-21 10:45:00-04:00,142.1300048828125,142.14999389648438,142.0,142.0800018310547,52587
2026-05-21 10:50:00-04:00,142.02999877929688,142.1300048828125,141.88999938964844,142.01499938964844,38943
2026-05-21 10:55:00-04:00,141.99000549316406,141.99000549316406,141.77999877929688,141.8300018310547,33915
2026-05-21 11:00:00-04:00,141.8300018310547,141.97000122070312,141.78500366210938,141.91000366210938,29351
2026-05-21 11:05:00-04:00,141.9149932861328,142.0,141.84010314941406,141.94500732421875,46503
2026-05-21 11:10:00-04:00,141.9499969482422,142.16000366210938,141.94500732421875,142.1300048828125,31289
2026-05-21 11:15:00-04:00,142.11000061035156,142.125,141.9499969482422,141.98500061035156,31787
2026-05-21 11:20:00-04:00,142.02499389648438,142.02499389648438,141.9149932861328,142.00999450683594,29515
2026-05-21 11:25:00-04:00,142.0,142.05499267578125,141.8000030517578,141.9199981689453,29616
2026-05-21 11:30:00-04:00,141.9199981689453,141.9801025390625,141.82009887695312,141.90499877929688,25976
2026-05-21 11:35:00-04:00,141.89999389648438,141.92999267578125,141.7899932861328,141.80999755859375,24733
2026-05-21 11:40:00-04:00,141.80999755859375,141.82989501953125,141.6649932861328,141.6649932861328,23445
2026-05-21 11:45:00-04:00,141.69000244140625,141.9199981689453,141.69000244140625,141.83399963378906,26229
2026-05-21 11:50:00-04:00,141.85499572753906,142.1999969482422,141.82009887695312,142.1999969482422,36756
2026-05-21 11:55:00-04:00,142.17999267578125,142.32000732421875,142.13999938964844,142.3000946044922,63685
2026-05-21 12:00:00-04:00,142.32000732421875,142.38499450683594,142.17999267578125,142.3800048828125,53857
2026-05-21 12:05:00-04:00,142.3699951171875,142.41000366210938,142.3300018310547,142.389892578125,57126
2026-05-21 12:10:00-04:00,142.35069274902344,142.52000427246094,142.32000732421875,142.52000427246094,41456
2026-05-21 12:15:00-04:00,142.52000427246094,142.52000427246094,142.44000244140625,142.44000244140625,19501
2026-05-21 12:20:00-04:00,142.4499969482422,142.50999450683594,142.41000366210938,142.47500610351562,27963
2026-05-21 12:25:00-04:00,142.4600067138672,142.51499938964844,142.4300994873047,142.4799041748047,24014
2026-05-21 12:30:00-04:00,142.47999572753906,142.5399932861328,142.42630004882812,142.49000549316406,16480
2026-05-21 12:35:00-04:00,142.49000549316406,142.5050048828125,142.3800048828125,142.39999389648438,53738
2026-05-21 12:40:00-04:00,142.36000061035156,142.5500030517578,142.35000610351562,142.53500366210938,26540
2026-05-21 12:45:00-04:00,142.52000427246094,142.52499389648438,142.43499755859375,142.43499755859375,21146
2026-05-21 12:50:00-04:00,142.4499969482422,142.49000549316406,142.40499877929688,142.44000244140625,21038
2026-05-21 12:55:00-04:00,142.44000244140625,142.44000244140625,142.3699951171875,142.38999938964844,16170
2026-05-21 13:00:00-04:00,142.38499450683594,142.39999389648438,142.33999633789062,142.3800048828125,26579
2026-05-21 13:05:00-04:00,142.375,142.38999938964844,142.24000549316406,142.24000549316406,17174
2026-05-21 13:10:00-04:00,142.22999572753906,142.42999267578125,142.22500610351562,142.41000366210938,38516
2026-05-21 13:15:00-04:00,142.47999572753906,142.86000061035156,142.47999572753906,142.86000061035156,48178
2026-05-21 13:20:00-04:00,142.85000610351562,143.07000732421875,142.8300018310547,143.02999877929688,56426
2026-05-21 13:25:00-04:00,143.01499938964844,143.11000061035156,142.99000549316406,143.0850067138672,28358
2026-05-21 13:30:00-04:00,143.07620239257812,143.1750030517578,143.02999877929688,143.0800018310547,32646
2026-05-21 13:35:00-04:00,143.08999633789062,143.23500061035156,143.05999755859375,143.19000244140625,30799
2026-05-21 13:40:00-04:00,143.1999969482422,143.41000366210938,143.1999969482422,143.40499877929688,36294
2026-05-21 13:45:00-04:00,143.42999267578125,143.5449981689453,143.41000366210938,143.52000427246094,31039
2026-05-21 13:50:00-04:00,143.52000427246094,143.57249450683594,143.42999267578125,143.49440002441406,37235
2026-05-21 13:55:00-04:00,143.47999572753906,143.58999633789062,143.44000244140625,143.5800018310547,30934
2026-05-21 14:00:00-04:00,143.57000732421875,143.6125030517578,143.3300018310547,143.3300018310547,50782
2026-05-21 14:05:00-04:00,143.33999633789062,143.51499938964844,143.30999755859375,143.5,35350
2026-05-21 14:10:00-04:00,143.49000549316406,143.5399932861328,143.40499877929688,143.49000549316406,33187
2026-05-21 14:15:00-04:00,143.47000122070312,143.50999450683594,143.39999389648438,143.44500732421875,37534
2026-05-21 14:20:00-04:00,143.44000244140625,143.58999633789062,143.3800048828125,143.5601043701172,58956
2026-05-21 14:25:00-04:00,143.58999633789062,143.66000366210938,143.55999755859375,143.60000610351562,56087
2026-05-21 14:30:00-04:00,143.60000610351562,143.72000122070312,143.52999877929688,143.63999938964844,46225
2026-05-21 14:35:00-04:00,143.64500427246094,143.65499877929688,143.5399932861328,143.5800018310547,42934
2026-05-21 14:40:00-04:00,143.58990478515625,143.6199951171875,143.5399932861328,143.61000061035156,42188
2026-05-21 14:45:00-04:00,143.58999633789062,143.64999389648438,143.52999877929688,143.55499267578125,46924
2026-05-21 14:50:00-04:00,143.57000732421875,143.63499450683594,143.33999633789062,143.33999633789062,52983
2026-05-21 14:55:00-04:00,143.35000610351562,143.42999267578125,143.14010620117188,143.2550048828125,42949
2026-05-21 15:00:00-04:00,143.27000427246094,143.59500122070312,143.25999450683594,143.56500244140625,37529
2026-05-21 15:05:00-04:00,143.56385803222656,143.5749969482422,143.4499969482422,143.5050048828125,53788
2026-05-21 15:10:00-04:00,143.50999450683594,143.52999877929688,143.42999267578125,143.47999572753906,38605
2026-05-21 15:15:00-04:00,143.49000549316406,143.57000732421875,143.4499969482422,143.5449981689453,48606
2026-05-21 15:20:00-04:00,143.52999877929688,143.52999877929688,143.38999938964844,143.3927001953125,52104
2026-05-21 15:25:00-04:00,143.41000366210938,143.4600067138672,143.36000061035156,143.41000366210938,50435
2026-05-21 15:30:00-04:00,143.39999389648438,143.47000122070312,143.36000061035156,143.3699951171875,58766
2026-05-21 15:35:00-04:00,143.36000061035156,143.53500366210938,143.35499572753906,143.49989318847656,57544
2026-05-21 15:40:00-04:00,143.5,143.53500366210938,143.36000061035156,143.36000061035156,67317
2026-05-21 15:45:00-04:00,143.35000610351562,143.5500030517578,143.2949981689453,143.4801025390625,87785
2026-05-21 15:50:00-04:00,143.49000549316406,143.52999877929688,143.36000061035156,143.3699951171875,104905
2026-05-21 15:55:00-04:00,143.3800048828125,143.4600067138672,143.27000427246094,143.4199981689453,342607
2026-05-22 09:30:00-04:00,143.8699951171875,143.97999572753906,143.5323944091797,143.80999755859375,153413
2026-05-22 09:35:00-04:00,143.88499450683594,144.06500244140625,143.77000427246094,143.9600067138672,66414
2026-05-22 09:40:00-04:00,143.92562866210938,144.22000122070312,143.85000610351562,144.05999755859375,42835
2026-05-22 09:45:00-04:00,144.10499572753906,144.2899932861328,143.92999267578125,144.10499572753906,57522
2026-05-22 09:50:00-04:00,144.10499572753906,144.10499572753906,143.8000030517578,143.8699951171875,41364
2026-05-22 09:55:00-04:00,143.92999267578125,144.2100067138672,143.9199981689453,144.02000427246094,49496
2026-05-22 10:00:00-04:00,143.94500732421875,144.02999877929688,143.7301025390625,143.91000366210938,43794
2026-05-22 10:05:00-04:00,143.8800048828125,144.0449981689453,143.8000030517578,144.01010131835938,45586
2026-05-22 10:10:00-04:00,144.02499389648438,144.0749053955078,143.89500427246094,143.9199981689453,51762
2026-05-22 10:15:00-04:00,143.96499633789062,144.14999389648438,143.78500366210938,143.85499572753906,53846
2026-05-22 10:20:00-04:00,143.82000732421875,144.0449981689453,143.77999877929688,144.01499938964844,44308
2026-05-22 10:25:00-04:00,144.02999877929688,144.02999877929688,143.88499450683594,143.9499969482422,49704
2026-05-22 10:30:00-04:00,143.93499755859375,144.0399932861328,143.86000061035156,144.0,46283
2026-05-22 10:35:00-04:00,144.0,144.14999389648438,143.9499969482422,143.96249389648438,53071
2026-05-22 10:40:00-04:00,143.96499633789062,144.00999450683594,143.75010681152344,143.8000030517578,50112
2026-05-22 10:45:00-04:00,143.8300018310547,144.08999633789062,143.8300018310547,143.91000366210938,62136
2026-05-22 10:50:00-04:00,143.8800048828125,143.97999572753906,143.77000427246094,143.89999389648438,52438
2026-05-22 10:55:00-04:00,143.91000366210938,143.9600067138672,143.83999633789062,143.83999633789062,97235
2026-05-22 11:00:00-04:00,143.8699951171875,143.9600067138672,143.8105926513672,143.8800048828125,45575
2026-05-22 11:05:00-04:00,143.85000610351562,143.8699951171875,143.6199951171875,143.62010192871094,36302
2026-05-22 11:10:00-04:00,143.658203125,143.6699981689453,143.5800018310547,143.61000061035156,27638
2026-05-22 11:15:00-04:00,143.61000061035156,143.80999755859375,143.57000732421875,143.77000427246094,26727
2026-05-22 11:20:00-04:00,143.75999450683594,143.92999267578125,143.72000122070312,143.91000366210938,28447
2026-05-22 11:25:00-04:00,143.92999267578125,144.22999572753906,143.92999267578125,144.11500549316406,39439
2026-05-22 11:30:00-04:00,144.11000061035156,144.22000122070312,144.0614013671875,144.15499877929688,32695
2026-05-22 11:35:00-04:00,144.13499450683594,144.19000244140625,144.0372314453125,144.08999633789062,33701
2026-05-22 11:40:00-04:00,144.09371948242188,144.17999267578125,144.07510375976562,144.17999267578125,22546
2026-05-22 11:45:00-04:00,144.19000244140625,144.39999389648438,144.19000244140625,144.34500122070312,56724
2026-05-22 11:50:00-04:00,144.3300018310547,144.33009338378906,144.13499450683594,144.16000366210938,35230
2026-05-22 11:55:00-04:00,144.16000366210938,144.16000366210938,144.0803985595703,144.1199951171875,21601
2026-05-22 12:00:00-04:00,144.11000061035156,144.15499877929688,144.07000732421875,144.10000610351562,20296
2026-05-22 12:05:00-04:00,144.09500122070312,144.1826934814453,144.02999877929688,144.125,26238
2026-05-22 12:10:00-04:00,144.1300048828125,144.14999389648438,144.10000610351562,144.13999938964844,22239
2026-05-22 12:15:00-04:00,144.1300048828125,144.27999877929688,144.1300048828125,144.25,20295
2026-05-22 12:20:00-04:00,144.25,144.27999877929688,144.22000122070312,144.27999877929688,21578
2026-05-22 12:25:00-04:00,144.27999877929688,144.29339599609375,144.2259979248047,144.25,21456
2026-05-22 12:30:00-04:00,144.2899932861328,144.32000732421875,144.16000366210938,144.18499755859375,20245
2026-05-22 12:35:00-04:00,144.18499755859375,144.24000549316406,144.13999938964844,144.17999267578125,25318
2026-05-22 12:40:00-04:00,144.15499877929688,144.25999450683594,144.13999938964844,144.24000549316406,14494
2026-05-22 12:45:00-04:00,144.22000122070312,144.26849365234375,144.17999267578125,144.17999267578125,17326
2026-05-22 12:50:00-04:00,144.19500732421875,144.2899932861328,144.15499877929688,144.2899932861328,24204
2026-05-22 12:55:00-04:00,144.2899932861328,144.32000732421875,144.1300048828125,144.1750030517578,31554
2026-05-22 13:00:00-04:00,144.17999267578125,144.3350067138672,144.17999267578125,144.3350067138672,20338
2026-05-22 13:05:00-04:00,144.34500122070312,144.36000061035156,144.3000030517578,144.33999633789062,26762
2026-05-22 13:10:00-04:00,144.3350067138672,144.3699951171875,144.25,144.27169799804688,54605
2026-05-22 13:15:00-04:00,144.27000427246094,144.28500366210938,144.1300048828125,144.13999938964844,25061
2026-05-22 13:20:00-04:00,144.13999938964844,144.17999267578125,143.9250030517578,143.9250030517578,28109
2026-05-22 13:25:00-04:00,143.97500610351562,144.22999572753906,143.91917419433594,144.1999969482422,35123
2026-05-22 13:30:00-04:00,144.22000122070312,144.35000610351562,144.19000244140625,144.22000122070312,38786
2026-05-22 13:35:00-04:00,144.24000549316406,144.4600067138672,144.24000549316406,144.42999267578125,101348
2026-05-22 13:40:00-04:00,144.43499755859375,144.62989807128906,144.41000366210938,144.60000610351562,44963
2026-05-22 13:45:00-04:00,144.610107421875,144.6300048828125,144.38999938964844,144.38999938964844,25392
2026-05-22 13:50:00-04:00,144.3300018310547,144.3800048828125,144.3000030517578,144.3350067138672,21639
2026-05-22 13:55:00-04:00,144.36000061035156,144.4499969482422,144.3408966064453,144.4499969482422,24959
2026-05-22 14:00:00-04:00,144.44000244140625,144.5399932861328,144.3800048828125,144.44509887695312,46383
2026-05-22 14:05:00-04:00,144.44500732421875,144.47000122070312,144.36500549316406,144.38499450683594,16614
2026-05-22 14:10:00-04:00,144.38510131835938,144.4600067138672,144.3350067138672,144.4600067138672,32906
2026-05-22 14:15:00-04:00,144.45010375976562,144.5,144.3800048828125,144.47999572753906,27508
2026-05-22 14:20:00-04:00,144.49000549316406,144.63999938964844,144.48089599609375,144.55999755859375,40248
2026-05-22 14:25:00-04:00,144.5500030517578,144.6300048828125,144.52999877929688,144.57000732421875,30361
2026-05-22 14:30:00-04:00,144.5500030517578,144.58999633789062,144.4499969482422,144.45010375976562,40577
2026-05-22 14:35:00-04:00,144.4499969482422,144.55999755859375,144.4199981689453,144.49000549316406,33958
2026-05-22 14:40:00-04:00,144.5,144.55999755859375,144.4600067138672,144.47999572753906,27671
2026-05-22 14:45:00-04:00,144.4844970703125,144.56500244140625,144.39999389648438,144.44000244140625,30768
2026-05-22 14:50:00-04:00,144.44000244140625,144.5500030517578,144.44000244140625,144.5399932861328,23885
2026-05-22 14:55:00-04:00,144.52499389648438,144.5500030517578,144.47000122070312,144.47000122070312,32334
2026-05-22 15:00:00-04:00,144.47500610351562,144.52999877929688,144.30499267578125,144.35499572753906,34886
2026-05-22 15:05:00-04:00,144.34010314941406,144.38999938964844,144.25999450683594,144.375,32316
2026-05-22 15:10:00-04:00,144.3800048828125,144.52999877929688,144.3800048828125,144.47999572753906,67290
2026-05-22 15:15:00-04:00,144.47000122070312,144.52999877929688,144.4600067138672,144.52000427246094,46661
2026-05-22 15:20:00-04:00,144.49000549316406,144.49000549316406,144.31019592285156,144.3800048828125,55867
2026-05-22 15:25:00-04:00,144.38999938964844,144.47000122070312,144.30999755859375,144.3300018310547,44403
2026-05-22 15:30:00-04:00,144.33999633789062,144.36000061035156,144.2570037841797,144.27999877929688,48679
2026-05-22 15:35:00-04:00,144.2899932861328,144.4550018310547,144.28500366210938,144.33999633789062,61423
2026-05-22 15:40:00-04:00,144.30499267578125,144.4499969482422,144.30499267578125,144.44000244140625,60309
2026-05-22 15:45:00-04:00,144.44000244140625,144.49000549316406,144.3800048828125,144.4199981689453,75134
2026-05-22 15:50:00-04:00,144.44000244140625,144.47999572753906,144.33999633789062,144.3699951171875,117228
2026-05-22 15:55:00-04:00,144.36000061035156,144.5500030517578,144.31500244140625,144.43499755859375,372680
2026-05-26 09:30:00-04:00,144.52000427246094,144.779296875,144.0959930419922,144.5850067138672,323435
2026-05-26 09:35:00-04:00,144.5800018310547,145.61000061035156,144.5,145.53500366210938,198498
2026-05-26 09:40:00-04:00,145.53500366210938,145.58999633789062,144.86000061035156,145.43499755859375,173798
2026-05-26 09:45:00-04:00,145.44000244140625,145.47999572753906,144.518798828125,144.65499877929688,110434
2026-05-26 09:50:00-04:00,144.67959594726562,144.83999633789062,144.27999877929688,144.35000610351562,79181
2026-05-26 09:55:00-04:00,144.38999938964844,144.5,143.92999267578125,144.0399932861328,86038
2026-05-26 10:00:00-04:00,144.00999450683594,144.18629455566406,143.82000732421875,143.9949951171875,84581
2026-05-26 10:05:00-04:00,144.0500030517578,144.1999969482422,143.8300018310547,143.83999633789062,46205
2026-05-26 10:10:00-04:00,143.86000061035156,144.1300048828125,143.7899932861328,143.85499572753906,50197
2026-05-26 10:15:00-04:00,143.85000610351562,144.05499267578125,143.75,144.03500366210938,95673
2026-05-26 10:20:00-04:00,144.0399932861328,144.0850067138672,143.57000732421875,143.6199951171875,62188
2026-05-26 10:25:00-04:00,143.59500122070312,143.65499877929688,143.44000244140625,143.4499969482422,81531
2026-05-26 10:30:00-04:00,143.4199981689453,143.5800018310547,143.33999633789062,143.41000366210938,104969
2026-05-26 10:35:00-04:00,143.38999938964844,143.4492950439453,143.25,143.36000061035156,81526
2026-05-26 10:40:00-04:00,143.36000061035156,143.7899932861328,143.34500122070312,143.74000549316406,88598
2026-05-26 10:45:00-04:00,143.6999969482422,143.9499969482422,143.67999267578125,143.85360717773438,48628
2026-05-26 10:50:00-04:00,143.8300018310547,143.86000061035156,143.61000061035156,143.6199951171875,48296
2026-05-26 10:55:00-04:00,143.6199951171875,143.7100067138672,143.38009643554688,143.60000610351562,48370
2026-05-26 11:00:00-04:00,143.57000732421875,143.57000732421875,143.23500061035156,143.3699951171875,91966
2026-05-26 11:05:00-04:00,143.36000061035156,143.44000244140625,143.1999969482422,143.25999450683594,114481
2026-05-26 11:10:00-04:00,143.27000427246094,143.3800048828125,143.25,143.2899932861328,75475
2026-05-26 11:15:00-04:00,143.3300018310547,143.5,143.3300018310547,143.35000610351562,61772
2026-05-26 11:20:00-04:00,143.33999633789062,143.58999633789062,143.3249969482422,143.48500061035156,91477
2026-05-26 11:25:00-04:00,143.5,143.52499389648438,143.32000732421875,143.4199981689453,57113
2026-05-26 11:30:00-04:00,143.42999267578125,143.6649932861328,143.42010498046875,143.5749969482422,133610
2026-05-26 11:35:00-04:00,143.5800018310547,143.63999938964844,143.48500061035156,143.61749267578125,38790
2026-05-26 11:40:00-04:00,143.625,143.67999267578125,143.50999450683594,143.65499877929688,39446
2026-05-26 11:45:00-04:00,143.64700317382812,143.8800048828125,143.6199951171875,143.8699951171875,47030
2026-05-26 11:50:00-04:00,143.86000061035156,143.9499969482422,143.61000061035156,143.6699981689453,79414
2026-05-26 11:55:00-04:00,143.68499755859375,143.72999572753906,143.58999633789062,143.6300048828125,61964
2026-05-26 12:00:00-04:00,143.6300048828125,143.7100067138672,143.5800018310547,143.60000610351562,47002
2026-05-26 12:05:00-04:00,143.60000610351562,143.6300048828125,143.51499938964844,143.5749969482422,44471
2026-05-26 12:10:00-04:00,143.55999755859375,143.63999938964844,143.39999389648438,143.61500549316406,65164
2026-05-26 12:15:00-04:00,143.61500549316406,143.64500427246094,143.52999877929688,143.5800018310547,43437
2026-05-26 12:20:00-04:00,143.58999633789062,143.59500122070312,143.43499755859375,143.47000122070312,27369
2026-05-26 12:25:00-04:00,143.4600067138672,143.6300048828125,143.4600067138672,143.55499267578125,61362
2026-05-26 12:30:00-04:00,143.55499267578125,143.63999938964844,143.5399932861328,143.6300048828125,55282
2026-05-26 12:35:00-04:00,143.6300048828125,143.68499755859375,143.5800018310547,143.68499755859375,52717
2026-05-26 12:40:00-04:00,143.68499755859375,143.8000030517578,143.625,143.75,60964
2026-05-26 12:45:00-04:00,143.74000549316406,143.75999450683594,143.60000610351562,143.6300048828125,48769
2026-05-26 12:50:00-04:00,143.6199951171875,143.63999938964844,143.4600067138672,143.4600067138672,43024
2026-05-26 12:55:00-04:00,143.47000122070312,143.47999572753906,143.25,143.27999877929688,43040
2026-05-26 13:00:00-04:00,143.27000427246094,143.3175048828125,143.14999389648438,143.15359497070312,31913
2026-05-26 13:05:00-04:00,143.13999938964844,143.35000610351562,143.1199951171875,143.33749389648438,38583
2026-05-26 13:10:00-04:00,143.36000061035156,143.47999572753906,143.30470275878906,143.4600067138672,28654
2026-05-26 13:15:00-04:00,143.4550018310547,143.57000732421875,143.33999633789062,143.35000610351562,32059
2026-05-26 13:20:00-04:00,143.35499572753906,143.3574981689453,143.22000122070312,143.22500610351562,36745
2026-05-26 13:25:00-04:00,143.24000549316406,143.24000549316406,143.02999877929688,143.05499267578125,55542
2026-05-26 13:30:00-04:00,143.07000732421875,143.07000732421875,142.97999572753906,143.0050048828125,52785
2026-05-26 13:35:00-04:00,143.0,143.1199951171875,142.99000549316406,143.07000732421875,34270
2026-05-26 13:40:00-04:00,143.07000732421875,143.0800018310547,142.97999572753906,143.03500366210938,38337
2026-05-26 13:45:00-04:00,143.03500366210938,143.05999755859375,142.99000549316406,143.00999450683594,31054
2026-05-26 13:50:00-04:00,143.00999450683594,143.0850067138672,142.9499969482422,142.97909545898438,29796
2026-05-26 13:55:00-04:00,142.97000122070312,143.1649932861328,142.8300018310547,143.1199951171875,106716
2026-05-26 14:00:00-04:00,143.1300048828125,143.22610473632812,142.99560546875,143.10000610351562,44384
2026-05-26 14:05:00-04:00,143.11000061035156,143.1999969482422,143.0399932861328,143.0601043701172,45531
2026-05-26 14:10:00-04:00,143.0749969482422,143.11000061035156,142.99000549316406,143.0749969482422,42752
2026-05-26 14:15:00-04:00,143.0749969482422,143.1280059814453,143.00999450683594,143.02096557617188,31948
2026-05-26 14:20:00-04:00,143.01089477539062,143.07000732421875,142.94520568847656,143.0,68750
2026-05-26 14:25:00-04:00,143.0,143.00999450683594,142.6999969482422,142.8300018310547,63335
2026-05-26 14:30:00-04:00,142.86000061035156,142.97000122070312,142.82000732421875,142.9199981689453,40645
2026-05-26 14:35:00-04:00,142.9199981689453,142.93499755859375,142.8614959716797,142.9199981689453,41095
2026-05-26 14:40:00-04:00,142.91000366210938,143.02999877929688,142.86500549316406,143.00999450683594,45966
2026-05-26 14:45:00-04:00,143.0,143.00999450683594,142.91000366210938,142.92999267578125,52242
2026-05-26 14:50:00-04:00,142.92999267578125,143.0050048828125,142.8800048828125,142.89500427246094,44640
2026-05-26 14:55:00-04:00,142.90499877929688,142.9550018310547,142.82000732421875,142.92999267578125,43752
2026-05-26 15:00:00-04:00,142.9499969482422,142.97999572753906,142.89010620117188,142.91000366210938,49905
2026-05-26 15:05:00-04:00,142.9149932861328,143.0,142.9149932861328,142.97999572753906,44497
2026-05-26 15:10:00-04:00,142.99000549316406,143.0399932861328,142.91000366210938,142.9199981689453,60691
2026-05-26 15:15:00-04:00,142.9250030517578,143.0,142.86000061035156,142.9250030517578,59077
2026-05-26 15:20:00-04:00,142.93020629882812,142.9499969482422,142.89999389648438,142.9499969482422,45250
2026-05-26 15:25:00-04:00,142.94500732421875,142.94500732421875,142.63999938964844,142.66000366210938,124442
2026-05-26 15:30:00-04:00,142.65499877929688,142.72000122070312,142.52999877929688,142.71499633789062,164794
2026-05-26 15:35:00-04:00,142.7050018310547,142.8300018310547,142.69000244140625,142.77499389648438,100800
2026-05-26 15:40:00-04:00,142.77999877929688,143.05999755859375,142.77000427246094,142.99000549316406,136587
2026-05-26 15:45:00-04:00,142.97999572753906,143.0800018310547,142.9149932861328,142.96499633789062,179100
2026-05-26 15:50:00-04:00,142.97999572753906,143.22999572753906,142.9600067138672,143.1300048828125,206064
2026-05-26 15:55:00-04:00,143.14999389648438,143.23500061035156,142.97999572753906,143.0399932861328,569369
2026-05-27 09:30:00-04:00,143.4600067138672,146.1199951171875,143.4600067138672,146.02999877929688,376120
2026-05-27 09:35:00-04:00,146.03500366210938,147.05999755859375,145.94000244140625,146.7899932861328,206871
2026-05-27 09:40:00-04:00,146.82000732421875,148.10000610351562,146.64500427246094,148.02999877929688,266438
2026-05-27 09:45:00-04:00,148.02999877929688,148.10499572753906,147.34010314941406,147.7725067138672,225957
2026-05-27 09:50:00-04:00,147.74000549316406,147.9149932861328,147.2899932861328,147.78500366210938,138341
2026-05-27 09:55:00-04:00,147.77999877929688,147.95989990234375,147.5800018310547,147.6199951171875,127212
2026-05-27 10:00:00-04:00,147.69000244140625,148.10000610351562,147.5449981689453,148.02999877929688,111779
2026-05-27 10:05:00-04:00,148.01510620117188,148.19509887695312,147.86000061035156,148.0800018310547,79838
2026-05-27 10:10:00-04:00,148.00999450683594,148.19000244140625,147.92999267578125,148.0500030517578,79051
2026-05-27 10:15:00-04:00,148.0399932861328,148.16000366210938,147.82000732421875,148.1300048828125,117655
2026-05-27 10:20:00-04:00,148.14010620117188,148.53990173339844,148.05499267578125,148.1300048828125,117514
2026-05-27 10:25:00-04:00,148.17999267578125,148.52000427246094,148.17999267578125,148.30999755859375,76563
2026-05-27 10:30:00-04:00,148.2899932861328,148.33999633789062,147.9499969482422,147.9499969482422,111996
2026-05-27 10:35:00-04:00,147.97000122070312,148.375,147.91000366210938,148.35000610351562,117572
2026-05-27 10:40:00-04:00,148.375,148.39999389648438,147.78500366210938,147.91000366210938,263293
2026-05-27 10:45:00-04:00,147.91000366210938,148.02999877929688,147.5399932861328,147.77999877929688,75363
2026-05-27 10:50:00-04:00,147.77999877929688,147.77999877929688,147.49000549316406,147.6501007080078,129731
2026-05-27 10:55:00-04:00,147.69000244140625,148.0800018310547,147.69000244140625,147.82000732421875,79654
2026-05-27 11:00:00-04:00,147.80999755859375,147.99000549316406,147.6750030517578,147.73500061035156,64252
2026-05-27 11:05:00-04:00,147.74000549316406,147.85000610351562,147.64010620117188,147.6649932861328,90385
2026-05-27 11:10:00-04:00,147.67999267578125,147.72999572753906,147.4600067138672,147.6199951171875,66416
2026-05-27 11:15:00-04:00,147.6300048828125,147.86000061035156,147.60000610351562,147.82000732421875,70040
2026-05-27 11:20:00-04:00,147.82000732421875,147.89500427246094,147.64500427246094,147.64500427246094,55885
2026-05-27 11:25:00-04:00,147.64500427246094,147.69000244140625,147.5500030517578,147.59750366210938,54142
2026-05-27 11:30:00-04:00,147.57000732421875,147.77000427246094,147.47999572753906,147.72000122070312,54137
2026-05-27 11:35:00-04:00,147.74000549316406,148.0316925048828,147.74000549316406,147.9250030517578,103168
2026-05-27 11:40:00-04:00,147.94000244140625,147.97000122070312,147.63999938964844,147.6649932861328,53376
2026-05-27 11:45:00-04:00,147.67999267578125,147.75,147.57000732421875,147.72000122070312,49004
2026-05-27 11:50:00-04:00,147.72500610351562,147.72500610351562,147.4499969482422,147.6300048828125,58014
2026-05-27 11:55:00-04:00,147.6300048828125,147.66000366210938,147.36000061035156,147.44000244140625,51773
2026-05-27 12:00:00-04:00,147.4199981689453,147.50999450683594,147.25999450683594,147.25999450683594,53082
2026-05-27 12:05:00-04:00,147.25999450683594,147.5399932861328,147.19000244140625,147.50999450683594,90952
2026-05-27 12:10:00-04:00,147.52499389648438,147.62249755859375,147.4499969482422,147.5,71091
2026-05-27 12:15:00-04:00,147.48500061035156,147.69000244140625,147.4149932861328,147.57000732421875,75988
2026-05-27 12:20:00-04:00,147.5399932861328,147.55140686035156,147.25,147.27000427246094,75989
2026-05-27 12:25:00-04:00,147.27999877929688,147.42999267578125,147.22999572753906,147.2899932861328,33186
2026-05-27 12:30:00-04:00,147.27999877929688,147.38999938964844,147.1699981689453,147.20399475097656,74538
2026-05-27 12:35:00-04:00,147.2050018310547,147.22000122070312,146.951904296875,147.0500030517578,40931
2026-05-27 12:40:00-04:00,147.0574951171875,147.16000366210938,146.99000549316406,147.10000610351562,62218
2026-05-27 12:45:00-04:00,147.0850067138672,147.27000427246094,147.0850067138672,147.16000366210938,50600
2026-05-27 12:50:00-04:00,147.1501007080078,147.35000610351562,147.0749969482422,147.27000427246094,38673
2026-05-27 12:55:00-04:00,147.27499389648438,147.33999633789062,147.14999389648438,147.22999572753906,38729
2026-05-27 13:00:00-04:00,147.22000122070312,147.24000549316406,147.09500122070312,147.16000366210938,43358
2026-05-27 13:05:00-04:00,147.14019775390625,147.25999450683594,147.14019775390625,147.24000549316406,41679
2026-05-27 13:10:00-04:00,147.25,147.5800018310547,147.1699981689453,147.52000427246094,91352
2026-05-27 13:15:00-04:00,147.52499389648438,147.60000610351562,147.4499969482422,147.56500244140625,59754
2026-05-27 13:20:00-04:00,147.57000732421875,147.57000732421875,147.4600067138672,147.50079345703125,63647
2026-05-27 13:25:00-04:00,147.5,147.56500244140625,147.46499633789062,147.5500030517578,41781
2026-05-27 13:30:00-04:00,147.5500030517578,147.8249969482422,147.5399932861328,147.75999450683594,57891
2026-05-27 13:35:00-04:00,147.75999450683594,147.7949981689453,147.59500122070312,147.65499877929688,47969
2026-05-27 13:40:00-04:00,147.65499877929688,147.6699981689453,147.60000610351562,147.63999938964844,47423
2026-05-27 13:45:00-04:00,147.6199951171875,147.64999389648438,147.5399932861328,147.64999389648438,57399
2026-05-27 13:50:00-04:00,147.66000366210938,147.66000366210938,147.55999755859375,147.5749969482422,48525
2026-05-27 13:55:00-04:00,147.57000732421875,147.64999389648438,147.4600067138672,147.55499267578125,70257
2026-05-27 14:00:00-04:00,147.5500030517578,147.61000061035156,147.41000366210938,147.4199981689453,88249
2026-05-27 14:05:00-04:00,147.4199981689453,147.52000427246094,147.23500061035156,147.49749755859375,91749
2026-05-27 14:10:00-04:00,147.4949951171875,147.6699981689453,147.4149932861328,147.6300048828125,39423
2026-05-27 14:15:00-04:00,147.61500549316406,147.85000610351562,147.59500122070312,147.83999633789062,41839
2026-05-27 14:20:00-04:00,147.84500122070312,147.85499572753906,147.65499877929688,147.74000549316406,72844
2026-05-27 14:25:00-04:00,147.74989318847656,147.75,147.58999633789062,147.6199951171875,73775
2026-05-27 14:30:00-04:00,147.6199951171875,147.7449951171875,147.57000732421875,147.69000244140625,93155
2026-05-27 14:35:00-04:00,147.69000244140625,147.8800048828125,147.6699981689453,147.8300018310547,57333
2026-05-27 14:40:00-04:00,147.8300018310547,147.85499572753906,147.7100067138672,147.85499572753906,47930
2026-05-27 14:45:00-04:00,147.85499572753906,147.8699951171875,147.75999450683594,147.7899932861328,70089
2026-05-27 14:50:00-04:00,147.7899932861328,147.875,147.77000427246094,147.77999877929688,41265
2026-05-27 14:55:00-04:00,147.77499389648438,147.80999755859375,147.60000610351562,147.75999450683594,73915
2026-05-27 15:00:00-04:00,147.75999450683594,147.8300018310547,147.61000061035156,147.67999267578125,80001
2026-05-27 15:05:00-04:00,147.64999389648438,147.8498992919922,147.63009643554688,147.8300018310547,65543
2026-05-27 15:10:00-04:00,147.83999633789062,147.8699951171875,147.71749877929688,147.73500061035156,117493
2026-05-27 15:15:00-04:00,147.72000122070312,147.73500061035156,147.61000061035156,147.72000122070312,91695
2026-05-27 15:20:00-04:00,147.72000122070312,147.8000030517578,147.6999969482422,147.75,79256
2026-05-27 15:25:00-04:00,147.75,147.75,147.6199951171875,147.66000366210938,87081
2026-05-27 15:30:00-04:00,147.6300048828125,147.72999572753906,147.59500122070312,147.72999572753906,127230
2026-05-27 15:35:00-04:00,147.72999572753906,147.7799072265625,147.66000366210938,147.67999267578125,122420
2026-05-27 15:40:00-04:00,147.6699981689453,147.6999969482422,147.5,147.52999877929688,156047
2026-05-27 15:45:00-04:00,147.52999877929688,147.60000610351562,147.2100067138672,147.55999755859375,253959
2026-05-27 15:50:00-04:00,147.58999633789062,147.7449951171875,147.5,147.7449951171875,285198
2026-05-27 15:55:00-04:00,147.74000549316406,147.8000030517578,147.38999938964844,147.52999877929688,1143100
2026-05-28 09:30:00-04:00,146.6999969482422,146.6999969482422,145.01390075683594,145.35000610351562,238892
2026-05-28 09:35:00-04:00,145.4398956298828,145.60000610351562,145.14999389648438,145.44000244140625,141900
2026-05-28 09:40:00-04:00,145.39630126953125,146.1999969482422,145.35000610351562,146.13499450683594,120422
2026-05-28 09:45:00-04:00,146.11000061035156,146.11000061035156,145.58999633789062,145.82000732421875,94485
2026-05-28 09:50:00-04:00,145.80499267578125,146.0500030517578,145.72000122070312,145.99000549316406,185674
2026-05-28 09:55:00-04:00,145.9499969482422,146.0,145.4499969482422,145.49000549316406,187217
2026-05-28 10:00:00-04:00,145.5050048828125,146.00999450683594,145.375,145.82000732421875,73788
2026-05-28 10:05:00-04:00,145.80499267578125,146.02999877929688,145.71499633789062,146.02000427246094,134409
2026-05-28 10:10:00-04:00,146.02999877929688,146.58999633789062,145.9499969482422,146.2449951171875,177980
2026-05-28 10:15:00-04:00,146.24249267578125,146.33999633789062,146.05999755859375,146.11500549316406,97689
2026-05-28 10:20:00-04:00,146.11500549316406,146.32000732421875,146.01010131835938,146.01010131835938,99711
2026-05-28 10:25:00-04:00,146.05999755859375,146.10000610351562,145.9499969482422,146.08999633789062,72090
2026-05-28 10:30:00-04:00,146.07000732421875,146.1999969482422,146.00999450683594,146.10000610351562,55894
2026-05-28 10:35:00-04:00,146.10000610351562,146.23500061035156,146.07000732421875,146.17999267578125,47047
2026-05-28 10:40:00-04:00,146.18499755859375,146.27000427246094,146.08999633789062,146.10499572753906,36056
2026-05-28 10:45:00-04:00,146.0800018310547,146.1199951171875,145.9600067138672,146.02000427246094,58176
2026-05-28 10:50:00-04:00,146.01499938964844,146.01499938964844,145.8800048828125,145.9199981689453,45338
2026-05-28 10:55:00-04:00,145.91000366210938,145.9550018310547,145.77000427246094,145.77999877929688,53266
2026-05-28 11:00:00-04:00,145.75999450683594,145.8800048828125,145.6842041015625,145.8699951171875,63357
2026-05-28 11:05:00-04:00,145.86000061035156,145.9600067138672,145.7949981689453,145.82000732421875,37709
2026-05-28 11:10:00-04:00,145.81500244140625,145.86000061035156,145.64999389648438,145.85000610351562,54149
2026-05-28 11:15:00-04:00,145.83999633789062,145.84500122070312,145.67999267578125,145.75,46265
2026-05-28 11:20:00-04:00,145.75999450683594,145.75999450683594,145.55999755859375,145.6300048828125,37411
2026-05-28 11:25:00-04:00,145.63499450683594,145.77000427246094,145.6199951171875,145.72000122070312,64385
2026-05-28 11:30:00-04:00,145.6999969482422,145.71420288085938,145.61000061035156,145.71420288085938,61773
2026-05-28 11:35:00-04:00,145.6999969482422,145.8000030517578,145.67999267578125,145.7949981689453,46785
2026-05-28 11:40:00-04:00,145.78500366210938,145.8000030517578,145.67999267578125,145.75999450683594,39260
2026-05-28 11:45:00-04:00,145.7449951171875,145.8699951171875,145.7449951171875,145.8000030517578,30286
2026-05-28 11:50:00-04:00,145.80999755859375,145.8300018310547,145.7050018310547,145.72999572753906,42935
2026-05-28 11:55:00-04:00,145.72000122070312,145.89480590820312,145.72000122070312,145.78500366210938,27229
2026-05-28 12:00:00-04:00,145.80499267578125,145.86000061035156,145.77430725097656,145.77999877929688,44047
2026-05-28 12:05:00-04:00,145.77999877929688,145.9600067138672,145.77999877929688,145.9550018310547,42331
2026-05-28 12:10:00-04:00,145.9600067138672,146.0,145.9199981689453,145.92999267578125,42715
2026-05-28 12:15:00-04:00,145.92999267578125,146.0399932861328,145.8800048828125,145.97999572753906,50194
2026-05-28 12:20:00-04:00,145.97999572753906,146.0299072265625,145.92999267578125,146.01499938964844,56662
2026-05-28 12:25:00-04:00,146.02499389648438,146.13999938964844,146.00999450683594,146.13999938964844,44682
2026-05-28 12:30:00-04:00,146.13999938964844,146.1999969482422,146.0800018310547,146.17999267578125,35813
2026-05-28 12:35:00-04:00,146.1758575439453,146.17999267578125,146.085205078125,146.17799377441406,28473
2026-05-28 12:40:00-04:00,146.17999267578125,146.32000732421875,146.17999267578125,146.27000427246094,45098
2026-05-28 12:45:00-04:00,146.3000030517578,146.44500732421875,146.3000030517578,146.39999389648438,42505
2026-05-28 12:50:00-04:00,146.39999389648438,146.49000549316406,146.38999938964844,146.47000122070312,55646
2026-05-28 12:55:00-04:00,146.4600067138672,146.5500030517578,146.4499969482422,146.5,44528
2026-05-28 13:00:00-04:00,146.50999450683594,146.50999450683594,146.3800048828125,146.3800048828125,57034
2026-05-28 13:05:00-04:00,146.36000061035156,146.39999389648438,146.27999877929688,146.3000030517578,51777
2026-05-28 13:10:00-04:00,146.3000030517578,146.50999450683594,146.25999450683594,146.4550018310547,48892
2026-05-28 13:15:00-04:00,146.4499969482422,146.53500366210938,146.41000366210938,146.50999450683594,49610
2026-05-28 13:20:00-04:00,146.49000549316406,146.52999877929688,146.4300994873047,146.50999450683594,52038
2026-05-28 13:25:00-04:00,146.5,146.53729248046875,146.4499969482422,146.4600067138672,70076
2026-05-28 13:30:00-04:00,146.4600067138672,146.47000122070312,146.38999938964844,146.4199981689453,67576
2026-05-28 13:35:00-04:00,146.42010498046875,146.5,146.27000427246094,146.36000061035156,79138
2026-05-28 13:40:00-04:00,146.36000061035156,146.41000366210938,146.19000244140625,146.2100067138672,64267
2026-05-28 13:45:00-04:00,146.2100067138672,146.30499267578125,146.2100067138672,146.22000122070312,41972
2026-05-28 13:50:00-04:00,146.2198944091797,146.39999389648438,146.1999969482422,146.35000610351562,77003
2026-05-28 13:55:00-04:00,146.35000610351562,146.38499450683594,146.29510498046875,146.29510498046875,85030
2026-05-28 14:00:00-04:00,146.2899932861328,146.2899932861328,145.9600067138672,145.9600067138672,73985
2026-05-28 14:05:00-04:00,145.9600067138672,146.1300048828125,145.88999938964844,146.1071014404297,73292
2026-05-28 14:10:00-04:00,146.11000061035156,146.2100067138672,146.0850067138672,146.1840057373047,976813
2026-05-28 14:15:00-04:00,146.1840057373047,146.3800048828125,146.13999938964844,146.3800048828125,985439
2026-05-28 14:20:00-04:00,146.36349487304688,146.38999938964844,146.24000549316406,146.25,71552
2026-05-28 14:25:00-04:00,146.24000549316406,146.24000549316406,146.16000366210938,146.22000122070312,49749
2026-05-28 14:30:00-04:00,146.22000122070312,146.36000061035156,146.1510009765625,146.26499938964844,101878
2026-05-28 14:35:00-04:00,146.2698974609375,146.30999755859375,146.1903076171875,146.2100067138672,50891
2026-05-28 14:40:00-04:00,146.1999969482422,146.2449951171875,146.11000061035156,146.24000549316406,69454
2026-05-28 14:45:00-04:00,146.23500061035156,146.27000427246094,146.1750030517578,146.23300170898438,70936
2026-05-28 14:50:00-04:00,146.22999572753906,146.23500061035156,146.1750030517578,146.2050018310547,54508
2026-05-28 14:55:00-04:00,146.1999969482422,146.2071075439453,146.07000732421875,146.16000366210938,68053
2026-05-28 15:00:00-04:00,146.14999389648438,146.2299041748047,146.0399932861328,146.0399932861328,48705
2026-05-28 15:05:00-04:00,146.0399932861328,146.1300048828125,145.9510040283203,145.97000122070312,71003
2026-05-28 15:10:00-04:00,145.96009826660156,146.02999877929688,145.94000244140625,146.02769470214844,50301
2026-05-28 15:15:00-04:00,146.02999877929688,146.28500366210938,146.02999877929688,146.27000427246094,85241
2026-05-28 15:20:00-04:00,146.27000427246094,146.3800048828125,146.14999389648438,146.37899780273438,112154
2026-05-28 15:25:00-04:00,146.3800048828125,146.4499969482422,146.27000427246094,146.27000427246094,75108
2026-05-28 15:30:00-04:00,146.27000427246094,146.46499633789062,146.2292022705078,146.40499877929688,130920
2026-05-28 15:35:00-04:00,146.40499877929688,146.4600067138672,146.3300018310547,146.4250030517578,110325
2026-05-28 15:40:00-04:00,146.4250030517578,146.43499755859375,146.1699981689453,146.19000244140625,85104
2026-05-28 15:45:00-04:00,146.17999267578125,146.17999267578125,145.91000366210938,145.94000244140625,104534
2026-05-28 15:50:00-04:00,145.94000244140625,146.44000244140625,145.88999938964844,146.41000366210938,186443
2026-05-28 15:55:00-04:00,146.4149932861328,146.4600067138672,145.88999938964844,145.91000366210938,614363
2026-05-29 09:30:00-04:00,145.52000427246094,145.63499450683594,144.50999450683594,144.75,304947
2026-05-29 09:35:00-04:00,144.72999572753906,145.06500244140625,144.66000366210938,144.69000244140625,172265
2026-05-29 09:40:00-04:00,144.69232177734375,144.77999877929688,143.85000610351562,143.88999938964844,82789
2026-05-29 09:45:00-04:00,143.8800048828125,144.35000610351562,143.8800048828125,144.10000610351562,109192
2026-05-29 09:50:00-04:00,144.13999938964844,144.15249633789062,143.8000030517578,143.91000366210938,112023
2026-05-29 09:55:00-04:00,143.91000366210938,143.9199981689453,143.5500030517578,143.5800018310547,94795
2026-05-29 10:00:00-04:00,143.5800018310547,143.72999572753906,143.42999267578125,143.57000732421875,177932
2026-05-29 10:05:00-04:00,143.56500244140625,143.94000244140625,143.1999969482422,143.94000244140625,103164
2026-05-29 10:10:00-04:00,143.94500732421875,144.14376831054688,143.85000610351562,144.02499389648438,61963
2026-05-29 10:15:00-04:00,144.0,144.49000549316406,143.9499969482422,144.4600067138672,94589
2026-05-29 10:20:00-04:00,144.45509338378906,144.72000122070312,144.3699951171875,144.69500732421875,135584
2026-05-29 10:25:00-04:00,144.69500732421875,145.0,144.69500732421875,144.8000030517578,105862
2026-05-29 10:30:00-04:00,144.80499267578125,144.80999755859375,144.27999877929688,144.2899932861328,118682
2026-05-29 10:35:00-04:00,144.30999755859375,144.5399932861328,144.30250549316406,144.5399932861328,64153
2026-05-29 10:40:00-04:00,144.5500030517578,144.7949981689453,144.36000061035156,144.7949981689453,86211
2026-05-29 10:45:00-04:00,144.8000030517578,144.8300018310547,144.61000061035156,144.61000061035156,51904
2026-05-29 10:50:00-04:00,144.58999633789062,144.6549072265625,144.3350067138672,144.33999633789062,89104
2026-05-29 10:55:00-04:00,144.30999755859375,144.5,144.27000427246094,144.47500610351562,54067
2026-05-29 11:00:00-04:00,144.47500610351562,144.50999450683594,144.27999877929688,144.3699951171875,47476
2026-05-29 11:05:00-04:00,144.3699951171875,144.44000244140625,144.23500061035156,144.30999755859375,71595
2026-05-29 11:10:00-04:00,144.3000030517578,144.30999755859375,143.97000122070312,143.97999572753906,65721
2026-05-29 11:15:00-04:00,144.02000427246094,144.05499267578125,143.8800048828125,144.00999450683594,79108
2026-05-29 11:20:00-04:00,144.02000427246094,144.08999633789062,143.8350067138672,143.92999267578125,54828
2026-05-29 11:25:00-04:00,143.92999267578125,144.02000427246094,143.7899932861328,143.89999389648438,50963
2026-05-29 11:30:00-04:00,143.89999389648438,144.00999450683594,143.85000610351562,143.97000122070312,45798
2026-05-29 11:35:00-04:00,143.96600341796875,144.11000061035156,143.96600341796875,144.02999877929688,41487
2026-05-29 11:40:00-04:00,144.02999877929688,144.16000366210938,144.02999877929688,144.14999389648438,40704
2026-05-29 11:45:00-04:00,144.16000366210938,144.22500610351562,144.06019592285156,144.0800018310547,26730
2026-05-29 11:50:00-04:00,144.0800018310547,144.2100067138672,144.0449981689453,144.1999969482422,33604
2026-05-29 11:55:00-04:00,144.19000244140625,144.22000122070312,144.0850067138672,144.10000610351562,46736
2026-05-29 12:00:00-04:00,144.10000610351562,144.1699981689453,143.97999572753906,144.02999877929688,56943
2026-05-29 12:05:00-04:00,144.0,144.00999450683594,143.8000030517578,143.86000061035156,39152
2026-05-29 12:10:00-04:00,143.85000610351562,143.92999267578125,143.83999633789062,143.8800048828125,33118
2026-05-29 12:15:00-04:00,143.875,143.9199981689453,143.8000030517578,143.80999755859375,33392
2026-05-29 12:20:00-04:00,143.8249969482422,143.9199981689453,143.7949981689453,143.89999389648438,97210
2026-05-29 12:25:00-04:00,143.88999938964844,144.19000244140625,143.88999938964844,144.1750030517578,30919
2026-05-29 12:30:00-04:00,144.17999267578125,144.44500732421875,144.1699981689453,144.39500427246094,42537
2026-05-29 12:35:00-04:00,144.38999938964844,144.41000366210938,144.32000732421875,144.38999938964844,32796
2026-05-29 12:40:00-04:00,144.35000610351562,144.39500427246094,144.27000427246094,144.3800048828125,55461
2026-05-29 12:45:00-04:00,144.39999389648438,144.5,144.3800048828125,144.48500061035156,31614
2026-05-29 12:50:00-04:00,144.48500061035156,144.5500030517578,144.44000244140625,144.52999877929688,41312
2026-05-29 12:55:00-04:00,144.50999450683594,144.55999755859375,144.44000244140625,144.47000122070312,40681
2026-05-29 13:00:00-04:00,144.46499633789062,144.48500061035156,144.34010314941406,144.38999938964844,33635
2026-05-29 13:05:00-04:00,144.41000366210938,144.50999450683594,144.35000610351562,144.375,49378
2026-05-29 13:10:00-04:00,144.375,144.4499969482422,144.36500549316406,144.39999389648438,26862
2026-05-29 13:15:00-04:00,144.41000366210938,144.47000122070312,144.33999633789062,144.33999633789062,31755
2026-05-29 13:20:00-04:00,144.33999633789062,144.52000427246094,144.3350067138672,144.5050048828125,39568
2026-05-29 13:25:00-04:00,144.5050048828125,144.5050048828125,144.4199981689453,144.47000122070312,49073
2026-05-29 13:30:00-04:00,144.47000122070312,144.5,144.4600067138672,144.47000122070312,34957
2026-05-29 13:35:00-04:00,144.47000122070312,144.4949951171875,144.3699951171875,144.3708038330078,33121
2026-05-29 13:40:00-04:00,144.36500549316406,144.4199981689453,144.3350067138672,144.39999389648438,30653
2026-05-29 13:45:00-04:00,144.39999389648438,144.48500061035156,144.38999938964844,144.47000122070312,22137
2026-05-29 13:50:00-04:00,144.44500732421875,144.4600067138672,144.27499389648438,144.39999389648438,38512
2026-05-29 13:55:00-04:00,144.41000366210938,144.44500732421875,144.36000061035156,144.44000244140625,36075
2026-05-29 14:00:00-04:00,144.4499969482422,144.5399932861328,144.4499969482422,144.4949951171875,34439
2026-05-29 14:05:00-04:00,144.50999450683594,144.52000427246094,144.3000030517578,144.3000030517578,27476
2026-05-29 14:10:00-04:00,144.2899932861328,144.5,144.22250366210938,144.5,42930
2026-05-29 14:15:00-04:00,144.50999450683594,144.6199951171875,144.49000549316406,144.52999877929688,28890
2026-05-29 14:20:00-04:00,144.5399932861328,144.67999267578125,144.5399932861328,144.63499450683594,31752
2026-05-29 14:25:00-04:00,144.63499450683594,144.63510131835938,144.52000427246094,144.5399932861328,32139
2026-05-29 14:30:00-04:00,144.5301055908203,144.57989501953125,144.4600067138672,144.4752960205078,34073
2026-05-29 14:35:00-04:00,144.47500610351562,144.5800018310547,144.47500610351562,144.5749969482422,37631
2026-05-29 14:40:00-04:00,144.56500244140625,144.5800018310547,144.44000244140625,144.44000244140625,31295
2026-05-29 14:45:00-04:00,144.44000244140625,144.44000244140625,144.27000427246094,144.27000427246094,48262
2026-05-29 14:50:00-04:00,144.25999450683594,144.3699951171875,144.2050018310547,144.2050018310547,48026
2026-05-29 14:55:00-04:00,144.1999969482422,144.25,144.19500732421875,144.2100067138672,38137
2026-05-29 15:00:00-04:00,144.22509765625,144.2899932861328,144.1199951171875,144.19000244140625,46195
2026-05-29 15:05:00-04:00,144.1999969482422,144.2899932861328,144.19000244140625,144.24000549316406,758587
2026-05-29 15:10:00-04:00,144.24000549316406,144.24000549316406,144.0500030517578,144.07000732421875,54106
2026-05-29 15:15:00-04:00,144.0800018310547,144.2100067138672,143.8800048828125,143.92970275878906,57178
2026-05-29 15:20:00-04:00,143.9199981689453,143.97000122070312,143.89999389648438,143.92999267578125,70466
2026-05-29 15:25:00-04:00,143.9499969482422,144.1999969482422,143.94000244140625,144.10000610351562,141032
2026-05-29 15:30:00-04:00,144.09500122070312,144.4499969482422,144.0800018310547,144.3699951171875,164400
2026-05-29 15:35:00-04:00,144.36500549316406,144.39999389648438,144.2550048828125,144.37249755859375,92381
2026-05-29 15:40:00-04:00,144.36000061035156,144.38499450683594,144.0800018310547,144.11000061035156,113385
2026-05-29 15:45:00-04:00,144.07000732421875,144.11000061035156,143.80999755859375,143.8800048828125,195205
2026-05-29 15:50:00-04:00,143.89999389648438,143.97000122070312,143.32000732421875,143.40499877929688,282265
2026-05-29 15:55:00-04:00,143.40499877929688,143.72000122070312,143.35000610351562,143.57000732421875,716545
2026-06-01 09:30:00-04:00,141.52000427246094,141.82000732421875,140.8300018310547,141.07000732421875,409628
2026-06-01 09:35:00-04:00,141.0850067138672,141.35000610351562,140.11000061035156,140.11000061035156,255113
2026-06-01 09:40:00-04:00,140.1348114013672,140.22999572753906,138.86000061035156,139.28500366210938,524089
2026-06-01 09:45:00-04:00,139.25,139.6300048828125,139.07000732421875,139.6300048828125,204453
2026-06-01 09:50:00-04:00,139.60499572753906,140.3699951171875,139.5500030517578,140.28500366210938,221504
2026-06-01 09:55:00-04:00,140.27999877929688,140.80999755859375,140.21499633789062,140.6999969482422,170179
2026-06-01 10:00:00-04:00,140.63999938964844,140.77999877929688,140.4499969482422,140.56500244140625,166868
2026-06-01 10:05:00-04:00,140.57000732421875,140.58999633789062,140.0500030517578,140.35000610351562,140664
2026-06-01 10:10:00-04:00,140.33999633789062,140.53500366210938,140.13999938964844,140.3289031982422,106749
2026-06-01 10:15:00-04:00,140.36500549316406,140.36500549316406,140.02000427246094,140.05999755859375,143365
2026-06-01 10:20:00-04:00,140.0449981689453,140.1199951171875,139.75,139.8000030517578,112459
2026-06-01 10:25:00-04:00,139.80999755859375,139.94000244140625,139.75,139.88499450683594,113774
2026-06-01 10:30:00-04:00,139.88499450683594,139.9550018310547,139.69000244140625,139.69500732421875,92402
2026-06-01 10:35:00-04:00,139.67999267578125,139.98500061035156,139.66000366210938,139.77499389648438,86770
2026-06-01 10:40:00-04:00,139.7949981689453,139.8800048828125,139.72999572753906,139.82000732421875,63197
2026-06-01 10:45:00-04:00,139.82000732421875,139.8300018310547,139.5399932861328,139.55999755859375,85091
2026-06-01 10:50:00-04:00,139.55999755859375,139.59500122070312,139.41000366210938,139.54010009765625,80998
2026-06-01 10:55:00-04:00,139.53500366210938,139.8300018310547,139.52999877929688,139.77999877929688,85084
2026-06-01 11:00:00-04:00,139.7899932861328,139.97000122070312,139.55499267578125,139.94000244140625,159008
2026-06-01 11:05:00-04:00,139.9499969482422,140.17999267578125,139.8350067138672,139.8800048828125,142676
2026-06-01 11:10:00-04:00,139.8800048828125,140.02000427246094,139.69000244140625,139.86000061035156,152887
2026-06-01 11:15:00-04:00,139.86500549316406,139.86500549316406,139.63999938964844,139.64500427246094,85633
2026-06-01 11:20:00-04:00,139.64999389648438,139.6699981689453,139.44000244140625,139.5500030517578,69900
2026-06-01 11:25:00-04:00,139.61000061035156,139.69000244140625,139.44000244140625,139.47999572753906,98335
2026-06-01 11:30:00-04:00,139.5,139.60499572753906,139.4199981689453,139.47999572753906,110311
2026-06-01 11:35:00-04:00,139.50999450683594,139.8000030517578,139.5,139.8000030517578,110443
2026-06-01 11:40:00-04:00,139.8300018310547,140.0500030517578,139.72999572753906,140.0500030517578,69704
2026-06-01 11:45:00-04:00,140.0,140.10000610351562,139.97999572753906,140.06500244140625,55586
2026-06-01 11:50:00-04:00,140.05499267578125,140.11000061035156,139.99000549316406,140.01499938964844,66320
2026-06-01 11:55:00-04:00,140.01499938964844,140.1999969482422,140.01499938964844,140.1199951171875,35805
2026-06-01 12:00:00-04:00,140.11000061035156,140.1199951171875,140.0,140.0449981689453,60568
2026-06-01 12:05:00-04:00,140.05999755859375,140.16000366210938,140.02000427246094,140.13999938964844,65162
2026-06-01 12:10:00-04:00,140.16000366210938,140.2899932861328,140.13499450683594,140.17999267578125,100702
2026-06-01 12:15:00-04:00,140.2100067138672,140.24000549316406,140.14129638671875,140.22000122070312,58880
2026-06-01 12:20:00-04:00,140.22999572753906,140.30499267578125,140.14999389648438,140.22999572753906,51088
2026-06-01 12:25:00-04:00,140.22999572753906,140.32000732421875,140.16000366210938,140.19500732421875,63167
2026-06-01 12:30:00-04:00,140.17999267578125,140.1999969482422,139.91009521484375,139.98309326171875,153980
2026-06-01 12:35:00-04:00,139.97999572753906,140.10000610351562,139.9250030517578,139.98500061035156,145519
2026-06-01 12:40:00-04:00,140.0,140.19000244140625,139.9199981689453,139.98500061035156,168785
2026-06-01 12:45:00-04:00,140.02999877929688,140.05999755859375,139.83999633789062,139.83999633789062,65450
2026-06-01 12:50:00-04:00,139.84500122070312,140.0500030517578,139.8300018310547,139.99000549316406,60602
2026-06-01 12:55:00-04:00,140.0,140.0850067138672,139.94000244140625,140.02499389648438,107032
2026-06-01 13:00:00-04:00,140.0399932861328,140.2100067138672,139.9550018310547,140.16000366210938,156740
2026-06-01 13:05:00-04:00,140.15499877929688,140.25999450683594,139.99000549316406,140.01499938964844,129311
2026-06-01 13:10:00-04:00,140.00149536132812,140.0500030517578,139.8800048828125,140.0500030517578,98190
2026-06-01 13:15:00-04:00,140.0301055908203,140.18499755859375,140.01499938964844,140.17999267578125,77067
2026-06-01 13:20:00-04:00,140.1999969482422,140.25999450683594,140.15499877929688,140.1999969482422,38145
2026-06-01 13:25:00-04:00,140.1999969482422,140.27000427246094,140.13999938964844,140.25999450683594,61531
2026-06-01 13:30:00-04:00,140.25,140.27999877929688,140.0500030517578,140.05999755859375,60212
2026-06-01 13:35:00-04:00,140.05999755859375,140.2100067138672,140.05499267578125,140.17010498046875,62239
2026-06-01 13:40:00-04:00,140.20509338378906,140.42999267578125,140.19000244140625,140.3300018310547,79450
2026-06-01 13:45:00-04:00,140.3612060546875,140.46499633789062,140.2949981689453,140.2949981689453,35963
2026-06-01 13:50:00-04:00,140.30999755859375,140.3699951171875,140.27000427246094,140.33999633789062,43098
2026-06-01 13:55:00-04:00,140.33999633789062,140.35000610351562,140.3000030517578,140.3249969482422,38999
2026-06-01 14:00:00-04:00,140.33999633789062,140.3800048828125,140.1199951171875,140.16000366210938,157047
2026-06-01 14:05:00-04:00,140.16000366210938,140.25,140.16000366210938,140.1999969482422,49238
2026-06-01 14:10:00-04:00,140.19000244140625,140.2100067138672,140.10000610351562,140.16000366210938,50696
2026-06-01 14:15:00-04:00,140.1649932861328,140.21499633789062,140.02000427246094,140.11000061035156,62431
2026-06-01 14:20:00-04:00,140.10499572753906,140.14999389648438,140.01499938964844,140.02000427246094,51208
2026-06-01 14:25:00-04:00,140.00999450683594,140.0998992919922,139.99000549316406,140.07000732421875,60206
2026-06-01 14:30:00-04:00,140.07009887695312,140.14999389648438,140.02000427246094,140.14999389648438,42418
2026-06-01 14:35:00-04:00,140.13499450683594,140.2100067138672,140.1199951171875,140.1649932861328,35164
2026-06-01 14:40:00-04:00,140.1649932861328,140.19000244140625,140.0399932861328,140.13999938964844,77440
2026-06-01 14:45:00-04:00,140.14500427246094,140.14999389648438,140.05999755859375,140.10000610351562,71103
2026-06-01 14:50:00-04:00,140.10499572753906,140.1300048828125,140.0449981689453,140.0800018310547,75418
2026-06-01 14:55:00-04:00,140.07000732421875,140.08999633789062,140.0,140.02999877929688,89755
2026-06-01 15:00:00-04:00,140.03500366210938,140.03500366210938,139.75999450683594,139.97999572753906,247868
2026-06-01 15:05:00-04:00,139.98500061035156,140.02000427246094,139.82000732421875,139.9600067138672,105517
2026-06-01 15:10:00-04:00,139.97500610351562,140.02000427246094,139.91000366210938,139.95010375976562,140013
2026-06-01 15:15:00-04:00,139.9499969482422,140.22999572753906,139.9499969482422,140.1699981689453,90180
2026-06-01 15:20:00-04:00,140.14500427246094,140.14500427246094,140.0,140.0050048828125,147306
2026-06-01 15:25:00-04:00,140.0050048828125,140.05999755859375,139.77499389648438,140.05999755859375,176695
2026-06-01 15:30:00-04:00,140.0749969482422,140.25999450683594,140.0749969482422,140.1750030517578,151923
2026-06-01 15:35:00-04:00,140.1699981689453,140.27999877929688,140.16000366210938,140.19000244140625,85457
2026-06-01 15:40:00-04:00,140.18499755859375,140.2100067138672,140.05999755859375,140.08999633789062,116010
2026-06-01 15:45:00-04:00,140.07000732421875,140.08999633789062,140.00999450683594,140.02999877929688,123334
2026-06-01 15:50:00-04:00,140.0399932861328,140.43499755859375,140.02999877929688,140.27499389648438,300362
2026-06-01 15:55:00-04:00,140.27000427246094,140.44000244140625,140.22999572753906,140.2949981689453,525635
2026-06-02 09:30:00-04:00,140.11500549316406,141.11500549316406,140.11500549316406,140.58999633789062,381800
2026-06-02 09:35:00-04:00,140.6300048828125,140.7100067138672,140.0968017578125,140.1999969482422,57266
2026-06-02 09:40:00-04:00,140.2100067138672,140.58999633789062,140.13499450683594,140.13499450683594,53981
2026-06-02 09:45:00-04:00,140.16000366210938,140.3000030517578,139.610107421875,139.64999389648438,108940
2026-06-02 09:50:00-04:00,139.64999389648438,139.72500610351562,139.3699951171875,139.58694458007812,77174
2026-06-02 09:55:00-04:00,139.60000610351562,139.72000122070312,139.1999969482422,139.24000549316406,89090
2026-06-02 10:00:00-04:00,139.30999755859375,139.49000549316406,139.2100067138672,139.25999450683594,109444
2026-06-02 10:05:00-04:00,139.22500610351562,139.4199981689453,139.2100067138672,139.32000732421875,89296
2026-06-02 10:10:00-04:00,139.3249969482422,139.4582061767578,139.14999389648438,139.2299041748047,114358
2026-06-02 10:15:00-04:00,139.2050018310547,139.46499633789062,139.2050018310547,139.35000610351562,102986
2026-06-02 10:20:00-04:00,139.3300018310547,139.6427001953125,139.25999450683594,139.58999633789062,54747
2026-06-02 10:25:00-04:00,139.58999633789062,139.97650146484375,139.57000732421875,139.7365264892578,76426
2026-06-02 10:30:00-04:00,139.75999450683594,139.88999938964844,139.55999755859375,139.72999572753906,94325
2026-06-02 10:35:00-04:00,139.7281036376953,139.7899932861328,139.42999267578125,139.4499969482422,75569
2026-06-02 10:40:00-04:00,139.4499969482422,139.5377960205078,139.41000366210938,139.4499969482422,70627
2026-06-02 10:45:00-04:00,139.4600067138672,139.64999389648438,139.3800048828125,139.49000549316406,85421
2026-06-02 10:50:00-04:00,139.49989318847656,139.610107421875,139.4199981689453,139.54550170898438,73996
2026-06-02 10:55:00-04:00,139.52999877929688,139.64500427246094,139.47000122070312,139.53500366210938,78978
2026-06-02 11:00:00-04:00,139.5500030517578,139.5500030517578,139.36000061035156,139.47999572753906,79256
2026-06-02 11:05:00-04:00,139.49000549316406,139.8800048828125,139.49000549316406,139.86500549316406,47636
2026-06-02 11:10:00-04:00,139.85060119628906,139.88999938964844,139.50999450683594,139.52000427246094,82604
2026-06-02 11:15:00-04:00,139.52999877929688,139.52999877929688,139.33999633789062,139.33999633789062,43597
2026-06-02 11:20:00-04:00,139.34500122070312,139.60499572753906,139.34500122070312,139.5500030517578,36282
2026-06-02 11:25:00-04:00,139.55999755859375,139.7198944091797,139.5399932861328,139.66000366210938,39350
2026-06-02 11:30:00-04:00,139.66510009765625,139.82000732421875,139.64999389648438,139.67999267578125,51903
2026-06-02 11:35:00-04:00,139.6699981689453,139.67999267578125,139.50999450683594,139.57000732421875,36966
2026-06-02 11:40:00-04:00,139.55999755859375,139.57949829101562,139.44000244140625,139.5449981689453,54338
2026-06-02 11:45:00-04:00,139.55999755859375,139.58999633789062,139.5,139.5800018310547,26678
2026-06-02 11:50:00-04:00,139.5749969482422,139.58999633789062,139.3300018310547,139.36500549316406,42085
2026-06-02 11:55:00-04:00,139.36000061035156,139.47000122070312,139.3300018310547,139.4499969482422,39683
2026-06-02 12:00:00-04:00,139.44500732421875,139.49000549316406,139.3699951171875,139.44000244140625,45377
2026-06-02 12:05:00-04:00,139.43992614746094,139.4499969482422,139.24000549316406,139.25999450683594,72962
2026-06-02 12:10:00-04:00,139.25,139.25,139.02999877929688,139.13499450683594,58738
2026-06-02 12:15:00-04:00,139.1699981689453,139.33189392089844,139.14999389648438,139.27000427246094,35876
2026-06-02 12:20:00-04:00,139.2899932861328,139.4248046875,139.27000427246094,139.3699951171875,45148
2026-06-02 12:25:00-04:00,139.3800048828125,139.39999389648438,139.30999755859375,139.39259338378906,32849
2026-06-02 12:30:00-04:00,139.39500427246094,139.52999877929688,139.36500549316406,139.51499938964844,33563
2026-06-02 12:35:00-04:00,139.52999877929688,139.52999877929688,139.42999267578125,139.47000122070312,31125
2026-06-02 12:40:00-04:00,139.47999572753906,139.55999755859375,139.41000366210938,139.48500061035156,42021
2026-06-02 12:45:00-04:00,139.48500061035156,139.51499938964844,139.44500732421875,139.4600067138672,43159
2026-06-02 12:50:00-04:00,139.4499969482422,139.4499969482422,139.27000427246094,139.3699951171875,37231
2026-06-02 12:55:00-04:00,139.3800048828125,139.4698944091797,139.35499572753906,139.36500549316406,29351
2026-06-02 13:00:00-04:00,139.3699951171875,139.42999267578125,139.27000427246094,139.2899932861328,61566
2026-06-02 13:05:00-04:00,139.2899932861328,139.32000732421875,139.19000244140625,139.19000244140625,42537
2026-06-02 13:10:00-04:00,139.1999969482422,139.27000427246094,139.1968231201172,139.2449951171875,55549
2026-06-02 13:15:00-04:00,139.25,139.2899932861328,139.1999969482422,139.27999877929688,48013
2026-06-02 13:20:00-04:00,139.2899932861328,139.3000030517578,139.1300048828125,139.16000366210938,100365
2026-06-02 13:25:00-04:00,139.16000366210938,139.2100067138672,139.10000610351562,139.1300048828125,43686
2026-06-02 13:30:00-04:00,139.1199951171875,139.22999572753906,139.1199951171875,139.21499633789062,52880
2026-06-02 13:35:00-04:00,139.2100067138672,139.44000244140625,139.2050018310547,139.3300018310547,73852
2026-06-02 13:40:00-04:00,139.3300018310547,139.5,139.3300018310547,139.39010620117188,53246
2026-06-02 13:45:00-04:00,139.38999938964844,139.42999267578125,139.3300018310547,139.38999938964844,37627
2026-06-02 13:50:00-04:00,139.3800048828125,139.5399932861328,139.3800048828125,139.5399932861328,41573
2026-06-02 13:55:00-04:00,139.5399932861328,139.58999633789062,139.4600067138672,139.57000732421875,37199
2026-06-02 14:00:00-04:00,139.57000732421875,139.7100067138672,139.56500244140625,139.67999267578125,42196
2026-06-02 14:05:00-04:00,139.6750030517578,139.69509887695312,139.55999755859375,139.57000732421875,42794
2026-06-02 14:10:00-04:00,139.57000732421875,139.58990478515625,139.5,139.5,44630
2026-06-02 14:15:00-04:00,139.47000122070312,139.49000549316406,139.3699951171875,139.42999267578125,38154
2026-06-02 14:20:00-04:00,139.4199981689453,139.60000610351562,139.39010620117188,139.55999755859375,50299
2026-06-02 14:25:00-04:00,139.55999755859375,139.5749969482422,139.52000427246094,139.52999877929688,51743
2026-06-02 14:30:00-04:00,139.52999877929688,139.5749969482422,139.44000244140625,139.50999450683594,82692
2026-06-02 14:35:00-04:00,139.50999450683594,139.8300018310547,139.50999450683594,139.80999755859375,84422
2026-06-02 14:40:00-04:00,139.8000030517578,140.14999389648438,139.8000030517578,140.0,79541
2026-06-02 14:45:00-04:00,140.02000427246094,140.1199951171875,140.0,140.0800018310547,47862
2026-06-02 14:50:00-04:00,140.05999755859375,140.20010375976562,140.05999755859375,140.1999969482422,63643
2026-06-02 14:55:00-04:00,140.2100067138672,140.36000061035156,140.16000366210938,140.33999633789062,49147
2026-06-02 15:00:00-04:00,140.3300018310547,140.4499969482422,140.310302734375,140.38999938964844,46773
2026-06-02 15:05:00-04:00,140.3800048828125,140.67990112304688,140.36000061035156,140.5800018310547,83779
2026-06-02 15:10:00-04:00,140.57000732421875,140.63999938964844,140.52000427246094,140.61500549316406,82594
2026-06-02 15:15:00-04:00,140.625,140.68499755859375,140.55999755859375,140.64990234375,90256
2026-06-02 15:20:00-04:00,140.64999389648438,140.66000366210938,140.47000122070312,140.5800018310547,60795
2026-06-02 15:25:00-04:00,140.58999633789062,140.8800048828125,140.5749969482422,140.864501953125,236463
2026-06-02 15:30:00-04:00,140.86000061035156,140.97000122070312,140.67999267578125,140.92999267578125,193992
2026-06-02 15:35:00-04:00,140.92010498046875,140.97000122070312,140.72000122070312,140.8524932861328,132772
2026-06-02 15:40:00-04:00,140.85000610351562,140.99000549316406,140.75999450683594,140.77999877929688,166266
2026-06-02 15:45:00-04:00,140.77000427246094,140.8000030517578,140.6699981689453,140.7899932861328,124624
2026-06-02 15:50:00-04:00,140.7899932861328,140.94000244140625,140.7899932861328,140.85000610351562,172065
2026-06-02 15:55:00-04:00,140.83999633789062,140.88999938964844,140.58999633789062,140.80999755859375,586509
2026-06-03 09:30:00-04:00,140.92999267578125,141.31500244140625,140.5500030517578,141.14500427246094,299624
2026-06-03 09:35:00-04:00,141.1999969482422,141.92999267578125,141.08999633789062,141.69000244140625,163768
2026-06-03 09:40:00-04:00,141.69000244140625,142.25,141.63999938964844,141.9550018310547,159833
2026-06-03 09:45:00-04:00,141.94000244140625,142.27000427246094,141.88999938964844,142.06500244140625,155593
2026-06-03 09:50:00-04:00,142.1199951171875,142.2100067138672,141.6300048828125,142.0749969482422,179018
2026-06-03 09:55:00-04:00,142.0749969482422,142.14500427246094,141.83999633789062,142.02499389648438,141861
2026-06-03 10:00:00-04:00,142.01499938964844,142.4499969482422,141.9600067138672,141.9600067138672,100572
2026-06-03 10:05:00-04:00,142.00999450683594,142.2550048828125,141.8000030517578,141.85000610351562,84688
2026-06-03 10:10:00-04:00,141.83999633789062,141.88999938964844,141.50999450683594,141.69000244140625,89948
2026-06-03 10:15:00-04:00,141.63999938964844,141.7899932861328,141.4600067138672,141.6199951171875,57586
2026-06-03 10:20:00-04:00,141.63999938964844,141.7899932861328,141.52000427246094,141.6199951171875,80094
2026-06-03 10:25:00-04:00,141.63999938964844,141.69000244140625,141.2550048828125,141.2550048828125,57943
2026-06-03 10:30:00-04:00,141.27000427246094,141.36000061035156,141.05999755859375,141.15550231933594,88246
2026-06-03 10:35:00-04:00,141.17999267578125,141.55999755859375,141.17999267578125,141.52789306640625,91298
2026-06-03 10:40:00-04:00,141.49000549316406,141.57000732421875,141.27000427246094,141.27000427246094,55701
2026-06-03 10:45:00-04:00,141.2899932861328,141.29510498046875,141.08920288085938,141.2100067138672,40049
2026-06-03 10:50:00-04:00,141.1999969482422,141.35000610351562,141.09010314941406,141.3000030517578,35504
2026-06-03 10:55:00-04:00,141.28500366210938,141.57000732421875,141.27499389648438,141.5,121841
2026-06-03 11:00:00-04:00,141.49000549316406,141.5399932861328,141.14999389648438,141.14999389648438,96099
2026-06-03 11:05:00-04:00,141.11000061035156,141.36500549316406,141.0800018310547,141.35499572753906,57408
2026-06-03 11:10:00-04:00,141.35499572753906,141.4799041748047,141.2301025390625,141.4499969482422,50854
2026-06-03 11:15:00-04:00,141.44500732421875,141.5399932861328,141.35000610351562,141.35000610351562,42948
2026-06-03 11:20:00-04:00,141.3800048828125,141.63999938964844,141.36000061035156,141.57000732421875,63145
2026-06-03 11:25:00-04:00,141.5800018310547,141.63381958007812,141.15499877929688,141.22999572753906,93204
2026-06-03 11:30:00-04:00,141.21009826660156,141.5,141.19000244140625,141.47000122070312,175542
2026-06-03 11:35:00-04:00,141.48500061035156,141.6699981689453,141.39999389648438,141.64999389648438,178762
2026-06-03 11:40:00-04:00,141.64999389648438,141.82000732421875,141.57000732421875,141.74000549316406,100768
2026-06-03 11:45:00-04:00,141.75,141.88999938964844,141.6300048828125,141.63999938964844,180579
2026-06-03 11:50:00-04:00,141.6300048828125,141.76499938964844,141.52999877929688,141.64999389648438,70574
2026-06-03 11:55:00-04:00,141.64999389648438,141.68499755859375,141.51510620117188,141.64999389648438,37623
2026-06-03 12:00:00-04:00,141.64999389648438,141.77000427246094,141.58999633789062,141.74000549316406,44889
2026-06-03 12:05:00-04:00,141.74000549316406,141.75,141.5800018310547,141.63999938964844,29137
2026-06-03 12:10:00-04:00,141.6699981689453,141.74000549316406,141.58999633789062,141.6199951171875,32651
2026-06-03 12:15:00-04:00,141.61000061035156,141.6199951171875,141.4149932861328,141.4149932861328,42123
2026-06-03 12:20:00-04:00,141.42999267578125,141.42999267578125,141.1999969482422,141.3800048828125,29101
2026-06-03 12:25:00-04:00,141.3800048828125,141.55499267578125,141.3800048828125,141.47999572753906,67283
2026-06-03 12:30:00-04:00,141.47999572753906,141.5399932861328,141.4199981689453,141.43499755859375,60215
2026-06-03 12:35:00-04:00,141.42999267578125,141.5,141.32000732421875,141.38499450683594,41097
2026-06-03 12:40:00-04:00,141.3800048828125,141.55999755859375,141.30999755859375,141.4499969482422,53149
2026-06-03 12:45:00-04:00,141.4499969482422,141.58999633789062,141.39500427246094,141.58999633789062,68101
2026-06-03 12:50:00-04:00,141.58999633789062,141.83999633789062,141.58999633789062,141.76010131835938,38149
2026-06-03 12:55:00-04:00,141.75999450683594,141.7899932861328,141.66000366210938,141.7198944091797,38944
2026-06-03 13:00:00-04:00,141.72000122070312,141.72000122070312,141.53500366210938,141.625,35195
2026-06-03 13:05:00-04:00,141.625,141.72999572753906,141.610107421875,141.72000122070312,25436
2026-06-03 13:10:00-04:00,141.7100067138672,141.74000549316406,141.64999389648438,141.71499633789062,29182
2026-06-03 13:15:00-04:00,141.72000122070312,141.7899932861328,141.67999267578125,141.68499755859375,39973
2026-06-03 13:20:00-04:00,141.69000244140625,141.75999450683594,141.64999389648438,141.67999267578125,45227
2026-06-03 13:25:00-04:00,141.69000244140625,141.69000244140625,141.47000122070312,141.5500030517578,35171
2026-06-03 13:30:00-04:00,141.5500030517578,141.625,141.4600067138672,141.5,26906
2026-06-03 13:35:00-04:00,141.5399932861328,141.57899475097656,141.4250030517578,141.47000122070312,20525
2026-06-03 13:40:00-04:00,141.49000549316406,141.5850067138672,141.44500732421875,141.4600067138672,30228
2026-06-03 13:45:00-04:00,141.47500610351562,141.50999450683594,141.4001007080078,141.49000549316406,27671
2026-06-03 13:50:00-04:00,141.47500610351562,141.5850067138672,141.4600067138672,141.5500030517578,24727
2026-06-03 13:55:00-04:00,141.55999755859375,141.60000610351562,141.47500610351562,141.59500122070312,33714
2026-06-03 14:00:00-04:00,141.57000732421875,141.63999938964844,141.49009704589844,141.61000061035156,46736
2026-06-03 14:05:00-04:00,141.59500122070312,141.67999267578125,141.59500122070312,141.6649932861328,34108
2026-06-03 14:10:00-04:00,141.66000366210938,141.74000549316406,141.66000366210938,141.72000122070312,27572
2026-06-03 14:15:00-04:00,141.7100067138672,141.7100067138672,141.60000610351562,141.6199951171875,28113
2026-06-03 14:20:00-04:00,141.6199951171875,141.6199951171875,141.4199981689453,141.4250030517578,25641
2026-06-03 14:25:00-04:00,141.4199981689453,141.4199981689453,141.1999969482422,141.23500061035156,55818
2026-06-03 14:30:00-04:00,141.24000549316406,141.3000030517578,141.11000061035156,141.22000122070312,99879
2026-06-03 14:35:00-04:00,141.1999969482422,141.38999938964844,141.1894073486328,141.389892578125,52637
2026-06-03 14:40:00-04:00,141.36000061035156,141.47999572753906,141.36000061035156,141.4499969482422,43821
2026-06-03 14:45:00-04:00,141.4499969482422,141.50999450683594,141.35850524902344,141.3699951171875,25458
2026-06-03 14:50:00-04:00,141.38499450683594,141.44000244140625,141.27000427246094,141.41000366210938,28297
2026-06-03 14:55:00-04:00,141.42799377441406,141.57000732421875,141.40150451660156,141.40150451660156,78043
2026-06-03 15:00:00-04:00,141.4199981689453,141.45899963378906,141.35000610351562,141.36000061035156,30412
2026-06-03 15:05:00-04:00,141.3300018310547,141.3800048828125,141.26499938964844,141.2899932861328,52368
2026-06-03 15:10:00-04:00,141.2801055908203,141.38999938964844,141.24000549316406,141.32669067382812,69187
2026-06-03 15:15:00-04:00,141.30999755859375,141.38999938964844,141.13999938964844,141.18499755859375,95555
2026-06-03 15:20:00-04:00,141.18499755859375,141.22000122070312,141.10499572753906,141.14999389648438,62876
2026-06-03 15:25:00-04:00,141.15499877929688,141.2550048828125,141.10000610351562,141.1199951171875,62283
2026-06-03 15:30:00-04:00,141.1199951171875,141.13999938964844,140.85000610351562,140.89500427246094,86445
2026-06-03 15:35:00-04:00,140.8800048828125,140.9698944091797,140.8000030517578,140.8249969482422,79594
2026-06-03 15:40:00-04:00,140.82000732421875,140.88999938964844,140.47000122070312,140.47000122070312,175515
2026-06-03 15:45:00-04:00,140.4499969482422,140.47000122070312,140.25999450683594,140.39999389648438,165921
2026-06-03 15:50:00-04:00,140.38999938964844,140.39999389648438,140.0,140.07000732421875,441553
2026-06-03 15:55:00-04:00,140.10000610351562,140.5699005126953,140.0749969482422,140.44000244140625,901583
2026-06-04 09:30:00-04:00,142.70069885253906,143.13999938964844,142.39999389648438,142.60000610351562,69697
2026-06-04 09:35:00-04:00,142.6750030517578,142.80999755859375,141.6999969482422,141.8699951171875,372356
2026-06-04 09:40:00-04:00,141.8699951171875,142.4499969482422,141.8699951171875,142.3699951171875,80175
2026-06-04 09:45:00-04:00,142.4199981689453,142.4199981689453,142.0,142.26499938964844,70168
2026-06-04 09:50:00-04:00,142.2100067138672,142.52000427246094,141.94000244140625,142.3800048828125,116649
2026-06-04 09:55:00-04:00,142.3800048828125,142.42999267578125,142.1199951171875,142.37269592285156,96166
2026-06-04 10:00:00-04:00,142.35499572753906,142.47000122070312,141.88999938964844,142.08999633789062,82960
2026-06-04 10:05:00-04:00,142.0850067138672,142.25,141.8800048828125,142.07000732421875,66177
2026-06-04 10:10:00-04:00,142.13999938964844,142.14999389648438,141.78329467773438,141.89999389648438,41995
2026-06-04 10:15:00-04:00,141.91000366210938,142.01220703125,141.75,141.9149932861328,52160
2026-06-04 10:20:00-04:00,141.94000244140625,141.95989990234375,141.65499877929688,141.67999267578125,49989
2026-06-04 10:25:00-04:00,141.69000244140625,141.94000244140625,141.66000366210938,141.71499633789062,33622
2026-06-04 10:30:00-04:00,141.69000244140625,141.7100067138672,141.4499969482422,141.55999755859375,50837
2026-06-04 10:35:00-04:00,141.5850067138672,141.75999450683594,141.4550018310547,141.49989318847656,38717
2026-06-04 10:40:00-04:00,141.46499633789062,141.4833984375,141.0800018310547,141.1999969482422,41951
2026-06-04 10:45:00-04:00,141.19000244140625,141.25999450683594,140.94000244140625,140.9456024169922,46641
2026-06-04 10:50:00-04:00,140.9499969482422,141.0399932861328,140.6999969482422,140.78500366210938,268297
2026-06-04 10:55:00-04:00,140.77999877929688,140.99000549316406,140.75999450683594,140.9499969482422,73415
2026-06-04 11:00:00-04:00,140.89999389648438,140.92999267578125,140.5500030517578,140.59500122070312,55493
2026-06-04 11:05:00-04:00,140.58999633789062,140.6300048828125,140.41000366210938,140.4499969482422,88935
2026-06-04 11:10:00-04:00,140.47000122070312,140.50999450683594,140.27000427246094,140.30999755859375,61045
2026-06-04 11:15:00-04:00,140.30999755859375,140.3300018310547,139.9199981689453,139.97999572753906,112240
2026-06-04 11:20:00-04:00,139.9550018310547,140.1999969482422,139.9199981689453,139.99000549316406,104191
2026-06-04 11:25:00-04:00,140.0,140.11000061035156,139.88999938964844,140.07510375976562,66071
2026-06-04 11:30:00-04:00,140.08999633789062,140.2100067138672,139.89999389648438,139.97999572753906,68963
2026-06-04 11:35:00-04:00,139.97000122070312,140.1999969482422,139.97000122070312,140.15499877929688,69260
2026-06-04 11:40:00-04:00,140.16000366210938,140.2100067138672,140.0500030517578,140.14999389648438,37364
2026-06-04 11:45:00-04:00,140.14999389648438,140.6300048828125,140.14500427246094,140.6300048828125,89020
2026-06-04 11:50:00-04:00,140.60499572753906,140.60499572753906,140.27000427246094,140.3300018310547,38325
2026-06-04 11:55:00-04:00,140.32000732421875,140.38999938964844,140.1199951171875,140.24000549316406,66009
2026-06-04 12:00:00-04:00,140.23500061035156,140.27999877929688,140.14999389648438,140.22999572753906,52369
2026-06-04 12:05:00-04:00,140.22999572753906,140.49000549316406,140.2248992919922,140.49000549316406,50472
2026-06-04 12:10:00-04:00,140.47000122070312,140.77999877929688,140.45010375976562,140.77000427246094,90886
2026-06-04 12:15:00-04:00,140.77999877929688,140.89999389648438,140.75,140.85009765625,47737
2026-06-04 12:20:00-04:00,140.86000061035156,140.91000366210938,140.7100067138672,140.77499389648438,45126
2026-06-04 12:25:00-04:00,140.78750610351562,140.97999572753906,140.7449951171875,140.9600067138672,71393
2026-06-04 12:30:00-04:00,140.9600067138672,141.17999267578125,140.9600067138672,141.14830017089844,65910
2026-06-04 12:35:00-04:00,141.1300048828125,141.22999572753906,141.1199951171875,141.14500427246094,39528
2026-06-04 12:40:00-04:00,141.11000061035156,141.11500549316406,140.8699951171875,140.89999389648438,51244
2026-06-04 12:45:00-04:00,140.9250030517578,141.0050048828125,140.8699951171875,140.88999938964844,34292
2026-06-04 12:50:00-04:00,140.88999938964844,140.9199981689453,140.6999969482422,140.82000732421875,24237
2026-06-04 12:55:00-04:00,140.85000610351562,140.92999267578125,140.7761993408203,140.7899932861328,25740
2026-06-04 13:00:00-04:00,140.7949981689453,140.86000061035156,140.72999572753906,140.822998046875,28478
2026-06-04 13:05:00-04:00,140.85000610351562,140.87989807128906,140.66610717773438,140.68499755859375,41142
2026-06-04 13:10:00-04:00,140.69000244140625,140.72000122070312,140.60000610351562,140.6699981689453,50924
2026-06-04 13:15:00-04:00,140.64999389648438,140.7100067138672,140.60000610351562,140.6300048828125,33544
2026-06-04 13:20:00-04:00,140.63999938964844,140.6999969482422,140.54010009765625,140.6199951171875,38416
2026-06-04 13:25:00-04:00,140.60499572753906,140.60499572753906,140.38999938964844,140.5399932861328,63013
2026-06-04 13:30:00-04:00,140.52000427246094,140.58999633789062,140.47999572753906,140.52999877929688,41087
2026-06-04 13:35:00-04:00,140.52999877929688,140.52999877929688,140.3300018310547,140.36000061035156,28884
2026-06-04 13:40:00-04:00,140.36500549316406,140.38999938964844,140.24000549316406,140.2899932861328,38380
2026-06-04 13:45:00-04:00,140.2899932861328,140.39999389648438,140.27000427246094,140.36000061035156,33489
2026-06-04 13:50:00-04:00,140.36000061035156,140.42999267578125,140.22999572753906,140.22999572753906,34281
2026-06-04 13:55:00-04:00,140.25,140.3800048828125,140.1300048828125,140.33999633789062,43509
2026-06-04 14:00:00-04:00,140.3300018310547,140.38999938964844,140.27000427246094,140.30999755859375,44574
2026-06-04 14:05:00-04:00,140.27999877929688,140.3800048828125,140.2700958251953,140.32000732421875,57271
2026-06-04 14:10:00-04:00,140.3300018310547,140.33999633789062,140.21009826660156,140.2899932861328,32171
2026-06-04 14:15:00-04:00,140.28500366210938,140.3249969482422,140.19500732421875,140.2899932861328,43617
2026-06-04 14:20:00-04:00,140.32000732421875,140.4199981689453,140.31500244140625,140.3699951171875,58432
2026-06-04 14:25:00-04:00,140.3699951171875,140.3699951171875,140.10000610351562,140.20509338378906,52830
2026-06-04 14:30:00-04:00,140.1999969482422,140.2899932861328,140.14999389648438,140.16000366210938,66062
2026-06-04 14:35:00-04:00,140.1699981689453,140.25,140.16000366210938,140.19000244140625,37145
2026-06-04 14:40:00-04:00,140.2100067138672,140.27999877929688,140.1999969482422,140.22000122070312,34258
2026-06-04 14:45:00-04:00,140.22999572753906,140.27999877929688,140.19000244140625,140.19000244140625,44553
2026-06-04 14:50:00-04:00,140.17999267578125,140.27000427246094,140.17050170898438,140.2449951171875,37149
2026-06-04 14:55:00-04:00,140.2541961669922,140.38499450683594,140.2449951171875,140.33999633789062,48144
2026-06-04 15:00:00-04:00,140.32000732421875,140.3699951171875,140.23500061035156,140.3000030517578,266690
2026-06-04 15:05:00-04:00,140.3000030517578,140.3249969482422,140.22500610351562,140.3000030517578,50828
2026-06-04 15:10:00-04:00,140.3000030517578,140.39999389648438,140.27000427246094,140.3800048828125,43913
2026-06-04 15:15:00-04:00,140.38999938964844,140.56500244140625,140.38999938964844,140.4149932861328,69561
2026-06-04 15:20:00-04:00,140.4199981689453,140.44000244140625,140.22999572753906,140.3300018310547,175605
2026-06-04 15:25:00-04:00,140.30999755859375,140.32000732421875,140.22000122070312,140.3000030517578,88872
2026-06-04 15:30:00-04:00,140.2899932861328,140.3249969482422,140.17999267578125,140.24000549316406,79167
2026-06-04 15:35:00-04:00,140.21499633789062,140.39999389648438,140.19000244140625,140.35000610351562,59624
2026-06-04 15:40:00-04:00,140.33999633789062,140.46249389648438,140.2989959716797,140.32000732421875,77458
2026-06-04 15:45:00-04:00,140.30999755859375,140.4499969482422,140.2899932861328,140.4199981689453,85947
2026-06-04 15:50:00-04:00,140.4499969482422,140.77999877929688,140.41000366210938,140.77000427246094,133539
2026-06-04 15:55:00-04:00,140.75999450683594,140.9499969482422,140.72999572753906,140.7899932861328,509012
2026-06-05 09:30:00-04:00,142.22000122070312,143.13900756835938,141.8000030517578,142.85000610351562,357052
2026-06-05 09:35:00-04:00,142.89999389648438,143.41000366210938,142.77999877929688,143.2949981689453,157293
2026-06-05 09:40:00-04:00,143.27975463867188,143.8249969482422,143.1999969482422,143.77000427246094,183670
2026-06-05 09:45:00-04:00,143.74000549316406,143.8769989013672,143.38999938964844,143.7899932861328,95179
2026-06-05 09:50:00-04:00,143.72999572753906,143.75999450683594,143.22999572753906,143.22999572753906,65467
2026-06-05 09:55:00-04:00,143.27114868164062,143.69000244140625,143.17999267578125,143.52999877929688,75390
2026-06-05 10:00:00-04:00,143.52999877929688,143.60000610351562,143.23500061035156,143.50999450683594,113790
2026-06-05 10:05:00-04:00,143.52999877929688,143.96499633789062,143.38499450683594,143.9199981689453,190054
2026-06-05 10:10:00-04:00,143.89999389648438,144.07000732421875,143.74000549316406,143.80999755859375,117205
2026-06-05 10:15:00-04:00,143.85000610351562,143.8800048828125,143.3000030517578,143.3000030517578,67802
2026-06-05 10:20:00-04:00,143.2899932861328,143.8000030517578,143.21424865722656,143.75,78129
2026-06-05 10:25:00-04:00,143.7550048828125,144.3699951171875,143.74000549316406,144.3000030517578,143752
2026-06-05 10:30:00-04:00,144.2899932861328,144.4499969482422,144.18499755859375,144.27999877929688,140270
2026-06-05 10:35:00-04:00,144.27000427246094,144.27000427246094,143.9250030517578,143.96090698242188,207678
2026-06-05 10:40:00-04:00,144.0399932861328,144.17999267578125,143.99000549316406,144.06500244140625,61656
2026-06-05 10:45:00-04:00,144.02999877929688,144.05990600585938,143.80999755859375,143.96499633789062,84950
2026-06-05 10:50:00-04:00,143.97999572753906,144.0,143.75999450683594,143.91000366210938,44400
2026-06-05 10:55:00-04:00,143.93499755859375,144.00999450683594,143.8000030517578,144.00999450683594,55204
2026-06-05 11:00:00-04:00,144.0050048828125,144.36000061035156,143.97000122070312,144.01499938964844,62597
2026-06-05 11:05:00-04:00,144.0500030517578,144.3800048828125,144.00999450683594,144.3350067138672,104666
2026-06-05 11:10:00-04:00,144.3350067138672,144.69700622558594,144.3350067138672,144.66000366210938,62495
2026-06-05 11:15:00-04:00,144.67999267578125,144.7550048828125,144.50999450683594,144.55999755859375,66862
2026-06-05 11:20:00-04:00,144.57000732421875,144.91000366210938,144.5,144.91000366210938,88430
2026-06-05 11:25:00-04:00,144.9199981689453,145.08999633789062,144.89999389648438,145.02000427246094,158481
2026-06-05 11:30:00-04:00,145.0155029296875,145.27999877929688,144.99000549316406,145.24000549316406,94461
2026-06-05 11:35:00-04:00,145.22999572753906,145.41000366210938,145.16000366210938,145.3699951171875,63962
2026-06-05 11:40:00-04:00,145.33999633789062,145.4499969482422,145.25,145.42999267578125,129241
2026-06-05 11:45:00-04:00,145.41000366210938,145.44000244140625,145.28500366210938,145.39999389648438,81544
2026-06-05 11:50:00-04:00,145.39500427246094,145.47999572753906,145.27000427246094,145.38999938964844,52408
2026-06-05 11:55:00-04:00,145.3800048828125,145.5,145.3800048828125,145.4499969482422,66704
2026-06-05 12:00:00-04:00,145.4199981689453,145.58999633789062,145.36549377441406,145.50999450683594,89485
2026-06-05 12:05:00-04:00,145.52499389648438,145.82000732421875,145.52499389648438,145.77999877929688,82832
2026-06-05 12:10:00-04:00,145.8300018310547,146.0500030517578,145.77999877929688,146.01499938964844,70884
2026-06-05 12:15:00-04:00,146.00999450683594,146.27000427246094,146.0050048828125,146.27000427246094,46490
2026-06-05 12:20:00-04:00,146.26010131835938,146.32000732421875,145.97259521484375,145.97259521484375,51410
2026-06-05 12:25:00-04:00,146.02999877929688,146.2550048828125,146.02999877929688,146.2050018310547,35611
2026-06-05 12:30:00-04:00,146.22000122070312,146.47000122070312,146.13119506835938,146.41000366210938,55241
2026-06-05 12:35:00-04:00,146.4149932861328,146.69000244140625,146.3350067138672,146.6649932861328,82641
2026-06-05 12:40:00-04:00,146.61000061035156,146.64999389648438,146.5,146.5800018310547,85146
2026-06-05 12:45:00-04:00,146.56500244140625,146.8800048828125,146.52999877929688,146.69000244140625,87935
2026-06-05 12:50:00-04:00,146.72999572753906,146.8699951171875,146.3249969482422,146.3249969482422,126858
2026-06-05 12:55:00-04:00,146.33999633789062,146.72999572753906,146.33999633789062,146.7100067138672,71247
2026-06-05 13:00:00-04:00,146.6999969482422,146.7100067138672,146.36500549316406,146.50999450683594,73194
2026-06-05 13:05:00-04:00,146.5050048828125,146.83999633789062,146.4600067138672,146.7899932861328,73002
2026-06-05 13:10:00-04:00,146.7949981689453,146.91000366210938,146.77000427246094,146.89999389648438,49856
2026-06-05 13:15:00-04:00,146.89999389648438,146.9600067138672,146.84500122070312,146.85000610351562,69995
2026-06-05 13:20:00-04:00,146.86000061035156,146.93499755859375,146.66000366210938,146.66000366210938,97804
2026-06-05 13:25:00-04:00,146.67999267578125,146.9499969482422,146.6699981689453,146.8300018310547,116773
2026-06-05 13:30:00-04:00,146.7949981689453,146.9250030517578,146.7550048828125,146.75999450683594,91763
2026-06-05 13:35:00-04:00,146.77999877929688,146.80499267578125,146.5500030517578,146.72999572753906,79381
2026-06-05 13:40:00-04:00,146.74000549316406,146.9799041748047,146.7050018310547,146.94000244140625,60017
2026-06-05 13:45:00-04:00,146.9398956298828,147.08999633789062,146.91000366210938,147.05999755859375,77209
2026-06-05 13:50:00-04:00,147.06500244140625,147.06500244140625,146.8800048828125,146.89500427246094,86422
2026-06-05 13:55:00-04:00,146.875,147.0749969482422,146.875,147.0500030517578,69998
2026-06-05 14:00:00-04:00,147.0500030517578,147.25,147.02999877929688,147.22000122070312,86099
2026-06-05 14:05:00-04:00,147.22999572753906,147.33999633789062,147.1999969482422,147.22999572753906,93376
2026-06-05 14:10:00-04:00,147.22019958496094,147.50999450683594,147.1699981689453,147.39999389648438,85180
2026-06-05 14:15:00-04:00,147.3800048828125,147.72000122070312,147.34500122070312,147.63999938964844,103040
2026-06-05 14:20:00-04:00,147.65499877929688,147.78990173339844,147.625,147.75,63556
2026-06-05 14:25:00-04:00,147.76010131835938,147.76010131835938,147.5800018310547,147.68499755859375,115897
2026-06-05 14:30:00-04:00,147.6992950439453,147.97000122070312,147.67999267578125,147.88499450683594,147550
2026-06-05 14:35:00-04:00,147.88999938964844,147.99000549316406,147.8800048828125,147.9600067138672,44391
2026-06-05 14:40:00-04:00,147.96499633789062,148.18800354003906,147.96499633789062,148.05499267578125,84394
2026-06-05 14:45:00-04:00,148.0399932861328,148.22999572753906,148.0301055908203,148.14999389648438,83320
2026-06-05 14:50:00-04:00,148.1999969482422,148.2050018310547,147.493896484375,147.5050048828125,146466
2026-06-05 14:55:00-04:00,147.50999450683594,147.5800018310547,147.0059051513672,147.07000732421875,148448
2026-06-05 15:00:00-04:00,147.0800018310547,147.27999877929688,146.7899932861328,146.82000732421875,139283
2026-06-05 15:05:00-04:00,146.8000030517578,146.94000244140625,146.71499633789062,146.72000122070312,114196
2026-06-05 15:10:00-04:00,146.74000549316406,146.92999267578125,146.6970977783203,146.7449951171875,127625
2026-06-05 15:15:00-04:00,146.7449951171875,146.75999450683594,146.6199951171875,146.6699981689453,111085
2026-06-05 15:20:00-04:00,146.6649932861328,146.68499755859375,146.4499969482422,146.60000610351562,103243
2026-06-05 15:25:00-04:00,146.60000610351562,146.6199951171875,146.2899932861328,146.3350067138672,137168
2026-06-05 15:30:00-04:00,146.35000610351562,146.41000366210938,146.01499938964844,146.15499877929688,124826
2026-06-05 15:35:00-04:00,146.14999389648438,146.22999572753906,145.99000549316406,146.16000366210938,122005
2026-06-05 15:40:00-04:00,146.16000366210938,146.2050018310547,145.9199981689453,145.96499633789062,132134
2026-06-05 15:45:00-04:00,145.9499969482422,146.0399932861328,145.5850067138672,145.88999938964844,192255
2026-06-05 15:50:00-04:00,145.8699951171875,146.47000122070312,145.85000610351562,146.4199981689453,389987
2026-06-05 15:55:00-04:00,146.39999389648438,146.58999633789062,146.3000030517578,146.5399932861328,657847
2026-06-08 09:30:00-04:00,145.7899932861328,146.44000244140625,145.0500030517578,146.10000610351562,300685
2026-06-08 09:35:00-04:00,146.09500122070312,146.36000061035156,145.67999267578125,146.0800018310547,86289
2026-06-08 09:40:00-04:00,146.13999938964844,146.26499938964844,145.77000427246094,145.8800048828125,69770
2026-06-08 09:45:00-04:00,145.85000610351562,146.11160278320312,145.7100067138672,145.82000732421875,78265
2026-06-08 09:50:00-04:00,145.7949981689453,146.16000366210938,145.7949981689453,146.1199951171875,58538
2026-06-08 09:55:00-04:00,146.10499572753906,146.44000244140625,146.08999633789062,146.33999633789062,89451
2026-06-08 10:00:00-04:00,146.2899932861328,146.5399932861328,146.25,146.5,117388
2026-06-08 10:05:00-04:00,146.4949951171875,146.5399932861328,146.22999572753906,146.27000427246094,56730
2026-06-08 10:10:00-04:00,146.2949981689453,146.3300018310547,146.14010620117188,146.25,70431
2026-06-08 10:15:00-04:00,146.27999877929688,146.47630310058594,146.1750030517578,146.42999267578125,91479
2026-06-08 10:20:00-04:00,146.4199981689453,146.5500030517578,146.1649932861328,146.25,63252
2026-06-08 10:25:00-04:00,146.27000427246094,146.42999267578125,146.00999450683594,146.06500244140625,69808
2026-06-08 10:30:00-04:00,146.10000610351562,146.19000244140625,145.9499969482422,145.97000122070312,70124
2026-06-08 10:35:00-04:00,145.9199981689453,145.94000244140625,145.58999633789062,145.69000244140625,46687
2026-06-08 10:40:00-04:00,145.7100067138672,145.7899932861328,145.47000122070312,145.61500549316406,55306
2026-06-08 10:45:00-04:00,145.6300048828125,145.8000030517578,145.5399932861328,145.75999450683594,51052
2026-06-08 10:50:00-04:00,145.77499389648438,145.7899932861328,145.6566925048828,145.6699981689453,64637
2026-06-08 10:55:00-04:00,145.7100067138672,145.79989624023438,145.60000610351562,145.75999450683594,55311
2026-06-08 11:00:00-04:00,145.7550048828125,145.86239624023438,145.6300048828125,145.64830017089844,49614
2026-06-08 11:05:00-04:00,145.625,145.91000366210938,145.60000610351562,145.75,38328
2026-06-08 11:10:00-04:00,145.7100067138672,145.8699951171875,145.5,145.5399932861328,40789
2026-06-08 11:15:00-04:00,145.5399932861328,145.67999267578125,145.47999572753906,145.55999755859375,97515
2026-06-08 11:20:00-04:00,145.5800018310547,145.72999572753906,145.4600067138672,145.72999572753906,51245
2026-06-08 11:25:00-04:00,145.72000122070312,145.72000122070312,145.52499389648438,145.55999755859375,37352
2026-06-08 11:30:00-04:00,145.55499267578125,145.6300048828125,145.52999877929688,145.57000732421875,44528
2026-06-08 11:35:00-04:00,145.55999755859375,145.61500549316406,145.35000610351562,145.47999572753906,148073
2026-06-08 11:40:00-04:00,145.4600067138672,145.4600067138672,145.3000030517578,145.32000732421875,35060
2026-06-08 11:45:00-04:00,145.32000732421875,145.44000244140625,145.30999755859375,145.41000366210938,36515
2026-06-08 11:50:00-04:00,145.38999938964844,145.4250030517578,145.33999633789062,145.3800048828125,27435
2026-06-08 11:55:00-04:00,145.3699951171875,145.5,145.3300018310547,145.4600067138672,42101
2026-06-08 12:00:00-04:00,145.47999572753906,145.47999572753906,145.3249969482422,145.35000610351562,46124
2026-06-08 12:05:00-04:00,145.35000610351562,145.50999450683594,145.29519653320312,145.48500061035156,37490
2026-06-08 12:10:00-04:00,145.52000427246094,145.69000244140625,145.5,145.68499755859375,27527
2026-06-08 12:15:00-04:00,145.67999267578125,145.6999969482422,145.5,145.5,24782
2026-06-08 12:20:00-04:00,145.50900268554688,145.58999633789062,145.3800048828125,145.41000366210938,31249
2026-06-08 12:25:00-04:00,145.42999267578125,145.44000244140625,145.22000122070312,145.22000122070312,30416
2026-06-08 12:30:00-04:00,145.22500610351562,145.35000610351562,145.1999969482422,145.2899932861328,28991
2026-06-08 12:35:00-04:00,145.2899932861328,145.42999267578125,145.28500366210938,145.38999938964844,30258
2026-06-08 12:40:00-04:00,145.3699951171875,145.38999938964844,145.27000427246094,145.3300018310547,24125
2026-06-08 12:45:00-04:00,145.32000732421875,145.3813018798828,145.30149841308594,145.32000732421875,25451
2026-06-08 12:50:00-04:00,145.32000732421875,145.35000610351562,145.22999572753906,145.22999572753906,29559
2026-06-08 12:55:00-04:00,145.22999572753906,145.26499938964844,145.10000610351562,145.25999450683594,39072
2026-06-08 13:00:00-04:00,145.25,145.27999877929688,145.1199951171875,145.1649932861328,43973
2026-06-08 13:05:00-04:00,145.14999389648438,145.22999572753906,145.14999389648438,145.16000366210938,20492
2026-06-08 13:10:00-04:00,145.16000366210938,145.42999267578125,145.16000366210938,145.36000061035156,32473
2026-06-08 13:15:00-04:00,145.33999633789062,145.36000061035156,145.24000549316406,145.27000427246094,34162
2026-06-08 13:20:00-04:00,145.22500610351562,145.36000061035156,145.22500610351562,145.35000610351562,22296
2026-06-08 13:25:00-04:00,145.35000610351562,145.38999938964844,145.31500244140625,145.35000610351562,37315
2026-06-08 13:30:00-04:00,145.3800048828125,145.3800048828125,145.11000061035156,145.110107421875,38319
2026-06-08 13:35:00-04:00,145.11000061035156,145.25750732421875,145.11000061035156,145.24000549316406,28159
2026-06-08 13:40:00-04:00,145.24000549316406,145.32989501953125,145.24000549316406,145.32989501953125,27420
2026-06-08 13:45:00-04:00,145.3000030517578,145.3699951171875,145.25999450683594,145.25999450683594,30205
2026-06-08 13:50:00-04:00,145.3000030517578,145.33999633789062,145.1649932861328,145.1999969482422,23137
2026-06-08 13:55:00-04:00,145.19000244140625,145.36000061035156,145.1699981689453,145.3000030517578,29651
2026-06-08 14:00:00-04:00,145.32000732421875,145.4550018310547,145.27999877929688,145.42010498046875,34582
2026-06-08 14:05:00-04:00,145.4199981689453,145.57000732421875,145.41000366210938,145.50399780273438,36643
2026-06-08 14:10:00-04:00,145.5,145.5198974609375,145.42999267578125,145.51499938964844,29137
2026-06-08 14:15:00-04:00,145.51499938964844,145.61500549316406,145.50999450683594,145.61500549316406,31865
2026-06-08 14:20:00-04:00,145.61500549316406,145.72999572753906,145.61500549316406,145.72999572753906,28169
2026-06-08 14:25:00-04:00,145.72999572753906,145.89500427246094,145.69500732421875,145.8699951171875,34915
2026-06-08 14:30:00-04:00,145.86000061035156,145.9398956298828,145.8000030517578,145.85009765625,51182
2026-06-08 14:35:00-04:00,145.85499572753906,145.88499450683594,145.77499389648438,145.77499389648438,39452
2026-06-08 14:40:00-04:00,145.77000427246094,145.80999755859375,145.69000244140625,145.7050018310547,29813
2026-06-08 14:45:00-04:00,145.72000122070312,145.77999877929688,145.5749969482422,145.6199951171875,39284
2026-06-08 14:50:00-04:00,145.61000061035156,145.67999267578125,145.57000732421875,145.6699981689453,33853
2026-06-08 14:55:00-04:00,145.6649932861328,145.67999267578125,145.6199951171875,145.64999389648438,35931
2026-06-08 15:00:00-04:00,145.63999938964844,145.7299041748047,145.5850067138672,145.66000366210938,49023
2026-06-08 15:05:00-04:00,145.66000366210938,145.69000244140625,145.6300048828125,145.6750030517578,44950
2026-06-08 15:10:00-04:00,145.64999389648438,145.70989990234375,145.60000610351562,145.6199951171875,42476
2026-06-08 15:15:00-04:00,145.6199951171875,145.6699981689453,145.55499267578125,145.64999389648438,54148
2026-06-08 15:20:00-04:00,145.63999938964844,145.67999267578125,145.61000061035156,145.65499877929688,51249
2026-06-08 15:25:00-04:00,145.66000366210938,145.72000122070312,145.6011962890625,145.6199951171875,66769
2026-06-08 15:30:00-04:00,145.61000061035156,145.62989807128906,145.35000610351562,145.39999389648438,75021
2026-06-08 15:35:00-04:00,145.3800048828125,145.39999389648438,145.25999450683594,145.30999755859375,58661
2026-06-08 15:40:00-04:00,145.30999755859375,145.49000549316406,145.3007049560547,145.4199981689453,77030
2026-06-08 15:45:00-04:00,145.41000366210938,145.47999572753906,145.2100067138672,145.33999633789062,102588
2026-06-08 15:50:00-04:00,145.35000610351562,145.4499969482422,145.17999267578125,145.27000427246094,182355
2026-06-08 15:55:00-04:00,145.25999450683594,145.25999450683594,145.01499938964844,145.10000610351562,549832
2026-06-09 09:30:00-04:00,144.6699981689453,145.50999450683594,144.52999877929688,145.4550018310547,391789
2026-06-09 09:35:00-04:00,145.44500732421875,145.8800048828125,145.17999267578125,145.69000244140625,67775
2026-06-09 09:40:00-04:00,145.79409790039062,146.1300048828125,145.7050018310547,146.02999877929688,69816
2026-06-09 09:45:00-04:00,146.02000427246094,146.15899658203125,145.8699951171875,145.8699951171875,65714
2026-06-09 09:50:00-04:00,145.91000366210938,146.0800018310547,145.75999450683594,145.82000732421875,65352
2026-06-09 09:55:00-04:00,145.8300018310547,145.88499450683594,145.5800018310547,145.77000427246094,38349
2026-06-09 10:00:00-04:00,145.77000427246094,146.0800018310547,145.73500061035156,146.05999755859375,58181
2026-06-09 10:05:00-04:00,146.02999877929688,146.42999267578125,145.97999572753906,146.40499877929688,50734
2026-06-09 10:10:00-04:00,146.40499877929688,146.8800048828125,146.3800048828125,146.52999877929688,81122
2026-06-09 10:15:00-04:00,146.55999755859375,147.05990600585938,146.55999755859375,146.69000244140625,90644
2026-06-09 10:20:00-04:00,146.7100067138672,146.9149932861328,146.58999633789062,146.8699951171875,70397
2026-06-09 10:25:00-04:00,146.92999267578125,147.02999877929688,146.78799438476562,147.01499938964844,43920
2026-06-09 10:30:00-04:00,146.99000549316406,147.44000244140625,146.97999572753906,147.27999877929688,67238
2026-06-09 10:35:00-04:00,147.27999877929688,147.33999633789062,147.05999755859375,147.19000244140625,57059
2026-06-09 10:40:00-04:00,147.19000244140625,147.42999267578125,147.0800018310547,147.4250030517578,63625
2026-06-09 10:45:00-04:00,147.375,147.67999267578125,147.32080078125,147.5800018310547,98644
2026-06-09 10:50:00-04:00,147.58999633789062,147.59500122070312,147.05999755859375,147.0800018310547,88360
2026-06-09 10:55:00-04:00,147.1199951171875,147.35000610351562,147.10000610351562,147.3267059326172,68631
2026-06-09 11:00:00-04:00,147.3300018310547,147.4499969482422,147.27999877929688,147.38999938964844,48130
2026-06-09 11:05:00-04:00,147.3350067138672,147.3699951171875,147.1300048828125,147.1300048828125,36720
2026-06-09 11:10:00-04:00,147.10000610351562,147.27999877929688,147.0800018310547,147.22999572753906,40056
2026-06-09 11:15:00-04:00,147.25999450683594,147.47000122070312,147.22000122070312,147.44000244140625,61422
2026-06-09 11:20:00-04:00,147.42999267578125,147.6699981689453,147.31019592285156,147.6699981689453,131849
2026-06-09 11:25:00-04:00,147.63999938964844,147.72000122070312,147.4199981689453,147.64999389648438,103232
2026-06-09 11:30:00-04:00,147.6699981689453,147.85000610351562,147.57000732421875,147.82000732421875,59710
2026-06-09 11:35:00-04:00,147.82000732421875,148.0500030517578,147.82000732421875,147.9550018310547,152614
2026-06-09 11:40:00-04:00,147.97999572753906,148.01499938964844,147.50999450683594,147.7100067138672,74349
2026-06-09 11:45:00-04:00,147.72000122070312,147.8800048828125,147.6300048828125,147.83999633789062,41802
2026-06-09 11:50:00-04:00,147.83999633789062,148.00999450683594,147.77999877929688,147.9801025390625,60942
2026-06-09 11:55:00-04:00,147.98500061035156,148.6199951171875,147.9600067138672,148.5,123053
2026-06-09 12:00:00-04:00,148.49000549316406,148.49000549316406,148.1750030517578,148.4600067138672,90047
2026-06-09 12:05:00-04:00,148.4600067138672,148.9499969482422,148.42999267578125,148.8300018310547,101067
2026-06-09 12:10:00-04:00,148.8300018310547,149.07000732421875,148.7010040283203,148.9199981689453,99504
2026-06-09 12:15:00-04:00,148.9199981689453,149.1999969482422,148.8175048828125,149.1699981689453,113992
2026-06-09 12:20:00-04:00,149.16000366210938,149.27999877929688,149.0,149.1699981689453,77608
2026-06-09 12:25:00-04:00,149.17999267578125,149.17999267578125,148.91000366210938,149.05999755859375,52082
2026-06-09 12:30:00-04:00,149.07000732421875,149.3300018310547,149.0399932861328,149.3000030517578,84421
2026-06-09 12:35:00-04:00,149.25999450683594,149.47959899902344,148.97509765625,149.3199005126953,128269
2026-06-09 12:40:00-04:00,149.27000427246094,149.27000427246094,148.9199981689453,148.99000549316406,71787
2026-06-09 12:45:00-04:00,149.0,149.25,148.86000061035156,149.05999755859375,68029
2026-06-09 12:50:00-04:00,149.05999755859375,149.35000610351562,149.05999755859375,149.35000610351562,77548
2026-06-09 12:55:00-04:00,149.35000610351562,149.38999938964844,148.97000122070312,148.97999572753906,83572
2026-06-09 13:00:00-04:00,148.9499969482422,149.0800018310547,148.50999450683594,148.50999450683594,112245
2026-06-09 13:05:00-04:00,148.52999877929688,148.60000610351562,148.2100067138672,148.2100067138672,58147
2026-06-09 13:10:00-04:00,148.21499633789062,148.38999938964844,148.08999633789062,148.1300048828125,53650
2026-06-09 13:15:00-04:00,148.14500427246094,148.22999572753906,148.05999755859375,148.17999267578125,49973
2026-06-09 13:20:00-04:00,148.19000244140625,148.6199951171875,148.16000366210938,148.60000610351562,69376
2026-06-09 13:25:00-04:00,148.60000610351562,148.65249633789062,148.47999572753906,148.5399932861328,36207
2026-06-09 13:30:00-04:00,148.57000732421875,148.58999633789062,148.4499969482422,148.52499389648438,45702
2026-06-09 13:35:00-04:00,148.5,148.57000732421875,148.3800048828125,148.3800048828125,50150
2026-06-09 13:40:00-04:00,148.3699951171875,148.4600067138672,148.3000030517578,148.38999938964844,32923
2026-06-09 13:45:00-04:00,148.38999938964844,148.64500427246094,148.30999755859375,148.5399932861328,51590
2026-06-09 13:50:00-04:00,148.5399932861328,148.55999755859375,148.3719024658203,148.3800048828125,43041
2026-06-09 13:55:00-04:00,148.35000610351562,148.38999938964844,148.27999877929688,148.33999633789062,29798
2026-06-09 14:00:00-04:00,148.38999938964844,148.47999572753906,148.33999633789062,148.3699951171875,36990
2026-06-09 14:05:00-04:00,148.35499572753906,148.41000366210938,148.25999450683594,148.29510498046875,38748
2026-06-09 14:10:00-04:00,148.2949981689453,148.3800048828125,148.29080200195312,148.3249969482422,34453
2026-06-09 14:15:00-04:00,148.3249969482422,148.4499969482422,148.1999969482422,148.3699951171875,34060
2026-06-09 14:20:00-04:00,148.3800048828125,148.4149932861328,148.3179931640625,148.3699951171875,35433
2026-06-09 14:25:00-04:00,148.37060546875,148.4499969482422,148.35000610351562,148.39500427246094,32533
2026-06-09 14:30:00-04:00,148.37649536132812,148.42999267578125,148.20010375976562,148.25999450683594,58001
2026-06-09 14:35:00-04:00,148.27499389648438,148.4199981689453,148.25010681152344,148.4199981689453,34223
2026-06-09 14:40:00-04:00,148.41090393066406,148.46499633789062,148.3699951171875,148.4149932861328,36853
2026-06-09 14:45:00-04:00,148.4149932861328,148.49000549316406,148.36000061035156,148.47999572753906,35364
2026-06-09 14:50:00-04:00,148.47000122070312,148.5500030517578,148.38999938964844,148.38999938964844,43402
2026-06-09 14:55:00-04:00,148.3699951171875,148.4250030517578,148.33999633789062,148.36090087890625,36932
2026-06-09 15:00:00-04:00,148.3800048828125,148.44000244140625,148.1649932861328,148.22500610351562,49323
2026-06-09 15:05:00-04:00,148.25,148.3800048828125,148.22000122070312,148.3300018310547,34103
2026-06-09 15:10:00-04:00,148.34500122070312,148.46499633789062,148.3000030517578,148.41000366210938,40389
2026-06-09 15:15:00-04:00,148.39999389648438,148.4250030517578,148.2449951171875,148.27999877929688,60475
2026-06-09 15:20:00-04:00,148.3000030517578,148.3300018310547,148.11000061035156,148.3300018310547,69185
2026-06-09 15:25:00-04:00,148.33999633789062,148.33999633789062,148.17999267578125,148.27000427246094,59092
2026-06-09 15:30:00-04:00,148.25999450683594,148.31700134277344,148.13999938964844,148.1699981689453,61048
2026-06-09 15:35:00-04:00,148.14999389648438,148.22000122070312,148.10000610351562,148.13999938964844,69176
2026-06-09 15:40:00-04:00,148.1300048828125,148.30999755859375,148.10009765625,148.125,94633
2026-06-09 15:45:00-04:00,148.11500549316406,148.3300018310547,148.09500122070312,148.3000030517578,104424
2026-06-09 15:50:00-04:00,148.3300018310547,148.74000549316406,148.30499267578125,148.51499938964844,203580
2026-06-09 15:55:00-04:00,148.52999877929688,148.61000061035156,148.1999969482422,148.57000732421875,684078
2026-06-10 09:30:00-04:00,149.91000366210938,150.02999877929688,149.4499969482422,149.88999938964844,397228
2026-06-10 09:35:00-04:00,149.88999938964844,149.9149932861328,148.6300048828125,149.19000244140625,112540
2026-06-10 09:40:00-04:00,149.1649932861328,149.35000610351562,148.9001007080078,149.05999755859375,68850
2026-06-10 09:45:00-04:00,149.03500366210938,149.17999267578125,148.3800048828125,148.48500061035156,86417
2026-06-10 09:50:00-04:00,148.48500061035156,148.97000122070312,148.42999267578125,148.88499450683594,100344
2026-06-10 09:55:00-04:00,148.86500549316406,149.16000366210938,148.82000732421875,148.85000610351562,71924
2026-06-10 10:00:00-04:00,148.8000030517578,149.2100067138672,148.8000030517578,149.0500030517578,66295
2026-06-10 10:05:00-04:00,149.07000732421875,149.22000122070312,148.77999877929688,148.8800048828125,105170
2026-06-10 10:10:00-04:00,148.86000061035156,149.5500030517578,148.80999755859375,149.45010375976562,99673
2026-06-10 10:15:00-04:00,149.47999572753906,149.50990295410156,149.22000122070312,149.3975067138672,59126
2026-06-10 10:20:00-04:00,149.38999938964844,149.5500030517578,149.22999572753906,149.24000549316406,99146
2026-06-10 10:25:00-04:00,149.19000244140625,149.32000732421875,149.0500030517578,149.24000549316406,101970
2026-06-10 10:30:00-04:00,149.26010131835938,149.26010131835938,148.8708038330078,148.89500427246094,53664
2026-06-10 10:35:00-04:00,148.89500427246094,149.24000549316406,148.77000427246094,149.18499755859375,42935
2026-06-10 10:40:00-04:00,149.1699981689453,149.375,149.10000610351562,149.375,30738
2026-06-10 10:45:00-04:00,149.3800048828125,149.72000122070312,149.34500122070312,149.69000244140625,43903
2026-06-10 10:50:00-04:00,149.6663055419922,149.6663055419922,149.3300018310547,149.38999938964844,47981
2026-06-10 10:55:00-04:00,149.3699951171875,149.5800018310547,149.32000732421875,149.47999572753906,37799
2026-06-10 11:00:00-04:00,149.4499969482422,149.57000732421875,149.33999633789062,149.4250030517578,64961
2026-06-10 11:05:00-04:00,149.4250030517578,149.60000610351562,149.4250030517578,149.4600067138672,44149
2026-06-10 11:10:00-04:00,149.44000244140625,149.88999938964844,149.44000244140625,149.88999938964844,50425
2026-06-10 11:15:00-04:00,149.88999938964844,150.16000366210938,149.75,150.02000427246094,68417
2026-06-10 11:20:00-04:00,150.0032958984375,150.1300048828125,149.88999938964844,150.1199951171875,47098
2026-06-10 11:25:00-04:00,150.11000061035156,150.3800048828125,150.02999877929688,150.27999877929688,56724
2026-06-10 11:30:00-04:00,150.2899932861328,150.30999755859375,150.16290283203125,150.2958984375,51263
2026-06-10 11:35:00-04:00,150.2899932861328,150.42999267578125,150.14999389648438,150.22450256347656,56326
2026-06-10 11:40:00-04:00,150.2449951171875,150.2449951171875,150.05999755859375,150.10499572753906,40873
2026-06-10 11:45:00-04:00,150.07009887695312,150.17999267578125,149.83999633789062,150.0800018310547,48944
2026-06-10 11:50:00-04:00,150.06500244140625,150.22999572753906,149.86000061035156,149.86000061035156,52825
2026-06-10 11:55:00-04:00,149.85000610351562,149.8800048828125,149.55499267578125,149.64999389648438,36910
2026-06-10 12:00:00-04:00,149.61000061035156,149.79849243164062,149.60009765625,149.66000366210938,33970
2026-06-10 12:05:00-04:00,149.64999389648438,149.7899932861328,149.5399932861328,149.66000366210938,39034
2026-06-10 12:10:00-04:00,149.66000366210938,149.88999938964844,149.62440490722656,149.82000732421875,39412
2026-06-10 12:15:00-04:00,149.83999633789062,149.85000610351562,149.74000549316406,149.77499389648438,24326
2026-06-10 12:20:00-04:00,149.77999877929688,149.82000732421875,149.7100067138672,149.81790161132812,22088
2026-06-10 12:25:00-04:00,149.80999755859375,149.80999755859375,149.66000366210938,149.71499633789062,33392
2026-06-10 12:30:00-04:00,149.72500610351562,149.74000549316406,149.6199951171875,149.72999572753906,26643
2026-06-10 12:35:00-04:00,149.73500061035156,149.80499267578125,149.6802978515625,149.71009826660156,23822
2026-06-10 12:40:00-04:00,149.72999572753906,149.8699951171875,149.7100067138672,149.86000061035156,35262
2026-06-10 12:45:00-04:00,149.85499572753906,149.8699951171875,149.49000549316406,149.55499267578125,173009
2026-06-10 12:50:00-04:00,149.5500030517578,149.5500030517578,149.27000427246094,149.3437957763672,130361
2026-06-10 12:55:00-04:00,149.30020141601562,149.50999450683594,149.27999877929688,149.4801025390625,65914
2026-06-10 13:00:00-04:00,149.50999450683594,149.50999450683594,149.25,149.30909729003906,61038
2026-06-10 13:05:00-04:00,149.27000427246094,149.2899932861328,149.2100067138672,149.25,39765
2026-06-10 13:10:00-04:00,149.24000549316406,149.2949981689453,149.19000244140625,149.23500061035156,37190
2026-06-10 13:15:00-04:00,149.22999572753906,149.2899932861328,149.18499755859375,149.2899932861328,39571
2026-06-10 13:20:00-04:00,149.28759765625,149.35000610351562,149.2100067138672,149.26010131835938,51329
2026-06-10 13:25:00-04:00,149.25999450683594,149.3000030517578,149.1999969482422,149.2301025390625,40656
2026-06-10 13:30:00-04:00,149.19009399414062,149.24000549316406,148.8800048828125,148.91000366210938,57604
2026-06-10 13:35:00-04:00,148.8800048828125,148.9499969482422,148.77999877929688,148.81640625,108339
2026-06-10 13:40:00-04:00,148.80999755859375,148.97999572753906,148.77999877929688,148.8000030517578,39595
2026-06-10 13:45:00-04:00,148.7899932861328,148.7899932861328,148.47000122070312,148.6199951171875,57346
2026-06-10 13:50:00-04:00,148.58999633789062,148.6999969482422,148.5500030517578,148.67999267578125,48846
2026-06-10 13:55:00-04:00,148.69500732421875,148.97000122070312,148.68499755859375,148.92999267578125,68528
2026-06-10 14:00:00-04:00,148.92999267578125,149.3350067138672,148.92999267578125,149.2899932861328,67559
2026-06-10 14:05:00-04:00,149.31500244140625,149.36000061035156,149.22999572753906,149.27999877929688,69909
2026-06-10 14:10:00-04:00,149.36000061035156,149.4250030517578,149.35499572753906,149.3800048828125,32386
2026-06-10 14:15:00-04:00,149.3800048828125,149.39999389648438,149.17999267578125,149.28500366210938,44812
2026-06-10 14:20:00-04:00,149.28500366210938,149.4199981689453,149.27000427246094,149.4149932861328,45998
2026-06-10 14:25:00-04:00,149.4149932861328,149.58999633789062,149.41000366210938,149.57000732421875,45344
2026-06-10 14:30:00-04:00,149.563232421875,149.6199951171875,149.52999877929688,149.55999755859375,42196
2026-06-10 14:35:00-04:00,149.5500030517578,149.60000610351562,149.50999450683594,149.52000427246094,101920
2026-06-10 14:40:00-04:00,149.49000549316406,149.5500030517578,149.44790649414062,149.52999877929688,33485
2026-06-10 14:45:00-04:00,149.52499389648438,149.60000610351562,149.5,149.50999450683594,43082
2026-06-10 14:50:00-04:00,149.49000549316406,149.49000549316406,149.3699951171875,149.42990112304688,39139
2026-06-10 14:55:00-04:00,149.40499877929688,149.4600067138672,149.35000610351562,149.41000366210938,32569
2026-06-10 15:00:00-04:00,149.38999938964844,149.41000366210938,149.1300048828125,149.13999938964844,32615
2026-06-10 15:05:00-04:00,149.154296875,149.26499938964844,149.10000610351562,149.24009704589844,61395
2026-06-10 15:10:00-04:00,149.25,149.3300018310547,149.1699981689453,149.19000244140625,37295
2026-06-10 15:15:00-04:00,149.2050018310547,149.27999877929688,149.14999389648438,149.27000427246094,54641
2026-06-10 15:20:00-04:00,149.27000427246094,149.32000732421875,149.19000244140625,149.25999450683594,57764
2026-06-10 15:25:00-04:00,149.27999877929688,149.4600067138672,149.22000122070312,149.33140563964844,70303
2026-06-10 15:30:00-04:00,149.35499572753906,149.4600067138672,149.3300018310547,149.36000061035156,69863
2026-06-10 15:35:00-04:00,149.36000061035156,149.3800048828125,149.1699981689453,149.22000122070312,55662
2026-06-10 15:40:00-04:00,149.22500610351562,149.27000427246094,149.10000610351562,149.1199951171875,88498
2026-06-10 15:45:00-04:00,149.1300048828125,149.38999938964844,149.0800018310547,149.36000061035156,112459
2026-06-10 15:50:00-04:00,149.36000061035156,149.47000122070312,149.13999938964844,149.27999877929688,138906
2026-06-10 15:55:00-04:00,149.3000030517578,149.41000366210938,149.0399932861328,149.07000732421875,419493
2026-06-11 09:30:00-04:00,148.6999969482422,149.61990356445312,148.6999969482422,149.36000061035156,213064
2026-06-11 09:35:00-04:00,149.375,149.4969940185547,148.80999755859375,149.4199981689453,29093
2026-06-11 09:40:00-04:00,149.3699951171875,149.5399932861328,149.22000122070312,149.2550048828125,49346
2026-06-11 09:45:00-04:00,149.26499938964844,149.36000061035156,148.9409942626953,149.07000732421875,49848
2026-06-11 09:50:00-04:00,149.06500244140625,149.1020050048828,148.69000244140625,149.06500244140625,78558
2026-06-11 09:55:00-04:00,149.0,149.13499450683594,148.55999755859375,148.7100067138672,57881
2026-06-11 10:00:00-04:00,148.64999389648438,148.80990600585938,148.4199981689453,148.71499633789062,43185
2026-06-11 10:05:00-04:00,148.6999969482422,148.84500122070312,148.57000732421875,148.64999389648438,61654
2026-06-11 10:10:00-04:00,148.64999389648438,149.2050018310547,148.61500549316406,149.1999969482422,55506
2026-06-11 10:15:00-04:00,149.13999938964844,149.22500610351562,148.94500732421875,149.19000244140625,56056
2026-06-11 10:20:00-04:00,149.1699981689453,149.1699981689453,148.610107421875,148.85000610351562,71418
2026-06-11 10:25:00-04:00,148.82000732421875,148.96499633789062,148.72999572753906,148.7899932861328,45453
2026-06-11 10:30:00-04:00,148.7899932861328,148.94500732421875,148.75,148.82000732421875,27050
2026-06-11 10:35:00-04:00,148.81500244140625,148.9600067138672,148.6199951171875,148.94500732421875,59677
2026-06-11 10:40:00-04:00,148.9499969482422,149.27999877929688,148.9199981689453,149.27999877929688,32596
2026-06-11 10:45:00-04:00,149.25,149.2899932861328,148.9250030517578,148.99000549316406,36258
2026-06-11 10:50:00-04:00,148.98500061035156,148.985107421875,148.4600067138672,148.4949951171875,41342
2026-06-11 10:55:00-04:00,148.5,148.72999572753906,148.48550415039062,148.50999450683594,57753
2026-06-11 11:00:00-04:00,148.52000427246094,148.77000427246094,148.4499969482422,148.4949951171875,72618
2026-06-11 11:05:00-04:00,148.4949951171875,148.53900146484375,148.3699951171875,148.38499450683594,31275
2026-06-11 11:10:00-04:00,148.35499572753906,148.57000732421875,148.22999572753906,148.4250030517578,36001
2026-06-11 11:15:00-04:00,148.35000610351562,148.41000366210938,148.22000122070312,148.23500061035156,27917
2026-06-11 11:20:00-04:00,148.2550048828125,148.41000366210938,148.22000122070312,148.27000427246094,40762
2026-06-11 11:25:00-04:00,148.25999450683594,148.38999938964844,148.13999938964844,148.2050018310547,82544
2026-06-11 11:30:00-04:00,148.21499633789062,148.2449951171875,147.78500366210938,147.8000030517578,88338
2026-06-11 11:35:00-04:00,147.7899932861328,148.19000244140625,147.77000427246094,148.13009643554688,106467
2026-06-11 11:40:00-04:00,148.14999389648438,148.36000061035156,148.1199951171875,148.30999755859375,80758
2026-06-11 11:45:00-04:00,148.3300018310547,148.33999633789062,148.0800018310547,148.11000061035156,23635
2026-06-11 11:50:00-04:00,148.11000061035156,148.27000427246094,147.96499633789062,148.10499572753906,41262
2026-06-11 11:55:00-04:00,148.0800018310547,148.3699951171875,148.0800018310547,148.36000061035156,40043
2026-06-11 12:00:00-04:00,148.3800048828125,148.39500427246094,148.21009826660156,148.2899932861328,38786
2026-06-11 12:05:00-04:00,148.27999877929688,148.46839904785156,148.27000427246094,148.42999267578125,20973
2026-06-11 12:10:00-04:00,148.4550018310547,148.50999450683594,148.36500549316406,148.4600067138672,20705
2026-06-11 12:15:00-04:00,148.4499969482422,148.6649932861328,148.4199981689453,148.52000427246094,44186
2026-06-11 12:20:00-04:00,148.5,148.65499877929688,148.44000244140625,148.5,45389
2026-06-11 12:25:00-04:00,148.5,148.5399932861328,148.22999572753906,148.2949981689453,38889
2026-06-11 12:30:00-04:00,148.32000732421875,148.32000732421875,148.1999969482422,148.24000549316406,53795
2026-06-11 12:35:00-04:00,148.2397003173828,148.27999877929688,148.13999938964844,148.22999572753906,17562
2026-06-11 12:40:00-04:00,148.25999450683594,148.36000061035156,148.1699981689453,148.33999633789062,17063
2026-06-11 12:45:00-04:00,148.36000061035156,148.38999938964844,148.32000732421875,148.36000061035156,20490
2026-06-11 12:50:00-04:00,148.33999633789062,148.33999633789062,148.25,148.32000732421875,15657
2026-06-11 12:55:00-04:00,148.35000610351562,148.375,148.22120666503906,148.2899932861328,34612
2026-06-11 13:00:00-04:00,148.3000030517578,148.36000061035156,148.16000366210938,148.24000549316406,22617
2026-06-11 13:05:00-04:00,148.19500732421875,148.22000122070312,148.07000732421875,148.1999969482422,19384
2026-06-11 13:10:00-04:00,148.24000549316406,148.49000549316406,148.24000549316406,148.43499755859375,25712
2026-06-11 13:15:00-04:00,148.4149932861328,148.47000122070312,148.32000732421875,148.35000610351562,20673
2026-06-11 13:20:00-04:00,148.32000732421875,148.3300018310547,148.20010375976562,148.2899932861328,23719
2026-06-11 13:25:00-04:00,148.25999450683594,148.52999877929688,148.19500732421875,148.52999877929688,114276
2026-06-11 13:30:00-04:00,148.52000427246094,148.7050018310547,148.4149932861328,148.6699981689453,89379
2026-06-11 13:35:00-04:00,148.66000366210938,149.0399932861328,148.65499877929688,149.02999877929688,53639
2026-06-11 13:40:00-04:00,149.05999755859375,149.44000244140625,149.05999755859375,149.33999633789062,85184
2026-06-11 13:45:00-04:00,149.3699951171875,149.4600067138672,149.22000122070312,149.4290008544922,75426
2026-06-11 13:50:00-04:00,149.42999267578125,149.49000549316406,149.16000366210938,149.22500610351562,186544
2026-06-11 13:55:00-04:00,149.23208618164062,149.27000427246094,149.0500030517578,149.05999755859375,47218
2026-06-11 14:00:00-04:00,149.05999755859375,149.0800018310547,148.77999877929688,149.0800018310547,53478
2026-06-11 14:05:00-04:00,149.0500030517578,149.16000366210938,148.97000122070312,149.03500366210938,37092
2026-06-11 14:10:00-04:00,149.02499389648438,149.05499267578125,148.9499969482422,148.9499969482422,21267
2026-06-11 14:15:00-04:00,148.94000244140625,149.16000366210938,148.94000244140625,149.1300048828125,46419
2026-06-11 14:20:00-04:00,149.11000061035156,149.15249633789062,149.03289794921875,149.0749969482422,54905
2026-06-11 14:25:00-04:00,149.05999755859375,149.1300048828125,148.97999572753906,148.99000549316406,43381
2026-06-11 14:30:00-04:00,148.98500061035156,149.05999755859375,148.9158935546875,149.0050048828125,33119
2026-06-11 14:35:00-04:00,149.01499938964844,149.0800018310547,148.99000549316406,149.02000427246094,24971
2026-06-11 14:40:00-04:00,149.02000427246094,149.2100067138672,148.9600067138672,149.2050018310547,63919
2026-06-11 14:45:00-04:00,149.2299041748047,149.36990356445312,149.21499633789062,149.2926025390625,28384
2026-06-11 14:50:00-04:00,149.30499267578125,149.36000061035156,149.11000061035156,149.1300048828125,63220
2026-06-11 14:55:00-04:00,149.14999389648438,149.1999969482422,149.10000610351562,149.14999389648438,25751
2026-06-11 15:00:00-04:00,149.15499877929688,149.24989318847656,149.125,149.24000549316406,51587
2026-06-11 15:05:00-04:00,149.22999572753906,149.30999755859375,149.08009338378906,149.1501007080078,43227
2026-06-11 15:10:00-04:00,149.1649932861328,149.375,149.0449981689453,149.375,135228
2026-06-11 15:15:00-04:00,149.375,149.38999938964844,149.22000122070312,149.3000030517578,48746
2026-06-11 15:20:00-04:00,149.3000030517578,149.3762969970703,149.25,149.30999755859375,45666
2026-06-11 15:25:00-04:00,149.3000030517578,149.32000732421875,149.16000366210938,149.22000122070312,55263
2026-06-11 15:30:00-04:00,149.22999572753906,149.38999938964844,149.2100067138672,149.22999572753906,94456
2026-06-11 15:35:00-04:00,149.2100067138672,149.47000122070312,149.17999267578125,149.38999938964844,118691
2026-06-11 15:40:00-04:00,149.38999938964844,149.38999938964844,149.22500610351562,149.32000732421875,73089
2026-06-11 15:45:00-04:00,149.2899932861328,149.3000030517578,149.08999633789062,149.22999572753906,101529
2026-06-11 15:50:00-04:00,149.22999572753906,149.22999572753906,148.6699981689453,148.6999969482422,153062
2026-06-11 15:55:00-04:00,148.6699981689453,148.6699981689453,148.1649932861328,148.32000732421875,517467
2026-06-12 09:30:00-04:00,149.3800048828125,150.1999969482422,149.22999572753906,149.64999389648438,306422
2026-06-12 09:35:00-04:00,149.64500427246094,150.17999267578125,149.21319580078125,149.91000366210938,90686
2026-06-12 09:40:00-04:00,149.82000732421875,150.0198974609375,149.52000427246094,149.63999938964844,70762
2026-06-12 09:45:00-04:00,149.6074981689453,149.67999267578125,149.13999938964844,149.25,38473
2026-06-12 09:50:00-04:00,149.25750732421875,149.43499755859375,149.08999633789062,149.22000122070312,35369
2026-06-12 09:55:00-04:00,149.1699981689453,149.19500732421875,148.86000061035156,148.9149932861328,36329
2026-06-12 10:00:00-04:00,148.92999267578125,148.9980926513672,148.60000610351562,148.7949981689453,49528
2026-06-12 10:05:00-04:00,148.85000610351562,148.97000122070312,148.70460510253906,148.74000549316406,34129
2026-06-12 10:10:00-04:00,148.8000030517578,148.88999938964844,148.5800018310547,148.63999938964844,37981
2026-06-12 10:15:00-04:00,148.66000366210938,148.7989959716797,148.5449981689453,148.60000610351562,44272
2026-06-12 10:20:00-04:00,148.5500030517578,148.8000030517578,148.3000030517578,148.75,37997
2026-06-12 10:25:00-04:00,148.74000549316406,148.77000427246094,148.5399932861328,148.7100067138672,27644
2026-06-12 10:30:00-04:00,148.67999267578125,148.77999877929688,148.5500030517578,148.75999450683594,42817
2026-06-12 10:35:00-04:00,148.6999969482422,148.77000427246094,148.49009704589844,148.75,40138
2026-06-12 10:40:00-04:00,148.7550048828125,148.86000061035156,148.61000061035156,148.66000366210938,55684
2026-06-12 10:45:00-04:00,148.69000244140625,148.9499969482422,148.63499450683594,148.85000610351562,32489
2026-06-12 10:50:00-04:00,148.80999755859375,149.40499877929688,148.77000427246094,149.40499877929688,42131
2026-06-12 10:55:00-04:00,149.44000244140625,149.6300048828125,149.22349548339844,149.6300048828125,59475
2026-06-12 11:00:00-04:00,149.63499450683594,149.72999572753906,149.49000549316406,149.49000549316406,31651
2026-06-12 11:05:00-04:00,149.51499938964844,149.57989501953125,149.375,149.375,45643
2026-06-12 11:10:00-04:00,149.33999633789062,149.52999877929688,149.2899932861328,149.35000610351562,42021
2026-06-12 11:15:00-04:00,149.34500122070312,149.375,149.1999969482422,149.32000732421875,34352
2026-06-12 11:20:00-04:00,149.3300018310547,149.41000366210938,149.25,149.36000061035156,30194
2026-06-12 11:25:00-04:00,149.3300018310547,149.47999572753906,149.25,149.43499755859375,938854
2026-06-12 11:30:00-04:00,149.4600067138672,149.5800018310547,149.40899658203125,149.44000244140625,86583
2026-06-12 11:35:00-04:00,149.41000366210938,149.6649932861328,149.41000366210938,149.5399932861328,58471
2026-06-12 11:40:00-04:00,149.5449981689453,149.75,149.44500732421875,149.75,28780
2026-06-12 11:45:00-04:00,149.7100067138672,149.82000732421875,149.64999389648438,149.7550048828125,36047
2026-06-12 11:50:00-04:00,149.72999572753906,149.75999450683594,149.5800018310547,149.63999938964844,23079
2026-06-12 11:55:00-04:00,149.6649932861328,149.8300018310547,149.60000610351562,149.75,42861
2026-06-12 12:00:00-04:00,149.77999877929688,149.80130004882812,149.6699981689453,149.8000030517578,32595
2026-06-12 12:05:00-04:00,149.7899932861328,149.8300018310547,149.60000610351562,149.65499877929688,35540
2026-06-12 12:10:00-04:00,149.67999267578125,149.72000122070312,149.43899536132812,149.51499938964844,43977
2026-06-12 12:15:00-04:00,149.52000427246094,149.61990356445312,149.3603973388672,149.3603973388672,22698
2026-06-12 12:20:00-04:00,149.38999938964844,149.4499969482422,149.30499267578125,149.3800048828125,34886
2026-06-12 12:25:00-04:00,149.3800048828125,149.4199981689453,149.30999755859375,149.3300018310547,21728
2026-06-12 12:30:00-04:00,149.33999633789062,149.38999938964844,149.27999877929688,149.2899932861328,23149
2026-06-12 12:35:00-04:00,149.24000549316406,149.31500244140625,149.13999938964844,149.25999450683594,35923
2026-06-12 12:40:00-04:00,149.27000427246094,149.35000610351562,149.05999755859375,149.1199951171875,21103
2026-06-12 12:45:00-04:00,149.1199951171875,149.38999938964844,149.11900329589844,149.38499450683594,23620
2026-06-12 12:50:00-04:00,149.3699951171875,149.3699951171875,149.14999389648438,149.26499938964844,19202
2026-06-12 12:55:00-04:00,149.26499938964844,149.27000427246094,149.05999755859375,149.14999389648438,68125
2026-06-12 13:00:00-04:00,149.14999389648438,149.36500549316406,149.14999389648438,149.30499267578125,47222
2026-06-12 13:05:00-04:00,149.27999877929688,149.3697052001953,149.1999969482422,149.23500061035156,25147
2026-06-12 13:10:00-04:00,149.22000122070312,149.32000732421875,149.17999267578125,149.30999755859375,27006
2026-06-12 13:15:00-04:00,149.24000549316406,149.4199981689453,149.2100067138672,149.39999389648438,20914
2026-06-12 13:20:00-04:00,149.4290008544922,149.47999572753906,149.38999938964844,149.4600067138672,33650
2026-06-12 13:25:00-04:00,149.47000122070312,149.47999572753906,149.3699951171875,149.40419006347656,22270
2026-06-12 13:30:00-04:00,149.42999267578125,149.46499633789062,149.32000732421875,149.39999389648438,24860
2026-06-12 13:35:00-04:00,149.4199981689453,149.4600067138672,149.32009887695312,149.4199981689453,17634
2026-06-12 13:40:00-04:00,149.42080688476562,149.52499389648438,149.3699951171875,149.50999450683594,27696
2026-06-12 13:45:00-04:00,149.50999450683594,149.57330322265625,149.46499633789062,149.52000427246094,21831
2026-06-12 13:50:00-04:00,149.50999450683594,149.5399932861328,149.47000122070312,149.5399932861328,22684
2026-06-12 13:55:00-04:00,149.52499389648438,149.5399932861328,149.3800048828125,149.39999389648438,17453
2026-06-12 14:00:00-04:00,149.42999267578125,149.51499938964844,149.39999389648438,149.50999450683594,38300
2026-06-12 14:05:00-04:00,149.50999450683594,149.5850067138672,149.4199981689453,149.44500732421875,23728
2026-06-12 14:10:00-04:00,149.44500732421875,149.61000061035156,149.44500732421875,149.55999755859375,25508
2026-06-12 14:15:00-04:00,149.54010009765625,149.6300048828125,149.52999877929688,149.55819702148438,19697
2026-06-12 14:20:00-04:00,149.55999755859375,149.7100067138672,149.5500030517578,149.6999969482422,33338
2026-06-12 14:25:00-04:00,149.69000244140625,149.6999969482422,149.60000610351562,149.6750030517578,95125
2026-06-12 14:30:00-04:00,149.67999267578125,149.7550048828125,149.60000610351562,149.6699981689453,62188
2026-06-12 14:35:00-04:00,149.63999938964844,149.67999267578125,149.56500244140625,149.64500427246094,52171
2026-06-12 14:40:00-04:00,149.63499450683594,149.69000244140625,149.61000061035156,149.64500427246094,94095
2026-06-12 14:45:00-04:00,149.62249755859375,149.7100067138672,149.60000610351562,149.625,109119
2026-06-12 14:50:00-04:00,149.6300048828125,149.68499755859375,149.5614013671875,149.68499755859375,33446
2026-06-12 14:55:00-04:00,149.7100067138672,149.75999450683594,149.57000732421875,149.57000732421875,38072
2026-06-12 15:00:00-04:00,149.593505859375,149.67999267578125,149.52999877929688,149.63499450683594,43893
2026-06-12 15:05:00-04:00,149.63499450683594,149.63499450683594,149.4604949951172,149.4604949951172,37562
2026-06-12 15:10:00-04:00,149.47000122070312,149.52999877929688,149.44000244140625,149.47000122070312,38327
2026-06-12 15:15:00-04:00,149.4600067138672,149.47999572753906,149.375,149.39999389648438,35495
2026-06-12 15:20:00-04:00,149.38999938964844,149.47500610351562,149.38999938964844,149.42999267578125,32722
2026-06-12 15:25:00-04:00,149.44000244140625,149.4600067138672,149.31500244140625,149.35000610351562,67709
2026-06-12 15:30:00-04:00,149.3249969482422,149.4149932861328,149.19000244140625,149.24000549316406,119611
2026-06-12 15:35:00-04:00,149.22999572753906,149.2899932861328,149.1302947998047,149.27000427246094,74261
2026-06-12 15:40:00-04:00,149.26499938964844,149.3000030517578,149.0399932861328,149.1199951171875,62985
2026-06-12 15:45:00-04:00,149.10000610351562,149.35000610351562,149.10000610351562,149.27000427246094,114871
2026-06-12 15:50:00-04:00,149.27999877929688,149.5800018310547,149.2100067138672,149.4499969482422,194839
2026-06-12 15:55:00-04:00,149.4499969482422,149.625,149.14500427246094,149.5800018310547,420518
2026-06-15 09:30:00-04:00,148.75999450683594,150.8000030517578,148.75999450683594,150.75999450683594,391053
2026-06-15 09:35:00-04:00,150.75999450683594,151.5,150.57000732421875,151.39999389648438,203652
2026-06-15 09:40:00-04:00,151.37777709960938,151.38499450683594,149.85000610351562,150.0800018310547,138368
2026-06-15 09:45:00-04:00,150.13999938964844,150.58999633789062,150.0500030517578,150.42999267578125,97090
2026-06-15 09:50:00-04:00,150.4199981689453,150.4199981689453,149.88999938964844,149.9803924560547,69653
2026-06-15 09:55:00-04:00,149.97000122070312,150.1999969482422,149.72999572753906,150.10000610351562,71965
2026-06-15 10:00:00-04:00,150.125,150.1300048828125,149.6199951171875,149.75,83084
2026-06-15 10:05:00-04:00,149.75999450683594,149.94000244140625,149.55999755859375,149.77999877929688,47931
2026-06-15 10:10:00-04:00,149.77999877929688,149.91000366210938,149.7050018310547,149.8000030517578,71124
2026-06-15 10:15:00-04:00,149.81500244140625,150.10000610351562,149.8000030517578,149.9199981689453,78404
2026-06-15 10:20:00-04:00,149.89999389648438,150.0500030517578,149.85000610351562,149.85499572753906,56340
2026-06-15 10:25:00-04:00,149.84500122070312,150.11000061035156,149.84500122070312,149.97000122070312,93882
2026-06-15 10:30:00-04:00,149.95657348632812,150.1699981689453,149.8800048828125,150.0749969482422,62574
2026-06-15 10:35:00-04:00,150.05999755859375,150.08999633789062,149.8800048828125,149.9949951171875,38045
2026-06-15 10:40:00-04:00,150.02420043945312,150.19000244140625,149.91000366210938,150.19000244140625,84682
2026-06-15 10:45:00-04:00,150.2050018310547,150.28500366210938,149.99000549316406,150.0,48519
2026-06-15 10:50:00-04:00,150.0,150.0050048828125,149.69000244140625,149.77999877929688,49939
2026-06-15 10:55:00-04:00,149.78500366210938,149.7899932861328,149.55499267578125,149.6584930419922,66562
2026-06-15 11:00:00-04:00,149.6649932861328,149.77499389648438,149.5500030517578,149.6999969482422,55912
2026-06-15 11:05:00-04:00,149.69500732421875,149.72000122070312,149.47999572753906,149.52999877929688,39087
2026-06-15 11:10:00-04:00,149.52999877929688,149.61000061035156,149.44000244140625,149.5500030517578,50443
2026-06-15 11:15:00-04:00,149.55499267578125,149.6999969482422,149.52000427246094,149.625,33244
2026-06-15 11:20:00-04:00,149.625,149.83999633789062,149.61000061035156,149.64500427246094,47424
2026-06-15 11:25:00-04:00,149.64500427246094,149.77000427246094,149.5800018310547,149.75999450683594,27910
2026-06-15 11:30:00-04:00,149.7550048828125,149.77000427246094,149.5800018310547,149.7550048828125,63981
2026-06-15 11:35:00-04:00,149.7899932861328,149.86000061035156,149.6699981689453,149.74000549316406,37882
2026-06-15 11:40:00-04:00,149.73500061035156,149.7375030517578,149.49000549316406,149.68499755859375,76828
2026-06-15 11:45:00-04:00,149.68499755859375,149.77999877929688,149.58999633789062,149.69000244140625,36280
2026-06-15 11:50:00-04:00,149.6999969482422,149.72999572753906,149.64999389648438,149.72000122070312,28547
2026-06-15 11:55:00-04:00,149.72999572753906,149.77499389648438,149.67999267578125,149.77000427246094,42820
2026-06-15 12:00:00-04:00,149.77000427246094,149.8699951171875,149.72500610351562,149.86000061035156,44495
2026-06-15 12:05:00-04:00,149.85499572753906,149.99000549316406,149.85499572753906,149.97500610351562,39305
2026-06-15 12:10:00-04:00,149.97500610351562,150.1999969482422,149.97500610351562,150.13999938964844,39161
2026-06-15 12:15:00-04:00,150.16000366210938,150.1699981689453,150.05999755859375,150.1649932861328,50133
2026-06-15 12:20:00-04:00,150.1699981689453,150.1699981689453,150.02999877929688,150.0399932861328,35998
2026-06-15 12:25:00-04:00,150.0399932861328,150.31900024414062,149.94000244140625,150.31900024414062,88652
2026-06-15 12:30:00-04:00,150.32000732421875,150.7899932861328,150.30999755859375,150.77000427246094,154616
2026-06-15 12:35:00-04:00,150.75999450683594,150.91000366210938,150.69500732421875,150.78500366210938,55517
2026-06-15 12:40:00-04:00,150.77999877929688,150.91000366210938,150.64100646972656,150.64100646972656,43714
2026-06-15 12:45:00-04:00,150.69000244140625,150.8800048828125,150.66929626464844,150.8300018310547,40989
2026-06-15 12:50:00-04:00,150.80499267578125,150.88999938964844,150.77999877929688,150.8800048828125,40332
2026-06-15 12:55:00-04:00,150.8800048828125,151.02999877929688,150.8300018310547,151.0,49311
2026-06-15 13:00:00-04:00,150.99899291992188,151.00999450683594,150.8000030517578,150.9199981689453,42541
2026-06-15 13:05:00-04:00,150.91000366210938,151.02999877929688,150.875,150.97999572753906,48327
2026-06-15 13:10:00-04:00,150.97000122070312,151.00999450683594,150.86000061035156,150.90499877929688,46273
2026-06-15 13:15:00-04:00,150.90499877929688,151.10000610351562,150.87010192871094,151.0800018310547,44376
2026-06-15 13:20:00-04:00,151.0800018310547,151.13999938964844,151.0399932861328,151.1199951171875,55719
2026-06-15 13:25:00-04:00,151.1300048828125,151.16000366210938,150.86000061035156,150.8800048828125,77728
2026-06-15 13:30:00-04:00,150.8800048828125,150.9199981689453,150.8000946044922,150.88499450683594,64549
2026-06-15 13:35:00-04:00,150.88499450683594,151.0,150.84500122070312,150.98500061035156,1029398
2026-06-15 13:40:00-04:00,150.98500061035156,150.98500061035156,150.8800048828125,150.9199981689453,32516
2026-06-15 13:45:00-04:00,150.90499877929688,150.9600067138672,150.82269287109375,150.92999267578125,38311
2026-06-15 13:50:00-04:00,150.89999389648438,150.9199981689453,150.84500122070312,150.85000610351562,38588
2026-06-15 13:55:00-04:00,150.84500122070312,150.84500122070312,150.63999938964844,150.77000427246094,75610
2026-06-15 14:00:00-04:00,150.82000732421875,151.05999755859375,150.82000732421875,151.05999755859375,108836
2026-06-15 14:05:00-04:00,151.08999633789062,151.2100067138672,151.0749969482422,151.1300048828125,43664
2026-06-15 14:10:00-04:00,151.1199951171875,151.13999938964844,150.88999938964844,150.90499877929688,45704
2026-06-15 14:15:00-04:00,150.90499877929688,150.92999267578125,150.66000366210938,150.72999572753906,75802
2026-06-15 14:20:00-04:00,150.74899291992188,150.7949981689453,150.69500732421875,150.7550048828125,76508
2026-06-15 14:25:00-04:00,150.7550048828125,150.77000427246094,150.66000366210938,150.66000366210938,32681
2026-06-15 14:30:00-04:00,150.69000244140625,150.69000244140625,150.51060485839844,150.6699981689453,37678
2026-06-15 14:35:00-04:00,150.68499755859375,150.8300018310547,150.60000610351562,150.75999450683594,41017
2026-06-15 14:40:00-04:00,150.75999450683594,150.78500366210938,150.66000366210938,150.6999969482422,73624
2026-06-15 14:45:00-04:00,150.72000122070312,150.75999450683594,150.63999938964844,150.65499877929688,41530
2026-06-15 14:50:00-04:00,150.66000366210938,150.67999267578125,150.61000061035156,150.63499450683594,34147
2026-06-15 14:55:00-04:00,150.6199951171875,150.64999389648438,150.5800018310547,150.63499450683594,36252
2026-06-15 15:00:00-04:00,150.64999389648438,150.7100067138672,150.57000732421875,150.69000244140625,39556
2026-06-15 15:05:00-04:00,150.67010498046875,150.6999969482422,150.60000610351562,150.66000366210938,43644
2026-06-15 15:10:00-04:00,150.6699981689453,150.7100067138672,150.60000610351562,150.7100067138672,47954
2026-06-15 15:15:00-04:00,150.72000122070312,150.77999877929688,150.6699981689453,150.67999267578125,53234
2026-06-15 15:20:00-04:00,150.67999267578125,150.7689971923828,150.6649932861328,150.69000244140625,52384
2026-06-15 15:25:00-04:00,150.67999267578125,150.73500061035156,150.5800018310547,150.58999633789062,69937
2026-06-15 15:30:00-04:00,150.60000610351562,150.60000610351562,150.2449951171875,150.3000030517578,100098
2026-06-15 15:35:00-04:00,150.30999755859375,150.35499572753906,150.2100067138672,150.28500366210938,72855
2026-06-15 15:40:00-04:00,150.28500366210938,150.32000732421875,150.11000061035156,150.1649932861328,129709
2026-06-15 15:45:00-04:00,150.14999389648438,150.38999938964844,150.0399932861328,150.35499572753906,147112
2026-06-15 15:50:00-04:00,150.3699951171875,150.4600067138672,150.25999450683594,150.4600067138672,191965
2026-06-15 15:55:00-04:00,150.4600067138672,150.52000427246094,150.22999572753906,150.49000549316406,625801
2026-06-16 09:30:00-04:00,151.50999450683594,152.60499572753906,151.11500549316406,152.49000549316406,410727
2026-06-16 09:35:00-04:00,152.50999450683594,152.7050018310547,151.9600067138672,152.1199951171875,136848
2026-06-16 09:40:00-04:00,152.1982421875,152.1982421875,151.5399932861328,151.6009063720703,69937
2026-06-16 09:45:00-04:00,151.61000061035156,151.66000366210938,150.7899932861328,150.86000061035156,96338
2026-06-16 09:50:00-04:00,150.802001953125,150.85989379882812,150.5500030517578,150.80499267578125,145811
2026-06-16 09:55:00-04:00,150.77999877929688,150.9199981689453,150.5500030517578,150.86000061035156,87586
2026-06-16 10:00:00-04:00,150.83999633789062,151.77499389648438,150.82000732421875,151.73500061035156,88149
2026-06-16 10:05:00-04:00,151.72999572753906,152.11000061035156,151.6649932861328,152.00999450683594,70575
2026-06-16 10:10:00-04:00,151.9949951171875,152.17999267578125,151.77000427246094,152.0,100602
2026-06-16 10:15:00-04:00,152.00999450683594,152.43499755859375,151.9499969482422,152.4199981689453,135033
2026-06-16 10:20:00-04:00,152.42999267578125,152.55999755859375,152.1300048828125,152.49000549316406,183117
2026-06-16 10:25:00-04:00,152.50259399414062,152.64999389648438,152.32000732421875,152.55999755859375,54070
2026-06-16 10:30:00-04:00,152.55999755859375,153.02000427246094,152.5500030517578,152.7899932861328,105213
2026-06-16 10:35:00-04:00,152.77999877929688,152.77999877929688,152.2550048828125,152.27499389648438,60796
2026-06-16 10:40:00-04:00,152.25,152.33999633789062,152.0399932861328,152.0399932861328,64159
2026-06-16 10:45:00-04:00,152.02499389648438,152.1300048828125,151.97000122070312,152.02000427246094,101542
2026-06-16 10:50:00-04:00,152.0050048828125,152.02000427246094,151.74000549316406,151.9600067138672,93225
2026-06-16 10:55:00-04:00,151.9600067138672,152.30999755859375,151.9600067138672,152.22000122070312,40492
2026-06-16 11:00:00-04:00,152.22000122070312,152.22000122070312,151.8350067138672,151.94000244140625,32584
2026-06-16 11:05:00-04:00,151.94000244140625,151.94000244140625,151.6649932861328,151.69000244140625,50364
2026-06-16 11:10:00-04:00,151.69000244140625,151.77000427246094,151.5399932861328,151.7050018310547,73812
2026-06-16 11:15:00-04:00,151.69000244140625,151.88999938964844,151.6750030517578,151.8800048828125,63116
2026-06-16 11:20:00-04:00,151.83999633789062,152.19000244140625,151.80999755859375,152.11000061035156,52503
2026-06-16 11:25:00-04:00,152.125,152.42999267578125,152.0500030517578,152.19000244140625,48602
2026-06-16 11:30:00-04:00,152.16000366210938,152.36000061035156,152.11000061035156,152.33999633789062,52101
2026-06-16 11:35:00-04:00,152.33999633789062,152.5449981689453,152.25,152.5399932861328,50864
2026-06-16 11:40:00-04:00,152.53500366210938,152.75,152.4600067138672,152.69000244140625,106457
2026-06-16 11:45:00-04:00,152.7136993408203,152.86000061035156,152.64999389648438,152.72999572753906,110951
2026-06-16 11:50:00-04:00,152.75,152.875,152.49000549316406,152.58999633789062,57485
2026-06-16 11:55:00-04:00,152.59500122070312,152.74000549316406,152.46499633789062,152.6999969482422,51202
2026-06-16 12:00:00-04:00,152.6999969482422,152.75,152.50999450683594,152.5399932861328,49832
2026-06-16 12:05:00-04:00,152.52999877929688,152.6300048828125,152.4600067138672,152.5,36269
2026-06-16 12:10:00-04:00,152.46499633789062,152.63999938964844,152.36000061035156,152.61000061035156,45920
2026-06-16 12:15:00-04:00,152.60499572753906,152.6999969482422,152.55999755859375,152.55999755859375,35356
2026-06-16 12:20:00-04:00,152.57000732421875,152.60000610351562,152.4499969482422,152.52999877929688,65574
2026-06-16 12:25:00-04:00,152.52999877929688,152.52999877929688,152.4149932861328,152.51499938964844,33847
2026-06-16 12:30:00-04:00,152.50999450683594,152.64999389648438,152.50999450683594,152.6199951171875,36330
2026-06-16 12:35:00-04:00,152.61000061035156,152.8300018310547,152.58999633789062,152.8000030517578,37720
2026-06-16 12:40:00-04:00,152.7899932861328,152.7899932861328,152.55499267578125,152.72000122070312,62531
2026-06-16 12:45:00-04:00,152.7050018310547,152.7050018310547,152.52000427246094,152.65499877929688,103469
2026-06-16 12:50:00-04:00,152.63999938964844,152.67999267578125,152.52499389648438,152.5800018310547,51413
2026-06-16 12:55:00-04:00,152.55999755859375,152.60000610351562,152.2899932861328,152.3300018310547,80377
2026-06-16 13:00:00-04:00,152.3300018310547,152.55999755859375,152.3300018310547,152.5,54780
2026-06-16 13:05:00-04:00,152.52000427246094,152.5699005126953,152.4250030517578,152.49000549316406,103223
2026-06-16 13:10:00-04:00,152.47000122070312,152.5500030517578,152.39999389648438,152.4199981689453,96004
2026-06-16 13:15:00-04:00,152.4250030517578,152.47000122070312,152.10000610351562,152.11000061035156,62250
2026-06-16 13:20:00-04:00,152.11000061035156,152.2899932861328,152.11000061035156,152.18499755859375,85358
2026-06-16 13:25:00-04:00,152.14999389648438,152.27000427246094,152.0749969482422,152.25999450683594,36392
2026-06-16 13:30:00-04:00,152.27000427246094,152.42990112304688,152.22999572753906,152.39500427246094,39962
2026-06-16 13:35:00-04:00,152.4199981689453,152.52999877929688,152.35499572753906,152.50999450683594,40024
2026-06-16 13:40:00-04:00,152.49000549316406,152.61000061035156,152.48500061035156,152.5800018310547,47426
2026-06-16 13:45:00-04:00,152.5800018310547,152.5800018310547,152.38999938964844,152.44500732421875,34329
2026-06-16 13:50:00-04:00,152.44500732421875,152.48500061035156,152.40499877929688,152.4156036376953,30195
2026-06-16 13:55:00-04:00,152.41000366210938,152.47999572753906,152.3800048828125,152.4250030517578,25996
2026-06-16 14:00:00-04:00,152.42999267578125,152.42999267578125,152.22500610351562,152.24000549316406,45794
2026-06-16 14:05:00-04:00,152.2550048828125,152.2550048828125,152.1300048828125,152.1300048828125,48242
2026-06-16 14:10:00-04:00,152.1300048828125,152.13999938964844,152.01499938964844,152.1199951171875,44838
2026-06-16 14:15:00-04:00,152.13999938964844,152.1699981689453,152.03700256347656,152.0800018310547,38399
2026-06-16 14:20:00-04:00,152.08999633789062,152.19000244140625,152.0399932861328,152.06089782714844,28817
2026-06-16 14:25:00-04:00,152.0500030517578,152.05999755859375,151.9499969482422,152.05499267578125,64442
2026-06-16 14:30:00-04:00,152.05499267578125,152.13999938964844,152.0,152.11000061035156,40021
2026-06-16 14:35:00-04:00,152.09500122070312,152.1300048828125,151.99220275878906,152.0,85229
2026-06-16 14:40:00-04:00,152.0,152.0,151.88999938964844,151.92999267578125,60160
2026-06-16 14:45:00-04:00,151.92999267578125,152.0399932861328,151.9149932861328,152.0,46596
2026-06-16 14:50:00-04:00,151.97999572753906,152.07000732421875,151.9499969482422,152.0399932861328,42724
2026-06-16 14:55:00-04:00,152.04299926757812,152.24400329589844,151.9949951171875,152.23500061035156,69755
2026-06-16 15:00:00-04:00,152.24000549316406,152.24000549316406,151.94000244140625,151.99000549316406,83135
2026-06-16 15:05:00-04:00,151.9801025390625,152.04010009765625,151.85000610351562,151.91000366210938,70347
2026-06-16 15:10:00-04:00,151.91000366210938,152.13999938964844,151.89999389648438,152.1199951171875,50864
2026-06-16 15:15:00-04:00,152.1300048828125,152.30999755859375,152.1300048828125,152.19000244140625,55950
2026-06-16 15:20:00-04:00,152.19000244140625,152.1999969482422,152.00999450683594,152.04469299316406,84242
2026-06-16 15:25:00-04:00,152.02999877929688,152.07009887695312,151.89999389648438,151.9600067138672,78749
2026-06-16 15:30:00-04:00,151.94000244140625,152.05999755859375,151.86000061035156,151.9550018310547,396844
2026-06-16 15:35:00-04:00,151.95010375976562,152.16000366210938,151.95010375976562,151.98500061035156,91333
2026-06-16 15:40:00-04:00,151.97000122070312,152.10000610351562,151.9199981689453,152.02999877929688,106263
2026-06-16 15:45:00-04:00,152.02999877929688,152.17999267578125,151.97999572753906,152.11000061035156,93058
2026-06-16 15:50:00-04:00,152.13999938964844,152.3800048828125,152.02999877929688,152.26499938964844,164530
2026-06-16 15:55:00-04:00,152.27000427246094,152.59500122070312,152.27000427246094,152.5500030517578,497799
2026-06-17 09:30:00-04:00,152.3800048828125,152.45159912109375,151.5449981689453,152.22999572753906,199912
2026-06-17 09:35:00-04:00,152.4199981689453,152.93499755859375,152.26499938964844,152.8000030517578,59100
2026-06-17 09:40:00-04:00,152.80625915527344,152.80625915527344,151.91000366210938,152.22999572753906,57800
2026-06-17 09:45:00-04:00,152.19000244140625,152.36000061035156,151.99000549316406,152.30999755859375,61225
2026-06-17 09:50:00-04:00,152.27999877929688,152.375,151.8300018310547,151.9447021484375,64246
2026-06-17 09:55:00-04:00,151.9550018310547,152.4199981689453,151.91000366210938,152.10000610351562,51843
2026-06-17 10:00:00-04:00,152.14999389648438,152.19000244140625,151.92999267578125,151.92999267578125,45506
2026-06-17 10:05:00-04:00,151.88999938964844,152.02999877929688,151.77000427246094,152.0,200959
2026-06-17 10:10:00-04:00,151.9600067138672,152.0,151.76400756835938,151.86500549316406,36411
2026-06-17 10:15:00-04:00,151.88999938964844,151.9199981689453,151.6199951171875,151.71499633789062,44813
2026-06-17 10:20:00-04:00,151.6999969482422,151.6999969482422,150.99000549316406,151.05999755859375,54644
2026-06-17 10:25:00-04:00,151.05389404296875,151.41000366210938,151.05389404296875,151.40499877929688,45971
2026-06-17 10:30:00-04:00,151.44000244140625,151.8000030517578,151.4199981689453,151.77000427246094,40419
2026-06-17 10:35:00-04:00,151.75,152.1999969482422,151.72500610351562,152.1750030517578,51651
2026-06-17 10:40:00-04:00,152.1999969482422,152.5399932861328,152.1999969482422,152.2899932861328,44122
2026-06-17 10:45:00-04:00,152.25999450683594,152.47999572753906,152.2100067138672,152.4250030517578,49646
2026-06-17 10:50:00-04:00,152.4250030517578,152.4250030517578,152.17999267578125,152.17999267578125,28278
2026-06-17 10:55:00-04:00,152.2100067138672,152.25,151.97999572753906,152.10000610351562,52369
2026-06-17 11:00:00-04:00,152.10000610351562,152.1999969482422,151.94000244140625,152.1649932861328,54272
2026-06-17 11:05:00-04:00,152.1649932861328,152.2949981689453,152.07000732421875,152.0800018310547,103317
2026-06-17 11:10:00-04:00,152.05999755859375,152.08999633789062,151.8699951171875,151.9250030517578,43506
2026-06-17 11:15:00-04:00,151.91000366210938,152.1199951171875,151.88999938964844,152.0800018310547,57521
2026-06-17 11:20:00-04:00,152.0800018310547,152.10499572753906,151.89999389648438,152.05499267578125,39317
2026-06-17 11:25:00-04:00,152.05999755859375,152.1999969482422,152.02999877929688,152.1999969482422,47799
2026-06-17 11:30:00-04:00,152.1999969482422,152.2899932861328,152.13999938964844,152.27499389648438,38757
2026-06-17 11:35:00-04:00,152.27499389648438,152.3000030517578,152.13409423828125,152.27000427246094,49517
2026-06-17 11:40:00-04:00,152.27999877929688,152.2899932861328,152.16000366210938,152.21499633789062,31017
2026-06-17 11:45:00-04:00,152.21499633789062,152.2899932861328,152.14999389648438,152.24000549316406,37178
2026-06-17 11:50:00-04:00,152.2449951171875,152.44500732421875,152.2449951171875,152.32000732421875,48251
2026-06-17 11:55:00-04:00,152.33999633789062,152.3699951171875,152.2550048828125,152.2899932861328,32678
2026-06-17 12:00:00-04:00,152.25999450683594,152.28500366210938,152.1699981689453,152.17999267578125,33930
2026-06-17 12:05:00-04:00,152.17999267578125,152.25999450683594,152.0800018310547,152.0800018310547,113744
2026-06-17 12:10:00-04:00,151.97999572753906,152.04989624023438,151.89999389648438,152.02499389648438,38247
2026-06-17 12:15:00-04:00,152.02000427246094,152.19000244140625,151.97999572753906,152.1199951171875,58450
2026-06-17 12:20:00-04:00,152.11500549316406,152.11500549316406,151.84010314941406,151.94000244140625,85117
2026-06-17 12:25:00-04:00,151.94000244140625,151.9600067138672,151.6999969482422,151.75,23008
2026-06-17 12:30:00-04:00,151.7449951171875,151.77999877929688,151.6199951171875,151.75,19863
2026-06-17 12:35:00-04:00,151.77999877929688,151.7899932861328,151.55999755859375,151.6199951171875,22346
2026-06-17 12:40:00-04:00,151.60499572753906,151.6699981689453,151.52000427246094,151.5800018310547,23159
2026-06-17 12:45:00-04:00,151.5399932861328,151.64500427246094,151.5303955078125,151.5399932861328,25060
2026-06-17 12:50:00-04:00,151.53500366210938,151.5850067138672,151.485595703125,151.50999450683594,20221
2026-06-17 12:55:00-04:00,151.50999450683594,151.5800018310547,151.49000549316406,151.52000427246094,23807
2026-06-17 13:00:00-04:00,151.50999450683594,151.63999938964844,151.32000732421875,151.32000732421875,41145
2026-06-17 13:05:00-04:00,151.3300018310547,151.52999877929688,151.3300018310547,151.44000244140625,61539
2026-06-17 13:10:00-04:00,151.44000244140625,151.59500122070312,151.4199981689453,151.5789031982422,25347
2026-06-17 13:15:00-04:00,151.59500122070312,151.66000366210938,151.5399932861328,151.5850067138672,23445
2026-06-17 13:20:00-04:00,151.57000732421875,151.57000732421875,151.35000610351562,151.3800048828125,27043
2026-06-17 13:25:00-04:00,151.3800048828125,151.4199981689453,151.3000030517578,151.36000061035156,30390
2026-06-17 13:30:00-04:00,151.35000610351562,151.41000366210938,151.27000427246094,151.38499450683594,32904
2026-06-17 13:35:00-04:00,151.38999938964844,151.42999267578125,151.3000030517578,151.3300018310547,43263
2026-06-17 13:40:00-04:00,151.3300018310547,151.3800048828125,151.26499938964844,151.30999755859375,40837
2026-06-17 13:45:00-04:00,151.31959533691406,151.4199981689453,151.29150390625,151.39999389648438,35724
2026-06-17 13:50:00-04:00,151.41000366210938,151.52000427246094,151.38999938964844,151.4499969482422,49967
2026-06-17 13:55:00-04:00,151.4499969482422,151.57000732421875,151.38999938964844,151.5500030517578,35327
2026-06-17 14:00:00-04:00,151.5399932861328,151.5399932861328,151.0749969482422,151.1199951171875,169435
2026-06-17 14:05:00-04:00,151.10000610351562,151.19500732421875,150.9550018310547,150.97999572753906,83837
2026-06-17 14:10:00-04:00,150.97999572753906,151.00999450683594,150.80999755859375,150.94000244140625,107619
2026-06-17 14:15:00-04:00,150.91000366210938,151.47999572753906,150.82000732421875,151.35000610351562,80865
2026-06-17 14:20:00-04:00,151.33999633789062,151.38999938964844,151.1999969482422,151.25999450683594,49193
2026-06-17 14:25:00-04:00,151.25,151.28500366210938,150.94000244140625,150.9600067138672,88958
2026-06-17 14:30:00-04:00,150.94000244140625,151.03250122070312,150.7050018310547,150.7050018310547,114328
2026-06-17 14:35:00-04:00,150.72999572753906,151.14500427246094,150.69000244140625,151.05999755859375,94679
2026-06-17 14:40:00-04:00,151.07000732421875,151.0800018310547,150.74009704589844,150.89999389648438,66589
2026-06-17 14:45:00-04:00,150.8800048828125,150.8800048828125,150.59500122070312,150.6300048828125,64260
2026-06-17 14:50:00-04:00,150.63999938964844,150.76499938964844,150.58999633789062,150.74000549316406,55928
2026-06-17 14:55:00-04:00,150.72999572753906,150.72999572753906,150.52000427246094,150.55999755859375,64002
2026-06-17 15:00:00-04:00,150.55999755859375,150.57000732421875,150.4600067138672,150.52000427246094,73531
2026-06-17 15:05:00-04:00,150.52999877929688,150.5500030517578,150.40150451660156,150.42999267578125,49965
2026-06-17 15:10:00-04:00,150.4199981689453,150.60499572753906,150.3800048828125,150.47500610351562,62881
2026-06-17 15:15:00-04:00,150.47000122070312,150.64500427246094,150.43499755859375,150.43499755859375,77565
2026-06-17 15:20:00-04:00,150.42999267578125,150.42999267578125,150.22000122070312,150.27000427246094,76195
2026-06-17 15:25:00-04:00,150.27999877929688,150.4199981689453,150.2100067138672,150.30499267578125,69690
2026-06-17 15:30:00-04:00,150.30999755859375,150.30999755859375,149.95089721679688,150.19000244140625,96221
2026-06-17 15:35:00-04:00,150.19000244140625,150.3000030517578,150.0800018310547,150.3000030517578,93210
2026-06-17 15:40:00-04:00,150.3000030517578,150.35000610351562,150.02000427246094,150.1699981689453,170294
2026-06-17 15:45:00-04:00,150.16000366210938,150.25,149.85000610351562,149.85000610351562,138429
2026-06-17 15:50:00-04:00,149.86000061035156,150.3300018310547,149.77000427246094,150.21499633789062,211913
2026-06-17 15:55:00-04:00,150.21499633789062,150.64999389648438,150.13999938964844,150.60000610351562,478865
2026-06-18 09:30:00-04:00,150.8699951171875,151.5800018310547,150.47500610351562,151.5399932861328,2272503
2026-06-18 09:35:00-04:00,151.5399932861328,151.8800048828125,150.99000549316406,151.68499755859375,192132
2026-06-18 09:40:00-04:00,151.63638305664062,151.94000244140625,151.52000427246094,151.77000427246094,107361
2026-06-18 09:45:00-04:00,151.8000030517578,151.8000030517578,150.75999450683594,151.3000030517578,106347
2026-06-18 09:50:00-04:00,151.27999877929688,151.7899932861328,151.16000366210938,151.7550048828125,117275
2026-06-18 09:55:00-04:00,151.72000122070312,152.13999938964844,151.72000122070312,151.85000610351562,92893
2026-06-18 10:00:00-04:00,151.8300018310547,151.92999267578125,151.35000610351562,151.5500030517578,80490
2026-06-18 10:05:00-04:00,151.55999755859375,151.63499450683594,151.28500366210938,151.52000427246094,86789
2026-06-18 10:10:00-04:00,151.55999755859375,151.80999755859375,151.39999389648438,151.80499267578125,63095
2026-06-18 10:15:00-04:00,151.77999877929688,151.8800048828125,151.7100067138672,151.75010681152344,46421
2026-06-18 10:20:00-04:00,151.78500366210938,151.85000610351562,151.6199951171875,151.63999938964844,49065
2026-06-18 10:25:00-04:00,151.6300048828125,151.9499969482422,151.57000732421875,151.90499877929688,57838
2026-06-18 10:30:00-04:00,151.89999389648438,152.27000427246094,151.74000549316406,152.22999572753906,59611
2026-06-18 10:35:00-04:00,152.22000122070312,152.2899932861328,151.66000366210938,151.66000366210938,68030
2026-06-18 10:40:00-04:00,151.63499450683594,152.14990234375,151.63499450683594,152.14990234375,176048
2026-06-18 10:45:00-04:00,152.1300048828125,152.16000366210938,151.75,151.7899932861328,46530
2026-06-18 10:50:00-04:00,151.80499267578125,151.89500427246094,151.4499969482422,151.58999633789062,74576
2026-06-18 10:55:00-04:00,151.5800018310547,151.61000061035156,151.2899932861328,151.38999938964844,43064
2026-06-18 11:00:00-04:00,151.4199981689453,151.42999267578125,151.14500427246094,151.30999755859375,95604
2026-06-18 11:05:00-04:00,151.3000030517578,151.44000244140625,151.2050018310547,151.3699951171875,40554
2026-06-18 11:10:00-04:00,151.3800048828125,151.58999633789062,151.3699951171875,151.4499969482422,205162
2026-06-18 11:15:00-04:00,151.41000366210938,151.4499969482422,151.19000244140625,151.1999969482422,35902
2026-06-18 11:20:00-04:00,151.2100067138672,151.36500549316406,151.2100067138672,151.22500610351562,46333
2026-06-18 11:25:00-04:00,151.22999572753906,151.25,151.03399658203125,151.11749267578125,50169
2026-06-18 11:30:00-04:00,151.08999633789062,151.08999633789062,150.75999450683594,150.94000244140625,56173
2026-06-18 11:35:00-04:00,150.94000244140625,151.42999267578125,150.92999267578125,151.4199981689453,61627
2026-06-18 11:40:00-04:00,151.40499877929688,151.55909729003906,151.33999633789062,151.52000427246094,52920
2026-06-18 11:45:00-04:00,151.5050048828125,151.6699981689453,151.47000122070312,151.6300048828125,39569
2026-06-18 11:50:00-04:00,151.64500427246094,151.6699981689453,151.32000732421875,151.32000732421875,89546
2026-06-18 11:55:00-04:00,151.32000732421875,151.32000732421875,151.13999938964844,151.16000366210938,39618
2026-06-18 12:00:00-04:00,151.1300048828125,151.3000030517578,151.05999755859375,151.2050018310547,80598
2026-06-18 12:05:00-04:00,151.17999267578125,151.3000030517578,151.1300048828125,151.2100067138672,51584
2026-06-18 12:10:00-04:00,151.22000122070312,151.4250030517578,151.22000122070312,151.4199981689453,81037
2026-06-18 12:15:00-04:00,151.39999389648438,151.52000427246094,151.2949981689453,151.30999755859375,47048
2026-06-18 12:20:00-04:00,151.3300018310547,151.38999938964844,151.27499389648438,151.3800048828125,56795
2026-06-18 12:25:00-04:00,151.39500427246094,151.4499969482422,151.3300018310547,151.43499755859375,34213
2026-06-18 12:30:00-04:00,151.4600067138672,151.53990173339844,151.4250030517578,151.44000244140625,33372
2026-06-18 12:35:00-04:00,151.44500732421875,151.61000061035156,151.42999267578125,151.55999755859375,28264
2026-06-18 12:40:00-04:00,151.55999755859375,151.60000610351562,151.50729370117188,151.58999633789062,23794
2026-06-18 12:45:00-04:00,151.5800018310547,151.66000366210938,151.52999877929688,151.60000610351562,26077
2026-06-18 12:50:00-04:00,151.59500122070312,151.6199951171875,151.48500061035156,151.5500030517578,24699
2026-06-18 12:55:00-04:00,151.5500030517578,151.61000061035156,151.41000366210938,151.49000549316406,53470
2026-06-18 13:00:00-04:00,151.49000549316406,151.65499877929688,151.44129943847656,151.61000061035156,35220
2026-06-18 13:05:00-04:00,151.61700439453125,151.625,151.3699951171875,151.47000122070312,50577
2026-06-18 13:10:00-04:00,151.42999267578125,151.47500610351562,151.36000061035156,151.4199981689453,21088
2026-06-18 13:15:00-04:00,151.42999267578125,151.47000122070312,151.40499877929688,151.42999267578125,21651
2026-06-18 13:20:00-04:00,151.40499877929688,151.48500061035156,151.33999633789062,151.375,43233
2026-06-18 13:25:00-04:00,151.3800048828125,151.4600067138672,151.3699951171875,151.3800048828125,31545
2026-06-18 13:30:00-04:00,151.38999938964844,151.4199981689453,151.19000244140625,151.22500610351562,36937
2026-06-18 13:35:00-04:00,151.21499633789062,151.2899932861328,151.1300048828125,151.21499633789062,34906
2026-06-18 13:40:00-04:00,151.22999572753906,151.25022888183594,151.07000732421875,151.09500122070312,28320
2026-06-18 13:45:00-04:00,151.0850067138672,151.13999938964844,151.0500030517578,151.07000732421875,23955
2026-06-18 13:50:00-04:00,151.06500244140625,151.07850646972656,150.99000549316406,151.0050048828125,16676
2026-06-18 13:55:00-04:00,151.02000427246094,151.07000732421875,150.94000244140625,150.98500061035156,19350
2026-06-18 14:00:00-04:00,150.97999572753906,150.99000549316406,150.82000732421875,150.82000732421875,38937
2026-06-18 14:05:00-04:00,150.80499267578125,150.8300018310547,150.7209930419922,150.80999755859375,23042
2026-06-18 14:10:00-04:00,150.77999877929688,151.1199951171875,150.77000427246094,151.11000061035156,23164
2026-06-18 14:15:00-04:00,151.11000061035156,151.27999877929688,151.05999755859375,151.14500427246094,31208
2026-06-18 14:20:00-04:00,151.14500427246094,151.2100067138672,151.02999877929688,151.2100067138672,35243
2026-06-18 14:25:00-04:00,151.22509765625,151.22509765625,150.94500732421875,151.0,28204
2026-06-18 14:30:00-04:00,151.02999877929688,151.1060028076172,150.9105987548828,151.09500122070312,59073
2026-06-18 14:35:00-04:00,151.08999633789062,151.22999572753906,151.06500244140625,151.22500610351562,43328
2026-06-18 14:40:00-04:00,151.22500610351562,151.27999877929688,151.19500732421875,151.26010131835938,35952
2026-06-18 14:45:00-04:00,151.27000427246094,151.33999633789062,151.22999572753906,151.27000427246094,27705
2026-06-18 14:50:00-04:00,151.27000427246094,151.33990478515625,151.2100067138672,151.22999572753906,44076
2026-06-18 14:55:00-04:00,151.24560546875,151.27000427246094,151.17999267578125,151.22999572753906,37655
2026-06-18 15:00:00-04:00,151.22999572753906,151.2449951171875,151.10000610351562,151.1199951171875,38414
2026-06-18 15:05:00-04:00,151.1199951171875,151.1300048828125,151.0000457763672,151.02499389648438,77076
2026-06-18 15:10:00-04:00,151.02499389648438,151.0500030517578,150.8800048828125,150.9250030517578,86167
2026-06-18 15:15:00-04:00,150.9250030517578,150.92999267578125,150.6699981689453,150.8000030517578,61730
2026-06-18 15:20:00-04:00,150.7949981689453,151.02000427246094,150.7949981689453,150.97500610351562,56766
2026-06-18 15:25:00-04:00,150.9499969482422,151.0449981689453,150.91000366210938,150.99000549316406,59830
2026-06-18 15:30:00-04:00,151.00999450683594,151.02999877929688,150.80059814453125,150.9600067138672,98390
2026-06-18 15:35:00-04:00,150.9499969482422,151.02000427246094,150.80099487304688,150.9499969482422,126903
2026-06-18 15:40:00-04:00,150.92999267578125,150.99000549316406,150.77999877929688,150.89999389648438,140787
2026-06-18 15:45:00-04:00,150.88999938964844,151.0800018310547,150.86000061035156,150.9499969482422,132301
2026-06-18 15:50:00-04:00,150.97999572753906,151.38999938964844,150.6300048828125,150.63999938964844,526121
2026-06-18 15:55:00-04:00,150.6699981689453,151.13999938964844,150.17999267578125,150.3800048828125,781218
2026-06-22 09:30:00-04:00,150.10499572753906,150.69000244140625,149.64500427246094,149.81500244140625,301367
2026-06-22 09:35:00-04:00,149.88999938964844,150.0500030517578,149.11500549316406,149.41000366210938,97231
2026-06-22 09:40:00-04:00,149.30999755859375,149.4499969482422,148.4499969482422,148.92999267578125,160154
2026-06-22 09:45:00-04:00,148.9149932861328,149.8800048828125,148.60499572753906,149.86000061035156,182732
2026-06-22 09:50:00-04:00,149.85499572753906,149.92999267578125,149.2449951171875,149.4199981689453,76397
2026-06-22 09:55:00-04:00,149.41000366210938,149.41000366210938,148.50999450683594,149.2449951171875,122406
2026-06-22 10:00:00-04:00,149.27000427246094,149.70010375976562,148.98500061035156,149.6750030517578,109747
2026-06-22 10:05:00-04:00,149.6699981689453,149.7899932861328,149.2550048828125,149.31500244140625,98135
2026-06-22 10:10:00-04:00,149.31500244140625,149.8000030517578,149.2100067138672,149.8000030517578,123053
2026-06-22 10:15:00-04:00,149.77499389648438,150.30589294433594,149.75,150.0,146457
2026-06-22 10:20:00-04:00,149.9700927734375,150.63499450683594,149.9550018310547,150.30499267578125,155183
2026-06-22 10:25:00-04:00,150.32000732421875,150.88499450683594,150.2949981689453,150.6750030517578,161114
2026-06-22 10:30:00-04:00,150.6999969482422,150.88999938964844,150.5449981689453,150.6199951171875,85590
2026-06-22 10:35:00-04:00,150.57000732421875,150.63999938964844,150.32000732421875,150.4199981689453,83581
2026-06-22 10:40:00-04:00,150.4250030517578,150.42999267578125,150.13160705566406,150.30499267578125,59654
2026-06-22 10:45:00-04:00,150.31500244140625,150.36000061035156,150.07000732421875,150.0800018310547,59563
2026-06-22 10:50:00-04:00,150.0850067138672,150.16000366210938,149.83999633789062,150.11000061035156,71120
2026-06-22 10:55:00-04:00,150.10499572753906,150.11000061035156,149.83999633789062,149.89999389648438,70755
2026-06-22 11:00:00-04:00,149.90499877929688,150.10000610351562,149.7884979248047,149.8300018310547,68631
2026-06-22 11:05:00-04:00,149.8114013671875,150.11000061035156,149.77000427246094,149.9600067138672,119258
2026-06-22 11:10:00-04:00,149.99000549316406,150.27999877929688,149.99000549316406,150.23500061035156,56580
2026-06-22 11:15:00-04:00,150.22000122070312,150.41000366210938,150.10000610351562,150.3699951171875,139029
2026-06-22 11:20:00-04:00,150.36500549316406,150.58999633789062,150.27999877929688,150.48500061035156,44346
2026-06-22 11:25:00-04:00,150.4499969482422,150.4499969482422,150.1699981689453,150.25,43481
2026-06-22 11:30:00-04:00,150.25,150.25,150.0,150.05999755859375,62654
2026-06-22 11:35:00-04:00,150.05999755859375,150.1699981689453,150.0399932861328,150.16920471191406,61933
2026-06-22 11:40:00-04:00,150.13999938964844,150.13999938964844,149.99000549316406,150.00999450683594,53837
2026-06-22 11:45:00-04:00,150.0,150.00999450683594,149.64500427246094,149.6649932861328,63114
2026-06-22 11:50:00-04:00,149.6199951171875,149.75,149.5850067138672,149.68499755859375,67241
2026-06-22 11:55:00-04:00,149.6699981689453,149.6699981689453,149.47000122070312,149.6199951171875,50300
2026-06-22 12:00:00-04:00,149.6199951171875,149.6300048828125,149.44500732421875,149.47000122070312,37167
2026-06-22 12:05:00-04:00,149.47000122070312,149.5500030517578,149.31500244140625,149.47999572753906,72267
2026-06-22 12:10:00-04:00,149.44000244140625,149.55999755859375,149.3699951171875,149.55130004882812,44594
2026-06-22 12:15:00-04:00,149.5749969482422,149.6300048828125,149.50010681152344,149.56500244140625,40322
2026-06-22 12:20:00-04:00,149.56500244140625,149.72999572753906,149.52000427246094,149.55999755859375,47786
2026-06-22 12:25:00-04:00,149.55999755859375,149.72000122070312,149.52499389648438,149.5800018310547,62197
2026-06-22 12:30:00-04:00,149.60000610351562,149.63999938964844,149.48500061035156,149.5399932861328,62824
2026-06-22 12:35:00-04:00,149.52999877929688,149.53500366210938,149.44000244140625,149.47000122070312,44904
2026-06-22 12:40:00-04:00,149.4600067138672,149.47999572753906,149.22999572753906,149.2550048828125,78719
2026-06-22 12:45:00-04:00,149.25,149.32000732421875,149.11000061035156,149.16000366210938,73515
2026-06-22 12:50:00-04:00,149.13999938964844,149.2100067138672,149.05999755859375,149.09500122070312,77640
2026-06-22 12:55:00-04:00,149.09500122070312,149.139892578125,149.05999755859375,149.08999633789062,57026
2026-06-22 13:00:00-04:00,149.0800018310547,149.22999572753906,149.05999755859375,149.19500732421875,53973
2026-06-22 13:05:00-04:00,149.19000244140625,149.27999877929688,149.16000366210938,149.25,58888
2026-06-22 13:10:00-04:00,149.22999572753906,149.3300018310547,149.160400390625,149.30999755859375,66538
2026-06-22 13:15:00-04:00,149.30999755859375,149.38380432128906,149.27000427246094,149.27499389648438,40608
2026-06-22 13:20:00-04:00,149.27499389648438,149.27999877929688,149.19749450683594,149.2050018310547,50262
2026-06-22 13:25:00-04:00,149.20509338378906,149.2100067138672,148.93499755859375,149.02000427246094,89134
2026-06-22 13:30:00-04:00,149.02000427246094,149.05999755859375,148.8699951171875,148.88499450683594,86879
2026-06-22 13:35:00-04:00,148.87550354003906,148.8800048828125,148.74000549316406,148.85000610351562,66099
2026-06-22 13:40:00-04:00,148.83999633789062,148.88999938964844,148.80999755859375,148.86500549316406,54540
2026-06-22 13:45:00-04:00,148.86500549316406,148.90499877929688,148.8000030517578,148.83999633789062,82799
2026-06-22 13:50:00-04:00,148.85000610351562,148.9499969482422,148.72000122070312,148.89999389648438,77786
2026-06-22 13:55:00-04:00,148.89999389648438,148.91000366210938,148.69500732421875,148.7100067138672,63480
2026-06-22 14:00:00-04:00,148.6999969482422,148.7050018310547,148.51499938964844,148.54010009765625,57310
2026-06-22 14:05:00-04:00,148.55499267578125,148.64999389648438,148.44000244140625,148.625,86885
2026-06-22 14:10:00-04:00,148.64999389648438,148.75990295410156,148.62010192871094,148.7449951171875,57480
2026-06-22 14:15:00-04:00,148.75999450683594,148.77000427246094,148.69000244140625,148.72000122070312,54893
2026-06-22 14:20:00-04:00,148.7100067138672,148.78390502929688,148.64999389648438,148.66000366210938,52468
2026-06-22 14:25:00-04:00,148.65499877929688,148.7100067138672,148.65499877929688,148.6750030517578,78476
2026-06-22 14:30:00-04:00,148.69000244140625,148.75999450683594,148.58999633789062,148.58999633789062,57947
2026-06-22 14:35:00-04:00,148.58999633789062,148.75,148.58999633789062,148.72000122070312,70385
2026-06-22 14:40:00-04:00,148.7324981689453,148.8699951171875,148.72500610351562,148.77000427246094,65715
2026-06-22 14:45:00-04:00,148.77999877929688,148.83999633789062,148.72999572753906,148.8000030517578,49965
2026-06-22 14:50:00-04:00,148.80999755859375,148.82000732421875,148.6300048828125,148.69000244140625,73107
2026-06-22 14:55:00-04:00,148.67999267578125,148.74000549316406,148.64999389648438,148.6999969482422,60043
2026-06-22 15:00:00-04:00,148.7100067138672,148.80999755859375,148.6999969482422,148.7574005126953,83539
2026-06-22 15:05:00-04:00,148.75,148.8699951171875,148.7449951171875,148.81500244140625,61881
2026-06-22 15:10:00-04:00,148.81500244140625,148.82000732421875,148.72000122070312,148.7449951171875,84735
2026-06-22 15:15:00-04:00,148.75999450683594,148.7899932861328,148.5601043701172,148.6649932861328,149444
2026-06-22 15:20:00-04:00,148.6699981689453,148.6999969482422,148.5,148.50999450683594,70052
2026-06-22 15:25:00-04:00,148.52000427246094,148.52999877929688,148.0800018310547,148.14999389648438,126387
2026-06-22 15:30:00-04:00,148.14500427246094,148.14999389648438,147.7050018310547,148.00100708007812,204958
2026-06-22 15:35:00-04:00,148.0050048828125,148.05999755859375,147.75999450683594,147.8350067138672,134642
2026-06-22 15:40:00-04:00,147.85000610351562,147.9600067138672,147.7899932861328,147.92999267578125,145934
2026-06-22 15:45:00-04:00,147.91000366210938,148.22000122070312,147.88999938964844,148.1300048828125,220444
2026-06-22 15:50:00-04:00,148.1199951171875,148.1199951171875,147.83999633789062,148.11500549316406,284235
2026-06-22 15:55:00-04:00,148.10000610351562,148.14999389648438,147.58999633789062,147.6999969482422,934972
2026-06-23 09:30:00-04:00,149.66000366210938,151.0500030517578,149.66000366210938,150.0,310565
2026-06-23 09:35:00-04:00,150.10000610351562,150.10000610351562,149.3699951171875,149.80499267578125,163378
2026-06-23 09:40:00-04:00,149.7949981689453,150.28500366210938,149.5399932861328,150.14999389648438,114070
2026-06-23 09:45:00-04:00,150.13999938964844,151.0399932861328,150.10000610351562,150.94000244140625,84821
2026-06-23 09:50:00-04:00,150.92999267578125,151.0850067138672,150.30369567871094,150.6300048828125,110809
2026-06-23 09:55:00-04:00,150.72000122070312,151.07000732421875,150.35499572753906,150.5,42133
2026-06-23 10:00:00-04:00,150.5399932861328,150.72000122070312,150.33839416503906,150.5500030517578,51854
2026-06-23 10:05:00-04:00,150.57000732421875,150.72000122070312,150.13999938964844,150.5500030517578,81411
2026-06-23 10:10:00-04:00,150.60000610351562,150.89500427246094,150.60000610351562,150.7100067138672,63682
2026-06-23 10:15:00-04:00,150.6999969482422,150.90499877929688,150.61000061035156,150.77999877929688,90769
2026-06-23 10:20:00-04:00,150.77499389648438,151.0,150.55999755859375,150.86000061035156,82509
2026-06-23 10:25:00-04:00,150.88999938964844,150.96600341796875,150.75,150.8800048828125,45346
2026-06-23 10:30:00-04:00,150.80999755859375,151.16000366210938,150.7449951171875,150.77000427246094,62309
2026-06-23 10:35:00-04:00,150.77000427246094,150.80999755859375,150.4499969482422,150.6649932861328,41204
2026-06-23 10:40:00-04:00,150.6999969482422,150.8699951171875,150.47000122070312,150.5500030517578,57206
2026-06-23 10:45:00-04:00,150.57000732421875,150.5800018310547,150.30999755859375,150.3350067138672,70801
2026-06-23 10:50:00-04:00,150.3350067138672,150.49000549316406,150.1999969482422,150.48500061035156,53546
2026-06-23 10:55:00-04:00,150.4499969482422,150.80499267578125,150.42999267578125,150.76499938964844,64144
2026-06-23 11:00:00-04:00,150.75999450683594,150.82000732421875,150.58999633789062,150.6790008544922,45162
2026-06-23 11:05:00-04:00,150.63999938964844,150.89999389648438,150.6199951171875,150.74789428710938,45507
2026-06-23 11:10:00-04:00,150.75,150.97000122070312,150.73500061035156,150.875,57680
2026-06-23 11:15:00-04:00,150.91000366210938,150.9199981689453,150.69009399414062,150.7899932861328,57267
2026-06-23 11:20:00-04:00,150.77000427246094,150.8300018310547,150.67010498046875,150.75999450683594,26005
2026-06-23 11:25:00-04:00,150.75999450683594,150.77000427246094,150.6300048828125,150.7050018310547,28128
2026-06-23 11:30:00-04:00,150.72000122070312,150.85000610351562,150.56500244140625,150.625,29439
2026-06-23 11:35:00-04:00,150.6300048828125,150.77000427246094,150.6300048828125,150.6699981689453,35659
2026-06-23 11:40:00-04:00,150.66250610351562,150.8000030517578,150.6199951171875,150.6199951171875,26923
2026-06-23 11:45:00-04:00,150.63999938964844,150.94000244140625,150.5399932861328,150.8699951171875,59205
2026-06-23 11:50:00-04:00,150.89999389648438,150.9499969482422,150.82000732421875,150.8300018310547,23688
2026-06-23 11:55:00-04:00,150.85000610351562,150.88999938964844,150.66510009765625,150.73500061035156,42127
2026-06-23 12:00:00-04:00,150.75,150.82000732421875,150.69500732421875,150.73500061035156,32858
2026-06-23 12:05:00-04:00,150.74000549316406,150.89999389648438,150.74000549316406,150.83990478515625,31588
2026-06-23 12:10:00-04:00,150.83999633789062,150.89999389648438,150.71200561523438,150.82000732421875,29114
2026-06-23 12:15:00-04:00,150.83999633789062,150.92959594726562,150.75999450683594,150.82000732421875,32011
2026-06-23 12:20:00-04:00,150.81500244140625,150.91900634765625,150.60000610351562,150.60000610351562,18854
2026-06-23 12:25:00-04:00,150.64500427246094,150.6699981689453,150.39010620117188,150.5399932861328,65384
2026-06-23 12:30:00-04:00,150.52000427246094,150.7100067138672,150.52000427246094,150.64999389648438,47096
2026-06-23 12:35:00-04:00,150.63999938964844,150.74000549316406,150.63999938964844,150.69000244140625,28331
2026-06-23 12:40:00-04:00,150.69000244140625,150.72999572753906,150.66000366210938,150.6699981689453,42465
2026-06-23 12:45:00-04:00,150.68499755859375,150.7100067138672,150.60499572753906,150.625,42256
2026-06-23 12:50:00-04:00,150.625,150.7100067138672,150.61500549316406,150.64999389648438,34252
2026-06-23 12:55:00-04:00,150.63999938964844,150.67999267578125,150.52000427246094,150.63510131835938,42984
2026-06-23 13:00:00-04:00,150.64999389648438,150.69000244140625,150.50999450683594,150.52999877929688,36293
2026-06-23 13:05:00-04:00,150.52499389648438,150.65499877929688,150.50999450683594,150.5449981689453,55316
2026-06-23 13:10:00-04:00,150.58999633789062,150.61000061035156,150.49009704589844,150.52999877929688,20801
2026-06-23 13:15:00-04:00,150.52000427246094,150.56500244140625,150.41000366210938,150.52499389648438,23726
2026-06-23 13:20:00-04:00,150.50999450683594,150.625,150.50999450683594,150.625,29406
2026-06-23 13:25:00-04:00,150.625,150.63499450683594,150.39500427246094,150.44000244140625,30344
2026-06-23 13:30:00-04:00,150.44000244140625,150.4499969482422,150.26499938964844,150.3300018310547,50518
2026-06-23 13:35:00-04:00,150.3350067138672,150.3800048828125,150.2136993408203,150.375,60427
2026-06-23 13:40:00-04:00,150.3800048828125,150.49000549316406,150.375,150.39999389648438,36098
2026-06-23 13:45:00-04:00,150.38999938964844,150.4799041748047,150.38999938964844,150.42999267578125,21848
2026-06-23 13:50:00-04:00,150.42999267578125,150.55990600585938,150.39999389648438,150.52000427246094,39598
2026-06-23 13:55:00-04:00,150.50999450683594,150.7550048828125,150.4801025390625,150.72999572753906,71936
2026-06-23 14:00:00-04:00,150.7100067138672,150.7100067138672,150.5500030517578,150.65499877929688,56910
2026-06-23 14:05:00-04:00,150.64500427246094,150.77000427246094,150.625,150.72000122070312,18494
2026-06-23 14:10:00-04:00,150.7100067138672,150.83999633789062,150.7100067138672,150.8300018310547,19276
2026-06-23 14:15:00-04:00,150.8101043701172,150.86000061035156,150.75999450683594,150.76499938964844,23174
2026-06-23 14:20:00-04:00,150.75,150.7550048828125,150.625,150.68499755859375,24549
2026-06-23 14:25:00-04:00,150.69000244140625,150.75,150.60000610351562,150.60000610351562,44216
2026-06-23 14:30:00-04:00,150.5800018310547,150.5800018310547,150.3699951171875,150.47000122070312,33001
2026-06-23 14:35:00-04:00,150.47999572753906,150.72999572753906,150.4600067138672,150.72999572753906,31019
2026-06-23 14:40:00-04:00,150.72999572753906,150.8000030517578,150.63499450683594,150.72999572753906,48644
2026-06-23 14:45:00-04:00,150.74000549316406,150.85000610351562,150.7100067138672,150.81500244140625,36383
2026-06-23 14:50:00-04:00,150.80999755859375,150.92999267578125,150.72000122070312,150.92999267578125,113591
2026-06-23 14:55:00-04:00,150.9550018310547,151.19000244140625,150.90499877929688,151.13999938964844,144879
2026-06-23 15:00:00-04:00,151.1199951171875,151.12989807128906,150.75,150.88999938964844,68000
2026-06-23 15:05:00-04:00,150.88999938964844,151.110107421875,150.83999633789062,151.11000061035156,34255
2026-06-23 15:10:00-04:00,151.10499572753906,151.10499572753906,150.9199981689453,151.0,34212
2026-06-23 15:15:00-04:00,151.02999877929688,151.02999877929688,150.89999389648438,150.97999572753906,45173
2026-06-23 15:20:00-04:00,150.97000122070312,151.1649932861328,150.97000122070312,151.1649932861328,59933
2026-06-23 15:25:00-04:00,151.14999389648438,151.33999633789062,151.12680053710938,151.32000732421875,58736
2026-06-23 15:30:00-04:00,151.32000732421875,151.32000732421875,151.01499938964844,151.01499938964844,71557
2026-06-23 15:35:00-04:00,151.02999877929688,151.0500030517578,150.80999755859375,150.9550018310547,99905
2026-06-23 15:40:00-04:00,150.97000122070312,151.1199951171875,150.91000366210938,151.09500122070312,78940
2026-06-23 15:45:00-04:00,151.08999633789062,151.30999755859375,151.05999755859375,151.30999755859375,68089
2026-06-23 15:50:00-04:00,151.30999755859375,151.3699951171875,150.97000122070312,151.0449981689453,173805
2026-06-23 15:55:00-04:00,151.05999755859375,151.1699981689453,150.80999755859375,150.86000061035156,554574
2026-06-24 09:30:00-04:00,151.99000549316406,152.5,150.9199981689453,151.61000061035156,350958
2026-06-24 09:35:00-04:00,151.57000732421875,152.02000427246094,151.39999389648438,151.97500610351562,123976
2026-06-24 09:40:00-04:00,151.93499755859375,152.61500549316406,151.6999969482422,152.4199981689453,161245
2026-06-24 09:45:00-04:00,152.4550018310547,152.4550018310547,151.5399932861328,151.97000122070312,68136
2026-06-24 09:50:00-04:00,151.97000122070312,152.24000549316406,151.7899932861328,152.07000732421875,60848
2026-06-24 09:55:00-04:00,152.05999755859375,152.4324951171875,152.0500030517578,152.41000366210938,67812
2026-06-24 10:00:00-04:00,152.4199981689453,152.80999755859375,152.39999389648438,152.59500122070312,70605
2026-06-24 10:05:00-04:00,152.59500122070312,152.60009765625,152.08999633789062,152.24000549316406,76672
2026-06-24 10:10:00-04:00,152.25,152.35000610351562,152.0399932861328,152.3000030517578,89969
2026-06-24 10:15:00-04:00,152.3000030517578,153.0749969482422,152.3000030517578,152.77000427246094,121508
2026-06-24 10:20:00-04:00,152.77499389648438,152.8699951171875,152.7100067138672,152.7949981689453,65364
2026-06-24 10:25:00-04:00,152.7949981689453,152.8000030517578,152.1699981689453,152.1699981689453,55999
2026-06-24 10:30:00-04:00,152.1199951171875,152.17959594726562,151.52000427246094,151.52000427246094,74011
2026-06-24 10:35:00-04:00,151.51499938964844,152.02000427246094,151.50999450683594,151.9600067138672,71895
2026-06-24 10:40:00-04:00,151.94000244140625,152.2899932861328,151.94000244140625,152.22000122070312,62169
2026-06-24 10:45:00-04:00,152.24000549316406,152.4600067138672,152.16000366210938,152.44000244140625,42245
2026-06-24 10:50:00-04:00,152.46499633789062,152.58180236816406,152.39999389648438,152.5399932861328,54706
2026-06-24 10:55:00-04:00,152.5500030517578,152.6699981689453,152.52000427246094,152.55499267578125,45761
2026-06-24 11:00:00-04:00,152.55499267578125,152.67999267578125,152.48500061035156,152.49000549316406,78114
2026-06-24 11:05:00-04:00,152.51499938964844,152.7873992919922,152.51499938964844,152.5749969482422,45219
2026-06-24 11:10:00-04:00,152.5800018310547,152.7100067138672,152.48500061035156,152.64999389648438,56143
2026-06-24 11:15:00-04:00,152.68499755859375,152.9199981689453,152.67999267578125,152.91000366210938,87463
2026-06-24 11:20:00-04:00,152.9149932861328,152.9600067138672,152.86000061035156,152.89999389648438,94657
2026-06-24 11:25:00-04:00,152.89999389648438,152.89999389648438,152.72999572753906,152.75999450683594,95019
2026-06-24 11:30:00-04:00,152.77999877929688,152.89999389648438,152.69000244140625,152.7899932861328,48505
2026-06-24 11:35:00-04:00,152.82000732421875,152.97999572753906,152.6999969482422,152.9550018310547,63789
2026-06-24 11:40:00-04:00,152.96499633789062,153.02000427246094,152.8000030517578,152.94000244140625,70499
2026-06-24 11:45:00-04:00,152.9550018310547,153.0399932861328,152.8699951171875,152.92999267578125,41143
2026-06-24 11:50:00-04:00,152.97999572753906,152.99000549316406,152.75999450683594,152.77000427246094,47310
2026-06-24 11:55:00-04:00,152.77000427246094,152.91000366210938,152.71499633789062,152.89500427246094,52801
2026-06-24 12:00:00-04:00,152.90499877929688,152.95379638671875,152.85499572753906,152.93499755859375,28128
2026-06-24 12:05:00-04:00,152.94000244140625,153.14999389648438,152.94000244140625,153.10000610351562,55175
2026-06-24 12:10:00-04:00,153.11500549316406,153.16000366210938,153.0800018310547,153.10000610351562,44736
2026-06-24 12:15:00-04:00,153.10000610351562,153.14999389648438,153.08999633789062,153.08999633789062,49323
2026-06-24 12:20:00-04:00,153.10499572753906,153.10499572753906,152.9499969482422,153.02999877929688,54539
2026-06-24 12:25:00-04:00,153.02999877929688,153.0800018310547,152.96499633789062,152.99000549316406,218177
2026-06-24 12:30:00-04:00,152.99000549316406,153.16000366210938,152.99000549316406,153.1199951171875,38164
2026-06-24 12:35:00-04:00,153.13999938964844,153.35009765625,153.1199951171875,153.13499450683594,53435
2026-06-24 12:40:00-04:00,153.1199951171875,153.19000244140625,153.02999877929688,153.0850067138672,32570
2026-06-24 12:45:00-04:00,153.0399932861328,153.0399932861328,152.88499450683594,152.9799041748047,44901
2026-06-24 12:50:00-04:00,152.94500732421875,153.00999450683594,152.83999633789062,152.88009643554688,27320
2026-06-24 12:55:00-04:00,152.9199981689453,152.9499053955078,152.7899932861328,152.83999633789062,28351
2026-06-24 13:00:00-04:00,152.86000061035156,152.86000061035156,152.6750030517578,152.6750030517578,33312
2026-06-24 13:05:00-04:00,152.65719604492188,152.7899932861328,152.65719604492188,152.75,45680
2026-06-24 13:10:00-04:00,152.72999572753906,152.80499267578125,152.69000244140625,152.7050018310547,21782
2026-06-24 13:15:00-04:00,152.69000244140625,152.72999572753906,152.4499969482422,152.4550018310547,36764
2026-06-24 13:20:00-04:00,152.44000244140625,152.53500366210938,152.38999938964844,152.47999572753906,44480
2026-06-24 13:25:00-04:00,152.5,152.50999450683594,152.15499877929688,152.16009521484375,21661
2026-06-24 13:30:00-04:00,152.16000366210938,152.2100067138672,152.0,152.07000732421875,78734
2026-06-24 13:35:00-04:00,152.07000732421875,152.17999267578125,151.9199981689453,152.1699981689453,72870
2026-06-24 13:40:00-04:00,152.16000366210938,152.18499755859375,152.01499938964844,152.02000427246094,28323
2026-06-24 13:45:00-04:00,152.0399932861328,152.08290100097656,151.97999572753906,152.07000732421875,30411
2026-06-24 13:50:00-04:00,152.0749969482422,152.2100067138672,152.05499267578125,152.16000366210938,49425
2026-06-24 13:55:00-04:00,152.13999938964844,152.17999267578125,152.0399932861328,152.1199951171875,31859
2026-06-24 14:00:00-04:00,152.125,152.36000061035156,152.11500549316406,152.35000610351562,38690
2026-06-24 14:05:00-04:00,152.36000061035156,152.4199981689453,152.25,152.27999877929688,31977
2026-06-24 14:10:00-04:00,152.27999877929688,152.38999938964844,152.27000427246094,152.2899932861328,37802
2026-06-24 14:15:00-04:00,152.27999877929688,152.3300018310547,152.19000244140625,152.22000122070312,48620
2026-06-24 14:20:00-04:00,152.22999572753906,152.3300018310547,152.22999572753906,152.30999755859375,32663
2026-06-24 14:25:00-04:00,152.31500244140625,152.44749450683594,152.2899932861328,152.44749450683594,36923
2026-06-24 14:30:00-04:00,152.41000366210938,152.5800018310547,152.41000366210938,152.5800018310547,41781
2026-06-24 14:35:00-04:00,152.57000732421875,152.75999450683594,152.55999755859375,152.7550048828125,32882
2026-06-24 14:40:00-04:00,152.75999450683594,152.9499969482422,152.75999450683594,152.83999633789062,43809
2026-06-24 14:45:00-04:00,152.8300018310547,152.94000244140625,152.572998046875,152.9199981689453,75913
2026-06-24 14:50:00-04:00,152.89999389648438,152.9600067138672,152.74000549316406,152.77000427246094,61214
2026-06-24 14:55:00-04:00,152.75999450683594,152.83999633789062,152.72000122070312,152.8249969482422,80532
2026-06-24 15:00:00-04:00,152.83999633789062,152.91000366210938,152.7449951171875,152.75,58826
2026-06-24 15:05:00-04:00,152.77000427246094,152.77499389648438,152.67999267578125,152.75999450683594,52606
2026-06-24 15:10:00-04:00,152.74000549316406,152.7449951171875,152.60000610351562,152.61000061035156,51434
2026-06-24 15:15:00-04:00,152.60499572753906,152.77000427246094,152.60000610351562,152.69500732421875,82990
2026-06-24 15:20:00-04:00,152.69500732421875,152.8350067138672,152.42999267578125,152.50999450683594,73284
2026-06-24 15:25:00-04:00,152.50999450683594,152.52000427246094,152.3300018310547,152.4799041748047,89396
2026-06-24 15:30:00-04:00,152.4199981689453,152.47000122070312,152.3000030517578,152.39999389648438,92101
2026-06-24 15:35:00-04:00,152.40499877929688,152.40499877929688,152.02999877929688,152.22999572753906,173036
2026-06-24 15:40:00-04:00,152.2100067138672,152.4499969482422,152.17999267578125,152.41000366210938,103547
2026-06-24 15:45:00-04:00,152.36000061035156,152.52999877929688,152.22000122070312,152.24000549316406,159260
2026-06-24 15:50:00-04:00,152.22000122070312,152.22999572753906,151.89999389648438,151.9499969482422,264098
2026-06-24 15:55:00-04:00,151.99000549316406,152.2100067138672,151.85000610351562,152.0500030517578,549390
2026-06-25 09:30:00-04:00,151.57000732421875,152.2899932861328,150.0,150.1699981689453,519464
2026-06-25 09:35:00-04:00,150.2274932861328,150.3300018310547,148.88999938964844,150.27000427246094,321665
2026-06-25 09:40:00-04:00,150.26499938964844,150.7100067138672,149.77000427246094,150.24000549316406,243596
2026-06-25 09:45:00-04:00,150.24000549316406,151.3800048828125,150.10499572753906,151.3000030517578,139895
2026-06-25 09:50:00-04:00,151.22999572753906,151.5800018310547,150.8699951171875,151.3699951171875,165819
2026-06-25 09:55:00-04:00,151.33999633789062,151.49000549316406,150.2899932861328,150.3350067138672,302507
2026-06-25 10:00:00-04:00,150.38499450683594,150.72000122070312,149.5,150.6999969482422,195385
2026-06-25 10:05:00-04:00,150.72999572753906,150.83999633789062,149.97000122070312,150.0399932861328,90034
2026-06-25 10:10:00-04:00,150.07989501953125,150.5800018310547,149.60000610351562,150.4499969482422,156583
2026-06-25 10:15:00-04:00,150.42999267578125,150.52000427246094,150.02000427246094,150.10000610351562,127210
2026-06-25 10:20:00-04:00,150.125,150.125,149.4499969482422,149.6750030517578,127550
2026-06-25 10:25:00-04:00,149.67999267578125,149.91000366210938,149.39999389648438,149.50999450683594,92334
2026-06-25 10:30:00-04:00,149.4949951171875,149.92999267578125,149.39999389648438,149.57249450683594,176333
2026-06-25 10:35:00-04:00,149.60000610351562,149.7100067138672,149.41000366210938,149.47500610351562,99835
2026-06-25 10:40:00-04:00,149.47999572753906,149.67999267578125,149.25999450683594,149.3699951171875,111973
2026-06-25 10:45:00-04:00,149.3520050048828,149.4949951171875,149.1699981689453,149.25,139638
2026-06-25 10:50:00-04:00,149.23500061035156,150.2899932861328,149.172607421875,150.13999938964844,215231
2026-06-25 10:55:00-04:00,150.1199951171875,150.57000732421875,149.9600067138672,149.96499633789062,192386
2026-06-25 11:00:00-04:00,149.88999938964844,150.36000061035156,149.8300018310547,150.1199951171875,51060
2026-06-25 11:05:00-04:00,150.16000366210938,150.2100067138672,149.89999389648438,150.13499450683594,86052
2026-06-25 11:10:00-04:00,150.1300048828125,150.36000061035156,150.11000061035156,150.2050018310547,62712
2026-06-25 11:15:00-04:00,150.1649932861328,150.27000427246094,149.94000244140625,149.97000122070312,52198
2026-06-25 11:20:00-04:00,149.99000549316406,150.1699981689453,149.88150024414062,150.05999755859375,75396
2026-06-25 11:25:00-04:00,150.0,150.00999450683594,149.72999572753906,149.8350067138672,69838
2026-06-25 11:30:00-04:00,149.8350067138672,149.8800048828125,149.61000061035156,149.64500427246094,77952
2026-06-25 11:35:00-04:00,149.6199951171875,149.8000030517578,149.5850067138672,149.6999969482422,83126
2026-06-25 11:40:00-04:00,149.6699981689453,150.07000732421875,149.64999389648438,149.9199981689453,87998
2026-06-25 11:45:00-04:00,149.9499969482422,150.10000610351562,149.91000366210938,149.97000122070312,38699
2026-06-25 11:50:00-04:00,149.9499969482422,149.9600067138672,149.74000549316406,149.77999877929688,37286
2026-06-25 11:55:00-04:00,149.75999450683594,149.77999877929688,149.6300048828125,149.74000549316406,58612
2026-06-25 12:00:00-04:00,149.73500061035156,149.83999633789062,149.66000366210938,149.78500366210938,53906
2026-06-25 12:05:00-04:00,149.77000427246094,149.91000366210938,149.72000122070312,149.82000732421875,37011
2026-06-25 12:10:00-04:00,149.8300018310547,149.97999572753906,149.63999938964844,149.67999267578125,88794
2026-06-25 12:15:00-04:00,149.69000244140625,149.6999969482422,149.5399932861328,149.55999755859375,53703
2026-06-25 12:20:00-04:00,149.52999877929688,149.69000244140625,149.50999450683594,149.61000061035156,46036
2026-06-25 12:25:00-04:00,149.57000732421875,149.6300048828125,149.39999389648438,149.47000122070312,39900
2026-06-25 12:30:00-04:00,149.47500610351562,149.47500610351562,149.1999969482422,149.30999755859375,105641
2026-06-25 12:35:00-04:00,149.2899932861328,149.35000610351562,149.1999969482422,149.25999450683594,53331
2026-06-25 12:40:00-04:00,149.25,149.3199005126953,149.11000061035156,149.15499877929688,36038
2026-06-25 12:45:00-04:00,149.15499877929688,149.3800048828125,149.15499877929688,149.27000427246094,51948
2026-06-25 12:50:00-04:00,149.3000030517578,149.3000030517578,149.16000366210938,149.1699981689453,39199
2026-06-25 12:55:00-04:00,149.16000366210938,149.1699981689453,149.0,149.0500030517578,52726
2026-06-25 13:00:00-04:00,149.0399932861328,149.05999755859375,148.80999755859375,148.8300018310547,84765
2026-06-25 13:05:00-04:00,148.82000732421875,149.0449981689453,148.81500244140625,149.02999877929688,45541
2026-06-25 13:10:00-04:00,149.02999877929688,149.2550048828125,149.01499938964844,149.24009704589844,33485
2026-06-25 13:15:00-04:00,149.25999450683594,149.3300018310547,149.1300048828125,149.16000366210938,44884
2026-06-25 13:20:00-04:00,149.1300048828125,149.2209930419922,149.02000427246094,149.08999633789062,49742
2026-06-25 13:25:00-04:00,149.0500030517578,149.10000610351562,148.83999633789062,148.89999389648438,43385
2026-06-25 13:30:00-04:00,148.88999938964844,148.89999389648438,148.6699981689453,148.77999877929688,44922
2026-06-25 13:35:00-04:00,148.76499938964844,148.82000732421875,148.30250549316406,148.30250549316406,72360
2026-06-25 13:40:00-04:00,148.32000732421875,148.4199981689453,148.3000030517578,148.33999633789062,69664
2026-06-25 13:45:00-04:00,148.36000061035156,148.38499450683594,148.1699981689453,148.22000122070312,71922
2026-06-25 13:50:00-04:00,148.2100067138672,148.23989868164062,147.88999938964844,147.91000366210938,138887
2026-06-25 13:55:00-04:00,147.94000244140625,147.98989868164062,147.83999633789062,147.9499969482422,75828
2026-06-25 14:00:00-04:00,147.9550018310547,148.17999267578125,147.82000732421875,147.94000244140625,133124
2026-06-25 14:05:00-04:00,147.97999572753906,148.13499450683594,147.92999267578125,148.13499450683594,94795
2026-06-25 14:10:00-04:00,148.15499877929688,148.3300018310547,148.11500549316406,148.24000549316406,43433
2026-06-25 14:15:00-04:00,148.22799682617188,148.39999389648438,148.2100067138672,148.3800048828125,81728
2026-06-25 14:20:00-04:00,148.3300018310547,148.57000732421875,148.30999755859375,148.49000549316406,48286
2026-06-25 14:25:00-04:00,148.47999572753906,148.58999633789062,148.47500610351562,148.5399932861328,45967
2026-06-25 14:30:00-04:00,148.5500030517578,148.66000366210938,148.41000366210938,148.63499450683594,59148
2026-06-25 14:35:00-04:00,148.61000061035156,148.7100067138672,148.52000427246094,148.59500122070312,49004
2026-06-25 14:40:00-04:00,148.6199951171875,148.6199951171875,148.3300018310547,148.37010192871094,78449
2026-06-25 14:45:00-04:00,148.38999938964844,148.44000244140625,148.23500061035156,148.23500061035156,41146
2026-06-25 14:50:00-04:00,148.24000549316406,148.52999877929688,148.2100067138672,148.4600067138672,48922
2026-06-25 14:55:00-04:00,148.4499969482422,148.55499267578125,148.39999389648438,148.39999389648438,42819
2026-06-25 15:00:00-04:00,148.41000366210938,148.4600067138672,148.3000030517578,148.4600067138672,64789
2026-06-25 15:05:00-04:00,148.47000122070312,148.74000549316406,148.47000122070312,148.71499633789062,41974
2026-06-25 15:10:00-04:00,148.74000549316406,148.83999633789062,148.46499633789062,148.5,52564
2026-06-25 15:15:00-04:00,148.5,148.7100067138672,148.47889709472656,148.5850067138672,77860
2026-06-25 15:20:00-04:00,148.61000061035156,148.6699981689453,148.5399932861328,148.61000061035156,86010
2026-06-25 15:25:00-04:00,148.58999633789062,148.6199951171875,148.4600067138672,148.4600067138672,79582
2026-06-25 15:30:00-04:00,148.4600067138672,148.52999877929688,148.27999877929688,148.4149932861328,108014
2026-06-25 15:35:00-04:00,148.4499053955078,148.58250427246094,148.25,148.36000061035156,132920
2026-06-25 15:40:00-04:00,148.3699951171875,148.4600067138672,148.24000549316406,148.44000244140625,101782
2026-06-25 15:45:00-04:00,148.4199981689453,148.55999755859375,148.3000030517578,148.5500030517578,131016
2026-06-25 15:50:00-04:00,148.52999877929688,149.0,148.46499633789062,148.92999267578125,223307
2026-06-25 15:55:00-04:00,148.92999267578125,148.9600067138672,148.33999633789062,148.51499938964844,642652
2026-06-26 09:30:00-04:00,150.33999633789062,150.7100067138672,149.7449951171875,150.52999877929688,321823
2026-06-26 09:35:00-04:00,150.53500366210938,150.8800048828125,150.1649932861328,150.22000122070312,127304
2026-06-26 09:40:00-04:00,150.24868774414062,150.32000732421875,149.63499450683594,150.09500122070312,106036
2026-06-26 09:45:00-04:00,150.1199951171875,150.39999389648438,149.84500122070312,150.2899932861328,84803
2026-06-26 09:50:00-04:00,150.27000427246094,150.2899932861328,149.8300018310547,150.14500427246094,75093
2026-06-26 09:55:00-04:00,150.19679260253906,150.22999572753906,149.8000030517578,150.02000427246094,79190
2026-06-26 10:00:00-04:00,149.9499969482422,150.17999267578125,149.75999450683594,150.1199951171875,165040
2026-06-26 10:05:00-04:00,150.10499572753906,150.22500610351562,149.73899841308594,149.9199981689453,122907
2026-06-26 10:10:00-04:00,149.9499969482422,150.0,149.42999267578125,149.68499755859375,80744
2026-06-26 10:15:00-04:00,149.63999938964844,149.72999572753906,149.4199981689453,149.47999572753906,102305
2026-06-26 10:20:00-04:00,149.47000122070312,149.49000549316406,149.13999938964844,149.3249969482422,74056
2026-06-26 10:25:00-04:00,149.3249969482422,149.44000244140625,149.24000549316406,149.35000610351562,61553
2026-06-26 10:30:00-04:00,149.35000610351562,149.57000732421875,149.25999450683594,149.30999755859375,53984
2026-06-26 10:35:00-04:00,149.2801055908203,149.55999755859375,149.2801055908203,149.46499633789062,51478
2026-06-26 10:40:00-04:00,149.5,149.66000366210938,149.38999938964844,149.5749969482422,50994
2026-06-26 10:45:00-04:00,149.57000732421875,149.91000366210938,149.4499969482422,149.4499969482422,65391
2026-06-26 10:50:00-04:00,149.42999267578125,149.44000244140625,149.22000122070312,149.2550048828125,79704
2026-06-26 10:55:00-04:00,149.2550048828125,149.3699951171875,149.16000366210938,149.31500244140625,64401
2026-06-26 11:00:00-04:00,149.30499267578125,149.50999450683594,149.2602996826172,149.39500427246094,63057
2026-06-26 11:05:00-04:00,149.3800048828125,149.61000061035156,149.3699951171875,149.50999450683594,59044
2026-06-26 11:10:00-04:00,149.5,149.74000549316406,149.5,149.68499755859375,59379
2026-06-26 11:15:00-04:00,149.67999267578125,149.79510498046875,149.49000549316406,149.5500030517578,47650
2026-06-26 11:20:00-04:00,149.5850067138672,149.8000030517578,149.5850067138672,149.74000549316406,51731
2026-06-26 11:25:00-04:00,149.74000549316406,149.91000366210938,149.72999572753906,149.7899932861328,55986
2026-06-26 11:30:00-04:00,149.8000030517578,149.91000366210938,149.6999969482422,149.8249969482422,36146
2026-06-26 11:35:00-04:00,149.80999755859375,149.8874969482422,149.6199951171875,149.6300048828125,46134
2026-06-26 11:40:00-04:00,149.5850067138672,149.60000610351562,149.35000610351562,149.36500549316406,40710
2026-06-26 11:45:00-04:00,149.36500549316406,149.52000427246094,149.0850067138672,149.21749877929688,67311
2026-06-26 11:50:00-04:00,149.22000122070312,149.2899932861328,149.0500030517578,149.19000244140625,61865
2026-06-26 11:55:00-04:00,149.19000244140625,149.35000610351562,149.13999938964844,149.22000122070312,81394
2026-06-26 12:00:00-04:00,149.19000244140625,149.32000732421875,149.09500122070312,149.3000030517578,63591
2026-06-26 12:05:00-04:00,149.27999877929688,149.3800048828125,149.26499938964844,149.2899932861328,39378
2026-06-26 12:10:00-04:00,149.2899932861328,149.35499572753906,149.24000549316406,149.2899932861328,54066
2026-06-26 12:15:00-04:00,149.3000030517578,149.4199981689453,149.25,149.35000610351562,51179
2026-06-26 12:20:00-04:00,149.36000061035156,149.40499877929688,149.0800018310547,149.15499877929688,52641
2026-06-26 12:25:00-04:00,149.14999389648438,149.30999755859375,149.0850067138672,149.25999450683594,45863
2026-06-26 12:30:00-04:00,149.27000427246094,149.36000061035156,149.25999450683594,149.27499389648438,43224
2026-06-26 12:35:00-04:00,149.2899932861328,149.30999755859375,149.2100067138672,149.25,39850
2026-06-26 12:40:00-04:00,149.27000427246094,149.41000366210938,149.19000244140625,149.27499389648438,44120
2026-06-26 12:45:00-04:00,149.27499389648438,149.27499389648438,149.1199951171875,149.22000122070312,43222
2026-06-26 12:50:00-04:00,149.17999267578125,149.22000122070312,149.14500427246094,149.1699981689453,31613
2026-06-26 12:55:00-04:00,149.1699981689453,149.22000122070312,149.1300048828125,149.17999267578125,38845
2026-06-26 13:00:00-04:00,149.1649932861328,149.17999267578125,149.0500030517578,149.0500030517578,166774
2026-06-26 13:05:00-04:00,149.05999755859375,149.07000732421875,148.89999389648438,148.9149932861328,64854
2026-06-26 13:10:00-04:00,148.90499877929688,148.97999572753906,148.75,148.84500122070312,59293
2026-06-26 13:15:00-04:00,148.86000061035156,148.97000122070312,148.85000610351562,148.86500549316406,53395
2026-06-26 13:20:00-04:00,148.86500549316406,148.8800048828125,148.68499755859375,148.6999969482422,55106
2026-06-26 13:25:00-04:00,148.6999969482422,148.84500122070312,148.66000366210938,148.84500122070312,54689
2026-06-26 13:30:00-04:00,148.84500122070312,148.94000244140625,148.8000030517578,148.88999938964844,59164
2026-06-26 13:35:00-04:00,148.89999389648438,148.9199981689453,148.6999969482422,148.70509338378906,48127
2026-06-26 13:40:00-04:00,148.69000244140625,148.72279357910156,148.57000732421875,148.5800018310547,46523
2026-06-26 13:45:00-04:00,148.57000732421875,148.64999389648438,148.52499389648438,148.5749969482422,68741
2026-06-26 13:50:00-04:00,148.55999755859375,148.67999267578125,148.52000427246094,148.67999267578125,52208
2026-06-26 13:55:00-04:00,148.66000366210938,148.66000366210938,148.4199981689453,148.52999877929688,72395
2026-06-26 14:00:00-04:00,148.5399932861328,148.74000549316406,148.5,148.72000122070312,55678
2026-06-26 14:05:00-04:00,148.718994140625,148.84500122070312,148.67999267578125,148.77999877929688,43266
2026-06-26 14:10:00-04:00,148.8000030517578,148.88999938964844,148.7899932861328,148.83999633789062,46665
2026-06-26 14:15:00-04:00,148.83999633789062,148.94000244140625,148.8300018310547,148.9149932861328,41275
2026-06-26 14:20:00-04:00,148.91749572753906,149.02999877929688,148.91000366210938,149.0050048828125,46800
2026-06-26 14:25:00-04:00,148.99000549316406,149.11500549316406,148.9499969482422,149.11500549316406,45235
2026-06-26 14:30:00-04:00,149.13999938964844,149.19000244140625,149.0601043701172,149.07000732421875,63999
2026-06-26 14:35:00-04:00,149.0749969482422,149.1999969482422,149.05999755859375,149.0800018310547,73564
2026-06-26 14:40:00-04:00,149.0800018310547,149.18499755859375,149.0500030517578,149.13499450683594,45171
2026-06-26 14:45:00-04:00,149.1300048828125,149.13999938964844,148.94000244140625,149.0399932861328,74352
2026-06-26 14:50:00-04:00,149.00999450683594,149.08999633789062,148.9600067138672,149.07000732421875,53511
2026-06-26 14:55:00-04:00,149.07000732421875,149.13999938964844,149.0399932861328,149.0800018310547,58316
2026-06-26 15:00:00-04:00,149.08999633789062,149.14599609375,149.00270080566406,149.00270080566406,71490
2026-06-26 15:05:00-04:00,149.02999877929688,149.14999389648438,148.97999572753906,148.99000549316406,61948
2026-06-26 15:10:00-04:00,148.99000549316406,149.26145935058594,148.99000549316406,149.22999572753906,90841
2026-06-26 15:15:00-04:00,149.22999572753906,149.30499267578125,149.21499633789062,149.28500366210938,64281
2026-06-26 15:20:00-04:00,149.27999877929688,149.3000030517578,148.89999389648438,149.20249938964844,106422
2026-06-26 15:25:00-04:00,149.2050018310547,149.28500366210938,149.05999755859375,149.05999755859375,98526
2026-06-26 15:30:00-04:00,149.05999755859375,149.0800018310547,148.74009704589844,148.94000244140625,131839
2026-06-26 15:35:00-04:00,148.9199981689453,149.1699981689453,148.8300018310547,149.10000610351562,138773
2026-06-26 15:40:00-04:00,149.09500122070312,149.1699981689453,148.88999938964844,149.0399932861328,130239
2026-06-26 15:45:00-04:00,149.02000427246094,149.14999389648438,148.44000244140625,148.9199981689453,282038
2026-06-26 15:50:00-04:00,148.94000244140625,149.74000549316406,148.92999267578125,149.66000366210938,352117
2026-06-26 15:55:00-04:00,149.6999969482422,149.99000549316406,148.8800048828125,148.94000244140625,1106120
2026-06-29 09:30:00-04:00,148.72500610351562,149.0500030517578,148.02999877929688,148.4550018310547,284115
2026-06-29 09:35:00-04:00,148.44000244140625,148.77000427246094,148.14999389648438,148.2449951171875,108997
2026-06-29 09:40:00-04:00,148.2233428955078,148.38999938964844,147.8800048828125,148.0500030517578,114366
2026-06-29 09:45:00-04:00,148.1699981689453,148.22000122070312,147.50999450683594,147.74249267578125,155071
2026-06-29 09:50:00-04:00,147.75999450683594,148.02000427246094,147.13999938964844,147.75,142535
2026-06-29 09:55:00-04:00,147.75,147.9250030517578,147.5399932861328,147.64999389648438,129130
2026-06-29 10:00:00-04:00,147.69000244140625,148.30999755859375,147.60000610351562,148.3000030517578,131131
2026-06-29 10:05:00-04:00,148.34959411621094,148.3800048828125,147.9499969482422,148.02000427246094,108676
2026-06-29 10:10:00-04:00,148.00999450683594,148.46499633789062,148.0050048828125,148.22999572753906,140378
2026-06-29 10:15:00-04:00,148.22999572753906,148.63999938964844,148.1699981689453,148.27999877929688,97437
2026-06-29 10:20:00-04:00,148.25999450683594,148.4149932861328,148.13999938964844,148.1999969482422,75457
2026-06-29 10:25:00-04:00,148.24000549316406,148.35000610351562,147.97000122070312,147.97000122070312,97604
2026-06-29 10:30:00-04:00,147.9600067138672,148.22999572753906,147.86000061035156,148.0500030517578,99625
2026-06-29 10:35:00-04:00,148.02999877929688,148.27000427246094,147.88999938964844,147.9600067138672,105470
2026-06-29 10:40:00-04:00,147.92999267578125,148.0850067138672,147.75999450683594,147.97000122070312,86048
2026-06-29 10:45:00-04:00,147.96499633789062,148.3000030517578,147.9199981689453,147.9199981689453,1002474
2026-06-29 10:50:00-04:00,147.91000366210938,148.0399932861328,147.7100067138672,147.9499969482422,71615
2026-06-29 10:55:00-04:00,147.97500610351562,148.05999755859375,147.75999450683594,147.8000030517578,56220
2026-06-29 11:00:00-04:00,147.8000030517578,147.8350067138672,147.61000061035156,147.8000030517578,63958
2026-06-29 11:05:00-04:00,147.8249969482422,147.97000122070312,147.69119262695312,147.77000427246094,57201
2026-06-29 11:10:00-04:00,147.7899932861328,147.8800048828125,147.69000244140625,147.7899932861328,47557
2026-06-29 11:15:00-04:00,147.75999450683594,147.97500610351562,147.6999969482422,147.94000244140625,59802
2026-06-29 11:20:00-04:00,147.9199981689453,148.08999633789062,147.83999633789062,148.0800018310547,59483
2026-06-29 11:25:00-04:00,148.05999755859375,148.05999755859375,147.72999572753906,147.77000427246094,97156
2026-06-29 11:30:00-04:00,147.77999877929688,147.77999877929688,147.5399932861328,147.5399932861328,60857
2026-06-29 11:35:00-04:00,147.52999877929688,147.61000061035156,147.33999633789062,147.58999633789062,83482
2026-06-29 11:40:00-04:00,147.5850067138672,147.60000610351562,147.3000030517578,147.42999267578125,80925
2026-06-29 11:45:00-04:00,147.42999267578125,147.6199951171875,147.39999389648438,147.5749969482422,60121
2026-06-29 11:50:00-04:00,147.5749969482422,147.58999633789062,147.4199981689453,147.46499633789062,53772
2026-06-29 11:55:00-04:00,147.4600067138672,147.5800018310547,147.4600067138672,147.5500030517578,53766
2026-06-29 12:00:00-04:00,147.55999755859375,147.69500732421875,147.5,147.6649932861328,71062
2026-06-29 12:05:00-04:00,147.67999267578125,147.82000732421875,147.64999389648438,147.72000122070312,55295
2026-06-29 12:10:00-04:00,147.74000549316406,147.86000061035156,147.63499450683594,147.80999755859375,52209
2026-06-29 12:15:00-04:00,147.80999755859375,147.80999755859375,147.52499389648438,147.5399932861328,49036
2026-06-29 12:20:00-04:00,147.52999877929688,147.5800018310547,147.47000122070312,147.5500030517578,51416
2026-06-29 12:25:00-04:00,147.5449981689453,147.77000427246094,147.53500366210938,147.77000427246094,52618
2026-06-29 12:30:00-04:00,147.75999450683594,147.80999755859375,147.63999938964844,147.80999755859375,64187
2026-06-29 12:35:00-04:00,147.80499267578125,147.80999755859375,147.68499755859375,147.7050018310547,50877
2026-06-29 12:40:00-04:00,147.69000244140625,147.69000244140625,147.58999633789062,147.59500122070312,47605
2026-06-29 12:45:00-04:00,147.5800018310547,147.6300048828125,147.44000244140625,147.52499389648438,58255
2026-06-29 12:50:00-04:00,147.5399932861328,147.58999633789062,147.4499969482422,147.52999877929688,41652
2026-06-29 12:55:00-04:00,147.52999877929688,147.6300048828125,147.52999877929688,147.625,37938
2026-06-29 13:00:00-04:00,147.6199951171875,147.63999938964844,147.41000366210938,147.5500030517578,76764
2026-06-29 13:05:00-04:00,147.57000732421875,147.5850067138672,147.26100158691406,147.44500732421875,139897
2026-06-29 13:10:00-04:00,147.44500732421875,147.5449981689453,147.41000366210938,147.4499969482422,47021
2026-06-29 13:15:00-04:00,147.4550018310547,147.47999572753906,147.22000122070312,147.22000122070312,35747
2026-06-29 13:20:00-04:00,147.24000549316406,147.36500549316406,147.2100067138672,147.25999450683594,44362
2026-06-29 13:25:00-04:00,147.3000030517578,147.3000030517578,147.13999938964844,147.22999572753906,47242
2026-06-29 13:30:00-04:00,147.24000549316406,147.26499938964844,147.0399932861328,147.1300048828125,83794
2026-06-29 13:35:00-04:00,147.1199951171875,147.1999053955078,147.07000732421875,147.1199951171875,62895
2026-06-29 13:40:00-04:00,147.1300048828125,147.19500732421875,147.05999755859375,147.07000732421875,59412
2026-06-29 13:45:00-04:00,147.0800018310547,147.1649932861328,147.0601043701172,147.14500427246094,52454
2026-06-29 13:50:00-04:00,147.1300048828125,147.32899475097656,147.1300048828125,147.3000030517578,44204
2026-06-29 13:55:00-04:00,147.3000030517578,147.3800048828125,147.2899932861328,147.3800048828125,42231
2026-06-29 14:00:00-04:00,147.38999938964844,147.61000061035156,147.25999450683594,147.61000061035156,65024
2026-06-29 14:05:00-04:00,147.6199951171875,147.67999267578125,147.49000549316406,147.49000549316406,64249
2026-06-29 14:10:00-04:00,147.5,147.52000427246094,147.44000244140625,147.47000122070312,41928
2026-06-29 14:15:00-04:00,147.47500610351562,147.52000427246094,147.4250030517578,147.5050048828125,39416
2026-06-29 14:20:00-04:00,147.5050048828125,147.5399932861328,147.46499633789062,147.49000549316406,45658
2026-06-29 14:25:00-04:00,147.47999572753906,147.50999450683594,147.36000061035156,147.5,78541
2026-06-29 14:30:00-04:00,147.49000549316406,147.5500030517578,147.39999389648438,147.5,110420
2026-06-29 14:35:00-04:00,147.5,147.58999633789062,147.4499969482422,147.5800018310547,60191
2026-06-29 14:40:00-04:00,147.5800018310547,147.61000061035156,147.43499755859375,147.5050048828125,62711
2026-06-29 14:45:00-04:00,147.52000427246094,147.7100067138672,147.5,147.6699981689453,73840
2026-06-29 14:50:00-04:00,147.68499755859375,147.72999572753906,147.65499877929688,147.69000244140625,56711
2026-06-29 14:55:00-04:00,147.7100067138672,147.92999267578125,147.6199951171875,147.8699951171875,72938
2026-06-29 15:00:00-04:00,147.8800048828125,148.1699981689453,147.7899932861328,148.16000366210938,69020
2026-06-29 15:05:00-04:00,148.14999389648438,148.19000244140625,148.0,148.0800018310547,79535
2026-06-29 15:10:00-04:00,148.0850067138672,148.11000061035156,147.99000549316406,148.05999755859375,53347
2026-06-29 15:15:00-04:00,148.05499267578125,148.10000610351562,148.00999450683594,148.07000732421875,75178
2026-06-29 15:20:00-04:00,148.06500244140625,148.07000732421875,147.85000610351562,147.97000122070312,78984
2026-06-29 15:25:00-04:00,147.97250366210938,148.14999389648438,147.92999267578125,148.0800018310547,79222
2026-06-29 15:30:00-04:00,148.0800018310547,148.1199951171875,147.8699951171875,147.88499450683594,89236
2026-06-29 15:35:00-04:00,147.8699951171875,147.9550018310547,147.63999938964844,147.63999938964844,98241
2026-06-29 15:40:00-04:00,147.6199951171875,147.6199951171875,147.47999572753906,147.52999877929688,103842
2026-06-29 15:45:00-04:00,147.52000427246094,147.97000122070312,147.47999572753906,147.91000366210938,206169
2026-06-29 15:50:00-04:00,147.94000244140625,148.1199951171875,147.82000732421875,147.8800048828125,263234
2026-06-29 15:55:00-04:00,147.8699951171875,148.55999755859375,147.80999755859375,148.3800048828125,788927
2026-06-30 09:30:00-04:00,147.52999877929688,147.52999877929688,145.35000610351562,145.75390625,329296
2026-06-30 09:35:00-04:00,145.55999755859375,146.1999969482422,144.86000061035156,146.1199951171875,188430
2026-06-30 09:40:00-04:00,146.15380859375,146.2050018310547,145.6199951171875,145.64500427246094,70980
2026-06-30 09:45:00-04:00,145.6199951171875,145.94000244140625,145.41009521484375,145.7949981689453,65847
2026-06-30 09:50:00-04:00,145.75999450683594,145.75999450683594,145.47999572753906,145.64500427246094,65157
2026-06-30 09:55:00-04:00,145.61000061035156,145.67999267578125,144.9600067138672,145.02000427246094,105771
2026-06-30 10:00:00-04:00,145.0,145.32000732421875,144.66000366210938,144.72000122070312,112491
2026-06-30 10:05:00-04:00,144.72999572753906,144.8249969482422,144.5399932861328,144.6699981689453,99197
2026-06-30 10:10:00-04:00,144.7899932861328,144.83999633789062,144.5399932861328,144.6999969482422,103345
2026-06-30 10:15:00-04:00,144.69000244140625,144.8000030517578,144.3800048828125,144.44000244140625,105531
2026-06-30 10:20:00-04:00,144.47999572753906,144.80999755859375,144.43499755859375,144.53500366210938,61160
2026-06-30 10:25:00-04:00,144.51499938964844,144.5800018310547,144.1699981689453,144.26499938964844,75240
2026-06-30 10:30:00-04:00,144.25999450683594,144.82000732421875,144.25999450683594,144.6699981689453,99896
2026-06-30 10:35:00-04:00,144.6898956298828,144.99000549316406,144.57000732421875,144.66656494140625,51274
2026-06-30 10:40:00-04:00,144.6999969482422,144.7899932861328,144.61000061035156,144.72000122070312,46154
2026-06-30 10:45:00-04:00,144.72999572753906,144.77999877929688,144.47999572753906,144.52000427246094,54586
2026-06-30 10:50:00-04:00,144.51499938964844,144.86000061035156,144.4949951171875,144.67999267578125,48172
2026-06-30 10:55:00-04:00,144.72999572753906,144.82000732421875,144.61109924316406,144.7100067138672,69730
2026-06-30 11:00:00-04:00,144.71499633789062,145.35000610351562,144.71499633789062,145.27999877929688,54849
2026-06-30 11:05:00-04:00,145.27999877929688,145.34500122070312,145.13999938964844,145.23500061035156,80064
2026-06-30 11:10:00-04:00,145.2449951171875,145.39999389648438,145.16000366210938,145.30999755859375,100310
2026-06-30 11:15:00-04:00,145.2899932861328,145.40499877929688,145.16000366210938,145.28500366210938,108611
2026-06-30 11:20:00-04:00,145.2899932861328,145.42649841308594,145.22999572753906,145.22999572753906,65753
2026-06-30 11:25:00-04:00,145.24000549316406,145.3300018310547,145.1300048828125,145.14999389648438,110669
2026-06-30 11:30:00-04:00,145.1300048828125,145.39999389648438,145.11680603027344,145.3800048828125,57337
2026-06-30 11:35:00-04:00,145.375,145.89999389648438,145.375,145.75,73452
2026-06-30 11:40:00-04:00,145.72999572753906,145.8699951171875,145.6699981689453,145.7449951171875,35601
2026-06-30 11:45:00-04:00,145.8000030517578,145.9600067138672,145.75999450683594,145.9499969482422,28915
2026-06-30 11:50:00-04:00,145.89999389648438,145.92999267578125,145.7100067138672,145.88119506835938,65558
2026-06-30 11:55:00-04:00,145.89500427246094,146.17999267578125,145.86500549316406,146.17999267578125,57429
2026-06-30 12:00:00-04:00,146.1750030517578,146.25,146.05999755859375,146.07000732421875,49128
2026-06-30 12:05:00-04:00,146.05999755859375,146.2100067138672,146.0500030517578,146.2100067138672,25293
2026-06-30 12:10:00-04:00,146.2100067138672,146.27999877929688,146.16000366210938,146.27999877929688,29068
2026-06-30 12:15:00-04:00,146.25999450683594,146.2899932861328,146.1699981689453,146.27499389648438,33484
2026-06-30 12:20:00-04:00,146.25,146.27000427246094,146.16000366210938,146.2050018310547,29581
2026-06-30 12:25:00-04:00,146.19000244140625,146.34500122070312,146.1699981689453,146.34500122070312,34092
2026-06-30 12:30:00-04:00,146.3101043701172,146.3800048828125,146.21499633789062,146.27999877929688,38757
2026-06-30 12:35:00-04:00,146.25999450683594,146.27999877929688,146.10000610351562,146.14999389648438,31760
2026-06-30 12:40:00-04:00,146.1699981689453,146.30999755859375,146.14500427246094,146.25999450683594,26124
2026-06-30 12:45:00-04:00,146.25399780273438,146.2550048828125,146.04010009765625,146.05999755859375,29270
2026-06-30 12:50:00-04:00,146.07000732421875,146.11000061035156,146.0,146.00999450683594,31381
2026-06-30 12:55:00-04:00,146.00999450683594,146.19000244140625,146.0,146.16000366210938,19601
2026-06-30 13:00:00-04:00,146.14999389648438,146.14999389648438,146.02999877929688,146.08999633789062,30647
2026-06-30 13:05:00-04:00,146.05999755859375,146.0800018310547,145.99000549316406,146.06500244140625,32190
2026-06-30 13:10:00-04:00,146.0800018310547,146.1699981689453,146.0399932861328,146.14999389648438,148321
2026-06-30 13:15:00-04:00,146.1699981689453,146.17999267578125,146.1199951171875,146.125,25315
2026-06-30 13:20:00-04:00,146.13999938964844,146.22999572753906,146.08999633789062,146.17999267578125,36463
2026-06-30 13:25:00-04:00,146.1699981689453,146.3509063720703,146.1699981689453,146.3101043701172,32877
2026-06-30 13:30:00-04:00,146.32000732421875,146.4084930419922,146.27999877929688,146.3300018310547,30546
2026-06-30 13:35:00-04:00,146.3300018310547,146.3699951171875,146.2899932861328,146.33999633789062,30738
2026-06-30 13:40:00-04:00,146.32000732421875,146.44000244140625,146.2899932861328,146.38999938964844,30208
2026-06-30 13:45:00-04:00,146.39999389648438,146.5,146.36099243164062,146.4499969482422,51515
2026-06-30 13:50:00-04:00,146.47000122070312,146.56500244140625,146.40499877929688,146.4600067138672,28677
2026-06-30 13:55:00-04:00,146.4499969482422,146.47500610351562,146.3800048828125,146.41000366210938,51418
2026-06-30 14:00:00-04:00,146.40499877929688,146.5,146.3800048828125,146.44000244140625,40074
2026-06-30 14:05:00-04:00,146.4550018310547,146.5449981689453,146.4550018310547,146.50999450683594,29375
2026-06-30 14:10:00-04:00,146.52499389648438,146.66000366210938,146.52499389648438,146.66000366210938,33316
2026-06-30 14:15:00-04:00,146.6699981689453,146.67210388183594,146.5749969482422,146.63999938964844,21281
2026-06-30 14:20:00-04:00,146.67999267578125,146.75,146.63999938964844,146.72000122070312,22627
2026-06-30 14:25:00-04:00,146.6999969482422,146.6999969482422,146.6300048828125,146.66000366210938,38622
2026-06-30 14:30:00-04:00,146.64999389648438,146.66000366210938,146.52999877929688,146.5449981689453,35118
2026-06-30 14:35:00-04:00,146.5399932861328,146.6999969482422,146.52999877929688,146.67999267578125,42616
2026-06-30 14:40:00-04:00,146.6999969482422,146.75990295410156,146.6300048828125,146.70010375976562,48037
2026-06-30 14:45:00-04:00,146.6999969482422,146.80850219726562,146.6199951171875,146.78500366210938,23009
2026-06-30 14:50:00-04:00,146.80999755859375,146.92999267578125,146.7899932861328,146.86500549316406,40992
2026-06-30 14:55:00-04:00,146.86500549316406,146.90499877929688,146.74000549316406,146.77999877929688,41883
2026-06-30 15:00:00-04:00,146.75999450683594,146.875,146.72999572753906,146.7899932861328,55766
2026-06-30 15:05:00-04:00,146.77000427246094,146.77000427246094,146.60009765625,146.61000061035156,46210
2026-06-30 15:10:00-04:00,146.63499450683594,146.77999877929688,146.60000610351562,146.76849365234375,40832
2026-06-30 15:15:00-04:00,146.7550048828125,146.83999633789062,146.6999969482422,146.72999572753906,56182
2026-06-30 15:20:00-04:00,146.74000549316406,146.8000030517578,146.61000061035156,146.72459411621094,51432
2026-06-30 15:25:00-04:00,146.72999572753906,146.89999389648438,146.72500610351562,146.75,65659
2026-06-30 15:30:00-04:00,146.77000427246094,146.7899932861328,146.47000122070312,146.47999572753906,77157
2026-06-30 15:35:00-04:00,146.48500061035156,146.55499267578125,146.3300018310547,146.3300018310547,66068
2026-06-30 15:40:00-04:00,146.2899932861328,146.39500427246094,146.2449951171875,146.25999450683594,83731
2026-06-30 15:45:00-04:00,146.24000549316406,146.5399932861328,146.2100067138672,146.3800048828125,129445
2026-06-30 15:50:00-04:00,146.38999938964844,146.50999450683594,146.2550048828125,146.42999267578125,253678
2026-06-30 15:55:00-04:00,146.42999267578125,146.6199951171875,146.24000549316406,146.50999450683594,1182332
2026-07-01 09:30:00-04:00,146.52499389648438,146.52499389648438,145.6699981689453,146.1300048828125,337470
2026-07-01 09:35:00-04:00,146.19000244140625,146.3800048828125,145.55999755859375,145.9250030517578,107694
2026-07-01 09:40:00-04:00,145.93798828125,146.25,145.5500030517578,146.06500244140625,147297
2026-07-01 09:45:00-04:00,146.06500244140625,146.5800018310547,145.86500549316406,146.4199981689453,147260
2026-07-01 09:50:00-04:00,146.41000366210938,146.6999969482422,146.35499572753906,146.63499450683594,67786
2026-07-01 09:55:00-04:00,146.63499450683594,146.72000122070312,146.3800048828125,146.5,139442
2026-07-01 10:00:00-04:00,146.5,146.7698974609375,146.4499969482422,146.59500122070312,53130
2026-07-01 10:05:00-04:00,146.5449981689453,146.77999877929688,146.4600067138672,146.75,66749
2026-07-01 10:10:00-04:00,146.7050018310547,146.75999450683594,146.5399932861328,146.72999572753906,63019
2026-07-01 10:15:00-04:00,146.7449951171875,146.82000732421875,146.19500732421875,146.5399932861328,72114
2026-07-01 10:20:00-04:00,146.58999633789062,146.82000732421875,146.58999633789062,146.7550048828125,49110
2026-07-01 10:25:00-04:00,146.75999450683594,146.82000732421875,146.625,146.82000732421875,154475
2026-07-01 10:30:00-04:00,146.77000427246094,146.88999938964844,146.5800018310547,146.7050018310547,328805
2026-07-01 10:35:00-04:00,146.67999267578125,146.8300018310547,146.58999633789062,146.66000366210938,71143
2026-07-01 10:40:00-04:00,146.6199951171875,146.88999938964844,146.61000061035156,146.84500122070312,55892
2026-07-01 10:45:00-04:00,146.84500122070312,147.1999969482422,146.84500122070312,146.8699951171875,89341
2026-07-01 10:50:00-04:00,146.85499572753906,146.89999389648438,146.64999389648438,146.77499389648438,58836
2026-07-01 10:55:00-04:00,146.77999877929688,147.02999877929688,146.77999877929688,146.86000061035156,60011
2026-07-01 11:00:00-04:00,146.8699951171875,146.8699951171875,146.60000610351562,146.64999389648438,90156
2026-07-01 11:05:00-04:00,146.6699981689453,146.82369995117188,146.57000732421875,146.69000244140625,64737
2026-07-01 11:10:00-04:00,146.6649932861328,146.75999450683594,146.5,146.5500030517578,35624
2026-07-01 11:15:00-04:00,146.52999877929688,146.52999877929688,146.10009765625,146.25,83362
2026-07-01 11:20:00-04:00,146.2449951171875,146.41000366210938,146.11000061035156,146.3000030517578,142547
2026-07-01 11:25:00-04:00,146.3000030517578,146.35000610351562,146.0500030517578,146.0500030517578,81684
2026-07-01 11:30:00-04:00,146.06500244140625,146.1199951171875,145.89999389648438,146.0399932861328,72129
2026-07-01 11:35:00-04:00,146.0399932861328,146.34500122070312,146.0,146.22999572753906,167697
2026-07-01 11:40:00-04:00,146.22999572753906,146.38189697265625,146.1649932861328,146.23500061035156,67339
2026-07-01 11:45:00-04:00,146.23500061035156,146.39599609375,146.23500061035156,146.35499572753906,32729
2026-07-01 11:50:00-04:00,146.3699951171875,146.44000244140625,146.32000732421875,146.42999267578125,34793
2026-07-01 11:55:00-04:00,146.43499755859375,146.43499755859375,146.2899932861328,146.4149932861328,35699
2026-07-01 12:00:00-04:00,146.39999389648438,146.59750366210938,146.28500366210938,146.52000427246094,69348
2026-07-01 12:05:00-04:00,146.51499938964844,146.5749969482422,146.4600067138672,146.50999450683594,54329
2026-07-01 12:10:00-04:00,146.50999450683594,147.07000732421875,146.4149932861328,146.92999267578125,96021
2026-07-01 12:15:00-04:00,146.94000244140625,146.94000244140625,146.8350067138672,146.88499450683594,34341
2026-07-01 12:20:00-04:00,146.89500427246094,146.9199981689453,146.82000732421875,146.86000061035156,30582
2026-07-01 12:25:00-04:00,146.85000610351562,146.85049438476562,146.7550048828125,146.85049438476562,31845
2026-07-01 12:30:00-04:00,146.86160278320312,146.97999572753906,146.8300018310547,146.97000122070312,41389
2026-07-01 12:35:00-04:00,146.97000122070312,147.02999877929688,146.92999267578125,146.99000549316406,60795
2026-07-01 12:40:00-04:00,146.99000549316406,147.0,146.9001007080078,146.92999267578125,44217
2026-07-01 12:45:00-04:00,146.91000366210938,146.92999267578125,146.8300018310547,146.875,43307
2026-07-01 12:50:00-04:00,146.86000061035156,146.89500427246094,146.77999877929688,146.8300018310547,46108
2026-07-01 12:55:00-04:00,146.82000732421875,146.8350067138672,146.69000244140625,146.7100067138672,37497
2026-07-01 13:00:00-04:00,146.7100067138672,146.7100067138672,146.55499267578125,146.6501007080078,37068
2026-07-01 13:05:00-04:00,146.6699981689453,146.77000427246094,146.66000366210938,146.66000366210938,49557
2026-07-01 13:10:00-04:00,146.6699981689453,146.72999572753906,146.6300048828125,146.66000366210938,41484
2026-07-01 13:15:00-04:00,146.65499877929688,146.69000244140625,146.56500244140625,146.58999633789062,39468
2026-07-01 13:20:00-04:00,146.5850067138672,146.6199951171875,146.47999572753906,146.5124969482422,36477
2026-07-01 13:25:00-04:00,146.5,146.5,146.38499450683594,146.39500427246094,40340
2026-07-01 13:30:00-04:00,146.3800048828125,146.3800048828125,146.25,146.3350067138672,55561
2026-07-01 13:35:00-04:00,146.3300018310547,146.36000061035156,146.25999450683594,146.27999877929688,53058
2026-07-01 13:40:00-04:00,146.25999450683594,146.34500122070312,146.25999450683594,146.25999450683594,40582
2026-07-01 13:45:00-04:00,146.25,146.25,146.11000061035156,146.1750030517578,32355
2026-07-01 13:50:00-04:00,146.1699981689453,146.1699981689453,146.0449981689453,146.05499267578125,38237
2026-07-01 13:55:00-04:00,146.0500030517578,146.2100067138672,146.0399932861328,146.13250732421875,70289
2026-07-01 14:00:00-04:00,146.13070678710938,146.25,146.08999633789062,146.22999572753906,58297
2026-07-01 14:05:00-04:00,146.22999572753906,146.24000549316406,146.00999450683594,146.125,60983
2026-07-01 14:10:00-04:00,146.1300048828125,146.19000244140625,145.88999938964844,145.89999389648438,62234
2026-07-01 14:15:00-04:00,145.88999938964844,145.89010620117188,145.7449951171875,145.86000061035156,92608
2026-07-01 14:20:00-04:00,145.8699951171875,145.97999572753906,145.77499389648438,145.92999267578125,60309
2026-07-01 14:25:00-04:00,145.92999267578125,145.9499969482422,145.8800048828125,145.9199981689453,45749
2026-07-01 14:30:00-04:00,145.91000366210938,146.02499389648438,145.8800048828125,145.9149932861328,56516
2026-07-01 14:35:00-04:00,145.9199981689453,146.11000061035156,145.8800048828125,146.11000061035156,51033
2026-07-01 14:40:00-04:00,146.11000061035156,146.4550018310547,146.10000610351562,146.41000366210938,66707
2026-07-01 14:45:00-04:00,146.41000366210938,146.5,146.39999389648438,146.44500732421875,34781
2026-07-01 14:50:00-04:00,146.4600067138672,146.60000610351562,146.4199981689453,146.4499969482422,51809
2026-07-01 14:55:00-04:00,146.44500732421875,146.5500030517578,146.4199981689453,146.52999877929688,48629
2026-07-01 15:00:00-04:00,146.51499938964844,146.6300048828125,146.4600067138672,146.52000427246094,59910
2026-07-01 15:05:00-04:00,146.51499938964844,146.57000732421875,146.42999267578125,146.44500732421875,53610
2026-07-01 15:10:00-04:00,146.44000244140625,146.47000122070312,146.2899932861328,146.44000244140625,44277
2026-07-01 15:15:00-04:00,146.43499755859375,146.7100067138672,146.38999938964844,146.67999267578125,115369
2026-07-01 15:20:00-04:00,146.69000244140625,146.85000610351562,146.60000610351562,146.75,85682
2026-07-01 15:25:00-04:00,146.7550048828125,146.91000366210938,146.72999572753906,146.77000427246094,70043
2026-07-01 15:30:00-04:00,146.77000427246094,146.80999755859375,146.6649932861328,146.6649932861328,150198
2026-07-01 15:35:00-04:00,146.7100067138672,146.97000122070312,146.7100067138672,146.85499572753906,47619
2026-07-01 15:40:00-04:00,146.8780059814453,146.94000244140625,146.8300018310547,146.92999267578125,59155
2026-07-01 15:45:00-04:00,146.91000366210938,146.92999267578125,146.80999755859375,146.86000061035156,91127
2026-07-01 15:50:00-04:00,146.8800048828125,147.14500427246094,146.8300018310547,147.0850067138672,168258
2026-07-01 15:55:00-04:00,147.10000610351562,147.5,147.0800018310547,147.44500732421875,583809
2026-07-02 09:30:00-04:00,148.5800018310547,149.42999267578125,148.27000427246094,149.35000610351562,251179
2026-07-02 09:35:00-04:00,149.5,150.1199951171875,149.26499938964844,150.11000061035156,83078
2026-07-02 09:40:00-04:00,150.0399932861328,150.08999633789062,149.35000610351562,149.42820739746094,165166
2026-07-02 09:45:00-04:00,149.4499969482422,149.82000732421875,148.6501007080078,148.7100067138672,155253
2026-07-02 09:50:00-04:00,148.77000427246094,148.77000427246094,148.0,148.25,174330
2026-07-02 09:55:00-04:00,148.22000122070312,148.42999267578125,147.77499389648438,147.84500122070312,227410
2026-07-02 10:00:00-04:00,147.9199981689453,147.97999572753906,147.73500061035156,147.80999755859375,42983
2026-07-02 10:05:00-04:00,147.85000610351562,148.52789306640625,147.85000610351562,148.47000122070312,125747
2026-07-02 10:10:00-04:00,148.41000366210938,148.67959594726562,148.10000610351562,148.17999267578125,67895
2026-07-02 10:15:00-04:00,148.22000122070312,148.6199951171875,148.16000366210938,148.27000427246094,67984
2026-07-02 10:20:00-04:00,148.25,148.47000122070312,148.19000244140625,148.44009399414062,67343
2026-07-02 10:25:00-04:00,148.49000549316406,148.80999755859375,148.47999572753906,148.74000549316406,72916
2026-07-02 10:30:00-04:00,148.77499389648438,149.31500244140625,148.72999572753906,149.22999572753906,65849
2026-07-02 10:35:00-04:00,149.1999969482422,149.30990600585938,148.89999389648438,149.22000122070312,36593
2026-07-02 10:40:00-04:00,149.16000366210938,149.75999450683594,149.14999389648438,149.47500610351562,42298
2026-07-02 10:45:00-04:00,149.47500610351562,149.63999938964844,149.24000549316406,149.51499938964844,39632
2026-07-02 10:50:00-04:00,149.52499389648438,149.91000366210938,149.44000244140625,149.73500061035156,70475
2026-07-02 10:55:00-04:00,149.7100067138672,149.97000122070312,149.6540069580078,149.69000244140625,71985
2026-07-02 11:00:00-04:00,149.67999267578125,150.2100067138672,149.66000366210938,150.2100067138672,44776
2026-07-02 11:05:00-04:00,150.19000244140625,150.39500427246094,150.1699981689453,150.25,60306
2026-07-02 11:10:00-04:00,150.25,150.5500030517578,150.19000244140625,150.5050048828125,38173
2026-07-02 11:15:00-04:00,150.47000122070312,150.77000427246094,150.3800048828125,150.67999267578125,78408
2026-07-02 11:20:00-04:00,150.6699981689453,150.69500732421875,150.5,150.5500030517578,52653
2026-07-02 11:25:00-04:00,150.5500030517578,150.72000122070312,150.39999389648438,150.67999267578125,49052
2026-07-02 11:30:00-04:00,150.69000244140625,150.69000244140625,150.38999938964844,150.38999938964844,58907
2026-07-02 11:35:00-04:00,150.38999938964844,150.38999938964844,150.07000732421875,150.27999877929688,28971
2026-07-02 11:40:00-04:00,150.2949981689453,150.5388946533203,150.19000244140625,150.4700927734375,31420
2026-07-02 11:45:00-04:00,150.47999572753906,150.52499389648438,150.32000732421875,150.51499938964844,41615
2026-07-02 11:50:00-04:00,150.52999877929688,150.66000366210938,150.38999938964844,150.6199951171875,47273
2026-07-02 11:55:00-04:00,150.63999938964844,150.75,150.61000061035156,150.73500061035156,32856
2026-07-02 12:00:00-04:00,150.73500061035156,150.8800048828125,150.69000244140625,150.77000427246094,32903
2026-07-02 12:05:00-04:00,150.75,151.139892578125,150.72000122070312,151.1199951171875,51535
2026-07-02 12:10:00-04:00,151.1300048828125,151.16000366210938,150.65499877929688,150.6750030517578,54965
2026-07-02 12:15:00-04:00,150.63999938964844,150.84500122070312,150.63999938964844,150.84500122070312,40702
2026-07-02 12:20:00-04:00,150.875,151.1199951171875,150.86000061035156,151.0050048828125,42396
2026-07-02 12:25:00-04:00,151.02999877929688,151.1374969482422,150.91000366210938,151.08999633789062,36717
2026-07-02 12:30:00-04:00,151.0800018310547,151.27000427246094,151.0500030517578,151.27000427246094,28967
2026-07-02 12:35:00-04:00,151.26499938964844,151.47999572753906,151.1999969482422,151.2899932861328,57787
2026-07-02 12:40:00-04:00,151.25,151.25,150.8800048828125,150.9550018310547,43807
2026-07-02 12:45:00-04:00,150.9550018310547,151.11000061035156,150.91000366210938,151.0800018310547,45377
2026-07-02 12:50:00-04:00,151.05999755859375,151.11990356445312,150.94140625,151.01499938964844,41693
2026-07-02 12:55:00-04:00,151.02000427246094,151.1999969482422,151.0,151.05999755859375,37812
2026-07-02 13:00:00-04:00,151.05999755859375,151.22000122070312,151.0500030517578,151.05499267578125,45252
2026-07-02 13:05:00-04:00,151.07000732421875,151.18499755859375,150.9499969482422,151.16000366210938,35518
2026-07-02 13:10:00-04:00,151.14999389648438,151.24000549316406,150.8699951171875,150.88499450683594,35993
2026-07-02 13:15:00-04:00,150.86000061035156,150.99000549316406,150.75,150.7550048828125,35228
2026-07-02 13:20:00-04:00,150.7550048828125,150.83999633789062,150.64999389648438,150.82000732421875,31284
2026-07-02 13:25:00-04:00,150.7949981689453,150.86500549316406,150.74000549316406,150.7449951171875,27704
2026-07-02 13:30:00-04:00,150.7449951171875,150.92999267578125,150.6750030517578,150.89999389648438,47340
2026-07-02 13:35:00-04:00,150.8800048828125,150.97999572753906,150.7899932861328,150.9149932861328,46400
2026-07-02 13:40:00-04:00,150.88999938964844,150.89999389648438,150.73500061035156,150.8350067138672,32694
2026-07-02 13:45:00-04:00,150.83999633789062,151.0800018310547,150.8300018310547,151.0800018310547,46879
2026-07-02 13:50:00-04:00,151.0601043701172,151.14999389648438,150.97999572753906,151.03990173339844,52715
2026-07-02 13:55:00-04:00,151.00999450683594,151.08999633789062,150.9600067138672,151.0500030517578,49908
2026-07-02 14:00:00-04:00,151.02999877929688,151.10560607910156,151.0,151.10499572753906,46827
2026-07-02 14:05:00-04:00,151.10000610351562,151.25,151.02000427246094,151.0399932861328,85910
2026-07-02 14:10:00-04:00,151.0500030517578,151.23500061035156,151.0449981689453,151.17999267578125,47604
2026-07-02 14:15:00-04:00,151.18499755859375,151.39999389648438,151.18499755859375,151.22999572753906,54419
2026-07-02 14:20:00-04:00,151.22000122070312,151.36000061035156,151.22000122070312,151.23550415039062,37530
2026-07-02 14:25:00-04:00,151.22999572753906,151.32000732421875,151.14500427246094,151.15499877929688,49786
2026-07-02 14:30:00-04:00,151.1446075439453,151.25,151.08999633789062,151.22999572753906,53701
2026-07-02 14:35:00-04:00,151.24000549316406,151.3699951171875,151.24000549316406,151.3300018310547,49294
2026-07-02 14:40:00-04:00,151.3300018310547,151.33999633789062,151.27000427246094,151.31500244140625,35934
2026-07-02 14:45:00-04:00,151.32000732421875,151.3800048828125,151.25999450683594,151.33999633789062,42943
2026-07-02 14:50:00-04:00,151.32000732421875,151.33999633789062,151.16000366210938,151.16119384765625,56209
2026-07-02 14:55:00-04:00,151.19000244140625,151.26499938964844,151.1199951171875,151.15499877929688,49729
2026-07-02 15:00:00-04:00,151.15499877929688,151.19500732421875,150.9600067138672,151.0749969482422,65301
2026-07-02 15:05:00-04:00,151.0749969482422,151.30999755859375,151.02000427246094,151.22999572753906,53965
2026-07-02 15:10:00-04:00,151.25,151.32000732421875,151.22000122070312,151.24000549316406,53453
2026-07-02 15:15:00-04:00,151.24000549316406,151.28500366210938,151.11000061035156,151.25999450683594,48218
2026-07-02 15:20:00-04:00,151.27999877929688,151.5500030517578,151.27000427246094,151.3800048828125,73309
2026-07-02 15:25:00-04:00,151.37010192871094,151.55799865722656,151.35000610351562,151.48500061035156,100585
2026-07-02 15:30:00-04:00,151.49049377441406,151.57000732421875,151.1199951171875,151.14500427246094,78726
2026-07-02 15:35:00-04:00,151.14999389648438,151.3699951171875,151.07000732421875,151.27000427246094,75108
2026-07-02 15:40:00-04:00,151.27499389648438,151.5050048828125,151.16000366210938,151.47000122070312,63625
2026-07-02 15:45:00-04:00,151.4499969482422,151.66529846191406,151.36000061035156,151.56500244140625,128860
2026-07-02 15:50:00-04:00,151.52000427246094,151.60000610351562,151.08999633789062,151.11000061035156,254881
2026-07-02 15:55:00-04:00,151.11000061035156,151.5050048828125,150.82000732421875,151.39999389648438,791239
2026-07-06 09:30:00-04:00,150.67999267578125,151.22000122070312,149.72000122070312,150.0800018310547,439074
2026-07-06 09:35:00-04:00,149.99000549316406,150.25999450683594,149.3800048828125,149.44000244140625,141303
2026-07-06 09:40:00-04:00,149.390625,149.4600067138672,148.85499572753906,148.9600067138672,142140
2026-07-06 09:45:00-04:00,148.97999572753906,149.39999389648438,148.8300018310547,148.94500732421875,68577
2026-07-06 09:50:00-04:00,148.9499969482422,148.9499969482422,148.10499572753906,148.11000061035156,92834
2026-07-06 09:55:00-04:00,148.0,148.02999877929688,147.1999969482422,147.76499938964844,79425
2026-07-06 10:00:00-04:00,147.77000427246094,147.97999572753906,147.47000122070312,147.61000061035156,87415
2026-07-06 10:05:00-04:00,147.50999450683594,147.77000427246094,147.4600067138672,147.77000427246094,62332
2026-07-06 10:10:00-04:00,147.79010009765625,148.0850067138672,147.54029846191406,148.02499389648438,83112
2026-07-06 10:15:00-04:00,148.02499389648438,148.02499389648438,147.50889587402344,147.63999938964844,73242
2026-07-06 10:20:00-04:00,147.67999267578125,147.83999633789062,147.4949951171875,147.82000732421875,43421
2026-07-06 10:25:00-04:00,147.8300018310547,148.2100067138672,147.72999572753906,148.1199951171875,43571
2026-07-06 10:30:00-04:00,148.08970642089844,148.16000366210938,147.85000610351562,147.9949951171875,41959
2026-07-06 10:35:00-04:00,148.0,148.02999877929688,147.75,147.97479248046875,51132
2026-07-06 10:40:00-04:00,147.92999267578125,148.02499389648438,147.72000122070312,147.7949981689453,43284
2026-07-06 10:45:00-04:00,147.8000030517578,147.8300018310547,147.55999755859375,147.5800018310547,37448
2026-07-06 10:50:00-04:00,147.57000732421875,148.0800018310547,147.3300018310547,147.9199981689453,92029
2026-07-06 10:55:00-04:00,147.9199981689453,147.9499053955078,147.7899932861328,147.85000610351562,30369
2026-07-06 11:00:00-04:00,147.875,147.94500732421875,147.4600067138672,147.5500030517578,40824
2026-07-06 11:05:00-04:00,147.5399932861328,147.5800018310547,147.11000061035156,147.43499755859375,43688
2026-07-06 11:10:00-04:00,147.42999267578125,147.4600067138672,147.1999969482422,147.3800048828125,34283
2026-07-06 11:15:00-04:00,147.3800048828125,147.42999267578125,147.26010131835938,147.27499389648438,32985
2026-07-06 11:20:00-04:00,147.25,147.41000366210938,147.11000061035156,147.3249969482422,76186
2026-07-06 11:25:00-04:00,147.30999755859375,147.31500244140625,146.9600067138672,146.9801025390625,82936
2026-07-06 11:30:00-04:00,147.00999450683594,147.24000549316406,146.9600067138672,147.24000549316406,60776
2026-07-06 11:35:00-04:00,147.2449951171875,147.46499633789062,147.21499633789062,147.46499633789062,47665
2026-07-06 11:40:00-04:00,147.42999267578125,147.42999267578125,147.21249389648438,147.35000610351562,40894
2026-07-06 11:45:00-04:00,147.3300018310547,147.41000366210938,147.27999877929688,147.2899932861328,22647
2026-07-06 11:50:00-04:00,147.27000427246094,147.47999572753906,147.1999969482422,147.47000122070312,49035
2026-07-06 11:55:00-04:00,147.46499633789062,147.47000122070312,147.30999755859375,147.3800048828125,39782
2026-07-06 12:00:00-04:00,147.36000061035156,147.38999938964844,147.22999572753906,147.32000732421875,29731
2026-07-06 12:05:00-04:00,147.32000732421875,147.35000610351562,147.07620239257812,147.13999938964844,62130
2026-07-06 12:10:00-04:00,147.2436981201172,147.39500427246094,147.1699981689453,147.3699951171875,48080
2026-07-06 12:15:00-04:00,147.3800048828125,147.41000366210938,147.2899932861328,147.33999633789062,30676
2026-07-06 12:20:00-04:00,147.35000610351562,147.5,147.2899932861328,147.44000244140625,31726
2026-07-06 12:25:00-04:00,147.4199981689453,147.60000610351562,147.17999267578125,147.19500732421875,140559
2026-07-06 12:30:00-04:00,147.22000122070312,147.3800048828125,147.17999267578125,147.36500549316406,104046
2026-07-06 12:35:00-04:00,147.3795928955078,147.85000610351562,147.36000061035156,147.85000610351562,97035
2026-07-06 12:40:00-04:00,147.91000366210938,147.91000366210938,147.72900390625,147.83999633789062,34566
2026-07-06 12:45:00-04:00,147.83999633789062,148.0850067138672,147.82000732421875,148.0500030517578,44152
2026-07-06 12:50:00-04:00,148.089599609375,148.2899932861328,147.88999938964844,148.28500366210938,49868
2026-07-06 12:55:00-04:00,148.27499389648438,148.3800048828125,148.24819946289062,148.3800048828125,34141
2026-07-06 13:00:00-04:00,148.39999389648438,148.6304931640625,148.3300018310547,148.39999389648438,72349
2026-07-06 13:05:00-04:00,148.39999389648438,148.56300354003906,148.3800048828125,148.48500061035156,19359
2026-07-06 13:10:00-04:00,148.47999572753906,148.5749969482422,148.33999633789062,148.39500427246094,29402
2026-07-06 13:15:00-04:00,148.39500427246094,148.47000122070312,148.35000610351562,148.42999267578125,36478
2026-07-06 13:20:00-04:00,148.42999267578125,148.63999938964844,148.41000366210938,148.5500030517578,41847
2026-07-06 13:25:00-04:00,148.52999877929688,148.6750030517578,148.47500610351562,148.6199951171875,28558
2026-07-06 13:30:00-04:00,148.6199951171875,148.77639770507812,148.61000061035156,148.6300048828125,45302
2026-07-06 13:35:00-04:00,148.60499572753906,148.6199951171875,148.47000122070312,148.50999450683594,39120
2026-07-06 13:40:00-04:00,148.5399932861328,148.6300048828125,148.5,148.55499267578125,32222
2026-07-06 13:45:00-04:00,148.55999755859375,148.6199951171875,148.47999572753906,148.60000610351562,40664
2026-07-06 13:50:00-04:00,148.61500549316406,148.64500427246094,148.5399932861328,148.59500122070312,43961
2026-07-06 13:55:00-04:00,148.5832977294922,148.85000610351562,148.5832977294922,148.83999633789062,67648
2026-07-06 14:00:00-04:00,148.84500122070312,148.99000549316406,148.83999633789062,148.96499633789062,57254
2026-07-06 14:05:00-04:00,148.96499633789062,149.0500030517578,148.85780334472656,148.8800048828125,42217
2026-07-06 14:10:00-04:00,148.8800048828125,149.0800018310547,148.8350067138672,149.0800018310547,38611
2026-07-06 14:15:00-04:00,149.05999755859375,149.16000366210938,149.00999450683594,149.0800018310547,47833
2026-07-06 14:20:00-04:00,149.07000732421875,149.11000061035156,148.96499633789062,149.0399932861328,32059
2026-07-06 14:25:00-04:00,148.9709930419922,149.1199951171875,148.9709930419922,149.09500122070312,30976
2026-07-06 14:30:00-04:00,149.11000061035156,149.15499877929688,149.0399932861328,149.125,29651
2026-07-06 14:35:00-04:00,149.10000610351562,149.19000244140625,149.05999755859375,149.125,18111
2026-07-06 14:40:00-04:00,149.125,149.15499877929688,149.03500366210938,149.14999389648438,40755
2026-07-06 14:45:00-04:00,149.12010192871094,149.21499633789062,149.0178985595703,149.1199951171875,40327
2026-07-06 14:50:00-04:00,149.10000610351562,149.4149932861328,149.10000610351562,149.4149932861328,45220
2026-07-06 14:55:00-04:00,149.4499969482422,149.5800018310547,149.41000366210938,149.55999755859375,34066
2026-07-06 15:00:00-04:00,149.5500030517578,149.8000030517578,149.5399932861328,149.7100067138672,91599
2026-07-06 15:05:00-04:00,149.73500061035156,149.83999633789062,149.63999938964844,149.77000427246094,100443
2026-07-06 15:10:00-04:00,149.75,149.7779998779297,149.63999938964844,149.67999267578125,80146
2026-07-06 15:15:00-04:00,149.69000244140625,149.7487030029297,149.5399932861328,149.5399932861328,49147
2026-07-06 15:20:00-04:00,149.55499267578125,149.6699981689453,149.5399932861328,149.62989807128906,52567
2026-07-06 15:25:00-04:00,149.61500549316406,149.7652587890625,149.5800018310547,149.74000549316406,82522
2026-07-06 15:30:00-04:00,149.72000122070312,149.75,149.27000427246094,149.3350067138672,135625
2026-07-06 15:35:00-04:00,149.36000061035156,149.54989624023438,149.30999755859375,149.4499969482422,64883
2026-07-06 15:40:00-04:00,149.46249389648438,149.46249389648438,149.22999572753906,149.33999633789062,74683
2026-07-06 15:45:00-04:00,149.3300018310547,149.5399932861328,149.27000427246094,149.35000610351562,108435
2026-07-06 15:50:00-04:00,149.3300018310547,149.69000244140625,149.30999755859375,149.61500549316406,213814
2026-07-06 15:55:00-04:00,149.60000610351562,149.69000244140625,149.3000030517578,149.3300018310547,634349
2026-07-07 09:30:00-04:00,152.66000366210938,153.06500244140625,151.89999389648438,152.69000244140625,371357
2026-07-07 09:35:00-04:00,152.75,153.11500549316406,152.51499938964844,152.89999389648438,122700
2026-07-07 09:40:00-04:00,152.9646453857422,153.22000122070312,152.89999389648438,152.96499633789062,66882
2026-07-07 09:45:00-04:00,153.0399932861328,153.24000549316406,152.8000030517578,153.22999572753906,46684
2026-07-07 09:50:00-04:00,153.14999389648438,153.4781036376953,153.02999877929688,153.3699951171875,154986
2026-07-07 09:55:00-04:00,153.43499755859375,153.49000549316406,152.83999633789062,152.94000244140625,103517
2026-07-07 10:00:00-04:00,152.99000549316406,153.02000427246094,152.25999450683594,152.64599609375,262151
2026-07-07 10:05:00-04:00,152.64999389648438,152.64999389648438,151.99000549316406,152.1555938720703,68573
2026-07-07 10:10:00-04:00,152.11000061035156,152.75,152.11000061035156,152.28500366210938,87816
2026-07-07 10:15:00-04:00,152.28500366210938,152.57000732421875,152.10000610351562,152.42999267578125,145674
2026-07-07 10:20:00-04:00,152.4199981689453,153.30999755859375,152.4199981689453,153.27499389648438,101174
2026-07-07 10:25:00-04:00,153.26499938964844,153.35000610351562,152.47999572753906,152.4980010986328,102597
2026-07-07 10:30:00-04:00,152.52000427246094,152.9799041748047,152.47000122070312,152.8300018310547,90249
2026-07-07 10:35:00-04:00,152.83999633789062,153.18499755859375,152.82000732421875,153.1300048828125,42267
2026-07-07 10:40:00-04:00,153.1300048828125,153.36000061035156,152.97999572753906,153.2550048828125,124971
2026-07-07 10:45:00-04:00,153.22999572753906,153.3800048828125,153.0509033203125,153.14999389648438,85129
2026-07-07 10:50:00-04:00,153.0800018310547,153.22000122070312,152.97000122070312,153.14999389648438,69321
2026-07-07 10:55:00-04:00,153.1199951171875,153.14999389648438,152.7700958251953,152.97999572753906,51045
2026-07-07 11:00:00-04:00,152.9600067138672,153.0500030517578,152.75,152.82000732421875,62494
2026-07-07 11:05:00-04:00,152.8000030517578,152.85400390625,152.39999389648438,152.4550018310547,51293
2026-07-07 11:10:00-04:00,152.47500610351562,152.52499389648438,152.24000549316406,152.24000549316406,71832
2026-07-07 11:15:00-04:00,152.25999450683594,152.5800018310547,152.22999572753906,152.47000122070312,59358
2026-07-07 11:20:00-04:00,152.4499969482422,152.58999633789062,152.33999633789062,152.35009765625,55200
2026-07-07 11:25:00-04:00,152.38499450683594,152.40379333496094,152.1199951171875,152.1199951171875,59196
2026-07-07 11:30:00-04:00,152.0399932861328,152.08999633789062,151.89999389648438,152.0,48534
2026-07-07 11:35:00-04:00,152.02000427246094,152.30990600585938,151.97999572753906,152.2899932861328,59637
2026-07-07 11:40:00-04:00,152.28500366210938,152.63499450683594,152.2449951171875,152.2449951171875,72964
2026-07-07 11:45:00-04:00,152.27999877929688,152.3350067138672,151.9149932861328,152.3350067138672,86256
2026-07-07 11:50:00-04:00,152.35000610351562,152.4550018310547,152.02000427246094,152.0399932861328,94255
2026-07-07 11:55:00-04:00,152.06500244140625,152.07000732421875,151.8070068359375,151.82000732421875,38086
2026-07-07 12:00:00-04:00,151.86000061035156,151.8699951171875,151.52000427246094,151.7100067138672,49201
2026-07-07 12:05:00-04:00,151.6199951171875,151.6999969482422,151.5399932861328,151.63999938964844,48806
2026-07-07 12:10:00-04:00,151.60000610351562,151.67999267578125,151.52999877929688,151.64500427246094,40852
2026-07-07 12:15:00-04:00,151.6999969482422,151.72000122070312,151.5749969482422,151.6300048828125,41686
2026-07-07 12:20:00-04:00,151.6300048828125,151.6300048828125,151.38250732421875,151.5749969482422,50431
2026-07-07 12:25:00-04:00,151.5749969482422,151.6199951171875,151.38999938964844,151.4250030517578,34279
2026-07-07 12:30:00-04:00,151.4499969482422,151.5355987548828,151.3000030517578,151.52000427246094,34563
2026-07-07 12:35:00-04:00,151.5500030517578,151.68499755859375,151.5500030517578,151.68499755859375,31538
2026-07-07 12:40:00-04:00,151.68499755859375,151.78500366210938,151.58999633789062,151.66000366210938,33420
2026-07-07 12:45:00-04:00,151.67999267578125,151.69000244140625,151.48500061035156,151.48500061035156,24413
2026-07-07 12:50:00-04:00,151.48500061035156,151.58999633789062,151.4600067138672,151.57009887695312,19980
2026-07-07 12:55:00-04:00,151.57000732421875,151.63999938964844,151.5399932861328,151.54800415039062,36448
2026-07-07 13:00:00-04:00,151.57000732421875,151.6699981689453,151.35000610351562,151.41000366210938,34394
2026-07-07 13:05:00-04:00,151.39999389648438,151.39999389648438,150.97999572753906,151.07000732421875,47672
2026-07-07 13:10:00-04:00,151.0800018310547,151.36000061035156,151.0800018310547,151.32000732421875,42286
2026-07-07 13:15:00-04:00,151.32000732421875,151.4149932861328,151.27999877929688,151.36000061035156,48938
2026-07-07 13:20:00-04:00,151.360107421875,151.360107421875,150.94000244140625,151.02499389648438,79023
2026-07-07 13:25:00-04:00,151.0050048828125,151.08999633789062,151.0,151.02999877929688,50356
2026-07-07 13:30:00-04:00,151.02999877929688,151.1083984375,150.91000366210938,151.0449981689453,54536
2026-07-07 13:35:00-04:00,151.02999877929688,151.14999389648438,151.00999450683594,151.1199951171875,38046
2026-07-07 13:40:00-04:00,151.11000061035156,151.1199951171875,151.00999450683594,151.02090454101562,29689
2026-07-07 13:45:00-04:00,151.02000427246094,151.26499938964844,151.0,151.16000366210938,34431
2026-07-07 13:50:00-04:00,151.13999938964844,151.13999938964844,150.74099731445312,150.7899932861328,34212
2026-07-07 13:55:00-04:00,150.8000030517578,150.8000030517578,150.69000244140625,150.73500061035156,35963
2026-07-07 14:00:00-04:00,150.69000244140625,150.8300018310547,150.61000061035156,150.76499938964844,38446
2026-07-07 14:05:00-04:00,150.77000427246094,150.88499450683594,150.74000549316406,150.85499572753906,31335
2026-07-07 14:10:00-04:00,150.85499572753906,151.0500030517578,150.8300018310547,150.9499969482422,83005
2026-07-07 14:15:00-04:00,150.9499969482422,151.1750030517578,150.89999389648438,151.00999450683594,109232
2026-07-07 14:20:00-04:00,151.02999877929688,151.10000610351562,151.0,151.02000427246094,24654
2026-07-07 14:25:00-04:00,151.0449981689453,151.19500732421875,151.0449981689453,151.19500732421875,31868
2026-07-07 14:30:00-04:00,151.1999969482422,151.36500549316406,151.1699981689453,151.36500549316406,33982
2026-07-07 14:35:00-04:00,151.38499450683594,151.61038208007812,151.35400390625,151.5399932861328,36841
2026-07-07 14:40:00-04:00,151.5449981689453,151.89999389648438,151.54010009765625,151.89999389648438,43771
2026-07-07 14:45:00-04:00,151.89999389648438,151.90499877929688,151.69000244140625,151.6999969482422,62818
2026-07-07 14:50:00-04:00,151.72000122070312,151.7949981689453,151.66000366210938,151.69500732421875,54885
2026-07-07 14:55:00-04:00,151.69500732421875,151.8249969482422,151.6699981689453,151.77000427246094,61874
2026-07-07 15:00:00-04:00,151.77000427246094,151.89500427246094,151.69000244140625,151.81500244140625,51484
2026-07-07 15:05:00-04:00,151.81500244140625,151.81500244140625,151.60000610351562,151.69500732421875,58138
2026-07-07 15:10:00-04:00,151.6999969482422,151.72000122070312,151.6199951171875,151.625,41704
2026-07-07 15:15:00-04:00,151.6199951171875,151.93499755859375,151.6199951171875,151.93499755859375,68703
2026-07-07 15:20:00-04:00,151.94000244140625,152.11500549316406,151.94000244140625,152.11500549316406,63168
2026-07-07 15:25:00-04:00,152.11000061035156,152.27000427246094,151.9600067138672,151.97000122070312,85079
2026-07-07 15:30:00-04:00,151.97999572753906,152.01499938964844,151.77000427246094,151.8892059326172,83787
2026-07-07 15:35:00-04:00,151.88999938964844,152.1699981689453,151.88999938964844,152.1699981689453,91679
2026-07-07 15:40:00-04:00,152.15499877929688,152.30499267578125,152.1300048828125,152.25999450683594,90122
2026-07-07 15:45:00-04:00,152.27999877929688,152.52000427246094,152.27000427246094,152.47500610351562,161970
2026-07-07 15:50:00-04:00,152.5,152.7653045654297,152.30999755859375,152.6649932861328,291497
2026-07-07 15:55:00-04:00,152.67999267578125,152.7949981689453,152.57000732421875,152.74000549316406,692619
2026-07-08 09:30:00-04:00,150.9600067138672,151.07000732421875,149.57000732421875,149.67999267578125,310049
2026-07-08 09:35:00-04:00,149.68499755859375,149.75,149.13999938964844,149.24000549316406,116313
2026-07-08 09:40:00-04:00,149.23483276367188,149.4949951171875,149.0800018310547,149.47500610351562,80597
2026-07-08 09:45:00-04:00,149.42999267578125,150.00999450683594,149.07000732421875,149.94000244140625,72319
2026-07-08 09:50:00-04:00,149.9550018310547,150.25,149.7100067138672,150.16000366210938,124112
2026-07-08 09:55:00-04:00,150.14999389648438,150.25,149.2899932861328,149.32000732421875,113085
2026-07-08 10:00:00-04:00,149.3699951171875,149.72000122070312,149.0800018310547,149.60499572753906,124081
2026-07-08 10:05:00-04:00,149.63999938964844,149.86000061035156,149.36000061035156,149.6649932861328,63946
2026-07-08 10:10:00-04:00,149.6199951171875,149.78500366210938,149.5399932861328,149.55499267578125,67845
2026-07-08 10:15:00-04:00,149.5800018310547,149.67999267578125,149.39999389648438,149.59500122070312,67408
2026-07-08 10:20:00-04:00,149.60000610351562,149.6300048828125,149.25,149.6300048828125,193736
2026-07-08 10:25:00-04:00,149.5500030517578,149.73500061035156,149.44000244140625,149.4499969482422,75732
2026-07-08 10:30:00-04:00,149.44500732421875,149.80999755859375,149.41000366210938,149.47000122070312,142441
2026-07-08 10:35:00-04:00,149.47500610351562,149.60499572753906,149.1999969482422,149.5800018310547,69905
2026-07-08 10:40:00-04:00,149.60000610351562,149.87989807128906,149.51499938964844,149.72999572753906,54442
2026-07-08 10:45:00-04:00,149.7050018310547,150.3000030517578,149.69000244140625,150.3000030517578,73045
2026-07-08 10:50:00-04:00,150.3300018310547,150.3300018310547,149.8000030517578,149.83999633789062,77325
2026-07-08 10:55:00-04:00,149.8300018310547,149.8699951171875,149.5,149.6750030517578,53089
2026-07-08 11:00:00-04:00,149.6647186279297,149.80999755859375,149.55999755859375,149.75999450683594,41741
2026-07-08 11:05:00-04:00,149.75,149.75,149.38999938964844,149.47999572753906,46708
2026-07-08 11:10:00-04:00,149.50999450683594,149.77999877929688,149.38999938964844,149.77000427246094,31549
2026-07-08 11:15:00-04:00,149.72999572753906,149.80499267578125,149.6300048828125,149.67999267578125,29820
2026-07-08 11:20:00-04:00,149.69000244140625,149.86500549316406,149.55999755859375,149.80999755859375,33800
2026-07-08 11:25:00-04:00,149.7949981689453,149.97000122070312,149.74000549316406,149.82981872558594,47824
2026-07-08 11:30:00-04:00,149.80999755859375,149.82000732421875,149.69000244140625,149.7100067138672,56453
2026-07-08 11:35:00-04:00,149.73968505859375,149.75,149.56500244140625,149.73500061035156,36973
2026-07-08 11:40:00-04:00,149.7449951171875,149.8249969482422,149.6300048828125,149.81500244140625,23896
2026-07-08 11:45:00-04:00,149.81500244140625,149.89999389648438,149.77999877929688,149.84500122070312,32152
2026-07-08 11:50:00-04:00,149.84500122070312,150.07000732421875,149.8300018310547,150.07000732421875,36709
2026-07-08 11:55:00-04:00,150.0399932861328,150.05999755859375,149.875,149.9199981689453,36433
2026-07-08 12:00:00-04:00,149.88119506835938,149.88119506835938,149.7100067138672,149.77499389648438,34215
2026-07-08 12:05:00-04:00,149.77499389648438,149.8300018310547,149.72000122070312,149.77000427246094,23514
2026-07-08 12:10:00-04:00,149.75,149.75999450683594,149.4237060546875,149.4600067138672,47754
2026-07-08 12:15:00-04:00,149.4600067138672,149.50999450683594,149.3489990234375,149.35000610351562,31110
2026-07-08 12:20:00-04:00,149.3614044189453,149.38999938964844,149.00999450683594,149.2100067138672,57517
2026-07-08 12:25:00-04:00,149.22999572753906,149.22999572753906,148.9700927734375,149.11000061035156,59910
2026-07-08 12:30:00-04:00,149.1199951171875,149.2100067138672,148.9600067138672,149.11000061035156,51644
2026-07-08 12:35:00-04:00,149.11000061035156,149.1999969482422,149.01829528808594,149.14999389648438,51022
2026-07-08 12:40:00-04:00,149.16000366210938,149.39999389648438,149.0727996826172,149.17999267578125,50671
2026-07-08 12:45:00-04:00,149.13999938964844,149.1999969482422,149.08999633789062,149.11000061035156,40960
2026-07-08 12:50:00-04:00,149.11500549316406,149.14500427246094,148.98500061035156,149.0749969482422,46311
2026-07-08 12:55:00-04:00,149.0749969482422,149.1699981689453,149.02999877929688,149.08999633789062,28527
2026-07-08 13:00:00-04:00,149.11000061035156,149.13999938964844,148.89999389648438,149.04010009765625,44347
2026-07-08 13:05:00-04:00,149.0399932861328,149.0399932861328,148.86000061035156,148.99000549316406,42154
2026-07-08 13:10:00-04:00,148.99000549316406,149.0800018310547,148.90240478515625,149.02000427246094,44118
2026-07-08 13:15:00-04:00,149.0399932861328,149.08999633789062,148.97000122070312,149.06500244140625,54372
2026-07-08 13:20:00-04:00,149.10000610351562,149.25,148.99000549316406,149.0574951171875,49604
2026-07-08 13:25:00-04:00,149.0500030517578,149.16000366210938,149.02999877929688,149.08999633789062,25218
2026-07-08 13:30:00-04:00,149.0800018310547,149.1199951171875,148.89999389648438,148.97500610351562,57780
2026-07-08 13:35:00-04:00,148.97000122070312,148.9949951171875,148.77000427246094,148.8355255126953,41094
2026-07-08 13:40:00-04:00,148.8000030517578,148.95509338378906,148.7899932861328,148.92999267578125,28610
2026-07-08 13:45:00-04:00,148.9499969482422,149.0449981689453,148.9405975341797,148.99000549316406,32755
2026-07-08 13:50:00-04:00,148.94000244140625,148.9949951171875,148.85499572753906,148.91000366210938,28069
2026-07-08 13:55:00-04:00,148.88999938964844,149.0449981689453,148.86000061035156,148.9799041748047,50983
2026-07-08 14:00:00-04:00,148.94500732421875,148.94500732421875,148.8249969482422,148.9199981689453,32086
2026-07-08 14:05:00-04:00,148.93499755859375,149.1378936767578,148.93499755859375,149.09500122070312,35876
2026-07-08 14:10:00-04:00,149.0800018310547,149.10000610351562,148.94000244140625,148.97500610351562,33124
2026-07-08 14:15:00-04:00,148.97000122070312,148.98500061035156,148.78500366210938,148.80999755859375,38127
2026-07-08 14:20:00-04:00,148.8000946044922,148.97500610351562,148.8000030517578,148.93499755859375,31831
2026-07-08 14:25:00-04:00,148.9499969482422,149.0200958251953,148.93499755859375,149.00999450683594,40090
2026-07-08 14:30:00-04:00,149.00999450683594,149.0449981689453,148.85000610351562,148.96499633789062,68989
2026-07-08 14:35:00-04:00,148.94000244140625,149.0,148.875,148.88999938964844,48235
2026-07-08 14:40:00-04:00,148.86000061035156,148.91000366210938,148.7899932861328,148.8979949951172,40967
2026-07-08 14:45:00-04:00,148.91000366210938,148.96499633789062,148.80999755859375,148.88499450683594,48345
2026-07-08 14:50:00-04:00,148.897705078125,148.91000366210938,148.6199951171875,148.63499450683594,55391
2026-07-08 14:55:00-04:00,148.64500427246094,148.89999389648438,148.63009643554688,148.89999389648438,58064
2026-07-08 15:00:00-04:00,148.89999389648438,149.14500427246094,148.89999389648438,149.11500549316406,55192
2026-07-08 15:05:00-04:00,149.11000061035156,149.1699981689453,149.0399932861328,149.08999633789062,43099
2026-07-08 15:10:00-04:00,149.11000061035156,149.13999938964844,148.9499969482422,148.9801025390625,57797
2026-07-08 15:15:00-04:00,148.97999572753906,149.0399932861328,148.89999389648438,148.92999267578125,56446
2026-07-08 15:20:00-04:00,148.92999267578125,149.0800018310547,148.9250030517578,149.0449981689453,79006
2026-07-08 15:25:00-04:00,149.02499389648438,149.10000610351562,148.99000549316406,149.06500244140625,92309
2026-07-08 15:30:00-04:00,149.0500030517578,149.10000610351562,148.7050018310547,148.74249267578125,196017
2026-07-08 15:35:00-04:00,148.7449951171875,148.80630493164062,148.63999938964844,148.7050018310547,112512
2026-07-08 15:40:00-04:00,148.7050018310547,148.85000610351562,148.57000732421875,148.8300018310547,163959
2026-07-08 15:45:00-04:00,148.8350067138672,148.84500122070312,148.5500030517578,148.56500244140625,149411
2026-07-08 15:50:00-04:00,148.55999755859375,148.97999572753906,148.5399932861328,148.77499389648438,330754
2026-07-08 15:55:00-04:00,148.75,148.77499389648438,148.36500549316406,148.38999938964844,599217
2026-07-09 09:30:00-04:00,146.77000427246094,147.49000549316406,146.1699981689453,146.17999267578125,241912
2026-07-09 09:35:00-04:00,146.14999389648438,146.2050018310547,145.60000610351562,146.0399932861328,69514
2026-07-09 09:40:00-04:00,146.0395050048828,146.47999572753906,145.9199981689453,146.0,67522
2026-07-09 09:45:00-04:00,145.97500610351562,146.67999267578125,145.9499969482422,146.4600067138672,50031
2026-07-09 09:50:00-04:00,146.47000122070312,146.6300048828125,146.0,146.06500244140625,55208
2026-07-09 09:55:00-04:00,146.11000061035156,146.27999877929688,145.9600067138672,146.2100067138672,73170
2026-07-09 10:00:00-04:00,146.25,146.42999267578125,146.1699981689453,146.35000610351562,40524
2026-07-09 10:05:00-04:00,146.35000610351562,146.74000549316406,146.22000122070312,146.58999633789062,52267
2026-07-09 10:10:00-04:00,146.69500732421875,146.8300018310547,146.61000061035156,146.77999877929688,55606
2026-07-09 10:15:00-04:00,146.8300018310547,147.2100067138672,146.7899932861328,147.2100067138672,45933
2026-07-09 10:20:00-04:00,147.14100646972656,147.656005859375,147.14100646972656,147.38999938964844,50155
2026-07-09 10:25:00-04:00,147.36000061035156,147.47000122070312,147.19000244140625,147.1999969482422,42691
2026-07-09 10:30:00-04:00,147.16000366210938,147.35000610351562,146.9600067138672,147.0399932861328,50818
2026-07-09 10:35:00-04:00,147.0800018310547,147.3000030517578,147.02999877929688,147.0800018310547,35778
2026-07-09 10:40:00-04:00,147.14999389648438,147.14999389648438,146.94000244140625,147.05999755859375,33307
2026-07-09 10:45:00-04:00,147.02999877929688,147.05999755859375,146.72000122070312,146.72000122070312,31837
2026-07-09 10:50:00-04:00,146.77000427246094,147.1199951171875,146.72000122070312,147.0800018310547,31981
2026-07-09 10:55:00-04:00,147.0500030517578,147.07000732421875,146.80999755859375,146.89999389648438,31653
2026-07-09 11:00:00-04:00,146.89999389648438,146.94000244140625,146.74000549316406,146.86000061035156,34124
2026-07-09 11:05:00-04:00,146.84500122070312,146.86000061035156,146.69000244140625,146.8000030517578,28506
2026-07-09 11:10:00-04:00,146.77999877929688,146.85000610351562,146.72999572753906,146.8000030517578,34168
2026-07-09 11:15:00-04:00,146.82000732421875,147.03599548339844,146.80999755859375,147.03599548339844,35484
2026-07-09 11:20:00-04:00,147.00999450683594,147.02000427246094,146.90499877929688,147.0,31512
2026-07-09 11:25:00-04:00,146.97999572753906,147.1300048828125,146.91000366210938,147.11500549316406,22873
2026-07-09 11:30:00-04:00,147.1199951171875,147.13999938964844,147.0,147.08999633789062,29318
2026-07-09 11:35:00-04:00,147.11000061035156,147.1699981689453,147.04010009765625,147.1199951171875,26946
2026-07-09 11:40:00-04:00,147.10000610351562,147.1204071044922,146.69000244140625,146.73500061035156,82787
2026-07-09 11:45:00-04:00,146.7100067138672,146.875,146.65049743652344,146.8000030517578,44226
2026-07-09 11:50:00-04:00,146.8000030517578,146.89500427246094,146.74000549316406,146.89500427246094,36343
2026-07-09 11:55:00-04:00,146.8800048828125,147.0500030517578,146.8800048828125,146.97500610351562,62002
2026-07-09 12:00:00-04:00,146.97500610351562,147.0,146.91000366210938,146.9499969482422,29149
2026-07-09 12:05:00-04:00,146.94000244140625,146.9499969482422,146.72000122070312,146.80999755859375,26986
2026-07-09 12:10:00-04:00,146.8300018310547,147.0,146.75999450683594,147.0,29334
2026-07-09 12:15:00-04:00,147.02000427246094,147.03990173339844,146.89999389648438,146.96499633789062,33812
2026-07-09 12:20:00-04:00,146.92999267578125,147.0399932861328,146.8800048828125,147.00999450683594,32274
2026-07-09 12:25:00-04:00,147.02000427246094,147.14999389648438,147.02000427246094,147.13999938964844,30532
2026-07-09 12:30:00-04:00,147.13999938964844,147.22000122070312,147.08999633789062,147.22000122070312,32737
2026-07-09 12:35:00-04:00,147.2050018310547,147.4600067138672,147.1300048828125,147.1300048828125,50437
2026-07-09 12:40:00-04:00,147.10000610351562,147.1199951171875,147.0,147.02999877929688,26256
2026-07-09 12:45:00-04:00,147.01499938964844,147.02999877929688,146.9199981689453,146.94000244140625,50814
2026-07-09 12:50:00-04:00,146.94000244140625,147.0,146.88999938964844,146.9499969482422,40948
2026-07-09 12:55:00-04:00,146.9550018310547,147.05499267578125,146.9300994873047,147.02999877929688,30280
2026-07-09 13:00:00-04:00,147.02999877929688,147.02999877929688,146.82000732421875,146.83999633789062,35640
2026-07-09 13:05:00-04:00,146.85000610351562,147.00999450683594,146.85000610351562,147.00999450683594,25132
2026-07-09 13:10:00-04:00,147.01499938964844,147.05999755859375,146.97999572753906,147.0500030517578,27693
2026-07-09 13:15:00-04:00,147.06930541992188,147.08999633789062,146.92999267578125,146.9499969482422,36416
2026-07-09 13:20:00-04:00,146.9499969482422,147.00999450683594,146.89999389648438,146.9250030517578,29502
2026-07-09 13:25:00-04:00,146.94000244140625,146.9600067138672,146.8300018310547,146.8800048828125,33373
2026-07-09 13:30:00-04:00,146.8699951171875,146.9199981689453,146.75999450683594,146.9149932861328,35469
2026-07-09 13:35:00-04:00,146.88999938964844,146.9499969482422,146.83999633789062,146.8800048828125,26100
2026-07-09 13:40:00-04:00,146.8800048828125,146.97000122070312,146.8350067138672,146.9550018310547,29471
2026-07-09 13:45:00-04:00,146.9550018310547,147.02999877929688,146.91000366210938,147.02999877929688,27314
2026-07-09 13:50:00-04:00,147.02999877929688,147.07640075683594,146.9499969482422,146.9499969482422,25678
2026-07-09 13:55:00-04:00,146.9199981689453,146.94259643554688,146.85000610351562,146.85000610351562,29335
2026-07-09 14:00:00-04:00,146.8300018310547,146.85499572753906,146.6999969482422,146.7100067138672,25931
2026-07-09 14:05:00-04:00,146.71499633789062,146.77999877929688,146.67999267578125,146.72000122070312,27804
2026-07-09 14:10:00-04:00,146.74000549316406,146.8000030517578,146.67999267578125,146.72999572753906,32161
2026-07-09 14:15:00-04:00,146.74000549316406,146.80999755859375,146.69500732421875,146.70509338378906,25299
2026-07-09 14:20:00-04:00,146.7050018310547,146.74000549316406,146.60000610351562,146.60000610351562,28623
2026-07-09 14:25:00-04:00,146.6199951171875,146.6199951171875,146.47000122070312,146.49000549316406,66884
2026-07-09 14:30:00-04:00,146.4600067138672,146.4600067138672,146.25,146.34500122070312,65760
2026-07-09 14:35:00-04:00,146.32000732421875,146.32000732421875,146.1300048828125,146.22000122070312,39362
2026-07-09 14:40:00-04:00,146.27999877929688,146.3000030517578,146.16000366210938,146.3000030517578,33236
2026-07-09 14:45:00-04:00,146.25,146.30999755859375,146.16000366210938,146.3000030517578,24098
2026-07-09 14:50:00-04:00,146.27999877929688,146.32989501953125,146.16000366210938,146.1699981689453,29458
2026-07-09 14:55:00-04:00,146.17999267578125,146.36000061035156,146.13999938964844,146.3300018310547,27265
2026-07-09 15:00:00-04:00,146.36000061035156,146.57000732421875,146.35000610351562,146.52000427246094,33594
2026-07-09 15:05:00-04:00,146.52999877929688,146.5800018310547,146.38499450683594,146.39100646972656,24842
2026-07-09 15:10:00-04:00,146.42999267578125,146.58999633789062,146.39999389648438,146.53500366210938,27492
2026-07-09 15:15:00-04:00,146.53500366210938,146.67999267578125,146.4499969482422,146.4499969482422,46329
2026-07-09 15:20:00-04:00,146.4600067138672,146.5,146.42999267578125,146.46499633789062,49133
2026-07-09 15:25:00-04:00,146.5052032470703,146.639892578125,146.5052032470703,146.61000061035156,43446
2026-07-09 15:30:00-04:00,146.63999938964844,146.6999969482422,146.44000244140625,146.44000244140625,80871
2026-07-09 15:35:00-04:00,146.4499969482422,146.55999755859375,146.39999389648438,146.5,47001
2026-07-09 15:40:00-04:00,146.50999450683594,146.639892578125,146.47999572753906,146.5050048828125,59271
2026-07-09 15:45:00-04:00,146.49000549316406,146.5,146.22039794921875,146.25999450683594,90692
2026-07-09 15:50:00-04:00,146.27999877929688,146.9199981689453,146.27999877929688,146.77000427246094,307095
2026-07-09 15:55:00-04:00,146.6699981689453,146.8699951171875,146.47000122070312,146.8300018310547,443396
2026-07-10 09:30:00-04:00,147.10000610351562,147.60000610351562,146.8800048828125,147.0,234507
2026-07-10 09:35:00-04:00,146.9250030517578,147.6300048828125,146.9250030517578,147.44500732421875,52502
2026-07-10 09:40:00-04:00,147.44500732421875,147.85000610351562,147.44500732421875,147.81500244140625,46400
2026-07-10 09:45:00-04:00,147.8699951171875,147.8699951171875,147.39999389648438,147.4499969482422,48033
2026-07-10 09:50:00-04:00,147.42999267578125,147.74000549316406,147.2899932861328,147.69000244140625,60144
2026-07-10 09:55:00-04:00,147.69500732421875,147.97000122070312,147.63999938964844,147.8800048828125,46138
2026-07-10 10:00:00-04:00,147.86000061035156,148.13999938964844,147.8249969482422,147.9499969482422,35808
2026-07-10 10:05:00-04:00,147.97000122070312,148.1300048828125,147.8000030517578,147.8249969482422,55281
2026-07-10 10:10:00-04:00,147.8000030517578,147.94000244140625,147.78500366210938,147.89999389648438,34544
2026-07-10 10:15:00-04:00,147.875,148.19000244140625,147.875,148.19000244140625,25109
2026-07-10 10:20:00-04:00,148.1999969482422,148.497802734375,148.19500732421875,148.3699951171875,20885
2026-07-10 10:25:00-04:00,148.42999267578125,148.5500030517578,148.14999389648438,148.17999267578125,38451
2026-07-10 10:30:00-04:00,148.22999572753906,148.24000549316406,147.67999267578125,148.0399932861328,83316
2026-07-10 10:35:00-04:00,148.11000061035156,148.30499267578125,147.94000244140625,148.24000549316406,33673
2026-07-10 10:40:00-04:00,148.24850463867188,148.58999633789062,148.17999267578125,148.4499969482422,71066
2026-07-10 10:45:00-04:00,148.44500732421875,148.52000427246094,148.25,148.3000030517578,36689
2026-07-10 10:50:00-04:00,148.38999938964844,148.50999450683594,148.1699981689453,148.30999755859375,141120
2026-07-10 10:55:00-04:00,148.27999877929688,148.38999938964844,148.14999389648438,148.27999877929688,35421
2026-07-10 11:00:00-04:00,148.25,148.25,148.0,148.13999938964844,89383
2026-07-10 11:05:00-04:00,148.15499877929688,148.15499877929688,147.7899932861328,147.82000732421875,56895
2026-07-10 11:10:00-04:00,147.8249969482422,147.8249969482422,147.49000549316406,147.63499450683594,96515
2026-07-10 11:15:00-04:00,147.63499450683594,147.99229431152344,147.56500244140625,147.89999389648438,33885
2026-07-10 11:20:00-04:00,147.88999938964844,147.88999938964844,147.8000030517578,147.85499572753906,24370
2026-07-10 11:25:00-04:00,147.85499572753906,147.85499572753906,147.6300048828125,147.6300048828125,32348
2026-07-10 11:30:00-04:00,147.6300048828125,147.6300048828125,147.44000244140625,147.44000244140625,49523
2026-07-10 11:35:00-04:00,147.4499969482422,147.75,147.42999267578125,147.75,38835
2026-07-10 11:40:00-04:00,147.75,148.08920288085938,147.7012939453125,147.99000549316406,66826
2026-07-10 11:45:00-04:00,147.97000122070312,147.97000122070312,147.55999755859375,147.55999755859375,21636
2026-07-10 11:50:00-04:00,147.5850067138672,147.62750244140625,147.32009887695312,147.56500244140625,63843
2026-07-10 11:55:00-04:00,147.6199951171875,147.6300048828125,147.47000122070312,147.57000732421875,54848
2026-07-10 12:00:00-04:00,147.55999755859375,147.59500122070312,147.3800048828125,147.5,33097
2026-07-10 12:05:00-04:00,147.51499938964844,147.56619262695312,147.3800048828125,147.42999267578125,31737
2026-07-10 12:10:00-04:00,147.42999267578125,147.4499969482422,147.36000061035156,147.4149932861328,31593
2026-07-10 12:15:00-04:00,147.44200134277344,147.49000549316406,147.30499267578125,147.30499267578125,65322
2026-07-10 12:20:00-04:00,147.31500244140625,147.41000366210938,147.24000549316406,147.41000366210938,22944
2026-07-10 12:25:00-04:00,147.41090393066406,147.42999267578125,147.22999572753906,147.2550048828125,28754
2026-07-10 12:30:00-04:00,147.26510620117188,147.27760314941406,147.0500030517578,147.0500030517578,26074
2026-07-10 12:35:00-04:00,147.05999755859375,147.0800018310547,146.92999267578125,146.97000122070312,21871
2026-07-10 12:40:00-04:00,146.97000122070312,147.14999389648438,146.94009399414062,147.09500122070312,25842
2026-07-10 12:45:00-04:00,147.1199951171875,147.21719360351562,147.0500030517578,147.18499755859375,26491
2026-07-10 12:50:00-04:00,147.1750030517578,147.32000732421875,147.1300048828125,147.2899932861328,29077
2026-07-10 12:55:00-04:00,147.30999755859375,147.36500549316406,147.27999877929688,147.3000030517578,23348
2026-07-10 13:00:00-04:00,147.32000732421875,147.4600067138672,147.27999877929688,147.42999267578125,32921
2026-07-10 13:05:00-04:00,147.42999267578125,147.4550018310547,147.33999633789062,147.4199981689453,24660
2026-07-10 13:10:00-04:00,147.41000366210938,147.56979370117188,147.41000366210938,147.48500061035156,26003
2026-07-10 13:15:00-04:00,147.49000549316406,147.625,147.47999572753906,147.5850067138672,26292
2026-07-10 13:20:00-04:00,147.61000061035156,147.61000061035156,147.38999938964844,147.39500427246094,28777
2026-07-10 13:25:00-04:00,147.39999389648438,147.41990661621094,147.27110290527344,147.35000610351562,29362
2026-07-10 13:30:00-04:00,147.35499572753906,147.41000366210938,147.22999572753906,147.2899932861328,31619
2026-07-10 13:35:00-04:00,147.25999450683594,147.2899932861328,147.07000732421875,147.11000061035156,25543
2026-07-10 13:40:00-04:00,147.10000610351562,147.19000244140625,147.0800018310547,147.1300048828125,29898
2026-07-10 13:45:00-04:00,147.13099670410156,147.2375030517578,147.08999633789062,147.20350646972656,33984
2026-07-10 13:50:00-04:00,147.19000244140625,147.25,147.16000366210938,147.24000549316406,34260
2026-07-10 13:55:00-04:00,147.22999572753906,147.30999755859375,147.1699981689453,147.1999969482422,39836
2026-07-10 14:00:00-04:00,147.19500732421875,147.19509887695312,146.9250030517578,147.00999450683594,38477
2026-07-10 14:05:00-04:00,147.00999450683594,147.16920471191406,147.00999450683594,147.11500549316406,24239
2026-07-10 14:10:00-04:00,147.1699981689453,147.22000122070312,147.125,147.1649932861328,26924
2026-07-10 14:15:00-04:00,147.1699981689453,147.3000030517578,147.13999938964844,147.2899932861328,29326
2026-07-10 14:20:00-04:00,147.3000030517578,147.4250030517578,147.3000030517578,147.32000732421875,35046
2026-07-10 14:25:00-04:00,147.3000030517578,147.40870666503906,147.25999450683594,147.38999938964844,34949
2026-07-10 14:30:00-04:00,147.4051971435547,147.42999267578125,147.32000732421875,147.3699951171875,27022
2026-07-10 14:35:00-04:00,147.36000061035156,147.4398956298828,147.35000610351562,147.4149932861328,25906
2026-07-10 14:40:00-04:00,147.39010620117188,147.5625457763672,147.3800048828125,147.5625457763672,34748
2026-07-10 14:45:00-04:00,147.5399932861328,147.710693359375,147.52999877929688,147.7100067138672,28400
2026-07-10 14:50:00-04:00,147.7100067138672,147.72999572753906,147.6300048828125,147.6750030517578,32662
2026-07-10 14:55:00-04:00,147.6999969482422,147.7100067138672,147.60000610351562,147.64100646972656,20607
2026-07-10 15:00:00-04:00,147.67010498046875,147.69000244140625,147.57000732421875,147.58999633789062,26627
2026-07-10 15:05:00-04:00,147.59500122070312,147.6699981689453,147.59500122070312,147.6300048828125,25672
2026-07-10 15:10:00-04:00,147.66000366210938,147.74049377441406,147.60000610351562,147.64999389648438,27975
2026-07-10 15:15:00-04:00,147.64500427246094,147.6999969482422,147.5850067138672,147.64999389648438,50621
2026-07-10 15:20:00-04:00,147.6649932861328,147.69000244140625,147.60000610351562,147.6649932861328,37330
2026-07-10 15:25:00-04:00,147.66000366210938,147.6649932861328,147.42999267578125,147.52000427246094,49828
2026-07-10 15:30:00-04:00,147.49000549316406,147.52999877929688,147.3699951171875,147.38999938964844,55576
2026-07-10 15:35:00-04:00,147.39999389648438,147.44000244140625,147.25709533691406,147.27000427246094,54389
2026-07-10 15:40:00-04:00,147.25,147.3000030517578,147.0500030517578,147.11000061035156,64779
2026-07-10 15:45:00-04:00,147.11000061035156,147.4199981689453,147.00999450683594,147.3800048828125,145645
2026-07-10 15:50:00-04:00,147.44000244140625,147.4600067138672,146.81239318847656,146.88999938964844,306442
2026-07-10 15:55:00-04:00,146.91000366210938,147.25,146.7100067138672,147.0240020751953,858806
2026-07-13 09:30:00-04:00,148.0800018310547,148.58999633789062,148.0050048828125,148.1300048828125,243228
2026-07-13 09:35:00-04:00,148.0800018310547,148.5399932861328,148.05499267578125,148.36000061035156,123586
2026-07-13 09:40:00-04:00,148.36000061035156,148.91000366210938,148.36000061035156,148.72999572753906,123742
2026-07-13 09:45:00-04:00,148.72999572753906,149.17999267578125,148.72999572753906,148.9600067138672,95951
2026-07-13 09:50:00-04:00,148.9550018310547,149.9149932861328,148.91000366210938,149.9149932861328,77641
2026-07-13 09:55:00-04:00,149.9499969482422,150.0449981689453,149.69500732421875,149.7550048828125,90631
2026-07-13 10:00:00-04:00,149.8000030517578,149.83999633789062,149.47000122070312,149.63499450683594,51079
2026-07-13 10:05:00-04:00,149.64500427246094,149.6699981689453,149.0749969482422,149.13999938964844,45759
2026-07-13 10:10:00-04:00,149.125,149.30999755859375,149.00999450683594,149.0500030517578,44223
2026-07-13 10:15:00-04:00,149.05499267578125,149.14999389648438,148.80999755859375,148.89999389648438,75623
2026-07-13 10:20:00-04:00,148.89999389648438,148.9499969482422,148.64500427246094,148.77999877929688,55722
2026-07-13 10:25:00-04:00,148.75,148.91000366210938,147.99000549316406,148.0,87128
2026-07-13 10:30:00-04:00,148.0050048828125,148.3000030517578,147.64999389648438,147.9499969482422,89979
2026-07-13 10:35:00-04:00,147.9499969482422,148.2949981689453,147.55999755859375,147.55999755859375,92307
2026-07-13 10:40:00-04:00,147.60499572753906,147.9499969482422,147.57000732421875,147.75999450683594,43574
2026-07-13 10:45:00-04:00,147.80999755859375,147.89999389648438,147.49000549316406,147.6999969482422,56970
2026-07-13 10:50:00-04:00,147.6999969482422,147.82000732421875,147.61000061035156,147.80499267578125,55224
2026-07-13 10:55:00-04:00,147.82200622558594,148.02000427246094,147.74000549316406,147.96499633789062,57032
2026-07-13 11:00:00-04:00,147.9949951171875,148.10000610351562,147.8000030517578,147.86000061035156,32354
2026-07-13 11:05:00-04:00,147.86500549316406,147.94000244140625,147.67999267578125,147.85000610351562,25993
2026-07-13 11:10:00-04:00,147.8350067138672,147.8782958984375,147.6649932861328,147.81500244140625,31204
2026-07-13 11:15:00-04:00,147.80499267578125,147.875,147.6300048828125,147.67999267578125,31516
2026-07-13 11:20:00-04:00,147.55999755859375,147.6699981689453,147.2449951171875,147.4250030517578,56064
2026-07-13 11:25:00-04:00,147.375,147.44000244140625,147.11000061035156,147.30999755859375,43563
2026-07-13 11:30:00-04:00,147.27099609375,147.43499755859375,147.1439971923828,147.19000244140625,52110
2026-07-13 11:35:00-04:00,147.17999267578125,147.4499969482422,147.17999267578125,147.39999389648438,50012
2026-07-13 11:40:00-04:00,147.4199981689453,147.52999877929688,147.22999572753906,147.25999450683594,31252
2026-07-13 11:45:00-04:00,147.22500610351562,147.41510009765625,147.22500610351562,147.3000030517578,20005
2026-07-13 11:50:00-04:00,147.30999755859375,147.41000366210938,147.26499938964844,147.4022979736328,34728
2026-07-13 11:55:00-04:00,147.4149932861328,147.47000122070312,147.3300018310547,147.38999938964844,59788
2026-07-13 12:00:00-04:00,147.38999938964844,147.44900512695312,147.30999755859375,147.3699951171875,31705
2026-07-13 12:05:00-04:00,147.38499450683594,147.4250030517578,147.30999755859375,147.39999389648438,36606
2026-07-13 12:10:00-04:00,147.41000366210938,147.4600067138672,147.32009887695312,147.3699951171875,27708
2026-07-13 12:15:00-04:00,147.35000610351562,147.5399932861328,147.30999755859375,147.47500610351562,38094
2026-07-13 12:20:00-04:00,147.5,147.57000732421875,147.4600067138672,147.47000122070312,20901
2026-07-13 12:25:00-04:00,147.49000549316406,147.49000549316406,147.14999389648438,147.1699981689453,26752
2026-07-13 12:30:00-04:00,147.24000549316406,147.41000366210938,147.1999969482422,147.36000061035156,20912
2026-07-13 12:35:00-04:00,147.38999938964844,147.69000244140625,147.38999938964844,147.60000610351562,33373
2026-07-13 12:40:00-04:00,147.61000061035156,147.61000061035156,147.35130310058594,147.52499389648438,32398
2026-07-13 12:45:00-04:00,147.52000427246094,147.5500030517578,147.4600067138672,147.5399932861328,24667
2026-07-13 12:50:00-04:00,147.52999877929688,147.60000610351562,147.39999389648438,147.42999267578125,27168
2026-07-13 12:55:00-04:00,147.4499969482422,147.5800018310547,147.44500732421875,147.56500244140625,24833
2026-07-13 13:00:00-04:00,147.5850067138672,147.5850067138672,147.3800048828125,147.52999877929688,43111
2026-07-13 13:05:00-04:00,147.5399932861328,147.60000610351562,147.43499755859375,147.44000244140625,31035
2026-07-13 13:10:00-04:00,147.42010498046875,147.47000122070312,147.3000030517578,147.4149932861328,41118
2026-07-13 13:15:00-04:00,147.4199981689453,147.55999755859375,147.3800048828125,147.5500030517578,14825
2026-07-13 13:20:00-04:00,147.57000732421875,147.61000061035156,147.47999572753906,147.5449981689453,28085
2026-07-13 13:25:00-04:00,147.56500244140625,147.6699981689453,147.56500244140625,147.6300048828125,24589
2026-07-13 13:30:00-04:00,147.625,147.77999877929688,147.60000610351562,147.7449951171875,36967
2026-07-13 13:35:00-04:00,147.7550048828125,147.81500244140625,147.72000122070312,147.8000030517578,20558
2026-07-13 13:40:00-04:00,147.77999877929688,147.91000366210938,147.7449951171875,147.83999633789062,31639
2026-07-13 13:45:00-04:00,147.83999633789062,147.91000366210938,147.7449951171875,147.8699951171875,28097
2026-07-13 13:50:00-04:00,147.88499450683594,148.02999877929688,147.88499450683594,147.9199981689453,28290
2026-07-13 13:55:00-04:00,147.89010620117188,147.91000366210938,147.8000946044922,147.8300018310547,26651
2026-07-13 14:00:00-04:00,147.8300018310547,147.88499450683594,147.73500061035156,147.85000610351562,45202
2026-07-13 14:05:00-04:00,147.85499572753906,147.88499450683594,147.77999877929688,147.82000732421875,21270
2026-07-13 14:10:00-04:00,147.81089782714844,147.8809356689453,147.8000030517578,147.8350067138672,20253
2026-07-13 14:15:00-04:00,147.8302001953125,147.9600067138672,147.8000030517578,147.94000244140625,20456
2026-07-13 14:20:00-04:00,147.91000366210938,147.9199981689453,147.75,147.76499938964844,19672
2026-07-13 14:25:00-04:00,147.76499938964844,148.02000427246094,147.76499938964844,148.02000427246094,26483
2026-07-13 14:30:00-04:00,148.0699005126953,148.11000061035156,147.99000549316406,148.09500122070312,30264
2026-07-13 14:35:00-04:00,148.11000061035156,148.14500427246094,148.00999450683594,148.06500244140625,31831
2026-07-13 14:40:00-04:00,148.06500244140625,148.19500732421875,148.05999755859375,148.14999389648438,39717
2026-07-13 14:45:00-04:00,148.13999938964844,148.14990234375,148.0500030517578,148.0500030517578,20842
2026-07-13 14:50:00-04:00,148.0800018310547,148.13980102539062,148.0399932861328,148.1300048828125,25131
2026-07-13 14:55:00-04:00,148.10000610351562,148.2949981689453,148.10000610351562,148.28500366210938,26970
2026-07-13 15:00:00-04:00,148.27000427246094,148.2899932861328,148.0399932861328,148.0399932861328,33737
2026-07-13 15:05:00-04:00,148.0449981689453,148.25,148.01100158691406,148.21800231933594,32003
2026-07-13 15:10:00-04:00,148.2100067138672,148.3300018310547,148.17999267578125,148.3000030517578,33240
2026-07-13 15:15:00-04:00,148.3300018310547,148.47500610351562,148.3300018310547,148.38999938964844,41860
2026-07-13 15:20:00-04:00,148.38999938964844,148.5800018310547,148.38999938964844,148.5050048828125,43444
2026-07-13 15:25:00-04:00,148.5050048828125,148.52000427246094,148.30999755859375,148.30999755859375,42571
2026-07-13 15:30:00-04:00,148.27999877929688,148.39999389648438,148.2100067138672,148.30999755859375,60603
2026-07-13 15:35:00-04:00,148.3300018310547,148.36000061035156,148.1649932861328,148.3300018310547,53679
2026-07-13 15:40:00-04:00,148.32000732421875,148.3800048828125,148.24000549316406,148.3800048828125,54609
2026-07-13 15:45:00-04:00,148.3800048828125,148.3800048828125,148.25999450683594,148.27000427246094,115638
2026-07-13 15:50:00-04:00,148.26499938964844,148.30999755859375,148.0,148.27000427246094,134137
2026-07-13 15:55:00-04:00,148.2899932861328,148.47000122070312,147.99000549316406,148.3699951171875,476939
2026-07-14 09:30:00-04:00,148.3699951171875,148.75320434570312,146.75999450683594,146.9199981689453,166810
2026-07-14 09:35:00-04:00,146.80999755859375,147.35000610351562,146.5399932861328,147.11000061035156,60465
2026-07-14 09:40:00-04:00,147.11500549316406,147.75270080566406,147.0050048828125,147.3800048828125,29807
2026-07-14 09:45:00-04:00,147.30999755859375,147.30999755859375,146.6699981689453,146.89999389648438,48125
2026-07-14 09:50:00-04:00,146.94000244140625,147.3699951171875,146.8350067138672,147.3699951171875,32827
2026-07-14 09:55:00-04:00,147.4250030517578,147.55999755859375,147.01170349121094,147.0749969482422,41527
2026-07-14 10:00:00-04:00,147.05999755859375,147.18899536132812,146.8000030517578,147.08999633789062,47392
2026-07-14 10:05:00-04:00,147.1269989013672,147.39999389648438,146.6999969482422,147.09500122070312,116364
2026-07-14 10:10:00-04:00,147.0749969482422,147.1793975830078,146.66000366210938,146.89999389648438,51869
2026-07-14 10:15:00-04:00,146.9499969482422,147.0500030517578,146.72000122070312,146.77499389648438,52995
2026-07-14 10:20:00-04:00,146.77499389648438,146.80999755859375,146.3000030517578,146.7100067138672,97058
2026-07-14 10:25:00-04:00,146.68499755859375,146.6999969482422,146.2899932861328,146.33999633789062,46634
2026-07-14 10:30:00-04:00,146.33999633789062,146.40499877929688,145.82000732421875,145.9600067138672,88984
2026-07-14 10:35:00-04:00,145.96499633789062,146.0,145.58999633789062,145.64500427246094,77922
2026-07-14 10:40:00-04:00,145.64999389648438,146.32000732421875,145.61000061035156,146.25,74917
2026-07-14 10:45:00-04:00,146.26499938964844,146.3800048828125,146.1699981689453,146.22999572753906,42919
2026-07-14 10:50:00-04:00,146.25999450683594,146.30999755859375,146.07000732421875,146.28500366210938,38939
2026-07-14 10:55:00-04:00,146.25999450683594,146.35499572753906,146.0500030517578,146.10499572753906,44500
2026-07-14 11:00:00-04:00,146.0800018310547,146.33999633789062,145.99000549316406,146.22000122070312,43296
2026-07-14 11:05:00-04:00,146.1750030517578,146.25,146.0399932861328,146.14500427246094,30703
2026-07-14 11:10:00-04:00,146.13999938964844,146.24000549316406,146.05499267578125,146.2100067138672,32766
2026-07-14 11:15:00-04:00,146.19500732421875,146.25,146.0500030517578,146.05999755859375,25627
2026-07-14 11:20:00-04:00,146.0749969482422,146.08999633789062,145.91000366210938,146.02000427246094,42177
2026-07-14 11:25:00-04:00,146.00999450683594,146.05999755859375,145.8300018310547,145.91000366210938,54404
2026-07-14 11:30:00-04:00,145.91000366210938,146.10000610351562,145.8699951171875,145.89999389648438,35168
2026-07-14 11:35:00-04:00,145.88009643554688,145.89999389648438,145.72999572753906,145.7449951171875,27505
2026-07-14 11:40:00-04:00,145.75,145.89999389648438,145.75,145.82000732421875,20439
2026-07-14 11:45:00-04:00,145.83999633789062,145.96499633789062,145.82000732421875,145.8699951171875,42328
2026-07-14 11:50:00-04:00,145.83999633789062,145.97999572753906,145.6999969482422,145.92999267578125,27952
2026-07-14 11:55:00-04:00,145.9250030517578,145.9250030517578,145.75,145.75,29689
2026-07-14 12:00:00-04:00,145.75,145.94000244140625,145.7100067138672,145.93499755859375,26152
2026-07-14 12:05:00-04:00,145.93499755859375,146.11000061035156,145.86289978027344,145.88499450683594,43564
2026-07-14 12:10:00-04:00,145.91000366210938,146.10000610351562,145.85000610351562,146.08999633789062,28479
2026-07-14 12:15:00-04:00,146.10499572753906,146.1300048828125,145.97999572753906,146.02499389648438,26836
2026-07-14 12:20:00-04:00,146.00999450683594,146.02000427246094,145.7949981689453,145.7949981689453,33937
2026-07-14 12:25:00-04:00,145.77499389648438,145.80999755859375,145.72000122070312,145.72500610351562,26766
2026-07-14 12:30:00-04:00,145.72999572753906,145.88999938964844,145.66000366210938,145.77999877929688,33193
2026-07-14 12:35:00-04:00,145.82000732421875,145.99000549316406,145.82000732421875,145.97999572753906,26406
2026-07-14 12:40:00-04:00,145.99000549316406,145.99000549316406,145.86000061035156,145.9149932861328,23716
2026-07-14 12:45:00-04:00,145.89999389648438,145.9600067138672,145.8300018310547,145.93499755859375,30643
2026-07-14 12:50:00-04:00,145.91000366210938,145.92999267578125,145.81500244140625,145.8800048828125,29841
2026-07-14 12:55:00-04:00,145.875,145.94000244140625,145.8275146484375,145.89999389648438,20717
2026-07-14 13:00:00-04:00,145.88999938964844,145.92649841308594,145.77999877929688,145.82000732421875,35673
2026-07-14 13:05:00-04:00,145.83999633789062,146.08999633789062,145.83999633789062,146.08999633789062,41656
2026-07-14 13:10:00-04:00,146.10499572753906,146.22000122070312,146.10000610351562,146.1999969482422,26223
2026-07-14 13:15:00-04:00,146.18099975585938,146.2050018310547,146.05999755859375,146.11000061035156,38349
2026-07-14 13:20:00-04:00,146.0850067138672,146.1300048828125,146.02999877929688,146.05499267578125,14656
2026-07-14 13:25:00-04:00,146.0800018310547,146.1199951171875,146.0,146.1199951171875,17579
2026-07-14 13:30:00-04:00,146.11000061035156,146.15499877929688,145.9499969482422,146.02000427246094,21939
2026-07-14 13:35:00-04:00,146.02000427246094,146.1199951171875,146.0,146.0500030517578,27336
2026-07-14 13:40:00-04:00,146.0850067138672,146.20989990234375,146.00999450683594,146.1999969482422,44204
2026-07-14 13:45:00-04:00,146.1999969482422,146.3800048828125,146.1999969482422,146.37339782714844,37026
2026-07-14 13:50:00-04:00,146.35000610351562,146.52000427246094,146.33999633789062,146.52000427246094,16932
2026-07-14 13:55:00-04:00,146.4600067138672,146.58999633789062,146.41000366210938,146.5500030517578,30886
2026-07-14 14:00:00-04:00,146.5399932861328,146.55999755859375,146.41000366210938,146.4949951171875,18979
2026-07-14 14:05:00-04:00,146.52000427246094,146.6199951171875,146.47000122070312,146.55499267578125,455336
2026-07-14 14:10:00-04:00,146.5399932861328,146.5800018310547,146.5,146.5,15788
2026-07-14 14:15:00-04:00,146.52999877929688,146.55999755859375,146.47999572753906,146.52999877929688,20697
2026-07-14 14:20:00-04:00,146.5500030517578,146.67779541015625,146.5500030517578,146.63499450683594,20685
2026-07-14 14:25:00-04:00,146.63499450683594,146.7100067138672,146.60009765625,146.6699981689453,31365
2026-07-14 14:30:00-04:00,146.66000366210938,146.67999267578125,146.52000427246094,146.5308074951172,29846
2026-07-14 14:35:00-04:00,146.50999450683594,146.50999450683594,146.38499450683594,146.46499633789062,24070
2026-07-14 14:40:00-04:00,146.47500610351562,146.50999450683594,146.38999938964844,146.50999450683594,30834
2026-07-14 14:45:00-04:00,146.52000427246094,146.5299072265625,146.38009643554688,146.42999267578125,30366
2026-07-14 14:50:00-04:00,146.4199981689453,146.4600067138672,146.36500549316406,146.39010620117188,17582
2026-07-14 14:55:00-04:00,146.41000366210938,146.49000549316406,146.33999633789062,146.38999938964844,23757
2026-07-14 15:00:00-04:00,146.3699951171875,146.50999450683594,146.2949981689453,146.48069763183594,30318
2026-07-14 15:05:00-04:00,146.49000549316406,146.5399932861328,146.31500244140625,146.31500244140625,26789
2026-07-14 15:10:00-04:00,146.3300018310547,146.3350067138672,146.09500122070312,146.17999267578125,40975
2026-07-14 15:15:00-04:00,146.16000366210938,146.2967987060547,146.14999389648438,146.19000244140625,32275
2026-07-14 15:20:00-04:00,146.19000244140625,146.42999267578125,146.1300048828125,146.3551025390625,63649
2026-07-14 15:25:00-04:00,146.38999938964844,146.52000427246094,146.33999633789062,146.48500061035156,48134
2026-07-14 15:30:00-04:00,146.49000549316406,146.49000549316406,146.22000122070312,146.23500061035156,47700
2026-07-14 15:35:00-04:00,146.22000122070312,146.2595977783203,146.14999389648438,146.22500610351562,37191
2026-07-14 15:40:00-04:00,146.22000122070312,146.27000427246094,146.13999938964844,146.16000366210938,51875
2026-07-14 15:45:00-04:00,146.13999938964844,146.17999267578125,146.03500366210938,146.1199951171875,64741
2026-07-14 15:50:00-04:00,146.11000061035156,146.44000244140625,146.0,146.22999572753906,302584
2026-07-14 15:55:00-04:00,146.2899932861328,146.2899932861328,145.99000549316406,146.10000610351562,353619
2026-07-15 09:30:00-04:00,145.27999877929688,145.78990173339844,144.66000366210938,145.5,225485
2026-07-15 09:35:00-04:00,145.46499633789062,146.3300018310547,145.3699951171875,146.22000122070312,110095
2026-07-15 09:40:00-04:00,146.19000244140625,146.4499969482422,145.7375030517578,145.8800048828125,80634
2026-07-15 09:45:00-04:00,145.9499969482422,146.33999633789062,145.94000244140625,146.23500061035156,53306
2026-07-15 09:50:00-04:00,146.22000122070312,146.5500030517578,146.11000061035156,146.35000610351562,50909
2026-07-15 09:55:00-04:00,146.32000732421875,146.3800048828125,145.97500610351562,146.02000427246094,74570
2026-07-15 10:00:00-04:00,145.9600067138672,146.3300018310547,145.8000030517578,146.32000732421875,64006
2026-07-15 10:05:00-04:00,146.35000610351562,146.55999755859375,146.22000122070312,146.47999572753906,41028
2026-07-15 10:10:00-04:00,146.47500610351562,146.60000610351562,146.33999633789062,146.5800018310547,45064
2026-07-15 10:15:00-04:00,146.60000610351562,146.8800048828125,146.60000610351562,146.8800048828125,75906
2026-07-15 10:20:00-04:00,146.89500427246094,147.5,146.8800048828125,147.5,67843
2026-07-15 10:25:00-04:00,147.44000244140625,147.77000427246094,147.4250030517578,147.5399932861328,55591
2026-07-15 10:30:00-04:00,147.5800018310547,148.0399932861328,147.4604949951172,147.89999389648438,56523
2026-07-15 10:35:00-04:00,147.86500549316406,148.36000061035156,147.83999633789062,148.3300018310547,37572
2026-07-15 10:40:00-04:00,148.3249969482422,148.58999633789062,148.3249969482422,148.36500549316406,47113
2026-07-15 10:45:00-04:00,148.36000061035156,148.3699951171875,147.86000061035156,147.94000244140625,48071
2026-07-15 10:50:00-04:00,147.97000122070312,148.1750030517578,147.8699951171875,148.1649932861328,122636
2026-07-15 10:55:00-04:00,148.13999938964844,148.5,148.05499267578125,148.0675048828125,84951
2026-07-15 11:00:00-04:00,148.08999633789062,148.35499572753906,148.00999450683594,148.35499572753906,51340
2026-07-15 11:05:00-04:00,148.31500244140625,148.31500244140625,147.91200256347656,147.93499755859375,35260
2026-07-15 11:10:00-04:00,147.89999389648438,147.97000122070312,147.7550048828125,147.88499450683594,76272
2026-07-15 11:15:00-04:00,147.88499450683594,148.01499938964844,147.77999877929688,147.85000610351562,34338
2026-07-15 11:20:00-04:00,147.8800048828125,148.00999450683594,147.80999755859375,147.95509338378906,23821
2026-07-15 11:25:00-04:00,147.94000244140625,148.0,147.75,147.75,30962
2026-07-15 11:30:00-04:00,147.7899932861328,147.97999572753906,147.74000549316406,147.7899932861328,31602
2026-07-15 11:35:00-04:00,147.8000030517578,147.8800048828125,147.63999938964844,147.75999450683594,34548
2026-07-15 11:40:00-04:00,147.75999450683594,147.9149932861328,147.72999572753906,147.88999938964844,37675
2026-07-15 11:45:00-04:00,147.91000366210938,148.00999450683594,147.83999633789062,147.8699951171875,33794
2026-07-15 11:50:00-04:00,147.9199981689453,147.9499969482422,147.80999755859375,147.85000610351562,30210
2026-07-15 11:55:00-04:00,147.80999755859375,147.83999633789062,147.4499969482422,147.4600067138672,61441
2026-07-15 12:00:00-04:00,147.47096252441406,147.47096252441406,147.19000244140625,147.36000061035156,67036
2026-07-15 12:05:00-04:00,147.36000061035156,147.67959594726562,147.32000732421875,147.42999267578125,247248
2026-07-15 12:10:00-04:00,147.4499969482422,147.64999389648438,147.3699951171875,147.5850067138672,39927
2026-07-15 12:15:00-04:00,147.5399932861328,147.64990234375,147.48500061035156,147.48500061035156,34783
2026-07-15 12:20:00-04:00,147.5,147.83999633789062,147.5,147.80999755859375,50867
2026-07-15 12:25:00-04:00,147.810302734375,147.8350067138672,147.69000244140625,147.77499389648438,19839
2026-07-15 12:30:00-04:00,147.74000549316406,148.09500122070312,147.66000366210938,148.09500122070312,19724
2026-07-15 12:35:00-04:00,148.09500122070312,148.30999755859375,148.09500122070312,148.2100067138672,26976
2026-07-15 12:40:00-04:00,148.24000549316406,148.30999755859375,148.07980346679688,148.19000244140625,17944
2026-07-15 12:45:00-04:00,148.22000122070312,148.30999755859375,148.0500030517578,148.27000427246094,102109
2026-07-15 12:50:00-04:00,148.28500366210938,148.28500366210938,147.8699951171875,147.88999938964844,32560
2026-07-15 12:55:00-04:00,147.8800048828125,148.1199951171875,147.8800048828125,147.97999572753906,22531
2026-07-15 13:00:00-04:00,147.97999572753906,148.02999877929688,147.92799377441406,148.00999450683594,16936
2026-07-15 13:05:00-04:00,148.0399932861328,148.0399932861328,147.95849609375,147.99000549316406,18123
2026-07-15 13:10:00-04:00,148.0050048828125,148.02000427246094,147.8050994873047,147.9290008544922,18874
2026-07-15 13:15:00-04:00,147.89999389648438,148.00999450683594,147.8000030517578,147.8000030517578,43439
2026-07-15 13:20:00-04:00,147.8000030517578,147.8699951171875,147.7100067138672,147.83999633789062,33714
2026-07-15 13:25:00-04:00,147.83999633789062,147.9149932861328,147.8000030517578,147.91000366210938,29190
2026-07-15 13:30:00-04:00,147.9398956298828,148.02999877929688,147.9199981689453,148.02000427246094,27304
2026-07-15 13:35:00-04:00,148.03500366210938,148.13999938964844,148.02999877929688,148.08999633789062,27389
2026-07-15 13:40:00-04:00,148.07009887695312,148.0749969482422,147.99749755859375,148.07000732421875,21816
2026-07-15 13:45:00-04:00,148.05999755859375,148.1999969482422,148.05999755859375,148.11500549316406,30051
2026-07-15 13:50:00-04:00,148.13999938964844,148.2100067138672,148.05999755859375,148.19500732421875,30358
2026-07-15 13:55:00-04:00,148.2100067138672,148.26010131835938,148.11000061035156,148.11500549316406,26923
2026-07-15 14:00:00-04:00,148.10499572753906,148.10499572753906,147.97999572753906,148.05999755859375,26077
2026-07-15 14:05:00-04:00,148.05999755859375,148.05999755859375,147.85499572753906,147.92990112304688,32612
2026-07-15 14:10:00-04:00,147.9199981689453,147.97999572753906,147.8800048828125,147.9550018310547,20712
2026-07-15 14:15:00-04:00,147.9550018310547,148.10000610351562,147.94000244140625,148.0,31739
2026-07-15 14:20:00-04:00,148.01800537109375,148.02499389648438,147.77999877929688,147.8300018310547,27957
2026-07-15 14:25:00-04:00,147.8699951171875,147.94000244140625,147.7899932861328,147.9199981689453,23422
2026-07-15 14:30:00-04:00,147.89999389648438,148.0399932861328,147.8905029296875,148.02999877929688,21069
2026-07-15 14:35:00-04:00,148.04989624023438,148.16000366210938,148.0449981689453,148.10130310058594,27810
2026-07-15 14:40:00-04:00,148.13999938964844,148.13999938964844,148.00999450683594,148.0449981689453,21323
2026-07-15 14:45:00-04:00,148.02000427246094,148.05999755859375,147.8699951171875,147.94000244140625,30354
2026-07-15 14:50:00-04:00,147.92999267578125,147.9499969482422,147.84500122070312,147.88999938964844,31993
2026-07-15 14:55:00-04:00,147.9149932861328,148.03500366210938,147.89500427246094,148.00999450683594,23898
2026-07-15 15:00:00-04:00,148.02999877929688,148.0500030517578,147.72000122070312,147.74000549316406,34707
2026-07-15 15:05:00-04:00,147.74000549316406,147.89990234375,147.57009887695312,147.84500122070312,35176
2026-07-15 15:10:00-04:00,147.84500122070312,147.93499755859375,147.77000427246094,147.83999633789062,36381
2026-07-15 15:15:00-04:00,147.8658905029297,147.9600067138672,147.8300018310547,147.9600067138672,31749
2026-07-15 15:20:00-04:00,147.9600067138672,148.0399932861328,147.94000244140625,147.97999572753906,41434
2026-07-15 15:25:00-04:00,147.9600067138672,148.0,147.7899932861328,147.8000030517578,38895
2026-07-15 15:30:00-04:00,147.8000030517578,147.86500549316406,147.58999633789062,147.58999633789062,47215
2026-07-15 15:35:00-04:00,147.5800018310547,147.5800018310547,147.39999389648438,147.47999572753906,47968
2026-07-15 15:40:00-04:00,147.4600067138672,147.59500122070312,147.41000366210938,147.54449462890625,69806
2026-07-15 15:45:00-04:00,147.52000427246094,147.80999755859375,147.47999572753906,147.80999755859375,144409
2026-07-15 15:50:00-04:00,147.7899932861328,147.8000030517578,147.3800048828125,147.6199951171875,208721
2026-07-15 15:55:00-04:00,147.60000610351562,148.07000732421875,147.55380249023438,148.02999877929688,410530
2026-07-16 09:30:00-04:00,149.49000549316406,149.74459838867188,148.1750030517578,148.27999877929688,279812
2026-07-16 09:35:00-04:00,148.33999633789062,149.0,148.3300018310547,149.0,94665
2026-07-16 09:40:00-04:00,148.9499969482422,149.97999572753906,148.77000427246094,149.8800048828125,92646
2026-07-16 09:45:00-04:00,149.8800048828125,150.14999389648438,149.63999938964844,150.11000061035156,81284
2026-07-16 09:50:00-04:00,150.14999389648438,150.5500030517578,149.84500122070312,150.53500366210938,63672
2026-07-16 09:55:00-04:00,150.5800018310547,150.66000366210938,149.7899932861328,149.8699951171875,62919
2026-07-16 10:00:00-04:00,149.8699951171875,150.0449981689453,149.54010009765625,149.6999969482422,66785
2026-07-16 10:05:00-04:00,149.5399932861328,149.6490020751953,149.14999389648438,149.25,55139
2026-07-16 10:10:00-04:00,149.25,149.38999938964844,148.94000244140625,148.9600067138672,43566
2026-07-16 10:15:00-04:00,148.97999572753906,148.97999572753906,148.53500366210938,148.75999450683594,74290
2026-07-16 10:20:00-04:00,148.79730224609375,149.27999877929688,148.7899932861328,148.8699951171875,43999
2026-07-16 10:25:00-04:00,148.91000366210938,149.0,148.55999755859375,148.6699981689453,38554
2026-07-16 10:30:00-04:00,148.6699981689453,148.7819061279297,148.49000549316406,148.625,40744
2026-07-16 10:35:00-04:00,148.625,148.64999389648438,148.42999267578125,148.6199951171875,48429
2026-07-16 10:40:00-04:00,148.6199951171875,148.80999755859375,148.57000732421875,148.6999969482422,50873
2026-07-16 10:45:00-04:00,148.69000244140625,149.10000610351562,148.69000244140625,148.97000122070312,47012
2026-07-16 10:50:00-04:00,149.02096557617188,149.6750030517578,149.02096557617188,149.61000061035156,49369
2026-07-16 10:55:00-04:00,149.5301055908203,149.75,149.35000610351562,149.71499633789062,61024
2026-07-16 11:00:00-04:00,149.6300048828125,149.97500610351562,149.625,149.92999267578125,35682
2026-07-16 11:05:00-04:00,149.9499969482422,150.0500030517578,149.9199981689453,149.97000122070312,40912
2026-07-16 11:10:00-04:00,149.97500610351562,150.30499267578125,149.94000244140625,150.27999877929688,63071
2026-07-16 11:15:00-04:00,150.2899932861328,150.49000549316406,150.25,150.31500244140625,45671
2026-07-16 11:20:00-04:00,150.24000549316406,150.4199981689453,150.17999267578125,150.33999633789062,43702
2026-07-16 11:25:00-04:00,150.30999755859375,150.47999572753906,150.1999969482422,150.4600067138672,42298
2026-07-16 11:30:00-04:00,150.4600067138672,150.49000549316406,150.27999877929688,150.47000122070312,36329
2026-07-16 11:35:00-04:00,150.46499633789062,150.5,150.33999633789062,150.38999938964844,39913
2026-07-16 11:40:00-04:00,150.41000366210938,150.69000244140625,150.41000366210938,150.63499450683594,56004
2026-07-16 11:45:00-04:00,150.6533966064453,150.77000427246094,150.4499969482422,150.4499969482422,53661
2026-07-16 11:50:00-04:00,150.42999267578125,150.5,150.35000610351562,150.3874969482422,27393
2026-07-16 11:55:00-04:00,150.4199981689453,150.52000427246094,150.22999572753906,150.2382049560547,28723
2026-07-16 12:00:00-04:00,150.22999572753906,150.38999938964844,150.19500732421875,150.22000122070312,34778
2026-07-16 12:05:00-04:00,150.24000549316406,150.3300018310547,150.1699981689453,150.30999755859375,41231
2026-07-16 12:10:00-04:00,150.30499267578125,150.36000061035156,150.26499938964844,150.27000427246094,22960
2026-07-16 12:15:00-04:00,150.32000732421875,150.5399932861328,150.31500244140625,150.4149932861328,29795
2026-07-16 12:20:00-04:00,150.38999938964844,150.52000427246094,150.3300018310547,150.36000061035156,24077
2026-07-16 12:25:00-04:00,150.36500549316406,150.4600067138672,150.30999755859375,150.32000732421875,26176
2026-07-16 12:30:00-04:00,150.3800048828125,150.5417938232422,150.3300018310547,150.52999877929688,26349
2026-07-16 12:35:00-04:00,150.5998992919922,150.64999389648438,150.52999877929688,150.5850067138672,27721
2026-07-16 12:40:00-04:00,150.58999633789062,150.64999389648438,150.44000244140625,150.6300048828125,22312
2026-07-16 12:45:00-04:00,150.64999389648438,150.6999969482422,150.5500030517578,150.55999755859375,24429
2026-07-16 12:50:00-04:00,150.58999633789062,150.82000732421875,150.5,150.82000732421875,46041
2026-07-16 12:55:00-04:00,150.79249572753906,150.79249572753906,150.53500366210938,150.58999633789062,30478
2026-07-16 13:00:00-04:00,150.58999633789062,150.8000030517578,150.58999633789062,150.72500610351562,27094
2026-07-16 13:05:00-04:00,150.72000122070312,150.85000610351562,150.61000061035156,150.66000366210938,20861
2026-07-16 13:10:00-04:00,150.6699981689453,150.6699981689453,150.5500946044922,150.58999633789062,15817
2026-07-16 13:15:00-04:00,150.58999633789062,150.74000549316406,150.5850067138672,150.69500732421875,30417
2026-07-16 13:20:00-04:00,150.67999267578125,150.77000427246094,150.5749969482422,150.64999389648438,37713
2026-07-16 13:25:00-04:00,150.66000366210938,150.72000122070312,150.39500427246094,150.44000244140625,39652
2026-07-16 13:30:00-04:00,150.41000366210938,150.5,150.22999572753906,150.32000732421875,48209
2026-07-16 13:35:00-04:00,150.3000030517578,150.4698944091797,150.25100708007812,150.4698944091797,25037
2026-07-16 13:40:00-04:00,150.4550018310547,150.67999267578125,150.44000244140625,150.66000366210938,46796
2026-07-16 13:45:00-04:00,150.6649932861328,150.72000122070312,150.5800018310547,150.625,38518
2026-07-16 13:50:00-04:00,150.64999389648438,150.91000366210938,150.60000610351562,150.86000061035156,43701
2026-07-16 13:55:00-04:00,150.86000061035156,150.8845977783203,150.72000122070312,150.7303009033203,28669
2026-07-16 14:00:00-04:00,150.7100067138672,150.7406005859375,150.6300048828125,150.67999267578125,37949
2026-07-16 14:05:00-04:00,150.69000244140625,150.8699951171875,150.6649932861328,150.82249450683594,36444
2026-07-16 14:10:00-04:00,150.7899932861328,151.02000427246094,150.77999877929688,151.0050048828125,56581
2026-07-16 14:15:00-04:00,151.02999877929688,151.03500366210938,150.7899932861328,150.79010009765625,45147
2026-07-16 14:20:00-04:00,150.82000732421875,150.91000366210938,150.75999450683594,150.80999755859375,26308
2026-07-16 14:25:00-04:00,150.82000732421875,150.89129638671875,150.67999267578125,150.68499755859375,31780
2026-07-16 14:30:00-04:00,150.6699981689453,150.79660034179688,150.63999938964844,150.77999877929688,35792
2026-07-16 14:35:00-04:00,150.75999450683594,150.81500244140625,150.69000244140625,150.8007049560547,30698
2026-07-16 14:40:00-04:00,150.78500366210938,150.8300018310547,150.6999969482422,150.71499633789062,37999
2026-07-16 14:45:00-04:00,150.69000244140625,150.83999633789062,150.6815948486328,150.75999450683594,47815
2026-07-16 14:50:00-04:00,150.75999450683594,150.8800048828125,150.72999572753906,150.77499389648438,31907
2026-07-16 14:55:00-04:00,150.7899932861328,150.80999755859375,150.57000732421875,150.63499450683594,53569
2026-07-16 15:00:00-04:00,150.6300048828125,150.6300048828125,150.3800048828125,150.44000244140625,54783
2026-07-16 15:05:00-04:00,150.4199981689453,150.77499389648438,150.4199981689453,150.77499389648438,36249
2026-07-16 15:10:00-04:00,150.77499389648438,150.77499389648438,150.55499267578125,150.64999389648438,50467
2026-07-16 15:15:00-04:00,150.61000061035156,150.82000732421875,150.61000061035156,150.80999755859375,49120
2026-07-16 15:20:00-04:00,150.80999755859375,150.9499969482422,150.77999877929688,150.88999938964844,44602
2026-07-16 15:25:00-04:00,150.875,150.9250030517578,150.6199951171875,150.6699981689453,44355
2026-07-16 15:30:00-04:00,150.6649932861328,150.75,150.5500946044922,150.69000244140625,64015
2026-07-16 15:35:00-04:00,150.6999969482422,150.82000732421875,150.67999267578125,150.77999877929688,59551
2026-07-16 15:40:00-04:00,150.77749633789062,151.02000427246094,150.75,151.0,64305
2026-07-16 15:45:00-04:00,150.97999572753906,151.16000366210938,150.9499969482422,151.05999755859375,143971
2026-07-16 15:50:00-04:00,150.99000549316406,151.22000122070312,150.77999877929688,151.22000122070312,275539
2026-07-16 15:55:00-04:00,151.22000122070312,151.52000427246094,151.13999938964844,151.5,424064
2026-07-17 09:30:00-04:00,152.86000061035156,153.1300048828125,152.47999572753906,152.74000549316406,899234
2026-07-17 09:35:00-04:00,152.66000366210938,153.8000030517578,152.6300048828125,153.78759765625,110043
2026-07-17 09:40:00-04:00,153.7550048828125,153.97999572753906,153.47000122070312,153.89999389648438,261644
2026-07-17 09:45:00-04:00,153.86500549316406,154.32000732421875,153.72000122070312,154.17999267578125,548289
2026-07-17 09:50:00-04:00,154.22500610351562,154.27000427246094,153.97000122070312,154.02000427246094,104242
2026-07-17 09:55:00-04:00,154.05999755859375,154.0800018310547,153.610107421875,153.77999877929688,163396
2026-07-17 10:00:00-04:00,153.75,153.85000610351562,153.22999572753906,153.74000549316406,463597
2026-07-17 10:05:00-04:00,153.7100067138672,153.72999572753906,152.77499389648438,153.02499389648438,209025
2026-07-17 10:10:00-04:00,152.99000549316406,153.07000732421875,152.22999572753906,152.69500732421875,100151
2026-07-17 10:15:00-04:00,152.68499755859375,152.91000366210938,152.17230224609375,152.28500366210938,72826
2026-07-17 10:20:00-04:00,152.3800048828125,152.60000610351562,152.27999877929688,152.46499633789062,37941
2026-07-17 10:25:00-04:00,152.4199981689453,152.56500244140625,152.32000732421875,152.5050048828125,51934
2026-07-17 10:30:00-04:00,152.5050048828125,152.82000732421875,152.5050048828125,152.6999053955078,52474
2026-07-17 10:35:00-04:00,152.6300048828125,152.65499877929688,152.25999450683594,152.3300018310547,57366
2026-07-17 10:40:00-04:00,152.35000610351562,152.69000244140625,152.35000610351562,152.47500610351562,47070
2026-07-17 10:45:00-04:00,152.46499633789062,152.5749969482422,152.00999450683594,152.09500122070312,55431
2026-07-17 10:50:00-04:00,152.09500122070312,152.3350067138672,152.00999450683594,152.32000732421875,47852
2026-07-17 10:55:00-04:00,152.33999633789062,152.44000244140625,152.11500549316406,152.44000244140625,68538
2026-07-17 11:00:00-04:00,152.44000244140625,152.5050048828125,152.17999267578125,152.36000061035156,36025
2026-07-17 11:05:00-04:00,152.36000061035156,152.42999267578125,152.11000061035156,152.16000366210938,33172
2026-07-17 11:10:00-04:00,152.14999389648438,152.30999755859375,152.1300048828125,152.2100067138672,31903
2026-07-17 11:15:00-04:00,152.22999572753906,152.3800048828125,152.19000244140625,152.32000732421875,30873
2026-07-17 11:20:00-04:00,152.3000030517578,152.3800048828125,152.22000122070312,152.30999755859375,47688
2026-07-17 11:25:00-04:00,152.32000732421875,152.3300018310547,152.19500732421875,152.2100067138672,55058
2026-07-17 11:30:00-04:00,152.22999572753906,152.49000549316406,152.1699981689453,152.38499450683594,74367
2026-07-17 11:35:00-04:00,152.41000366210938,152.41000366210938,152.0316925048828,152.0800018310547,52603
2026-07-17 11:40:00-04:00,152.09500122070312,152.1750030517578,152.0,152.02999877929688,46804
2026-07-17 11:45:00-04:00,152.02000427246094,152.02000427246094,151.75,151.81500244140625,74680
2026-07-17 11:50:00-04:00,151.77000427246094,151.80999755859375,151.47999572753906,151.57000732421875,40320
2026-07-17 11:55:00-04:00,151.5800018310547,151.7198944091797,151.3699951171875,151.7198944091797,47348
2026-07-17 12:00:00-04:00,151.63999938964844,151.63999938964844,151.22999572753906,151.36000061035156,59271
2026-07-17 12:05:00-04:00,151.32000732421875,151.3699951171875,151.1999969482422,151.27000427246094,32354
2026-07-17 12:10:00-04:00,151.2550048828125,151.30499267578125,151.10499572753906,151.20509338378906,38366
2026-07-17 12:15:00-04:00,151.17999267578125,151.22000122070312,151.05999755859375,151.1199951171875,32895
2026-07-17 12:20:00-04:00,151.1649932861328,151.41000366210938,151.13999938964844,151.3000030517578,37154
2026-07-17 12:25:00-04:00,151.3300018310547,151.35499572753906,151.05999755859375,151.05999755859375,26456
2026-07-17 12:30:00-04:00,151.07000732421875,151.1782989501953,150.9676055908203,150.98500061035156,36886
2026-07-17 12:35:00-04:00,150.9600067138672,151.02999877929688,150.89999389648438,151.02000427246094,31486
2026-07-17 12:40:00-04:00,150.97999572753906,151.0500030517578,150.8000030517578,150.81500244140625,30486
2026-07-17 12:45:00-04:00,150.82989501953125,150.83999633789062,150.7100067138672,150.72000122070312,40544
2026-07-17 12:50:00-04:00,150.69000244140625,150.74989318847656,150.44000244140625,150.47000122070312,30330
2026-07-17 12:55:00-04:00,150.4499969482422,150.52000427246094,150.3800048828125,150.49000549316406,24790
2026-07-17 13:00:00-04:00,150.5050048828125,150.5050048828125,150.27000427246094,150.33999633789062,34018
2026-07-17 13:05:00-04:00,150.3699951171875,150.48989868164062,150.32000732421875,150.3699951171875,30344
2026-07-17 13:10:00-04:00,150.33999633789062,150.33999633789062,149.89500427246094,149.94500732421875,58181
2026-07-17 13:15:00-04:00,149.92999267578125,149.97999572753906,149.625,149.74000549316406,63173
2026-07-17 13:20:00-04:00,149.7899932861328,150.0500030517578,149.7899932861328,150.0399932861328,49564
2026-07-17 13:25:00-04:00,150.03500366210938,150.0500030517578,149.8800048828125,149.91510009765625,46521
2026-07-17 13:30:00-04:00,149.91000366210938,149.91000366210938,149.72000122070312,149.8300018310547,31393
2026-07-17 13:35:00-04:00,149.82000732421875,149.92999267578125,149.77000427246094,149.77000427246094,32751
2026-07-17 13:40:00-04:00,149.75,150.0399932861328,149.75,149.97000122070312,24903
2026-07-17 13:45:00-04:00,149.9499969482422,149.97000122070312,149.60000610351562,149.6699981689453,33640
2026-07-17 13:50:00-04:00,149.66000366210938,149.8000030517578,149.6199951171875,149.7449951171875,39034
2026-07-17 13:55:00-04:00,149.77000427246094,149.77000427246094,149.57000732421875,149.61500549316406,27315
2026-07-17 14:00:00-04:00,149.61500549316406,149.7100067138672,149.3800048828125,149.42999267578125,73113
2026-07-17 14:05:00-04:00,149.4499969482422,149.50999450683594,149.30999755859375,149.5,63032
2026-07-17 14:10:00-04:00,149.42999267578125,149.6199951171875,149.42999267578125,149.5800018310547,41588
2026-07-17 14:15:00-04:00,149.57000732421875,149.72000122070312,149.50999450683594,149.68499755859375,52772
2026-07-17 14:20:00-04:00,149.68499755859375,149.7899932861328,149.64999389648438,149.6750030517578,42872
2026-07-17 14:25:00-04:00,149.67999267578125,149.70899963378906,149.4499969482422,149.50999450683594,43295
2026-07-17 14:30:00-04:00,149.52000427246094,149.60000610351562,149.4499969482422,149.5500030517578,45057
2026-07-17 14:35:00-04:00,149.5449981689453,149.64999389648438,149.47999572753906,149.61000061035156,24000
2026-07-17 14:40:00-04:00,149.63999938964844,149.7449951171875,149.58999633789062,149.6199951171875,41302
2026-07-17 14:45:00-04:00,149.60000610351562,149.6649932861328,149.4600067138672,149.49000549316406,33872
2026-07-17 14:50:00-04:00,149.47999572753906,149.65499877929688,149.43499755859375,149.6300048828125,35461
2026-07-17 14:55:00-04:00,149.60000610351562,149.7100067138672,149.58999633789062,149.64999389648438,34655
2026-07-17 15:00:00-04:00,149.63999938964844,149.64500427246094,149.52000427246094,149.5800018310547,37245
2026-07-17 15:05:00-04:00,149.58999633789062,149.67999267578125,149.5800018310547,149.61500549316406,38755
2026-07-17 15:10:00-04:00,149.61000061035156,149.78500366210938,149.59500122070312,149.78500366210938,43376
2026-07-17 15:15:00-04:00,149.78500366210938,150.0399932861328,149.75999450683594,149.86500549316406,44156
2026-07-17 15:20:00-04:00,149.86000061035156,149.86500549316406,149.69500732421875,149.77999877929688,45368
2026-07-17 15:25:00-04:00,149.8000030517578,149.97999572753906,149.75999450683594,149.78500366210938,44868
2026-07-17 15:30:00-04:00,149.75999450683594,149.89999389648438,149.6199951171875,149.875,58684
2026-07-17 15:35:00-04:00,149.8800048828125,149.97000122070312,149.77499389648438,149.93499755859375,50828
2026-07-17 15:40:00-04:00,149.97000122070312,149.99000549316406,149.86000061035156,149.97000122070312,55527
2026-07-17 15:45:00-04:00,149.9499969482422,150.02499389648438,149.69000244140625,149.6999969482422,100726
2026-07-17 15:50:00-04:00,149.72000122070312,149.88999938964844,149.5800018310547,149.7449951171875,200432
2026-07-17 15:55:00-04:00,149.72999572753906,150.0500030517578,149.69000244140625,149.97000122070312,553604
2026-07-20 09:30:00-04:00,149.55999755859375,150.10000610351562,148.6199951171875,148.8699951171875,202334
2026-07-20 09:35:00-04:00,148.6999969482422,149.11000061035156,148.61000061035156,149.0800018310547,60761
2026-07-20 09:40:00-04:00,149.1456756591797,149.39999389648438,148.6300048828125,148.80999755859375,54669
2026-07-20 09:45:00-04:00,148.80999755859375,149.02499389648438,148.5800018310547,148.92999267578125,78289
2026-07-20 09:50:00-04:00,148.89999389648438,149.2449951171875,148.7899932861328,148.86500549316406,93783
2026-07-20 09:55:00-04:00,148.8699951171875,148.9499969482422,148.71499633789062,148.77999877929688,43954
2026-07-20 10:00:00-04:00,148.80999755859375,149.38900756835938,148.7899932861328,148.85000610351562,42119
2026-07-20 10:05:00-04:00,148.8000030517578,149.15530395507812,148.8000030517578,148.9499969482422,32393
2026-07-20 10:10:00-04:00,148.97999572753906,149.60000610351562,148.97999572753906,149.40499877929688,45401
2026-07-20 10:15:00-04:00,149.4499969482422,149.7899932861328,149.4149932861328,149.7899932861328,27255
2026-07-20 10:20:00-04:00,149.89999389648438,149.95599365234375,149.75999450683594,149.75999450683594,33304
2026-07-20 10:25:00-04:00,149.8000030517578,149.80999755859375,149.66000366210938,149.71499633789062,39275
2026-07-20 10:30:00-04:00,149.67999267578125,149.77029418945312,149.5800018310547,149.5800018310547,39101
2026-07-20 10:35:00-04:00,149.60000610351562,149.97999572753906,149.5,149.8000030517578,40959
2026-07-20 10:40:00-04:00,149.7899932861328,149.7899932861328,149.55999755859375,149.72000122070312,34425
2026-07-20 10:45:00-04:00,149.7050018310547,149.8000030517578,149.67999267578125,149.73500061035156,20232
2026-07-20 10:50:00-04:00,149.77000427246094,149.85000610351562,149.63999938964844,149.73500061035156,23634
2026-07-20 10:55:00-04:00,149.72000122070312,149.8000030517578,149.5399932861328,149.8000030517578,30267
2026-07-20 11:00:00-04:00,149.80999755859375,149.85000610351562,149.5,149.60000610351562,62152
2026-07-20 11:05:00-04:00,149.59500122070312,149.88999938964844,149.5601043701172,149.8406982421875,48999
2026-07-20 11:10:00-04:00,149.8699951171875,149.89999389648438,149.69500732421875,149.8800048828125,39402
2026-07-20 11:15:00-04:00,149.83999633789062,149.83999633789062,149.60000610351562,149.7949981689453,37154
2026-07-20 11:20:00-04:00,149.7899932861328,149.80999755859375,149.53500366210938,149.65499877929688,55413
2026-07-20 11:25:00-04:00,149.65499877929688,149.67999267578125,149.4600067138672,149.5,46620
2026-07-20 11:30:00-04:00,149.49000549316406,149.55499267578125,149.36000061035156,149.375,25314
2026-07-20 11:35:00-04:00,149.39999389648438,149.6699981689453,149.3249969482422,149.61500549316406,51431
2026-07-20 11:40:00-04:00,149.58999633789062,149.6488037109375,149.4499969482422,149.50999450683594,24723
2026-07-20 11:45:00-04:00,149.52999877929688,149.58009338378906,149.42999267578125,149.4600067138672,19940
2026-07-20 11:50:00-04:00,149.47999572753906,149.52000427246094,149.39010620117188,149.4550018310547,37923
2026-07-20 11:55:00-04:00,149.42999267578125,149.42999267578125,149.25,149.3125,33590
2026-07-20 12:00:00-04:00,149.31509399414062,149.3699951171875,149.17999267578125,149.30999755859375,39785
2026-07-20 12:05:00-04:00,149.30999755859375,149.41000366210938,149.25,149.38499450683594,36629
2026-07-20 12:10:00-04:00,149.38510131835938,149.50999450683594,149.36000061035156,149.3800048828125,72479
2026-07-20 12:15:00-04:00,149.39500427246094,149.4799041748047,149.35000610351562,149.42999267578125,29728
2026-07-20 12:20:00-04:00,149.4499969482422,149.52999877929688,149.38999938964844,149.44500732421875,36142
2026-07-20 12:25:00-04:00,149.44000244140625,149.53990173339844,149.39500427246094,149.39500427246094,29289
2026-07-20 12:30:00-04:00,149.36500549316406,149.36500549316406,149.08999633789062,149.10499572753906,36813
2026-07-20 12:35:00-04:00,149.08999633789062,149.08999633789062,148.97999572753906,149.05999755859375,51646
2026-07-20 12:40:00-04:00,149.05999755859375,149.2899932861328,148.9499969482422,149.22999572753906,64533
2026-07-20 12:45:00-04:00,149.22999572753906,149.27879333496094,149.08999633789062,149.1300048828125,26710
2026-07-20 12:50:00-04:00,149.1300048828125,149.22000122070312,149.02000427246094,149.0500030517578,36309
2026-07-20 12:55:00-04:00,149.05999755859375,149.05999755859375,148.8699951171875,148.93499755859375,27907
2026-07-20 13:00:00-04:00,148.93499755859375,149.03500366210938,148.8699951171875,149.03500366210938,20243
2026-07-20 13:05:00-04:00,149.0749969482422,149.0800018310547,149.00999450683594,149.03500366210938,22927
2026-07-20 13:10:00-04:00,149.03500366210938,149.2550048828125,149.03500366210938,149.1177978515625,42073
2026-07-20 13:15:00-04:00,149.11000061035156,149.13999938964844,148.80999755859375,148.85000610351562,27931
2026-07-20 13:20:00-04:00,148.83999633789062,148.91000366210938,148.75999450683594,148.8800048828125,35356
2026-07-20 13:25:00-04:00,148.86500549316406,148.8887939453125,148.75999450683594,148.77000427246094,32070
2026-07-20 13:30:00-04:00,148.75999450683594,148.82000732421875,148.69000244140625,148.7899932861328,33136
2026-07-20 13:35:00-04:00,148.75999450683594,148.78500366210938,148.69090270996094,148.7100067138672,37205
2026-07-20 13:40:00-04:00,148.71499633789062,148.94500732421875,148.6999969482422,148.8800048828125,55624
2026-07-20 13:45:00-04:00,148.8699951171875,148.92999267578125,148.77999877929688,148.8092041015625,22220
2026-07-20 13:50:00-04:00,148.77999877929688,148.88999938964844,148.75999450683594,148.86000061035156,23355
2026-07-20 13:55:00-04:00,148.8699951171875,149.0,148.85499572753906,148.9499969482422,23940
2026-07-20 14:00:00-04:00,148.97999572753906,149.07000732421875,148.9600067138672,149.05999755859375,24174
2026-07-20 14:05:00-04:00,149.0500030517578,149.05499267578125,148.83999633789062,148.85499572753906,23063
2026-07-20 14:10:00-04:00,148.8300018310547,148.8699951171875,148.77999877929688,148.80999755859375,25011
2026-07-20 14:15:00-04:00,148.82000732421875,148.8699951171875,148.77999877929688,148.8000030517578,22822
2026-07-20 14:20:00-04:00,148.80999755859375,148.9199981689453,148.75,148.8000030517578,32185
2026-07-20 14:25:00-04:00,148.81500244140625,148.85000610351562,148.75,148.8300018310547,31919
2026-07-20 14:30:00-04:00,148.83999633789062,148.83999633789062,148.72000122070312,148.72999572753906,30853
2026-07-20 14:35:00-04:00,148.72999572753906,148.72999572753906,148.53500366210938,148.60000610351562,39710
2026-07-20 14:40:00-04:00,148.61000061035156,148.639892578125,148.52999877929688,148.61000061035156,65028
2026-07-20 14:45:00-04:00,148.60499572753906,148.64999389648438,148.47000122070312,148.5800018310547,68184
2026-07-20 14:50:00-04:00,148.55999755859375,148.64500427246094,148.55999755859375,148.5850067138672,28156
2026-07-20 14:55:00-04:00,148.5850067138672,148.61000061035156,148.52000427246094,148.5500030517578,43826
2026-07-20 15:00:00-04:00,148.5449981689453,148.6699981689453,148.47000122070312,148.6300048828125,62333
2026-07-20 15:05:00-04:00,148.63999938964844,148.72000122070312,148.61000061035156,148.6649932861328,49175
2026-07-20 15:10:00-04:00,148.6750030517578,148.6750030517578,148.42999267578125,148.4499969482422,75994
2026-07-20 15:15:00-04:00,148.4600067138672,148.82000732421875,148.4499969482422,148.80499267578125,77436
2026-07-20 15:20:00-04:00,148.8350067138672,149.05999755859375,148.8350067138672,148.89999389648438,82337
2026-07-20 15:25:00-04:00,148.94000244140625,148.94000244140625,148.6802978515625,148.77999877929688,44789
2026-07-20 15:30:00-04:00,148.77999877929688,148.86000061035156,148.69000244140625,148.84500122070312,59072
2026-07-20 15:35:00-04:00,148.85000610351562,148.8800048828125,148.64500427246094,148.77499389648438,40563
2026-07-20 15:40:00-04:00,148.76499938964844,148.78500366210938,148.63999938964844,148.78500366210938,42844
2026-07-20 15:45:00-04:00,148.8000030517578,148.96499633789062,148.8000030517578,148.80499267578125,73604
2026-07-20 15:50:00-04:00,148.7899932861328,149.1649932861328,148.7899932861328,149.08999633789062,157238
2026-07-20 15:55:00-04:00,149.1199951171875,149.27999877929688,149.0399932861328,149.13499450683594,370413
2026-07-21 09:30:00-04:00,147.86000061035156,148.25999450683594,147.55999755859375,148.1199951171875,183410
2026-07-21 09:35:00-04:00,148.13499450683594,148.28500366210938,147.74000549316406,147.77999877929688,181213
2026-07-21 09:40:00-04:00,147.80545043945312,147.8699951171875,146.8800048828125,147.2949981689453,98616
2026-07-21 09:45:00-04:00,147.36000061035156,147.8800048828125,147.1999969482422,147.57000732421875,69902
2026-07-21 09:50:00-04:00,147.60000610351562,147.92999267578125,147.39999389648438,147.83999633789062,64966
2026-07-21 09:55:00-04:00,147.80999755859375,147.90499877929688,147.53250122070312,147.73500061035156,53005
2026-07-21 10:00:00-04:00,147.82000732421875,148.00999450683594,147.6300048828125,147.8699951171875,63960
2026-07-21 10:05:00-04:00,147.8699951171875,148.10989379882812,147.82000732421875,148.10989379882812,32598
2026-07-21 10:10:00-04:00,148.06500244140625,148.0998992919922,147.6999969482422,148.03500366210938,47250
2026-07-21 10:15:00-04:00,148.0,148.05999755859375,147.72000122070312,147.75,41658
2026-07-21 10:20:00-04:00,147.7449951171875,147.93499755859375,147.7100067138672,147.9199981689453,33625
2026-07-21 10:25:00-04:00,147.9199981689453,147.9199981689453,147.43499755859375,147.44000244140625,40081
2026-07-21 10:30:00-04:00,147.4499969482422,147.5500030517578,147.2095947265625,147.3350067138672,39644
2026-07-21 10:35:00-04:00,147.3350067138672,147.3531036376953,147.11000061035156,147.27000427246094,49771
2026-07-21 10:40:00-04:00,147.26499938964844,147.33999633789062,147.17999267578125,147.19000244140625,68577
2026-07-21 10:45:00-04:00,147.19500732421875,147.3699951171875,146.97000122070312,147.3699951171875,64538
2026-07-21 10:50:00-04:00,147.3699951171875,147.4499969482422,147.28500366210938,147.42999267578125,27390
2026-07-21 10:55:00-04:00,147.44000244140625,147.52999877929688,147.36000061035156,147.48500061035156,52740
2026-07-21 11:00:00-04:00,147.4600067138672,147.60000610351562,147.25999450683594,147.58999633789062,64771
2026-07-21 11:05:00-04:00,147.60000610351562,147.69000244140625,147.47000122070312,147.63999938964844,33940
2026-07-21 11:10:00-04:00,147.64999389648438,147.75,147.58999633789062,147.69000244140625,29711
2026-07-21 11:15:00-04:00,147.67999267578125,147.86000061035156,147.6199951171875,147.84500122070312,31956
2026-07-21 11:20:00-04:00,147.86000061035156,148.0399932861328,147.66749572753906,147.70010375976562,43775
2026-07-21 11:25:00-04:00,147.69000244140625,147.75999450683594,147.5399932861328,147.73500061035156,25047
2026-07-21 11:30:00-04:00,147.72999572753906,147.82000732421875,147.5850067138672,147.5850067138672,24147
2026-07-21 11:35:00-04:00,147.58999633789062,147.62989807128906,147.4600067138672,147.60000610351562,32049
2026-07-21 11:40:00-04:00,147.6300048828125,147.64500427246094,147.47000122070312,147.5449981689453,24129
2026-07-21 11:45:00-04:00,147.5449981689453,147.5500030517578,147.4199981689453,147.4250030517578,52251
2026-07-21 11:50:00-04:00,147.4698944091797,147.55999755859375,147.34120178222656,147.55999755859375,31350
2026-07-21 11:55:00-04:00,147.53500366210938,147.53500366210938,147.41009521484375,147.44000244140625,19446
2026-07-21 12:00:00-04:00,147.42999267578125,147.49000549316406,147.39999389648438,147.41000366210938,32020
2026-07-21 12:05:00-04:00,147.38999938964844,147.4600067138672,147.33999633789062,147.42999267578125,41755
2026-07-21 12:10:00-04:00,147.47000122070312,147.63499450683594,147.4199981689453,147.63499450683594,18984
2026-07-21 12:15:00-04:00,147.64999389648438,147.64999389648438,147.5399932861328,147.5399932861328,27836
2026-07-21 12:20:00-04:00,147.5500030517578,147.60000610351562,147.47999572753906,147.60000610351562,27315
2026-07-21 12:25:00-04:00,147.6199951171875,147.9600067138672,147.6199951171875,147.92999267578125,41421
2026-07-21 12:30:00-04:00,147.9199981689453,147.9199981689453,147.82119750976562,147.8300018310547,24099
2026-07-21 12:35:00-04:00,147.8300018310547,147.8300018310547,147.52000427246094,147.5449981689453,29856
2026-07-21 12:40:00-04:00,147.57000732421875,147.6199951171875,147.52000427246094,147.60499572753906,19375
2026-07-21 12:45:00-04:00,147.60499572753906,147.6699981689453,147.5,147.5399932861328,29425
2026-07-21 12:50:00-04:00,147.55499267578125,147.55499267578125,147.44000244140625,147.49000549316406,48829
2026-07-21 12:55:00-04:00,147.50999450683594,147.5449981689453,147.3000030517578,147.30499267578125,77245
2026-07-21 13:00:00-04:00,147.30499267578125,147.3300018310547,147.101806640625,147.1699981689453,56546
2026-07-21 13:05:00-04:00,147.17999267578125,147.24000549316406,147.0749969482422,147.19500732421875,39818
2026-07-21 13:10:00-04:00,147.2100067138672,147.27999877929688,147.13079833984375,147.27999877929688,30692
2026-07-21 13:15:00-04:00,147.27999877929688,147.27999877929688,147.19000244140625,147.22500610351562,29611
2026-07-21 13:20:00-04:00,147.22999572753906,147.36000061035156,147.1999969482422,147.36000061035156,43807
2026-07-21 13:25:00-04:00,147.3699951171875,147.4801025390625,147.36099243164062,147.47000122070312,22489
2026-07-21 13:30:00-04:00,147.5,147.50999450683594,147.36000061035156,147.3800048828125,43455
2026-07-21 13:35:00-04:00,147.38999938964844,147.60499572753906,147.38999938964844,147.5749969482422,44705
2026-07-21 13:40:00-04:00,147.5749969482422,147.74000549316406,147.5749969482422,147.74000549316406,22004
2026-07-21 13:45:00-04:00,147.74000549316406,147.77000427246094,147.63999938964844,147.64500427246094,36663
2026-07-21 13:50:00-04:00,147.66000366210938,147.6699981689453,147.50100708007812,147.55999755859375,30793
2026-07-21 13:55:00-04:00,147.55999755859375,147.625,147.5399932861328,147.625,31716
2026-07-21 14:00:00-04:00,147.61000061035156,147.61000061035156,147.4199981689453,147.4600067138672,32398
2026-07-21 14:05:00-04:00,147.4600067138672,147.6300048828125,147.4199981689453,147.6199951171875,24387
2026-07-21 14:10:00-04:00,147.6199951171875,147.6999969482422,147.60499572753906,147.63999938964844,29945
2026-07-21 14:15:00-04:00,147.63499450683594,147.63999938964844,147.5449981689453,147.63999938964844,30662
2026-07-21 14:20:00-04:00,147.6699981689453,147.7050018310547,147.55999755859375,147.60000610351562,28756
2026-07-21 14:25:00-04:00,147.61000061035156,147.75999450683594,147.58999633789062,147.7550048828125,27357
2026-07-21 14:30:00-04:00,147.75,147.75,147.6199951171875,147.66000366210938,27601
2026-07-21 14:35:00-04:00,147.6699981689453,147.72900390625,147.6300048828125,147.65499877929688,27833
2026-07-21 14:40:00-04:00,147.66000366210938,147.6999969482422,147.52000427246094,147.56500244140625,33713
2026-07-21 14:45:00-04:00,147.56500244140625,147.72000122070312,147.5500030517578,147.71499633789062,47986
2026-07-21 14:50:00-04:00,147.7050018310547,147.77000427246094,147.6300048828125,147.64500427246094,44592
2026-07-21 14:55:00-04:00,147.64999389648438,147.72000122070312,147.64500427246094,147.65499877929688,31586
2026-07-21 15:00:00-04:00,147.6699981689453,147.80999755859375,147.63999938964844,147.75,49596
2026-07-21 15:05:00-04:00,147.77000427246094,147.83999633789062,147.72999572753906,147.83999633789062,33247
2026-07-21 15:10:00-04:00,147.84500122070312,148.0399932861328,147.8000030517578,148.02999877929688,32052
2026-07-21 15:15:00-04:00,148.03500366210938,148.10000610351562,148.0,148.0500030517578,43813
2026-07-21 15:20:00-04:00,148.07000732421875,148.32000732421875,148.00999450683594,148.30999755859375,52131
2026-07-21 15:25:00-04:00,148.32989501953125,148.41000366210938,148.27000427246094,148.33999633789062,50401
2026-07-21 15:30:00-04:00,148.32000732421875,148.36000061035156,148.2100067138672,148.21499633789062,68277
2026-07-21 15:35:00-04:00,148.22999572753906,148.2899932861328,148.13999938964844,148.17999267578125,57341
2026-07-21 15:40:00-04:00,148.1699981689453,148.25,148.02499389648438,148.25,57068
2026-07-21 15:45:00-04:00,148.2100067138672,148.2949981689453,148.0500030517578,148.0500030517578,100139
2026-07-21 15:50:00-04:00,148.07000732421875,148.24000549316406,147.9600067138672,148.14500427246094,154663
2026-07-21 15:55:00-04:00,148.16000366210938,148.3800048828125,148.02999877929688,148.13999938964844,420261
2026-07-22 09:30:00-04:00,149.5,150.05999755859375,149.42010498046875,149.9250030517578,190132
2026-07-22 09:35:00-04:00,149.89999389648438,150.19000244140625,149.48500061035156,150.02000427246094,49291
2026-07-22 09:40:00-04:00,150.01499938964844,150.1699981689453,149.72000122070312,149.8000030517578,50971
2026-07-22 09:45:00-04:00,149.7100067138672,150.13999938964844,149.5399932861328,150.05999755859375,38227
2026-07-22 09:50:00-04:00,150.05999755859375,150.22999572753906,149.7899932861328,149.7899932861328,47468
2026-07-22 09:55:00-04:00,149.75,149.8800048828125,149.5800018310547,149.58999633789062,48675
2026-07-22 10:00:00-04:00,149.57000732421875,149.82000732421875,149.52999877929688,149.82000732421875,38874
2026-07-22 10:05:00-04:00,149.89999389648438,149.89999389648438,149.47999572753906,149.74000549316406,68121
2026-07-22 10:10:00-04:00,149.7899932861328,149.8699951171875,149.5,149.7449951171875,89724
2026-07-22 10:15:00-04:00,149.8000030517578,150.16000366210938,149.8000030517578,150.02499389648438,67917
2026-07-22 10:20:00-04:00,150.05499267578125,150.30999755859375,149.89999389648438,149.89999389648438,79355
2026-07-22 10:25:00-04:00,149.89999389648438,149.92999267578125,149.58999633789062,149.85000610351562,77664
2026-07-22 10:30:00-04:00,149.8249969482422,149.8249969482422,149.30999755859375,149.5500030517578,47882
2026-07-22 10:35:00-04:00,149.5800018310547,149.5800018310547,149.3800048828125,149.55999755859375,29992
2026-07-22 10:40:00-04:00,149.52499389648438,149.64999389648438,149.4600067138672,149.52000427246094,104253
2026-07-22 10:45:00-04:00,149.47999572753906,149.55999755859375,149.35000610351562,149.36000061035156,39890
2026-07-22 10:50:00-04:00,149.33999633789062,149.55999755859375,149.2899932861328,149.50999450683594,39007
2026-07-22 10:55:00-04:00,149.5800018310547,149.6199951171875,149.30999755859375,149.41000366210938,24840
2026-07-22 11:00:00-04:00,149.4199981689453,149.47000122070312,149.24000549316406,149.30999755859375,39933
2026-07-22 11:05:00-04:00,149.35000610351562,149.3699951171875,149.1199951171875,149.28500366210938,39314
2026-07-22 11:10:00-04:00,149.2899932861328,149.3440704345703,149.1999969482422,149.3440704345703,100989
2026-07-22 11:15:00-04:00,149.35000610351562,149.5850067138672,149.34500122070312,149.5850067138672,27637
2026-07-22 11:20:00-04:00,149.55999755859375,149.61500549316406,149.4499969482422,149.60000610351562,35353
2026-07-22 11:25:00-04:00,149.60000610351562,149.64999389648438,149.50160217285156,149.61500549316406,24028
2026-07-22 11:30:00-04:00,149.6199951171875,149.83999633789062,149.6199951171875,149.83999633789062,22881
2026-07-22 11:35:00-04:00,149.80999755859375,149.88999938964844,149.72000122070312,149.88999938964844,26405
2026-07-22 11:40:00-04:00,149.88999938964844,150.08999633789062,149.8000030517578,150.06500244140625,25446
2026-07-22 11:45:00-04:00,150.08999633789062,150.29989624023438,150.0399932861328,150.2449951171875,29928
2026-07-22 11:50:00-04:00,150.25,150.30999755859375,150.13999938964844,150.30999755859375,20995
2026-07-22 11:55:00-04:00,150.3300018310547,150.4199981689453,150.25999450683594,150.25999450683594,38407
2026-07-22 12:00:00-04:00,150.2899932861328,150.35000610351562,150.25,150.31500244140625,28561
2026-07-22 12:05:00-04:00,150.30999755859375,150.33970642089844,150.20010375976562,150.2899932861328,35570
2026-07-22 12:10:00-04:00,150.3000030517578,150.35000610351562,150.21009826660156,150.32000732421875,32085
2026-07-22 12:15:00-04:00,150.3000030517578,150.41000366210938,150.25999450683594,150.30999755859375,28302
2026-07-22 12:20:00-04:00,150.29452514648438,150.3249969482422,150.13999938964844,150.19500732421875,24532
2026-07-22 12:25:00-04:00,150.18150329589844,150.36000061035156,150.18150329589844,150.2899932861328,32417
2026-07-22 12:30:00-04:00,150.27999877929688,150.2899932861328,150.09030151367188,150.16000366210938,21266
2026-07-22 12:35:00-04:00,150.16000366210938,150.22500610351562,150.1300048828125,150.22500610351562,27872
2026-07-22 12:40:00-04:00,150.22500610351562,150.4600067138672,150.22500610351562,150.39999389648438,19315
2026-07-22 12:45:00-04:00,150.42999267578125,150.4600067138672,150.2899932861328,150.3249969482422,18349
2026-07-22 12:50:00-04:00,150.30999755859375,150.32000732421875,150.1300048828125,150.24000549316406,21529
2026-07-22 12:55:00-04:00,150.25999450683594,150.26499938964844,150.13999938964844,150.14999389648438,24281
2026-07-22 13:00:00-04:00,150.14999389648438,150.14999389648438,150.00999450683594,150.0800018310547,36553
2026-07-22 13:05:00-04:00,150.0749969482422,150.14999389648438,150.02999877929688,150.10000610351562,29758
2026-07-22 13:10:00-04:00,150.08999633789062,150.18499755859375,150.02999877929688,150.02999877929688,24888
2026-07-22 13:15:00-04:00,150.0449981689453,150.0449981689453,149.84500122070312,149.88999938964844,34369
2026-07-22 13:20:00-04:00,149.89999389648438,149.94000244140625,149.55999755859375,149.55999755859375,20037
2026-07-22 13:25:00-04:00,149.55999755859375,149.61500549316406,149.52999877929688,149.5500030517578,17560
2026-07-22 13:30:00-04:00,149.52499389648438,149.91000366210938,149.50999450683594,149.8000030517578,69217
2026-07-22 13:35:00-04:00,149.8000030517578,149.80499267578125,149.6300048828125,149.6300048828125,28508
2026-07-22 13:40:00-04:00,149.6300048828125,149.73500061035156,149.56500244140625,149.7100067138672,23520
2026-07-22 13:45:00-04:00,149.6699981689453,149.71499633789062,149.63009643554688,149.67999267578125,22243
2026-07-22 13:50:00-04:00,149.67999267578125,149.8000030517578,149.66000366210938,149.8000030517578,20028
2026-07-22 13:55:00-04:00,149.80999755859375,149.8800048828125,149.64999389648438,149.72999572753906,30750
2026-07-22 14:00:00-04:00,149.75999450683594,149.75999450683594,149.55499267578125,149.63999938964844,55862
2026-07-22 14:05:00-04:00,149.65499877929688,149.7100067138672,149.60499572753906,149.69500732421875,29734
2026-07-22 14:10:00-04:00,149.69000244140625,149.75,149.634521484375,149.6699981689453,41635
2026-07-22 14:15:00-04:00,149.6999969482422,149.80999755859375,149.6999969482422,149.77499389648438,33879
2026-07-22 14:20:00-04:00,149.78500366210938,149.91000366210938,149.75,149.88499450683594,31506
2026-07-22 14:25:00-04:00,149.89999389648438,149.9080047607422,149.7899932861328,149.8699951171875,20711
2026-07-22 14:30:00-04:00,149.8699951171875,149.89999389648438,149.781005859375,149.89999389648438,19992
2026-07-22 14:35:00-04:00,149.88999938964844,149.9600067138672,149.80999755859375,149.80999755859375,34801
2026-07-22 14:40:00-04:00,149.83999633789062,149.9250030517578,149.7899932861328,149.9250030517578,37549
2026-07-22 14:45:00-04:00,149.9499969482422,149.97000122070312,149.6999969482422,149.7050018310547,34381
2026-07-22 14:50:00-04:00,149.72000122070312,149.77000427246094,149.6649932861328,149.68499755859375,22976
2026-07-22 14:55:00-04:00,149.67999267578125,149.7550048828125,149.60000610351562,149.61500549316406,38341
2026-07-22 15:00:00-04:00,149.6300048828125,149.64999389648438,149.4199981689453,149.4199981689453,38973
2026-07-22 15:05:00-04:00,149.42999267578125,149.5399932861328,149.35499572753906,149.49000549316406,73249
2026-07-22 15:10:00-04:00,149.52000427246094,149.58999633789062,149.44000244140625,149.52000427246094,57860
2026-07-22 15:15:00-04:00,149.52000427246094,149.57000732421875,149.39999389648438,149.4199981689453,90644
2026-07-22 15:20:00-04:00,149.4199981689453,149.4199981689453,149.02999877929688,149.1699981689453,78478
2026-07-22 15:25:00-04:00,149.1649932861328,149.27000427246094,149.0500030517578,149.14999389648438,58234
2026-07-22 15:30:00-04:00,149.14129638671875,149.25999450683594,149.11000061035156,149.13499450683594,54379
2026-07-22 15:35:00-04:00,149.1199951171875,149.13999938964844,149.03500366210938,149.06500244140625,58377
2026-07-22 15:40:00-04:00,149.0500030517578,149.1750030517578,149.01499938964844,149.16000366210938,70018
2026-07-22 15:45:00-04:00,149.13999938964844,149.22999572753906,148.97999572753906,149.0399932861328,111428
2026-07-22 15:50:00-04:00,149.0500030517578,149.13999938964844,148.8300018310547,148.8800048828125,162206
2026-07-22 15:55:00-04:00,148.9199981689453,149.25999450683594,148.81500244140625,149.13999938964844,286795
2026-07-23 09:30:00-04:00,146.13999938964844,147.61000061035156,145.58999633789062,147.39999389648438,352969
2026-07-23 09:35:00-04:00,147.3000030517578,147.59500122070312,147.1199951171875,147.39999389648438,96062
2026-07-23 09:40:00-04:00,147.37916564941406,147.39999389648438,146.71499633789062,146.99989318847656,86257
2026-07-23 09:45:00-04:00,146.99000549316406,147.10499572753906,146.64999389648438,146.84500122070312,52496
2026-07-23 09:50:00-04:00,146.8000030517578,146.8000030517578,146.25999450683594,146.51499938964844,143774
2026-07-23 09:55:00-04:00,146.52999877929688,146.60499572753906,146.30999755859375,146.58999633789062,71902
2026-07-23 10:00:00-04:00,146.6199951171875,146.63999938964844,146.32000732421875,146.4582061767578,50355
2026-07-23 10:05:00-04:00,146.42999267578125,146.5800018310547,146.31500244140625,146.39500427246094,39566
2026-07-23 10:10:00-04:00,146.36500549316406,146.6199951171875,146.27000427246094,146.61000061035156,57060
2026-07-23 10:15:00-04:00,146.63330078125,146.6699981689453,146.27999877929688,146.36500549316406,51990
2026-07-23 10:20:00-04:00,146.36500549316406,146.38999938964844,146.14019775390625,146.1699981689453,33735
2026-07-23 10:25:00-04:00,146.19000244140625,146.22999572753906,145.92999267578125,146.10000610351562,37615
2026-07-23 10:30:00-04:00,146.07000732421875,146.42990112304688,145.82000732421875,146.3300018310547,38787
2026-07-23 10:35:00-04:00,146.3249969482422,146.42999267578125,146.17999267578125,146.4199981689453,27973
2026-07-23 10:40:00-04:00,146.38999938964844,146.89999389648438,146.3800048828125,146.8800048828125,32409
2026-07-23 10:45:00-04:00,146.94000244140625,147.00999450683594,146.75,146.75,46823
2026-07-23 10:50:00-04:00,146.7200927734375,147.02999877929688,146.7200927734375,146.99000549316406,71179
2026-07-23 10:55:00-04:00,146.99000549316406,147.0,146.72999572753906,146.88999938964844,39685
2026-07-23 11:00:00-04:00,146.94000244140625,147.0,146.7949981689453,146.9600067138672,31661
2026-07-23 11:05:00-04:00,146.94000244140625,146.99000549316406,146.7449951171875,146.94000244140625,74938
2026-07-23 11:10:00-04:00,146.90499877929688,147.0500030517578,146.85000610351562,147.00999450683594,36612
2026-07-23 11:15:00-04:00,146.9499969482422,147.02499389648438,146.83999633789062,146.83999633789062,32822
2026-07-23 11:20:00-04:00,146.80999755859375,147.19000244140625,146.80499267578125,147.0,210076
2026-07-23 11:25:00-04:00,147.0,147.13999938964844,146.97999572753906,147.0,45114
2026-07-23 11:30:00-04:00,147.0,147.0,146.80999755859375,146.97999572753906,37458
2026-07-23 11:35:00-04:00,146.97999572753906,147.00999450683594,146.8800048828125,146.98500061035156,38008
2026-07-23 11:40:00-04:00,146.97999572753906,147.22999572753906,146.97999572753906,147.17999267578125,62627
2026-07-23 11:45:00-04:00,147.1999969482422,147.2550048828125,147.03500366210938,147.0399932861328,34561
2026-07-23 11:50:00-04:00,147.04409790039062,147.04409790039062,146.68499755859375,146.84500122070312,29828
2026-07-23 11:55:00-04:00,146.875,146.875,146.63999938964844,146.77999877929688,28024
2026-07-23 12:00:00-04:00,146.75,146.7899932861328,146.46499633789062,146.4801025390625,48856
2026-07-23 12:05:00-04:00,146.47500610351562,146.6699981689453,146.47000122070312,146.6699981689453,36311
2026-07-23 12:10:00-04:00,146.64999389648438,146.64999389648438,146.5,146.5399932861328,25555
2026-07-23 12:15:00-04:00,146.52000427246094,146.57000732421875,146.4199981689453,146.4199981689453,32986
2026-07-23 12:20:00-04:00,146.39500427246094,146.39500427246094,146.22000122070312,146.32000732421875,36182
2026-07-23 12:25:00-04:00,146.34500122070312,146.34500122070312,146.15499877929688,146.22000122070312,29367
2026-07-23 12:30:00-04:00,146.17999267578125,146.30999755859375,146.17999267578125,146.21499633789062,26687
2026-07-23 12:35:00-04:00,146.21499633789062,146.27000427246094,146.1199951171875,146.22500610351562,27808
2026-07-23 12:40:00-04:00,146.22500610351562,146.375,146.2050018310547,146.36000061035156,26054
2026-07-23 12:45:00-04:00,146.36500549316406,146.38999938964844,146.19000244140625,146.22000122070312,26785
2026-07-23 12:50:00-04:00,146.22000122070312,146.3699951171875,146.2100067138672,146.3699951171875,20567
2026-07-23 12:55:00-04:00,146.30999755859375,146.35000610351562,146.17999267578125,146.25999450683594,32949
2026-07-23 13:00:00-04:00,146.26499938964844,146.2899932861328,146.1699981689453,146.2100067138672,22418
2026-07-23 13:05:00-04:00,146.22000122070312,146.27999877929688,146.17999267578125,146.22000122070312,19221
2026-07-23 13:10:00-04:00,146.21499633789062,146.27999877929688,146.11000061035156,146.1699981689453,35820
2026-07-23 13:15:00-04:00,146.17660522460938,146.17660522460938,145.8800048828125,145.99000549316406,42450
2026-07-23 13:20:00-04:00,145.99000549316406,146.17999267578125,145.92999267578125,146.03500366210938,20537
2026-07-23 13:25:00-04:00,146.0399932861328,146.0800018310547,145.97000122070312,146.00999450683594,23730
2026-07-23 13:30:00-04:00,146.02999877929688,146.18499755859375,145.97999572753906,145.97999572753906,40040
2026-07-23 13:35:00-04:00,146.0,146.17999267578125,145.97999572753906,146.1199951171875,54334
2026-07-23 13:40:00-04:00,146.13999938964844,146.19509887695312,146.0399932861328,146.11000061035156,21679
2026-07-23 13:45:00-04:00,146.13999938964844,146.17990112304688,146.07000732421875,146.11500549316406,19147
2026-07-23 13:50:00-04:00,146.1300048828125,146.13999938964844,146.07000732421875,146.11000061035156,30584
2026-07-23 13:55:00-04:00,146.11000061035156,146.17120361328125,146.02999877929688,146.06919860839844,30040
2026-07-23 14:00:00-04:00,146.05999755859375,146.15020751953125,145.99000549316406,146.15020751953125,35397
2026-07-23 14:05:00-04:00,146.16000366210938,146.2899932861328,146.13999938964844,146.16000366210938,37881
2026-07-23 14:10:00-04:00,146.15750122070312,146.19000244140625,145.96499633789062,146.05499267578125,38785
2026-07-23 14:15:00-04:00,146.0800018310547,146.21499633789062,146.03460693359375,146.17999267578125,25984
2026-07-23 14:20:00-04:00,146.17999267578125,146.1999969482422,146.10499572753906,146.14999389648438,25076
2026-07-23 14:25:00-04:00,146.13499450683594,146.17999267578125,146.0399932861328,146.16000366210938,44257
2026-07-23 14:30:00-04:00,146.1699981689453,146.19000244140625,146.10000610351562,146.125,36119
2026-07-23 14:35:00-04:00,146.125,146.14999389648438,145.86500549316406,145.86500549316406,35369
2026-07-23 14:40:00-04:00,145.8699951171875,145.97500610351562,145.8000030517578,145.97000122070312,31542
2026-07-23 14:45:00-04:00,145.99000549316406,146.02000427246094,145.85000610351562,145.9499969482422,30057
2026-07-23 14:50:00-04:00,145.9199981689453,145.9199981689453,145.8000030517578,145.90499877929688,29086
2026-07-23 14:55:00-04:00,145.92999267578125,145.97999572753906,145.88999938964844,145.9600067138672,52045
2026-07-23 15:00:00-04:00,145.9600067138672,146.29550170898438,145.94500732421875,146.24000549316406,41300
2026-07-23 15:05:00-04:00,146.25999450683594,146.28179931640625,146.0399932861328,146.14999389648438,34569
2026-07-23 15:10:00-04:00,146.14500427246094,146.19000244140625,146.08999633789062,146.1699981689453,34709
2026-07-23 15:15:00-04:00,146.1699981689453,146.24000549316406,146.14999389648438,146.21499633789062,41198
2026-07-23 15:20:00-04:00,146.21749877929688,146.2550048828125,146.08999633789062,146.1199951171875,52963
2026-07-23 15:25:00-04:00,146.1300048828125,146.16000366210938,145.88999938964844,145.9499969482422,78736
2026-07-23 15:30:00-04:00,145.89999389648438,146.10000610351562,145.8699951171875,146.05999755859375,100985
2026-07-23 15:35:00-04:00,146.0449981689453,146.0500030517578,145.94000244140625,146.0,53980
2026-07-23 15:40:00-04:00,145.9901580810547,146.14500427246094,145.89500427246094,146.08999633789062,66581
2026-07-23 15:45:00-04:00,146.05999755859375,146.14999389648438,145.92999267578125,146.02000427246094,78152
2026-07-23 15:50:00-04:00,145.97999572753906,146.5800018310547,145.89999389648438,146.52000427246094,309068
2026-07-23 15:55:00-04:00,146.5050048828125,146.97000122070312,146.4499969482422,146.88999938964844,532821
2026-07-24 09:30:00-04:00,146.4499969482422,146.6199951171875,145.5,145.5,225644
2026-07-24 09:35:00-04:00,145.47999572753906,146.2899932861328,145.39999389648438,146.10000610351562,67975
2026-07-24 09:40:00-04:00,146.10000610351562,146.47500610351562,146.0924072265625,146.16000366210938,124911
2026-07-24 09:45:00-04:00,146.19000244140625,146.80999755859375,145.89999389648438,146.4199981689453,184036
2026-07-24 09:50:00-04:00,146.4250030517578,146.5,146.22999572753906,146.39999389648438,67799
2026-07-24 09:55:00-04:00,146.47999572753906,146.82000732421875,146.4600067138672,146.63299560546875,81115
2026-07-24 10:00:00-04:00,146.58999633789062,147.1999969482422,146.50999450683594,147.07000732421875,75213
2026-07-24 10:05:00-04:00,147.125,147.19000244140625,146.69000244140625,146.86000061035156,84154
2026-07-24 10:10:00-04:00,146.83999633789062,147.08999633789062,146.77999877929688,147.0800018310547,38665
2026-07-24 10:15:00-04:00,147.0850067138672,147.47000122070312,147.05999755859375,147.22999572753906,50014
2026-07-24 10:20:00-04:00,147.22999572753906,147.25999450683594,147.02000427246094,147.22999572753906,36289
2026-07-24 10:25:00-04:00,147.17999267578125,147.2550048828125,146.9499969482422,146.9600067138672,32342
2026-07-24 10:30:00-04:00,147.0,147.33999633789062,146.9499969482422,147.31500244140625,70498
2026-07-24 10:35:00-04:00,147.3000030517578,147.67999267578125,147.17999267578125,147.6300048828125,73447
2026-07-24 10:40:00-04:00,147.6300048828125,147.82989501953125,147.6199951171875,147.75,56869
2026-07-24 10:45:00-04:00,147.7449951171875,147.86000061035156,147.57009887695312,147.5800018310547,47561
2026-07-24 10:50:00-04:00,147.60000610351562,147.72000122070312,147.5,147.66000366210938,64889
2026-07-24 10:55:00-04:00,147.64500427246094,147.64999389648438,147.38999938964844,147.44000244140625,34458
2026-07-24 11:00:00-04:00,147.4149932861328,147.52000427246094,147.22000122070312,147.4949951171875,47507
2026-07-24 11:05:00-04:00,147.4949951171875,147.64999389648438,147.44000244140625,147.5449981689453,38953
2026-07-24 11:10:00-04:00,147.5500030517578,147.77000427246094,147.5449981689453,147.67999267578125,63782
2026-07-24 11:15:00-04:00,147.6750030517578,147.77499389648438,147.5749969482422,147.75,69813
2026-07-24 11:20:00-04:00,147.72999572753906,147.9199981689453,147.7050018310547,147.83999633789062,56867
2026-07-24 11:25:00-04:00,147.80999755859375,147.88499450683594,147.6999969482422,147.81500244140625,43305
2026-07-24 11:30:00-04:00,147.8300018310547,147.8300018310547,147.63499450683594,147.7801055908203,33873
2026-07-24 11:35:00-04:00,147.8000030517578,147.8800048828125,147.68280029296875,147.77499389648438,33476
2026-07-24 11:40:00-04:00,147.8000030517578,147.97999572753906,147.72000122070312,147.97999572753906,28888
2026-07-24 11:45:00-04:00,147.92999267578125,147.99000549316406,147.73500061035156,147.7949981689453,29393
2026-07-24 11:50:00-04:00,147.77999877929688,147.80999755859375,147.6199951171875,147.66000366210938,25395
2026-07-24 11:55:00-04:00,147.64999389648438,147.64999389648438,147.47000122070312,147.51499938964844,54305
2026-07-24 12:00:00-04:00,147.5399932861328,147.5399932861328,147.25999450683594,147.3730010986328,36018
2026-07-24 12:05:00-04:00,147.34500122070312,147.34500122070312,147.14999389648438,147.1999969482422,37530
2026-07-24 12:10:00-04:00,147.19500732421875,147.32000732421875,147.11000061035156,147.32000732421875,32066
2026-07-24 12:15:00-04:00,147.30999755859375,147.35000610351562,147.19000244140625,147.2100067138672,27156
2026-07-24 12:20:00-04:00,147.17999267578125,147.17999267578125,147.02999877929688,147.07009887695312,20520
2026-07-24 12:25:00-04:00,147.08999633789062,147.22999572753906,147.05999755859375,147.11000061035156,38280
2026-07-24 12:30:00-04:00,147.1199951171875,147.25,147.0500030517578,147.07000732421875,30487
2026-07-24 12:35:00-04:00,147.11500549316406,147.1300048828125,147.02499389648438,147.02499389648438,18601
2026-07-24 12:40:00-04:00,147.0570068359375,147.0570068359375,146.74000549316406,146.77999877929688,27918
2026-07-24 12:45:00-04:00,146.82000732421875,146.89999389648438,146.72999572753906,146.77999877929688,26920
2026-07-24 12:50:00-04:00,146.7899932861328,146.97000122070312,146.77999877929688,146.9499969482422,22885
2026-07-24 12:55:00-04:00,146.9499969482422,146.97999572753906,146.875,146.9550018310547,23045
2026-07-24 13:00:00-04:00,146.9499969482422,147.1300048828125,146.94500732421875,147.11000061035156,28020
2026-07-24 13:05:00-04:00,147.10000610351562,147.1199951171875,147.00999450683594,147.07000732421875,30369
2026-07-24 13:10:00-04:00,147.07000732421875,147.10000610351562,147.0500030517578,147.0850067138672,17832
2026-07-24 13:15:00-04:00,147.0850067138672,147.17999267578125,147.0800018310547,147.0850067138672,22102
2026-07-24 13:20:00-04:00,147.0800018310547,147.0800018310547,146.94500732421875,146.9499969482422,30903
2026-07-24 13:25:00-04:00,146.91000366210938,147.04989624023438,146.88999938964844,147.02999877929688,20166
2026-07-24 13:30:00-04:00,147.03500366210938,147.10000610351562,146.97000122070312,146.99000549316406,40058
2026-07-24 13:35:00-04:00,146.97999572753906,146.99000549316406,146.72999572753906,146.83999633789062,91670
2026-07-24 13:40:00-04:00,146.85499572753906,146.97000122070312,146.8125,146.83999633789062,25705
2026-07-24 13:45:00-04:00,146.83999633789062,146.9199981689453,146.7100067138672,146.75,34309
2026-07-24 13:50:00-04:00,146.72999572753906,146.76499938964844,146.6699981689453,146.72000122070312,18001
2026-07-24 13:55:00-04:00,146.72000122070312,146.74000549316406,146.63999938964844,146.63999938964844,24582
2026-07-24 14:00:00-04:00,146.6300048828125,146.7100067138672,146.56500244140625,146.57000732421875,32801
2026-07-24 14:05:00-04:00,146.58999633789062,146.79989624023438,146.57000732421875,146.72500610351562,26270
2026-07-24 14:10:00-04:00,146.72500610351562,146.74000549316406,146.6699981689453,146.67999267578125,23596
2026-07-24 14:15:00-04:00,146.6999969482422,146.8350067138672,146.6999969482422,146.7899932861328,24282
2026-07-24 14:20:00-04:00,146.7899932861328,146.80999755859375,146.6999969482422,146.77999877929688,24777
2026-07-24 14:25:00-04:00,146.77999877929688,146.8000030517578,146.7100067138672,146.7100067138672,29927
2026-07-24 14:30:00-04:00,146.6999969482422,146.75,146.55499267578125,146.61000061035156,31148
2026-07-24 14:35:00-04:00,146.6300048828125,146.7899932861328,146.625,146.7550048828125,31806
2026-07-24 14:40:00-04:00,146.75,146.8000030517578,146.67999267578125,146.69000244140625,50182
2026-07-24 14:45:00-04:00,146.69000244140625,146.71499633789062,146.52999877929688,146.58999633789062,57451
2026-07-24 14:50:00-04:00,146.5800018310547,146.61500549316406,146.47500610351562,146.52999877929688,39912
2026-07-24 14:55:00-04:00,146.5399932861328,146.6999969482422,146.46009826660156,146.6699981689453,97159
2026-07-24 15:00:00-04:00,146.6999969482422,146.7899932861328,146.61500549316406,146.69000244140625,124163
2026-07-24 15:05:00-04:00,146.68499755859375,146.77000427246094,146.5800018310547,146.7050018310547,53806
2026-07-24 15:10:00-04:00,146.6999969482422,146.77999877929688,146.60000610351562,146.77000427246094,59213
2026-07-24 15:15:00-04:00,146.77999877929688,146.89999389648438,146.74000549316406,146.8300018310547,105807
2026-07-24 15:20:00-04:00,146.83999633789062,146.85000610351562,146.74000549316406,146.7899932861328,62455
2026-07-24 15:25:00-04:00,146.81539916992188,146.81539916992188,146.5749969482422,146.5850067138672,53366
2026-07-24 15:30:00-04:00,146.58999633789062,146.77999877929688,146.5399932861328,146.7100067138672,161027
2026-07-24 15:35:00-04:00,146.72999572753906,146.92999267578125,146.6699981689453,146.89999389648438,92427
2026-07-24 15:40:00-04:00,146.88999938964844,147.17999267578125,146.88999938964844,146.96499633789062,97082
2026-07-24 15:45:00-04:00,146.96499633789062,146.98989868164062,146.77999877929688,146.85000610351562,170994
2026-07-24 15:50:00-04:00,146.85499572753906,147.27999877929688,146.81500244140625,147.27999877929688,238727
2026-07-24 15:55:00-04:00,147.24000549316406,147.39999389648438,147.0,147.3800048828125,584250
2026-07-27 09:30:00-04:00,147.85000610351562,149.3800048828125,147.85000610351562,148.9499969482422,238760
2026-07-27 09:35:00-04:00,148.9499969482422,148.96499633789062,148.33999633789062,148.6199951171875,73284
2026-07-27 09:40:00-04:00,148.6300048828125,148.92999267578125,148.5,148.5500030517578,50938
2026-07-27 09:45:00-04:00,148.55999755859375,148.86000061035156,148.35580444335938,148.5,59135
2026-07-27 09:50:00-04:00,148.4949951171875,148.6457977294922,148.32000732421875,148.38999938964844,48141
2026-07-27 09:55:00-04:00,148.375,148.4517059326172,148.17999267578125,148.3350067138672,180926
2026-07-27 10:00:00-04:00,148.2899932861328,148.72500610351562,148.16000366210938,148.16000366210938,68051
2026-07-27 10:05:00-04:00,148.1300048828125,148.4250030517578,148.10000610351562,148.1999969482422,67405
2026-07-27 10:10:00-04:00,148.1999969482422,148.59500122070312,148.1699981689453,148.3300018310547,82417
2026-07-27 10:15:00-04:00,148.3000030517578,148.5500030517578,148.2550048828125,148.4949951171875,71869
2026-07-27 10:20:00-04:00,148.4600067138672,148.6999969482422,148.4600067138672,148.5,52872
2026-07-27 10:25:00-04:00,148.5,148.6999969482422,148.4550018310547,148.63999938964844,66334
2026-07-27 10:30:00-04:00,148.6199951171875,149.1199951171875,148.6199951171875,149.0749969482422,83159
2026-07-27 10:35:00-04:00,149.10000610351562,149.50999450683594,149.0800018310547,149.5095977783203,86853
2026-07-27 10:40:00-04:00,149.47999572753906,150.2449951171875,149.4600067138672,150.22000122070312,136455
2026-07-27 10:45:00-04:00,150.19500732421875,150.19500732421875,149.16000366210938,149.25,91556
2026-07-27 10:50:00-04:00,149.25,149.28500366210938,148.97000122070312,149.13999938964844,82888
2026-07-27 10:55:00-04:00,149.14999389648438,149.27000427246094,148.6199951171875,149.21499633789062,216925
2026-07-27 11:00:00-04:00,149.19000244140625,149.529296875,149.10000610351562,149.5,82549
2026-07-27 11:05:00-04:00,149.4949951171875,149.52999877929688,149.10000610351562,149.22000122070312,79894
2026-07-27 11:10:00-04:00,149.24000549316406,149.39999389648438,149.05999755859375,149.3300018310547,44802
2026-07-27 11:15:00-04:00,149.36000061035156,149.61500549316406,149.25999450683594,149.3300018310547,47731
2026-07-27 11:20:00-04:00,149.33999633789062,149.39999389648438,149.17999267578125,149.24000549316406,46359
2026-07-27 11:25:00-04:00,149.22500610351562,149.27999877929688,149.08999633789062,149.13499450683594,54305
2026-07-27 11:30:00-04:00,149.1699981689453,149.25999450683594,149.05499267578125,149.1750030517578,52554
2026-07-27 11:35:00-04:00,149.1999969482422,149.3350067138672,149.08999633789062,149.3000030517578,154861
2026-07-27 11:40:00-04:00,149.3300018310547,149.5500030517578,149.27000427246094,149.33999633789062,46165
2026-07-27 11:45:00-04:00,149.3249969482422,149.3300018310547,149.10499572753906,149.10499572753906,57053
2026-07-27 11:50:00-04:00,149.1199951171875,149.14999389648438,148.9499969482422,149.0800018310547,34914
2026-07-27 11:55:00-04:00,149.05999755859375,149.08999633789062,148.88999938964844,148.92999267578125,41830
2026-07-27 12:00:00-04:00,148.88999938964844,148.88999938964844,148.52000427246094,148.5399932861328,107537
2026-07-27 12:05:00-04:00,148.5399932861328,148.63099670410156,148.43499755859375,148.4600067138672,49632
2026-07-27 12:10:00-04:00,148.43499755859375,148.4499969482422,148.36000061035156,148.36000061035156,33597
2026-07-27 12:15:00-04:00,148.38999938964844,148.5,148.33999633789062,148.4499969482422,60994
2026-07-27 12:20:00-04:00,148.4499969482422,148.6300048828125,148.28500366210938,148.28500366210938,48837
2026-07-27 12:25:00-04:00,148.2899932861328,148.39500427246094,148.22999572753906,148.30499267578125,52958
2026-07-27 12:30:00-04:00,148.2899932861328,148.4199981689453,148.11000061035156,148.4199981689453,35486
2026-07-27 12:35:00-04:00,148.4199981689453,148.49989318847656,148.27499389648438,148.30499267578125,39915
2026-07-27 12:40:00-04:00,148.30499267578125,148.5399932861328,148.22500610351562,148.47000122070312,57348
2026-07-27 12:45:00-04:00,148.5,148.5500030517578,148.3699951171875,148.47500610351562,37414
2026-07-27 12:50:00-04:00,148.47500610351562,148.57083129882812,148.38499450683594,148.5,24676
2026-07-27 12:55:00-04:00,148.47000122070312,148.5399932861328,148.4199981689453,148.5,41545
2026-07-27 13:00:00-04:00,148.5,148.60000610351562,148.4550018310547,148.47999572753906,28936
2026-07-27 13:05:00-04:00,148.50999450683594,148.57000732421875,148.4199981689453,148.46499633789062,32614
2026-07-27 13:10:00-04:00,148.50999450683594,148.57000732421875,148.42999267578125,148.5399932861328,22216
2026-07-27 13:15:00-04:00,148.55999755859375,148.88999938964844,148.55999755859375,148.8350067138672,59873
2026-07-27 13:20:00-04:00,148.8300018310547,148.83009338378906,148.71499633789062,148.75,31879
2026-07-27 13:25:00-04:00,148.75340270996094,148.88999938964844,148.6999969482422,148.88999938964844,43784
2026-07-27 13:30:00-04:00,148.8699951171875,148.89999389648438,148.61000061035156,148.61000061035156,39707
2026-07-27 13:35:00-04:00,148.60499572753906,148.72999572753906,148.5399932861328,148.58009338378906,36856
2026-07-27 13:40:00-04:00,148.5771942138672,148.67999267578125,148.55999755859375,148.60899353027344,26393
2026-07-27 13:45:00-04:00,148.59500122070312,148.69500732421875,148.5399932861328,148.5749969482422,26568
2026-07-27 13:50:00-04:00,148.5800018310547,148.7100067138672,148.55499267578125,148.58009338378906,36582
2026-07-27 13:55:00-04:00,148.58999633789062,148.77000427246094,148.56500244140625,148.77000427246094,33886
2026-07-27 14:00:00-04:00,148.7550048828125,148.82000732421875,148.64999389648438,148.78500366210938,45429
2026-07-27 14:05:00-04:00,148.77000427246094,148.91000366210938,148.72000122070312,148.89500427246094,34919
2026-07-27 14:10:00-04:00,148.89500427246094,148.97000122070312,148.88999938964844,148.9199981689453,28226
2026-07-27 14:15:00-04:00,148.9149932861328,149.1300048828125,148.9149932861328,149.0749969482422,30632
2026-07-27 14:20:00-04:00,149.0850067138672,149.1699981689453,149.0500030517578,149.08999633789062,29065
2026-07-27 14:25:00-04:00,149.10000610351562,149.11300659179688,149.05569458007812,149.07510375976562,25934
2026-07-27 14:30:00-04:00,149.0749969482422,149.23500061035156,149.05499267578125,149.05499267578125,30652
2026-07-27 14:35:00-04:00,149.05499267578125,149.202392578125,148.9801025390625,149.202392578125,35392
2026-07-27 14:40:00-04:00,149.2050018310547,149.27999877929688,149.19000244140625,149.22999572753906,35336
2026-07-27 14:45:00-04:00,149.19000244140625,149.22000122070312,149.11500549316406,149.1699981689453,31041
2026-07-27 14:50:00-04:00,149.19000244140625,149.1999969482422,149.07000732421875,149.11000061035156,28268
2026-07-27 14:55:00-04:00,149.08999633789062,149.1300048828125,149.0,149.0399932861328,36819
2026-07-27 15:00:00-04:00,149.02000427246094,149.0500030517578,148.860107421875,148.860107421875,25795
2026-07-27 15:05:00-04:00,148.86000061035156,149.0,148.8350067138672,148.85009765625,29548
2026-07-27 15:10:00-04:00,148.89999389648438,148.9250030517578,148.73500061035156,148.86000061035156,42469
2026-07-27 15:15:00-04:00,148.86000061035156,148.97000122070312,148.8300018310547,148.94000244140625,32271
2026-07-27 15:20:00-04:00,148.92990112304688,148.9781951904297,148.85499572753906,148.85499572753906,32118
2026-07-27 15:25:00-04:00,148.85000610351562,148.9199981689453,148.77499389648438,148.80999755859375,41350
2026-07-27 15:30:00-04:00,148.8000030517578,148.97479248046875,148.7899932861328,148.8699951171875,61396
2026-07-27 15:35:00-04:00,148.8699951171875,148.9199981689453,148.72999572753906,148.86000061035156,51585
2026-07-27 15:40:00-04:00,148.8699951171875,149.10000610351562,148.7899932861328,149.0800018310547,65611
2026-07-27 15:45:00-04:00,149.05999755859375,149.10000610351562,148.75999450683594,148.75999450683594,112143
2026-07-27 15:50:00-04:00,148.77000427246094,148.9600067138672,148.4499969482422,148.60000610351562,260340
2026-07-27 15:55:00-04:00,148.6300048828125,148.72500610351562,148.48500061035156,148.65499877929688,322712
2026-07-28 09:30:00-04:00,151.5,153.08999633789062,151.2100067138672,153.0500030517578,483141
2026-07-28 09:35:00-04:00,153.03500366210938,153.67999267578125,153.00999450683594,153.3300018310547,171281
2026-07-28 09:40:00-04:00,153.3300018310547,153.5500030517578,152.42999267578125,152.47500610351562,151936
2026-07-28 09:45:00-04:00,152.49000549316406,152.98500061035156,152.3300018310547,152.72000122070312,177040
2026-07-28 09:50:00-04:00,152.6999969482422,153.17999267578125,152.49000549316406,153.0,131088
2026-07-28 09:55:00-04:00,152.9604949951172,153.04010009765625,152.5399932861328,152.6199951171875,93325
2026-07-28 10:00:00-04:00,152.6199951171875,152.66000366210938,152.05499267578125,152.1300048828125,103232
2026-07-28 10:05:00-04:00,152.14999389648438,152.47999572753906,151.74099731445312,152.4499969482422,150653
2026-07-28 10:10:00-04:00,152.42999267578125,152.88999938964844,152.27000427246094,152.77000427246094,209640
2026-07-28 10:15:00-04:00,152.77999877929688,152.881103515625,152.55999755859375,152.7899932861328,96038
2026-07-28 10:20:00-04:00,152.73500061035156,152.9199981689453,152.40499877929688,152.7100067138672,132270
2026-07-28 10:25:00-04:00,152.71499633789062,152.83999633789062,152.44500732421875,152.6649932861328,113652
2026-07-28 10:30:00-04:00,152.67999267578125,152.92999267578125,152.57000732421875,152.8800048828125,133192
2026-07-28 10:35:00-04:00,152.85000610351562,152.9199981689453,152.47000122070312,152.7100067138672,93895
2026-07-28 10:40:00-04:00,152.72500610351562,152.7550048828125,152.5,152.63499450683594,68435
2026-07-28 10:45:00-04:00,152.61000061035156,152.66000366210938,152.27000427246094,152.3249969482422,82953
2026-07-28 10:50:00-04:00,152.27999877929688,152.6300048828125,152.14999389648438,152.6300048828125,104989
2026-07-28 10:55:00-04:00,152.63999938964844,152.8800048828125,152.5,152.58999633789062,78315
2026-07-28 11:00:00-04:00,152.57000732421875,152.57000732421875,152.375,152.5,64254
2026-07-28 11:05:00-04:00,152.5399932861328,152.5399932861328,152.14500427246094,152.23500061035156,119722
2026-07-28 11:10:00-04:00,152.23500061035156,152.47000122070312,152.19000244140625,152.47000122070312,88209
2026-07-28 11:15:00-04:00,152.47000122070312,152.50999450683594,152.13999938964844,152.16000366210938,87028
2026-07-28 11:20:00-04:00,152.13999938964844,152.1649932861328,151.92999267578125,152.08999633789062,91049
2026-07-28 11:25:00-04:00,152.08999633789062,152.13499450683594,151.86000061035156,152.10000610351562,90422
2026-07-28 11:30:00-04:00,152.07000732421875,152.1649932861328,151.8300018310547,151.86000061035156,60861
2026-07-28 11:35:00-04:00,151.8800048828125,151.8800048828125,151.6999969482422,151.7949981689453,66689
2026-07-28 11:40:00-04:00,151.80999755859375,151.85000610351562,151.55999755859375,151.6199951171875,65205
2026-07-28 11:45:00-04:00,151.61500549316406,151.63999938964844,151.22999572753906,151.27999877929688,67789
2026-07-28 11:50:00-04:00,151.3000030517578,151.61000061035156,151.3000030517578,151.47999572753906,42029
2026-07-28 11:55:00-04:00,151.4499969482422,151.47999572753906,151.22999572753906,151.3000030517578,44725
2026-07-28 12:00:00-04:00,151.27000427246094,151.36000061035156,151.1300048828125,151.32000732421875,42957
2026-07-28 12:05:00-04:00,151.27000427246094,151.46499633789062,151.17999267578125,151.4499969482422,61692
2026-07-28 12:10:00-04:00,151.47999572753906,151.6699981689453,151.4250030517578,151.5800018310547,83504
2026-07-28 12:15:00-04:00,151.57000732421875,151.61000061035156,151.39999389648438,151.39999389648438,60352
2026-07-28 12:20:00-04:00,151.4199981689453,151.63999938964844,151.39999389648438,151.57000732421875,55695
2026-07-28 12:25:00-04:00,151.55999755859375,151.6199951171875,151.3800048828125,151.39999389648438,48207
2026-07-28 12:30:00-04:00,151.41000366210938,151.6300048828125,151.38999938964844,151.5,38630
2026-07-28 12:35:00-04:00,151.5,151.5,151.13499450683594,151.13499450683594,33280
2026-07-28 12:40:00-04:00,151.13999938964844,151.16000366210938,151.01499938964844,151.0449981689453,36576
2026-07-28 12:45:00-04:00,151.07000732421875,151.24000549316406,151.00999450683594,151.24000549316406,37891
2026-07-28 12:50:00-04:00,151.22500610351562,151.24000549316406,150.9600067138672,151.02499389648438,39819
2026-07-28 12:55:00-04:00,151.01499938964844,151.10719299316406,150.9600067138672,151.0,41984
2026-07-28 13:00:00-04:00,151.0175018310547,151.25,150.89500427246094,151.22999572753906,81855
2026-07-28 13:05:00-04:00,151.2899932861328,151.3300018310547,151.1699981689453,151.27999877929688,53304
2026-07-28 13:10:00-04:00,151.25,151.33999633789062,151.14999389648438,151.15499877929688,65418
2026-07-28 13:15:00-04:00,151.14999389648438,151.1999969482422,151.08999633789062,151.16000366210938,44584
2026-07-28 13:20:00-04:00,151.1649932861328,151.1699981689453,151.08999633789062,151.10000610351562,36619
2026-07-28 13:25:00-04:00,151.09500122070312,151.11500549316406,150.9199981689453,150.9550018310547,55625
2026-07-28 13:30:00-04:00,150.94000244140625,150.9499969482422,150.75,150.8000030517578,91532
2026-07-28 13:35:00-04:00,150.80999755859375,151.01499938964844,150.77999877929688,150.89999389648438,59076
2026-07-28 13:40:00-04:00,150.9250030517578,151.00990295410156,150.8800048828125,150.89999389648438,57406
2026-07-28 13:45:00-04:00,150.91000366210938,151.1300048828125,150.89999389648438,151.08999633789062,34669
2026-07-28 13:50:00-04:00,151.1199951171875,151.1300048828125,151.03500366210938,151.10000610351562,37629
2026-07-28 13:55:00-04:00,151.09500122070312,151.1649932861328,151.02999877929688,151.1199951171875,49305
2026-07-28 14:00:00-04:00,151.11000061035156,151.1300048828125,150.99009704589844,151.05999755859375,45333
2026-07-28 14:05:00-04:00,151.05999755859375,151.34500122070312,151.0399932861328,151.34500122070312,73472
2026-07-28 14:10:00-04:00,151.33999633789062,151.4199981689453,151.14999389648438,151.28500366210938,108219
2026-07-28 14:15:00-04:00,151.27000427246094,151.35000610351562,151.1199951171875,151.29510498046875,83781
2026-07-28 14:20:00-04:00,151.27000427246094,151.32000732421875,150.97999572753906,151.05999755859375,167873
2026-07-28 14:25:00-04:00,151.07000732421875,151.1199951171875,150.9550018310547,151.02000427246094,81423
2026-07-28 14:30:00-04:00,151.01499938964844,151.0399932861328,150.88999938964844,150.9199981689453,65590
2026-07-28 14:35:00-04:00,150.91000366210938,151.10000610351562,150.80999755859375,151.10000610351562,60623
2026-07-28 14:40:00-04:00,151.11000061035156,151.11000061035156,150.83999633789062,150.8800048828125,61957
2026-07-28 14:45:00-04:00,150.8800048828125,150.9499969482422,150.7899932861328,150.8249969482422,69563
2026-07-28 14:50:00-04:00,150.8249969482422,151.07989501953125,150.80999755859375,151.01800537109375,68981
2026-07-28 14:55:00-04:00,151.0500030517578,151.08999633789062,150.8000030517578,150.8300018310547,88241
2026-07-28 15:00:00-04:00,150.8300018310547,150.85499572753906,149.38999938964844,149.74000549316406,271590
2026-07-28 15:05:00-04:00,149.75,149.83999633789062,149.47000122070312,149.61500549316406,146376
2026-07-28 15:10:00-04:00,149.64999389648438,149.72000122070312,149.02000427246094,149.16000366210938,228786
2026-07-28 15:15:00-04:00,149.22000122070312,149.5500030517578,149.02000427246094,149.0399932861328,205910
2026-07-28 15:20:00-04:00,149.05999755859375,149.4149932861328,149.0500030517578,149.3000030517578,182331
2026-07-28 15:25:00-04:00,149.2899932861328,149.52000427246094,149.25,149.5050048828125,157884
2026-07-28 15:30:00-04:00,149.50999450683594,149.59500122070312,149.1699981689453,149.4199981689453,180569
2026-07-28 15:35:00-04:00,149.36000061035156,149.61000061035156,149.25,149.25999450683594,192787
2026-07-28 15:40:00-04:00,149.28500366210938,149.57000732421875,149.22000122070312,149.42999267578125,174529
2026-07-28 15:45:00-04:00,149.4250030517578,149.9149932861328,149.33999633789062,149.6199951171875,251416
2026-07-28 15:50:00-04:00,149.6199951171875,149.72000122070312,148.8800048828125,149.3300018310547,583020
2026-07-28 15:55:00-04:00,149.38999938964844,149.75999450683594,148.52000427246094,148.89999389648438,1295814
2026-07-29 09:30:00-04:00,141.3800048828125,143.75999450683594,140.1999969482422,142.75,2289726
2026-07-29 09:35:00-04:00,142.75,143.93629455566406,142.50999450683594,143.69500732421875,367965
2026-07-29 09:40:00-04:00,143.66000366210938,144.77999877929688,143.5500030517578,144.4550018310547,364912
2026-07-29 09:45:00-04:00,144.5,144.97000122070312,143.89999389648438,144.75,449164
2026-07-29 09:50:00-04:00,144.72999572753906,145.1300048828125,144.39999389648438,144.99000549316406,231978
2026-07-29 09:55:00-04:00,144.98500061035156,145.58999633789062,144.83999633789062,145.5500030517578,223594
2026-07-29 10:00:00-04:00,145.5500030517578,145.60000610351562,144.20010375976562,144.27000427246094,231149
2026-07-29 10:05:00-04:00,144.27999877929688,144.8699951171875,143.83999633789062,144.3699951171875,226520
2026-07-29 10:10:00-04:00,144.3800048828125,144.8800048828125,144.37579345703125,144.60000610351562,162876
2026-07-29 10:15:00-04:00,144.52000427246094,144.72999572753906,144.3105010986328,144.49000549316406,166626
2026-07-29 10:20:00-04:00,144.44000244140625,144.7899932861328,144.22000122070312,144.6750030517578,121290
2026-07-29 10:25:00-04:00,144.72999572753906,145.41000366210938,144.64500427246094,145.27000427246094,354916
2026-07-29 10:30:00-04:00,145.2449951171875,145.44000244140625,144.61000061035156,144.67999267578125,130158
2026-07-29 10:35:00-04:00,144.6999969482422,145.35000610351562,144.6999969482422,144.8000030517578,201312
2026-07-29 10:40:00-04:00,144.8000030517578,145.22000122070312,144.75999450683594,145.14999389648438,129091
2026-07-29 10:45:00-04:00,145.14999389648438,145.19000244140625,144.72999572753906,144.75999450683594,123696
2026-07-29 10:50:00-04:00,144.7899932861328,145.33999633789062,144.75,145.10000610351562,116932
2026-07-29 10:55:00-04:00,145.10000610351562,145.19000244140625,144.61000061035156,144.73500061035156,129207
2026-07-29 11:00:00-04:00,144.6999969482422,145.1199951171875,144.66000366210938,145.0449981689453,111820
2026-07-29 11:05:00-04:00,145.0,145.39999389648438,144.8000030517578,145.33999633789062,99341
2026-07-29 11:10:00-04:00,145.3101043701172,145.60000610351562,145.27000427246094,145.30999755859375,97055
2026-07-29 11:15:00-04:00,145.27000427246094,145.3350067138672,144.8800048828125,145.07000732421875,202053
2026-07-29 11:20:00-04:00,145.1199951171875,145.2899932861328,144.77000427246094,144.8800048828125,99106
2026-07-29 11:25:00-04:00,144.88499450683594,145.15499877929688,144.8699951171875,145.02999877929688,81971
2026-07-29 11:30:00-04:00,145.02000427246094,145.0500030517578,144.6300048828125,144.99000549316406,105426
2026-07-29 11:35:00-04:00,144.99000549316406,145.04989624023438,144.8101043701172,145.0399932861328,57118
2026-07-29 11:40:00-04:00,145.02999877929688,145.05999755859375,144.91000366210938,144.97999572753906,54562
2026-07-29 11:45:00-04:00,144.94920349121094,145.1300048828125,144.9199981689453,144.96499633789062,63370
2026-07-29 11:50:00-04:00,144.96499633789062,145.15499877929688,144.94000244140625,145.09500122070312,66405
2026-07-29 11:55:00-04:00,145.08999633789062,145.13499450683594,144.9600067138672,145.00010681152344,86764
2026-07-29 12:00:00-04:00,145.01499938964844,145.10000610351562,144.8699951171875,144.91029357910156,81808
2026-07-29 12:05:00-04:00,144.94000244140625,144.97999572753906,144.75,144.7899932861328,62280
2026-07-29 12:10:00-04:00,144.77999877929688,144.9199981689453,144.66000366210938,144.91000366210938,53273
2026-07-29 12:15:00-04:00,144.91000366210938,145.1199951171875,144.8000030517578,144.84500122070312,155721
2026-07-29 12:20:00-04:00,144.8300018310547,145.04989624023438,144.8000030517578,144.9600067138672,71092
2026-07-29 12:25:00-04:00,144.9499969482422,145.31500244140625,144.85000610351562,145.25999450683594,81917
2026-07-29 12:30:00-04:00,145.27499389648438,145.74940490722656,145.22250366210938,145.69000244140625,72831
2026-07-29 12:35:00-04:00,145.68069458007812,145.94500732421875,145.68069458007812,145.83999633789062,65751
2026-07-29 12:40:00-04:00,145.84500122070312,145.9600067138672,145.67999267578125,145.85000610351562,63323
2026-07-29 12:45:00-04:00,145.85000610351562,145.9600067138672,145.72999572753906,145.7449951171875,83515
2026-07-29 12:50:00-04:00,145.75999450683594,145.83999633789062,145.69000244140625,145.80499267578125,69873
2026-07-29 12:55:00-04:00,145.7899932861328,145.92999267578125,145.72999572753906,145.82000732421875,67828
2026-07-29 13:00:00-04:00,145.85000610351562,145.8800048828125,145.59010314941406,145.6199951171875,93462
2026-07-29 13:05:00-04:00,145.6199951171875,145.69000244140625,145.30999755859375,145.33999633789062,65669
2026-07-29 13:10:00-04:00,145.3000030517578,145.47500610351562,145.2100067138672,145.24000549316406,61066
2026-07-29 13:15:00-04:00,145.25999450683594,145.41000366210938,145.1999969482422,145.41000366210938,51434
2026-07-29 13:20:00-04:00,145.4490966796875,145.4499969482422,145.24000549316406,145.25999450683594,62615
2026-07-29 13:25:00-04:00,145.25,145.46499633789062,145.08999633789062,145.36000061035156,61190
2026-07-29 13:30:00-04:00,145.3800048828125,145.44000244140625,145.2550048828125,145.3699951171875,74989
2026-07-29 13:35:00-04:00,145.41000366210938,145.44000244140625,145.05499267578125,145.1804962158203,101687
2026-07-29 13:40:00-04:00,145.17999267578125,145.17999267578125,144.97000122070312,145.10000610351562,88348
2026-07-29 13:45:00-04:00,145.1199951171875,145.38999938964844,145.00999450683594,145.00999450683594,62297
2026-07-29 13:50:00-04:00,145.0,145.03500366210938,144.86000061035156,145.00999450683594,101571
2026-07-29 13:55:00-04:00,144.97999572753906,145.2899932861328,144.88999938964844,145.2700958251953,134339
2026-07-29 14:00:00-04:00,145.27000427246094,145.42999267578125,145.16000366210938,145.375,110585
2026-07-29 14:05:00-04:00,145.42999267578125,145.52999877929688,144.8800048828125,144.97999572753906,125140
2026-07-29 14:10:00-04:00,144.97999572753906,145.0,144.63999938964844,144.75,85907
2026-07-29 14:15:00-04:00,144.7449951171875,144.83999633789062,144.59010314941406,144.69000244140625,79572
2026-07-29 14:20:00-04:00,144.67999267578125,144.86990356445312,144.5800018310547,144.8300018310547,71402
2026-07-29 14:25:00-04:00,144.80999755859375,145.2050018310547,144.76010131835938,145.16000366210938,82720
2026-07-29 14:30:00-04:00,145.1699981689453,145.24000549316406,144.99000549316406,145.1999969482422,98461
2026-07-29 14:35:00-04:00,145.1925048828125,145.3000030517578,145.14639282226562,145.24000549316406,87388
2026-07-29 14:40:00-04:00,145.24000549316406,145.30999755859375,145.09750366210938,145.25999450683594,69187
2026-07-29 14:45:00-04:00,145.27999877929688,145.2899932861328,145.0500030517578,145.09039306640625,76515
2026-07-29 14:50:00-04:00,145.1199951171875,145.13999938964844,144.94290161132812,144.99000549316406,66611
2026-07-29 14:55:00-04:00,144.97999572753906,145.0399932861328,144.85000610351562,144.85000610351562,79910
2026-07-29 15:00:00-04:00,144.8300018310547,144.9199981689453,144.52000427246094,144.5399932861328,117049
2026-07-29 15:05:00-04:00,144.53500366210938,144.5500030517578,144.3000030517578,144.42999267578125,83396
2026-07-29 15:10:00-04:00,144.43499755859375,144.6300048828125,144.2899932861328,144.39500427246094,69280
2026-07-29 15:15:00-04:00,144.38999938964844,144.69000244140625,144.38999938964844,144.61000061035156,72294
2026-07-29 15:20:00-04:00,144.58999633789062,144.7593994140625,144.5500030517578,144.59500122070312,101996
2026-07-29 15:25:00-04:00,144.60000610351562,144.7899932861328,144.49000549316406,144.49000549316406,123021
2026-07-29 15:30:00-04:00,144.49000549316406,144.8300018310547,144.33999633789062,144.80999755859375,164602
2026-07-29 15:35:00-04:00,144.7899932861328,145.02000427246094,144.69000244140625,144.88999938964844,118573
2026-07-29 15:40:00-04:00,144.88999938964844,145.0,144.58999633789062,144.97000122070312,155246
2026-07-29 15:45:00-04:00,144.92999267578125,145.27999877929688,144.8300018310547,145.22999572753906,229246
2026-07-29 15:50:00-04:00,145.19000244140625,145.6999969482422,144.9600067138672,145.4600067138672,559982
2026-07-29 15:55:00-04:00,145.47999572753906,146.3800048828125,145.4600067138672,146.10000610351562,799131
2026-07-30 09:30:00-04:00,143.75999450683594,144.36500549316406,143.1199951171875,143.2899932861328,545243
2026-07-30 09:35:00-04:00,143.24000549316406,144.4499969482422,143.22000122070312,143.8699951171875,129594
2026-07-30 09:40:00-04:00,143.9600067138672,144.4149932861328,143.39999389648438,143.97999572753906,163275
2026-07-30 09:45:00-04:00,144.00999450683594,144.0800018310547,143.00999450683594,143.19000244140625,267402
2026-07-30 09:50:00-04:00,143.18499755859375,143.2100067138672,142.67999267578125,142.7100067138672,164509
2026-07-30 09:55:00-04:00,142.72999572753906,143.30999755859375,142.67999267578125,143.3000030517578,152474
2026-07-30 10:00:00-04:00,143.25,143.63499450683594,143.08999633789062,143.41510009765625,155755
2026-07-30 10:05:00-04:00,143.41000366210938,143.80999755859375,143.35000610351562,143.57000732421875,119099
2026-07-30 10:10:00-04:00,143.57000732421875,143.6699981689453,143.118896484375,143.42999267578125,142478
2026-07-30 10:15:00-04:00,143.38499450683594,143.6699981689453,143.19000244140625,143.3000030517578,89455
2026-07-30 10:20:00-04:00,143.28500366210938,143.30999755859375,142.72000122070312,142.77000427246094,101762
2026-07-30 10:25:00-04:00,142.78500366210938,142.88999938964844,142.47999572753906,142.7899932861328,129950
2026-07-30 10:30:00-04:00,142.8300018310547,142.8699951171875,142.25,142.25,120587
2026-07-30 10:35:00-04:00,142.27000427246094,143.0,142.27000427246094,142.8800048828125,117499
2026-07-30 10:40:00-04:00,142.94500732421875,143.05999755859375,142.4199981689453,142.5449981689453,123504
2026-07-30 10:45:00-04:00,142.52499389648438,142.6699981689453,142.3300018310547,142.3300018310547,74090
2026-07-30 10:50:00-04:00,142.36000061035156,142.6999969482422,142.25999450683594,142.67999267578125,84347
2026-07-30 10:55:00-04:00,142.67999267578125,142.77000427246094,142.42999267578125,142.4600067138672,164990
2026-07-30 11:00:00-04:00,142.48500061035156,142.73939514160156,142.27999877929688,142.44500732421875,184908
2026-07-30 11:05:00-04:00,142.47000122070312,142.6999969482422,142.27999877929688,142.4550018310547,150119
2026-07-30 11:10:00-04:00,142.49000549316406,142.75,142.49000549316406,142.625,117004
2026-07-30 11:15:00-04:00,142.58999633789062,142.67999267578125,142.4499969482422,142.6699981689453,96633
2026-07-30 11:20:00-04:00,142.66000366210938,142.6999969482422,142.52999877929688,142.57440185546875,67586
2026-07-30 11:25:00-04:00,142.56500244140625,142.9199981689453,142.4499969482422,142.88999938964844,75774
2026-07-30 11:30:00-04:00,142.8699951171875,143.1300048828125,142.85000610351562,143.0850067138672,75793
2026-07-30 11:35:00-04:00,143.0850067138672,143.0850067138672,142.87010192871094,143.00999450683594,50942
2026-07-30 11:40:00-04:00,143.0500030517578,143.21499633789062,143.0,143.0749969482422,58788
2026-07-30 11:45:00-04:00,143.07000732421875,143.3300018310547,142.99000549316406,143.24000549316406,57886
2026-07-30 11:50:00-04:00,143.27499389648438,143.4600067138672,143.24000549316406,143.35499572753906,65945
2026-07-30 11:55:00-04:00,143.34500122070312,143.61920166015625,143.32000732421875,143.47000122070312,45209
2026-07-30 12:00:00-04:00,143.46499633789062,143.47999572753906,143.22000122070312,143.36500549316406,44118
2026-07-30 12:05:00-04:00,143.36500549316406,143.3800048828125,143.0800018310547,143.1300048828125,42459
2026-07-30 12:10:00-04:00,143.10000610351562,143.16000366210938,143.0,143.08999633789062,58956
2026-07-30 12:15:00-04:00,143.07000732421875,143.16000366210938,143.04049682617188,143.16000366210938,46975
2026-07-30 12:20:00-04:00,143.1750030517578,143.24000549316406,142.6999969482422,142.71499633789062,84004
2026-07-30 12:25:00-04:00,142.72000122070312,142.94000244140625,142.5500030517578,142.92999267578125,91665
2026-07-30 12:30:00-04:00,142.97999572753906,143.289794921875,142.91009521484375,143.23089599609375,37112
2026-07-30 12:35:00-04:00,143.23500061035156,143.3300018310547,143.1699981689453,143.17999267578125,37194
2026-07-30 12:40:00-04:00,143.2100067138672,143.4199981689453,143.19920349121094,143.4199981689453,36935
2026-07-30 12:45:00-04:00,143.4199981689453,143.49000549316406,143.22999572753906,143.3300018310547,71247
2026-07-30 12:50:00-04:00,143.33999633789062,143.4499969482422,143.27999877929688,143.44000244140625,33317
2026-07-30 12:55:00-04:00,143.44500732421875,143.54080200195312,143.32000732421875,143.42999267578125,66937
2026-07-30 13:00:00-04:00,143.4250030517578,143.75,143.4250030517578,143.7100067138672,60408
2026-07-30 13:05:00-04:00,143.69000244140625,143.69500732421875,143.60000610351562,143.63999938964844,47664
2026-07-30 13:10:00-04:00,143.64999389648438,143.6999969482422,143.47000122070312,143.57000732421875,53229
2026-07-30 13:15:00-04:00,143.56500244140625,143.57000732421875,143.15499877929688,143.24000549316406,103629
2026-07-30 13:20:00-04:00,143.25,143.36000061035156,143.16000366210938,143.22999572753906,78890
2026-07-30 13:25:00-04:00,143.2100067138672,143.2100067138672,142.9600067138672,143.0749969482422,83639
2026-07-30 13:30:00-04:00,143.08999633789062,143.41600036621094,143.0500030517578,143.41600036621094,114353
2026-07-30 13:35:00-04:00,143.39999389648438,143.63999938964844,143.2899932861328,143.5500030517578,50329
2026-07-30 13:40:00-04:00,143.5399932861328,143.63999938964844,143.49000549316406,143.50999450683594,34534
2026-07-30 13:45:00-04:00,143.52499389648438,143.5399932861328,143.3699951171875,143.375,54891
2026-07-30 13:50:00-04:00,143.375,143.60000610351562,143.375,143.5500030517578,43732
2026-07-30 13:55:00-04:00,143.5449981689453,143.58999633789062,143.41000366210938,143.44000244140625,48136
2026-07-30 14:00:00-04:00,143.4499969482422,143.50999450683594,143.4199981689453,143.4199981689453,59981
2026-07-30 14:05:00-04:00,143.44000244140625,143.4600067138672,143.31500244140625,143.32000732421875,47331
2026-07-30 14:10:00-04:00,143.3300018310547,143.36500549316406,143.2100067138672,143.3300018310547,87906
2026-07-30 14:15:00-04:00,143.33999633789062,143.4600067138672,143.33999633789062,143.39999389648438,50723
2026-07-30 14:20:00-04:00,143.38999938964844,143.4600067138672,143.24000549316406,143.24000549316406,46502
2026-07-30 14:25:00-04:00,143.24000549316406,143.45419311523438,143.19000244140625,143.43499755859375,38826
2026-07-30 14:30:00-04:00,143.44000244140625,143.4499969482422,143.28500366210938,143.2899932861328,41159
2026-07-30 14:35:00-04:00,143.2949981689453,143.4199981689453,143.2899932861328,143.34500122070312,55449
2026-07-30 14:40:00-04:00,143.3300018310547,143.3300018310547,143.00999450683594,143.11000061035156,62780
2026-07-30 14:45:00-04:00,143.10000610351562,143.1300048828125,142.91000366210938,143.1199951171875,56938
2026-07-30 14:50:00-04:00,143.1199951171875,143.24000549316406,143.10000610351562,143.2050018310547,44683
2026-07-30 14:55:00-04:00,143.2100067138672,143.25979614257812,143.11000061035156,143.13999938964844,83904
2026-07-30 15:00:00-04:00,143.11000061035156,143.35000610351562,143.11000061035156,143.25999450683594,51447
2026-07-30 15:05:00-04:00,143.25,143.25,143.00999450683594,143.0399932861328,48543
2026-07-30 15:10:00-04:00,143.07000732421875,143.1199951171875,143.0,143.10000610351562,72169
2026-07-30 15:15:00-04:00,143.11000061035156,143.1649932861328,143.03500366210938,143.08999633789062,74067
2026-07-30 15:20:00-04:00,143.08090209960938,143.2550048828125,143.0800018310547,143.19000244140625,73315
2026-07-30 15:25:00-04:00,143.22000122070312,143.25999450683594,143.16000366210938,143.22999572753906,70318
2026-07-30 15:30:00-04:00,143.24000549316406,143.55999755859375,143.2100067138672,143.39999389648438,118073
2026-07-30 15:35:00-04:00,143.39999389648438,143.67999267578125,143.38999938964844,143.44000244140625,100744
2026-07-30 15:40:00-04:00,143.4499969482422,143.78750610351562,143.4499969482422,143.71499633789062,108325
2026-07-30 15:45:00-04:00,143.6999969482422,143.72000122070312,143.52000427246094,143.64999389648438,136775
2026-07-30 15:50:00-04:00,143.66000366210938,143.69000244140625,143.47000122070312,143.6875,250530
2026-07-30 15:55:00-04:00,143.69000244140625,144.0500030517578,143.69000244140625,143.9499969482422,679506
2026-07-31 09:30:00-04:00,143.50999450683594,143.50999450683594,141.4600067138672,142.06500244140625,473439
2026-07-31 09:35:00-04:00,142.0,142.47999572753906,141.89999389648438,142.29010009765625,145188
2026-07-31 09:40:00-04:00,142.30096435546875,142.99000549316406,142.19000244140625,142.86000061035156,117722
2026-07-31 09:45:00-04:00,142.91000366210938,143.30999755859375,142.57000732421875,142.99000549316406,156073
2026-07-31 09:50:00-04:00,142.97000122070312,143.0399932861328,142.41000366210938,142.97000122070312,183890
2026-07-31 09:55:00-04:00,142.97999572753906,143.22000122070312,142.82000732421875,143.0,87429
2026-07-31 10:00:00-04:00,143.02000427246094,143.1699981689453,142.58999633789062,142.75999450683594,77935
2026-07-31 10:05:00-04:00,142.7899932861328,142.8800048828125,142.42999267578125,142.85499572753906,145222
2026-07-31 10:10:00-04:00,142.84500122070312,143.0399932861328,142.50999450683594,142.83999633789062,98769
2026-07-31 10:15:00-04:00,142.80999755859375,143.08999633789062,142.4600067138672,142.52000427246094,89562
2026-07-31 10:20:00-04:00,142.5399932861328,142.96499633789062,142.4499969482422,142.96499633789062,67415
2026-07-31 10:25:00-04:00,142.96499633789062,143.08999633789062,142.55810546875,142.5850067138672,101995
2026-07-31 10:30:00-04:00,142.55999755859375,142.67999267578125,142.44000244140625,142.4600067138672,63976
2026-07-31 10:35:00-04:00,142.4600067138672,142.75999450683594,142.39999389648438,142.6300048828125,67678
2026-07-31 10:40:00-04:00,142.5850067138672,142.82000732421875,142.5399932861328,142.6999969482422,67272
2026-07-31 10:45:00-04:00,142.66000366210938,142.80999755859375,142.4145965576172,142.43499755859375,70768
2026-07-31 10:50:00-04:00,142.42999267578125,142.77000427246094,142.36000061035156,142.75999450683594,67802
2026-07-31 10:55:00-04:00,142.75999450683594,143.0449981689453,142.75,142.97999572753906,165327
2026-07-31 11:00:00-04:00,142.9949951171875,143.06500244140625,142.82000732421875,142.85000610351562,71219
2026-07-31 11:05:00-04:00,142.86500549316406,143.08999633789062,142.77999877929688,143.043701171875,71336
2026-07-31 11:10:00-04:00,143.05499267578125,143.35000610351562,143.02999877929688,143.27000427246094,106041
2026-07-31 11:15:00-04:00,143.3000030517578,143.36500549316406,143.08999633789062,143.2899932861328,79587
2026-07-31 11:20:00-04:00,143.31500244140625,143.4199981689453,143.27000427246094,143.3000030517578,93068
2026-07-31 11:25:00-04:00,143.32000732421875,143.6999969482422,143.2949981689453,143.5399932861328,82545
2026-07-31 11:30:00-04:00,143.50999450683594,143.60000610351562,143.4600067138672,143.51499938964844,68964
2026-07-31 11:35:00-04:00,143.49000549316406,143.77000427246094,143.35000610351562,143.74000549316406,116338
2026-07-31 11:40:00-04:00,143.7100067138672,143.92999267578125,143.7100067138672,143.83279418945312,47202
2026-07-31 11:45:00-04:00,143.8300018310547,143.99000549316406,143.80999755859375,143.91000366210938,92340
2026-07-31 11:50:00-04:00,143.88999938964844,143.92999267578125,143.7100067138672,143.72999572753906,62340
2026-07-31 11:55:00-04:00,143.74000549316406,143.98500061035156,143.69000244140625,143.92999267578125,73699
2026-07-31 12:00:00-04:00,143.92999267578125,143.94000244140625,143.72999572753906,143.92750549316406,57306
2026-07-31 12:05:00-04:00,143.9250030517578,144.14999389648438,143.89999389648438,144.11000061035156,79912
2026-07-31 12:10:00-04:00,144.125,144.21499633789062,144.08999633789062,144.11500549316406,44924
2026-07-31 12:15:00-04:00,144.10499572753906,144.10499572753906,143.88999938964844,143.91000366210938,57558
2026-07-31 12:20:00-04:00,143.9149932861328,143.99000549316406,143.8699951171875,143.94000244140625,38036
2026-07-31 12:25:00-04:00,143.9199981689453,144.0,143.77000427246094,143.8000030517578,42258
2026-07-31 12:30:00-04:00,143.77000427246094,143.7899932861328,143.64999389648438,143.72999572753906,41516
2026-07-31 12:35:00-04:00,143.72999572753906,143.8300018310547,143.64999389648438,143.72999572753906,39099
2026-07-31 12:40:00-04:00,143.7449951171875,143.97999572753906,143.74000549316406,143.94000244140625,36103
2026-07-31 12:45:00-04:00,143.9499969482422,144.0449981689453,143.88999938964844,144.00999450683594,44482
2026-07-31 12:50:00-04:00,144.0,144.00999450683594,143.82000732421875,143.98500061035156,42634
2026-07-31 12:55:00-04:00,143.97999572753906,143.99000549316406,143.8101043701172,143.89999389648438,67266
2026-07-31 13:00:00-04:00,143.8800048828125,143.9499969482422,143.8800048828125,143.92999267578125,40323
2026-07-31 13:05:00-04:00,143.9499969482422,144.05999755859375,143.88999938964844,144.02999877929688,40483
2026-07-31 13:10:00-04:00,144.00999450683594,144.02000427246094,143.74000549316406,143.82000732421875,45393
2026-07-31 13:15:00-04:00,143.82000732421875,143.88999938964844,143.71499633789062,143.72000122070312,46214
2026-07-31 13:20:00-04:00,143.74000549316406,143.78500366210938,143.66000366210938,143.7100067138672,66691
2026-07-31 13:25:00-04:00,143.72999572753906,143.74989318847656,143.58999633789062,143.58999633789062,46979
2026-07-31 13:30:00-04:00,143.58999633789062,143.6300048828125,143.4199981689453,143.47500610351562,82231
2026-07-31 13:35:00-04:00,143.4600067138672,143.625,143.39999389648438,143.625,60483
2026-07-31 13:40:00-04:00,143.6300048828125,143.66000366210938,143.5500030517578,143.64999389648438,50823
2026-07-31 13:45:00-04:00,143.64500427246094,143.8000030517578,143.5800018310547,143.78500366210938,41160
2026-07-31 13:50:00-04:00,143.78500366210938,143.80499267578125,143.6699981689453,143.69000244140625,37763
2026-07-31 13:55:00-04:00,143.69500732421875,143.7050018310547,143.6199951171875,143.6300048828125,60411
2026-07-31 14:00:00-04:00,143.63999938964844,143.75,143.61000061035156,143.72500610351562,46499
2026-07-31 14:05:00-04:00,143.7280731201172,143.80499267578125,143.66000366210938,143.7949981689453,85467
2026-07-31 14:10:00-04:00,143.7949981689453,144.07000732421875,143.7899932861328,144.07000732421875,71620
2026-07-31 14:15:00-04:00,144.05999755859375,144.07000732421875,143.83999633789062,143.9199981689453,43685
2026-07-31 14:20:00-04:00,143.92999267578125,143.97999572753906,143.82000732421875,143.97000122070312,41775
2026-07-31 14:25:00-04:00,143.97000122070312,144.11000061035156,143.97000122070312,144.07000732421875,71843
2026-07-31 14:30:00-04:00,144.0500030517578,144.0500030517578,143.9199981689453,144.02499389648438,48118
2026-07-31 14:35:00-04:00,144.02499389648438,144.11000061035156,143.89999389648438,143.9600067138672,44324
2026-07-31 14:40:00-04:00,143.9600067138672,144.0399932861328,143.9600067138672,144.02000427246094,44932
2026-07-31 14:45:00-04:00,144.02999877929688,144.03990173339844,143.9499969482422,144.02000427246094,43015
2026-07-31 14:50:00-04:00,143.99000549316406,144.0050048828125,143.91000366210938,143.94000244140625,42213
2026-07-31 14:55:00-04:00,143.9499969482422,144.05999755859375,143.92999267578125,144.02499389648438,46532
2026-07-31 15:00:00-04:00,144.02999877929688,144.17999267578125,143.9600067138672,144.00999450683594,65699
2026-07-31 15:05:00-04:00,144.02000427246094,144.1999969482422,143.98500061035156,144.1699981689453,51672
2026-07-31 15:10:00-04:00,144.16000366210938,144.26499938964844,144.14999389648438,144.2050018310547,78579
2026-07-31 15:15:00-04:00,144.1999969482422,144.3699951171875,144.18499755859375,144.36500549316406,74925
2026-07-31 15:20:00-04:00,144.36000061035156,144.57000732421875,144.3594970703125,144.4600067138672,84907
2026-07-31 15:25:00-04:00,144.47999572753906,144.50999450683594,144.22999572753906,144.25999450683594,97252
2026-07-31 15:30:00-04:00,144.27999877929688,144.42999267578125,144.1699981689453,144.3800048828125,79866
2026-07-31 15:35:00-04:00,144.3800048828125,144.65499877929688,144.33999633789062,144.63999938964844,86954
2026-07-31 15:40:00-04:00,144.6300048828125,144.67999267578125,144.5399932861328,144.65499877929688,93513
2026-07-31 15:45:00-04:00,144.63999938964844,144.64999389648438,144.49000549316406,144.50999450683594,146594
2026-07-31 15:50:00-04:00,144.5,144.5395965576172,144.19000244140625,144.1999969482422,206618
2026-07-31 15:55:00-04:00,144.19000244140625,144.6999969482422,144.19000244140625,144.5,663455
2026-08-03 09:30:00-04:00,145.85000610351562,147.00999450683594,145.0500030517578,146.92999267578125,512241
2026-08-03 09:35:00-04:00,146.94000244140625,147.0500030517578,145.9600067138672,146.22000122070312,95703
2026-08-03 09:40:00-04:00,146.1721954345703,146.47000122070312,145.91000366210938,145.9949951171875,75544
2026-08-03 09:45:00-04:00,146.0399932861328,146.6999969482422,145.95159912109375,146.6300048828125,79874
2026-08-03 09:50:00-04:00,146.6699981689453,147.14999389648438,146.6199951171875,146.9499969482422,86445
2026-08-03 09:55:00-04:00,146.94000244140625,147.08999633789062,146.10000610351562,146.10000610351562,87540
2026-08-03 10:00:00-04:00,146.08999633789062,146.61000061035156,145.9499969482422,146.38999938964844,139397
2026-08-03 10:05:00-04:00,146.49000549316406,146.49000549316406,145.8000030517578,145.8000946044922,76771
2026-08-03 10:10:00-04:00,145.8300018310547,146.0399932861328,145.50999450683594,146.02000427246094,115753
2026-08-03 10:15:00-04:00,145.9600067138672,146.1999969482422,145.92999267578125,146.0800018310547,47657
2026-08-03 10:20:00-04:00,146.08999633789062,146.1750030517578,145.5,145.51499938964844,63869
2026-08-03 10:25:00-04:00,145.47000122070312,145.47999572753906,145.19500732421875,145.33999633789062,60684
2026-08-03 10:30:00-04:00,145.32000732421875,145.44439697265625,145.14999389648438,145.23500061035156,66473
2026-08-03 10:35:00-04:00,145.21499633789062,145.30999755859375,145.0800018310547,145.2050018310547,92222
2026-08-03 10:40:00-04:00,145.22000122070312,145.3300018310547,145.02000427246094,145.3300018310547,63371
2026-08-03 10:45:00-04:00,145.3300018310547,145.55999755859375,144.9499969482422,145.02000427246094,57959
2026-08-03 10:50:00-04:00,145.0399932861328,145.05999755859375,144.63999938964844,144.8800048828125,82602
2026-08-03 10:55:00-04:00,144.82000732421875,144.9499969482422,144.67579650878906,144.72500610351562,48338
2026-08-03 11:00:00-04:00,144.72500610351562,144.83999633789062,144.6649932861328,144.78500366210938,46092
2026-08-03 11:05:00-04:00,144.75999450683594,144.93499755859375,144.69000244140625,144.93499755859375,63496
2026-08-03 11:10:00-04:00,144.97000122070312,145.07000732421875,144.85020446777344,144.97999572753906,53550
2026-08-03 11:15:00-04:00,144.97999572753906,145.0749969482422,144.7550048828125,144.86500549316406,49745
2026-08-03 11:20:00-04:00,144.85000610351562,144.9499969482422,144.72999572753906,144.86000061035156,42786
2026-08-03 11:25:00-04:00,144.83999633789062,145.0800018310547,144.80999755859375,145.0,56110
2026-08-03 11:30:00-04:00,144.97999572753906,144.9980010986328,144.74000549316406,144.86000061035156,80387
2026-08-03 11:35:00-04:00,144.8800048828125,145.1999969482422,144.8800048828125,145.1300048828125,85399
2026-08-03 11:40:00-04:00,145.1300048828125,145.25,145.05999755859375,145.23500061035156,43047
2026-08-03 11:45:00-04:00,145.22000122070312,145.33909606933594,145.17999267578125,145.33909606933594,35599
2026-08-03 11:50:00-04:00,145.32000732421875,145.4600067138672,145.13999938964844,145.22000122070312,47361
2026-08-03 11:55:00-04:00,145.2050018310547,145.25999450683594,145.11500549316406,145.17999267578125,35570
2026-08-03 12:00:00-04:00,145.1999969482422,145.38499450683594,145.19500732421875,145.31500244140625,43424
2026-08-03 12:05:00-04:00,145.3300018310547,145.3800048828125,145.25999450683594,145.28500366210938,75174
2026-08-03 12:10:00-04:00,145.25999450683594,145.40499877929688,145.25,145.39500427246094,41639
2026-08-03 12:15:00-04:00,145.39500427246094,145.4499969482422,145.13499450683594,145.16000366210938,130648
2026-08-03 12:20:00-04:00,145.18499755859375,145.2100067138672,144.77999877929688,144.98500061035156,49864
2026-08-03 12:25:00-04:00,144.98500061035156,145.0,144.83999633789062,144.97500610351562,36995
2026-08-03 12:30:00-04:00,144.9499969482422,144.96499633789062,144.75,144.77000427246094,46607
2026-08-03 12:35:00-04:00,144.77999877929688,144.88999938964844,144.6300048828125,144.88999938964844,48746
2026-08-03 12:40:00-04:00,144.89999389648438,144.89999389648438,144.6999969482422,144.76499938964844,33072
2026-08-03 12:45:00-04:00,144.78500366210938,144.88999938964844,144.7100067138672,144.8699951171875,86975
2026-08-03 12:50:00-04:00,144.88999938964844,145.0832061767578,144.85000610351562,144.91000366210938,95075
2026-08-03 12:55:00-04:00,144.89999389648438,144.98800659179688,144.83999633789062,144.98800659179688,28389
2026-08-03 13:00:00-04:00,144.97000122070312,144.99000549316406,144.88999938964844,144.9499969482422,29285
2026-08-03 13:05:00-04:00,144.9499969482422,144.97000122070312,144.86000061035156,144.97000122070312,40933
2026-08-03 13:10:00-04:00,144.94000244140625,144.97000122070312,144.8800048828125,144.92999267578125,44105
2026-08-03 13:15:00-04:00,144.9199981689453,144.9550018310547,144.71499633789062,144.72000122070312,47153
2026-08-03 13:20:00-04:00,144.7449951171875,144.75,144.52000427246094,144.52000427246094,60884
2026-08-03 13:25:00-04:00,144.52499389648438,144.5399932861328,144.25999450683594,144.3699951171875,85532
2026-08-03 13:30:00-04:00,144.3800048828125,144.5050048828125,144.2899932861328,144.31910705566406,93514
2026-08-03 13:35:00-04:00,144.30999755859375,144.47999572753906,144.2899932861328,144.47500610351562,195119
2026-08-03 13:40:00-04:00,144.47000122070312,144.50999450683594,144.35000610351562,144.4499969482422,130076
2026-08-03 13:45:00-04:00,144.47000122070312,144.70010375976562,144.4409942626953,144.6699981689453,51805
2026-08-03 13:50:00-04:00,144.65499877929688,144.6750030517578,144.52999877929688,144.55999755859375,31789
2026-08-03 13:55:00-04:00,144.57000732421875,144.57000732421875,144.4499969482422,144.5050048828125,30773
2026-08-03 14:00:00-04:00,144.52000427246094,144.52999877929688,144.36000061035156,144.50999450683594,50530
2026-08-03 14:05:00-04:00,144.51480102539062,144.69000244140625,144.47000122070312,144.67999267578125,45529
2026-08-03 14:10:00-04:00,144.6699981689453,144.7100067138672,144.5800018310547,144.63999938964844,36017
2026-08-03 14:15:00-04:00,144.63999938964844,144.74000549316406,144.4949951171875,144.67999267578125,82993
2026-08-03 14:20:00-04:00,144.6699981689453,144.74000549316406,144.63999938964844,144.64999389648438,35856
2026-08-03 14:25:00-04:00,144.63999938964844,144.7899932861328,144.63999938964844,144.7899932861328,51750
2026-08-03 14:30:00-04:00,144.8074951171875,144.83999633789062,144.7100067138672,144.7550048828125,46157
2026-08-03 14:35:00-04:00,144.75,144.8699951171875,144.67999267578125,144.72500610351562,34566
2026-08-03 14:40:00-04:00,144.75,144.75,144.63499450683594,144.67999267578125,56707
2026-08-03 14:45:00-04:00,144.67999267578125,144.71499633789062,144.47999572753906,144.5399932861328,47315
2026-08-03 14:50:00-04:00,144.5500030517578,144.58839416503906,144.47999572753906,144.55999755859375,46509
2026-08-03 14:55:00-04:00,144.5749969482422,144.66000366210938,144.5500946044922,144.6300048828125,44269
2026-08-03 15:00:00-04:00,144.61500549316406,144.8300018310547,144.57000732421875,144.8300018310547,66186
2026-08-03 15:05:00-04:00,144.80999755859375,144.86000061035156,144.72000122070312,144.86000061035156,53866
2026-08-03 15:10:00-04:00,144.88999938964844,144.9250030517578,144.77000427246094,144.86000061035156,46483
2026-08-03 15:15:00-04:00,144.86000061035156,144.91000366210938,144.50999450683594,144.51499938964844,154998
2026-08-03 15:20:00-04:00,144.52499389648438,144.60000610351562,144.31500244140625,144.4199981689453,96668
2026-08-03 15:25:00-04:00,144.4250030517578,144.6699981689453,144.39500427246094,144.44000244140625,109850
2026-08-03 15:30:00-04:00,144.4149932861328,144.70989990234375,144.25999450683594,144.67999267578125,89882
2026-08-03 15:35:00-04:00,144.63999938964844,144.97999572753906,144.6199951171875,144.85499572753906,278357
2026-08-03 15:40:00-04:00,144.85000610351562,144.94000244140625,144.6699981689453,144.67999267578125,86054
2026-08-03 15:45:00-04:00,144.67999267578125,145.03500366210938,144.63999938964844,144.88999938964844,139214
2026-08-03 15:50:00-04:00,144.8800048828125,144.91000366210938,144.5500946044922,144.59500122070312,155329
2026-08-03 15:55:00-04:00,144.61000061035156,145.0,144.61000061035156,144.97500610351562,657348
2026-08-04 09:30:00-04:00,144.0399932861328,144.89999389648438,143.7899932861328,144.7050018310547,263262
2026-08-04 09:35:00-04:00,144.7050018310547,144.94000244140625,144.4499969482422,144.47000122070312,83288
2026-08-04 09:40:00-04:00,144.46499633789062,144.6699981689453,144.22999572753906,144.61500549316406,88851
2026-08-04 09:45:00-04:00,144.64999389648438,145.02999877929688,144.49000549316406,144.97000122070312,123197
2026-08-04 09:50:00-04:00,145.00999450683594,145.1199951171875,144.7899932861328,144.98939514160156,79352
2026-08-04 09:55:00-04:00,144.92999267578125,145.4499969482422,144.92999267578125,145.41000366210938,64298
2026-08-04 10:00:00-04:00,145.36000061035156,145.72999572753906,145.33999633789062,145.39999389648438,75412
2026-08-04 10:05:00-04:00,145.41000366210938,145.77000427246094,145.32350158691406,145.69000244140625,96789
2026-08-04 10:10:00-04:00,145.6999969482422,145.875,145.60000610351562,145.6898956298828,79147
2026-08-04 10:15:00-04:00,145.66000366210938,146.22000122070312,145.6300048828125,146.14999389648438,65665
2026-08-04 10:20:00-04:00,146.14999389648438,146.5050048828125,146.14999389648438,146.34500122070312,93296
2026-08-04 10:25:00-04:00,146.34500122070312,146.35000610351562,145.9949951171875,146.1300048828125,60621
2026-08-04 10:30:00-04:00,146.13499450683594,146.23500061035156,145.9600067138672,146.16000366210938,82452
2026-08-04 10:35:00-04:00,146.1999969482422,146.2100067138672,146.00999450683594,146.02999877929688,52393
2026-08-04 10:40:00-04:00,146.00999450683594,146.08999633789062,145.8800048828125,145.93499755859375,62601
2026-08-04 10:45:00-04:00,145.9600067138672,146.14999389648438,145.9600067138672,146.10499572753906,56353
2026-08-04 10:50:00-04:00,146.1199951171875,146.25,146.00999450683594,146.1300048828125,46520
2026-08-04 10:55:00-04:00,146.14999389648438,146.27499389648438,146.1199951171875,146.2550048828125,59037
2026-08-04 11:00:00-04:00,146.24000549316406,146.25999450683594,146.0200958251953,146.0800018310547,41360
2026-08-04 11:05:00-04:00,146.07000732421875,146.1999969482422,146.0399932861328,146.16000366210938,46038
2026-08-04 11:10:00-04:00,146.1649932861328,146.22999572753906,146.08999633789062,146.13999938964844,37166
2026-08-04 11:15:00-04:00,146.14999389648438,146.49000549316406,146.13999938964844,146.38999938964844,66373
2026-08-04 11:20:00-04:00,146.4199981689453,146.5800018310547,146.3350067138672,146.5800018310547,71252
2026-08-04 11:25:00-04:00,146.5749969482422,146.60989379882812,146.25999450683594,146.4149932861328,79622
2026-08-04 11:30:00-04:00,146.4149932861328,146.4600067138672,146.19500732421875,146.22000122070312,46945
2026-08-04 11:35:00-04:00,146.24000549316406,146.32000732421875,146.13999938964844,146.26499938964844,55199
2026-08-04 11:40:00-04:00,146.27000427246094,146.41000366210938,146.25999450683594,146.37010192871094,42536
2026-08-04 11:45:00-04:00,146.39999389648438,146.44000244140625,146.32000732421875,146.3800048828125,45992
2026-08-04 11:50:00-04:00,146.38499450683594,146.5500030517578,146.35009765625,146.38999938964844,42131
2026-08-04 11:55:00-04:00,146.38999938964844,146.67999267578125,146.38999938964844,146.67999267578125,40790
2026-08-04 12:00:00-04:00,146.6300048828125,146.63999938964844,146.52999877929688,146.57000732421875,50179
2026-08-04 12:05:00-04:00,146.55999755859375,146.66110229492188,146.52000427246094,146.5590057373047,68585
2026-08-04 12:10:00-04:00,146.5800018310547,146.64999389648438,146.52000427246094,146.5800018310547,38432
2026-08-04 12:15:00-04:00,146.58999633789062,146.74000549316406,146.55999755859375,146.6199951171875,29382
2026-08-04 12:20:00-04:00,146.61000061035156,146.82000732421875,146.5800018310547,146.74000549316406,44696
2026-08-04 12:25:00-04:00,146.71499633789062,146.81619262695312,146.6300048828125,146.77499389648438,28681
2026-08-04 12:30:00-04:00,146.75,146.77000427246094,146.58999633789062,146.60000610351562,50291
2026-08-04 12:35:00-04:00,146.61500549316406,146.66000366210938,146.5500030517578,146.60000610351562,40076
2026-08-04 12:40:00-04:00,146.61500549316406,146.77999877929688,146.61000061035156,146.7550048828125,64751
2026-08-04 12:45:00-04:00,146.74000549316406,146.88999938964844,146.72000122070312,146.8350067138672,64271
2026-08-04 12:50:00-04:00,146.8300018310547,146.90499877929688,146.80999755859375,146.8699951171875,40229
2026-08-04 12:55:00-04:00,146.89500427246094,147.0,146.86000061035156,146.89010620117188,43797
2026-08-04 13:00:00-04:00,146.89500427246094,147.08999633789062,146.72000122070312,147.06500244140625,58660
2026-08-04 13:05:00-04:00,147.08999633789062,147.11000061035156,146.9499969482422,147.10000610351562,34691
2026-08-04 13:10:00-04:00,147.10499572753906,147.25,147.0399932861328,147.2449951171875,33700
2026-08-04 13:15:00-04:00,147.25999450683594,147.35000610351562,147.1300048828125,147.29690551757812,63419
2026-08-04 13:20:00-04:00,147.27999877929688,147.2899932861328,147.19000244140625,147.28500366210938,50949
2026-08-04 13:25:00-04:00,147.27999877929688,147.27999877929688,147.02999877929688,147.10000610351562,48240
2026-08-04 13:30:00-04:00,147.11000061035156,147.22000122070312,147.07000732421875,147.19500732421875,32836
2026-08-04 13:35:00-04:00,147.19000244140625,147.31500244140625,147.17999267578125,147.27000427246094,32969
2026-08-04 13:40:00-04:00,147.27000427246094,147.625,147.27000427246094,147.59500122070312,52437
2026-08-04 13:45:00-04:00,147.60000610351562,147.66000366210938,147.49000549316406,147.5800018310547,35489
2026-08-04 13:50:00-04:00,147.57009887695312,147.63499450683594,147.50999450683594,147.5800018310547,36308
2026-08-04 13:55:00-04:00,147.60000610351562,147.639892578125,147.52389526367188,147.52999877929688,31736
2026-08-04 14:00:00-04:00,147.52000427246094,147.6199951171875,147.47000122070312,147.6199951171875,45742
2026-08-04 14:05:00-04:00,147.61000061035156,147.72999572753906,147.61000061035156,147.69509887695312,56410
2026-08-04 14:10:00-04:00,147.69500732421875,147.79379272460938,147.67999267578125,147.74000549316406,41864
2026-08-04 14:15:00-04:00,147.72999572753906,147.8300018310547,147.69000244140625,147.7449951171875,39500
2026-08-04 14:20:00-04:00,147.7449951171875,147.77000427246094,147.6925048828125,147.72000122070312,44721
2026-08-04 14:25:00-04:00,147.72500610351562,147.7449951171875,147.5500030517578,147.5800018310547,87959
2026-08-04 14:30:00-04:00,147.58999633789062,147.60499572753906,147.4499969482422,147.52999877929688,55838
2026-08-04 14:35:00-04:00,147.5399932861328,147.61000061035156,147.50999450683594,147.50999450683594,45475
2026-08-04 14:40:00-04:00,147.49000549316406,147.625,147.47999572753906,147.625,45750
2026-08-04 14:45:00-04:00,147.625,147.72000122070312,147.5050048828125,147.72000122070312,62468
2026-08-04 14:50:00-04:00,147.72500610351562,147.91000366210938,147.72000122070312,147.86000061035156,50989
2026-08-04 14:55:00-04:00,147.83999633789062,147.98379516601562,147.76499938964844,147.80999755859375,48342
2026-08-04 15:00:00-04:00,147.8300018310547,147.93499755859375,147.78500366210938,147.92999267578125,46529
2026-08-04 15:05:00-04:00,147.91000366210938,147.91000366210938,147.75999450683594,147.8249969482422,46617
2026-08-04 15:10:00-04:00,147.83999633789062,147.89500427246094,147.7100067138672,147.89500427246094,56467
2026-08-04 15:15:00-04:00,147.8800048828125,147.94000244140625,147.72000122070312,147.80999755859375,77371
2026-08-04 15:20:00-04:00,147.80499267578125,147.94500732421875,147.7899932861328,147.89999389648438,48681
2026-08-04 15:25:00-04:00,147.91000366210938,147.9499969482422,147.85000610351562,147.8800048828125,72945
2026-08-04 15:30:00-04:00,147.89999389648438,148.0800018310547,147.8300018310547,147.94000244140625,110750
2026-08-04 15:35:00-04:00,147.93499755859375,148.1699981689453,147.91000366210938,148.10000610351562,80608
2026-08-04 15:40:00-04:00,148.10000610351562,148.2100067138672,148.0500030517578,148.1699981689453,70037
2026-08-04 15:45:00-04:00,148.16000366210938,148.19000244140625,148.0399932861328,148.1199951171875,92569
2026-08-04 15:50:00-04:00,148.14999389648438,148.25,147.89999389648438,148.07000732421875,281400
2026-08-04 15:55:00-04:00,148.0500030517578,148.11000061035156,147.89999389648438,147.99000549316406,435031
2026-08-05 09:30:00-04:00,147.84500122070312,147.84500122070312,145.8800048828125,146.125,495404
2026-08-05 09:35:00-04:00,146.125,146.63999938964844,145.99000549316406,146.125,107159
2026-08-05 09:40:00-04:00,146.11178588867188,146.25999450683594,145.6999969482422,145.80999755859375,104909
2026-08-05 09:45:00-04:00,145.83999633789062,145.97999572753906,145.3800048828125,145.7449951171875,212641
2026-08-05 09:50:00-04:00,145.72000122070312,146.3350067138672,145.66000366210938,146.07000732421875,120118
2026-08-05 09:55:00-04:00,146.07000732421875,146.16000366210938,145.8699951171875,145.94000244140625,93428
2026-08-05 10:00:00-04:00,145.88999938964844,146.3699951171875,145.77000427246094,146.2100067138672,192223
2026-08-05 10:05:00-04:00,146.17999267578125,146.27000427246094,145.72999572753906,145.77000427246094,115056
2026-08-05 10:10:00-04:00,145.77999877929688,146.02999877929688,145.74000549316406,145.97000122070312,82441
2026-08-05 10:15:00-04:00,145.97999572753906,146.11000061035156,145.77000427246094,146.11000061035156,82088
2026-08-05 10:20:00-04:00,146.13999938964844,146.42999267578125,146.13999938964844,146.36500549316406,95672
2026-08-05 10:25:00-04:00,146.36500549316406,146.47000122070312,146.24000549316406,146.4499969482422,65495
2026-08-05 10:30:00-04:00,146.42999267578125,146.7100067138672,146.42999267578125,146.6750030517578,86765
2026-08-05 10:35:00-04:00,146.66000366210938,146.85000610351562,146.5500030517578,146.80999755859375,99557
2026-08-05 10:40:00-04:00,146.7949981689453,146.83999633789062,146.4001007080078,146.4149932861328,88430
2026-08-05 10:45:00-04:00,146.4199981689453,146.44000244140625,145.8300018310547,145.94000244140625,113906
2026-08-05 10:50:00-04:00,145.9499969482422,146.07000732421875,145.72999572753906,145.72999572753906,92616
2026-08-05 10:55:00-04:00,145.7100067138672,145.72000122070312,145.41000366210938,145.72000122070312,123144
2026-08-05 11:00:00-04:00,145.73500061035156,145.75999450683594,145.5800018310547,145.58999633789062,78407
2026-08-05 11:05:00-04:00,145.57000732421875,145.63999938964844,145.44000244140625,145.47000122070312,78413
2026-08-05 11:10:00-04:00,145.47500610351562,145.68499755859375,145.4499969482422,145.60000610351562,81308
2026-08-05 11:15:00-04:00,145.5850067138672,145.5850067138672,145.1300048828125,145.29010009765625,169455
2026-08-05 11:20:00-04:00,145.2899932861328,145.30999755859375,145.0500030517578,145.1300048828125,112223
2026-08-05 11:25:00-04:00,145.1300048828125,145.25,144.92999267578125,145.19000244140625,149324
2026-08-05 11:30:00-04:00,145.19000244140625,145.2100067138672,144.97000122070312,145.1300048828125,99649
2026-08-05 11:35:00-04:00,145.10000610351562,145.10000610351562,144.86000061035156,144.9199981689453,94733
2026-08-05 11:40:00-04:00,144.9199981689453,145.1750030517578,144.66000366210938,145.16000366210938,200180
2026-08-05 11:45:00-04:00,145.13999938964844,145.19000244140625,144.88999938964844,145.10000610351562,144576
2026-08-05 11:50:00-04:00,145.08009338378906,145.25,145.00999450683594,145.02000427246094,134216
2026-08-05 11:55:00-04:00,145.00999450683594,145.125,144.97000122070312,145.05999755859375,103463
2026-08-05 12:00:00-04:00,145.07000732421875,145.52000427246094,145.0399932861328,145.4949951171875,71841
2026-08-05 12:05:00-04:00,145.5,145.8000030517578,145.49000549316406,145.7899932861328,61683
2026-08-05 12:10:00-04:00,145.7899932861328,146.01499938964844,145.72999572753906,145.85000610351562,97417
2026-08-05 12:15:00-04:00,145.86000061035156,145.91000366210938,145.5749969482422,145.6699981689453,47233
2026-08-05 12:20:00-04:00,145.66000366210938,145.85499572753906,145.55999755859375,145.7899932861328,48077
2026-08-05 12:25:00-04:00,145.80999755859375,145.97999572753906,145.6009063720703,145.61000061035156,52203
2026-08-05 12:30:00-04:00,145.60000610351562,145.86000061035156,145.5800018310547,145.86000061035156,67014
2026-08-05 12:35:00-04:00,145.86000061035156,146.0500030517578,145.86000061035156,145.8800048828125,66494
2026-08-05 12:40:00-04:00,145.8800048828125,146.02000427246094,145.86000061035156,145.9600067138672,53697
2026-08-05 12:45:00-04:00,145.97999572753906,146.02000427246094,145.9199981689453,145.99000549316406,52044
2026-08-05 12:50:00-04:00,145.97999572753906,145.99000549316406,145.9250030517578,145.98300170898438,50284
2026-08-05 12:55:00-04:00,146.0,146.0489959716797,145.9199981689453,146.02000427246094,48359
2026-08-05 13:00:00-04:00,146.02999877929688,146.08999633789062,146.00999450683594,146.04049682617188,64807
2026-08-05 13:05:00-04:00,146.05999755859375,146.13999938964844,146.0399932861328,146.110107421875,56116
2026-08-05 13:10:00-04:00,146.10000610351562,146.17999267578125,146.07000732421875,146.1699981689453,57004
2026-08-05 13:15:00-04:00,146.14999389648438,146.1999969482422,146.1199951171875,146.14999389648438,53342
2026-08-05 13:20:00-04:00,146.14999389648438,146.27499389648438,146.13999938964844,146.24000549316406,49018
2026-08-05 13:25:00-04:00,146.22000122070312,146.24000549316406,146.14999389648438,146.19000244140625,60988
2026-08-05 13:30:00-04:00,146.19000244140625,146.35000610351562,146.1300048828125,146.30999755859375,63184
2026-08-05 13:35:00-04:00,146.32000732421875,146.33999633789062,146.22999572753906,146.30999755859375,50461
2026-08-05 13:40:00-04:00,146.3061065673828,146.4199981689453,146.2899932861328,146.3800048828125,44734
2026-08-05 13:45:00-04:00,146.38999938964844,146.4199981689453,146.27999877929688,146.34010314941406,51005
2026-08-05 13:50:00-04:00,146.33999633789062,146.4499969482422,146.3350067138672,146.44000244140625,39174
2026-08-05 13:55:00-04:00,146.44000244140625,146.4499969482422,146.38999938964844,146.42999267578125,56425
2026-08-05 14:00:00-04:00,146.44000244140625,146.60000610351562,146.44000244140625,146.5800018310547,70569
2026-08-05 14:05:00-04:00,146.5800018310547,146.63999938964844,146.5,146.5850067138672,50881
2026-08-05 14:10:00-04:00,146.58999633789062,146.7100067138672,146.55999755859375,146.7050018310547,29801
2026-08-05 14:15:00-04:00,146.7100067138672,146.7100067138672,146.5500030517578,146.60000610351562,31398
2026-08-05 14:20:00-04:00,146.610107421875,146.72000122070312,146.55999755859375,146.6999969482422,51225
2026-08-05 14:25:00-04:00,146.7050018310547,146.75999450683594,146.64999389648438,146.68499755859375,52575
2026-08-05 14:30:00-04:00,146.6699981689453,146.77999877929688,146.6300048828125,146.6750030517578,37750
2026-08-05 14:35:00-04:00,146.69000244140625,146.7100067138672,146.6300048828125,146.6999969482422,53540
2026-08-05 14:40:00-04:00,146.7050018310547,146.78500366210938,146.6999969482422,146.7100067138672,39660
2026-08-05 14:45:00-04:00,146.7100067138672,146.75999450683594,146.66000366210938,146.6999969482422,41625
2026-08-05 14:50:00-04:00,146.70010375976562,146.79580688476562,146.67999267578125,146.75999450683594,58716
2026-08-05 14:55:00-04:00,146.77000427246094,146.8699951171875,146.74000549316406,146.7949981689453,50429
2026-08-05 15:00:00-04:00,146.7899932861328,146.7899932861328,146.6300048828125,146.6999969482422,50041
2026-08-05 15:05:00-04:00,146.6999969482422,146.74000549316406,146.5800018310547,146.60000610351562,43214
2026-08-05 15:10:00-04:00,146.58999633789062,146.67999267578125,146.5399932861328,146.67999267578125,48805
2026-08-05 15:15:00-04:00,146.6699981689453,146.71499633789062,146.57000732421875,146.67999267578125,65145
2026-08-05 15:20:00-04:00,146.6750030517578,146.6750030517578,146.52000427246094,146.52000427246094,87023
2026-08-05 15:25:00-04:00,146.5,146.60000610351562,146.4199981689453,146.58999633789062,72428
2026-08-05 15:30:00-04:00,146.5800018310547,146.75999450683594,146.57000732421875,146.72999572753906,112878
2026-08-05 15:35:00-04:00,146.72500610351562,146.77000427246094,146.61500549316406,146.6699981689453,109654
2026-08-05 15:40:00-04:00,146.67999267578125,147.02000427246094,146.6750030517578,147.02000427246094,82993
2026-08-05 15:45:00-04:00,147.02000427246094,147.16000366210938,146.9949951171875,147.07000732421875,135128
2026-08-05 15:50:00-04:00,147.05999755859375,147.35000610351562,146.9600067138672,147.1999969482422,250775
2026-08-05 15:55:00-04:00,147.22999572753906,147.25999450683594,146.67999267578125,146.8000030517578,673774
2026-08-06 09:30:00-04:00,147.82000732421875,148.5,147.3699951171875,148.10000610351562,370635
2026-08-06 09:35:00-04:00,148.05999755859375,148.05999755859375,147.33999633789062,147.7550048828125,142626
2026-08-06 09:40:00-04:00,147.80999755859375,147.91990661621094,147.50999450683594,147.6300048828125,62459
2026-08-06 09:45:00-04:00,147.6300048828125,147.83999633789062,147.25,147.25,59831
2026-08-06 09:50:00-04:00,147.3000030517578,147.639892578125,147.0850067138672,147.639892578125,52847
2026-08-06 09:55:00-04:00,147.60000610351562,147.62539672851562,147.22000122070312,147.4199981689453,55507
2026-08-06 10:00:00-04:00,147.4199981689453,148.02499389648438,147.40499877929688,147.91000366210938,49821
2026-08-06 10:05:00-04:00,147.85000610351562,147.92999267578125,147.61000061035156,147.61000061035156,47881
2026-08-06 10:10:00-04:00,147.58999633789062,147.6699981689453,147.35000610351562,147.4600067138672,35073
2026-08-06 10:15:00-04:00,147.4199981689453,147.52000427246094,147.07000732421875,147.30999755859375,55618
2026-08-06 10:20:00-04:00,147.3000030517578,147.39999389648438,147.14999389648438,147.3300018310547,38970
2026-08-06 10:25:00-04:00,147.32000732421875,147.41000366210938,147.1699981689453,147.31500244140625,58255
2026-08-06 10:30:00-04:00,147.31500244140625,147.31500244140625,146.7949981689453,146.91000366210938,81888
2026-08-06 10:35:00-04:00,146.8800048828125,147.2100067138672,146.82000732421875,147.19839477539062,56490
2026-08-06 10:40:00-04:00,147.19000244140625,147.41000366210938,147.02999877929688,147.41000366210938,53502
2026-08-06 10:45:00-04:00,147.41000366210938,147.69000244140625,147.14999389648438,147.27999877929688,68589
2026-08-06 10:50:00-04:00,147.2899932861328,147.55999755859375,147.11000061035156,147.47000122070312,58645
2026-08-06 10:55:00-04:00,147.47999572753906,147.50999450683594,147.32000732421875,147.4102020263672,39655
2026-08-06 11:00:00-04:00,147.40199279785156,147.91000366210938,147.40199279785156,147.89999389648438,35979
2026-08-06 11:05:00-04:00,147.89999389648438,147.89999389648438,147.47000122070312,147.50999450683594,39729
2026-08-06 11:10:00-04:00,147.4499969482422,147.5399932861328,147.3000030517578,147.52000427246094,44149
2026-08-06 11:15:00-04:00,147.53500366210938,147.5399932861328,147.3300018310547,147.3800048828125,29103
2026-08-06 11:20:00-04:00,147.3800048828125,147.38999938964844,147.0500030517578,147.14999389648438,43500
2026-08-06 11:25:00-04:00,147.1699981689453,147.1750030517578,146.9250030517578,147.00999450683594,31290
2026-08-06 11:30:00-04:00,146.99000549316406,147.0500030517578,146.93499755859375,147.02999877929688,35498
2026-08-06 11:35:00-04:00,147.02499389648438,147.02499389648438,146.74000549316406,146.74000549316406,48703
2026-08-06 11:40:00-04:00,146.75,146.8199005126953,146.71429443359375,146.75,35486
2026-08-06 11:45:00-04:00,146.75,146.79249572753906,146.6300048828125,146.74000549316406,39101
2026-08-06 11:50:00-04:00,146.75999450683594,146.75999450683594,146.4907989501953,146.5050048828125,50581
2026-08-06 11:55:00-04:00,146.49000549316406,146.5,146.3000030517578,146.47000122070312,27074
2026-08-06 12:00:00-04:00,146.47500610351562,146.72000122070312,146.4199981689453,146.72000122070312,31553
2026-08-06 12:05:00-04:00,146.67999267578125,146.67999267578125,146.35499572753906,146.38499450683594,37158
2026-08-06 12:10:00-04:00,146.36000061035156,146.38999938964844,146.1300048828125,146.33999633789062,44571
2026-08-06 12:15:00-04:00,146.3300018310547,146.4600067138672,146.22000122070312,146.38999938964844,38488
2026-08-06 12:20:00-04:00,146.40499877929688,146.75999450683594,146.3699951171875,146.60000610351562,37863
2026-08-06 12:25:00-04:00,146.58999633789062,146.6199951171875,146.52000427246094,146.58999633789062,38216
2026-08-06 12:30:00-04:00,146.63999938964844,146.8000030517578,146.57000732421875,146.76499938964844,81212
2026-08-06 12:35:00-04:00,146.72999572753906,146.74000549316406,146.47500610351562,146.485107421875,38918
2026-08-06 12:40:00-04:00,146.47000122070312,146.5142059326172,146.33999633789062,146.3699951171875,39656
2026-08-06 12:45:00-04:00,146.3957061767578,146.50999450683594,146.3300018310547,146.36000061035156,39748
2026-08-06 12:50:00-04:00,146.33999633789062,146.34500122070312,146.1199951171875,146.25,47021
2026-08-06 12:55:00-04:00,146.22999572753906,146.2550048828125,146.1300048828125,146.17999267578125,47186
2026-08-06 13:00:00-04:00,146.16000366210938,146.22000122070312,146.02000427246094,146.0500030517578,43080
2026-08-06 13:05:00-04:00,146.02000427246094,146.08999633789062,145.9600067138672,146.0050048828125,46062
2026-08-06 13:10:00-04:00,146.02999877929688,146.02999877929688,145.8350067138672,145.86000061035156,42818
2026-08-06 13:15:00-04:00,145.83999633789062,145.9499969482422,145.67999267578125,145.69000244140625,50896
2026-08-06 13:20:00-04:00,145.67999267578125,145.6999969482422,145.55999755859375,145.6300048828125,55416
2026-08-06 13:25:00-04:00,145.65469360351562,145.65469360351562,145.4499969482422,145.50999450683594,57774
2026-08-06 13:30:00-04:00,145.5399932861328,145.64500427246094,145.49000549316406,145.6199951171875,60209
2026-08-06 13:35:00-04:00,145.6199951171875,145.75999450683594,145.60000610351562,145.75999450683594,40769
2026-08-06 13:40:00-04:00,145.74000549316406,145.85079956054688,145.6999969482422,145.8090057373047,51579
2026-08-06 13:45:00-04:00,145.8000030517578,145.91000366210938,145.6999969482422,145.86500549316406,60251
2026-08-06 13:50:00-04:00,145.875,146.05999755859375,145.86000061035156,146.0399932861328,40279
2026-08-06 13:55:00-04:00,146.0399932861328,146.19000244140625,146.03500366210938,146.1649932861328,43719
2026-08-06 14:00:00-04:00,146.14999389648438,146.389892578125,146.05499267578125,146.36000061035156,45145
2026-08-06 14:05:00-04:00,146.3300018310547,146.4499969482422,146.3000030517578,146.3800048828125,38436
2026-08-06 14:10:00-04:00,146.36000061035156,146.5500030517578,146.32000732421875,146.52999877929688,89612
2026-08-06 14:15:00-04:00,146.50999450683594,146.5800018310547,146.41000366210938,146.47500610351562,41464
2026-08-06 14:20:00-04:00,146.4499969482422,146.4499969482422,146.35000610351562,146.41000366210938,32131
2026-08-06 14:25:00-04:00,146.39999389648438,146.4949951171875,146.39999389648438,146.4949951171875,31135
2026-08-06 14:30:00-04:00,146.5,146.5,146.32000732421875,146.5,62682
2026-08-06 14:35:00-04:00,146.47000122070312,146.49000549316406,146.25999450683594,146.38999938964844,40233
2026-08-06 14:40:00-04:00,146.38999938964844,146.38999938964844,146.2100067138672,146.25999450683594,30709
2026-08-06 14:45:00-04:00,146.26499938964844,146.27000427246094,146.14999389648438,146.24000549316406,42207
2026-08-06 14:50:00-04:00,146.25,146.36000061035156,146.22000122070312,146.35000610351562,40502
2026-08-06 14:55:00-04:00,146.35000610351562,146.3800048828125,146.2899932861328,146.3800048828125,36457
2026-08-06 15:00:00-04:00,146.36000061035156,146.3800048828125,146.24000549316406,146.25,51606
2026-08-06 15:05:00-04:00,146.22999572753906,146.36500549316406,146.2100067138672,146.27430725097656,75704
2026-08-06 15:10:00-04:00,146.27000427246094,146.3249969482422,146.19500732421875,146.30999755859375,75532
2026-08-06 15:15:00-04:00,146.32000732421875,146.3699951171875,146.08999633789062,146.1999969482422,76705
2026-08-06 15:20:00-04:00,146.19000244140625,146.1999969482422,146.02000427246094,146.08999633789062,76467
2026-08-06 15:25:00-04:00,146.0800018310547,146.08999633789062,145.92999267578125,145.97500610351562,97190
2026-08-06 15:30:00-04:00,145.97000122070312,146.07000732421875,145.8300018310547,145.9199981689453,139404
2026-08-06 15:35:00-04:00,145.94000244140625,146.07000732421875,145.90499877929688,146.0,170922
2026-08-06 15:40:00-04:00,146.00999450683594,146.0399932861328,145.875,145.92999267578125,126490
2026-08-06 15:45:00-04:00,145.9199981689453,146.24729919433594,145.8800048828125,146.1750030517578,242675
2026-08-06 15:50:00-04:00,146.1750030517578,146.47999572753906,145.9949951171875,146.18499755859375,266143
2026-08-06 15:55:00-04:00,146.1999969482422,147.0,146.1300048828125,147.0,754975
2026-08-07 09:30:00-04:00,144.89999389648438,144.92999267578125,143.8800048828125,144.8350067138672,296916
2026-08-07 09:35:00-04:00,144.81500244140625,145.3701934814453,144.81500244140625,145.10000610351562,180673
2026-08-07 09:40:00-04:00,145.16090393066406,145.3800048828125,144.8000030517578,144.80999755859375,126940
2026-08-07 09:45:00-04:00,144.77999877929688,145.2050018310547,144.75,145.02000427246094,105294
2026-08-07 09:50:00-04:00,145.02000427246094,145.24600219726562,144.8699951171875,145.05499267578125,75905
2026-08-07 09:55:00-04:00,145.0449981689453,145.25999450683594,145.02999877929688,145.13999938964844,62343
2026-08-07 10:00:00-04:00,145.1699981689453,145.34609985351562,145.10000610351562,145.29600524902344,67217
2026-08-07 10:05:00-04:00,145.33999633789062,145.42999267578125,145.02999877929688,145.42999267578125,142181
2026-08-07 10:10:00-04:00,145.3800048828125,145.77000427246094,145.3800048828125,145.7032012939453,69018
2026-08-07 10:15:00-04:00,145.73500061035156,146.0,145.42999267578125,145.49000549316406,92725
2026-08-07 10:20:00-04:00,145.4600067138672,145.80999755859375,145.4499969482422,145.69000244140625,52613
2026-08-07 10:25:00-04:00,145.6699981689453,145.6699981689453,145.35000610351562,145.60000610351562,47759
2026-08-07 10:30:00-04:00,145.58999633789062,145.77499389648438,145.5800018310547,145.64500427246094,55813
2026-08-07 10:35:00-04:00,145.6300048828125,145.83999633789062,145.5850067138672,145.72999572753906,54426
2026-08-07 10:40:00-04:00,145.73500061035156,145.83999633789062,145.4792938232422,145.7899932861328,52807
2026-08-07 10:45:00-04:00,145.8000030517578,145.86500549316406,145.47999572753906,145.49000549316406,40908
2026-08-07 10:50:00-04:00,145.52999877929688,145.7100067138672,145.4600067138672,145.7100067138672,50793
2026-08-07 10:55:00-04:00,145.69000244140625,145.7050018310547,145.47000122070312,145.60000610351562,33244
2026-08-07 11:00:00-04:00,145.57000732421875,145.6199951171875,145.30999755859375,145.4499969482422,34771
2026-08-07 11:05:00-04:00,145.43499755859375,145.44000244140625,145.25999450683594,145.375,36989
2026-08-07 11:10:00-04:00,145.375,145.3800048828125,145.27999877929688,145.31500244140625,35580
2026-08-07 11:15:00-04:00,145.3000030517578,145.43499755859375,145.25999450683594,145.3719024658203,46834
2026-08-07 11:20:00-04:00,145.38999938964844,145.4149932861328,145.32000732421875,145.3300018310547,32319
2026-08-07 11:25:00-04:00,145.3300018310547,145.3300018310547,145.10000610351562,145.10000610351562,57116
2026-08-07 11:30:00-04:00,145.0800018310547,145.14999389648438,144.97999572753906,145.0050048828125,47132
2026-08-07 11:35:00-04:00,145.0290069580078,145.25,145.0290069580078,145.14999389648438,28605
2026-08-07 11:40:00-04:00,145.14999389648438,145.2299041748047,145.09500122070312,145.16000366210938,23899
2026-08-07 11:45:00-04:00,145.18499755859375,145.21499633789062,144.9600067138672,144.97000122070312,46640
2026-08-07 11:50:00-04:00,144.97999572753906,145.1999969482422,144.97999572753906,145.16000366210938,138346
2026-08-07 11:55:00-04:00,145.16000366210938,145.16000366210938,145.02999877929688,145.05999755859375,25986
2026-08-07 12:00:00-04:00,145.0399932861328,145.1999969482422,145.02000427246094,145.1699981689453,43085
2026-08-07 12:05:00-04:00,145.1699981689453,145.32000732421875,145.14999389648438,145.22999572753906,31835
2026-08-07 12:10:00-04:00,145.22500610351562,145.3699951171875,145.21499633789062,145.26499938964844,56910
2026-08-07 12:15:00-04:00,145.25,145.35000610351562,145.22999572753906,145.32000732421875,27512
2026-08-07 12:20:00-04:00,145.3300018310547,145.41000366210938,145.30099487304688,145.41000366210938,27751
2026-08-07 12:25:00-04:00,145.41000366210938,145.41000366210938,145.2899932861328,145.35499572753906,35534
2026-08-07 12:30:00-04:00,145.3800048828125,145.5,145.25999450683594,145.31500244140625,42274
2026-08-07 12:35:00-04:00,145.2949981689453,145.375,145.25,145.29649353027344,30196
2026-08-07 12:40:00-04:00,145.2949981689453,145.4250030517578,145.25,145.40499877929688,92806
2026-08-07 12:45:00-04:00,145.39999389648438,145.4199981689453,145.32000732421875,145.3249969482422,24370
2026-08-07 12:50:00-04:00,145.32000732421875,145.39999389648438,145.27000427246094,145.38999938964844,50994
2026-08-07 12:55:00-04:00,145.39999389648438,145.39999389648438,145.30999755859375,145.34500122070312,34067
2026-08-07 13:00:00-04:00,145.33999633789062,145.49459838867188,145.33999633789062,145.47999572753906,49935
2026-08-07 13:05:00-04:00,145.47000122070312,145.47500610351562,145.3699951171875,145.4550018310547,38981
2026-08-07 13:10:00-04:00,145.44000244140625,145.6999969482422,145.44000244140625,145.67999267578125,43707
2026-08-07 13:15:00-04:00,145.6800994873047,145.72000122070312,145.55999755859375,145.55999755859375,32027
2026-08-07 13:20:00-04:00,145.5500030517578,145.58999633789062,145.46009826660156,145.55999755859375,32658
2026-08-07 13:25:00-04:00,145.5500030517578,145.60989379882812,145.53900146484375,145.5500030517578,25337
2026-08-07 13:30:00-04:00,145.5500030517578,145.61000061035156,145.4906005859375,145.58999633789062,33723
2026-08-07 13:35:00-04:00,145.55999755859375,145.59300231933594,145.5500030517578,145.56500244140625,17943
2026-08-07 13:40:00-04:00,145.5749969482422,145.6300048828125,145.57000732421875,145.60499572753906,55281
2026-08-07 13:45:00-04:00,145.60499572753906,145.6199951171875,145.5500030517578,145.6199951171875,35046
2026-08-07 13:50:00-04:00,145.61000061035156,145.6750030517578,145.60000610351562,145.65499877929688,45824
2026-08-07 13:55:00-04:00,145.65499877929688,145.72999572753906,145.61000061035156,145.69000244140625,58204
2026-08-07 14:00:00-04:00,145.69000244140625,145.74000549316406,145.60000610351562,145.7384033203125,86467
2026-08-07 14:05:00-04:00,145.74000549316406,145.82000732421875,145.63999938964844,145.65499877929688,31804
2026-08-07 14:10:00-04:00,145.64999389648438,145.72000122070312,145.6300048828125,145.69500732421875,41308
2026-08-07 14:15:00-04:00,145.69000244140625,145.69000244140625,145.60000610351562,145.60499572753906,35534
2026-08-07 14:20:00-04:00,145.61000061035156,145.6300048828125,145.57000732421875,145.62229919433594,32788
2026-08-07 14:25:00-04:00,145.6199951171875,145.74000549316406,145.57000732421875,145.58999633789062,61258
2026-08-07 14:30:00-04:00,145.58999633789062,145.60000610351562,145.47500610351562,145.5449981689453,43970
2026-08-07 14:35:00-04:00,145.5500030517578,145.55999755859375,145.47999572753906,145.47999572753906,40253
2026-08-07 14:40:00-04:00,145.4774932861328,145.52999877929688,145.38499450683594,145.39999389648438,54536
2026-08-07 14:45:00-04:00,145.41000366210938,145.49000549316406,145.38999938964844,145.42999267578125,504494
2026-08-07 14:50:00-04:00,145.42999267578125,145.64999389648438,145.41000366210938,145.64500427246094,47814
2026-08-07 14:55:00-04:00,145.64500427246094,145.6699981689453,145.61000061035156,145.61000061035156,50937
2026-08-07 15:00:00-04:00,145.61000061035156,145.6199951171875,145.47000122070312,145.47500610351562,66364
2026-08-07 15:05:00-04:00,145.49000549316406,145.50999450683594,145.39999389648438,145.43499755859375,63209
2026-08-07 15:10:00-04:00,145.44000244140625,145.5500030517578,145.3699951171875,145.5449981689453,144702
2026-08-07 15:15:00-04:00,145.52999877929688,145.5800018310547,145.42999267578125,145.57000732421875,89739
2026-08-07 15:20:00-04:00,145.5800018310547,145.67990112304688,145.57009887695312,145.64999389648438,76183
2026-08-07 15:25:00-04:00,145.64999389648438,145.6699981689453,145.58999633789062,145.58999633789062,81891
2026-08-07 15:30:00-04:00,145.61000061035156,145.73500061035156,145.55499267578125,145.71499633789062,140754
2026-08-07 15:35:00-04:00,145.71499633789062,145.72999572753906,145.52499389648438,145.52999877929688,128399
2026-08-07 15:40:00-04:00,145.52999877929688,145.7899932861328,145.52000427246094,145.78500366210938,131713
2026-08-07 15:45:00-04:00,145.75999450683594,145.94000244140625,145.57789611816406,145.69000244140625,199136
2026-08-07 15:50:00-04:00,145.7100067138672,145.74000549316406,145.52499389648438,145.67999267578125,228752
2026-08-07 15:55:00-04:00,145.6999969482422,145.9199981689453,145.47000122070312,145.76499938964844,494148
2026-08-10 09:30:00-04:00,144.72999572753906,145.2050018310547,144.14999389648438,145.0850067138672,478483
2026-08-10 09:35:00-04:00,145.1699981689453,145.27499389648438,144.67999267578125,145.08999633789062,71404
2026-08-10 09:40:00-04:00,145.06500244140625,145.25,144.9499969482422,145.05999755859375,81851
2026-08-10 09:45:00-04:00,145.02000427246094,145.08999633789062,144.55999755859375,144.5601043701172,68739
2026-08-10 09:50:00-04:00,144.57000732421875,145.2100067138672,144.57000732421875,145.02999877929688,78607
2026-08-10 09:55:00-04:00,145.02999877929688,145.15499877929688,144.8800048828125,144.94900512695312,54402
2026-08-10 10:00:00-04:00,144.99000549316406,145.1300048828125,144.88999938964844,144.97999572753906,60166
2026-08-10 10:05:00-04:00,144.97500610351562,144.97500610351562,144.61000061035156,144.8925018310547,54363
2026-08-10 10:10:00-04:00,144.86500549316406,144.86500549316406,144.49000549316406,144.73500061035156,68578
2026-08-10 10:15:00-04:00,144.74000549316406,145.1699981689453,144.66000366210938,145.1649932861328,57424
2026-08-10 10:20:00-04:00,145.1699981689453,145.30999755859375,144.98500061035156,145.22000122070312,53461
2026-08-10 10:25:00-04:00,145.22999572753906,145.29989624023438,145.0,145.19500732421875,48728
2026-08-10 10:30:00-04:00,145.1699981689453,145.3800048828125,145.0850067138672,145.36500549316406,44302
2026-08-10 10:35:00-04:00,145.33999633789062,145.47500610351562,145.13499450683594,145.4499969482422,47599
2026-08-10 10:40:00-04:00,145.47999572753906,145.59500122070312,145.41000366210938,145.5800018310547,51218
2026-08-10 10:45:00-04:00,145.6199951171875,145.75999450683594,145.59100341796875,145.66876220703125,47065
2026-08-10 10:50:00-04:00,145.6199951171875,145.7790069580078,145.58909606933594,145.68499755859375,42909
2026-08-10 10:55:00-04:00,145.71499633789062,145.85499572753906,145.6199951171875,145.85000610351562,41849
2026-08-10 11:00:00-04:00,145.85000610351562,145.8800048828125,145.75,145.75,41851
2026-08-10 11:05:00-04:00,145.75999450683594,145.82000732421875,145.58999633789062,145.74000549316406,51926
2026-08-10 11:10:00-04:00,145.75999450683594,145.7915496826172,145.5800018310547,145.5800018310547,36614
2026-08-10 11:15:00-04:00,145.5800018310547,145.71499633789062,145.5500030517578,145.62530517578125,34144
2026-08-10 11:20:00-04:00,145.63999938964844,145.83999633789062,145.6199951171875,145.77000427246094,45832
2026-08-10 11:25:00-04:00,145.75,145.8350067138672,145.73500061035156,145.80999755859375,41787
2026-08-10 11:30:00-04:00,145.8249969482422,145.87049865722656,145.7550048828125,145.83999633789062,55860
2026-08-10 11:35:00-04:00,145.86500549316406,145.88999938964844,145.7949981689453,145.8699951171875,50916
2026-08-10 11:40:00-04:00,145.8800048828125,145.88999938964844,145.69000244140625,145.71200561523438,40536
2026-08-10 11:45:00-04:00,145.6999969482422,145.78500366210938,145.64999389648438,145.72000122070312,30869
2026-08-10 11:50:00-04:00,145.7100067138672,145.73500061035156,145.63499450683594,145.6699981689453,29371
2026-08-10 11:55:00-04:00,145.68499755859375,145.68499755859375,145.49000549316406,145.58999633789062,32177
2026-08-10 12:00:00-04:00,145.58999633789062,145.63999938964844,145.55999755859375,145.5800018310547,29726
2026-08-10 12:05:00-04:00,145.5800018310547,145.66000366210938,145.4600067138672,145.61000061035156,31366
2026-08-10 12:10:00-04:00,145.625,145.85000610351562,145.610107421875,145.72000122070312,47440
2026-08-10 12:15:00-04:00,145.6999969482422,145.79510498046875,145.63999938964844,145.77999877929688,22147
2026-08-10 12:20:00-04:00,145.77999877929688,145.77999877929688,145.64500427246094,145.75999450683594,31316
2026-08-10 12:25:00-04:00,145.75999450683594,145.92999267578125,145.73919677734375,145.91000366210938,21952
2026-08-10 12:30:00-04:00,145.9149932861328,145.97000122070312,145.7899932861328,145.91000366210938,62736
2026-08-10 12:35:00-04:00,145.9199981689453,146.125,145.91000366210938,146.07000732421875,68942
2026-08-10 12:40:00-04:00,146.07000732421875,146.15890502929688,146.00999450683594,146.11000061035156,26947
2026-08-10 12:45:00-04:00,146.11000061035156,146.13999938964844,146.07000732421875,146.1300048828125,23068
2026-08-10 12:50:00-04:00,146.13999938964844,146.22030639648438,146.1199951171875,146.17010498046875,29071
2026-08-10 12:55:00-04:00,146.1699981689453,146.1699981689453,146.07000732421875,146.10499572753906,20445
2026-08-10 13:00:00-04:00,146.10499572753906,146.16000366210938,146.05999755859375,146.10499572753906,22871
2026-08-10 13:05:00-04:00,146.08999633789062,146.09230041503906,145.94000244140625,145.97999572753906,23560
2026-08-10 13:10:00-04:00,145.97000122070312,145.97999572753906,145.91578674316406,145.97999572753906,27423
2026-08-10 13:15:00-04:00,145.98089599609375,145.98089599609375,145.7949981689453,145.88510131835938,27909
2026-08-10 13:20:00-04:00,145.8699951171875,145.88999938964844,145.77999877929688,145.85000610351562,25418
2026-08-10 13:25:00-04:00,145.85000610351562,145.8800048828125,145.72000122070312,145.80999755859375,40811
2026-08-10 13:30:00-04:00,145.82000732421875,145.93499755859375,145.75,145.78500366210938,61221
2026-08-10 13:35:00-04:00,145.7899932861328,145.89999389648438,145.77999877929688,145.86000061035156,33015
2026-08-10 13:40:00-04:00,145.84500122070312,145.8800048828125,145.78500366210938,145.82000732421875,27544
2026-08-10 13:45:00-04:00,145.80999755859375,145.83999633789062,145.7550048828125,145.83999633789062,26027
2026-08-10 13:50:00-04:00,145.85000610351562,145.85000610351562,145.75,145.799072265625,28287
2026-08-10 13:55:00-04:00,145.7949981689453,145.86000061035156,145.77000427246094,145.85499572753906,24456
2026-08-10 14:00:00-04:00,145.8509979248047,145.94000244140625,145.84500122070312,145.89500427246094,27756
2026-08-10 14:05:00-04:00,145.8800048828125,145.9600067138672,145.8300018310547,145.92999267578125,32478
2026-08-10 14:10:00-04:00,145.9199981689453,146.02499389648438,145.91000366210938,146.02154541015625,34162
2026-08-10 14:15:00-04:00,146.0449981689453,146.0449981689453,145.9600067138672,145.99000549316406,25931
2026-08-10 14:20:00-04:00,145.98159790039062,146.0500030517578,145.97000122070312,146.02999877929688,36939
2026-08-10 14:25:00-04:00,146.02999877929688,146.0399932861328,145.97000122070312,145.99000549316406,32408
2026-08-10 14:30:00-04:00,145.99000549316406,146.00999450683594,145.91000366210938,145.94000244140625,49372
2026-08-10 14:35:00-04:00,145.92999267578125,146.01840209960938,145.9199981689453,145.98500061035156,55849
2026-08-10 14:40:00-04:00,145.97999572753906,145.99000549316406,145.89999389648438,145.97999572753906,34936
2026-08-10 14:45:00-04:00,145.97000122070312,146.00999450683594,145.90499877929688,145.9600067138672,46389
2026-08-10 14:50:00-04:00,145.9600067138672,146.0,145.88999938964844,145.9355926513672,36989
2026-08-10 14:55:00-04:00,145.9250030517578,145.9499969482422,145.8000030517578,145.8000030517578,44073
2026-08-10 15:00:00-04:00,145.8300018310547,145.85000610351562,145.61500549316406,145.6699981689453,47645
2026-08-10 15:05:00-04:00,145.6699981689453,145.75999450683594,145.63499450683594,145.72999572753906,52504
2026-08-10 15:10:00-04:00,145.7449951171875,145.8000030517578,145.7100067138672,145.74000549316406,41234
2026-08-10 15:15:00-04:00,145.7458038330078,145.8000030517578,145.69000244140625,145.7899932861328,40863
2026-08-10 15:20:00-04:00,145.7899932861328,145.82000732421875,145.72999572753906,145.74000549316406,56730
2026-08-10 15:25:00-04:00,145.74000549316406,145.74000549316406,145.5800018310547,145.63999938964844,60923
2026-08-10 15:30:00-04:00,145.6300048828125,145.72000122070312,145.60000610351562,145.67999267578125,55404
2026-08-10 15:35:00-04:00,145.6699981689453,145.74000549316406,145.60000610351562,145.72500610351562,65603
2026-08-10 15:40:00-04:00,145.72000122070312,145.80499267578125,145.67999267578125,145.75999450683594,66979
2026-08-10 15:45:00-04:00,145.7449951171875,145.9149932861328,145.74000549316406,145.83999633789062,81518
2026-08-10 15:50:00-04:00,145.86000061035156,146.08999633789062,145.8000030517578,146.0,132369
2026-08-10 15:55:00-04:00,146.0,146.4600067138672,145.92999267578125,146.39999389648438,478626
2026-08-11 09:30:00-04:00,145.41000366210938,145.6699981689453,145.10000610351562,145.4199981689453,297868
2026-08-11 09:35:00-04:00,145.40499877929688,145.7100067138672,144.6699981689453,145.25,275726
2026-08-11 09:40:00-04:00,145.25,145.4199981689453,145.00999450683594,145.3300018310547,397274
2026-08-11 09:45:00-04:00,145.34500122070312,145.48989868164062,145.2100067138672,145.3000030517578,297942
2026-08-11 09:50:00-04:00,145.3074951171875,145.3249969482422,145.0749969482422,145.1300048828125,49175
2026-08-11 09:55:00-04:00,145.0399932861328,145.0399932861328,144.5800018310547,144.85499572753906,121357
2026-08-11 10:00:00-04:00,144.85000610351562,145.16000366210938,144.72000122070312,144.8699951171875,72544
2026-08-11 10:05:00-04:00,144.80999755859375,144.89999389648438,144.47999572753906,144.59500122070312,89462
2026-08-11 10:10:00-04:00,144.5699005126953,144.60499572753906,144.27999877929688,144.52999877929688,80919
2026-08-11 10:15:00-04:00,144.52000427246094,144.55499267578125,144.17999267578125,144.36500549316406,64057
2026-08-11 10:20:00-04:00,144.38070678710938,144.4600067138672,144.11000061035156,144.22500610351562,89974
2026-08-11 10:25:00-04:00,144.22500610351562,144.24989318847656,143.92999267578125,144.11500549316406,101772
2026-08-11 10:30:00-04:00,144.11500549316406,144.24000549316406,144.07000732421875,144.17999267578125,26296
2026-08-11 10:35:00-04:00,144.25999450683594,144.33999633789062,144.20010375976562,144.2899932861328,58386
2026-08-11 10:40:00-04:00,144.2899932861328,144.5,144.17999267578125,144.38999938964844,82374
2026-08-11 10:45:00-04:00,144.38999938964844,144.48989868164062,144.10000610351562,144.24000549316406,68671
2026-08-11 10:50:00-04:00,144.2100067138672,144.41000366210938,144.19500732421875,144.3249969482422,48140
2026-08-11 10:55:00-04:00,144.29010009765625,144.47999572753906,144.25999450683594,144.47000122070312,50578
2026-08-11 11:00:00-04:00,144.47500610351562,144.60000610351562,144.29429626464844,144.3885955810547,62167
2026-08-11 11:05:00-04:00,144.39999389648438,144.60000610351562,144.39999389648438,144.47999572753906,45706
2026-08-11 11:10:00-04:00,144.47500610351562,144.57000732421875,144.27999877929688,144.30499267578125,45548
2026-08-11 11:15:00-04:00,144.3000030517578,144.5500030517578,144.25,144.52000427246094,81030
2026-08-11 11:20:00-04:00,144.55999755859375,144.65289306640625,144.52999877929688,144.55999755859375,39170
2026-08-11 11:25:00-04:00,144.57000732421875,144.57000732421875,144.43499755859375,144.49000549316406,37534
2026-08-11 11:30:00-04:00,144.49000549316406,144.5500030517578,144.44000244140625,144.47999572753906,34662
2026-08-11 11:35:00-04:00,144.47999572753906,144.55999755859375,144.38999938964844,144.55999755859375,42960
2026-08-11 11:40:00-04:00,144.58900451660156,144.6300048828125,144.55999755859375,144.57000732421875,29233
2026-08-11 11:45:00-04:00,144.55999755859375,144.7100067138672,144.52999877929688,144.69000244140625,32603
2026-08-11 11:50:00-04:00,144.6750030517578,144.80999755859375,144.6199951171875,144.7899932861328,38833
2026-08-11 11:55:00-04:00,144.78570556640625,144.94000244140625,144.76499938964844,144.89010620117188,42872
2026-08-11 12:00:00-04:00,144.89010620117188,145.02999877929688,144.8699951171875,144.9149932861328,33695
2026-08-11 12:05:00-04:00,144.9199981689453,144.95362854003906,144.83999633789062,144.83999633789062,33817
2026-08-11 12:10:00-04:00,144.86000061035156,145.22019958496094,144.8300018310547,145.1699981689453,46229
2026-08-11 12:15:00-04:00,145.1699981689453,145.31500244140625,145.16000366210938,145.22000122070312,38059
2026-08-11 12:20:00-04:00,145.2100067138672,145.3000030517578,145.20010375976562,145.2899932861328,27104
2026-08-11 12:25:00-04:00,145.3000030517578,145.32009887695312,145.1300048828125,145.1699981689453,48178
2026-08-11 12:30:00-04:00,145.1699981689453,145.1999969482422,145.0500030517578,145.14999389648438,53596
2026-08-11 12:35:00-04:00,145.15499877929688,145.19000244140625,144.97000122070312,144.99000549316406,40676
2026-08-11 12:40:00-04:00,144.9499969482422,145.02000427246094,144.8907012939453,144.97999572753906,24805
2026-08-11 12:45:00-04:00,144.97999572753906,145.0399932861328,144.9199981689453,144.9600067138672,34202
2026-08-11 12:50:00-04:00,144.97000122070312,145.00999450683594,144.8699951171875,144.8699951171875,32792
2026-08-11 12:55:00-04:00,144.8699951171875,144.9398956298828,144.75999450683594,144.7899932861328,38965
2026-08-11 13:00:00-04:00,144.7899932861328,144.9250030517578,144.7899932861328,144.875,20043
2026-08-11 13:05:00-04:00,144.89999389648438,144.9250030517578,144.6999969482422,144.72500610351562,40536
2026-08-11 13:10:00-04:00,144.72500610351562,144.75999450683594,144.58999633789062,144.58999633789062,33228
2026-08-11 13:15:00-04:00,144.58999633789062,144.64999389648438,144.5399932861328,144.64500427246094,74031
2026-08-11 13:20:00-04:00,144.6699981689453,144.74000549316406,144.6199951171875,144.6999969482422,31564
2026-08-11 13:25:00-04:00,144.6999969482422,144.83999633789062,144.64999389648438,144.75,49286
2026-08-11 13:30:00-04:00,144.7449951171875,144.7949981689453,144.58999633789062,144.60000610351562,37771
2026-08-11 13:35:00-04:00,144.59500122070312,144.625,144.57000732421875,144.5800018310547,40200
2026-08-11 13:40:00-04:00,144.58999633789062,144.6699981689453,144.51510620117188,144.63499450683594,64694
2026-08-11 13:45:00-04:00,144.6199951171875,144.66000366210938,144.5,144.52000427246094,31480
2026-08-11 13:50:00-04:00,144.52000427246094,144.55499267578125,144.47999572753906,144.47999572753906,34651
2026-08-11 13:55:00-04:00,144.49000549316406,144.61000061035156,144.44000244140625,144.60000610351562,52236
2026-08-11 14:00:00-04:00,144.60000610351562,144.6699981689453,144.5850067138672,144.63499450683594,57620
2026-08-11 14:05:00-04:00,144.6300048828125,144.86000061035156,144.62843322753906,144.8000030517578,44283
2026-08-11 14:10:00-04:00,144.81500244140625,144.96499633789062,144.7899932861328,144.96499633789062,52603
2026-08-11 14:15:00-04:00,144.96499633789062,145.1199951171875,144.91000366210938,145.10499572753906,50659
2026-08-11 14:20:00-04:00,145.08999633789062,145.1699981689453,145.0500030517578,145.0800018310547,47777
2026-08-11 14:25:00-04:00,145.08999633789062,145.24000549316406,145.02999877929688,145.0399932861328,62074
2026-08-11 14:30:00-04:00,145.03500366210938,145.13999938964844,145.03500366210938,145.1199951171875,55643
2026-08-11 14:35:00-04:00,145.11500549316406,145.14999389648438,145.02000427246094,145.13999938964844,75409
2026-08-11 14:40:00-04:00,145.13499450683594,145.16000366210938,145.08999633789062,145.10499572753906,47691
2026-08-11 14:45:00-04:00,145.10000610351562,145.10000610351562,145.00999450683594,145.0625,59611
2026-08-11 14:50:00-04:00,145.05999755859375,145.06500244140625,144.88999938964844,144.9149932861328,52028
2026-08-11 14:55:00-04:00,144.91000366210938,144.9199981689453,144.80999755859375,144.83999633789062,84890
2026-08-11 15:00:00-04:00,144.83999633789062,144.84500122070312,144.77000427246094,144.7899932861328,71006
2026-08-11 15:05:00-04:00,144.7899932861328,144.9199981689453,144.77999877929688,144.9149932861328,49456
2026-08-11 15:10:00-04:00,144.9199981689453,145.0,144.86000061035156,144.88999938964844,52969
2026-08-11 15:15:00-04:00,144.88499450683594,145.0449981689453,144.84500122070312,145.0449981689453,64052
2026-08-11 15:20:00-04:00,145.05499267578125,145.08999633789062,144.89999389648438,145.0749969482422,62471
2026-08-11 15:25:00-04:00,145.0749969482422,145.0850067138672,144.97999572753906,145.02999877929688,49181
2026-08-11 15:30:00-04:00,145.02999877929688,145.1199951171875,145.014404296875,145.0800018310547,111042
2026-08-11 15:35:00-04:00,145.08999633789062,145.10000610351562,145.02000427246094,145.0500030517578,84405
2026-08-11 15:40:00-04:00,145.0500030517578,145.25999450683594,145.01499938964844,145.125,106140
2026-08-11 15:45:00-04:00,145.1199951171875,145.22999572753906,145.0399932861328,145.22000122070312,151457
2026-08-11 15:50:00-04:00,145.22000122070312,145.36500549316406,145.0500030517578,145.3350067138672,207353
2026-08-11 15:55:00-04:00,145.33999633789062,145.3800048828125,145.1199951171875,145.2050018310547,487190
2026-08-12 09:30:00-04:00,144.0500030517578,144.3000030517578,143.7899932861328,144.25,304414
2026-08-12 09:35:00-04:00,144.25999450683594,144.52000427246094,143.80999755859375,144.46499633789062,76089
2026-08-12 09:40:00-04:00,144.4550018310547,144.69000244140625,144.27999877929688,144.2899932861328,47437
2026-08-12 09:45:00-04:00,144.2949981689453,144.5,144.05999755859375,144.44000244140625,48447
2026-08-12 09:50:00-04:00,144.4499969482422,144.85000610351562,144.44000244140625,144.82000732421875,89620
2026-08-12 09:55:00-04:00,144.80999755859375,144.8125,144.3000030517578,144.33999633789062,57509
2026-08-12 10:00:00-04:00,144.34500122070312,144.47999572753906,144.3000030517578,144.4199981689453,99625
2026-08-12 10:05:00-04:00,144.43499755859375,144.44000244140625,144.08999633789062,144.17999267578125,105630
2026-08-12 10:10:00-04:00,144.2050018310547,144.26499938964844,144.07000732421875,144.1300048828125,73871
2026-08-12 10:15:00-04:00,144.16000366210938,144.27999877929688,144.00999450683594,144.22500610351562,93995
2026-08-12 10:20:00-04:00,144.22500610351562,144.44000244140625,144.22500610351562,144.31100463867188,132156
2026-08-12 10:25:00-04:00,144.27000427246094,144.3248748779297,144.00999450683594,144.07000732421875,94892
2026-08-12 10:30:00-04:00,144.0800018310547,144.39999389648438,144.0399932861328,144.06500244140625,58668
2026-08-12 10:35:00-04:00,144.05999755859375,144.15989685058594,143.8000030517578,143.939697265625,78274
2026-08-12 10:40:00-04:00,143.92999267578125,144.25999450683594,143.92999267578125,144.2100067138672,43707
2026-08-12 10:45:00-04:00,144.22999572753906,144.33999633789062,144.10499572753906,144.33999633789062,77118
2026-08-12 10:50:00-04:00,144.3249969482422,144.4499969482422,144.2449951171875,144.36500549316406,99244
2026-08-12 10:55:00-04:00,144.36000061035156,144.36000061035156,144.14999389648438,144.27999877929688,74421
2026-08-12 11:00:00-04:00,144.3300018310547,144.3300018310547,144.05999755859375,144.09500122070312,51168
2026-08-12 11:05:00-04:00,144.0800018310547,144.22500610351562,144.05999755859375,144.22000122070312,79890
2026-08-12 11:10:00-04:00,144.22000122070312,144.4600067138672,144.17999267578125,144.4600067138672,69831
2026-08-12 11:15:00-04:00,144.4499969482422,144.49000549316406,144.35000610351562,144.39500427246094,107410
2026-08-12 11:20:00-04:00,144.39500427246094,144.4499969482422,144.32000732421875,144.35000610351562,72841
2026-08-12 11:25:00-04:00,144.34500122070312,144.38999938964844,144.27000427246094,144.38999938964844,63633
2026-08-12 11:30:00-04:00,144.39500427246094,144.5,144.3699951171875,144.4149932861328,55207
2026-08-12 11:35:00-04:00,144.4199981689453,144.49000549316406,144.36000061035156,144.47569274902344,82293
2026-08-12 11:40:00-04:00,144.47560119628906,144.5,144.35009765625,144.4949951171875,85762
2026-08-12 11:45:00-04:00,144.5,144.58999633789062,144.42999267578125,144.52000427246094,60694
2026-08-12 11:50:00-04:00,144.52430725097656,144.52999877929688,144.4250030517578,144.48500061035156,53288
2026-08-12 11:55:00-04:00,144.47999572753906,144.53419494628906,144.47000122070312,144.51499938964844,47201
2026-08-12 12:00:00-04:00,144.49000549316406,144.5330047607422,144.33999633789062,144.3800048828125,92707
2026-08-12 12:05:00-04:00,144.39999389648438,144.4499969482422,144.3800048828125,144.39999389648438,57259
2026-08-12 12:10:00-04:00,144.39999389648438,144.39999389648438,144.2100067138672,144.32000732421875,66632
2026-08-12 12:15:00-04:00,144.30999755859375,144.32000732421875,144.1699981689453,144.19500732421875,31345
2026-08-12 12:20:00-04:00,144.2100067138672,144.2100067138672,144.02999877929688,144.07000732421875,36004
2026-08-12 12:25:00-04:00,144.08999633789062,144.14999389648438,144.0,144.0399932861328,42991
2026-08-12 12:30:00-04:00,144.02999877929688,144.22000122070312,144.0,144.1699981689453,44065
2026-08-12 12:35:00-04:00,144.14999389648438,144.2100067138672,144.1300048828125,144.19000244140625,29392
2026-08-12 12:40:00-04:00,144.18499755859375,144.32000732421875,144.1199951171875,144.28990173339844,41680
2026-08-12 12:45:00-04:00,144.27000427246094,144.3350067138672,144.2449951171875,144.2899932861328,35814
2026-08-12 12:50:00-04:00,144.27999877929688,144.4499969482422,144.2100067138672,144.4499969482422,36273
2026-08-12 12:55:00-04:00,144.4499969482422,144.5,144.41000366210938,144.5,38069
2026-08-12 13:00:00-04:00,144.4949951171875,144.5299072265625,144.47000122070312,144.49000549316406,36971
2026-08-12 13:05:00-04:00,144.50999450683594,144.625,144.50999450683594,144.61000061035156,54843
2026-08-12 13:10:00-04:00,144.58999633789062,144.74000549316406,144.5850067138672,144.74000549316406,39745
2026-08-12 13:15:00-04:00,144.74000549316406,144.94000244140625,144.7100067138672,144.94000244140625,51778
2026-08-12 13:20:00-04:00,144.93499755859375,144.93499755859375,144.5749969482422,144.5800018310547,53098
2026-08-12 13:25:00-04:00,144.5800018310547,144.60000610351562,144.4600067138672,144.4600067138672,47385
2026-08-12 13:30:00-04:00,144.47500610351562,144.47999572753906,144.38999938964844,144.4199981689453,44387
2026-08-12 13:35:00-04:00,144.4250030517578,144.44000244140625,144.34429931640625,144.39549255371094,42924
2026-08-12 13:40:00-04:00,144.38999938964844,144.47000122070312,144.33999633789062,144.47000122070312,35855
2026-08-12 13:45:00-04:00,144.47000122070312,144.5,144.41000366210938,144.4949951171875,43209
2026-08-12 13:50:00-04:00,144.5052947998047,144.50999450683594,144.42999267578125,144.47999572753906,29705
2026-08-12 13:55:00-04:00,144.47000122070312,144.49000549316406,144.33999633789062,144.34500122070312,30928
2026-08-12 14:00:00-04:00,144.34500122070312,144.57000732421875,144.34500122070312,144.5509033203125,3598023
2026-08-12 14:05:00-04:00,144.5500030517578,144.57000732421875,144.47000122070312,144.4700927734375,32398
2026-08-12 14:10:00-04:00,144.47000122070312,144.61000061035156,144.47000122070312,144.5800018310547,51721
2026-08-12 14:15:00-04:00,144.50999450683594,144.50999450683594,144.44000244140625,144.5,32461
2026-08-12 14:20:00-04:00,144.49000549316406,144.5050048828125,144.43499755859375,144.44000244140625,33935
2026-08-12 14:25:00-04:00,144.44500732421875,144.52999877929688,144.3699951171875,144.52000427246094,32749
2026-08-12 14:30:00-04:00,144.5,144.5800018310547,144.49000549316406,144.5800018310547,36160
2026-08-12 14:35:00-04:00,144.5749969482422,144.6300048828125,144.52999877929688,144.57000732421875,45691
2026-08-12 14:40:00-04:00,144.57000732421875,144.57000732421875,144.49000549316406,144.5399932861328,40039
2026-08-12 14:45:00-04:00,144.5399932861328,144.5449981689453,144.47000122070312,144.47999572753906,43743
2026-08-12 14:50:00-04:00,144.47000122070312,144.5,144.4199981689453,144.4550018310547,36462
2026-08-12 14:55:00-04:00,144.4600067138672,144.52999877929688,144.32000732421875,144.331298828125,56689
2026-08-12 15:00:00-04:00,144.33999633789062,144.44000244140625,144.31500244140625,144.3800048828125,4122129
2026-08-12 15:05:00-04:00,144.3209991455078,144.39500427246094,144.27499389648438,144.39500427246094,95159
2026-08-12 15:10:00-04:00,144.39999389648438,144.4600067138672,144.3699951171875,144.38999938964844,60428
2026-08-12 15:15:00-04:00,144.41000366210938,144.4199981689453,144.32000732421875,144.3800048828125,50897
2026-08-12 15:20:00-04:00,144.3800048828125,144.49000549316406,144.375,144.41000366210938,54635
2026-08-12 15:25:00-04:00,144.4149932861328,144.44000244140625,144.30999755859375,144.44000244140625,59353
2026-08-12 15:30:00-04:00,144.4499969482422,144.52000427246094,144.39500427246094,144.47999572753906,78000
2026-08-12 15:35:00-04:00,144.5399932861328,144.60000610351562,144.49000549316406,144.5050048828125,4567594
2026-08-12 15:40:00-04:00,144.42999267578125,144.52000427246094,144.38999938964844,144.42999267578125,101783
2026-08-12 15:45:00-04:00,144.4199981689453,144.52499389648438,144.33999633789062,144.3917999267578,104164
2026-08-12 15:50:00-04:00,144.3800048828125,144.49989318847656,144.22000122070312,144.2899932861328,205011
2026-08-12 15:55:00-04:00,144.27999877929688,144.39999389648438,144.02000427246094,144.0800018310547,480365
2026-08-13 09:30:00-04:00,144.58999633789062,145.3000030517578,144.58999633789062,145.18499755859375,257525
2026-08-13 09:35:00-04:00,145.17999267578125,145.4499969482422,144.99000549316406,145.3300018310547,96733
2026-08-13 09:40:00-04:00,145.30999755859375,145.35000610351562,145.05349731445312,145.1125030517578,58209
2026-08-13 09:45:00-04:00,145.0050048828125,145.19000244140625,144.86000061035156,145.08999633789062,74365
2026-08-13 09:50:00-04:00,145.10499572753906,145.39999389648438,144.99000549316406,145.38999938964844,89805
2026-08-13 09:55:00-04:00,145.36000061035156,145.52999877929688,145.30320739746094,145.42999267578125,49772
2026-08-13 10:00:00-04:00,145.4499969482422,145.8000030517578,145.4499969482422,145.63999938964844,73343
2026-08-13 10:05:00-04:00,145.64089965820312,145.7949981689453,145.5800018310547,145.75999450683594,56812
2026-08-13 10:10:00-04:00,145.74000549316406,145.7449951171875,145.43499755859375,145.49000549316406,70173
2026-08-13 10:15:00-04:00,145.4250030517578,145.5449981689453,145.19500732421875,145.43499755859375,62816
2026-08-13 10:20:00-04:00,145.4499969482422,145.48500061035156,145.3000030517578,145.34500122070312,36081
2026-08-13 10:25:00-04:00,145.3300018310547,145.39999389648438,145.2200927734375,145.25,40984
2026-08-13 10:30:00-04:00,145.27000427246094,145.2899932861328,145.05999755859375,145.14999389648438,55052
2026-08-13 10:35:00-04:00,145.14500427246094,145.22250366210938,144.99000549316406,144.9949951171875,33857
2026-08-13 10:40:00-04:00,145.02999877929688,145.1300048828125,144.89500427246094,145.0800018310547,36491
2026-08-13 10:45:00-04:00,145.0749969482422,145.15499877929688,144.92979431152344,144.9600067138672,32774
2026-08-13 10:50:00-04:00,144.92999267578125,145.0749969482422,144.90499877929688,144.92999267578125,32858
2026-08-13 10:55:00-04:00,144.89999389648438,145.02499389648438,144.8300018310547,145.02000427246094,40571
2026-08-13 11:00:00-04:00,144.98500061035156,145.1699981689453,144.89500427246094,145.0399932861328,1312965
2026-08-13 11:05:00-04:00,145.02999877929688,145.02999877929688,144.60000610351562,144.7100067138672,72992
2026-08-13 11:10:00-04:00,144.7100067138672,144.8300018310547,144.64500427246094,144.6750030517578,50338
2026-08-13 11:15:00-04:00,144.66000366210938,144.66000366210938,144.38999938964844,144.39999389648438,54233
2026-08-13 11:20:00-04:00,144.41000366210938,144.5,144.32000732421875,144.41229248046875,47264
2026-08-13 11:25:00-04:00,144.39999389648438,144.39999389648438,144.11000061035156,144.11000061035156,74963
2026-08-13 11:30:00-04:00,144.14500427246094,144.19000244140625,144.02000427246094,144.10000610351562,76194
2026-08-13 11:35:00-04:00,144.11000061035156,144.36000061035156,144.10499572753906,144.32000732421875,90159
2026-08-13 11:40:00-04:00,144.32000732421875,144.3300018310547,144.11000061035156,144.1199951171875,39519
2026-08-13 11:45:00-04:00,144.1300048828125,144.31849670410156,144.1300048828125,144.2899932861328,42305
2026-08-13 11:50:00-04:00,144.25,144.3800048828125,144.22999572753906,144.33999633789062,36710
2026-08-13 11:55:00-04:00,144.35000610351562,144.38999938964844,144.28570556640625,144.3699951171875,28565
2026-08-13 12:00:00-04:00,144.33999633789062,144.39999389648438,144.25999450683594,144.27999877929688,30212
2026-08-13 12:05:00-04:00,144.27999877929688,144.3000030517578,144.17999267578125,144.2100067138672,39013
2026-08-13 12:10:00-04:00,144.21499633789062,144.2899932861328,144.16000366210938,144.25,33496
2026-08-13 12:15:00-04:00,144.2449951171875,144.33999633789062,144.2050018310547,144.3000030517578,46912
2026-08-13 12:20:00-04:00,144.31500244140625,144.3300018310547,144.14999389648438,144.16000366210938,30467
2026-08-13 12:25:00-04:00,144.16000366210938,144.21499633789062,144.15499877929688,144.1999969482422,34730
2026-08-13 12:30:00-04:00,144.19000244140625,144.22999572753906,144.1300048828125,144.21499633789062,47037
2026-08-13 12:35:00-04:00,144.2100067138672,144.25999450683594,144.1699981689453,144.17999267578125,31393
2026-08-13 12:40:00-04:00,144.1699981689453,144.26919555664062,144.1699981689453,144.2100067138672,32191
2026-08-13 12:45:00-04:00,144.22000122070312,144.3350067138672,144.21009826660156,144.30999755859375,32787
2026-08-13 12:50:00-04:00,144.27999877929688,144.4600067138672,144.2449951171875,144.38999938964844,51475
2026-08-13 12:55:00-04:00,144.3699951171875,144.3699951171875,144.1699981689453,144.18499755859375,45946
2026-08-13 13:00:00-04:00,144.17999267578125,144.27000427246094,144.02000427246094,144.05499267578125,57156
2026-08-13 13:05:00-04:00,144.07000732421875,144.13999938964844,144.02999877929688,144.07000732421875,40552
2026-08-13 13:10:00-04:00,144.0800018310547,144.13999938964844,144.03970336914062,144.13999938964844,38283
2026-08-13 13:15:00-04:00,144.15499877929688,144.1699981689453,144.0850067138672,144.13999938964844,30529
2026-08-13 13:20:00-04:00,144.13499450683594,144.16000366210938,144.0800018310547,144.1300048828125,27482
2026-08-13 13:25:00-04:00,144.1199951171875,144.16000366210938,144.11500549316406,144.16000366210938,20130
2026-08-13 13:30:00-04:00,144.16000366210938,144.16563415527344,144.07000732421875,144.11000061035156,33881
2026-08-13 13:35:00-04:00,144.10499572753906,144.1300048828125,144.05999755859375,144.07000732421875,36178
2026-08-13 13:40:00-04:00,144.07000732421875,144.1300048828125,143.9949951171875,144.0800018310547,67650
2026-08-13 13:45:00-04:00,144.07000732421875,144.14999389648438,144.07000732421875,144.14999389648438,32816
2026-08-13 13:50:00-04:00,144.14999389648438,144.19500732421875,144.1199951171875,144.15499877929688,30655
2026-08-13 13:55:00-04:00,144.16000366210938,144.1999969482422,144.16000366210938,144.19000244140625,26656
2026-08-13 14:00:00-04:00,144.1999969482422,144.36000061035156,144.19509887695312,144.35000610351562,41107
2026-08-13 14:05:00-04:00,144.35000610351562,144.42999267578125,144.31500244140625,144.42999267578125,66492
2026-08-13 14:10:00-04:00,144.4250030517578,144.4600067138672,144.39999389648438,144.4250030517578,45063
2026-08-13 14:15:00-04:00,144.4250030517578,144.4250030517578,144.36500549316406,144.375,49955
2026-08-13 14:20:00-04:00,144.375,144.44000244140625,144.375,144.44000244140625,31333
2026-08-13 14:25:00-04:00,144.42999267578125,144.4600067138672,144.39500427246094,144.44500732421875,37883
2026-08-13 14:30:00-04:00,144.4499969482422,144.47999572753906,144.21499633789062,144.25,107910
2026-08-13 14:35:00-04:00,144.25999450683594,144.27499389648438,144.1699981689453,144.24000549316406,103141
2026-08-13 14:40:00-04:00,144.22500610351562,144.2899932861328,144.22000122070312,144.24000549316406,62405
2026-08-13 14:45:00-04:00,144.25,144.25999450683594,144.2050018310547,144.24000549316406,49427
2026-08-13 14:50:00-04:00,144.25,144.27000427246094,144.1699981689453,144.22999572753906,77213
2026-08-13 14:55:00-04:00,144.22999572753906,144.25,144.16000366210938,144.23500061035156,63194
2026-08-13 15:00:00-04:00,144.24000549316406,144.27999877929688,144.1999969482422,144.2100067138672,50881
2026-08-13 15:05:00-04:00,144.21499633789062,144.3000030517578,144.13999938964844,144.25999450683594,49501
2026-08-13 15:10:00-04:00,144.25999450683594,144.35000610351562,144.22000122070312,144.35000610351562,45828
2026-08-13 15:15:00-04:00,144.38999938964844,144.4949951171875,144.35000610351562,144.4499969482422,98611
2026-08-13 15:20:00-04:00,144.4600067138672,144.49000549316406,144.35000610351562,144.4600067138672,55566
2026-08-13 15:25:00-04:00,144.46499633789062,144.58990478515625,144.42999267578125,144.44500732421875,87839
2026-08-13 15:30:00-04:00,144.4499969482422,144.63699340820312,144.43569946289062,144.5500030517578,134063
2026-08-13 15:35:00-04:00,144.5399932861328,144.5399932861328,144.38999938964844,144.4199981689453,90956
2026-08-13 15:40:00-04:00,144.41000366210938,144.5050048828125,144.30999755859375,144.42999267578125,130705
2026-08-13 15:45:00-04:00,144.39999389648438,144.4949951171875,144.38499450683594,144.39500427246094,160901
2026-08-13 15:50:00-04:00,144.40499877929688,144.41000366210938,144.1699981689453,144.3300018310547,270592
2026-08-13 15:55:00-04:00,144.35000610351562,144.4600067138672,144.16000366210938,144.27000427246094,804116
2026-08-14 09:30:00-04:00,144.3249969482422,144.4499969482422,144.0,144.41000366210938,204982
2026-08-14 09:35:00-04:00,144.4499969482422,144.47999572753906,144.11000061035156,144.2100067138672,86209
2026-08-14 09:40:00-04:00,144.1841278076172,144.3699951171875,144.0800018310547,144.1699981689453,63969
2026-08-14 09:45:00-04:00,144.1999969482422,144.25,143.80999755859375,144.15499877929688,134805
2026-08-14 09:50:00-04:00,144.13499450683594,144.4550018310547,144.0,144.35000610351562,97809
2026-08-14 09:55:00-04:00,144.3300018310547,144.4600067138672,144.22999572753906,144.3699951171875,88662
2026-08-14 10:00:00-04:00,144.32000732421875,144.4550018310547,144.12490844726562,144.23489379882812,96255
2026-08-14 10:05:00-04:00,144.2100067138672,144.25999450683594,143.75,143.875,179643
2026-08-14 10:10:00-04:00,143.83999633789062,143.85000610351562,143.4149932861328,143.52000427246094,151574
2026-08-14 10:15:00-04:00,143.5500030517578,144.10000610351562,143.5,144.08999633789062,240190
2026-08-14 10:20:00-04:00,144.10000610351562,144.14999389648438,143.8300018310547,144.10000610351562,65491
2026-08-14 10:25:00-04:00,144.0850067138672,144.0850067138672,143.8350067138672,143.99000549316406,53178
2026-08-14 10:30:00-04:00,143.99000549316406,144.02420043945312,143.69000244140625,143.74000549316406,94465
2026-08-14 10:35:00-04:00,143.75999450683594,143.80999755859375,143.6649932861328,143.6699981689453,67302
2026-08-14 10:40:00-04:00,143.67999267578125,143.74000549316406,143.57000732421875,143.69500732421875,78373
2026-08-14 10:45:00-04:00,143.72999572753906,143.86500549316406,143.6649932861328,143.83999633789062,64027
2026-08-14 10:50:00-04:00,143.82000732421875,143.92999267578125,143.72999572753906,143.82960510253906,55521
2026-08-14 10:55:00-04:00,143.80999755859375,143.92999267578125,143.65499877929688,143.92999267578125,59141
2026-08-14 11:00:00-04:00,143.92999267578125,144.08999633789062,143.89999389648438,144.02000427246094,60417
2026-08-14 11:05:00-04:00,144.0449981689453,144.1903076171875,144.04010009765625,144.13999938964844,50009
2026-08-14 11:10:00-04:00,144.1199951171875,144.17999267578125,144.08999633789062,144.16000366210938,42735
2026-08-14 11:15:00-04:00,144.13999938964844,144.19000244140625,144.08999633789062,144.11000061035156,48068
2026-08-14 11:20:00-04:00,144.1199951171875,144.31500244140625,144.08999633789062,144.30999755859375,76052
2026-08-14 11:25:00-04:00,144.30999755859375,144.40499877929688,144.27000427246094,144.30499267578125,47468
2026-08-14 11:30:00-04:00,144.32000732421875,144.39990234375,144.28500366210938,144.30499267578125,49301
2026-08-14 11:35:00-04:00,144.2899932861328,144.38999938964844,144.2899932861328,144.3699951171875,43617
2026-08-14 11:40:00-04:00,144.38999938964844,144.6300048828125,144.38999938964844,144.52999877929688,79558
2026-08-14 11:45:00-04:00,144.52999877929688,144.66000366210938,144.49569702148438,144.59500122070312,131334
2026-08-14 11:50:00-04:00,144.5800018310547,144.67999267578125,144.49000549316406,144.5850067138672,61278
2026-08-14 11:55:00-04:00,144.57000732421875,144.60000610351562,144.3800048828125,144.4199981689453,49695
2026-08-14 12:00:00-04:00,144.43499755859375,144.47000122070312,144.32009887695312,144.36000061035156,33342
2026-08-14 12:05:00-04:00,144.35499572753906,144.5399932861328,144.35499572753906,144.47000122070312,46517
2026-08-14 12:10:00-04:00,144.47000122070312,144.47000122070312,144.3800048828125,144.42999267578125,31647
2026-08-14 12:15:00-04:00,144.4499969482422,144.4600067138672,144.3699951171875,144.4149932861328,34970
2026-08-14 12:20:00-04:00,144.41000366210938,144.4499969482422,144.3249969482422,144.38999938964844,31587
2026-08-14 12:25:00-04:00,144.39999389648438,144.41000366210938,144.35499572753906,144.38499450683594,34787
2026-08-14 12:30:00-04:00,144.375,144.52000427246094,144.35499572753906,144.48500061035156,51403
2026-08-14 12:35:00-04:00,144.47999572753906,144.4882049560547,144.40499877929688,144.44500732421875,33662
2026-08-14 12:40:00-04:00,144.44000244140625,144.48500061035156,144.27000427246094,144.27999877929688,64550
2026-08-14 12:45:00-04:00,144.27999877929688,144.3551025390625,144.2449951171875,144.28500366210938,45512
2026-08-14 12:50:00-04:00,144.27999877929688,144.31500244140625,144.19500732421875,144.26499938964844,40407
2026-08-14 12:55:00-04:00,144.27000427246094,144.27999877929688,144.13999938964844,144.17999267578125,24322
2026-08-14 13:00:00-04:00,144.17999267578125,144.26499938964844,144.1699981689453,144.25999450683594,30764
2026-08-14 13:05:00-04:00,144.27999877929688,144.30990600585938,144.2550048828125,144.27000427246094,22877
2026-08-14 13:10:00-04:00,144.2899932861328,144.3350067138672,144.27000427246094,144.3350067138672,27764
2026-08-14 13:15:00-04:00,144.3350067138672,144.36000061035156,144.25999450683594,144.35000610351562,41803
2026-08-14 13:20:00-04:00,144.33999633789062,144.3596954345703,144.27999877929688,144.2899932861328,33460
2026-08-14 13:25:00-04:00,144.2949981689453,144.31350708007812,144.24000549316406,144.27499389648438,31176
2026-08-14 13:30:00-04:00,144.27499389648438,144.32809448242188,144.22999572753906,144.2449951171875,33757
2026-08-14 13:35:00-04:00,144.25,144.27000427246094,144.22999572753906,144.23500061035156,26632
2026-08-14 13:40:00-04:00,144.25,144.27000427246094,144.2100067138672,144.22999572753906,37315
2026-08-14 13:45:00-04:00,144.2417755126953,144.25,144.11000061035156,144.11000061035156,26723
2026-08-14 13:50:00-04:00,144.10499572753906,144.16859436035156,144.0850067138672,144.15499877929688,28086
2026-08-14 13:55:00-04:00,144.14999389648438,144.24000549316406,144.13999938964844,144.1999969482422,36151
2026-08-14 14:00:00-04:00,144.1999969482422,144.28500366210938,144.17999267578125,144.25,40128
2026-08-14 14:05:00-04:00,144.25,144.31900024414062,144.24000549316406,144.2949981689453,65288
2026-08-14 14:10:00-04:00,144.2949981689453,144.3800048828125,144.2899932861328,144.32000732421875,50253
2026-08-14 14:15:00-04:00,144.31500244140625,144.35499572753906,144.2917022705078,144.35000610351562,28177
2026-08-14 14:20:00-04:00,144.35000610351562,144.4550018310547,144.35000610351562,144.40499877929688,52629
2026-08-14 14:25:00-04:00,144.41000366210938,144.42999267578125,144.36500549316406,144.4199981689453,43592
2026-08-14 14:30:00-04:00,144.4199981689453,144.5601043701172,144.38999938964844,144.55499267578125,88623
2026-08-14 14:35:00-04:00,144.55999755859375,144.60000610351562,144.5500030517578,144.55499267578125,51668
2026-08-14 14:40:00-04:00,144.55499267578125,144.6300048828125,144.53500366210938,144.60000610351562,48201
2026-08-14 14:45:00-04:00,144.60009765625,144.6699981689453,144.60000610351562,144.61000061035156,54640
2026-08-14 14:50:00-04:00,144.61000061035156,144.72999572753906,144.61000061035156,144.6750030517578,49460
2026-08-14 14:55:00-04:00,144.6750030517578,144.77499389648438,144.6649932861328,144.6649932861328,72828
2026-08-14 15:00:00-04:00,144.6649932861328,144.7050018310547,144.60499572753906,144.6199951171875,52110
2026-08-14 15:05:00-04:00,144.6199951171875,144.6999969482422,144.57000732421875,144.6999969482422,61494
2026-08-14 15:10:00-04:00,144.6999969482422,144.75999450683594,144.66000366210938,144.7050018310547,54655
2026-08-14 15:15:00-04:00,144.7050018310547,144.72000122070312,144.5399932861328,144.5800018310547,67087
2026-08-14 15:20:00-04:00,144.5800018310547,144.61500549316406,144.5399932861328,144.58999633789062,72689
2026-08-14 15:25:00-04:00,144.5850067138672,144.63999938964844,144.56500244140625,144.60499572753906,61571
2026-08-14 15:30:00-04:00,144.61000061035156,144.75,144.61000061035156,144.69000244140625,87781
2026-08-14 15:35:00-04:00,144.69000244140625,144.75,144.625,144.6750030517578,68167
2026-08-14 15:40:00-04:00,144.6699981689453,144.85000610351562,144.66000366210938,144.8350067138672,104357
2026-08-14 15:45:00-04:00,144.8350067138672,144.86000061035156,144.6699981689453,144.6699981689453,124736
2026-08-14 15:50:00-04:00,144.67999267578125,144.8699951171875,144.63999938964844,144.85000610351562,178174
2026-08-14 15:55:00-04:00,144.83999633789062,144.90499877929688,144.52999877929688,144.5500030517578,532168
2026-08-17 09:30:00-04:00,143.63999938964844,143.97000122070312,143.02999877929688,143.70010375976562,521208
2026-08-17 09:35:00-04:00,143.5500030517578,143.7100067138672,143.22000122070312,143.68499755859375,114184
2026-08-17 09:40:00-04:00,143.69500732421875,143.75,143.13499450683594,143.61000061035156,86436
2026-08-17 09:45:00-04:00,143.6199951171875,143.64500427246094,143.11000061035156,143.22999572753906,100004
2026-08-17 09:50:00-04:00,143.25999450683594,143.5500030517578,143.125,143.22999572753906,84884
2026-08-17 09:55:00-04:00,143.2100067138672,143.33990478515625,143.11000061035156,143.31500244140625,80456
2026-08-17 10:00:00-04:00,143.30499267578125,143.6699981689453,143.27999877929688,143.41000366210938,111577
2026-08-17 10:05:00-04:00,143.41990661621094,143.52000427246094,143.3000030517578,143.47000122070312,58373
2026-08-17 10:10:00-04:00,143.42999267578125,143.4600067138672,143.2100067138672,143.39999389648438,97936
2026-08-17 10:15:00-04:00,143.40499877929688,143.50999450683594,143.3300018310547,143.5,56431
2026-08-17 10:20:00-04:00,143.52999877929688,143.5500030517578,143.25,143.27000427246094,66780
2026-08-17 10:25:00-04:00,143.2899932861328,143.36000061035156,143.19000244140625,143.2799072265625,59233
2026-08-17 10:30:00-04:00,143.3000030517578,143.50999450683594,143.3000030517578,143.42999267578125,67972
2026-08-17 10:35:00-04:00,143.42999267578125,143.4600067138672,143.13999938964844,143.19000244140625,114537
2026-08-17 10:40:00-04:00,143.17999267578125,143.2100067138672,142.97000122070312,142.98500061035156,114894
2026-08-17 10:45:00-04:00,142.99000549316406,143.13999938964844,142.99000549316406,143.0500030517578,72581
2026-08-17 10:50:00-04:00,143.0500030517578,143.28900146484375,143.0500030517578,143.125,77208
2026-08-17 10:55:00-04:00,143.11500549316406,143.1300048828125,142.9250030517578,143.02499389648438,116192
2026-08-17 11:00:00-04:00,143.02499389648438,143.05999755859375,142.75,142.8699951171875,96794
2026-08-17 11:05:00-04:00,142.8699951171875,142.875,142.55999755859375,142.69970703125,125023
2026-08-17 11:10:00-04:00,142.6699981689453,142.7292938232422,142.5500030517578,142.61000061035156,98341
2026-08-17 11:15:00-04:00,142.61000061035156,142.69000244140625,142.55999755859375,142.67999267578125,83043
2026-08-17 11:20:00-04:00,142.6699981689453,142.6999969482422,142.52000427246094,142.57510375976562,84416
2026-08-17 11:25:00-04:00,142.5749969482422,142.75,142.55999755859375,142.72999572753906,72629
2026-08-17 11:30:00-04:00,142.72999572753906,142.82000732421875,142.625,142.67999267578125,68269
2026-08-17 11:35:00-04:00,142.6699981689453,142.7550048828125,142.61000061035156,142.75,60126
2026-08-17 11:40:00-04:00,142.7449951171875,142.82000732421875,142.68499755859375,142.6999969482422,51428
2026-08-17 11:45:00-04:00,142.69000244140625,142.69000244140625,142.47999572753906,142.5800018310547,74192
2026-08-17 11:50:00-04:00,142.58999633789062,142.73500061035156,142.5749969482422,142.7100067138672,42853
2026-08-17 11:55:00-04:00,142.71499633789062,142.72000122070312,142.61000061035156,142.72000122070312,43019
2026-08-17 12:00:00-04:00,142.7100067138672,142.77999877929688,142.6815948486328,142.72999572753906,45386
2026-08-17 12:05:00-04:00,142.73500061035156,142.91000366210938,142.69000244140625,142.8699951171875,58822
2026-08-17 12:10:00-04:00,142.8699951171875,143.05999755859375,142.8699951171875,143.0500030517578,69192
2026-08-17 12:15:00-04:00,143.05499267578125,143.08999633789062,143.00999450683594,143.02000427246094,55670
2026-08-17 12:20:00-04:00,143.02000427246094,143.2550048828125,143.0,143.25,46179
2026-08-17 12:25:00-04:00,143.24000549316406,143.24000549316406,143.08999633789062,143.13999938964844,71387
2026-08-17 12:30:00-04:00,143.125,143.26499938964844,143.125,143.24000549316406,53905
2026-08-17 12:35:00-04:00,143.24000549316406,143.24000549316406,143.10000610351562,143.14999389648438,94424
2026-08-17 12:40:00-04:00,143.13259887695312,143.15879821777344,143.0500030517578,143.06500244140625,40491
2026-08-17 12:45:00-04:00,143.06500244140625,143.1300048828125,143.02166748046875,143.0500030517578,75423
2026-08-17 12:50:00-04:00,143.0500030517578,143.09800720214844,142.9250030517578,142.9250030517578,39413
2026-08-17 12:55:00-04:00,142.94000244140625,142.9550018310547,142.89500427246094,142.93499755859375,60541
2026-08-17 13:00:00-04:00,142.93499755859375,142.9949951171875,142.90499877929688,142.9199981689453,62649
2026-08-17 13:05:00-04:00,142.9199981689453,142.99000549316406,142.84500122070312,142.89999389648438,66532
2026-08-17 13:10:00-04:00,142.88999938964844,143.08999633789062,142.88999938964844,143.06759643554688,53583
2026-08-17 13:15:00-04:00,143.0749969482422,143.0800018310547,142.97000122070312,143.00999450683594,60003
2026-08-17 13:20:00-04:00,143.0,143.08419799804688,143.0,143.00999450683594,60929
2026-08-17 13:25:00-04:00,143.0,143.02999877929688,142.89999389648438,143.0,66204
2026-08-17 13:30:00-04:00,143.00999450683594,143.02000427246094,142.8800048828125,142.92489624023438,59243
2026-08-17 13:35:00-04:00,142.9199981689453,142.92999267578125,142.83999633789062,142.89999389648438,65510
2026-08-17 13:40:00-04:00,142.91000366210938,142.92999267578125,142.83999633789062,142.83999633789062,41714
2026-08-17 13:45:00-04:00,142.8249969482422,142.94000244140625,142.77000427246094,142.82000732421875,61603
2026-08-17 13:50:00-04:00,142.8300018310547,142.8350067138672,142.77000427246094,142.77999877929688,42791
2026-08-17 13:55:00-04:00,142.77999877929688,142.8699951171875,142.75,142.8699951171875,68599
2026-08-17 14:00:00-04:00,142.8800048828125,143.02499389648438,142.8800048828125,143.0,56017
2026-08-17 14:05:00-04:00,142.9907989501953,143.1999969482422,142.99000549316406,143.125,67739
2026-08-17 14:10:00-04:00,143.1300048828125,143.3000030517578,143.1300048828125,143.27499389648438,69503
2026-08-17 14:15:00-04:00,143.27999877929688,143.27999877929688,143.0800018310547,143.1300048828125,47448
2026-08-17 14:20:00-04:00,143.1199951171875,143.14999389648438,143.0749969482422,143.0749969482422,38354
2026-08-17 14:25:00-04:00,143.07000732421875,143.1300048828125,143.00100708007812,143.0850067138672,53405
2026-08-17 14:30:00-04:00,143.08999633789062,143.10000610351562,143.00999450683594,143.05999755859375,46663
2026-08-17 14:35:00-04:00,143.05999755859375,143.0800018310547,142.9149932861328,142.94500732421875,59744
2026-08-17 14:40:00-04:00,142.94000244140625,142.94000244140625,142.8249969482422,142.86000061035156,80445
2026-08-17 14:45:00-04:00,142.86000061035156,142.88999938964844,142.72500610351562,142.81500244140625,84187
2026-08-17 14:50:00-04:00,142.80999755859375,142.8300018310547,142.74000549316406,142.80499267578125,53462
2026-08-17 14:55:00-04:00,142.8000030517578,142.82510375976562,142.75,142.75,59725
2026-08-17 15:00:00-04:00,142.74000549316406,142.8249969482422,142.71499633789062,142.81500244140625,70003
2026-08-17 15:05:00-04:00,142.82000732421875,142.9600067138672,142.81500244140625,142.9499969482422,58685
2026-08-17 15:10:00-04:00,142.9499969482422,143.1815948486328,142.93499755859375,143.1815948486328,88763
2026-08-17 15:15:00-04:00,143.19000244140625,143.2100067138672,143.07000732421875,143.13999938964844,83103
2026-08-17 15:20:00-04:00,143.14999389648438,143.3000030517578,143.1300048828125,143.15499877929688,78768
2026-08-17 15:25:00-04:00,143.16000366210938,143.17999267578125,143.02000427246094,143.10000610351562,76697
2026-08-17 15:30:00-04:00,143.1199951171875,143.13999938964844,142.9199981689453,142.9600067138672,113869
2026-08-17 15:35:00-04:00,142.95700073242188,142.97999572753906,142.83999633789062,142.86500549316406,84956
2026-08-17 15:40:00-04:00,142.85000610351562,142.97000122070312,142.77999877929688,142.97000122070312,104818
2026-08-17 15:45:00-04:00,142.97999572753906,143.14010620117188,142.97500610351562,143.14010620117188,135502
2026-08-17 15:50:00-04:00,143.1300048828125,143.25,143.0399932861328,143.0399932861328,182507
2026-08-17 15:55:00-04:00,143.05999755859375,143.2050018310547,142.97999572753906,143.1300048828125,526571
2026-08-18 09:30:00-04:00,143.27999877929688,144.32220458984375,143.14999389648438,143.44000244140625,721431
2026-08-18 09:35:00-04:00,143.3699951171875,143.4499969482422,142.67999267578125,142.80999755859375,169167
2026-08-18 09:40:00-04:00,142.80999755859375,143.3000030517578,142.72000122070312,143.3000030517578,199321
2026-08-18 09:45:00-04:00,143.2949981689453,143.7899932861328,143.2949981689453,143.55499267578125,166513
2026-08-18 09:50:00-04:00,143.5749969482422,143.6199951171875,143.30999755859375,143.30999755859375,88047
2026-08-18 09:55:00-04:00,143.30999755859375,143.5500030517578,143.1999969482422,143.25999450683594,96037
2026-08-18 10:00:00-04:00,143.22000122070312,143.32000732421875,143.07000732421875,143.27000427246094,85545
2026-08-18 10:05:00-04:00,143.27999877929688,143.60000610351562,143.27000427246094,143.5500030517578,75369
2026-08-18 10:10:00-04:00,143.57000732421875,143.6999969482422,143.30999755859375,143.5,133399
2026-08-18 10:15:00-04:00,143.52000427246094,143.66000366210938,143.5050048828125,143.55999755859375,61236
2026-08-18 10:20:00-04:00,143.55999755859375,143.63999938964844,143.43499755859375,143.48500061035156,83501
2026-08-18 10:25:00-04:00,143.4949951171875,143.52999877929688,143.1300048828125,143.14999389648438,64185
2026-08-18 10:30:00-04:00,143.10000610351562,143.3000030517578,143.0449981689453,143.2899932861328,84301
2026-08-18 10:35:00-04:00,143.3000030517578,143.67999267578125,143.23500061035156,143.67999267578125,80278
2026-08-18 10:40:00-04:00,143.69000244140625,143.85000610351562,143.58999633789062,143.83009338378906,102446
2026-08-18 10:45:00-04:00,143.85000610351562,144.05999755859375,143.83999633789062,144.02259826660156,222840
2026-08-18 10:50:00-04:00,144.0050048828125,144.42080688476562,144.0050048828125,144.23060607910156,90573
2026-08-18 10:55:00-04:00,144.27499389648438,144.32000732421875,144.1699981689453,144.27999877929688,129721
2026-08-18 11:00:00-04:00,144.2949981689453,144.3800048828125,144.15499877929688,144.2899932861328,136373
2026-08-18 11:05:00-04:00,144.27000427246094,144.36000061035156,144.17999267578125,144.3000030517578,119562
2026-08-18 11:10:00-04:00,144.30999755859375,144.36419677734375,144.07000732421875,144.0800018310547,93086
2026-08-18 11:15:00-04:00,144.05999755859375,144.13999938964844,143.92999267578125,144.1199951171875,73097
2026-08-18 11:20:00-04:00,144.125,144.13999938964844,143.72500610351562,143.7550048828125,69067
2026-08-18 11:25:00-04:00,143.75,143.75,143.60000610351562,143.6750030517578,57020
2026-08-18 11:30:00-04:00,143.69000244140625,143.7100067138672,143.3699951171875,143.39999389648438,98316
2026-08-18 11:35:00-04:00,143.41000366210938,143.72500610351562,143.40499877929688,143.72000122070312,84558
2026-08-18 11:40:00-04:00,143.71499633789062,143.76499938964844,143.531005859375,143.5449981689453,57270
2026-08-18 11:45:00-04:00,143.5500030517578,143.72500610351562,143.5399932861328,143.69000244140625,76514
2026-08-18 11:50:00-04:00,143.6999969482422,143.74000549316406,143.5399932861328,143.57009887695312,60829
2026-08-18 11:55:00-04:00,143.57000732421875,143.57000732421875,143.4499969482422,143.52000427246094,84522
2026-08-18 12:00:00-04:00,143.52000427246094,143.69000244140625,143.50999450683594,143.67999267578125,61515
2026-08-18 12:05:00-04:00,143.68499755859375,143.78500366210938,143.6300048828125,143.6929931640625,65897
2026-08-18 12:10:00-04:00,143.72500610351562,143.7899932861328,143.6999969482422,143.6999969482422,87149
2026-08-18 12:15:00-04:00,143.7100067138672,143.8000030517578,143.6829071044922,143.77000427246094,55968
2026-08-18 12:20:00-04:00,143.7899932861328,144.0,143.6990966796875,143.91000366210938,99187
2026-08-18 12:25:00-04:00,143.89999389648438,143.91000366210938,143.7899932861328,143.86000061035156,54061
2026-08-18 12:30:00-04:00,143.86000061035156,143.94000244140625,143.81500244140625,143.89500427246094,45687
2026-08-18 12:35:00-04:00,143.88499450683594,143.93499755859375,143.85499572753906,143.87989807128906,45891
2026-08-18 12:40:00-04:00,143.8699951171875,143.8800048828125,143.77499389648438,143.77499389648438,61751
2026-08-18 12:45:00-04:00,143.77999877929688,143.85000610351562,143.7100067138672,143.74000549316406,51611
2026-08-18 12:50:00-04:00,143.72999572753906,143.8000030517578,143.63499450683594,143.70509338378906,119521
2026-08-18 12:55:00-04:00,143.6999969482422,143.77999877929688,143.67999267578125,143.68499755859375,68198
2026-08-18 13:00:00-04:00,143.69000244140625,143.74000549316406,143.52999877929688,143.57000732421875,45142
2026-08-18 13:05:00-04:00,143.58999633789062,143.64999389648438,143.57000732421875,143.60499572753906,46386
2026-08-18 13:10:00-04:00,143.61000061035156,143.63999938964844,143.5449981689453,143.61500549316406,53200
2026-08-18 13:15:00-04:00,143.6199951171875,143.6855010986328,143.61000061035156,143.65020751953125,49648
2026-08-18 13:20:00-04:00,143.64500427246094,143.66839599609375,143.57000732421875,143.58999633789062,55787
2026-08-18 13:25:00-04:00,143.5850067138672,143.5886993408203,143.4199981689453,143.4499969482422,77197
2026-08-18 13:30:00-04:00,143.4499969482422,143.49249267578125,143.4149932861328,143.42999267578125,61716
2026-08-18 13:35:00-04:00,143.4499969482422,143.5399932861328,143.42999267578125,143.49000549316406,64079
2026-08-18 13:40:00-04:00,143.52999877929688,143.57000732421875,143.4777069091797,143.4777069091797,50736
2026-08-18 13:45:00-04:00,143.47999572753906,143.60000610351562,143.42999267578125,143.55499267578125,52618
2026-08-18 13:50:00-04:00,143.55499267578125,143.5850067138672,143.5,143.5449981689453,58101
2026-08-18 13:55:00-04:00,143.55999755859375,143.63499450683594,143.5500030517578,143.6300048828125,56880
2026-08-18 14:00:00-04:00,143.63999938964844,143.74000549316406,143.5749969482422,143.6649932861328,85825
2026-08-18 14:05:00-04:00,143.66000366210938,143.8249969482422,143.6199951171875,143.8000030517578,85788
2026-08-18 14:10:00-04:00,143.8000030517578,143.8699951171875,143.7449951171875,143.86500549316406,67127
2026-08-18 14:15:00-04:00,143.8699951171875,143.8699951171875,143.74000549316406,143.74000549316406,70320
2026-08-18 14:20:00-04:00,143.73500061035156,143.85000610351562,143.6999969482422,143.77000427246094,54299
2026-08-18 14:25:00-04:00,143.75999450683594,143.7899932861328,143.72000122070312,143.7550048828125,70157
2026-08-18 14:30:00-04:00,143.75,143.80999755859375,143.7100067138672,143.78500366210938,48832
2026-08-18 14:35:00-04:00,143.78500366210938,143.78500366210938,143.68499755859375,143.68499755859375,47802
2026-08-18 14:40:00-04:00,143.69000244140625,143.8000030517578,143.6699981689453,143.72000122070312,60961
2026-08-18 14:45:00-04:00,143.71910095214844,143.71910095214844,143.60000610351562,143.6490936279297,51989
2026-08-18 14:50:00-04:00,143.64500427246094,143.7100067138672,143.58999633789062,143.7050018310547,43386
2026-08-18 14:55:00-04:00,143.7100067138672,143.7301025390625,143.5850067138672,143.60000610351562,48750
2026-08-18 15:00:00-04:00,143.61000061035156,143.6822052001953,143.5500030517578,143.64500427246094,121902
2026-08-18 15:05:00-04:00,143.6383056640625,143.6750030517578,143.5850067138672,143.66000366210938,51290
2026-08-18 15:10:00-04:00,143.66000366210938,143.6649932861328,143.46499633789062,143.46499633789062,86487
2026-08-18 15:15:00-04:00,143.4600067138672,143.8300018310547,143.4250030517578,143.8300018310547,88341
2026-08-18 15:20:00-04:00,143.8249969482422,143.8249969482422,143.7050018310547,143.72500610351562,90370
2026-08-18 15:25:00-04:00,143.7100067138672,143.73500061035156,143.5399932861328,143.5500030517578,89142
2026-08-18 15:30:00-04:00,143.55999755859375,143.61500549316406,143.47500610351562,143.5299072265625,125888
2026-08-18 15:35:00-04:00,143.52999877929688,143.5500030517578,143.33999633789062,143.40499877929688,110900
2026-08-18 15:40:00-04:00,143.40499877929688,143.40499877929688,143.16000366210938,143.21499633789062,147933
2026-08-18 15:45:00-04:00,143.1999969482422,143.33999633789062,143.1699981689453,143.2899932861328,159421
2026-08-18 15:50:00-04:00,143.27000427246094,143.5399932861328,143.2100067138672,143.4199981689453,205577
2026-08-18 15:55:00-04:00,143.41000366210938,143.64999389648438,143.2949981689453,143.4600067138672,954527
2026-08-19 09:30:00-04:00,144.3000030517578,144.8000030517578,143.6199951171875,144.8000030517578,440983
2026-08-19 09:35:00-04:00,144.8300018310547,145.24000549316406,144.6199951171875,145.14500427246094,229714
2026-08-19 09:40:00-04:00,145.14500427246094,145.24000549316406,144.89999389648438,145.07000732421875,117124
2026-08-19 09:45:00-04:00,145.07000732421875,145.72999572753906,144.8300018310547,145.42999267578125,141377
2026-08-19 09:50:00-04:00,145.4600067138672,146.11000061035156,145.34500122070312,146.08999633789062,184882
2026-08-19 09:55:00-04:00,146.11500549316406,146.1999969482422,145.47999572753906,145.57000732421875,143528
2026-08-19 10:00:00-04:00,145.86000061035156,145.9499969482422,145.5449981689453,145.71499633789062,101662
2026-08-19 10:05:00-04:00,145.72500610351562,145.97999572753906,145.55999755859375,145.90499877929688,113538
2026-08-19 10:10:00-04:00,145.91000366210938,146.22500610351562,145.91000366210938,146.0800018310547,131316
2026-08-19 10:15:00-04:00,146.05999755859375,146.1300048828125,145.6999969482422,146.0749969482422,104634
2026-08-19 10:20:00-04:00,146.10499572753906,146.17999267578125,145.81500244140625,145.8800048828125,84164
2026-08-19 10:25:00-04:00,145.8800048828125,145.9499969482422,145.35499572753906,145.375,75352
2026-08-19 10:30:00-04:00,145.35000610351562,145.50999450683594,145.1999969482422,145.47500610351562,80278
2026-08-19 10:35:00-04:00,145.47000122070312,145.5,145.1199951171875,145.1199951171875,65295
2026-08-19 10:40:00-04:00,145.11000061035156,145.4499969482422,145.02000427246094,145.38499450683594,80084
2026-08-19 10:45:00-04:00,145.36000061035156,145.5500030517578,145.25999450683594,145.36000061035156,66281
2026-08-19 10:50:00-04:00,145.3699951171875,145.41000366210938,145.0850067138672,145.17999267578125,69789
2026-08-19 10:55:00-04:00,145.1699981689453,145.33999633789062,145.08999633789062,145.3300018310547,72415
2026-08-19 11:00:00-04:00,145.3350067138672,145.61000061035156,145.27000427246094,145.61000061035156,79930
2026-08-19 11:05:00-04:00,145.61000061035156,145.6750030517578,145.27000427246094,145.41000366210938,2461998
2026-08-19 11:10:00-04:00,145.41000366210938,145.4149932861328,145.17999267578125,145.2550048828125,79108
2026-08-19 11:15:00-04:00,145.27000427246094,145.3350067138672,145.10499572753906,145.1699981689453,83249
2026-08-19 11:20:00-04:00,145.1699981689453,145.2100067138672,145.02999877929688,145.1649932861328,77236
2026-08-19 11:25:00-04:00,145.17999267578125,145.19000244140625,144.8350067138672,144.85499572753906,59353
2026-08-19 11:30:00-04:00,144.85499572753906,144.9801025390625,144.72999572753906,144.8300018310547,64161
2026-08-19 11:35:00-04:00,144.84500122070312,144.86000061035156,144.6300048828125,144.63999938964844,63011
2026-08-19 11:40:00-04:00,144.63999938964844,144.64999389648438,144.3300018310547,144.33999633789062,64545
2026-08-19 11:45:00-04:00,144.33999633789062,144.4600067138672,144.23500061035156,144.4600067138672,103715
2026-08-19 11:50:00-04:00,144.47999572753906,144.50999450683594,144.32000732421875,144.4499969482422,52212
2026-08-19 11:55:00-04:00,144.4499969482422,144.47500610351562,144.3300018310547,144.4499969482422,39816
2026-08-19 12:00:00-04:00,144.47500610351562,144.50999450683594,144.22000122070312,144.3000030517578,62622
2026-08-19 12:05:00-04:00,144.27999877929688,144.3300018310547,144.11000061035156,144.1300048828125,65269
2026-08-19 12:10:00-04:00,144.11000061035156,144.22999572753906,144.06500244140625,144.1699981689453,80599
2026-08-19 12:15:00-04:00,144.17999267578125,144.19000244140625,144.02999877929688,144.0800018310547,70577
2026-08-19 12:20:00-04:00,144.07000732421875,144.07000732421875,143.84500122070312,143.89999389648438,80968
2026-08-19 12:25:00-04:00,143.89999389648438,144.00999450683594,143.89999389648438,143.99000549316406,86658
2026-08-19 12:30:00-04:00,143.99000549316406,144.1300048828125,143.9600067138672,144.1300048828125,85305
2026-08-19 12:35:00-04:00,144.13499450683594,144.13999938964844,143.97000122070312,144.0500030517578,52545
2026-08-19 12:40:00-04:00,144.05499267578125,144.10000610351562,143.89450073242188,144.0500030517578,78249
2026-08-19 12:45:00-04:00,144.0500030517578,144.27999877929688,144.0399932861328,144.25999450683594,86249
2026-08-19 12:50:00-04:00,144.26010131835938,144.3000030517578,144.08999633789062,144.08999633789062,79437
2026-08-19 12:55:00-04:00,144.08724975585938,144.13999938964844,143.97999572753906,144.13499450683594,153985
2026-08-19 13:00:00-04:00,144.13949584960938,144.19000244140625,143.92999267578125,143.94500732421875,100019
2026-08-19 13:05:00-04:00,143.93499755859375,144.02000427246094,143.8699951171875,144.02000427246094,96348
2026-08-19 13:10:00-04:00,144.02000427246094,144.13499450683594,143.96499633789062,144.13499450683594,90602
2026-08-19 13:15:00-04:00,144.13999938964844,144.22500610351562,144.13999938964844,144.2050018310547,55879
2026-08-19 13:20:00-04:00,144.2050018310547,144.35000610351562,144.2050018310547,144.3000030517578,71533
2026-08-19 13:25:00-04:00,144.2899932861328,144.35000610351562,144.24000549316406,144.25999450683594,56408
2026-08-19 13:30:00-04:00,144.27000427246094,144.2899932861328,144.1699981689453,144.2100067138672,56479
2026-08-19 13:35:00-04:00,144.22000122070312,144.27000427246094,144.17999267578125,144.25999450683594,64105
2026-08-19 13:40:00-04:00,144.25,144.30999755859375,144.17999267578125,144.2899932861328,77338
2026-08-19 13:45:00-04:00,144.2899932861328,144.38999938964844,144.27999877929688,144.32000732421875,61542
2026-08-19 13:50:00-04:00,144.32000732421875,144.33999633789062,144.26499938964844,144.27099609375,58300
2026-08-19 13:55:00-04:00,144.2899932861328,144.2899932861328,144.19000244140625,144.27000427246094,59486
2026-08-19 14:00:00-04:00,144.27000427246094,144.39999389648438,144.24000549316406,144.3874969482422,94314
2026-08-19 14:05:00-04:00,144.38499450683594,144.59500122070312,144.38499450683594,144.5299072265625,71402
2026-08-19 14:10:00-04:00,144.50999450683594,144.72999572753906,144.49070739746094,144.64999389648438,1331472
2026-08-19 14:15:00-04:00,144.63999938964844,144.72999572753906,144.52999877929688,144.60000610351562,101488
2026-08-19 14:20:00-04:00,144.58999633789062,144.63999938964844,144.5500030517578,144.5800018310547,81064
2026-08-19 14:25:00-04:00,144.58999633789062,144.66000366210938,144.52999877929688,144.61000061035156,92161
2026-08-19 14:30:00-04:00,144.58999633789062,144.61000061035156,144.49000549316406,144.5800018310547,60807
2026-08-19 14:35:00-04:00,144.5850067138672,144.6999969482422,144.57000732421875,144.6699981689453,70012
2026-08-19 14:40:00-04:00,144.67999267578125,144.6999969482422,144.52000427246094,144.54750061035156,53342
2026-08-19 14:45:00-04:00,144.5500030517578,144.64999389648438,144.5500030517578,144.63999938964844,73148
2026-08-19 14:50:00-04:00,144.63999938964844,144.77000427246094,144.6199951171875,144.72500610351562,99661
2026-08-19 14:55:00-04:00,144.74000549316406,144.9199981689453,144.7100067138672,144.80999755859375,92357
2026-08-19 15:00:00-04:00,144.8300018310547,144.85000610351562,144.71499633789062,144.73699951171875,92726
2026-08-19 15:05:00-04:00,144.75999450683594,144.75999450683594,144.61000061035156,144.6999969482422,69532
2026-08-19 15:10:00-04:00,144.6999969482422,144.8350067138672,144.6300048828125,144.75,101850
2026-08-19 15:15:00-04:00,144.74000549316406,145.00999450683594,144.6699981689453,144.97999572753906,61999
2026-08-19 15:20:00-04:00,144.9600067138672,145.02999877929688,144.8800048828125,144.9149932861328,72442
2026-08-19 15:25:00-04:00,144.8800048828125,144.92999267578125,144.74000549316406,144.8800048828125,84484
2026-08-19 15:30:00-04:00,144.8800048828125,144.9499969482422,144.67999267578125,144.7899932861328,102550
2026-08-19 15:35:00-04:00,144.7899932861328,144.82000732421875,144.66000366210938,144.72000122070312,102449
2026-08-19 15:40:00-04:00,144.72000122070312,144.77000427246094,144.64500427246094,144.67999267578125,110618
2026-08-19 15:45:00-04:00,144.67999267578125,144.72000122070312,144.52000427246094,144.55499267578125,240027
2026-08-19 15:50:00-04:00,144.55999755859375,144.61000061035156,144.25,144.35000610351562,241554
2026-08-19 15:55:00-04:00,144.33999633789062,144.55999755859375,144.22999572753906,144.40499877929688,866096
2026-08-20 09:30:00-04:00,144.47000122070312,144.47000122070312,143.38999938964844,144.44000244140625,1643681
2026-08-20 09:35:00-04:00,144.47000122070312,144.75999450683594,144.11000061035156,144.30990600585938,116647
2026-08-20 09:40:00-04:00,144.1978302001953,144.60000610351562,144.0500030517578,144.4600067138672,96266
2026-08-20 09:45:00-04:00,144.4199981689453,144.8800048828125,144.38999938964844,144.58999633789062,146656
2026-08-20 09:50:00-04:00,144.60000610351562,144.9199981689453,144.58999633789062,144.7050018310547,176880
2026-08-20 09:55:00-04:00,144.69000244140625,144.74000549316406,144.02000427246094,144.0800018310547,112225
2026-08-20 10:00:00-04:00,144.0500030517578,144.19000244140625,143.9199981689453,144.0800018310547,112863
2026-08-20 10:05:00-04:00,144.0749969482422,144.11000061035156,143.83999633789062,143.89999389648438,88785
2026-08-20 10:10:00-04:00,143.88999938964844,143.9320068359375,143.63999938964844,143.74000549316406,101971
2026-08-20 10:15:00-04:00,143.75999450683594,143.89999389648438,143.67999267578125,143.8000030517578,94360
2026-08-20 10:20:00-04:00,143.80999755859375,143.82000732421875,143.32000732421875,143.34849548339844,130923
2026-08-20 10:25:00-04:00,143.32000732421875,143.35000610351562,143.14999389648438,143.17550659179688,91573
2026-08-20 10:30:00-04:00,143.13999938964844,143.21949768066406,142.82000732421875,142.91000366210938,97199
2026-08-20 10:35:00-04:00,142.91000366210938,142.9949951171875,142.77000427246094,142.9199981689453,134057
2026-08-20 10:40:00-04:00,142.94000244140625,143.02999877929688,142.8000030517578,142.8350067138672,92364
2026-08-20 10:45:00-04:00,142.83999633789062,143.0399932861328,142.8300018310547,143.0050048828125,86514
2026-08-20 10:50:00-04:00,143.0,143.00999450683594,142.69000244140625,142.6999969482422,101329
2026-08-20 10:55:00-04:00,142.6999969482422,142.77999877929688,142.55999755859375,142.72999572753906,122393
2026-08-20 11:00:00-04:00,142.77000427246094,142.80999755859375,142.63999938964844,142.8000030517578,210751
2026-08-20 11:05:00-04:00,142.77999877929688,142.99000549316406,142.72500610351562,142.8000030517578,276209
2026-08-20 11:10:00-04:00,142.78500366210938,142.8800048828125,142.69140625,142.77999877929688,161544
2026-08-20 11:15:00-04:00,142.77999877929688,143.02999877929688,142.77499389648438,142.8699951171875,190060
2026-08-20 11:20:00-04:00,142.8800048828125,142.9499969482422,142.80999755859375,142.88999938964844,124548
2026-08-20 11:25:00-04:00,142.88499450683594,142.99000549316406,142.8332061767578,142.97000122070312,114790
2026-08-20 11:30:00-04:00,142.97000122070312,143.2050018310547,142.84500122070312,142.97000122070312,166071
2026-08-20 11:35:00-04:00,142.97000122070312,143.10000610351562,142.9499969482422,143.00999450683594,86902
2026-08-20 11:40:00-04:00,143.02000427246094,143.02999877929688,142.85000610351562,142.8800048828125,115617
2026-08-20 11:45:00-04:00,142.89500427246094,142.9250030517578,142.7449951171875,142.9199981689453,81240
2026-08-20 11:50:00-04:00,142.94000244140625,142.9499969482422,142.74000549316406,142.78500366210938,84965
2026-08-20 11:55:00-04:00,142.77999877929688,142.7949981689453,142.63999938964844,142.7100067138672,76675
2026-08-20 12:00:00-04:00,142.72000122070312,142.94000244140625,142.7050018310547,142.94000244140625,61994
2026-08-20 12:05:00-04:00,142.94500732421875,143.25999450683594,142.94000244140625,143.1999969482422,103344
2026-08-20 12:10:00-04:00,143.17999267578125,143.40499877929688,143.1699981689453,143.33999633789062,61717
2026-08-20 12:15:00-04:00,143.33999633789062,143.53500366210938,143.32000732421875,143.4600067138672,69879
2026-08-20 12:20:00-04:00,143.4499969482422,143.47000122070312,143.35000610351562,143.38999938964844,68559
2026-08-20 12:25:00-04:00,143.3800048828125,143.39999389648438,143.22000122070312,143.2550048828125,73101
2026-08-20 12:30:00-04:00,143.2550048828125,143.34500122070312,143.1750030517578,143.1750030517578,53668
2026-08-20 12:35:00-04:00,143.1699981689453,143.2637939453125,143.125,143.13999938964844,78013
2026-08-20 12:40:00-04:00,143.13999938964844,143.27999877929688,143.11000061035156,143.27000427246094,60220
2026-08-20 12:45:00-04:00,143.27000427246094,143.30999755859375,143.17999267578125,143.2550048828125,51454
2026-08-20 12:50:00-04:00,143.25,143.41000366210938,143.2205047607422,143.32000732421875,68797
2026-08-20 12:55:00-04:00,143.3000030517578,143.33035278320312,143.19000244140625,143.22500610351562,49845
2026-08-20 13:00:00-04:00,143.22000122070312,143.32000732421875,143.17999267578125,143.25999450683594,56841
2026-08-20 13:05:00-04:00,143.25999450683594,143.2949981689453,143.1999969482422,143.2899932861328,74906
2026-08-20 13:10:00-04:00,143.2899932861328,143.33999633789062,143.22999572753906,143.25999450683594,107274
2026-08-20 13:15:00-04:00,143.27000427246094,143.27999877929688,143.16000366210938,143.16000366210938,68007
2026-08-20 13:20:00-04:00,143.14999389648438,143.24000549316406,143.0800018310547,143.0800018310547,76885
2026-08-20 13:25:00-04:00,143.08999633789062,143.1300048828125,142.97999572753906,143.1199951171875,86308
2026-08-20 13:30:00-04:00,143.13999938964844,143.19000244140625,143.07000732421875,143.07000732421875,63940
2026-08-20 13:35:00-04:00,143.0500030517578,143.14500427246094,143.0399932861328,143.07000732421875,40927
2026-08-20 13:40:00-04:00,143.07000732421875,143.13999938964844,143.0500030517578,143.13999938964844,44113
2026-08-20 13:45:00-04:00,143.13999938964844,143.13999938964844,142.9550018310547,143.023193359375,53390
2026-08-20 13:50:00-04:00,143.00999450683594,143.1300048828125,142.97000122070312,143.1199951171875,38653
2026-08-20 13:55:00-04:00,143.1199951171875,143.1199951171875,143.03500366210938,143.0399932861328,50917
2026-08-20 14:00:00-04:00,143.0399932861328,143.05999755859375,142.92999267578125,143.01499938964844,83369
2026-08-20 14:05:00-04:00,143.02999877929688,143.10000610351562,142.98500061035156,143.06500244140625,68618
2026-08-20 14:10:00-04:00,143.07000732421875,143.08999633789062,143.02000427246094,143.02000427246094,42509
2026-08-20 14:15:00-04:00,143.00999450683594,143.07000732421875,142.90499877929688,142.9600067138672,56519
2026-08-20 14:20:00-04:00,142.96499633789062,143.06500244140625,142.9600067138672,143.03500366210938,55370
2026-08-20 14:25:00-04:00,143.02999877929688,143.02999877929688,142.94740295410156,142.97999572753906,58354
2026-08-20 14:30:00-04:00,142.97999572753906,143.0998992919922,142.9499969482422,143.07000732421875,56406
2026-08-20 14:35:00-04:00,143.05999755859375,143.11000061035156,143.00999450683594,143.02999877929688,67338
2026-08-20 14:40:00-04:00,142.97500610351562,143.05499267578125,142.9600067138672,143.01499938964844,68101
2026-08-20 14:45:00-04:00,143.00999450683594,143.06500244140625,142.9600067138672,143.0500946044922,87123
2026-08-20 14:50:00-04:00,143.0500030517578,143.14500427246094,143.02459716796875,143.11700439453125,56636
2026-08-20 14:55:00-04:00,143.10000610351562,143.2100067138672,143.04010009765625,143.08999633789062,52277
2026-08-20 15:00:00-04:00,143.0800018310547,143.0800018310547,142.875,142.9600067138672,72390
2026-08-20 15:05:00-04:00,142.9600067138672,143.05999755859375,142.92010498046875,143.05999755859375,62712
2026-08-20 15:10:00-04:00,143.05499267578125,143.0800018310547,142.85499572753906,142.89500427246094,70144
2026-08-20 15:15:00-04:00,142.88999938964844,142.89999389648438,142.75999450683594,142.8350067138672,97707
2026-08-20 15:20:00-04:00,142.8350067138672,142.9250030517578,142.81500244140625,142.85000610351562,111213
2026-08-20 15:25:00-04:00,142.83999633789062,142.85000610351562,142.73500061035156,142.77000427246094,107181
2026-08-20 15:30:00-04:00,142.75999450683594,143.21499633789062,142.72999572753906,143.0399932861328,145615
2026-08-20 15:35:00-04:00,143.0500030517578,143.23500061035156,143.031005859375,143.13999938964844,95352
2026-08-20 15:40:00-04:00,143.13999938964844,143.35000610351562,143.05999755859375,143.35000610351562,118343
2026-08-20 15:45:00-04:00,143.35000610351562,143.4499969482422,143.24000549316406,143.33999633789062,201137
2026-08-20 15:50:00-04:00,143.30999755859375,143.4199981689453,143.24000549316406,143.3699951171875,293738
2026-08-20 15:55:00-04:00,143.36000061035156,143.41000366210938,142.8699951171875,143.0,568396
2026-08-21 09:30:00-04:00,143.02000427246094,143.36900329589844,142.13999938964844,142.28500366210938,2106889
2026-08-21 09:35:00-04:00,142.32000732421875,142.88999938964844,142.14999389648438,142.8000030517578,162984
2026-08-21 09:40:00-04:00,142.82716369628906,143.3325958251953,142.73500061035156,143.3325958251953,79487
2026-08-21 09:45:00-04:00,143.3300018310547,143.3300018310547,143.1300048828125,143.17999267578125,66726
2026-08-21 09:50:00-04:00,143.2050018310547,143.5,143.16000366210938,143.1699981689453,84518
2026-08-21 09:55:00-04:00,143.19000244140625,143.3249969482422,142.9199981689453,143.0399932861328,69592
2026-08-21 10:00:00-04:00,143.08999633789062,143.51499938964844,143.0,143.5,66786
2026-08-21 10:05:00-04:00,143.5500030517578,143.6199951171875,143.1199951171875,143.25,94511
2026-08-21 10:10:00-04:00,143.25999450683594,143.72999572753906,143.0800018310547,143.49000549316406,436409
2026-08-21 10:15:00-04:00,143.53500366210938,143.88999938964844,143.44000244140625,143.88999938964844,134555
2026-08-21 10:20:00-04:00,143.88079833984375,143.98500061035156,143.6999969482422,143.74000549316406,72989
2026-08-21 10:25:00-04:00,143.75999450683594,143.7899932861328,143.4600067138672,143.68499755859375,51307
2026-08-21 10:30:00-04:00,143.6999969482422,143.82000732421875,143.57000732421875,143.71499633789062,58039
2026-08-21 10:35:00-04:00,143.6999969482422,143.91000366210938,143.6300048828125,143.8800048828125,48809
2026-08-21 10:40:00-04:00,143.89500427246094,144.10499572753906,143.8350067138672,143.9586944580078,146671
2026-08-21 10:45:00-04:00,143.9600067138672,144.0500030517578,143.89010620117188,143.9499969482422,67512
2026-08-21 10:50:00-04:00,143.94000244140625,144.03500366210938,143.89500427246094,143.9300994873047,106958
2026-08-21 10:55:00-04:00,143.94500732421875,143.97000122070312,143.8300018310547,143.8800048828125,74761
2026-08-21 11:00:00-04:00,143.88499450683594,144.05999755859375,143.83999633789062,144.00999450683594,82014
2026-08-21 11:05:00-04:00,144.0,144.1750030517578,143.94000244140625,143.9600067138672,75709
2026-08-21 11:10:00-04:00,143.94000244140625,144.0399932861328,143.74000549316406,143.75,43032
2026-08-21 11:15:00-04:00,143.76499938964844,143.8699951171875,143.7100067138672,143.79010009765625,143486
2026-08-21 11:20:00-04:00,143.7899932861328,143.85499572753906,143.74000549316406,143.85000610351562,123740
2026-08-21 11:25:00-04:00,143.85499572753906,143.99000549316406,143.75999450683594,143.99000549316406,156015
2026-08-21 11:30:00-04:00,143.98500061035156,144.0399932861328,143.9199981689453,143.98500061035156,79939
2026-08-21 11:35:00-04:00,143.99000549316406,144.2711944580078,143.9600067138672,144.18499755859375,114705
2026-08-21 11:40:00-04:00,144.18499755859375,144.42999267578125,144.05999755859375,144.38510131835938,103358
2026-08-21 11:45:00-04:00,144.38999938964844,144.55999755859375,144.38999938964844,144.5449981689453,54644
2026-08-21 11:50:00-04:00,144.5449981689453,144.6300048828125,144.50999450683594,144.58999633789062,52639
2026-08-21 11:55:00-04:00,144.58999633789062,144.66000366210938,144.4499969482422,144.6580047607422,65170
2026-08-21 12:00:00-04:00,144.67999267578125,144.77999877929688,144.67999267578125,144.74000549316406,36236
2026-08-21 12:05:00-04:00,144.74000549316406,144.93499755859375,144.63999938964844,144.9199981689453,55289
2026-08-21 12:10:00-04:00,144.9499969482422,145.00999450683594,144.83999633789062,144.9149932861328,61545
2026-08-21 12:15:00-04:00,144.89999389648438,144.90499877929688,144.7100067138672,144.8000030517578,63424
2026-08-21 12:20:00-04:00,144.82000732421875,144.8300018310547,144.69500732421875,144.7449951171875,54698
2026-08-21 12:25:00-04:00,144.7449951171875,144.7449951171875,144.60000610351562,144.610107421875,64496
2026-08-21 12:30:00-04:00,144.61669921875,144.61669921875,144.36000061035156,144.5,65882
2026-08-21 12:35:00-04:00,144.47999572753906,144.66000366210938,144.47000122070312,144.64999389648438,57659
2026-08-21 12:40:00-04:00,144.66000366210938,144.72999572753906,144.58999633789062,144.68499755859375,35489
2026-08-21 12:45:00-04:00,144.68499755859375,144.77499389648438,144.64999389648438,144.77000427246094,36224
2026-08-21 12:50:00-04:00,144.75999450683594,144.9199981689453,144.72999572753906,144.86500549316406,55335
2026-08-21 12:55:00-04:00,144.86500549316406,145.10000610351562,144.86000061035156,145.0500946044922,54396
2026-08-21 13:00:00-04:00,145.07000732421875,145.13499450683594,144.8699951171875,145.1300048828125,49816
2026-08-21 13:05:00-04:00,145.1300048828125,145.27000427246094,145.10000610351562,145.1750030517578,66140
2026-08-21 13:10:00-04:00,145.19000244140625,145.27000427246094,145.13999938964844,145.19000244140625,34149
2026-08-21 13:15:00-04:00,145.1999969482422,145.24000549316406,145.05999755859375,145.08999633789062,43475
2026-08-21 13:20:00-04:00,145.10000610351562,145.25,145.0800018310547,145.1699981689453,40544
2026-08-21 13:25:00-04:00,145.1750030517578,145.22999572753906,145.11000061035156,145.11000061035156,30362
2026-08-21 13:30:00-04:00,145.10000610351562,145.14999389648438,145.0449981689453,145.08999633789062,44096
2026-08-21 13:35:00-04:00,145.08999633789062,145.13499450683594,144.97999572753906,144.97999572753906,43564
2026-08-21 13:40:00-04:00,144.9600067138672,145.09500122070312,144.9600067138672,145.0500030517578,35734
2026-08-21 13:45:00-04:00,145.05499267578125,145.08999633789062,145.00999450683594,145.04010009765625,29546
2026-08-21 13:50:00-04:00,145.03500366210938,145.0399932861328,144.97000122070312,144.97999572753906,46091
2026-08-21 13:55:00-04:00,144.97999572753906,145.05999755859375,144.9600067138672,145.0500030517578,45774
2026-08-21 14:00:00-04:00,145.05999755859375,145.0800018310547,144.97999572753906,145.02999877929688,46066
2026-08-21 14:05:00-04:00,145.02000427246094,145.0399932861328,144.88999938964844,144.88999938964844,47583
2026-08-21 14:10:00-04:00,144.88999938964844,144.99000549316406,144.85000610351562,144.99000549316406,48128
2026-08-21 14:15:00-04:00,144.97999572753906,144.99000549316406,144.86500549316406,144.91000366210938,39603
2026-08-21 14:20:00-04:00,144.91000366210938,144.9499969482422,144.875,144.88999938964844,41055
2026-08-21 14:25:00-04:00,144.89999389648438,144.94500732421875,144.875,144.9199981689453,46689
2026-08-21 14:30:00-04:00,144.9149932861328,144.9949951171875,144.91000366210938,144.97999572753906,48207
2026-08-21 14:35:00-04:00,144.97999572753906,145.0050048828125,144.9199981689453,144.97000122070312,72382
2026-08-21 14:40:00-04:00,144.9600067138672,145.02999877929688,144.92999267578125,145.00999450683594,57113
2026-08-21 14:45:00-04:00,145.0,145.0500030517578,144.9250030517578,145.0500030517578,47114
2026-08-21 14:50:00-04:00,145.0449981689453,145.0500030517578,144.9777069091797,145.0050048828125,56825
2026-08-21 14:55:00-04:00,145.00999450683594,145.02000427246094,144.83999633789062,144.96499633789062,45245
2026-08-21 15:00:00-04:00,144.97000122070312,145.00999450683594,144.88999938964844,144.94000244140625,43114
2026-08-21 15:05:00-04:00,144.93150329589844,145.05499267578125,144.9199981689453,144.97999572753906,49636
2026-08-21 15:10:00-04:00,144.97999572753906,145.01499938964844,144.9250030517578,144.94000244140625,38596
2026-08-21 15:15:00-04:00,144.93499755859375,144.97999572753906,144.83999633789062,144.8975067138672,92495
2026-08-21 15:20:00-04:00,144.9199981689453,145.00999450683594,144.89500427246094,144.99899291992188,55764
2026-08-21 15:25:00-04:00,144.9949951171875,145.0,144.89999389648438,144.98500061035156,53850
2026-08-21 15:30:00-04:00,144.99000549316406,145.0500030517578,144.69200134277344,144.6999969482422,88913
2026-08-21 15:35:00-04:00,144.6999969482422,144.8249969482422,144.5800018310547,144.8000030517578,64626
2026-08-21 15:40:00-04:00,144.7899932861328,144.9550018310547,144.75999450683594,144.9199981689453,73276
2026-08-21 15:45:00-04:00,144.9199981689453,144.94000244140625,144.72999572753906,144.7449951171875,120528
2026-08-21 15:50:00-04:00,144.72999572753906,144.7899932861328,144.58999633789062,144.77000427246094,141828
2026-08-21 15:55:00-04:00,144.77999877929688,144.88999938964844,144.64999389648438,144.69000244140625,457083
2026-08-24 09:30:00-04:00,145.24000549316406,146.14999389648438,145.0,145.7559051513672,230682
2026-08-24 09:35:00-04:00,145.8300018310547,146.02999877929688,145.39999389648438,145.83999633789062,56425
2026-08-24 09:40:00-04:00,145.92999267578125,146.5709991455078,145.92999267578125,146.3800048828125,56068
2026-08-24 09:45:00-04:00,146.38999938964844,146.60000610351562,146.25999450683594,146.4499969482422,77201
2026-08-24 09:50:00-04:00,146.50999450683594,146.68499755859375,146.4149932861328,146.5500030517578,56469
2026-08-24 09:55:00-04:00,146.53500366210938,146.53500366210938,146.10000610351562,146.22000122070312,56451
2026-08-24 10:00:00-04:00,146.22000122070312,146.49000549316406,146.19000244140625,146.41000366210938,62260
2026-08-24 10:05:00-04:00,146.41000366210938,146.6199951171875,146.2899932861328,146.60000610351562,56008
2026-08-24 10:10:00-04:00,146.6300048828125,146.6699981689453,146.35499572753906,146.5050048828125,933794
2026-08-24 10:15:00-04:00,146.4600067138672,146.7899932861328,146.42999267578125,146.77999877929688,72811
2026-08-24 10:20:00-04:00,146.77499389648438,146.79600524902344,146.5800018310547,146.6999969482422,45630
2026-08-24 10:25:00-04:00,146.68499755859375,146.7476043701172,146.5,146.55999755859375,55635
2026-08-24 10:30:00-04:00,146.57000732421875,146.67111206054688,146.3524932861328,146.39999389648438,83086
2026-08-24 10:35:00-04:00,146.39999389648438,146.58999633789062,146.3699951171875,146.53500366210938,37294
2026-08-24 10:40:00-04:00,146.5500030517578,146.61000061035156,146.47500610351562,146.61000061035156,37789
2026-08-24 10:45:00-04:00,146.60499572753906,146.63999938964844,146.1833038330078,146.19500732421875,43599
2026-08-24 10:50:00-04:00,146.22500610351562,146.2899932861328,146.14999389648438,146.25999450683594,37430
2026-08-24 10:55:00-04:00,146.25999450683594,146.375,146.2100067138672,146.2550048828125,39419
2026-08-24 11:00:00-04:00,146.17999267578125,146.26499938964844,146.12249755859375,146.22999572753906,48516
2026-08-24 11:05:00-04:00,146.21499633789062,146.35000610351562,146.1699981689453,146.24000549316406,52128
2026-08-24 11:10:00-04:00,146.27000427246094,146.27499389648438,146.1300048828125,146.27499389648438,48685
2026-08-24 11:15:00-04:00,146.27499389648438,146.389892578125,146.25999450683594,146.36000061035156,46827
2026-08-24 11:20:00-04:00,146.36500549316406,146.45159912109375,146.3000030517578,146.4149932861328,56423
2026-08-24 11:25:00-04:00,146.42999267578125,146.42999267578125,146.25999450683594,146.3000030517578,1582122
2026-08-24 11:30:00-04:00,146.30499267578125,146.3800048828125,146.1999969482422,146.25999450683594,43952
2026-08-24 11:35:00-04:00,146.27499389648438,146.31539916992188,146.1501007080078,146.22999572753906,49528
2026-08-24 11:40:00-04:00,146.22000122070312,146.35000610351562,145.93499755859375,145.96499633789062,72519
2026-08-24 11:45:00-04:00,145.9600067138672,145.9600067138672,145.78500366210938,145.8300018310547,54805
2026-08-24 11:50:00-04:00,145.82000732421875,145.89990234375,145.75999450683594,145.83999633789062,51318
2026-08-24 11:55:00-04:00,145.8699951171875,146.02999877929688,145.8699951171875,145.9949951171875,56603
2026-08-24 12:00:00-04:00,145.98500061035156,146.1199951171875,145.97000122070312,146.0,57154
2026-08-24 12:05:00-04:00,146.01499938964844,146.11000061035156,145.89500427246094,145.99000549316406,51832
2026-08-24 12:10:00-04:00,145.97999572753906,146.11990356445312,145.9499969482422,145.99000549316406,63198
2026-08-24 12:15:00-04:00,145.97000122070312,145.97999572753906,145.8699951171875,145.9001007080078,37958
2026-08-24 12:20:00-04:00,145.9199981689453,145.9499969482422,145.81500244140625,145.88499450683594,39700
2026-08-24 12:25:00-04:00,145.88999938964844,145.91000366210938,145.82000732421875,145.83999633789062,37823
2026-08-24 12:30:00-04:00,145.83999633789062,145.92999267578125,145.8000030517578,145.89999389648438,34073
2026-08-24 12:35:00-04:00,145.89999389648438,145.92999267578125,145.83999633789062,145.84500122070312,45027
2026-08-24 12:40:00-04:00,145.83999633789062,145.84030151367188,145.77000427246094,145.77000427246094,28634
2026-08-24 12:45:00-04:00,145.74000549316406,145.7991943359375,145.67999267578125,145.67999267578125,26599
2026-08-24 12:50:00-04:00,145.69000244140625,145.82000732421875,145.69000244140625,145.80499267578125,24080
2026-08-24 12:55:00-04:00,145.8000030517578,145.81500244140625,145.75999450683594,145.77999877929688,28219
2026-08-24 13:00:00-04:00,145.78500366210938,145.91000366210938,145.75,145.75999450683594,35259
2026-08-24 13:05:00-04:00,145.75999450683594,145.75999450683594,145.6649932861328,145.75,2430731
2026-08-24 13:10:00-04:00,145.72999572753906,145.75,145.64999389648438,145.71499633789062,102659
2026-08-24 13:15:00-04:00,145.71499633789062,145.86000061035156,145.71499633789062,145.83999633789062,69809
2026-08-24 13:20:00-04:00,145.85000610351562,145.85000610351562,145.5500030517578,145.5500030517578,59700
2026-08-24 13:25:00-04:00,145.57000732421875,145.6199951171875,145.52999877929688,145.55999755859375,42452
2026-08-24 13:30:00-04:00,145.52999877929688,145.6699981689453,145.52000427246094,145.6649932861328,37093
2026-08-24 13:35:00-04:00,145.6699981689453,145.72000122070312,145.63999938964844,145.6699981689453,36788
2026-08-24 13:40:00-04:00,145.67999267578125,145.72000122070312,145.63510131835938,145.72000122070312,28484
2026-08-24 13:45:00-04:00,145.72999572753906,145.73500061035156,145.52999877929688,145.63999938964844,40442
2026-08-24 13:50:00-04:00,145.66000366210938,145.8300018310547,145.64999389648438,145.80499267578125,52612
2026-08-24 13:55:00-04:00,145.80499267578125,145.875,145.8000030517578,145.875,34497
2026-08-24 14:00:00-04:00,145.875,145.9600067138672,145.7949981689453,145.9600067138672,59381
2026-08-24 14:05:00-04:00,145.8699951171875,146.0,145.8300018310547,145.8800048828125,35611
2026-08-24 14:10:00-04:00,145.86500549316406,146.02999877929688,145.86000061035156,146.02999877929688,29621
2026-08-24 14:15:00-04:00,146.02000427246094,146.07000732421875,145.9499969482422,146.0500030517578,31578
2026-08-24 14:20:00-04:00,146.0500030517578,146.05499267578125,145.88999938964844,145.88999938964844,33031
2026-08-24 14:25:00-04:00,145.89999389648438,146.00999450683594,145.85009765625,146.00999450683594,48083
2026-08-24 14:30:00-04:00,145.9949951171875,146.0399932861328,145.9600067138672,145.96499633789062,41718
2026-08-24 14:35:00-04:00,145.9600067138672,145.9864959716797,145.92999267578125,145.97500610351562,60024
2026-08-24 14:40:00-04:00,145.97999572753906,146.0399932861328,145.9600067138672,146.02999877929688,63097
2026-08-24 14:45:00-04:00,146.02999877929688,146.05999755859375,145.99000549316406,146.0,38343
2026-08-24 14:50:00-04:00,146.0,146.02999877929688,145.94000244140625,145.9600067138672,41103
2026-08-24 14:55:00-04:00,145.9600067138672,146.10560607910156,145.9600067138672,146.0449981689453,60105
2026-08-24 15:00:00-04:00,146.0449981689453,146.08999633789062,145.9499969482422,145.9600067138672,70470
2026-08-24 15:05:00-04:00,145.9656982421875,146.0,145.9199981689453,145.92520141601562,56535
2026-08-24 15:10:00-04:00,145.94000244140625,146.02999877929688,145.9199981689453,146.0,55636
2026-08-24 15:15:00-04:00,146.0050048828125,146.1300048828125,146.0,146.07000732421875,127033
2026-08-24 15:20:00-04:00,146.07000732421875,146.14999389648438,146.02499389648438,146.13499450683594,84133
2026-08-24 15:25:00-04:00,146.1300048828125,146.1699981689453,146.0800018310547,146.16000366210938,64123
2026-08-24 15:30:00-04:00,146.16000366210938,146.36000061035156,146.1199951171875,146.3300018310547,90242
2026-08-24 15:35:00-04:00,146.35000610351562,146.36000061035156,146.24000549316406,146.32000732421875,66725
2026-08-24 15:40:00-04:00,146.33999633789062,146.34500122070312,146.25999450683594,146.32000732421875,81405
2026-08-24 15:45:00-04:00,146.32000732421875,146.4199981689453,146.19000244140625,146.24000549316406,121046
2026-08-24 15:50:00-04:00,146.25,146.47999572753906,146.22000122070312,146.36000061035156,231731
2026-08-24 15:55:00-04:00,146.35000610351562,146.69000244140625,146.11000061035156,146.60000610351562,462572
2026-08-25 09:30:00-04:00,145.72999572753906,146.1199951171875,145.5500030517578,145.5500030517578,3201855
2026-08-25 09:35:00-04:00,145.52000427246094,145.8350067138672,145.4600067138672,145.72000122070312,58477
2026-08-25 09:40:00-04:00,145.7126922607422,145.7126922607422,145.0399932861328,145.11000061035156,45551
2026-08-25 09:45:00-04:00,145.08999633789062,145.2299041748047,144.97000122070312,145.08999633789062,69908
2026-08-25 09:50:00-04:00,145.13999938964844,145.27999877929688,144.9499969482422,145.27999877929688,46963
2026-08-25 09:55:00-04:00,145.27499389648438,145.47500610351562,145.27499389648438,145.33999633789062,47472
2026-08-25 10:00:00-04:00,145.35000610351562,145.74989318847656,145.3350067138672,145.67999267578125,50655
2026-08-25 10:05:00-04:00,145.6699981689453,145.7949981689453,145.55999755859375,145.75999450683594,54962
2026-08-25 10:10:00-04:00,145.7449951171875,145.77999877929688,145.3699951171875,145.57000732421875,44668
2026-08-25 10:15:00-04:00,145.58999633789062,145.85499572753906,145.52999877929688,145.85000610351562,52844
2026-08-25 10:20:00-04:00,145.8300018310547,145.8800048828125,145.66000366210938,145.80999755859375,78252
2026-08-25 10:25:00-04:00,145.80999755859375,145.80999755859375,145.5800018310547,145.72999572753906,39942
2026-08-25 10:30:00-04:00,145.67999267578125,145.80999755859375,145.5,145.50999450683594,63785
2026-08-25 10:35:00-04:00,145.50999450683594,145.50999450683594,145.35000610351562,145.47000122070312,33675
2026-08-25 10:40:00-04:00,145.49000549316406,145.69500732421875,145.49000549316406,145.60000610351562,29861
2026-08-25 10:45:00-04:00,145.60000610351562,145.66000366210938,145.42999267578125,145.4600067138672,52069
2026-08-25 10:50:00-04:00,145.4600067138672,145.5500030517578,145.36000061035156,145.53500366210938,25248
2026-08-25 10:55:00-04:00,145.5399932861328,145.58999633789062,145.3800048828125,145.41650390625,46910
2026-08-25 11:00:00-04:00,145.4199981689453,145.4683074951172,145.3300018310547,145.3800048828125,29390
2026-08-25 11:05:00-04:00,145.36000061035156,145.5,145.3000030517578,145.39999389648438,36951
2026-08-25 11:10:00-04:00,145.41000366210938,145.5500030517578,145.3699951171875,145.38999938964844,28833
2026-08-25 11:15:00-04:00,145.38499450683594,145.39999389648438,145.19000244140625,145.24000549316406,244589
2026-08-25 11:20:00-04:00,145.25999450683594,145.32000732421875,145.1999969482422,145.23500061035156,44305
2026-08-25 11:25:00-04:00,145.23500061035156,145.28500366210938,145.11000061035156,145.17999267578125,64015
2026-08-25 11:30:00-04:00,145.19500732421875,145.28379821777344,145.0850067138672,145.25999450683594,65908
2026-08-25 11:35:00-04:00,145.26499938964844,145.31500244140625,145.2100067138672,145.3000030517578,136611
2026-08-25 11:40:00-04:00,145.30999755859375,145.35499572753906,145.3000030517578,145.3300018310547,34923
2026-08-25 11:45:00-04:00,145.3249969482422,145.33999633789062,145.25,145.25999450683594,34032
2026-08-25 11:50:00-04:00,145.27000427246094,145.34950256347656,145.23500061035156,145.32000732421875,39949
2026-08-25 11:55:00-04:00,145.31500244140625,145.38999938964844,145.20010375976562,145.30499267578125,36647
2026-08-25 12:00:00-04:00,145.32000732421875,145.34500122070312,145.24000549316406,145.28115844726562,34002
2026-08-25 12:05:00-04:00,145.25059509277344,145.31500244140625,145.22000122070312,145.3000030517578,28720
2026-08-25 12:10:00-04:00,145.3000030517578,145.4149932861328,145.27999877929688,145.3925018310547,34755
2026-08-25 12:15:00-04:00,145.38999938964844,145.38999938964844,145.22999572753906,145.25,40678
2026-08-25 12:20:00-04:00,145.25,145.25999450683594,145.07000732421875,145.1300048828125,48808
2026-08-25 12:25:00-04:00,145.14500427246094,145.16000366210938,145.10000610351562,145.16000366210938,35264
2026-08-25 12:30:00-04:00,145.16000366210938,145.36000061035156,145.16000366210938,145.3406982421875,39972
2026-08-25 12:35:00-04:00,145.3551025390625,145.4499969482422,145.30999755859375,145.38059997558594,37198
2026-08-25 12:40:00-04:00,145.38999938964844,145.4499969482422,145.36500549316406,145.3699951171875,48841
2026-08-25 12:45:00-04:00,145.38450622558594,145.47999572753906,145.37159729003906,145.37159729003906,34777
2026-08-25 12:50:00-04:00,145.3800048828125,145.3800048828125,145.3300018310547,145.3350067138672,32423
2026-08-25 12:55:00-04:00,145.33999633789062,145.34500122070312,145.2899932861328,145.32000732421875,27063
2026-08-25 13:00:00-04:00,145.3249969482422,145.3699951171875,145.22059631347656,145.3699951171875,41381
2026-08-25 13:05:00-04:00,145.34500122070312,145.38499450683594,145.2899932861328,145.35499572753906,19753
2026-08-25 13:10:00-04:00,145.35000610351562,145.4199981689453,145.35000610351562,145.36000061035156,31784
2026-08-25 13:15:00-04:00,145.36500549316406,145.44500732421875,145.36000061035156,145.44500732421875,26942
2026-08-25 13:20:00-04:00,145.4550018310547,145.4550018310547,145.2449951171875,145.25999450683594,38933
2026-08-25 13:25:00-04:00,145.25999450683594,145.33999633789062,145.2449951171875,145.3300018310547,35100
2026-08-25 13:30:00-04:00,145.3350067138672,145.4250030517578,145.3350067138672,145.34500122070312,37026
2026-08-25 13:35:00-04:00,145.35000610351562,145.39500427246094,145.27000427246094,145.3000030517578,41698
2026-08-25 13:40:00-04:00,145.3000030517578,145.41000366210938,145.27999877929688,145.40499877929688,36799
2026-08-25 13:45:00-04:00,145.39999389648438,145.41000366210938,145.27000427246094,145.2899932861328,57775
2026-08-25 13:50:00-04:00,145.2949981689453,145.5,145.2949981689453,145.46009826660156,72823
2026-08-25 13:55:00-04:00,145.4700927734375,145.5,145.3800048828125,145.44000244140625,27698
2026-08-25 14:00:00-04:00,145.44000244140625,145.55999755859375,145.42999267578125,145.4886932373047,112549
2026-08-25 14:05:00-04:00,145.47999572753906,145.55999755859375,145.47500610351562,145.52000427246094,23526
2026-08-25 14:10:00-04:00,145.53500366210938,145.5850067138672,145.5,145.5800018310547,36994
2026-08-25 14:15:00-04:00,145.5800018310547,145.5800018310547,145.4199981689453,145.4499969482422,38121
2026-08-25 14:20:00-04:00,145.44000244140625,145.44540405273438,145.3800048828125,145.42999267578125,50978
2026-08-25 14:25:00-04:00,145.42999267578125,145.44000244140625,145.3300018310547,145.36000061035156,48294
2026-08-25 14:30:00-04:00,145.36000061035156,145.47000122070312,145.32000732421875,145.4499969482422,40315
2026-08-25 14:35:00-04:00,145.4600067138672,145.49000549316406,145.3800048828125,145.4499969482422,38229
2026-08-25 14:40:00-04:00,145.4550018310547,145.60000610351562,145.45010375976562,145.53500366210938,34661
2026-08-25 14:45:00-04:00,145.53500366210938,145.5435028076172,145.34500122070312,145.4250030517578,49882
2026-08-25 14:50:00-04:00,145.4250030517578,145.4499969482422,145.30870056152344,145.36000061035156,125090
2026-08-25 14:55:00-04:00,145.35000610351562,145.36000061035156,145.25999450683594,145.3574981689453,26762
2026-08-25 15:00:00-04:00,145.38499450683594,145.42999267578125,145.3612060546875,145.42999267578125,48211
2026-08-25 15:05:00-04:00,145.4199981689453,145.42999267578125,145.3300018310547,145.33999633789062,57269
2026-08-25 15:10:00-04:00,145.33999633789062,145.375,145.3000030517578,145.3000030517578,51418
2026-08-25 15:15:00-04:00,145.27499389648438,145.3574981689453,145.25999450683594,145.31109619140625,67836
2026-08-25 15:20:00-04:00,145.31500244140625,145.4550018310547,145.31500244140625,145.39999389648438,100306
2026-08-25 15:25:00-04:00,145.39999389648438,145.47000122070312,145.39500427246094,145.4199981689453,57221
2026-08-25 15:30:00-04:00,145.41099548339844,145.44500732421875,145.25,145.27000427246094,68389
2026-08-25 15:35:00-04:00,145.25999450683594,145.27000427246094,145.13999938964844,145.1699981689453,100145
2026-08-25 15:40:00-04:00,145.18499755859375,145.2100067138672,145.1199951171875,145.1999969482422,101123
2026-08-25 15:45:00-04:00,145.1999969482422,145.2050018310547,145.0399932861328,145.18499755859375,121927
2026-08-25 15:50:00-04:00,145.1699981689453,145.5,145.0800018310547,145.42999267578125,246499
2026-08-25 15:55:00-04:00,145.4199981689453,145.44000244140625,145.1999969482422,145.4199981689453,603771
2026-08-26 09:30:00-04:00,145.25,145.9315948486328,145.13999938964844,145.33999633789062,264777
2026-08-26 09:35:00-04:00,145.36000061035156,145.60000610351562,145.1999969482422,145.36500549316406,47866
2026-08-26 09:40:00-04:00,145.3831024169922,145.40499877929688,144.89999389648438,145.07000732421875,55308
2026-08-26 09:45:00-04:00,145.0749969482422,145.10000610351562,144.8800048828125,144.9199981689453,51592
2026-08-26 09:50:00-04:00,144.92999267578125,144.9949951171875,144.73500061035156,144.93499755859375,60710
2026-08-26 09:55:00-04:00,144.91000366210938,145.01499938964844,144.8000030517578,144.90499877929688,40959
2026-08-26 10:00:00-04:00,144.875,145.14500427246094,144.7899932861328,145.14500427246094,42619
2026-08-26 10:05:00-04:00,145.2100067138672,145.25,145.11000061035156,145.19000244140625,39943
2026-08-26 10:10:00-04:00,145.17999267578125,145.27000427246094,145.0800018310547,145.13999938964844,54260
2026-08-26 10:15:00-04:00,145.15499877929688,145.27349853515625,145.08999633789062,145.19500732421875,46912
2026-08-26 10:20:00-04:00,145.1999969482422,145.41000366210938,145.15499877929688,145.3699951171875,61200
2026-08-26 10:25:00-04:00,145.3699951171875,145.4499969482422,145.1300048828125,145.16000366210938,112256
2026-08-26 10:30:00-04:00,145.1898956298828,145.1898956298828,144.89999389648438,144.9001007080078,946835
2026-08-26 10:35:00-04:00,144.89999389648438,144.97999572753906,144.82000732421875,144.9600067138672,43680
2026-08-26 10:40:00-04:00,144.97500610351562,145.10000610351562,144.83450317382812,145.06500244140625,40479
2026-08-26 10:45:00-04:00,145.02999877929688,145.05999755859375,144.83999633789062,144.9499969482422,39383
2026-08-26 10:50:00-04:00,144.92999267578125,144.9499969482422,144.5399932861328,144.63999938964844,120620
2026-08-26 10:55:00-04:00,144.63999938964844,144.8699951171875,144.61500549316406,144.86000061035156,61334
2026-08-26 11:00:00-04:00,144.85000610351562,145.00999450683594,144.85000610351562,144.9600067138672,50474
2026-08-26 11:05:00-04:00,144.97000122070312,145.3699951171875,144.9600067138672,145.2100067138672,87338
2026-08-26 11:10:00-04:00,145.19500732421875,145.22500610351562,145.11000061035156,145.11000061035156,32567
2026-08-26 11:15:00-04:00,145.1300048828125,145.17860412597656,144.99000549316406,145.1199951171875,72110
2026-08-26 11:20:00-04:00,145.11500549316406,145.19000244140625,145.02389526367188,145.05999755859375,58643
2026-08-26 11:25:00-04:00,145.10499572753906,145.19000244140625,145.05999755859375,145.13499450683594,40672
2026-08-26 11:30:00-04:00,145.14010620117188,145.22000122070312,145.11500549316406,145.14999389648438,43235
2026-08-26 11:35:00-04:00,145.14500427246094,145.15499877929688,144.95010375976562,145.05499267578125,45267
2026-08-26 11:40:00-04:00,145.05999755859375,145.14500427246094,145.00999450683594,145.13999938964844,111410
2026-08-26 11:45:00-04:00,145.13499450683594,145.16000366210938,145.0,145.0800018310547,51186
2026-08-26 11:50:00-04:00,145.08009338378906,145.10000610351562,144.8300018310547,144.85000610351562,46729
2026-08-26 11:55:00-04:00,144.86500549316406,144.8699951171875,144.77999877929688,144.83999633789062,28510
2026-08-26 12:00:00-04:00,144.82000732421875,144.8300018310547,144.60000610351562,144.61000061035156,39004
2026-08-26 12:05:00-04:00,144.625,144.66000366210938,144.5,144.5399932861328,60048
2026-08-26 12:10:00-04:00,144.5500030517578,144.7899932861328,144.5019989013672,144.7899932861328,138328
2026-08-26 12:15:00-04:00,144.81500244140625,144.8699951171875,144.75,144.77499389648438,24650
2026-08-26 12:20:00-04:00,144.77499389648438,144.80999755859375,144.64999389648438,144.6999969482422,30052
2026-08-26 12:25:00-04:00,144.6999969482422,144.8000030517578,144.64999389648438,144.77999877929688,21154
2026-08-26 12:30:00-04:00,144.78500366210938,144.85000610351562,144.77000427246094,144.85000610351562,16963
2026-08-26 12:35:00-04:00,144.84010314941406,144.8699951171875,144.69000244140625,144.75999450683594,38078
2026-08-26 12:40:00-04:00,144.77999877929688,144.8699951171875,144.77049255371094,144.86000061035156,20419
2026-08-26 12:45:00-04:00,144.86000061035156,144.97500610351562,144.8300018310547,144.92999267578125,31828
2026-08-26 12:50:00-04:00,144.9199981689453,144.99000549316406,144.9199981689453,144.99000549316406,29355
2026-08-26 12:55:00-04:00,144.97500610351562,145.0,144.91810607910156,144.96170043945312,33271
2026-08-26 13:00:00-04:00,144.9499969482422,145.05499267578125,144.9199981689453,145.05499267578125,34925
2026-08-26 13:05:00-04:00,145.05499267578125,145.16000366210938,145.00999450683594,145.14999389648438,48411
2026-08-26 13:10:00-04:00,145.14999389648438,145.16000366210938,145.0800018310547,145.10000610351562,39731
2026-08-26 13:15:00-04:00,145.11000061035156,145.1199951171875,145.02999877929688,145.07000732421875,24517
2026-08-26 13:20:00-04:00,145.05999755859375,145.13999938964844,145.05499267578125,145.13999938964844,32739
2026-08-26 13:25:00-04:00,145.13999938964844,145.14999389648438,145.08999633789062,145.08999633789062,42787
2026-08-26 13:30:00-04:00,145.0800018310547,145.1300048828125,145.02000427246094,145.1300048828125,112158
2026-08-26 13:35:00-04:00,145.1300048828125,145.14999389648438,145.07000732421875,145.08999633789062,23950
2026-08-26 13:40:00-04:00,145.08999633789062,145.110107421875,145.0500030517578,145.10000610351562,33850
2026-08-26 13:45:00-04:00,145.10499572753906,145.1199951171875,145.0,145.02000427246094,55244
2026-08-26 13:50:00-04:00,145.00999450683594,145.00999450683594,144.92999267578125,144.94000244140625,12727
2026-08-26 13:55:00-04:00,144.9459991455078,145.02000427246094,144.9149932861328,144.94000244140625,44968
2026-08-26 14:00:00-04:00,144.9499969482422,144.98570251464844,144.92999267578125,144.9499969482422,22217
2026-08-26 14:05:00-04:00,145.0050048828125,145.00999450683594,144.91000366210938,144.97000122070312,23843
2026-08-26 14:10:00-04:00,144.96499633789062,145.0,144.93499755859375,144.97000122070312,20899
2026-08-26 14:15:00-04:00,144.97000122070312,145.0,144.89999389648438,144.97999572753906,33739
2026-08-26 14:20:00-04:00,144.97000122070312,144.97999572753906,144.84010314941406,144.85000610351562,32421
2026-08-26 14:25:00-04:00,144.83999633789062,144.86000061035156,144.77000427246094,144.8300018310547,26340
2026-08-26 14:30:00-04:00,144.8300018310547,144.8800048828125,144.8000030517578,144.8699951171875,32499
2026-08-26 14:35:00-04:00,144.875,144.93499755859375,144.80499267578125,144.89999389648438,24027
2026-08-26 14:40:00-04:00,144.9199981689453,144.94000244140625,144.875,144.89999389648438,32909
2026-08-26 14:45:00-04:00,144.91000366210938,144.96499633789062,144.8699951171875,144.92999267578125,22368
2026-08-26 14:50:00-04:00,144.9250030517578,144.98500061035156,144.89500427246094,144.92999267578125,28913
2026-08-26 14:55:00-04:00,144.92030334472656,144.9250030517578,144.83009338378906,144.86000061035156,38981
2026-08-26 15:00:00-04:00,144.8699951171875,144.88999938964844,144.80999755859375,144.85000610351562,29090
2026-08-26 15:05:00-04:00,144.83999633789062,144.88999938964844,144.8000030517578,144.86000061035156,44653
2026-08-26 15:10:00-04:00,144.86000061035156,144.94000244140625,144.83399963378906,144.91000366210938,38024
2026-08-26 15:15:00-04:00,144.9049072265625,145.0,144.89999389648438,144.98500061035156,38993
2026-08-26 15:20:00-04:00,145.0,145.11500549316406,144.96499633789062,145.02000427246094,61941
2026-08-26 15:25:00-04:00,145.02999877929688,145.16000366210938,145.02999877929688,145.16000366210938,40361
2026-08-26 15:30:00-04:00,145.1300048828125,145.17999267578125,144.97999572753906,144.99000549316406,61198
2026-08-26 15:35:00-04:00,144.9949951171875,145.0989990234375,144.98170471191406,145.0800018310547,48006
2026-08-26 15:40:00-04:00,145.08999633789062,145.19000244140625,145.08999633789062,145.18899536132812,44604
2026-08-26 15:45:00-04:00,145.1699981689453,145.30999755859375,145.14999389648438,145.24000549316406,87816
2026-08-26 15:50:00-04:00,145.25999450683594,145.25999450683594,145.125,145.1490020751953,145776
2026-08-26 15:55:00-04:00,145.1300048828125,145.16900634765625,144.92999267578125,145.02999877929688,401282
2026-08-27 09:30:00-04:00,143.6999969482422,143.9329071044922,143.0500030517578,143.3000030517578,304694
2026-08-27 09:35:00-04:00,143.3000030517578,143.35479736328125,143.0850067138672,143.1999969482422,104301
2026-08-27 09:40:00-04:00,143.2050018310547,143.23989868164062,142.8000030517578,143.14999389648438,132746
2026-08-27 09:45:00-04:00,143.13999938964844,143.63999938964844,143.10000610351562,143.5,91451
2026-08-27 09:50:00-04:00,143.4600067138672,143.4949951171875,143.19500732421875,143.22000122070312,47549
2026-08-27 09:55:00-04:00,143.1999969482422,143.47999572753906,143.13499450683594,143.2899932861328,43323
2026-08-27 10:00:00-04:00,143.2899932861328,143.4600067138672,143.25,143.4199981689453,52463
2026-08-27 10:05:00-04:00,143.3800048828125,143.52999877929688,143.18499755859375,143.2899932861328,65943
2026-08-27 10:10:00-04:00,143.30999755859375,143.39999389648438,142.7100067138672,142.7949981689453,124317
2026-08-27 10:15:00-04:00,142.802001953125,143.21499633789062,142.74000549316406,143.21499633789062,79373
2026-08-27 10:20:00-04:00,143.22999572753906,143.49000549316406,143.1999969482422,143.4250030517578,58605
2026-08-27 10:25:00-04:00,143.41200256347656,143.5500030517578,143.35000610351562,143.4199981689453,49666
2026-08-27 10:30:00-04:00,143.4499969482422,143.8699951171875,143.38999938964844,143.8699951171875,62126
2026-08-27 10:35:00-04:00,143.88999938964844,143.9600067138672,143.8300018310547,143.8800048828125,51618
2026-08-27 10:40:00-04:00,143.91000366210938,143.91990661621094,143.75,143.83999633789062,33116
2026-08-27 10:45:00-04:00,143.84500122070312,143.89999389648438,143.7100067138672,143.82000732421875,64139
2026-08-27 10:50:00-04:00,143.85499572753906,143.92999267578125,143.69000244140625,143.69500732421875,32064
2026-08-27 10:55:00-04:00,143.67999267578125,143.77999877929688,143.59500122070312,143.69000244140625,85232
2026-08-27 11:00:00-04:00,143.69500732421875,143.8350067138672,143.625,143.8300018310547,50055
2026-08-27 11:05:00-04:00,143.8249969482422,143.88999938964844,143.72000122070312,143.73500061035156,47377
2026-08-27 11:10:00-04:00,143.72000122070312,143.84500122070312,143.7100067138672,143.81500244140625,63679
2026-08-27 11:15:00-04:00,143.7899932861328,143.9550018310547,143.75999450683594,143.89999389648438,62262
2026-08-27 11:20:00-04:00,143.89999389648438,143.92999267578125,143.7949981689453,143.92999267578125,43933
2026-08-27 11:25:00-04:00,143.889892578125,143.94509887695312,143.80999755859375,143.80999755859375,38418
2026-08-27 11:30:00-04:00,143.7805938720703,143.9199981689453,143.7805938720703,143.88499450683594,33985
2026-08-27 11:35:00-04:00,143.8800048828125,143.9600067138672,143.8699951171875,143.9149932861328,34221
2026-08-27 11:40:00-04:00,143.91000366210938,143.97999572753906,143.89999389648438,143.97500610351562,34666
2026-08-27 11:45:00-04:00,144.0,144.14990234375,143.99000549316406,144.0800018310547,35550
2026-08-27 11:50:00-04:00,144.0800018310547,144.0850067138672,143.94000244140625,143.9600067138672,35388
2026-08-27 11:55:00-04:00,143.9499969482422,144.0113983154297,143.8800048828125,144.0,291029
2026-08-27 12:00:00-04:00,144.0050048828125,144.0050048828125,143.86000061035156,143.9199981689453,32533
2026-08-27 12:05:00-04:00,143.91000366210938,143.94000244140625,143.86000061035156,143.8800048828125,34639
2026-08-27 12:10:00-04:00,143.8800048828125,143.9499969482422,143.7899932861328,143.80999755859375,48353
2026-08-27 12:15:00-04:00,143.80999755859375,143.88999938964844,143.75999450683594,143.75999450683594,31197
2026-08-27 12:20:00-04:00,143.77999877929688,143.8300018310547,143.69000244140625,143.8249969482422,34818
2026-08-27 12:25:00-04:00,143.80999755859375,143.8699951171875,143.73500061035156,143.77000427246094,30996
2026-08-27 12:30:00-04:00,143.77000427246094,143.77000427246094,143.69000244140625,143.72999572753906,20002
2026-08-27 12:35:00-04:00,143.71009826660156,143.74000549316406,143.5800018310547,143.65499877929688,88304
2026-08-27 12:40:00-04:00,143.63009643554688,143.7100067138672,143.61000061035156,143.6999969482422,36344
2026-08-27 12:45:00-04:00,143.6999969482422,143.7899932861328,143.58999633789062,143.7899932861328,34752
2026-08-27 12:50:00-04:00,143.8000030517578,143.89999389648438,143.74009704589844,143.75999450683594,27506
2026-08-27 12:55:00-04:00,143.76499938964844,143.76499938964844,143.6649932861328,143.67999267578125,28126
2026-08-27 13:00:00-04:00,143.66000366210938,143.69000244140625,143.53500366210938,143.57000732421875,35875
2026-08-27 13:05:00-04:00,143.5800018310547,143.63999938964844,143.5449981689453,143.6199951171875,26817
2026-08-27 13:10:00-04:00,143.61500549316406,143.63999938964844,143.5500030517578,143.625,31107
2026-08-27 13:15:00-04:00,143.6199951171875,143.63999938964844,143.5800018310547,143.61000061035156,23395
2026-08-27 13:20:00-04:00,143.61000061035156,143.63079833984375,143.55099487304688,143.59500122070312,37451
2026-08-27 13:25:00-04:00,143.58999633789062,143.6699981689453,143.58999633789062,143.6649932861328,29023
2026-08-27 13:30:00-04:00,143.66000366210938,143.6699981689453,143.58999633789062,143.66000366210938,26986
2026-08-27 13:35:00-04:00,143.67999267578125,143.69000244140625,143.61000061035156,143.64999389648438,30779
2026-08-27 13:40:00-04:00,143.64999389648438,143.65499877929688,143.50999450683594,143.5301055908203,30761
2026-08-27 13:45:00-04:00,143.5399932861328,143.60000610351562,143.49000549316406,143.60000610351562,24480
2026-08-27 13:50:00-04:00,143.60000610351562,143.6199951171875,143.47999572753906,143.49000549316406,54096
2026-08-27 13:55:00-04:00,143.5,143.59500122070312,143.5,143.5850067138672,19885
2026-08-27 14:00:00-04:00,143.58999633789062,143.6199951171875,143.5399932861328,143.5850067138672,36573
2026-08-27 14:05:00-04:00,143.57000732421875,143.61000061035156,143.5399932861328,143.56500244140625,32321
2026-08-27 14:10:00-04:00,143.53500366210938,143.58999633789062,143.46499633789062,143.49000549316406,35130
2026-08-27 14:15:00-04:00,143.485107421875,143.485107421875,143.39329528808594,143.39999389648438,40026
2026-08-27 14:20:00-04:00,143.38499450683594,143.42990112304688,143.32000732421875,143.36500549316406,35911
2026-08-27 14:25:00-04:00,143.3408966064453,143.39999389648438,143.30999755859375,143.30999755859375,30798
2026-08-27 14:30:00-04:00,143.31500244140625,143.45509338378906,143.27999877929688,143.44009399414062,47288
2026-08-27 14:35:00-04:00,143.4550018310547,143.47500610351562,143.3300018310547,143.38999938964844,39240
2026-08-27 14:40:00-04:00,143.41000366210938,143.4250030517578,143.31370544433594,143.3249969482422,32287
2026-08-27 14:45:00-04:00,143.32090759277344,143.40499877929688,143.2899932861328,143.40499877929688,32287
2026-08-27 14:50:00-04:00,143.40499877929688,143.41000366210938,143.2949981689453,143.3101043701172,55280
2026-08-27 14:55:00-04:00,143.32000732421875,143.33999633789062,143.22000122070312,143.33999633789062,46676
2026-08-27 15:00:00-04:00,143.375,143.46060180664062,143.35000610351562,143.42999267578125,83584
2026-08-27 15:05:00-04:00,143.42999267578125,143.51300048828125,143.4250030517578,143.4550018310547,37992
2026-08-27 15:10:00-04:00,143.4499969482422,143.53500366210938,143.35000610351562,143.375,106634
2026-08-27 15:15:00-04:00,143.36000061035156,143.52000427246094,143.3101043701172,143.5,75634
2026-08-27 15:20:00-04:00,143.5,143.5749969482422,143.4149932861328,143.47999572753906,109768
2026-08-27 15:25:00-04:00,143.49000549316406,143.5,143.32000732421875,143.39500427246094,134845
2026-08-27 15:30:00-04:00,143.38999938964844,143.5050048828125,143.3699951171875,143.4250030517578,105550
2026-08-27 15:35:00-04:00,143.4550018310547,143.4949951171875,143.375,143.4600067138672,78709
2026-08-27 15:40:00-04:00,143.4600067138672,143.55999755859375,143.42999267578125,143.4550018310547,97036
2026-08-27 15:45:00-04:00,143.4499969482422,143.47000122070312,143.25999450683594,143.26499938964844,182005
2026-08-27 15:50:00-04:00,143.25,143.47999572753906,143.14999389648438,143.3699951171875,232669
2026-08-27 15:55:00-04:00,143.3699951171875,143.3699951171875,143.10000610351562,143.1199951171875,462805
2026-08-28 09:30:00-04:00,143.25,143.4499969482422,143.00999450683594,143.35000610351562,568698
2026-08-28 09:35:00-04:00,143.36000061035156,143.50999450683594,143.02999877929688,143.16000366210938,45089
2026-08-28 09:40:00-04:00,143.19000244140625,143.39999389648438,143.1199951171875,143.2949981689453,39321
2026-08-28 09:45:00-04:00,143.27999877929688,143.74000549316406,143.22999572753906,143.63999938964844,63996
2026-08-28 09:50:00-04:00,143.63999938964844,143.80999755859375,143.5050048828125,143.72000122070312,34172
2026-08-28 09:55:00-04:00,143.72999572753906,143.82989501953125,143.6699981689453,143.72999572753906,37195
2026-08-28 10:00:00-04:00,143.6699981689453,143.77999877929688,143.59010314941406,143.72999572753906,69028
2026-08-28 10:05:00-04:00,143.74000549316406,143.9219970703125,143.6999969482422,143.88499450683594,52208
2026-08-28 10:10:00-04:00,143.89999389648438,144.25999450683594,143.86000061035156,144.2100067138672,67235
2026-08-28 10:15:00-04:00,144.19000244140625,144.39999389648438,144.0749969482422,144.3699951171875,32264
2026-08-28 10:20:00-04:00,144.3699951171875,144.3699951171875,143.88510131835938,143.94500732421875,35410
2026-08-28 10:25:00-04:00,143.92999267578125,144.10499572753906,143.90460205078125,143.90460205078125,28362
2026-08-28 10:30:00-04:00,143.9499969482422,144.0,143.8300018310547,143.92999267578125,33990
2026-08-28 10:35:00-04:00,143.92999267578125,144.02000427246094,143.72000122070312,143.72000122070312,26661
2026-08-28 10:40:00-04:00,143.6699981689453,143.69000244140625,143.52000427246094,143.65499877929688,27656
2026-08-28 10:45:00-04:00,143.65499877929688,143.6999969482422,143.52999877929688,143.67010498046875,20418
2026-08-28 10:50:00-04:00,143.67840576171875,143.72999572753906,143.55999755859375,143.72999572753906,27581
2026-08-28 10:55:00-04:00,143.7301025390625,143.74000549316406,143.57000732421875,143.60000610351562,50860
2026-08-28 11:00:00-04:00,143.55999755859375,143.60499572753906,143.33999633789062,143.47439575195312,1329479
2026-08-28 11:05:00-04:00,143.46929931640625,143.47999572753906,143.33999633789062,143.4600067138672,32624
2026-08-28 11:10:00-04:00,143.47999572753906,143.5399932861328,143.3300018310547,143.36500549316406,37465
2026-08-28 11:15:00-04:00,143.35499572753906,143.35499572753906,143.22000122070312,143.28500366210938,31532
2026-08-28 11:20:00-04:00,143.28500366210938,143.52999877929688,143.25,143.36500549316406,35600
2026-08-28 11:25:00-04:00,143.36000061035156,143.38999938964844,143.25,143.2899932861328,31193
2026-08-28 11:30:00-04:00,143.25999450683594,143.2899932861328,143.13499450683594,143.1699981689453,46211
2026-08-28 11:35:00-04:00,143.17999267578125,143.24000549316406,143.10000610351562,143.21449279785156,31582
2026-08-28 11:40:00-04:00,143.24169921875,143.27999877929688,143.1649932861328,143.27999877929688,1615700
2026-08-28 11:45:00-04:00,143.25999450683594,143.39999389648438,143.22000122070312,143.3699951171875,66466
2026-08-28 11:50:00-04:00,143.360107421875,143.61500549316406,143.33999633789062,143.5449981689453,39833
2026-08-28 11:55:00-04:00,143.5399932861328,143.74000549316406,143.51499938964844,143.6999969482422,68817
2026-08-28 12:00:00-04:00,143.72000122070312,143.86000061035156,143.63999938964844,143.74000549316406,31165
2026-08-28 12:05:00-04:00,143.7100067138672,143.7449951171875,143.4600067138672,143.48500061035156,38941
2026-08-28 12:10:00-04:00,143.47999572753906,143.5800018310547,143.44000244140625,143.49000549316406,39528
2026-08-28 12:15:00-04:00,143.47000122070312,143.64999389648438,143.4600067138672,143.6199951171875,44074
2026-08-28 12:20:00-04:00,143.6300048828125,143.6300048828125,143.22000122070312,143.22000122070312,41522
2026-08-28 12:25:00-04:00,143.1999969482422,143.27000427246094,143.11000061035156,143.27000427246094,55689
2026-08-28 12:30:00-04:00,143.25999450683594,143.25999450683594,143.16009521484375,143.2050018310547,27864
2026-08-28 12:35:00-04:00,143.1999969482422,143.3800048828125,143.1739959716797,143.33999633789062,34383
2026-08-28 12:40:00-04:00,143.35000610351562,143.3800048828125,143.21499633789062,143.27000427246094,31918
2026-08-28 12:45:00-04:00,143.27000427246094,143.27000427246094,143.125,143.14010620117188,25434
2026-08-28 12:50:00-04:00,143.2050018310547,143.22999572753906,143.14999389648438,143.2100067138672,22385
2026-08-28 12:55:00-04:00,143.1999969482422,143.30999755859375,143.19000244140625,143.30999755859375,22216
2026-08-28 13:00:00-04:00,143.31500244140625,143.3800048828125,143.2100067138672,143.25,29855
2026-08-28 13:05:00-04:00,143.2449951171875,143.2949981689453,143.2100067138672,143.24000549316406,26831
2026-08-28 13:10:00-04:00,143.25,143.32000732421875,143.2100067138672,143.27499389648438,27487
2026-08-28 13:15:00-04:00,143.27999877929688,143.33999633789062,143.25,143.27000427246094,33430
2026-08-28 13:20:00-04:00,143.27000427246094,143.33999633789062,143.25,143.25,29462
2026-08-28 13:25:00-04:00,143.25999450683594,143.2899932861328,143.18499755859375,143.18499755859375,21465
2026-08-28 13:30:00-04:00,143.1750030517578,143.23719787597656,143.08999633789062,143.1699981689453,36051
2026-08-28 13:35:00-04:00,143.1699981689453,143.32000732421875,143.1699981689453,143.32000732421875,29011
2026-08-28 13:40:00-04:00,143.30130004882812,143.3699951171875,143.27000427246094,143.35000610351562,37734
2026-08-28 13:45:00-04:00,143.3800048828125,143.39999389648438,143.28500366210938,143.31500244140625,27947
2026-08-28 13:50:00-04:00,143.33999633789062,143.3800048828125,143.27499389648438,143.35000610351562,19673
2026-08-28 13:55:00-04:00,143.35000610351562,143.40499877929688,143.3000030517578,143.35000610351562,17631
2026-08-28 14:00:00-04:00,143.34500122070312,143.5,143.34500122070312,143.44000244140625,22161
2026-08-28 14:05:00-04:00,143.47500610351562,143.49000549316406,143.3699951171875,143.3800048828125,24159
2026-08-28 14:10:00-04:00,143.36000061035156,143.36500549316406,143.24000549316406,143.2550048828125,39898
2026-08-28 14:15:00-04:00,143.26499938964844,143.3553009033203,143.22999572753906,143.2949981689453,31249
2026-08-28 14:20:00-04:00,143.2899932861328,143.30499267578125,143.25,143.30499267578125,19071
2026-08-28 14:25:00-04:00,143.30999755859375,143.30999755859375,143.25999450683594,143.2935028076172,20459
2026-08-28 14:30:00-04:00,143.27999877929688,143.32000732421875,143.25,143.2899932861328,28604
2026-08-28 14:35:00-04:00,143.30499267578125,143.3300018310547,143.22000122070312,143.22500610351562,41839
2026-08-28 14:40:00-04:00,143.22000122070312,143.22000122070312,143.16099548339844,143.2100067138672,26870
2026-08-28 14:45:00-04:00,143.1999969482422,143.22000122070312,143.16000366210938,143.22000122070312,41675
2026-08-28 14:50:00-04:00,143.22999572753906,143.39999389648438,143.2100067138672,143.39999389648438,62056
2026-08-28 14:55:00-04:00,143.39500427246094,143.52000427246094,143.36000061035156,143.49000549316406,22510
2026-08-28 15:00:00-04:00,143.49000549316406,143.52000427246094,143.38999938964844,143.48500061035156,30445
2026-08-28 15:05:00-04:00,143.5,143.5,143.4149932861328,143.49000549316406,35973
2026-08-28 15:10:00-04:00,143.47999572753906,143.5500030517578,143.41000366210938,143.5399932861328,37522
2026-08-28 15:15:00-04:00,143.5399932861328,143.55999755859375,143.4600067138672,143.55999755859375,49781
2026-08-28 15:20:00-04:00,143.57000732421875,143.6199951171875,143.51499938964844,143.6199951171875,32453
2026-08-28 15:25:00-04:00,143.6199951171875,143.64999389648438,143.55999755859375,143.55999755859375,41909
2026-08-28 15:30:00-04:00,143.58580017089844,143.58580017089844,143.38999938964844,143.47500610351562,53372
2026-08-28 15:35:00-04:00,143.46099853515625,143.46099853515625,143.375,143.39999389648438,50461
2026-08-28 15:40:00-04:00,143.40499877929688,143.5,143.375,143.4199981689453,61785
2026-08-28 15:45:00-04:00,143.38999938964844,143.4600067138672,143.32000732421875,143.3800048828125,54760
2026-08-28 15:50:00-04:00,143.3699951171875,143.74000549316406,143.32000732421875,143.74000549316406,154471
2026-08-28 15:55:00-04:00,143.72000122070312,143.8699951171875,143.5449981689453,143.75,502592
