date,open,high,low,close,volume
2026-05-06 09:00:00+09:00,254000.0,258500.0,251500.0,258000.0,0
2026-05-06 09:05:00+09:00,257500.0,258000.0,251000.0,251500.0,1541212
2026-05-06 09:10:00+09:00,252000.0,257000.0,251500.0,255500.0,1847539
2026-05-06 09:15:00+09:00,255500.0,258000.0,255500.0,257750.0,1205484
2026-05-06 09:20:00+09:00,257750.0,261000.0,257000.0,261000.0,1957053
2026-05-06 09:25:00+09:00,260750.0,261500.0,257500.0,259000.0,1184256
2026-05-06 09:30:00+09:00,258500.0,260500.0,257000.0,259500.0,873209
2026-05-06 09:35:00+09:00,259500.0,259500.0,258500.0,259000.0,298553
2026-05-06 09:40:00+09:00,259000.0,260000.0,258500.0,259500.0,408790
2026-05-06 09:45:00+09:00,260000.0,260000.0,258500.0,259000.0,796834
2026-05-06 09:50:00+09:00,259000.0,260000.0,258500.0,260000.0,551039
2026-05-06 09:55:00+09:00,260000.0,261500.0,259500.0,261000.0,1278760
2026-05-06 10:00:00+09:00,260750.0,261500.0,260000.0,261000.0,429120
2026-05-06 10:05:00+09:00,261000.0,261000.0,259500.0,260000.0,470426
2026-05-06 10:10:00+09:00,259750.0,260500.0,259000.0,259000.0,367036
2026-05-06 10:15:00+09:00,259250.0,260000.0,258500.0,258500.0,429953
2026-05-06 10:20:00+09:00,258500.0,258750.0,257000.0,257000.0,499427
2026-05-06 10:25:00+09:00,257000.0,258000.0,257000.0,257500.0,357770
2026-05-06 10:30:00+09:00,257250.0,260000.0,257000.0,259500.0,580940
2026-05-06 10:35:00+09:00,260000.0,260000.0,259000.0,259250.0,308140
2026-05-06 10:40:00+09:00,259500.0,260000.0,259000.0,260000.0,339954
2026-05-06 10:45:00+09:00,260000.0,260500.0,259500.0,260250.0,397831
2026-05-06 10:50:00+09:00,260000.0,261000.0,259500.0,260750.0,542731
2026-05-06 10:55:00+09:00,260750.0,261000.0,260000.0,260500.0,344972
2026-05-06 11:00:00+09:00,260500.0,261500.0,260500.0,260500.0,435995
2026-05-06 11:05:00+09:00,260750.0,261000.0,260000.0,260750.0,499772
2026-05-06 11:10:00+09:00,260500.0,260750.0,259500.0,260250.0,376420
2026-05-06 11:15:00+09:00,260000.0,261500.0,260000.0,261250.0,376180
2026-05-06 11:20:00+09:00,261250.0,262000.0,261000.0,262000.0,359569
2026-05-06 11:25:00+09:00,261750.0,262000.0,261500.0,261500.0,217692
2026-05-06 11:30:00+09:00,261500.0,263000.0,261500.0,262750.0,570179
2026-05-06 11:35:00+09:00,263000.0,263000.0,261500.0,261500.0,485185
2026-05-06 11:40:00+09:00,261750.0,262000.0,260500.0,262000.0,339740
2026-05-06 11:45:00+09:00,261750.0,262000.0,261000.0,262000.0,196860
2026-05-06 11:50:00+09:00,262000.0,262000.0,261500.0,261750.0,98690
2026-05-06 11:55:00+09:00,261500.0,263000.0,261500.0,262500.0,427197
2026-05-06 12:00:00+09:00,262500.0,264000.0,262000.0,263750.0,492560
2026-05-06 12:05:00+09:00,263750.0,264000.0,263500.0,264000.0,260042
2026-05-06 12:10:00+09:00,264000.0,265000.0,263500.0,265000.0,640612
2026-05-06 12:15:00+09:00,265000.0,266000.0,264500.0,266000.0,535868
2026-05-06 12:20:00+09:00,266000.0,266500.0,265500.0,266500.0,610962
2026-05-06 12:25:00+09:00,266500.0,268500.0,266000.0,267750.0,808050
2026-05-06 12:30:00+09:00,268000.0,269500.0,267500.0,269000.0,478973
2026-05-06 12:35:00+09:00,269000.0,270000.0,267500.0,268000.0,789190
2026-05-06 12:40:00+09:00,267750.0,268000.0,266500.0,267000.0,472151
2026-05-06 12:45:00+09:00,267000.0,269000.0,265500.0,266000.0,686917
2026-05-06 12:50:00+09:00,266000.0,266500.0,265000.0,265000.0,356888
2026-05-06 12:55:00+09:00,265000.0,267000.0,265000.0,266000.0,256289
2026-05-06 13:00:00+09:00,266250.0,268000.0,266000.0,267000.0,326336
2026-05-06 13:05:00+09:00,267500.0,268000.0,266500.0,267250.0,301855
2026-05-06 13:10:00+09:00,267250.0,268000.0,267000.0,267750.0,166767
2026-05-06 13:15:00+09:00,267750.0,268000.0,266500.0,266500.0,232538
2026-05-06 13:20:00+09:00,267250.0,267500.0,266500.0,267250.0,190184
2026-05-06 13:25:00+09:00,267250.0,268000.0,267000.0,268000.0,270354
2026-05-06 13:30:00+09:00,267500.0,269000.0,267500.0,268250.0,566611
2026-05-06 13:35:00+09:00,268000.0,268500.0,267000.0,267250.0,348482
2026-05-06 13:40:00+09:00,267250.0,267500.0,266500.0,267500.0,327687
2026-05-06 13:45:00+09:00,267000.0,268000.0,266000.0,266500.0,438138
2026-05-06 13:50:00+09:00,266250.0,266500.0,265500.0,265750.0,316045
2026-05-06 13:55:00+09:00,265750.0,266500.0,265500.0,265500.0,245315
2026-05-06 14:00:00+09:00,265500.0,265750.0,264000.0,264750.0,588147
2026-05-06 14:05:00+09:00,264750.0,266000.0,264500.0,265500.0,284416
2026-05-06 14:10:00+09:00,265250.0,265500.0,264000.0,265250.0,320641
2026-05-06 14:15:00+09:00,265250.0,266500.0,264500.0,266000.0,305139
2026-05-06 14:20:00+09:00,266500.0,267000.0,266000.0,266000.0,205733
2026-05-06 14:25:00+09:00,266000.0,267500.0,266000.0,267000.0,330167
2026-05-06 14:30:00+09:00,267000.0,268000.0,267000.0,268000.0,322764
2026-05-06 14:35:00+09:00,267500.0,268500.0,267000.0,268250.0,491884
2026-05-06 14:40:00+09:00,268000.0,268500.0,266000.0,267000.0,437843
2026-05-06 14:45:00+09:00,267000.0,268500.0,267000.0,267750.0,521139
2026-05-06 14:50:00+09:00,267750.0,268500.0,267500.0,267500.0,443531
2026-05-06 14:55:00+09:00,267500.0,268500.0,267500.0,268250.0,347951
2026-05-07 09:00:00+09:00,272000.0,277000.0,270500.0,270500.0,6192426
2026-05-07 09:05:00+09:00,271000.0,271000.0,266500.0,267500.0,1994533
2026-05-07 09:10:00+09:00,267500.0,272000.0,267000.0,271000.0,1089527
2026-05-07 09:15:00+09:00,271000.0,271500.0,267500.0,267750.0,747463
2026-05-07 09:20:00+09:00,267750.0,268000.0,264000.0,264750.0,1377163
2026-05-07 09:25:00+09:00,264500.0,265000.0,261000.0,263750.0,1621975
2026-05-07 09:30:00+09:00,263500.0,268000.0,260500.0,267000.0,1224699
2026-05-07 09:35:00+09:00,268000.0,268500.0,266000.0,266500.0,689198
2026-05-07 09:40:00+09:00,266500.0,267500.0,265500.0,267000.0,414605
2026-05-07 09:45:00+09:00,267000.0,268000.0,266500.0,268000.0,391037
2026-05-07 09:50:00+09:00,268000.0,269000.0,266000.0,266000.0,467608
2026-05-07 09:55:00+09:00,266500.0,266500.0,263500.0,263500.0,516536
2026-05-07 10:00:00+09:00,263500.0,264000.0,262000.0,263500.0,456104
2026-05-07 10:05:00+09:00,263500.0,264000.0,261500.0,261750.0,419288
2026-05-07 10:10:00+09:00,261750.0,263500.0,261000.0,262000.0,538291
2026-05-07 10:15:00+09:00,262500.0,263000.0,262000.0,262750.0,234910
2026-05-07 10:20:00+09:00,262500.0,263000.0,261500.0,261500.0,300714
2026-05-07 10:25:00+09:00,261750.0,264000.0,261000.0,263750.0,444892
2026-05-07 10:30:00+09:00,263750.0,264000.0,260000.0,260250.0,632023
2026-05-07 10:35:00+09:00,260250.0,263500.0,260000.0,263500.0,441398
2026-05-07 10:40:00+09:00,263500.0,266500.0,263000.0,266500.0,462403
2026-05-07 10:45:00+09:00,266500.0,267500.0,266000.0,267000.0,362964
2026-05-07 10:50:00+09:00,267000.0,267500.0,266000.0,267500.0,305856
2026-05-07 10:55:00+09:00,267250.0,268500.0,266500.0,267250.0,481310
2026-05-07 11:00:00+09:00,267500.0,269500.0,267000.0,267500.0,454003
2026-05-07 11:05:00+09:00,268000.0,269000.0,267500.0,268500.0,236458
2026-05-07 11:10:00+09:00,268500.0,268500.0,267000.0,267250.0,272527
2026-05-07 11:15:00+09:00,267000.0,269000.0,267000.0,268000.0,311122
2026-05-07 11:20:00+09:00,268000.0,268000.0,265500.0,266000.0,457493
2026-05-07 11:25:00+09:00,266000.0,268000.0,265500.0,267500.0,195967
2026-05-07 11:30:00+09:00,267500.0,268000.0,265500.0,267500.0,441004
2026-05-07 11:35:00+09:00,267500.0,267500.0,266000.0,266500.0,199624
2026-05-07 11:40:00+09:00,266750.0,267000.0,265000.0,265500.0,239492
2026-05-07 11:45:00+09:00,265250.0,266000.0,265000.0,265500.0,228801
2026-05-07 11:50:00+09:00,265750.0,266000.0,264500.0,265500.0,300147
2026-05-07 11:55:00+09:00,265500.0,266500.0,265000.0,265750.0,205543
2026-05-07 12:00:00+09:00,265500.0,265750.0,264000.0,264500.0,257413
2026-05-07 12:05:00+09:00,264500.0,265000.0,263500.0,264000.0,232370
2026-05-07 12:10:00+09:00,263500.0,264000.0,263000.0,263500.0,332789
2026-05-07 12:15:00+09:00,263500.0,265000.0,263250.0,265000.0,247163
2026-05-07 12:20:00+09:00,264750.0,265500.0,264500.0,265000.0,165824
2026-05-07 12:25:00+09:00,265000.0,266500.0,264500.0,266000.0,236662
2026-05-07 12:30:00+09:00,266500.0,267500.0,266000.0,266750.0,272566
2026-05-07 12:35:00+09:00,267000.0,267500.0,266000.0,266750.0,293666
2026-05-07 12:40:00+09:00,266750.0,267000.0,266000.0,266500.0,158361
2026-05-07 12:45:00+09:00,266500.0,267000.0,266000.0,266750.0,132824
2026-05-07 12:50:00+09:00,266750.0,267000.0,266500.0,266750.0,115933
2026-05-07 12:55:00+09:00,267000.0,267000.0,265500.0,266000.0,251309
2026-05-07 13:00:00+09:00,266000.0,266500.0,265500.0,265500.0,287381
2026-05-07 13:05:00+09:00,265500.0,266500.0,265000.0,265500.0,317958
2026-05-07 13:10:00+09:00,265250.0,265500.0,265000.0,265250.0,116115
2026-05-07 13:15:00+09:00,265500.0,265500.0,264500.0,265250.0,286039
2026-05-07 13:20:00+09:00,265000.0,266000.0,265000.0,265250.0,148516
2026-05-07 13:25:00+09:00,265500.0,266000.0,265000.0,266000.0,241778
2026-05-07 13:30:00+09:00,266000.0,266500.0,264500.0,265000.0,403364
2026-05-07 13:35:00+09:00,265000.0,265000.0,264500.0,265000.0,142070
2026-05-07 13:40:00+09:00,264500.0,266000.0,264500.0,265500.0,252389
2026-05-07 13:45:00+09:00,265500.0,266000.0,265250.0,265750.0,188111
2026-05-07 13:50:00+09:00,265500.0,266500.0,265000.0,266000.0,515095
2026-05-07 13:55:00+09:00,266000.0,266000.0,265000.0,266000.0,222271
2026-05-07 14:00:00+09:00,266000.0,268000.0,265750.0,267750.0,349009
2026-05-07 14:05:00+09:00,267000.0,268000.0,266500.0,267250.0,343922
2026-05-07 14:10:00+09:00,267250.0,269000.0,267000.0,268750.0,536266
2026-05-07 14:15:00+09:00,268750.0,271500.0,268750.0,269750.0,751137
2026-05-07 14:20:00+09:00,269750.0,270500.0,269000.0,270000.0,351085
2026-05-07 14:25:00+09:00,270500.0,271000.0,270000.0,271000.0,268234
2026-05-07 14:30:00+09:00,270750.0,273000.0,270750.0,272000.0,687820
2026-05-07 14:35:00+09:00,272000.0,272500.0,271000.0,271750.0,285269
2026-05-07 14:40:00+09:00,271500.0,273500.0,271500.0,272500.0,440022
2026-05-07 14:45:00+09:00,272500.0,274000.0,272000.0,272750.0,455412
2026-05-07 14:50:00+09:00,272750.0,273000.0,272000.0,272500.0,321789
2026-05-07 14:55:00+09:00,272500.0,272750.0,271000.0,271500.0,357657
2026-05-08 09:00:00+09:00,260000.0,263500.0,260000.0,263500.0,3132965
2026-05-08 09:05:00+09:00,263500.0,263500.0,261000.0,262000.0,770897
2026-05-08 09:10:00+09:00,262000.0,262500.0,261000.0,261500.0,602733
2026-05-08 09:15:00+09:00,261750.0,263000.0,261500.0,262000.0,466232
2026-05-08 09:20:00+09:00,262000.0,263000.0,261500.0,263000.0,317394
2026-05-08 09:25:00+09:00,263000.0,263500.0,262500.0,263000.0,516621
2026-05-08 09:30:00+09:00,263000.0,265500.0,262500.0,265500.0,482940
2026-05-08 09:35:00+09:00,265500.0,266000.0,264000.0,264500.0,535457
2026-05-08 09:40:00+09:00,264750.0,265500.0,264500.0,265500.0,244617
2026-05-08 09:45:00+09:00,265500.0,265500.0,265000.0,265250.0,243814
2026-05-08 09:50:00+09:00,265250.0,266000.0,265000.0,265250.0,386361
2026-05-08 09:55:00+09:00,265250.0,266000.0,265000.0,266000.0,360305
2026-05-08 10:00:00+09:00,266000.0,267500.0,265750.0,266500.0,541536
2026-05-08 10:05:00+09:00,266500.0,267000.0,266000.0,266750.0,202744
2026-05-08 10:10:00+09:00,267000.0,268000.0,266500.0,267500.0,375466
2026-05-08 10:15:00+09:00,267500.0,268500.0,267000.0,268000.0,334481
2026-05-08 10:20:00+09:00,268000.0,268500.0,267000.0,267250.0,311268
2026-05-08 10:25:00+09:00,267250.0,267500.0,266000.0,266000.0,346292
2026-05-08 10:30:00+09:00,266000.0,266250.0,265000.0,265250.0,278694
2026-05-08 10:35:00+09:00,265250.0,265250.0,264000.0,264250.0,384158
2026-05-08 10:40:00+09:00,264250.0,265000.0,264000.0,265000.0,350503
2026-05-08 10:45:00+09:00,264500.0,265500.0,264500.0,265500.0,162417
2026-05-08 10:50:00+09:00,265000.0,265500.0,263500.0,263750.0,362164
2026-05-08 10:55:00+09:00,263750.0,263750.0,263000.0,263250.0,308770
2026-05-08 11:00:00+09:00,263000.0,263500.0,262500.0,263250.0,335667
2026-05-08 11:05:00+09:00,263250.0,264500.0,263000.0,264250.0,217123
2026-05-08 11:10:00+09:00,264250.0,264500.0,262500.0,263000.0,450879
2026-05-08 11:15:00+09:00,263000.0,263500.0,262500.0,263000.0,222989
2026-05-08 11:20:00+09:00,263000.0,264000.0,262000.0,263750.0,417369
2026-05-08 11:25:00+09:00,263500.0,264000.0,263000.0,263000.0,199579
2026-05-08 11:30:00+09:00,263500.0,263500.0,263000.0,263500.0,95562
2026-05-08 11:35:00+09:00,263500.0,263500.0,262000.0,262750.0,334187
2026-05-08 11:40:00+09:00,262500.0,263500.0,262500.0,263250.0,184097
2026-05-08 11:45:00+09:00,263250.0,264500.0,262500.0,264250.0,282777
2026-05-08 11:50:00+09:00,264500.0,264500.0,263500.0,264000.0,146425
2026-05-08 11:55:00+09:00,264000.0,264500.0,263500.0,264000.0,230419
2026-05-08 12:00:00+09:00,263750.0,265000.0,263500.0,264500.0,235767
2026-05-08 12:05:00+09:00,264500.0,265000.0,264000.0,264500.0,158791
2026-05-08 12:10:00+09:00,264500.0,265500.0,264000.0,264500.0,219872
2026-05-08 12:15:00+09:00,264250.0,265000.0,263500.0,264250.0,175551
2026-05-08 12:20:00+09:00,264000.0,264250.0,263500.0,264000.0,144757
2026-05-08 12:25:00+09:00,264000.0,264500.0,263000.0,263750.0,263928
2026-05-08 12:30:00+09:00,263500.0,265500.0,263500.0,264000.0,285432
2026-05-08 12:35:00+09:00,264500.0,265000.0,264000.0,264500.0,121063
2026-05-08 12:40:00+09:00,264500.0,265000.0,264250.0,264500.0,80108
2026-05-08 12:45:00+09:00,264500.0,265000.0,264000.0,264500.0,145314
2026-05-08 12:50:00+09:00,264000.0,264500.0,264000.0,264250.0,91268
2026-05-08 12:55:00+09:00,264000.0,266000.0,264000.0,265750.0,353686
2026-05-08 13:00:00+09:00,265500.0,266000.0,265000.0,266000.0,167001
2026-05-08 13:05:00+09:00,266000.0,267000.0,265500.0,266500.0,193578
2026-05-08 13:10:00+09:00,266250.0,266500.0,265500.0,265750.0,135793
2026-05-08 13:15:00+09:00,266000.0,266000.0,265000.0,265500.0,181359
2026-05-08 13:20:00+09:00,265750.0,266500.0,265500.0,266000.0,121533
2026-05-08 13:25:00+09:00,266000.0,266500.0,265500.0,266250.0,202256
2026-05-08 13:30:00+09:00,266250.0,266500.0,265500.0,265750.0,124519
2026-05-08 13:35:00+09:00,265500.0,265750.0,265000.0,265250.0,132601
2026-05-08 13:40:00+09:00,265000.0,265500.0,264500.0,265000.0,261728
2026-05-08 13:45:00+09:00,265000.0,266000.0,264500.0,265500.0,284144
2026-05-08 13:50:00+09:00,265750.0,266500.0,265500.0,266250.0,156438
2026-05-08 13:55:00+09:00,266250.0,266250.0,265000.0,266000.0,217954
2026-05-08 14:00:00+09:00,266000.0,266500.0,265500.0,266500.0,124988
2026-05-08 14:05:00+09:00,266250.0,267500.0,266000.0,267500.0,252045
2026-05-08 14:10:00+09:00,267250.0,267500.0,266500.0,267250.0,180663
2026-05-08 14:15:00+09:00,267250.0,269000.0,267000.0,268000.0,510130
2026-05-08 14:20:00+09:00,268500.0,269500.0,267500.0,269000.0,323811
2026-05-08 14:25:00+09:00,269500.0,269500.0,267500.0,268000.0,264800
2026-05-08 14:30:00+09:00,268000.0,269000.0,267500.0,268750.0,226111
2026-05-08 14:35:00+09:00,268750.0,269000.0,268000.0,269000.0,164579
2026-05-08 14:40:00+09:00,268750.0,270000.0,268500.0,269500.0,259118
2026-05-08 14:45:00+09:00,269750.0,269750.0,269000.0,269250.0,225569
2026-05-08 14:50:00+09:00,269250.0,269250.0,268500.0,268500.0,233972
2026-05-08 14:55:00+09:00,268500.0,269000.0,268500.0,268500.0,164454
2026-05-11 09:00:00+09:00,284500.0,286000.0,283500.0,284000.0,0
2026-05-11 09:05:00+09:00,284000.0,286500.0,283500.0,285000.0,1239734
2026-05-11 09:10:00+09:00,285000.0,285000.0,282000.0,282500.0,825434
2026-05-11 09:15:00+09:00,282500.0,285000.0,282500.0,284250.0,803681
2026-05-11 09:20:00+09:00,284250.0,286000.0,284000.0,285250.0,590061
2026-05-11 09:25:00+09:00,285250.0,286500.0,284500.0,286250.0,583902
2026-05-11 09:30:00+09:00,286250.0,287500.0,285500.0,287500.0,771694
2026-05-11 09:35:00+09:00,287250.0,287500.0,286000.0,287500.0,583056
2026-05-11 09:40:00+09:00,287500.0,288000.0,286500.0,287500.0,564550
2026-05-11 09:45:00+09:00,287500.0,288500.0,287000.0,288250.0,482113
2026-05-11 09:50:00+09:00,288000.0,288500.0,284500.0,284500.0,652503
2026-05-11 09:55:00+09:00,284500.0,285000.0,282500.0,283500.0,749851
2026-05-11 10:00:00+09:00,283500.0,283500.0,280000.0,281250.0,1044554
2026-05-11 10:05:00+09:00,281000.0,283500.0,281000.0,283500.0,537271
2026-05-11 10:10:00+09:00,283500.0,285000.0,283000.0,284500.0,493629
2026-05-11 10:15:00+09:00,284000.0,284500.0,283500.0,284250.0,244426
2026-05-11 10:20:00+09:00,284000.0,285000.0,284000.0,285000.0,519411
2026-05-11 10:25:00+09:00,285000.0,285000.0,284000.0,284750.0,342638
2026-05-11 10:30:00+09:00,284750.0,286500.0,284500.0,286250.0,766053
2026-05-11 10:35:00+09:00,286250.0,287000.0,285250.0,286500.0,746036
2026-05-11 10:40:00+09:00,286500.0,286500.0,285500.0,286000.0,545258
2026-05-11 10:45:00+09:00,286000.0,287500.0,285500.0,287500.0,570444
2026-05-11 10:50:00+09:00,287500.0,287500.0,285500.0,287500.0,333358
2026-05-11 10:55:00+09:00,287250.0,288000.0,287000.0,287750.0,320441
2026-05-11 11:00:00+09:00,287750.0,288000.0,286500.0,287000.0,245320
2026-05-11 11:05:00+09:00,287250.0,287250.0,285500.0,286250.0,368264
2026-05-11 11:10:00+09:00,286000.0,287000.0,286000.0,286250.0,169026
2026-05-11 11:15:00+09:00,286250.0,286500.0,285000.0,285500.0,310546
2026-05-11 11:20:00+09:00,285500.0,286000.0,284500.0,285500.0,334508
2026-05-11 11:25:00+09:00,285500.0,286500.0,285500.0,286000.0,159963
2026-05-11 11:30:00+09:00,286000.0,286500.0,284500.0,284500.0,192294
2026-05-11 11:35:00+09:00,284500.0,285000.0,284000.0,284000.0,306833
2026-05-11 11:40:00+09:00,284000.0,285000.0,284000.0,284500.0,218204
2026-05-11 11:45:00+09:00,284500.0,285000.0,283000.0,283250.0,330512
2026-05-11 11:50:00+09:00,283500.0,285000.0,282500.0,284500.0,458107
2026-05-11 11:55:00+09:00,284500.0,284500.0,283500.0,284500.0,170800
2026-05-11 12:00:00+09:00,284500.0,284500.0,283500.0,284000.0,128202
2026-05-11 12:05:00+09:00,284000.0,284000.0,283000.0,284000.0,313033
2026-05-11 12:10:00+09:00,284000.0,285000.0,283500.0,285000.0,283414
2026-05-11 12:15:00+09:00,284750.0,285000.0,283500.0,284000.0,248211
2026-05-11 12:20:00+09:00,284500.0,285000.0,284000.0,285000.0,121838
2026-05-11 12:25:00+09:00,285000.0,285500.0,284500.0,285500.0,139931
2026-05-11 12:30:00+09:00,285500.0,285500.0,284500.0,284750.0,206460
2026-05-11 12:35:00+09:00,284750.0,285500.0,284500.0,285250.0,106375
2026-05-11 12:40:00+09:00,285000.0,285500.0,284000.0,285250.0,311896
2026-05-11 12:45:00+09:00,285250.0,285500.0,284500.0,285000.0,137130
2026-05-11 12:50:00+09:00,285000.0,286000.0,284500.0,285250.0,213810
2026-05-11 12:55:00+09:00,285250.0,286000.0,285000.0,286000.0,170787
2026-05-11 13:00:00+09:00,285500.0,286000.0,285000.0,285500.0,215711
2026-05-11 13:05:00+09:00,285000.0,286000.0,285000.0,285500.0,195187
2026-05-11 13:10:00+09:00,285250.0,285500.0,285000.0,285000.0,79368
2026-05-11 13:15:00+09:00,285500.0,286000.0,285000.0,285000.0,201679
2026-05-11 13:20:00+09:00,285500.0,286500.0,284500.0,286000.0,614857
2026-05-11 13:25:00+09:00,286000.0,286500.0,285500.0,285500.0,206459
2026-05-11 13:30:00+09:00,285500.0,286500.0,285500.0,286500.0,197469
2026-05-11 13:35:00+09:00,286500.0,286500.0,285500.0,285750.0,224932
2026-05-11 13:40:00+09:00,286000.0,286000.0,285000.0,285500.0,173974
2026-05-11 13:45:00+09:00,285500.0,286000.0,285000.0,285500.0,185054
2026-05-11 13:50:00+09:00,285000.0,287000.0,285000.0,286750.0,325036
2026-05-11 13:55:00+09:00,286750.0,287500.0,286500.0,287250.0,255861
2026-05-11 14:00:00+09:00,287250.0,287500.0,286000.0,287000.0,359390
2026-05-11 14:05:00+09:00,287000.0,288000.0,286500.0,287500.0,550267
2026-05-11 14:10:00+09:00,288000.0,288000.0,287000.0,287500.0,355433
2026-05-11 14:15:00+09:00,288000.0,288000.0,287500.0,287500.0,222484
2026-05-11 14:20:00+09:00,287500.0,288000.0,287000.0,287000.0,355125
2026-05-11 14:25:00+09:00,287000.0,288000.0,286500.0,287750.0,272906
2026-05-11 14:30:00+09:00,287500.0,288000.0,286000.0,286500.0,561566
2026-05-11 14:35:00+09:00,286750.0,287000.0,285000.0,285500.0,510458
2026-05-11 14:40:00+09:00,285500.0,286000.0,284000.0,284500.0,516795
2026-05-11 14:45:00+09:00,284500.0,285000.0,284000.0,284500.0,217611
2026-05-11 14:50:00+09:00,285000.0,285000.0,284500.0,285000.0,161326
2026-05-11 14:55:00+09:00,285000.0,285000.0,284000.0,284250.0,234551
2026-05-12 09:00:00+09:00,290000.0,291500.0,288500.0,288500.0,2245117
2026-05-12 09:05:00+09:00,289000.0,289000.0,286000.0,286500.0,995409
2026-05-12 09:10:00+09:00,287000.0,288500.0,286500.0,287500.0,702345
2026-05-12 09:15:00+09:00,287500.0,288000.0,286500.0,287000.0,567006
2026-05-12 09:20:00+09:00,286500.0,287000.0,284500.0,285000.0,873669
2026-05-12 09:25:00+09:00,284500.0,288500.0,284500.0,288000.0,679115
2026-05-12 09:30:00+09:00,288000.0,289500.0,287500.0,289250.0,398906
2026-05-12 09:35:00+09:00,289250.0,289500.0,288500.0,289000.0,400716
2026-05-12 09:40:00+09:00,288500.0,290000.0,288500.0,289500.0,311974
2026-05-12 09:45:00+09:00,289500.0,289500.0,288500.0,288500.0,339011
2026-05-12 09:50:00+09:00,288500.0,289000.0,287000.0,287500.0,475312
2026-05-12 09:55:00+09:00,287500.0,287750.0,286500.0,286500.0,298115
2026-05-12 10:00:00+09:00,286500.0,287500.0,285500.0,285750.0,507528
2026-05-12 10:05:00+09:00,285750.0,286000.0,285000.0,285500.0,428986
2026-05-12 10:10:00+09:00,285500.0,285500.0,284000.0,284000.0,416906
2026-05-12 10:15:00+09:00,284250.0,284250.0,280000.0,280500.0,1071760
2026-05-12 10:20:00+09:00,280500.0,282000.0,279500.0,280500.0,944882
2026-05-12 10:25:00+09:00,280000.0,282000.0,277500.0,279500.0,925651
2026-05-12 10:30:00+09:00,280000.0,280000.0,270000.0,271500.0,1352158
2026-05-12 10:35:00+09:00,271500.0,276500.0,266500.0,267000.0,1480168
2026-05-12 10:40:00+09:00,267500.0,275500.0,266000.0,275500.0,1410975
2026-05-12 10:45:00+09:00,275500.0,278500.0,275000.0,278500.0,1336288
2026-05-12 10:50:00+09:00,278500.0,279000.0,273000.0,273000.0,870598
2026-05-12 10:55:00+09:00,273500.0,274000.0,271000.0,272500.0,828947
2026-05-12 11:00:00+09:00,272500.0,276000.0,271000.0,276000.0,672747
2026-05-12 11:05:00+09:00,276000.0,277500.0,275000.0,277500.0,624176
2026-05-12 11:10:00+09:00,278000.0,281500.0,277000.0,280000.0,821894
2026-05-12 11:15:00+09:00,280000.0,280000.0,277500.0,278250.0,479137
2026-05-12 11:20:00+09:00,278250.0,280000.0,278000.0,280000.0,288306
2026-05-12 11:25:00+09:00,280000.0,280000.0,279000.0,279500.0,246794
2026-05-12 11:30:00+09:00,279500.0,279500.0,278500.0,279000.0,248047
2026-05-12 11:35:00+09:00,279000.0,279000.0,277500.0,277750.0,198198
2026-05-12 11:40:00+09:00,277500.0,278500.0,276000.0,278000.0,375149
2026-05-12 11:45:00+09:00,279000.0,279500.0,278000.0,279500.0,237821
2026-05-12 11:50:00+09:00,279000.0,282500.0,279000.0,282000.0,431494
2026-05-12 11:55:00+09:00,282000.0,282500.0,280500.0,282500.0,315341
2026-05-12 12:00:00+09:00,282500.0,283000.0,279000.0,279500.0,352090
2026-05-12 12:05:00+09:00,279500.0,280500.0,279000.0,279500.0,175794
2026-05-12 12:10:00+09:00,279000.0,280000.0,279000.0,279500.0,200492
2026-05-12 12:15:00+09:00,280000.0,280000.0,277500.0,278000.0,229583
2026-05-12 12:20:00+09:00,278000.0,279000.0,277500.0,278000.0,206254
2026-05-12 12:25:00+09:00,278000.0,278000.0,277500.0,277750.0,72371
2026-05-12 12:30:00+09:00,278000.0,279500.0,277500.0,278500.0,222418
2026-05-12 12:35:00+09:00,278500.0,279000.0,278000.0,278250.0,166403
2026-05-12 12:40:00+09:00,278250.0,279000.0,278000.0,279000.0,154874
2026-05-12 12:45:00+09:00,279000.0,279000.0,277000.0,277250.0,279855
2026-05-12 12:50:00+09:00,277250.0,278000.0,277000.0,277500.0,107069
2026-05-12 12:55:00+09:00,277500.0,277750.0,276500.0,276500.0,246631
2026-05-12 13:00:00+09:00,276250.0,278000.0,276000.0,277000.0,266174
2026-05-12 13:05:00+09:00,277250.0,278000.0,277000.0,277500.0,256340
2026-05-12 13:10:00+09:00,277250.0,278000.0,275500.0,275750.0,329064
2026-05-12 13:15:00+09:00,275750.0,277000.0,275000.0,275500.0,356055
2026-05-12 13:20:00+09:00,275500.0,276000.0,275000.0,275000.0,267233
2026-05-12 13:25:00+09:00,275000.0,275500.0,275000.0,275250.0,160540
2026-05-12 13:30:00+09:00,275250.0,276000.0,274500.0,275250.0,352047
2026-05-12 13:35:00+09:00,275000.0,275500.0,274000.0,274250.0,256687
2026-05-12 13:40:00+09:00,274500.0,274500.0,273000.0,274000.0,392999
2026-05-12 13:45:00+09:00,274500.0,275000.0,273000.0,273000.0,290953
2026-05-12 13:50:00+09:00,273250.0,274000.0,272000.0,273500.0,493502
2026-05-12 13:55:00+09:00,274000.0,274000.0,272500.0,272750.0,225700
2026-05-12 14:00:00+09:00,272750.0,276000.0,272500.0,275750.0,387564
2026-05-12 14:05:00+09:00,275750.0,276000.0,274000.0,274000.0,286521
2026-05-12 14:10:00+09:00,274500.0,274500.0,272500.0,273000.0,332087
2026-05-12 14:15:00+09:00,273000.0,274000.0,271500.0,273750.0,507237
2026-05-12 14:20:00+09:00,273750.0,275500.0,273000.0,275000.0,446559
2026-05-12 14:25:00+09:00,275000.0,276000.0,274500.0,276000.0,266571
2026-05-12 14:30:00+09:00,276000.0,276000.0,274000.0,274500.0,352182
2026-05-12 14:35:00+09:00,274500.0,275500.0,274000.0,274250.0,278627
2026-05-12 14:40:00+09:00,274250.0,274500.0,273000.0,274000.0,356966
2026-05-12 14:45:00+09:00,273500.0,278500.0,273500.0,278000.0,626293
2026-05-12 14:50:00+09:00,278000.0,279000.0,277000.0,278000.0,454411
2026-05-12 14:55:00+09:00,278000.0,279000.0,277500.0,278000.0,299223
2026-05-13 09:00:00+09:00,264000.0,266000.0,263000.0,266000.0,3848864
2026-05-13 09:05:00+09:00,266000.0,266500.0,264000.0,264500.0,1003302
2026-05-13 09:10:00+09:00,264500.0,265000.0,263000.0,263000.0,642252
2026-05-13 09:15:00+09:00,263000.0,264500.0,262000.0,264000.0,1022146
2026-05-13 09:20:00+09:00,264500.0,265500.0,264000.0,264750.0,680282
2026-05-13 09:25:00+09:00,264750.0,265500.0,264000.0,264000.0,451533
2026-05-13 09:30:00+09:00,264500.0,265000.0,263000.0,264000.0,552370
2026-05-13 09:35:00+09:00,264500.0,264500.0,263000.0,264500.0,435214
2026-05-13 09:40:00+09:00,264500.0,267500.0,264000.0,267000.0,474856
2026-05-13 09:45:00+09:00,267000.0,268750.0,266000.0,267500.0,720372
2026-05-13 09:50:00+09:00,267500.0,269000.0,267500.0,268500.0,363041
2026-05-13 09:55:00+09:00,268500.0,269500.0,268000.0,269000.0,533051
2026-05-13 10:00:00+09:00,269250.0,271500.0,268500.0,271000.0,747496
2026-05-13 10:05:00+09:00,271000.0,273000.0,270500.0,273000.0,541126
2026-05-13 10:10:00+09:00,273000.0,274500.0,272000.0,274000.0,617641
2026-05-13 10:15:00+09:00,273750.0,275000.0,272000.0,275000.0,796270
2026-05-13 10:20:00+09:00,275000.0,276000.0,274500.0,274750.0,546386
2026-05-13 10:25:00+09:00,274750.0,277500.0,274000.0,277500.0,595936
2026-05-13 10:30:00+09:00,277000.0,278000.0,275500.0,278000.0,548100
2026-05-13 10:35:00+09:00,278000.0,280500.0,277500.0,280500.0,581813
2026-05-13 10:40:00+09:00,280500.0,282000.0,279000.0,281000.0,655346
2026-05-13 10:45:00+09:00,281000.0,281500.0,278500.0,281250.0,605966
2026-05-13 10:50:00+09:00,281250.0,281500.0,277500.0,277500.0,491879
2026-05-13 10:55:00+09:00,278000.0,279000.0,277000.0,278750.0,452565
2026-05-13 11:00:00+09:00,278750.0,279500.0,277500.0,277750.0,278718
2026-05-13 11:05:00+09:00,277750.0,279000.0,277000.0,277500.0,284437
2026-05-13 11:10:00+09:00,277500.0,277500.0,276000.0,276750.0,309542
2026-05-13 11:15:00+09:00,276750.0,278500.0,276500.0,277750.0,176104
2026-05-13 11:20:00+09:00,277750.0,279000.0,277500.0,278000.0,238944
2026-05-13 11:25:00+09:00,278500.0,279000.0,278000.0,279000.0,91022
2026-05-13 11:30:00+09:00,279000.0,280500.0,278500.0,280500.0,264098
2026-05-13 11:35:00+09:00,280250.0,281000.0,279500.0,279750.0,247935
2026-05-13 11:40:00+09:00,279750.0,281000.0,279000.0,280500.0,218905
2026-05-13 11:45:00+09:00,280750.0,281000.0,280000.0,280500.0,242008
2026-05-13 11:50:00+09:00,280250.0,280500.0,278000.0,278000.0,428761
2026-05-13 11:55:00+09:00,278250.0,279000.0,278000.0,278000.0,175328
2026-05-13 12:00:00+09:00,278000.0,279000.0,277000.0,278500.0,251837
2026-05-13 12:05:00+09:00,278500.0,279500.0,278500.0,279000.0,144358
2026-05-13 12:10:00+09:00,279000.0,279500.0,279000.0,279250.0,112633
2026-05-13 12:15:00+09:00,279250.0,280500.0,279000.0,280500.0,215271
2026-05-13 12:20:00+09:00,280500.0,281000.0,279500.0,279750.0,176906
2026-05-13 12:25:00+09:00,280000.0,280000.0,279000.0,279500.0,112473
2026-05-13 12:30:00+09:00,279500.0,280500.0,279000.0,280000.0,186426
2026-05-13 12:35:00+09:00,280000.0,281000.0,280000.0,280500.0,178118
2026-05-13 12:40:00+09:00,280750.0,281500.0,280000.0,281250.0,301065
2026-05-13 12:45:00+09:00,281250.0,281500.0,281000.0,281000.0,174446
2026-05-13 12:50:00+09:00,281000.0,281500.0,280250.0,281000.0,249345
2026-05-13 12:55:00+09:00,281250.0,282000.0,281000.0,281500.0,266878
2026-05-13 13:00:00+09:00,281750.0,285000.0,281500.0,284750.0,840159
2026-05-13 13:05:00+09:00,284750.0,285000.0,283500.0,284500.0,422985
2026-05-13 13:10:00+09:00,284000.0,284500.0,282500.0,283500.0,390084
2026-05-13 13:15:00+09:00,283500.0,284000.0,282000.0,283500.0,370709
2026-05-13 13:20:00+09:00,283500.0,284500.0,283000.0,284250.0,305031
2026-05-13 13:25:00+09:00,284250.0,285000.0,283500.0,284250.0,482868
2026-05-13 13:30:00+09:00,284250.0,284500.0,283000.0,283500.0,235662
2026-05-13 13:35:00+09:00,283500.0,283500.0,282000.0,283000.0,394855
2026-05-13 13:40:00+09:00,282500.0,283000.0,282000.0,282750.0,252022
2026-05-13 13:45:00+09:00,282500.0,283000.0,281500.0,282000.0,326606
2026-05-13 13:50:00+09:00,282000.0,282500.0,281000.0,282000.0,277824
2026-05-13 13:55:00+09:00,282000.0,283000.0,281000.0,281750.0,257034
2026-05-13 14:00:00+09:00,281500.0,282500.0,279500.0,282000.0,466911
2026-05-13 14:05:00+09:00,282000.0,284000.0,281500.0,284000.0,327107
2026-05-13 14:10:00+09:00,284000.0,285500.0,283500.0,284500.0,842456
2026-05-13 14:15:00+09:00,284000.0,284500.0,283000.0,283000.0,219156
2026-05-13 14:20:00+09:00,283250.0,284000.0,283000.0,283250.0,193100
2026-05-13 14:25:00+09:00,283250.0,284000.0,282000.0,282250.0,265080
2026-05-13 14:30:00+09:00,282250.0,283500.0,282000.0,283250.0,223554
2026-05-13 14:35:00+09:00,283000.0,284000.0,282500.0,283750.0,245738
2026-05-13 14:40:00+09:00,283750.0,284500.0,283500.0,284000.0,298591
2026-05-13 14:45:00+09:00,284000.0,284500.0,283500.0,283750.0,295380
2026-05-13 14:50:00+09:00,283500.0,285000.0,283500.0,284500.0,425983
2026-05-13 14:55:00+09:00,284500.0,285000.0,284000.0,284750.0,372523
2026-05-14 09:00:00+09:00,282000.0,288000.0,282000.0,283250.0,2133106
2026-05-14 09:05:00+09:00,283250.0,287000.0,283250.0,286000.0,757693
2026-05-14 09:10:00+09:00,286000.0,289000.0,284500.0,289000.0,916195
2026-05-14 09:15:00+09:00,289000.0,294500.0,288750.0,294000.0,2202324
2026-05-14 09:20:00+09:00,294000.0,294500.0,291500.0,294000.0,1153807
2026-05-14 09:25:00+09:00,293750.0,297000.0,293750.0,296000.0,1826110
2026-05-14 09:30:00+09:00,296000.0,296500.0,294000.0,295000.0,770026
2026-05-14 09:35:00+09:00,294750.0,295500.0,294000.0,295000.0,550294
2026-05-14 09:40:00+09:00,295000.0,297000.0,294000.0,296750.0,715391
2026-05-14 09:45:00+09:00,296750.0,297000.0,296000.0,296500.0,521756
2026-05-14 09:50:00+09:00,297000.0,298000.0,296500.0,298000.0,640160
2026-05-14 09:55:00+09:00,298000.0,299500.0,297500.0,299500.0,831470
2026-05-14 10:00:00+09:00,299500.0,299500.0,296500.0,297500.0,1007099
2026-05-14 10:05:00+09:00,297500.0,298000.0,296000.0,297500.0,473597
2026-05-14 10:10:00+09:00,298000.0,298000.0,296500.0,297500.0,333586
2026-05-14 10:15:00+09:00,297500.0,297500.0,294000.0,295500.0,504684
2026-05-14 10:20:00+09:00,295000.0,296000.0,294500.0,296000.0,408543
2026-05-14 10:25:00+09:00,296000.0,297500.0,295750.0,297500.0,235062
2026-05-14 10:30:00+09:00,297500.0,298000.0,296250.0,297000.0,370230
2026-05-14 10:35:00+09:00,296500.0,298000.0,296500.0,297250.0,471181
2026-05-14 10:40:00+09:00,297000.0,298000.0,297000.0,297750.0,350698
2026-05-14 10:45:00+09:00,297750.0,297750.0,295000.0,296000.0,233714
2026-05-14 10:50:00+09:00,296000.0,297000.0,294500.0,294750.0,417294
2026-05-14 10:55:00+09:00,295000.0,295000.0,292500.0,292500.0,575990
2026-05-14 11:00:00+09:00,292500.0,294000.0,292000.0,293000.0,553959
2026-05-14 11:05:00+09:00,293250.0,294000.0,292000.0,293000.0,464694
2026-05-14 11:10:00+09:00,293500.0,294000.0,292500.0,293500.0,261482
2026-05-14 11:15:00+09:00,293500.0,294000.0,292500.0,293000.0,216335
2026-05-14 11:20:00+09:00,293000.0,295000.0,293000.0,293500.0,287521
2026-05-14 11:25:00+09:00,294000.0,295000.0,293000.0,293500.0,244055
2026-05-14 11:30:00+09:00,294000.0,294500.0,293000.0,294250.0,156280
2026-05-14 11:35:00+09:00,294250.0,294500.0,293000.0,293500.0,227424
2026-05-14 11:40:00+09:00,293500.0,293500.0,291500.0,291500.0,431072
2026-05-14 11:45:00+09:00,291500.0,292000.0,290000.0,290000.0,499578
2026-05-14 11:50:00+09:00,290000.0,291500.0,289500.0,290000.0,512356
2026-05-14 11:55:00+09:00,290250.0,290250.0,288500.0,289000.0,435769
2026-05-14 12:00:00+09:00,289250.0,292000.0,288500.0,291000.0,342276
2026-05-14 12:05:00+09:00,291500.0,292500.0,290500.0,292500.0,223770
2026-05-14 12:10:00+09:00,292500.0,293500.0,292000.0,292750.0,307523
2026-05-14 12:15:00+09:00,292750.0,292750.0,290000.0,290000.0,283125
2026-05-14 12:20:00+09:00,290250.0,292000.0,290000.0,291000.0,169441
2026-05-14 12:25:00+09:00,291000.0,292500.0,291000.0,291250.0,229347
2026-05-14 12:30:00+09:00,291000.0,291500.0,290500.0,290500.0,175587
2026-05-14 12:35:00+09:00,291000.0,291750.0,289500.0,289500.0,252728
2026-05-14 12:40:00+09:00,289500.0,291500.0,289500.0,290500.0,155981
2026-05-14 12:45:00+09:00,290500.0,291000.0,289500.0,290000.0,151810
2026-05-14 12:50:00+09:00,290000.0,291000.0,289000.0,289500.0,196325
2026-05-14 12:55:00+09:00,289500.0,290500.0,289000.0,290000.0,214073
2026-05-14 13:00:00+09:00,290500.0,291000.0,289500.0,290500.0,156839
2026-05-14 13:05:00+09:00,290500.0,292000.0,290000.0,292000.0,217906
2026-05-14 13:10:00+09:00,291500.0,293000.0,291500.0,292500.0,285428
2026-05-14 13:15:00+09:00,292750.0,293500.0,292500.0,293250.0,242950
2026-05-14 13:20:00+09:00,293250.0,294000.0,293250.0,294000.0,264768
2026-05-14 13:25:00+09:00,294000.0,294000.0,293000.0,293500.0,276815
2026-05-14 13:30:00+09:00,293500.0,294000.0,293000.0,294000.0,193221
2026-05-14 13:35:00+09:00,294000.0,294500.0,293500.0,294500.0,268151
2026-05-14 13:40:00+09:00,294250.0,295000.0,294000.0,294500.0,252208
2026-05-14 13:45:00+09:00,294500.0,295000.0,294000.0,295000.0,176185
2026-05-14 13:50:00+09:00,295000.0,295000.0,293500.0,294000.0,317125
2026-05-14 13:55:00+09:00,294500.0,294500.0,292000.0,292500.0,259602
2026-05-14 14:00:00+09:00,293000.0,294000.0,292000.0,293500.0,326348
2026-05-14 14:05:00+09:00,294000.0,294000.0,292000.0,292750.0,230065
2026-05-14 14:10:00+09:00,292500.0,293500.0,291500.0,291500.0,232417
2026-05-14 14:15:00+09:00,292000.0,292000.0,290500.0,290500.0,230070
2026-05-14 14:20:00+09:00,290500.0,292500.0,290500.0,291500.0,314391
2026-05-14 14:25:00+09:00,291500.0,291750.0,290500.0,291250.0,373122
2026-05-14 14:30:00+09:00,291000.0,291500.0,290000.0,290000.0,311867
2026-05-14 14:35:00+09:00,290000.0,291500.0,290000.0,290500.0,242656
2026-05-14 14:40:00+09:00,290250.0,291000.0,290000.0,291000.0,234812
2026-05-14 14:45:00+09:00,291000.0,293000.0,290500.0,292000.0,331023
2026-05-14 14:50:00+09:00,292000.0,293000.0,291500.0,293000.0,267786
2026-05-14 14:55:00+09:00,293000.0,294500.0,292500.0,294000.0,538544
2026-05-15 09:00:00+09:00,291000.0,292500.0,290000.0,291000.0,1717266
2026-05-15 09:05:00+09:00,291000.0,292000.0,290000.0,292000.0,502706
2026-05-15 09:10:00+09:00,291750.0,294500.0,291500.0,294500.0,453962
2026-05-15 09:15:00+09:00,294250.0,295500.0,294000.0,294500.0,407658
2026-05-15 09:20:00+09:00,294000.0,296500.0,294000.0,296000.0,444393
2026-05-15 09:25:00+09:00,296250.0,296500.0,295000.0,295000.0,401658
2026-05-15 09:30:00+09:00,295250.0,296000.0,294000.0,295500.0,444105
2026-05-15 09:35:00+09:00,295500.0,295500.0,293000.0,293500.0,344629
2026-05-15 09:40:00+09:00,293500.0,294000.0,291500.0,292250.0,498146
2026-05-15 09:45:00+09:00,292500.0,293000.0,291500.0,292000.0,313778
2026-05-15 09:50:00+09:00,291500.0,293000.0,291500.0,293000.0,238323
2026-05-15 09:55:00+09:00,293000.0,293500.0,292000.0,292750.0,277355
2026-05-15 10:00:00+09:00,292750.0,293500.0,292000.0,292250.0,209817
2026-05-15 10:05:00+09:00,292250.0,293000.0,291000.0,291500.0,310130
2026-05-15 10:10:00+09:00,291500.0,292000.0,290500.0,291500.0,317489
2026-05-15 10:15:00+09:00,291000.0,292000.0,290500.0,291000.0,305106
2026-05-15 10:20:00+09:00,291500.0,291500.0,290000.0,290500.0,289368
2026-05-15 10:25:00+09:00,291000.0,291000.0,289000.0,289500.0,516918
2026-05-15 10:30:00+09:00,289500.0,290000.0,288500.0,289000.0,436012
2026-05-15 10:35:00+09:00,288750.0,291000.0,288500.0,290500.0,409538
2026-05-15 10:40:00+09:00,290500.0,290500.0,289000.0,289250.0,246811
2026-05-15 10:45:00+09:00,289000.0,289500.0,287000.0,287250.0,534436
2026-05-15 10:50:00+09:00,287250.0,287500.0,285500.0,286000.0,561927
2026-05-15 10:55:00+09:00,285750.0,287000.0,284000.0,284500.0,858826
2026-05-15 11:00:00+09:00,284750.0,285500.0,283000.0,283500.0,672264
2026-05-15 11:05:00+09:00,283500.0,284000.0,281000.0,283250.0,807882
2026-05-15 11:10:00+09:00,283250.0,285000.0,280500.0,280500.0,694929
2026-05-15 11:15:00+09:00,281000.0,281000.0,278500.0,279000.0,1157801
2026-05-15 11:20:00+09:00,279500.0,283500.0,279000.0,283000.0,701686
2026-05-15 11:25:00+09:00,283000.0,284000.0,281000.0,281500.0,388260
2026-05-15 11:30:00+09:00,282000.0,283000.0,280000.0,283000.0,368184
2026-05-15 11:35:00+09:00,282750.0,283500.0,282000.0,282500.0,196067
2026-05-15 11:40:00+09:00,282500.0,283500.0,281000.0,283500.0,285635
2026-05-15 11:45:00+09:00,283500.0,284500.0,282000.0,283000.0,370249
2026-05-15 11:50:00+09:00,283500.0,284500.0,282500.0,283000.0,285735
2026-05-15 11:55:00+09:00,283000.0,283500.0,281500.0,281750.0,219705
2026-05-15 12:00:00+09:00,281750.0,282500.0,280500.0,280500.0,312283
2026-05-15 12:05:00+09:00,280500.0,281500.0,280000.0,280250.0,248739
2026-05-15 12:10:00+09:00,280250.0,281000.0,280000.0,280750.0,287644
2026-05-15 12:15:00+09:00,280750.0,280750.0,279500.0,280000.0,429772
2026-05-15 12:20:00+09:00,280000.0,280250.0,279000.0,279500.0,308024
2026-05-15 12:25:00+09:00,279750.0,280000.0,279000.0,279750.0,160200
2026-05-15 12:30:00+09:00,279750.0,280000.0,278500.0,279500.0,324445
2026-05-15 12:35:00+09:00,279250.0,281000.0,278500.0,280500.0,366319
2026-05-15 12:40:00+09:00,280500.0,282000.0,280000.0,280500.0,237901
2026-05-15 12:45:00+09:00,280500.0,282000.0,280000.0,281750.0,225928
2026-05-15 12:50:00+09:00,281750.0,282000.0,280000.0,281000.0,211403
2026-05-15 12:55:00+09:00,281000.0,281500.0,280000.0,280250.0,201822
2026-05-15 13:00:00+09:00,280250.0,280250.0,279000.0,279500.0,302755
2026-05-15 13:05:00+09:00,279500.0,280000.0,279000.0,279500.0,211313
2026-05-15 13:10:00+09:00,279000.0,279500.0,278500.0,279000.0,240446
2026-05-15 13:15:00+09:00,279000.0,279000.0,278000.0,278500.0,367716
2026-05-15 13:20:00+09:00,278000.0,278500.0,276500.0,276500.0,618810
2026-05-15 13:25:00+09:00,277000.0,278000.0,276000.0,278000.0,601767
2026-05-15 13:30:00+09:00,278000.0,278000.0,276000.0,277000.0,365806
2026-05-15 13:35:00+09:00,277000.0,279000.0,276500.0,278500.0,439300
2026-05-15 13:40:00+09:00,278500.0,279500.0,276500.0,277000.0,408220
2026-05-15 13:45:00+09:00,277000.0,277500.0,275500.0,275500.0,377412
2026-05-15 13:50:00+09:00,275500.0,276000.0,275000.0,275250.0,386490
2026-05-15 13:55:00+09:00,275250.0,275500.0,273500.0,274250.0,667912
2026-05-15 14:00:00+09:00,274250.0,275000.0,272000.0,273000.0,682683
2026-05-15 14:05:00+09:00,273500.0,274500.0,272500.0,274500.0,412597
2026-05-15 14:10:00+09:00,274250.0,276000.0,273500.0,276000.0,409674
2026-05-15 14:15:00+09:00,276000.0,277000.0,275000.0,275500.0,600087
2026-05-15 14:20:00+09:00,276000.0,276000.0,274000.0,274000.0,355962
2026-05-15 14:25:00+09:00,274500.0,274500.0,272500.0,273000.0,336693
2026-05-15 14:30:00+09:00,273000.0,273000.0,270000.0,270500.0,659549
2026-05-15 14:35:00+09:00,270500.0,271500.0,270000.0,270500.0,549842
2026-05-15 14:40:00+09:00,271000.0,271000.0,269000.0,269500.0,703509
2026-05-15 14:45:00+09:00,269000.0,270000.0,268500.0,269500.0,781615
2026-05-15 14:50:00+09:00,269500.0,270500.0,268500.0,269000.0,551629
2026-05-15 14:55:00+09:00,268500.0,269000.0,267000.0,268000.0,583351
2026-05-18 09:00:00+09:00,269500.0,271000.0,266000.0,266000.0,0
2026-05-18 09:05:00+09:00,266250.0,267000.0,262500.0,263000.0,1149319
2026-05-18 09:10:00+09:00,263000.0,267500.0,262000.0,264500.0,1016283
2026-05-18 09:15:00+09:00,264500.0,265000.0,262500.0,264250.0,614674
2026-05-18 09:20:00+09:00,264250.0,269000.0,264000.0,268000.0,705692
2026-05-18 09:25:00+09:00,268000.0,273500.0,267500.0,273000.0,1457240
2026-05-18 09:30:00+09:00,272500.0,273500.0,268500.0,268750.0,670185
2026-05-18 09:35:00+09:00,268750.0,273500.0,268500.0,272500.0,635553
2026-05-18 09:40:00+09:00,272500.0,273500.0,269000.0,269500.0,525806
2026-05-18 09:45:00+09:00,269750.0,273000.0,269250.0,273000.0,375401
2026-05-18 09:50:00+09:00,273000.0,274500.0,272000.0,272750.0,657311
2026-05-18 09:55:00+09:00,273000.0,278500.0,272500.0,278500.0,1248044
2026-05-18 10:00:00+09:00,278500.0,280000.0,275000.0,276000.0,1127900
2026-05-18 10:05:00+09:00,276000.0,278000.0,275000.0,277000.0,434529
2026-05-18 10:10:00+09:00,277250.0,278000.0,275000.0,275250.0,411393
2026-05-18 10:15:00+09:00,275500.0,276000.0,274000.0,274250.0,422757
2026-05-18 10:20:00+09:00,274500.0,276500.0,272500.0,276000.0,449751
2026-05-18 10:25:00+09:00,275500.0,277000.0,274500.0,276500.0,281015
2026-05-18 10:30:00+09:00,276000.0,279000.0,276000.0,277500.0,482920
2026-05-18 10:35:00+09:00,277500.0,279000.0,275500.0,277750.0,416177
2026-05-18 10:40:00+09:00,277750.0,281000.0,276500.0,280500.0,520387
2026-05-18 10:45:00+09:00,280250.0,282500.0,280000.0,280000.0,685211
2026-05-18 10:50:00+09:00,280000.0,282500.0,279500.0,280500.0,554125
2026-05-18 10:55:00+09:00,280500.0,285000.0,280000.0,282000.0,1150871
2026-05-18 11:00:00+09:00,282250.0,282500.0,280000.0,282000.0,406511
2026-05-18 11:05:00+09:00,281500.0,283000.0,280500.0,281500.0,293997
2026-05-18 11:10:00+09:00,281750.0,285000.0,281500.0,284750.0,471109
2026-05-18 11:15:00+09:00,285000.0,286500.0,284500.0,285750.0,712894
2026-05-18 11:20:00+09:00,286000.0,288500.0,285500.0,288000.0,565415
2026-05-18 11:25:00+09:00,288000.0,288500.0,287000.0,288000.0,505115
2026-05-18 11:30:00+09:00,288500.0,288500.0,285500.0,286500.0,398902
2026-05-18 11:35:00+09:00,286500.0,287000.0,283500.0,283500.0,366608
2026-05-18 11:40:00+09:00,283500.0,286000.0,283500.0,285000.0,366346
2026-05-18 11:45:00+09:00,284750.0,286500.0,284500.0,285000.0,212411
2026-05-18 11:50:00+09:00,285000.0,285000.0,281500.0,283000.0,407111
2026-05-18 11:55:00+09:00,283000.0,284000.0,281000.0,283000.0,353754
2026-05-18 12:00:00+09:00,283000.0,284500.0,282500.0,283500.0,308928
2026-05-18 12:05:00+09:00,283500.0,285000.0,283000.0,284000.0,259695
2026-05-18 12:10:00+09:00,283500.0,284000.0,282000.0,282500.0,112915
2026-05-18 12:15:00+09:00,282750.0,283000.0,280000.0,280500.0,309448
2026-05-18 12:20:00+09:00,280500.0,282500.0,280000.0,281500.0,247573
2026-05-18 12:25:00+09:00,281500.0,282000.0,280000.0,282000.0,194803
2026-05-18 12:30:00+09:00,282000.0,283500.0,279750.0,283000.0,270352
2026-05-18 12:35:00+09:00,283500.0,283500.0,281500.0,283250.0,245280
2026-05-18 12:40:00+09:00,283250.0,284500.0,283000.0,283500.0,210044
2026-05-18 12:45:00+09:00,283250.0,284000.0,282500.0,283500.0,153241
2026-05-18 12:50:00+09:00,283250.0,284000.0,282000.0,283000.0,148778
2026-05-18 12:55:00+09:00,282500.0,284500.0,282500.0,283500.0,192461
2026-05-18 13:00:00+09:00,284000.0,284000.0,282500.0,283000.0,116773
2026-05-18 13:05:00+09:00,283000.0,284000.0,282000.0,283500.0,169867
2026-05-18 13:10:00+09:00,283500.0,285500.0,283000.0,285000.0,285421
2026-05-18 13:15:00+09:00,284750.0,285500.0,284000.0,284500.0,202293
2026-05-18 13:20:00+09:00,284750.0,284750.0,282000.0,282750.0,314050
2026-05-18 13:25:00+09:00,282500.0,282750.0,280500.0,281500.0,297067
2026-05-18 13:30:00+09:00,281000.0,282000.0,280500.0,280500.0,201195
2026-05-18 13:35:00+09:00,281000.0,282000.0,280500.0,281000.0,165662
2026-05-18 13:40:00+09:00,280500.0,282500.0,280500.0,282500.0,152885
2026-05-18 13:45:00+09:00,282500.0,282500.0,281000.0,281500.0,133439
2026-05-18 13:50:00+09:00,281500.0,282000.0,280500.0,282000.0,134655
2026-05-18 13:55:00+09:00,281750.0,282500.0,281000.0,282000.0,132062
2026-05-18 14:00:00+09:00,282000.0,282500.0,281000.0,282500.0,188698
2026-05-18 14:05:00+09:00,282000.0,283500.0,282000.0,283500.0,172380
2026-05-18 14:10:00+09:00,283250.0,283500.0,281000.0,281250.0,263922
2026-05-18 14:15:00+09:00,281000.0,281250.0,277500.0,278500.0,508440
2026-05-18 14:20:00+09:00,278000.0,281000.0,278000.0,280500.0,225102
2026-05-18 14:25:00+09:00,280000.0,281500.0,280000.0,281250.0,134577
2026-05-18 14:30:00+09:00,281250.0,282500.0,281000.0,282000.0,266508
2026-05-18 14:35:00+09:00,282500.0,283000.0,281500.0,282500.0,224477
2026-05-18 14:40:00+09:00,282500.0,283000.0,281500.0,282000.0,216928
2026-05-18 14:45:00+09:00,282500.0,284000.0,281500.0,283500.0,398980
2026-05-18 14:50:00+09:00,283500.0,285000.0,283000.0,284000.0,379319
2026-05-18 14:55:00+09:00,284000.0,284250.0,282000.0,283000.0,197334
2026-05-19 09:00:00+09:00,274000.0,275000.0,272000.0,272500.0,2051770
2026-05-19 09:05:00+09:00,272500.0,274000.0,271000.0,273500.0,955824
2026-05-19 09:10:00+09:00,273500.0,274500.0,271500.0,272000.0,584096
2026-05-19 09:15:00+09:00,272000.0,275000.0,271500.0,275000.0,444198
2026-05-19 09:20:00+09:00,275000.0,277000.0,273500.0,273500.0,536063
2026-05-19 09:25:00+09:00,274000.0,276000.0,273500.0,275500.0,384534
2026-05-19 09:30:00+09:00,276000.0,277000.0,274500.0,275000.0,380563
2026-05-19 09:35:00+09:00,274750.0,275500.0,273000.0,273500.0,346253
2026-05-19 09:40:00+09:00,273500.0,275000.0,273000.0,274500.0,275760
2026-05-19 09:45:00+09:00,274500.0,275000.0,273000.0,274500.0,213270
2026-05-19 09:50:00+09:00,274500.0,275000.0,273000.0,273250.0,262293
2026-05-19 09:55:00+09:00,273250.0,274000.0,272000.0,272000.0,326793
2026-05-19 10:00:00+09:00,272000.0,272500.0,271500.0,272000.0,283058
2026-05-19 10:05:00+09:00,272000.0,274000.0,271500.0,274000.0,369857
2026-05-19 10:10:00+09:00,273750.0,274000.0,271500.0,271750.0,327121
2026-05-19 10:15:00+09:00,271750.0,272000.0,270000.0,270250.0,510557
2026-05-19 10:20:00+09:00,270000.0,270500.0,269000.0,269750.0,709553
2026-05-19 10:25:00+09:00,269750.0,271000.0,268500.0,271000.0,426864
2026-05-19 10:30:00+09:00,271000.0,271500.0,269000.0,270000.0,428075
2026-05-19 10:35:00+09:00,270000.0,272000.0,270000.0,272000.0,373208
2026-05-19 10:40:00+09:00,272500.0,272500.0,269500.0,272500.0,325588
2026-05-19 10:45:00+09:00,272500.0,272500.0,269500.0,269750.0,292706
2026-05-19 10:50:00+09:00,269500.0,270000.0,269000.0,269250.0,300269
2026-05-19 10:55:00+09:00,269500.0,269500.0,268500.0,268500.0,292003
2026-05-19 11:00:00+09:00,269000.0,269000.0,267500.0,267500.0,477287
2026-05-19 11:05:00+09:00,267750.0,268500.0,266500.0,267250.0,507751
2026-05-19 11:10:00+09:00,267000.0,267500.0,266000.0,266500.0,454540
2026-05-19 11:15:00+09:00,266500.0,269000.0,266000.0,268500.0,475236
2026-05-19 11:20:00+09:00,268500.0,269000.0,267500.0,268750.0,208975
2026-05-19 11:25:00+09:00,268750.0,270500.0,268500.0,270000.0,346839
2026-05-19 11:30:00+09:00,270000.0,270500.0,269000.0,269750.0,272828
2026-05-19 11:35:00+09:00,269500.0,270000.0,269000.0,269500.0,202805
2026-05-19 11:40:00+09:00,269500.0,271000.0,269000.0,270500.0,402266
2026-05-19 11:45:00+09:00,271000.0,271000.0,269000.0,270250.0,290190
2026-05-19 11:50:00+09:00,270250.0,272500.0,270000.0,272500.0,216075
2026-05-19 11:55:00+09:00,272500.0,272500.0,271000.0,271750.0,180970
2026-05-19 12:00:00+09:00,272000.0,272000.0,269500.0,271000.0,203479
2026-05-19 12:05:00+09:00,271500.0,273500.0,270500.0,273250.0,221301
2026-05-19 12:10:00+09:00,273500.0,274500.0,273000.0,274500.0,297743
2026-05-19 12:15:00+09:00,274500.0,274500.0,273500.0,274500.0,148073
2026-05-19 12:20:00+09:00,274250.0,274500.0,272500.0,274000.0,210744
2026-05-19 12:25:00+09:00,274000.0,276000.0,273500.0,276000.0,301130
2026-05-19 12:30:00+09:00,276000.0,277000.0,275500.0,276750.0,318473
2026-05-19 12:35:00+09:00,277000.0,278000.0,276000.0,278000.0,331628
2026-05-19 12:40:00+09:00,278000.0,278500.0,275500.0,277000.0,457304
2026-05-19 12:45:00+09:00,277000.0,277500.0,275500.0,277500.0,217260
2026-05-19 12:50:00+09:00,277250.0,278000.0,275250.0,276000.0,231511
2026-05-19 12:55:00+09:00,275750.0,276500.0,274500.0,276500.0,185398
2026-05-19 13:00:00+09:00,276500.0,276500.0,273500.0,274250.0,215348
2026-05-19 13:05:00+09:00,274250.0,274500.0,272500.0,274000.0,260325
2026-05-19 13:10:00+09:00,274000.0,275000.0,273000.0,273500.0,141528
2026-05-19 13:15:00+09:00,273750.0,274000.0,272000.0,273500.0,271752
2026-05-19 13:20:00+09:00,273000.0,274000.0,272000.0,272500.0,199870
2026-05-19 13:25:00+09:00,272500.0,273000.0,271000.0,272000.0,226716
2026-05-19 13:30:00+09:00,272000.0,273000.0,271500.0,272500.0,175143
2026-05-19 13:35:00+09:00,272250.0,274000.0,272000.0,272500.0,311556
2026-05-19 13:40:00+09:00,272500.0,275000.0,272000.0,272500.0,255563
2026-05-19 13:45:00+09:00,272750.0,273500.0,272000.0,272250.0,94199
2026-05-19 13:50:00+09:00,272250.0,274500.0,272000.0,274250.0,214246
2026-05-19 13:55:00+09:00,274250.0,275000.0,274000.0,274750.0,154079
2026-05-19 14:00:00+09:00,274500.0,275500.0,274000.0,274750.0,205563
2026-05-19 14:05:00+09:00,274750.0,276000.0,273000.0,275750.0,233362
2026-05-19 14:10:00+09:00,275750.0,277500.0,275500.0,276500.0,354998
2026-05-19 14:15:00+09:00,276500.0,277500.0,275000.0,277250.0,301579
2026-05-19 14:20:00+09:00,277500.0,279000.0,276500.0,277500.0,513910
2026-05-19 14:25:00+09:00,277250.0,280500.0,276500.0,279500.0,594615
2026-05-19 14:30:00+09:00,279500.0,280500.0,278500.0,279250.0,365250
2026-05-19 14:35:00+09:00,279000.0,281500.0,278500.0,281000.0,609719
2026-05-19 14:40:00+09:00,280500.0,281500.0,278000.0,278000.0,437516
2026-05-19 14:45:00+09:00,278250.0,280000.0,278000.0,279000.0,324779
2026-05-19 14:50:00+09:00,279000.0,280000.0,278000.0,279750.0,225386
2026-05-19 14:55:00+09:00,279750.0,280000.0,278500.0,279750.0,198203
2026-05-20 09:00:00+09:00,278000.0,281000.0,275500.0,275500.0,2483161
2026-05-20 09:05:00+09:00,276000.0,278500.0,274500.0,276500.0,717395
2026-05-20 09:10:00+09:00,276500.0,277000.0,274000.0,274750.0,427997
2026-05-20 09:15:00+09:00,274500.0,275500.0,273000.0,273500.0,473333
2026-05-20 09:20:00+09:00,273000.0,275000.0,271500.0,275000.0,477990
2026-05-20 09:25:00+09:00,275000.0,279000.0,274500.0,278000.0,651636
2026-05-20 09:30:00+09:00,278000.0,279500.0,276500.0,278500.0,542058
2026-05-20 09:35:00+09:00,278500.0,279500.0,276500.0,277000.0,412390
2026-05-20 09:40:00+09:00,277500.0,278500.0,275500.0,276500.0,343084
2026-05-20 09:45:00+09:00,276500.0,278000.0,275500.0,276500.0,310242
2026-05-20 09:50:00+09:00,276500.0,278000.0,275500.0,276500.0,297834
2026-05-20 09:55:00+09:00,276750.0,277500.0,274000.0,274500.0,418350
2026-05-20 10:00:00+09:00,274000.0,275000.0,273000.0,274500.0,486129
2026-05-20 10:05:00+09:00,274500.0,276500.0,272500.0,276500.0,415262
2026-05-20 10:10:00+09:00,276500.0,277000.0,274000.0,275000.0,364427
2026-05-20 10:15:00+09:00,275500.0,276500.0,274500.0,276000.0,187864
2026-05-20 10:20:00+09:00,276000.0,277000.0,275000.0,275500.0,191027
2026-05-20 10:25:00+09:00,275500.0,275500.0,273500.0,274500.0,360802
2026-05-20 10:30:00+09:00,274500.0,275000.0,273500.0,274250.0,221684
2026-05-20 10:35:00+09:00,274250.0,275500.0,273500.0,275000.0,249506
2026-05-20 10:40:00+09:00,275000.0,275000.0,274000.0,274750.0,295114
2026-05-20 10:45:00+09:00,274750.0,275500.0,273500.0,275500.0,227685
2026-05-20 10:50:00+09:00,275500.0,278000.0,275250.0,277500.0,373065
2026-05-20 10:55:00+09:00,277500.0,279000.0,277000.0,279000.0,235313
2026-05-20 11:00:00+09:00,279000.0,279500.0,277500.0,279500.0,323064
2026-05-20 11:05:00+09:00,279250.0,280500.0,279000.0,279750.0,499136
2026-05-20 11:10:00+09:00,279750.0,281000.0,279000.0,281000.0,250907
2026-05-20 11:15:00+09:00,281000.0,281500.0,280000.0,281000.0,437253
2026-05-20 11:20:00+09:00,280750.0,282500.0,280500.0,281750.0,408406
2026-05-20 11:25:00+09:00,281750.0,282000.0,277500.0,278000.0,413847
2026-05-20 11:30:00+09:00,278000.0,278000.0,265500.0,269500.0,2533372
2026-05-20 11:35:00+09:00,269500.0,270000.0,263500.0,266500.0,1803865
2026-05-20 11:40:00+09:00,266500.0,269500.0,264500.0,265000.0,839900
2026-05-20 11:45:00+09:00,265000.0,269000.0,264500.0,268000.0,694777
2026-05-20 11:50:00+09:00,267500.0,270000.0,267000.0,268250.0,473113
2026-05-20 11:55:00+09:00,268250.0,269500.0,267000.0,268000.0,348928
2026-05-20 12:00:00+09:00,268000.0,268000.0,266000.0,267500.0,393168
2026-05-20 12:05:00+09:00,267500.0,270000.0,267500.0,270000.0,289598
2026-05-20 12:10:00+09:00,269750.0,270000.0,267500.0,267500.0,233561
2026-05-20 12:15:00+09:00,267500.0,268500.0,267000.0,267500.0,191985
2026-05-20 12:20:00+09:00,267000.0,268000.0,265000.0,265500.0,360177
2026-05-20 12:25:00+09:00,265250.0,267500.0,265000.0,267500.0,281437
2026-05-20 12:30:00+09:00,267500.0,267500.0,266000.0,267000.0,306235
2026-05-20 12:35:00+09:00,267000.0,268000.0,266500.0,267750.0,320264
2026-05-20 12:40:00+09:00,267500.0,267750.0,266500.0,267000.0,210143
2026-05-20 12:45:00+09:00,267000.0,267000.0,266000.0,266500.0,242358
2026-05-20 12:50:00+09:00,267000.0,268000.0,266500.0,268000.0,142312
2026-05-20 12:55:00+09:00,268000.0,269000.0,267500.0,269000.0,216438
2026-05-20 13:00:00+09:00,268500.0,271500.0,268500.0,270500.0,509668
2026-05-20 13:05:00+09:00,270250.0,273000.0,270000.0,272500.0,344808
2026-05-20 13:10:00+09:00,272500.0,274500.0,271000.0,274250.0,333143
2026-05-20 13:15:00+09:00,274000.0,274250.0,271500.0,272000.0,279181
2026-05-20 13:20:00+09:00,272000.0,275000.0,272000.0,274250.0,400487
2026-05-20 13:25:00+09:00,274000.0,274250.0,272500.0,274000.0,294504
2026-05-20 13:30:00+09:00,274000.0,274000.0,271500.0,272500.0,261595
2026-05-20 13:35:00+09:00,272500.0,273000.0,271000.0,272500.0,226255
2026-05-20 13:40:00+09:00,272000.0,273000.0,271000.0,272000.0,186261
2026-05-20 13:45:00+09:00,271500.0,272000.0,270500.0,271500.0,245176
2026-05-20 13:50:00+09:00,271250.0,272000.0,270000.0,270250.0,214117
2026-05-20 13:55:00+09:00,270250.0,270500.0,269000.0,269500.0,292525
2026-05-20 14:00:00+09:00,270000.0,272000.0,269500.0,270000.0,240907
2026-05-20 14:05:00+09:00,270500.0,271000.0,269000.0,269500.0,228979
2026-05-20 14:10:00+09:00,269000.0,270000.0,269000.0,269500.0,206940
2026-05-20 14:15:00+09:00,269000.0,270250.0,269000.0,270000.0,256601
2026-05-20 14:20:00+09:00,270000.0,271500.0,269500.0,270500.0,238744
2026-05-20 14:25:00+09:00,270500.0,271000.0,269500.0,270500.0,219390
2026-05-20 14:30:00+09:00,270500.0,271000.0,270000.0,270000.0,233956
2026-05-20 14:35:00+09:00,270250.0,272000.0,270000.0,271750.0,242861
2026-05-20 14:40:00+09:00,272000.0,272000.0,270500.0,270500.0,196141
2026-05-20 14:45:00+09:00,270750.0,271500.0,270000.0,271500.0,256050
2026-05-20 14:50:00+09:00,271000.0,274000.0,271000.0,274000.0,465231
2026-05-20 14:55:00+09:00,273500.0,274500.0,273000.0,273500.0,403360
2026-05-21 09:00:00+09:00,291000.0,294000.0,290000.0,292500.0,2723296
2026-05-21 09:05:00+09:00,292500.0,293000.0,287000.0,290000.0,1526765
2026-05-21 09:10:00+09:00,290000.0,291500.0,288500.0,290500.0,729617
2026-05-21 09:15:00+09:00,290250.0,293000.0,289500.0,292500.0,529578
2026-05-21 09:20:00+09:00,292750.0,293000.0,291500.0,291500.0,391007
2026-05-21 09:25:00+09:00,292000.0,294000.0,291000.0,294000.0,706253
2026-05-21 09:30:00+09:00,293500.0,295000.0,292500.0,294500.0,747576
2026-05-21 09:35:00+09:00,294500.0,295000.0,293000.0,294000.0,602356
2026-05-21 09:40:00+09:00,294000.0,295000.0,293500.0,293500.0,356177
2026-05-21 09:45:00+09:00,293750.0,295000.0,293000.0,294500.0,384325
2026-05-21 09:50:00+09:00,294500.0,294750.0,293000.0,293250.0,338670
2026-05-21 09:55:00+09:00,293250.0,294500.0,291500.0,292000.0,654607
2026-05-21 10:00:00+09:00,292000.0,293000.0,291000.0,292000.0,531453
2026-05-21 10:05:00+09:00,292000.0,293500.0,291500.0,293500.0,326643
2026-05-21 10:10:00+09:00,293500.0,294000.0,292500.0,293250.0,269921
2026-05-21 10:15:00+09:00,293250.0,294000.0,292500.0,293500.0,424255
2026-05-21 10:20:00+09:00,293500.0,294000.0,292500.0,293000.0,275135
2026-05-21 10:25:00+09:00,293000.0,293500.0,292500.0,292750.0,230908
2026-05-21 10:30:00+09:00,293000.0,294500.0,292500.0,294500.0,539062
2026-05-21 10:35:00+09:00,294500.0,296500.0,294000.0,296500.0,961657
2026-05-21 10:40:00+09:00,296500.0,297000.0,294500.0,294750.0,594971
2026-05-21 10:45:00+09:00,294750.0,295000.0,292500.0,293250.0,664212
2026-05-21 10:50:00+09:00,293500.0,294000.0,292000.0,292500.0,372402
2026-05-21 10:55:00+09:00,292750.0,293000.0,291500.0,292000.0,596809
2026-05-21 11:00:00+09:00,292000.0,293500.0,291500.0,292250.0,487336
2026-05-21 11:05:00+09:00,292500.0,293000.0,291500.0,292750.0,283484
2026-05-21 11:10:00+09:00,292500.0,293500.0,292000.0,292000.0,277879
2026-05-21 11:15:00+09:00,292000.0,293000.0,292000.0,292250.0,180254
2026-05-21 11:20:00+09:00,292000.0,292500.0,291500.0,292000.0,328917
2026-05-21 11:25:00+09:00,292500.0,293000.0,292000.0,292750.0,306982
2026-05-21 11:30:00+09:00,292750.0,293500.0,292000.0,292500.0,299051
2026-05-21 11:35:00+09:00,292500.0,293000.0,292000.0,292000.0,294961
2026-05-21 11:40:00+09:00,292000.0,293000.0,292000.0,292750.0,259770
2026-05-21 11:45:00+09:00,292500.0,293000.0,292000.0,292000.0,174723
2026-05-21 11:50:00+09:00,292500.0,293500.0,292000.0,293000.0,225166
2026-05-21 11:55:00+09:00,293000.0,293500.0,292500.0,292500.0,249704
2026-05-21 12:00:00+09:00,292500.0,293500.0,292500.0,293250.0,122525
2026-05-21 12:05:00+09:00,293500.0,294000.0,293000.0,294000.0,185465
2026-05-21 12:10:00+09:00,294000.0,294500.0,293500.0,294500.0,292002
2026-05-21 12:15:00+09:00,294500.0,295000.0,293500.0,294750.0,323783
2026-05-21 12:20:00+09:00,294750.0,295500.0,294500.0,295500.0,348115
2026-05-21 12:25:00+09:00,295500.0,296000.0,294500.0,295500.0,495677
2026-05-21 12:30:00+09:00,295500.0,296000.0,295500.0,296000.0,176763
2026-05-21 12:35:00+09:00,296000.0,296500.0,295500.0,296500.0,385514
2026-05-21 12:40:00+09:00,296500.0,297500.0,296000.0,297500.0,617915
2026-05-21 12:45:00+09:00,297500.0,298000.0,297000.0,297750.0,391232
2026-05-21 12:50:00+09:00,297750.0,298000.0,295750.0,296500.0,615517
2026-05-21 12:55:00+09:00,296750.0,297000.0,296250.0,297000.0,159483
2026-05-21 13:00:00+09:00,296500.0,297500.0,296500.0,297500.0,285098
2026-05-21 13:05:00+09:00,297000.0,298000.0,297000.0,297000.0,259683
2026-05-21 13:10:00+09:00,297250.0,297500.0,296500.0,296750.0,265911
2026-05-21 13:15:00+09:00,296750.0,297000.0,296000.0,296500.0,273762
2026-05-21 13:20:00+09:00,296750.0,297000.0,296000.0,296500.0,201081
2026-05-21 13:25:00+09:00,296500.0,297000.0,296000.0,296000.0,222080
2026-05-21 13:30:00+09:00,296000.0,296500.0,295000.0,295250.0,365141
2026-05-21 13:35:00+09:00,295250.0,296000.0,295000.0,296000.0,230746
2026-05-21 13:40:00+09:00,296000.0,297000.0,295500.0,296500.0,302257
2026-05-21 13:45:00+09:00,296500.0,297000.0,296500.0,297000.0,171279
2026-05-21 13:50:00+09:00,296750.0,297000.0,296500.0,297000.0,292901
2026-05-21 13:55:00+09:00,296750.0,297500.0,296500.0,297000.0,351678
2026-05-21 14:00:00+09:00,297000.0,297500.0,297000.0,297250.0,211520
2026-05-21 14:05:00+09:00,297250.0,298000.0,297000.0,297500.0,419377
2026-05-21 14:10:00+09:00,297750.0,298500.0,297500.0,298000.0,579528
2026-05-21 14:15:00+09:00,298000.0,299000.0,297500.0,298500.0,504961
2026-05-21 14:20:00+09:00,298750.0,299000.0,298500.0,298500.0,252307
2026-05-21 14:25:00+09:00,299000.0,299000.0,297000.0,298500.0,619223
2026-05-21 14:30:00+09:00,298250.0,299000.0,297500.0,298750.0,331589
2026-05-21 14:35:00+09:00,298750.0,299000.0,298000.0,298500.0,394878
2026-05-21 14:40:00+09:00,298500.0,299000.0,298000.0,298500.0,331304
2026-05-21 14:45:00+09:00,298500.0,299000.0,297000.0,297750.0,510056
2026-05-21 14:50:00+09:00,297750.0,298500.0,297500.0,298500.0,417708
2026-05-21 14:55:00+09:00,298500.0,299000.0,298000.0,298750.0,519493
2026-05-22 09:00:00+09:00,300000.0,300500.0,296500.0,296500.0,1575962
2026-05-22 09:05:00+09:00,297000.0,299000.0,295500.0,296000.0,855175
2026-05-22 09:10:00+09:00,296000.0,297500.0,295500.0,295500.0,446514
2026-05-22 09:15:00+09:00,295500.0,296000.0,294500.0,295000.0,571177
2026-05-22 09:20:00+09:00,295500.0,297500.0,295000.0,296750.0,380359
2026-05-22 09:25:00+09:00,296750.0,297000.0,295000.0,295500.0,316587
2026-05-22 09:30:00+09:00,295500.0,296000.0,295000.0,295250.0,257712
2026-05-22 09:35:00+09:00,295250.0,296500.0,294500.0,296250.0,432926
2026-05-22 09:40:00+09:00,296250.0,296500.0,295250.0,296000.0,172119
2026-05-22 09:45:00+09:00,295500.0,296500.0,294500.0,295500.0,413898
2026-05-22 09:50:00+09:00,295000.0,295500.0,293500.0,294000.0,426280
2026-05-22 09:55:00+09:00,293750.0,294000.0,292000.0,293000.0,471905
2026-05-22 10:00:00+09:00,293500.0,294000.0,292000.0,293500.0,378112
2026-05-22 10:05:00+09:00,293500.0,293500.0,292000.0,293250.0,226846
2026-05-22 10:10:00+09:00,293000.0,295000.0,292500.0,294500.0,199368
2026-05-22 10:15:00+09:00,294500.0,295000.0,293500.0,295000.0,134717
2026-05-22 10:20:00+09:00,295000.0,295000.0,293500.0,294000.0,174754
2026-05-22 10:25:00+09:00,294000.0,295000.0,293000.0,293000.0,165877
2026-05-22 10:30:00+09:00,293250.0,294500.0,293000.0,294500.0,146024
2026-05-22 10:35:00+09:00,294500.0,295000.0,294000.0,294500.0,168699
2026-05-22 10:40:00+09:00,294500.0,295500.0,293500.0,294500.0,195106
2026-05-22 10:45:00+09:00,294500.0,296000.0,294500.0,295500.0,194743
2026-05-22 10:50:00+09:00,295500.0,296000.0,294500.0,294750.0,189571
2026-05-22 10:55:00+09:00,294750.0,295000.0,294000.0,294500.0,120290
2026-05-22 11:00:00+09:00,294500.0,294500.0,294000.0,294000.0,71993
2026-05-22 11:05:00+09:00,294500.0,294500.0,293500.0,294000.0,244864
2026-05-22 11:10:00+09:00,293750.0,294000.0,293500.0,293500.0,60658
2026-05-22 11:15:00+09:00,293750.0,294500.0,293500.0,294000.0,179341
2026-05-22 11:20:00+09:00,294000.0,294000.0,293000.0,293000.0,129920
2026-05-22 11:25:00+09:00,293000.0,293500.0,293000.0,293500.0,83982
2026-05-22 11:30:00+09:00,293250.0,293500.0,293000.0,293500.0,89197
2026-05-22 11:35:00+09:00,293500.0,294000.0,293000.0,294000.0,108003
2026-05-22 11:40:00+09:00,294000.0,295000.0,293500.0,294000.0,161986
2026-05-22 11:45:00+09:00,294500.0,294500.0,294000.0,294000.0,37636
2026-05-22 11:50:00+09:00,294000.0,294500.0,293500.0,293500.0,103337
2026-05-22 11:55:00+09:00,294000.0,294000.0,293500.0,294000.0,42549
2026-05-22 12:00:00+09:00,293500.0,294500.0,293500.0,294000.0,95339
2026-05-22 12:05:00+09:00,293500.0,294000.0,293000.0,293250.0,118565
2026-05-22 12:10:00+09:00,293000.0,293500.0,293000.0,293250.0,88636
2026-05-22 12:15:00+09:00,293250.0,293500.0,293000.0,293250.0,99229
2026-05-22 12:20:00+09:00,293000.0,293250.0,292500.0,292750.0,184405
2026-05-22 12:25:00+09:00,292750.0,292750.0,292000.0,292500.0,152494
2026-05-22 12:30:00+09:00,292000.0,293000.0,292000.0,292500.0,160871
2026-05-22 12:35:00+09:00,293000.0,293000.0,292500.0,292500.0,61016
2026-05-22 12:40:00+09:00,293000.0,293500.0,292500.0,293000.0,131816
2026-05-22 12:45:00+09:00,293000.0,293000.0,292500.0,292750.0,57381
2026-05-22 12:50:00+09:00,292750.0,293000.0,292000.0,292500.0,195972
2026-05-22 12:55:00+09:00,293000.0,293000.0,292500.0,292500.0,57599
2026-05-22 13:00:00+09:00,292500.0,293500.0,292500.0,293000.0,192246
2026-05-22 13:05:00+09:00,293000.0,294000.0,292500.0,294000.0,138236
2026-05-22 13:10:00+09:00,293750.0,294500.0,293500.0,293500.0,109378
2026-05-22 13:15:00+09:00,293750.0,293750.0,293000.0,293500.0,105256
2026-05-22 13:20:00+09:00,293500.0,294000.0,293000.0,293750.0,127233
2026-05-22 13:25:00+09:00,293750.0,294000.0,293500.0,293750.0,65647
2026-05-22 13:30:00+09:00,293750.0,294000.0,293000.0,293750.0,148495
2026-05-22 13:35:00+09:00,293500.0,293750.0,293000.0,293000.0,106772
2026-05-22 13:40:00+09:00,293500.0,294000.0,292500.0,293000.0,198626
2026-05-22 13:45:00+09:00,292750.0,293500.0,292500.0,293000.0,141347
2026-05-22 13:50:00+09:00,293000.0,293500.0,292500.0,292750.0,164516
2026-05-22 13:55:00+09:00,293000.0,293500.0,292750.0,293000.0,108630
2026-05-22 14:00:00+09:00,293500.0,294000.0,293000.0,293500.0,178110
2026-05-22 14:05:00+09:00,293750.0,294000.0,293500.0,293750.0,101298
2026-05-22 14:10:00+09:00,293500.0,294000.0,293000.0,293250.0,281282
2026-05-22 14:15:00+09:00,293500.0,294000.0,293000.0,294000.0,164230
2026-05-22 14:20:00+09:00,293500.0,294500.0,293500.0,294250.0,198752
2026-05-22 14:25:00+09:00,294000.0,295000.0,293500.0,294500.0,229782
2026-05-22 14:30:00+09:00,294750.0,294750.0,294000.0,294500.0,137574
2026-05-22 14:35:00+09:00,294250.0,294500.0,293500.0,293750.0,233468
2026-05-22 14:40:00+09:00,294000.0,294500.0,293500.0,294250.0,183951
2026-05-22 14:45:00+09:00,294250.0,294500.0,293500.0,294000.0,175550
2026-05-22 14:50:00+09:00,294000.0,294000.0,293500.0,294000.0,179204
2026-05-22 14:55:00+09:00,294000.0,294000.0,292500.0,292750.0,428880
2026-05-26 09:00:00+09:00,298000.0,301500.0,298000.0,299750.0,0
2026-05-26 09:05:00+09:00,299750.0,300000.0,298000.0,298500.0,578269
2026-05-26 09:10:00+09:00,298500.0,299000.0,297500.0,299000.0,460066
2026-05-26 09:15:00+09:00,299000.0,299000.0,298000.0,298500.0,387378
2026-05-26 09:20:00+09:00,298000.0,299500.0,298000.0,299500.0,275783
2026-05-26 09:25:00+09:00,299500.0,300500.0,299000.0,300000.0,762304
2026-05-26 09:30:00+09:00,300000.0,301000.0,299500.0,300750.0,436544
2026-05-26 09:35:00+09:00,301000.0,301500.0,300000.0,301500.0,811578
2026-05-26 09:40:00+09:00,301500.0,301500.0,300500.0,301000.0,421541
2026-05-26 09:45:00+09:00,301250.0,301500.0,300000.0,301000.0,387404
2026-05-26 09:50:00+09:00,300500.0,301500.0,300500.0,300750.0,327498
2026-05-26 09:55:00+09:00,300750.0,301500.0,300500.0,301250.0,224983
2026-05-26 10:00:00+09:00,301250.0,301500.0,300500.0,300500.0,310105
2026-05-26 10:05:00+09:00,300500.0,301000.0,299000.0,299250.0,567071
2026-05-26 10:10:00+09:00,299250.0,301000.0,299000.0,301000.0,310552
2026-05-26 10:15:00+09:00,301000.0,302000.0,300750.0,301500.0,640864
2026-05-26 10:20:00+09:00,301750.0,302000.0,301500.0,301500.0,147678
2026-05-26 10:25:00+09:00,301500.0,302000.0,301500.0,302000.0,135671
2026-05-26 10:30:00+09:00,301750.0,302000.0,300500.0,300500.0,262135
2026-05-26 10:35:00+09:00,300500.0,300750.0,299000.0,299500.0,384503
2026-05-26 10:40:00+09:00,299750.0,300000.0,299000.0,299500.0,233611
2026-05-26 10:45:00+09:00,299750.0,300500.0,299500.0,300000.0,305249
2026-05-26 10:50:00+09:00,300000.0,301500.0,300000.0,300750.0,277676
2026-05-26 10:55:00+09:00,300750.0,301000.0,300000.0,300500.0,130259
2026-05-26 11:00:00+09:00,300500.0,301000.0,300000.0,300500.0,156195
2026-05-26 11:05:00+09:00,300500.0,301000.0,300000.0,301000.0,171993
2026-05-26 11:10:00+09:00,301000.0,301000.0,300500.0,300750.0,69884
2026-05-26 11:15:00+09:00,301000.0,301000.0,300000.0,300500.0,191485
2026-05-26 11:20:00+09:00,300750.0,300750.0,300000.0,300500.0,78414
2026-05-26 11:25:00+09:00,300500.0,301000.0,300000.0,300500.0,154837
2026-05-26 11:30:00+09:00,300500.0,300500.0,300000.0,300250.0,63410
2026-05-26 11:35:00+09:00,300250.0,301000.0,300000.0,300500.0,162961
2026-05-26 11:40:00+09:00,300750.0,301000.0,300000.0,300500.0,99179
2026-05-26 11:45:00+09:00,300500.0,300500.0,300000.0,300000.0,78106
2026-05-26 11:50:00+09:00,300000.0,300500.0,300000.0,300000.0,81982
2026-05-26 11:55:00+09:00,300000.0,300250.0,299500.0,299750.0,117788
2026-05-26 12:00:00+09:00,299750.0,300000.0,299500.0,299750.0,58264
2026-05-26 12:05:00+09:00,299750.0,300000.0,299500.0,299750.0,67875
2026-05-26 12:10:00+09:00,300000.0,300000.0,299500.0,299500.0,56907
2026-05-26 12:15:00+09:00,299750.0,300000.0,299500.0,300000.0,84383
2026-05-26 12:20:00+09:00,300000.0,300500.0,299500.0,300250.0,159335
2026-05-26 12:25:00+09:00,300250.0,300500.0,300000.0,300250.0,138823
2026-05-26 12:30:00+09:00,300250.0,301500.0,300250.0,301000.0,454371
2026-05-26 12:35:00+09:00,301000.0,301500.0,300500.0,301000.0,205903
2026-05-26 12:40:00+09:00,301000.0,301500.0,301000.0,301000.0,115416
2026-05-26 12:45:00+09:00,301000.0,301500.0,300500.0,300750.0,303570
2026-05-26 12:50:00+09:00,301000.0,301000.0,300500.0,301000.0,63984
2026-05-26 12:55:00+09:00,301000.0,301500.0,300500.0,300750.0,179569
2026-05-26 13:00:00+09:00,301000.0,301500.0,300500.0,300750.0,97836
2026-05-26 13:05:00+09:00,300500.0,301000.0,300500.0,301000.0,98878
2026-05-26 13:10:00+09:00,301000.0,301500.0,300750.0,301500.0,196273
2026-05-26 13:15:00+09:00,301500.0,301500.0,301000.0,301250.0,129791
2026-05-26 13:20:00+09:00,301500.0,301500.0,300500.0,300750.0,268857
2026-05-26 13:25:00+09:00,301000.0,301000.0,300500.0,300500.0,149092
2026-05-26 13:30:00+09:00,300500.0,301000.0,300000.0,301000.0,242651
2026-05-26 13:35:00+09:00,300750.0,301500.0,300500.0,300750.0,169568
2026-05-26 13:40:00+09:00,300750.0,301000.0,300000.0,300250.0,174770
2026-05-26 13:45:00+09:00,300250.0,300500.0,300000.0,300000.0,166933
2026-05-26 13:50:00+09:00,300250.0,300500.0,300000.0,300000.0,85661
2026-05-26 13:55:00+09:00,300000.0,300500.0,300000.0,300250.0,131831
2026-05-26 14:00:00+09:00,300250.0,300500.0,299000.0,299500.0,405145
2026-05-26 14:05:00+09:00,299500.0,300000.0,299000.0,300000.0,118010
2026-05-26 14:10:00+09:00,299750.0,300000.0,299500.0,299500.0,120663
2026-05-26 14:15:00+09:00,299500.0,300000.0,299500.0,299500.0,68073
2026-05-26 14:20:00+09:00,299500.0,300000.0,299000.0,299500.0,248508
2026-05-26 14:25:00+09:00,299500.0,300000.0,299000.0,300000.0,92206
2026-05-26 14:30:00+09:00,300000.0,300000.0,299500.0,299750.0,121978
2026-05-26 14:35:00+09:00,299750.0,300000.0,299500.0,300000.0,146022
2026-05-26 14:40:00+09:00,299750.0,300500.0,299000.0,300000.0,427723
2026-05-26 14:45:00+09:00,300000.0,301000.0,300000.0,300500.0,430690
2026-05-26 14:50:00+09:00,300500.0,301000.0,300000.0,300750.0,233513
2026-05-26 14:55:00+09:00,300500.0,301000.0,300000.0,300500.0,339088
2026-05-27 09:00:00+09:00,321500.0,323000.0,319000.0,320000.0,2989733
2026-05-27 09:05:00+09:00,320000.0,320500.0,319000.0,320000.0,1179857
2026-05-27 09:10:00+09:00,320000.0,321000.0,319000.0,320500.0,985801
2026-05-27 09:15:00+09:00,320000.0,320500.0,316500.0,317500.0,1051572
2026-05-27 09:20:00+09:00,317000.0,317500.0,313000.0,314750.0,1168067
2026-05-27 09:25:00+09:00,314750.0,317500.0,313500.0,317000.0,781641
2026-05-27 09:30:00+09:00,316750.0,319000.0,316500.0,318500.0,555510
2026-05-27 09:35:00+09:00,318500.0,319000.0,317000.0,318250.0,446607
2026-05-27 09:40:00+09:00,318250.0,319750.0,317500.0,319500.0,440129
2026-05-27 09:45:00+09:00,319500.0,320000.0,318500.0,319500.0,416497
2026-05-27 09:50:00+09:00,319500.0,319500.0,318000.0,318750.0,264306
2026-05-27 09:55:00+09:00,318500.0,319000.0,317000.0,318500.0,375810
2026-05-27 10:00:00+09:00,318500.0,318500.0,317500.0,318000.0,210283
2026-05-27 10:05:00+09:00,317500.0,318500.0,316500.0,317500.0,342663
2026-05-27 10:10:00+09:00,317500.0,317500.0,315000.0,316000.0,302741
2026-05-27 10:15:00+09:00,316000.0,317500.0,315500.0,317000.0,228116
2026-05-27 10:20:00+09:00,317000.0,319500.0,316500.0,319500.0,428669
2026-05-27 10:25:00+09:00,319500.0,320000.0,318500.0,318500.0,399901
2026-05-27 10:30:00+09:00,318500.0,320500.0,318000.0,319500.0,803810
2026-05-27 10:35:00+09:00,319500.0,320000.0,318500.0,318500.0,159488
2026-05-27 10:40:00+09:00,319000.0,320000.0,318000.0,319000.0,210117
2026-05-27 10:45:00+09:00,318500.0,319000.0,318000.0,318750.0,281042
2026-05-27 10:50:00+09:00,318500.0,319000.0,318000.0,318500.0,156265
2026-05-27 10:55:00+09:00,318500.0,319500.0,318500.0,319250.0,168245
2026-05-27 11:00:00+09:00,319000.0,319500.0,318000.0,318500.0,228667
2026-05-27 11:05:00+09:00,318500.0,319000.0,317000.0,317500.0,280191
2026-05-27 11:10:00+09:00,317500.0,318500.0,317000.0,318250.0,201575
2026-05-27 11:15:00+09:00,318250.0,319500.0,318000.0,319000.0,248583
2026-05-27 11:20:00+09:00,319000.0,319500.0,318500.0,319250.0,167650
2026-05-27 11:25:00+09:00,319250.0,320000.0,319000.0,320000.0,307546
2026-05-27 11:30:00+09:00,319500.0,320000.0,319000.0,319750.0,245379
2026-05-27 11:35:00+09:00,320000.0,320500.0,319500.0,320500.0,342083
2026-05-27 11:40:00+09:00,320500.0,321000.0,320000.0,320750.0,299034
2026-05-27 11:45:00+09:00,320750.0,321500.0,320500.0,320500.0,525287
2026-05-27 11:50:00+09:00,320500.0,321000.0,320000.0,320250.0,233180
2026-05-27 11:55:00+09:00,320000.0,320500.0,319500.0,320500.0,318431
2026-05-27 12:00:00+09:00,320500.0,320500.0,319500.0,320000.0,269048
2026-05-27 12:05:00+09:00,319500.0,320000.0,319000.0,320000.0,220272
2026-05-27 12:10:00+09:00,320000.0,320000.0,319000.0,319500.0,99352
2026-05-27 12:15:00+09:00,319000.0,320000.0,318500.0,319750.0,373792
2026-05-27 12:20:00+09:00,319750.0,320500.0,319500.0,320000.0,170749
2026-05-27 12:25:00+09:00,320000.0,321000.0,319500.0,320500.0,274363
2026-05-27 12:30:00+09:00,320500.0,321000.0,319500.0,320500.0,329277
2026-05-27 12:35:00+09:00,321000.0,321500.0,320500.0,320750.0,361288
2026-05-27 12:40:00+09:00,320750.0,321000.0,320500.0,320500.0,119356
2026-05-27 12:45:00+09:00,321000.0,321000.0,319500.0,320000.0,230376
2026-05-27 12:50:00+09:00,320000.0,320000.0,319000.0,319250.0,261095
2026-05-27 12:55:00+09:00,319000.0,319250.0,318000.0,318250.0,373899
2026-05-27 13:00:00+09:00,318250.0,319000.0,318000.0,318250.0,244479
2026-05-27 13:05:00+09:00,318250.0,319000.0,318000.0,318500.0,229192
2026-05-27 13:10:00+09:00,318500.0,319500.0,318500.0,318500.0,205308
2026-05-27 13:15:00+09:00,318750.0,318750.0,317000.0,317500.0,354897
2026-05-27 13:20:00+09:00,317500.0,318000.0,316500.0,317000.0,382462
2026-05-27 13:25:00+09:00,317000.0,317000.0,315000.0,315500.0,580463
2026-05-27 13:30:00+09:00,315500.0,315750.0,314000.0,315250.0,587326
2026-05-27 13:35:00+09:00,315250.0,316000.0,314500.0,315500.0,299594
2026-05-27 13:40:00+09:00,315500.0,316500.0,315000.0,315500.0,276987
2026-05-27 13:45:00+09:00,315500.0,316500.0,315500.0,316250.0,123489
2026-05-27 13:50:00+09:00,316250.0,317000.0,315500.0,316250.0,177646
2026-05-27 13:55:00+09:00,316000.0,316500.0,315000.0,315000.0,161860
2026-05-27 14:00:00+09:00,315250.0,316000.0,314500.0,315000.0,277541
2026-05-27 14:05:00+09:00,314500.0,315000.0,313000.0,314250.0,490227
2026-05-27 14:10:00+09:00,314000.0,314250.0,312000.0,313000.0,453302
2026-05-27 14:15:00+09:00,313000.0,313000.0,311000.0,312000.0,443449
2026-05-27 14:20:00+09:00,311500.0,314000.0,311500.0,313500.0,385040
2026-05-27 14:25:00+09:00,313750.0,315000.0,312500.0,314500.0,287415
2026-05-27 14:30:00+09:00,315000.0,315000.0,312000.0,312250.0,231445
2026-05-27 14:35:00+09:00,312000.0,313500.0,311000.0,311250.0,351374
2026-05-27 14:40:00+09:00,311250.0,314000.0,311000.0,313500.0,297224
2026-05-27 14:45:00+09:00,313000.0,314000.0,310000.0,310250.0,450118
2026-05-27 14:50:00+09:00,310500.0,311000.0,308500.0,310000.0,618177
2026-05-27 14:55:00+09:00,310000.0,312000.0,309000.0,309250.0,510511
2026-05-28 09:00:00+09:00,305000.0,305500.0,302500.0,304500.0,1766882
2026-05-28 09:05:00+09:00,305000.0,305500.0,302500.0,303000.0,452707
2026-05-28 09:10:00+09:00,303000.0,303000.0,299000.0,301500.0,976603
2026-05-28 09:15:00+09:00,301500.0,304000.0,301000.0,302500.0,494325
2026-05-28 09:20:00+09:00,302500.0,304500.0,301000.0,304500.0,434228
2026-05-28 09:25:00+09:00,304000.0,304500.0,301500.0,302500.0,473170
2026-05-28 09:30:00+09:00,302500.0,303500.0,301000.0,301500.0,498924
2026-05-28 09:35:00+09:00,301500.0,303500.0,301000.0,303500.0,346224
2026-05-28 09:40:00+09:00,303000.0,306000.0,303000.0,306000.0,449428
2026-05-28 09:45:00+09:00,306000.0,306000.0,304500.0,304500.0,408574
2026-05-28 09:50:00+09:00,304500.0,306500.0,304000.0,305250.0,396207
2026-05-28 09:55:00+09:00,305250.0,306500.0,304000.0,306000.0,285981
2026-05-28 10:00:00+09:00,306000.0,306500.0,303000.0,304000.0,342419
2026-05-28 10:05:00+09:00,304000.0,304500.0,302500.0,304000.0,231784
2026-05-28 10:10:00+09:00,304000.0,305000.0,303000.0,305000.0,271536
2026-05-28 10:15:00+09:00,305000.0,305500.0,303500.0,304000.0,251847
2026-05-28 10:20:00+09:00,304000.0,304500.0,302500.0,303250.0,255974
2026-05-28 10:25:00+09:00,303250.0,303500.0,301500.0,302000.0,372488
2026-05-28 10:30:00+09:00,302000.0,302000.0,301000.0,301500.0,249194
2026-05-28 10:35:00+09:00,301250.0,302000.0,301000.0,301500.0,303415
2026-05-28 10:40:00+09:00,301500.0,302000.0,301000.0,301000.0,272936
2026-05-28 10:45:00+09:00,301250.0,301500.0,300500.0,301500.0,274442
2026-05-28 10:50:00+09:00,301500.0,302000.0,301000.0,302000.0,219296
2026-05-28 10:55:00+09:00,302000.0,304000.0,301500.0,303500.0,238808
2026-05-28 11:00:00+09:00,303500.0,304000.0,302000.0,303000.0,240298
2026-05-28 11:05:00+09:00,303000.0,303000.0,301000.0,301500.0,187316
2026-05-28 11:10:00+09:00,301500.0,301500.0,301000.0,301250.0,102862
2026-05-28 11:15:00+09:00,301250.0,301500.0,300500.0,300500.0,231843
2026-05-28 11:20:00+09:00,300500.0,301500.0,300500.0,300750.0,153164
2026-05-28 11:25:00+09:00,300750.0,301500.0,300500.0,300750.0,202258
2026-05-28 11:30:00+09:00,300750.0,301500.0,300500.0,301250.0,175548
2026-05-28 11:35:00+09:00,301250.0,301500.0,300500.0,301000.0,146319
2026-05-28 11:40:00+09:00,300750.0,301000.0,300000.0,300250.0,221320
2026-05-28 11:45:00+09:00,300000.0,300500.0,300000.0,300500.0,179929
2026-05-28 11:50:00+09:00,300500.0,301000.0,299500.0,300250.0,516503
2026-05-28 11:55:00+09:00,300250.0,300250.0,299000.0,299500.0,304047
2026-05-28 12:00:00+09:00,299500.0,300000.0,299000.0,299500.0,220202
2026-05-28 12:05:00+09:00,299000.0,300500.0,299000.0,299500.0,242699
2026-05-28 12:10:00+09:00,299500.0,300500.0,299500.0,300000.0,135427
2026-05-28 12:15:00+09:00,299750.0,300000.0,299000.0,299000.0,132663
2026-05-28 12:20:00+09:00,299000.0,299250.0,297500.0,298000.0,607137
2026-05-28 12:25:00+09:00,298000.0,298250.0,297000.0,297750.0,220803
2026-05-28 12:30:00+09:00,297500.0,297750.0,295500.0,296250.0,534421
2026-05-28 12:35:00+09:00,296500.0,296500.0,293500.0,293500.0,628465
2026-05-28 12:40:00+09:00,294000.0,295500.0,292500.0,293500.0,601831
2026-05-28 12:45:00+09:00,293250.0,296500.0,292500.0,295000.0,436747
2026-05-28 12:50:00+09:00,295500.0,295500.0,294000.0,295500.0,188470
2026-05-28 12:55:00+09:00,295500.0,295500.0,293500.0,294250.0,281668
2026-05-28 13:00:00+09:00,294250.0,294250.0,291000.0,291000.0,463779
2026-05-28 13:05:00+09:00,291000.0,292000.0,290500.0,291500.0,594443
2026-05-28 13:10:00+09:00,291500.0,292000.0,289500.0,289500.0,673358
2026-05-28 13:15:00+09:00,289500.0,290000.0,287500.0,288500.0,597807
2026-05-28 13:20:00+09:00,288500.0,290000.0,287500.0,290000.0,428021
2026-05-28 13:25:00+09:00,289500.0,291000.0,288500.0,290750.0,428082
2026-05-28 13:30:00+09:00,290500.0,293000.0,289500.0,291750.0,457209
2026-05-28 13:35:00+09:00,292000.0,293500.0,291500.0,293000.0,453642
2026-05-28 13:40:00+09:00,293000.0,293750.0,291500.0,292500.0,470305
2026-05-28 13:45:00+09:00,292500.0,292500.0,290500.0,291000.0,202319
2026-05-28 13:50:00+09:00,291000.0,292500.0,290500.0,291500.0,319931
2026-05-28 13:55:00+09:00,291500.0,292000.0,290500.0,291000.0,216249
2026-05-28 14:00:00+09:00,291000.0,291500.0,290000.0,290500.0,341559
2026-05-28 14:05:00+09:00,290500.0,292500.0,289500.0,292500.0,347457
2026-05-28 14:10:00+09:00,292500.0,294500.0,292000.0,294500.0,274574
2026-05-28 14:15:00+09:00,294500.0,294500.0,292500.0,293500.0,246382
2026-05-28 14:20:00+09:00,293250.0,295000.0,293000.0,295000.0,271833
2026-05-28 14:25:00+09:00,295000.0,295750.0,294500.0,295000.0,459331
2026-05-28 14:30:00+09:00,294750.0,297000.0,294750.0,296500.0,424201
2026-05-28 14:35:00+09:00,296500.0,297500.0,296000.0,296250.0,365185
2026-05-28 14:40:00+09:00,296000.0,297500.0,295000.0,296000.0,387776
2026-05-28 14:45:00+09:00,296250.0,298500.0,296000.0,298250.0,426882
2026-05-28 14:50:00+09:00,298250.0,299500.0,298000.0,298500.0,451073
2026-05-28 14:55:00+09:00,298500.0,298500.0,297500.0,298000.0,208510
2026-05-29 09:00:00+09:00,309500.0,319000.0,309000.0,318500.0,2696850
2026-05-29 09:05:00+09:00,318500.0,319000.0,314500.0,315500.0,1213830
2026-05-29 09:10:00+09:00,315500.0,317000.0,312500.0,313000.0,924756
2026-05-29 09:15:00+09:00,313000.0,314000.0,310500.0,310750.0,902654
2026-05-29 09:20:00+09:00,310750.0,311500.0,308500.0,311000.0,833289
2026-05-29 09:25:00+09:00,311000.0,312000.0,309500.0,310500.0,694553
2026-05-29 09:30:00+09:00,310500.0,312000.0,310000.0,311000.0,389390
2026-05-29 09:35:00+09:00,311000.0,313000.0,310500.0,312500.0,263731
2026-05-29 09:40:00+09:00,312500.0,312500.0,310000.0,311000.0,345317
2026-05-29 09:45:00+09:00,311000.0,311500.0,308500.0,308500.0,258515
2026-05-29 09:50:00+09:00,308500.0,311000.0,308000.0,309500.0,332967
2026-05-29 09:55:00+09:00,309500.0,310000.0,308000.0,308500.0,270235
2026-05-29 10:00:00+09:00,308500.0,309000.0,305500.0,307000.0,475099
2026-05-29 10:05:00+09:00,307000.0,310000.0,306500.0,309500.0,269110
2026-05-29 10:10:00+09:00,309500.0,311000.0,309000.0,310500.0,191728
2026-05-29 10:15:00+09:00,310500.0,311000.0,309500.0,310500.0,164737
2026-05-29 10:20:00+09:00,310500.0,312500.0,310000.0,312000.0,306791
2026-05-29 10:25:00+09:00,311750.0,312500.0,310500.0,312250.0,277119
2026-05-29 10:30:00+09:00,312250.0,314000.0,311000.0,313000.0,495172
2026-05-29 10:35:00+09:00,313000.0,313500.0,311500.0,311500.0,237398
2026-05-29 10:40:00+09:00,311500.0,313500.0,311000.0,313500.0,240760
2026-05-29 10:45:00+09:00,313250.0,314000.0,312500.0,313000.0,228865
2026-05-29 10:50:00+09:00,312500.0,313750.0,312500.0,313000.0,249242
2026-05-29 10:55:00+09:00,313250.0,314000.0,313000.0,313500.0,161617
2026-05-29 11:00:00+09:00,314000.0,314500.0,313500.0,314000.0,263746
2026-05-29 11:05:00+09:00,313500.0,314000.0,312000.0,312000.0,202311
2026-05-29 11:10:00+09:00,312250.0,313000.0,311000.0,311500.0,215444
2026-05-29 11:15:00+09:00,312000.0,313500.0,311000.0,312500.0,244850
2026-05-29 11:20:00+09:00,312500.0,313000.0,311000.0,311500.0,206528
2026-05-29 11:25:00+09:00,311500.0,312000.0,310000.0,311000.0,252141
2026-05-29 11:30:00+09:00,310500.0,312000.0,310500.0,311000.0,186265
2026-05-29 11:35:00+09:00,311000.0,311500.0,310500.0,311000.0,143642
2026-05-29 11:40:00+09:00,311000.0,312000.0,309500.0,309500.0,192935
2026-05-29 11:45:00+09:00,309500.0,310500.0,309500.0,309750.0,131486
2026-05-29 11:50:00+09:00,310000.0,310000.0,309000.0,309500.0,153860
2026-05-29 11:55:00+09:00,310000.0,311000.0,309500.0,310250.0,148289
2026-05-29 12:00:00+09:00,310500.0,313000.0,310000.0,313000.0,250079
2026-05-29 12:05:00+09:00,313000.0,313500.0,312500.0,313000.0,239721
2026-05-29 12:10:00+09:00,313000.0,313000.0,311500.0,311500.0,126872
2026-05-29 12:15:00+09:00,312000.0,312500.0,311000.0,312000.0,174044
2026-05-29 12:20:00+09:00,312000.0,313000.0,311500.0,312500.0,172507
2026-05-29 12:25:00+09:00,312000.0,312500.0,310500.0,311500.0,194685
2026-05-29 12:30:00+09:00,311500.0,312000.0,310500.0,312000.0,104960
2026-05-29 12:35:00+09:00,312000.0,312500.0,311500.0,312000.0,96810
2026-05-29 12:40:00+09:00,312000.0,312500.0,312000.0,312000.0,81966
2026-05-29 12:45:00+09:00,312250.0,312500.0,311000.0,312500.0,125232
2026-05-29 12:50:00+09:00,312000.0,313000.0,311500.0,312500.0,193927
2026-05-29 12:55:00+09:00,312750.0,313000.0,312500.0,312500.0,62554
2026-05-29 13:00:00+09:00,312500.0,313500.0,312500.0,313500.0,153752
2026-05-29 13:05:00+09:00,313500.0,313500.0,312000.0,312500.0,236215
2026-05-29 13:10:00+09:00,312500.0,313000.0,312000.0,312000.0,234397
2026-05-29 13:15:00+09:00,312000.0,313500.0,312000.0,313000.0,162253
2026-05-29 13:20:00+09:00,313500.0,313500.0,312500.0,313000.0,226363
2026-05-29 13:25:00+09:00,313000.0,313000.0,312000.0,312500.0,128550
2026-05-29 13:30:00+09:00,312500.0,313500.0,312500.0,313250.0,171777
2026-05-29 13:35:00+09:00,313000.0,314500.0,313000.0,314000.0,453158
2026-05-29 13:40:00+09:00,314500.0,314500.0,313500.0,314000.0,257142
2026-05-29 13:45:00+09:00,314000.0,314500.0,313000.0,314250.0,300112
2026-05-29 13:50:00+09:00,314000.0,314500.0,313500.0,314000.0,151458
2026-05-29 13:55:00+09:00,314500.0,314500.0,313500.0,313750.0,249420
2026-05-29 14:00:00+09:00,314000.0,314500.0,313500.0,314000.0,176245
2026-05-29 14:05:00+09:00,314000.0,314500.0,313500.0,314500.0,213625
2026-05-29 14:10:00+09:00,314500.0,315000.0,314000.0,314750.0,365164
2026-05-29 14:15:00+09:00,315000.0,315000.0,314500.0,314750.0,133608
2026-05-29 14:20:00+09:00,314750.0,316000.0,314500.0,315500.0,470367
2026-05-29 14:25:00+09:00,315500.0,317000.0,315500.0,317000.0,536912
2026-05-29 14:30:00+09:00,316500.0,318000.0,316500.0,317500.0,455308
2026-05-29 14:35:00+09:00,317000.0,317500.0,315500.0,315750.0,383765
2026-05-29 14:40:00+09:00,315750.0,317500.0,315500.0,317500.0,352334
2026-05-29 14:45:00+09:00,317500.0,318500.0,317000.0,317500.0,612272
2026-05-29 14:50:00+09:00,318000.0,318000.0,317000.0,317750.0,397056
2026-05-29 14:55:00+09:00,317750.0,318000.0,317000.0,317500.0,273493
2026-06-01 09:00:00+09:00,319500.0,327000.0,319500.0,327000.0,0
2026-06-01 09:05:00+09:00,327000.0,328000.0,324000.0,325500.0,1153929
2026-06-01 09:10:00+09:00,325000.0,328500.0,324500.0,328250.0,702469
2026-06-01 09:15:00+09:00,328250.0,328500.0,324000.0,324500.0,848501
2026-06-01 09:20:00+09:00,324500.0,326500.0,324000.0,324500.0,449849
2026-06-01 09:25:00+09:00,324750.0,328000.0,323000.0,327250.0,821047
2026-06-01 09:30:00+09:00,327000.0,330000.0,327000.0,329500.0,949120
2026-06-01 09:35:00+09:00,329500.0,334000.0,329000.0,334000.0,1086185
2026-06-01 09:40:00+09:00,333500.0,334000.0,332000.0,333500.0,594998
2026-06-01 09:45:00+09:00,333000.0,335500.0,332500.0,334000.0,940408
2026-06-01 09:50:00+09:00,334000.0,334500.0,332000.0,333500.0,488904
2026-06-01 09:55:00+09:00,333500.0,335000.0,333000.0,334500.0,639342
2026-06-01 10:00:00+09:00,334750.0,338500.0,334500.0,337000.0,975577
2026-06-01 10:05:00+09:00,337500.0,339500.0,337000.0,339000.0,577075
2026-06-01 10:10:00+09:00,338500.0,342000.0,338500.0,340000.0,1126157
2026-06-01 10:15:00+09:00,340000.0,341000.0,338500.0,338750.0,599092
2026-06-01 10:20:00+09:00,338500.0,340000.0,337500.0,338000.0,523338
2026-06-01 10:25:00+09:00,338500.0,342000.0,338000.0,342000.0,465741
2026-06-01 10:30:00+09:00,342000.0,345000.0,341500.0,344000.0,959391
2026-06-01 10:35:00+09:00,344500.0,345500.0,342500.0,344500.0,604598
2026-06-01 10:40:00+09:00,344500.0,347000.0,344500.0,346500.0,410762
2026-06-01 10:45:00+09:00,347000.0,348000.0,345500.0,348000.0,483980
2026-06-01 10:50:00+09:00,348000.0,348500.0,347000.0,348500.0,565003
2026-06-01 10:55:00+09:00,348500.0,349000.0,345500.0,346000.0,644204
2026-06-01 11:00:00+09:00,346000.0,348000.0,345500.0,346000.0,444217
2026-06-01 11:05:00+09:00,346000.0,347500.0,345000.0,347250.0,473411
2026-06-01 11:10:00+09:00,347250.0,348000.0,347000.0,347750.0,275194
2026-06-01 11:15:00+09:00,347500.0,348500.0,346500.0,347000.0,426505
2026-06-01 11:20:00+09:00,347000.0,347000.0,345000.0,345500.0,455609
2026-06-01 11:25:00+09:00,345250.0,348000.0,345000.0,347500.0,371673
2026-06-01 11:30:00+09:00,347500.0,348000.0,346000.0,347250.0,332097
2026-06-01 11:35:00+09:00,347250.0,348500.0,347000.0,347000.0,332080
2026-06-01 11:40:00+09:00,347000.0,347500.0,346500.0,346500.0,249393
2026-06-01 11:45:00+09:00,347000.0,347500.0,344000.0,345500.0,432584
2026-06-01 11:50:00+09:00,345000.0,345500.0,343500.0,345000.0,381282
2026-06-01 11:55:00+09:00,345000.0,347000.0,344500.0,346750.0,163096
2026-06-01 12:00:00+09:00,347000.0,348000.0,346500.0,348000.0,204848
2026-06-01 12:05:00+09:00,347750.0,348000.0,347000.0,347250.0,206844
2026-06-01 12:10:00+09:00,347500.0,348000.0,347000.0,347750.0,106484
2026-06-01 12:15:00+09:00,347500.0,348000.0,347000.0,347750.0,196893
2026-06-01 12:20:00+09:00,347500.0,348500.0,347500.0,348500.0,254007
2026-06-01 12:25:00+09:00,348000.0,349000.0,348000.0,348750.0,271908
2026-06-01 12:30:00+09:00,348750.0,349000.0,348000.0,348500.0,209642
2026-06-01 12:35:00+09:00,348500.0,349000.0,348000.0,348500.0,305423
2026-06-01 12:40:00+09:00,348500.0,348500.0,346500.0,346500.0,271097
2026-06-01 12:45:00+09:00,347000.0,348500.0,346000.0,348500.0,224760
2026-06-01 12:50:00+09:00,348000.0,348500.0,347000.0,347500.0,196192
2026-06-01 12:55:00+09:00,347500.0,347500.0,346000.0,347250.0,251219
2026-06-01 13:00:00+09:00,347000.0,348000.0,346500.0,347500.0,156499
2026-06-01 13:05:00+09:00,348000.0,348500.0,347500.0,348500.0,170466
2026-06-01 13:10:00+09:00,348000.0,349000.0,348000.0,349000.0,245134
2026-06-01 13:15:00+09:00,349000.0,349000.0,348000.0,348750.0,178959
2026-06-01 13:20:00+09:00,348750.0,349000.0,348000.0,348000.0,204318
2026-06-01 13:25:00+09:00,348500.0,349000.0,348000.0,348500.0,200568
2026-06-01 13:30:00+09:00,348500.0,349500.0,348500.0,349500.0,415730
2026-06-01 13:35:00+09:00,349500.0,349500.0,349000.0,349000.0,156664
2026-06-01 13:40:00+09:00,349500.0,350000.0,349000.0,349500.0,415244
2026-06-01 13:45:00+09:00,349500.0,349500.0,348000.0,348750.0,262870
2026-06-01 13:50:00+09:00,348750.0,349500.0,348000.0,349000.0,207279
2026-06-01 13:55:00+09:00,349000.0,350000.0,349000.0,349500.0,287257
2026-06-01 14:00:00+09:00,349500.0,349750.0,348500.0,349000.0,223279
2026-06-01 14:05:00+09:00,349000.0,350000.0,348500.0,348750.0,229999
2026-06-01 14:10:00+09:00,349000.0,349500.0,347000.0,347500.0,441879
2026-06-01 14:15:00+09:00,347500.0,348500.0,347000.0,348250.0,259359
2026-06-01 14:20:00+09:00,348500.0,348500.0,346000.0,346000.0,259827
2026-06-01 14:25:00+09:00,346000.0,347500.0,343500.0,344000.0,545925
2026-06-01 14:30:00+09:00,344000.0,347000.0,344000.0,344500.0,451442
2026-06-01 14:35:00+09:00,344250.0,347000.0,344250.0,346750.0,321771
2026-06-01 14:40:00+09:00,346750.0,349000.0,346500.0,348750.0,453044
2026-06-01 14:45:00+09:00,348500.0,350000.0,348000.0,349500.0,479727
2026-06-01 14:50:00+09:00,349750.0,350000.0,349000.0,349000.0,269817
2026-06-01 14:55:00+09:00,349000.0,351250.0,349000.0,351250.0,1068007
2026-06-02 09:00:00+09:00,360500.0,370000.0,360000.0,369000.0,5432375
2026-06-02 09:05:00+09:00,369500.0,369500.0,342000.0,357250.0,3577687
2026-06-02 09:10:00+09:00,357250.0,365500.0,356000.0,363000.0,1881750
2026-06-02 09:15:00+09:00,363000.0,363500.0,353000.0,353500.0,1734411
2026-06-02 09:20:00+09:00,354000.0,360500.0,353500.0,357000.0,977895
2026-06-02 09:25:00+09:00,357500.0,362000.0,354000.0,360750.0,822581
2026-06-02 09:30:00+09:00,360750.0,366500.0,360000.0,365500.0,825232
2026-06-02 09:35:00+09:00,365000.0,365500.0,360000.0,360500.0,662278
2026-06-02 09:40:00+09:00,360500.0,361000.0,356500.0,360500.0,608332
2026-06-02 09:45:00+09:00,361000.0,361000.0,355500.0,357500.0,588693
2026-06-02 09:50:00+09:00,358000.0,358000.0,354000.0,354000.0,552310
2026-06-02 09:55:00+09:00,354000.0,355000.0,348000.0,350000.0,1078183
2026-06-02 10:00:00+09:00,350000.0,355000.0,349500.0,355000.0,713009
2026-06-02 10:05:00+09:00,355000.0,359000.0,354750.0,356500.0,565631
2026-06-02 10:10:00+09:00,356500.0,358000.0,353500.0,357000.0,358630
2026-06-02 10:15:00+09:00,356750.0,359000.0,356500.0,358000.0,366276
2026-06-02 10:20:00+09:00,357500.0,359500.0,356000.0,358500.0,347402
2026-06-02 10:25:00+09:00,358500.0,358750.0,355500.0,358000.0,370143
2026-06-02 10:30:00+09:00,358000.0,361500.0,357500.0,361000.0,418956
2026-06-02 10:35:00+09:00,361250.0,361500.0,357000.0,358000.0,369660
2026-06-02 10:40:00+09:00,357500.0,358000.0,354000.0,354500.0,525082
2026-06-02 10:45:00+09:00,354500.0,355000.0,352000.0,353000.0,423834
2026-06-02 10:50:00+09:00,352750.0,354500.0,351000.0,353000.0,407338
2026-06-02 10:55:00+09:00,353000.0,353500.0,350000.0,350000.0,411292
2026-06-02 11:00:00+09:00,350000.0,352000.0,349500.0,350500.0,442313
2026-06-02 11:05:00+09:00,350000.0,352000.0,347000.0,347500.0,590896
2026-06-02 11:10:00+09:00,347500.0,352000.0,347500.0,350000.0,446083
2026-06-02 11:15:00+09:00,350000.0,353000.0,348500.0,353000.0,388147
2026-06-02 11:20:00+09:00,353000.0,354000.0,351000.0,352000.0,349396
2026-06-02 11:25:00+09:00,352000.0,353500.0,351000.0,352500.0,253356
2026-06-02 11:30:00+09:00,352000.0,354500.0,352000.0,354000.0,208080
2026-06-02 11:35:00+09:00,354000.0,355500.0,353500.0,355000.0,274840
2026-06-02 11:40:00+09:00,354500.0,355500.0,354000.0,355500.0,186522
2026-06-02 11:45:00+09:00,355500.0,356000.0,354500.0,355000.0,272167
2026-06-02 11:50:00+09:00,354500.0,355000.0,351500.0,352000.0,394348
2026-06-02 11:55:00+09:00,352000.0,354000.0,351500.0,352500.0,247783
2026-06-02 12:00:00+09:00,352500.0,353500.0,351500.0,352000.0,184255
2026-06-02 12:05:00+09:00,352000.0,352000.0,350000.0,350500.0,228573
2026-06-02 12:10:00+09:00,351000.0,351000.0,350000.0,350500.0,210880
2026-06-02 12:15:00+09:00,350500.0,351000.0,349000.0,349250.0,323242
2026-06-02 12:20:00+09:00,349250.0,350000.0,348500.0,349000.0,368209
2026-06-02 12:25:00+09:00,349000.0,349500.0,347500.0,348500.0,336400
2026-06-02 12:30:00+09:00,348500.0,350500.0,347500.0,348000.0,380429
2026-06-02 12:35:00+09:00,348000.0,350500.0,347500.0,350500.0,263949
2026-06-02 12:40:00+09:00,350500.0,350500.0,348500.0,349500.0,191239
2026-06-02 12:45:00+09:00,349750.0,351000.0,349500.0,350750.0,237108
2026-06-02 12:50:00+09:00,350750.0,350750.0,349000.0,349500.0,195288
2026-06-02 12:55:00+09:00,349500.0,351000.0,349000.0,351000.0,200491
2026-06-02 13:00:00+09:00,350750.0,354000.0,350000.0,353500.0,332677
2026-06-02 13:05:00+09:00,353000.0,354500.0,352500.0,353000.0,400302
2026-06-02 13:10:00+09:00,353000.0,353500.0,351000.0,351500.0,213827
2026-06-02 13:15:00+09:00,351500.0,351500.0,350500.0,350750.0,218032
2026-06-02 13:20:00+09:00,350750.0,352000.0,350000.0,350500.0,251462
2026-06-02 13:25:00+09:00,350500.0,352000.0,349500.0,351500.0,430615
2026-06-02 13:30:00+09:00,351500.0,353000.0,351000.0,352000.0,258840
2026-06-02 13:35:00+09:00,352000.0,352000.0,351000.0,352000.0,156480
2026-06-02 13:40:00+09:00,352000.0,352500.0,350750.0,351250.0,231205
2026-06-02 13:45:00+09:00,351000.0,353500.0,350500.0,353250.0,357365
2026-06-02 13:50:00+09:00,353000.0,354000.0,352000.0,353500.0,354015
2026-06-02 13:55:00+09:00,352500.0,356500.0,352000.0,356500.0,360765
2026-06-02 14:00:00+09:00,356250.0,356500.0,354500.0,356500.0,336523
2026-06-02 14:05:00+09:00,356250.0,356500.0,354500.0,356500.0,209283
2026-06-02 14:10:00+09:00,356500.0,356500.0,354500.0,356000.0,280743
2026-06-02 14:15:00+09:00,356000.0,356500.0,355500.0,356000.0,131167
2026-06-02 14:20:00+09:00,356000.0,357000.0,356000.0,357000.0,257382
2026-06-02 14:25:00+09:00,356500.0,357000.0,356000.0,356500.0,271533
2026-06-02 14:30:00+09:00,357000.0,360000.0,356500.0,359750.0,387216
2026-06-02 14:35:00+09:00,360000.0,361500.0,359000.0,361000.0,506152
2026-06-02 14:40:00+09:00,361500.0,364000.0,361000.0,363500.0,447660
2026-06-02 14:45:00+09:00,364000.0,366000.0,363500.0,365000.0,628893
2026-06-02 14:50:00+09:00,365000.0,366000.0,360000.0,360000.0,548703
2026-06-02 14:55:00+09:00,360000.0,363000.0,360000.0,361500.0,353014
2026-06-04 09:00:00+09:00,349000.0,352000.0,348000.0,350000.0,0
2026-06-04 09:05:00+09:00,350000.0,351000.0,348500.0,350000.0,846033
2026-06-04 09:10:00+09:00,350500.0,355500.0,350000.0,354000.0,894452
2026-06-04 09:15:00+09:00,354000.0,356000.0,350500.0,354750.0,854669
2026-06-04 09:20:00+09:00,355000.0,357000.0,354500.0,355000.0,550590
2026-06-04 09:25:00+09:00,355500.0,360000.0,355000.0,360000.0,555589
2026-06-04 09:30:00+09:00,360000.0,363750.0,359000.0,363000.0,950222
2026-06-04 09:35:00+09:00,363500.0,366000.0,361000.0,364500.0,1032840
2026-06-04 09:40:00+09:00,365000.0,365000.0,361000.0,363000.0,542637
2026-06-04 09:45:00+09:00,363000.0,363500.0,358500.0,359000.0,569708
2026-06-04 09:50:00+09:00,359500.0,362500.0,357500.0,362500.0,477574
2026-06-04 09:55:00+09:00,362500.0,362500.0,359000.0,359500.0,394275
2026-06-04 10:00:00+09:00,359500.0,361000.0,358000.0,358000.0,424092
2026-06-04 10:05:00+09:00,358500.0,360000.0,357000.0,359500.0,450151
2026-06-04 10:10:00+09:00,359500.0,362000.0,359000.0,360250.0,405203
2026-06-04 10:15:00+09:00,360250.0,360250.0,357500.0,358500.0,414301
2026-06-04 10:20:00+09:00,358500.0,359000.0,357500.0,357750.0,282041
2026-06-04 10:25:00+09:00,357500.0,357750.0,355500.0,356000.0,540239
2026-06-04 10:30:00+09:00,356000.0,359500.0,355500.0,359000.0,382572
2026-06-04 10:35:00+09:00,359000.0,360500.0,358250.0,359000.0,249830
2026-06-04 10:40:00+09:00,359000.0,359000.0,355000.0,356000.0,382353
2026-06-04 10:45:00+09:00,356000.0,357500.0,354500.0,357250.0,409350
2026-06-04 10:50:00+09:00,357250.0,357250.0,354500.0,355000.0,400469
2026-06-04 10:55:00+09:00,355000.0,355500.0,354500.0,354500.0,218035
2026-06-04 11:00:00+09:00,354500.0,355000.0,353500.0,354000.0,216223
2026-06-04 11:05:00+09:00,354000.0,354500.0,351500.0,352000.0,536626
2026-06-04 11:10:00+09:00,352000.0,353500.0,350500.0,352250.0,559579
2026-06-04 11:15:00+09:00,352250.0,353000.0,350500.0,352500.0,339592
2026-06-04 11:20:00+09:00,352500.0,354000.0,352000.0,353250.0,361229
2026-06-04 11:25:00+09:00,353250.0,354500.0,353000.0,354500.0,322109
2026-06-04 11:30:00+09:00,354250.0,355000.0,353500.0,354000.0,273246
2026-06-04 11:35:00+09:00,354000.0,354500.0,353000.0,354500.0,233429
2026-06-04 11:40:00+09:00,354000.0,355000.0,353500.0,355000.0,169359
2026-06-04 11:45:00+09:00,355000.0,356000.0,354500.0,355500.0,324215
2026-06-04 11:50:00+09:00,355000.0,355500.0,353000.0,355000.0,329290
2026-06-04 11:55:00+09:00,355000.0,355000.0,353500.0,353750.0,158609
2026-06-04 12:00:00+09:00,353750.0,356000.0,353500.0,355750.0,197563
2026-06-04 12:05:00+09:00,355750.0,356500.0,355000.0,355500.0,218205
2026-06-04 12:10:00+09:00,355500.0,357000.0,355500.0,356000.0,199769
2026-06-04 12:15:00+09:00,356250.0,357500.0,355750.0,356500.0,222438
2026-06-04 12:20:00+09:00,356500.0,357500.0,356000.0,356500.0,190880
2026-06-04 12:25:00+09:00,356500.0,358000.0,356000.0,357500.0,245494
2026-06-04 12:30:00+09:00,357500.0,360000.0,357500.0,359250.0,304743
2026-06-04 12:35:00+09:00,359250.0,359250.0,358000.0,358750.0,212871
2026-06-04 12:40:00+09:00,358500.0,359000.0,355500.0,356500.0,242103
2026-06-04 12:45:00+09:00,356500.0,356750.0,355500.0,356000.0,237063
2026-06-04 12:50:00+09:00,355500.0,357500.0,355500.0,357250.0,146730
2026-06-04 12:55:00+09:00,357500.0,358500.0,357000.0,358500.0,224276
2026-06-04 13:00:00+09:00,358500.0,358500.0,356000.0,356000.0,208629
2026-06-04 13:05:00+09:00,356000.0,357000.0,356000.0,356500.0,251558
2026-06-04 13:10:00+09:00,356500.0,357500.0,356500.0,357000.0,94013
2026-06-04 13:15:00+09:00,356500.0,358000.0,356500.0,357750.0,241200
2026-06-04 13:20:00+09:00,357750.0,358500.0,357500.0,358500.0,137237
2026-06-04 13:25:00+09:00,358500.0,358500.0,357000.0,357250.0,150113
2026-06-04 13:30:00+09:00,357000.0,358000.0,356500.0,358000.0,187413
2026-06-04 13:35:00+09:00,358000.0,359000.0,358000.0,358250.0,147545
2026-06-04 13:40:00+09:00,358250.0,359000.0,357500.0,358250.0,238915
2026-06-04 13:45:00+09:00,358250.0,358500.0,357500.0,358500.0,141913
2026-06-04 13:50:00+09:00,358500.0,358500.0,358000.0,358000.0,157562
2026-06-04 13:55:00+09:00,358000.0,358500.0,357000.0,357750.0,274883
2026-06-04 14:00:00+09:00,357500.0,358500.0,357000.0,358000.0,182518
2026-06-04 14:05:00+09:00,357500.0,359000.0,357500.0,358000.0,220247
2026-06-04 14:10:00+09:00,358000.0,358000.0,356000.0,356500.0,258068
2026-06-04 14:15:00+09:00,357000.0,357500.0,356500.0,357250.0,185678
2026-06-04 14:20:00+09:00,357250.0,357250.0,356500.0,356500.0,166616
2026-06-04 14:25:00+09:00,356500.0,357000.0,356500.0,356500.0,168925
2026-06-04 14:30:00+09:00,356500.0,357500.0,355500.0,356500.0,435463
2026-06-04 14:35:00+09:00,356750.0,358000.0,356500.0,357000.0,212068
2026-06-04 14:40:00+09:00,357250.0,357500.0,356250.0,356500.0,320731
2026-06-04 14:45:00+09:00,356500.0,356500.0,354500.0,355000.0,543615
2026-06-04 14:50:00+09:00,355000.0,355500.0,354000.0,354500.0,315419
2026-06-04 14:55:00+09:00,354500.0,355500.0,353500.0,355500.0,435942
2026-06-05 09:00:00+09:00,333500.0,335000.0,331500.0,333500.0,2423766
2026-06-05 09:05:00+09:00,333500.0,334000.0,329500.0,331000.0,1347163
2026-06-05 09:10:00+09:00,331500.0,333000.0,327500.0,329000.0,1116780
2026-06-05 09:15:00+09:00,329500.0,331500.0,326000.0,328000.0,850599
2026-06-05 09:20:00+09:00,328000.0,329500.0,325000.0,326000.0,796183
2026-06-05 09:25:00+09:00,325500.0,329500.0,325000.0,329500.0,678486
2026-06-05 09:30:00+09:00,329500.0,332500.0,328000.0,331500.0,748810
2026-06-05 09:35:00+09:00,331500.0,331500.0,328000.0,329500.0,608664
2026-06-05 09:40:00+09:00,330000.0,331000.0,328500.0,330000.0,506325
2026-06-05 09:45:00+09:00,330000.0,330000.0,326500.0,327000.0,552996
2026-06-05 09:50:00+09:00,327000.0,328000.0,325500.0,328000.0,401186
2026-06-05 09:55:00+09:00,328000.0,328000.0,325500.0,326500.0,389540
2026-06-05 10:00:00+09:00,326500.0,328000.0,325500.0,326000.0,464021
2026-06-05 10:05:00+09:00,326000.0,328000.0,325500.0,327000.0,392535
2026-06-05 10:10:00+09:00,327000.0,327000.0,326000.0,326500.0,223847
2026-06-05 10:15:00+09:00,326000.0,327500.0,325500.0,327000.0,358040
2026-06-05 10:20:00+09:00,327500.0,328000.0,326000.0,327000.0,255569
2026-06-05 10:25:00+09:00,327000.0,330000.0,326500.0,330000.0,359638
2026-06-05 10:30:00+09:00,330000.0,333000.0,329500.0,333000.0,483726
2026-06-05 10:35:00+09:00,332500.0,335000.0,332000.0,334500.0,507571
2026-06-05 10:40:00+09:00,334000.0,337500.0,333500.0,336000.0,631220
2026-06-05 10:45:00+09:00,336500.0,337000.0,333000.0,333000.0,326704
2026-06-05 10:50:00+09:00,333000.0,336500.0,332000.0,336000.0,297927
2026-06-05 10:55:00+09:00,335500.0,338000.0,335500.0,337500.0,284791
2026-06-05 11:00:00+09:00,337500.0,339500.0,336000.0,338000.0,540147
2026-06-05 11:05:00+09:00,338000.0,340000.0,337000.0,339250.0,388440
2026-06-05 11:10:00+09:00,339500.0,341500.0,338500.0,339750.0,497091
2026-06-05 11:15:00+09:00,339750.0,340500.0,338000.0,338500.0,191350
2026-06-05 11:20:00+09:00,338250.0,341500.0,338000.0,341500.0,193735
2026-06-05 11:25:00+09:00,341500.0,343000.0,341000.0,342000.0,515085
2026-06-05 11:30:00+09:00,342500.0,342500.0,340000.0,340750.0,204150
2026-06-05 11:35:00+09:00,340750.0,342500.0,340000.0,340000.0,193341
2026-06-05 11:40:00+09:00,340250.0,340250.0,337500.0,338000.0,259528
2026-06-05 11:45:00+09:00,338000.0,340000.0,337000.0,337750.0,194344
2026-06-05 11:50:00+09:00,337750.0,339000.0,336500.0,336500.0,195400
2026-06-05 11:55:00+09:00,336500.0,337000.0,335000.0,336500.0,209141
2026-06-05 12:00:00+09:00,336500.0,338500.0,336000.0,337500.0,160297
2026-06-05 12:05:00+09:00,337500.0,338000.0,335500.0,336250.0,203432
2026-06-05 12:10:00+09:00,336250.0,337500.0,336000.0,336000.0,163029
2026-06-05 12:15:00+09:00,336250.0,338000.0,335500.0,336000.0,220913
2026-06-05 12:20:00+09:00,336000.0,337500.0,335500.0,337000.0,104360
2026-06-05 12:25:00+09:00,337000.0,338500.0,336000.0,336500.0,204140
2026-06-05 12:30:00+09:00,336250.0,338500.0,336000.0,337000.0,162540
2026-06-05 12:35:00+09:00,337000.0,337500.0,336000.0,337000.0,148508
2026-06-05 12:40:00+09:00,337000.0,337000.0,336000.0,336000.0,97304
2026-06-05 12:45:00+09:00,336000.0,336500.0,334000.0,334250.0,240009
2026-06-05 12:50:00+09:00,334000.0,335000.0,332500.0,332750.0,219589
2026-06-05 12:55:00+09:00,332500.0,334500.0,332500.0,334000.0,255703
2026-06-05 13:00:00+09:00,334000.0,334500.0,333000.0,333250.0,216499
2026-06-05 13:05:00+09:00,333250.0,335000.0,333000.0,334000.0,176327
2026-06-05 13:10:00+09:00,333750.0,334000.0,331000.0,332500.0,360785
2026-06-05 13:15:00+09:00,332000.0,333000.0,331000.0,332000.0,172549
2026-06-05 13:20:00+09:00,331750.0,333000.0,331500.0,332500.0,121482
2026-06-05 13:25:00+09:00,333000.0,334500.0,331000.0,331500.0,304514
2026-06-05 13:30:00+09:00,331500.0,331500.0,330000.0,331000.0,250158
2026-06-05 13:35:00+09:00,331000.0,333500.0,331000.0,333500.0,162894
2026-06-05 13:40:00+09:00,333500.0,335500.0,332000.0,332500.0,296803
2026-06-05 13:45:00+09:00,333000.0,334500.0,332500.0,334500.0,225093
2026-06-05 13:50:00+09:00,334500.0,335000.0,333000.0,334500.0,197448
2026-06-05 13:55:00+09:00,334500.0,335500.0,334000.0,334500.0,217308
2026-06-05 14:00:00+09:00,334500.0,336500.0,334000.0,335500.0,288895
2026-06-05 14:05:00+09:00,335500.0,336000.0,334500.0,334750.0,157070
2026-06-05 14:10:00+09:00,334750.0,335000.0,333000.0,333750.0,301711
2026-06-05 14:15:00+09:00,333500.0,335500.0,333000.0,334500.0,254328
2026-06-05 14:20:00+09:00,335000.0,336000.0,334500.0,336000.0,166112
2026-06-05 14:25:00+09:00,336000.0,336000.0,334000.0,334250.0,160575
2026-06-05 14:30:00+09:00,334500.0,336000.0,334250.0,334500.0,212420
2026-06-05 14:35:00+09:00,334500.0,336000.0,334250.0,335000.0,186408
2026-06-05 14:40:00+09:00,335250.0,336000.0,334000.0,334500.0,306691
2026-06-05 14:45:00+09:00,334500.0,334500.0,333000.0,333000.0,294755
2026-06-05 14:50:00+09:00,333500.0,333500.0,332000.0,332250.0,358677
2026-06-05 14:55:00+09:00,332000.0,332500.0,331000.0,331500.0,215888
2026-06-08 09:00:00+09:00,293000.0,298500.0,292500.0,298500.0,0
2026-06-08 09:30:00+09:00,302000.0,305500.0,301000.0,304500.0,1852910
2026-06-08 09:35:00+09:00,304500.0,311500.0,304000.0,307500.0,1969730
2026-06-08 09:40:00+09:00,307500.0,307500.0,302000.0,302500.0,1534684
2026-06-08 09:45:00+09:00,302000.0,304500.0,300500.0,303500.0,947007
2026-06-08 09:50:00+09:00,303250.0,305500.0,300500.0,301000.0,635419
2026-06-08 09:55:00+09:00,301500.0,306000.0,300000.0,306000.0,605689
2026-06-08 10:00:00+09:00,306000.0,307500.0,303000.0,303500.0,771877
2026-06-08 10:05:00+09:00,303500.0,304000.0,301000.0,303250.0,576667
2026-06-08 10:10:00+09:00,303250.0,304500.0,300500.0,302000.0,646246
2026-06-08 10:15:00+09:00,302000.0,302500.0,300500.0,301000.0,403479
2026-06-08 10:20:00+09:00,301000.0,302500.0,300000.0,300500.0,678832
2026-06-08 10:25:00+09:00,300500.0,300500.0,297500.0,298250.0,934563
2026-06-08 10:30:00+09:00,298250.0,302000.0,297500.0,301500.0,658754
2026-06-08 10:35:00+09:00,301500.0,302000.0,298500.0,299500.0,310260
2026-06-08 10:40:00+09:00,299000.0,304000.0,299000.0,303750.0,508627
2026-06-08 10:45:00+09:00,303750.0,305000.0,302000.0,303500.0,494663
2026-06-08 10:50:00+09:00,303500.0,306000.0,302000.0,305500.0,612738
2026-06-08 10:55:00+09:00,306000.0,308000.0,305500.0,307000.0,530522
2026-06-08 11:00:00+09:00,307000.0,309500.0,306500.0,309500.0,656389
2026-06-08 11:05:00+09:00,309000.0,309500.0,307000.0,308000.0,481148
2026-06-08 11:10:00+09:00,308000.0,310500.0,306000.0,310250.0,451264
2026-06-08 11:15:00+09:00,310250.0,310500.0,306500.0,306750.0,375184
2026-06-08 11:20:00+09:00,306750.0,311000.0,306000.0,310500.0,350078
2026-06-08 11:25:00+09:00,310750.0,313000.0,310000.0,312500.0,537060
2026-06-08 11:30:00+09:00,312500.0,313000.0,310000.0,312500.0,445603
2026-06-08 11:35:00+09:00,312500.0,314500.0,310500.0,314000.0,477118
2026-06-08 11:40:00+09:00,314000.0,315500.0,313500.0,314750.0,475409
2026-06-08 11:45:00+09:00,314750.0,315000.0,312000.0,312000.0,328502
2026-06-08 11:50:00+09:00,312500.0,315000.0,311500.0,314000.0,357190
2026-06-08 11:55:00+09:00,314000.0,314500.0,311500.0,312000.0,260110
2026-06-08 12:00:00+09:00,312000.0,314000.0,310500.0,310500.0,263866
2026-06-08 12:05:00+09:00,310500.0,313500.0,310500.0,312500.0,253381
2026-06-08 12:10:00+09:00,312250.0,313500.0,310500.0,311250.0,242946
2026-06-08 12:15:00+09:00,311250.0,311500.0,308500.0,308750.0,259887
2026-06-08 12:20:00+09:00,308750.0,312000.0,308500.0,311500.0,168731
2026-06-08 12:25:00+09:00,311500.0,311500.0,310000.0,310750.0,177278
2026-06-08 12:30:00+09:00,310750.0,311500.0,309500.0,310500.0,187453
2026-06-08 12:35:00+09:00,310500.0,312000.0,310000.0,311500.0,209792
2026-06-08 12:40:00+09:00,311500.0,312000.0,310500.0,311500.0,198440
2026-06-08 12:45:00+09:00,311500.0,312000.0,310500.0,311000.0,178121
2026-06-08 12:50:00+09:00,311000.0,312000.0,309500.0,311000.0,236000
2026-06-08 12:55:00+09:00,311000.0,311500.0,309500.0,310250.0,191179
2026-06-08 13:00:00+09:00,310500.0,312000.0,310000.0,311000.0,231438
2026-06-08 13:05:00+09:00,311500.0,312000.0,310000.0,310500.0,145543
2026-06-08 13:10:00+09:00,310500.0,311000.0,309500.0,309750.0,167509
2026-06-08 13:15:00+09:00,309750.0,311000.0,308500.0,309000.0,225059
2026-06-08 13:20:00+09:00,309000.0,309500.0,307000.0,307500.0,287737
2026-06-08 13:25:00+09:00,307500.0,309500.0,307500.0,308750.0,215510
2026-06-08 13:30:00+09:00,308750.0,309750.0,308500.0,309000.0,175886
2026-06-08 13:35:00+09:00,309000.0,310000.0,308000.0,308250.0,175884
2026-06-08 13:40:00+09:00,308250.0,308250.0,305500.0,305750.0,340462
2026-06-08 13:45:00+09:00,305750.0,306500.0,305000.0,305000.0,245662
2026-06-08 13:50:00+09:00,305500.0,307000.0,304000.0,304500.0,397654
2026-06-08 13:55:00+09:00,304500.0,305000.0,302500.0,303000.0,372056
2026-06-08 14:00:00+09:00,303000.0,306000.0,303000.0,306000.0,315352
2026-06-08 14:05:00+09:00,306000.0,306000.0,303500.0,303500.0,256535
2026-06-08 14:10:00+09:00,304000.0,304000.0,300500.0,301000.0,388349
2026-06-08 14:15:00+09:00,301000.0,303000.0,301000.0,302500.0,392432
2026-06-08 14:20:00+09:00,302500.0,303500.0,302000.0,303000.0,238288
2026-06-08 14:25:00+09:00,303000.0,303500.0,301000.0,302000.0,315887
2026-06-08 14:30:00+09:00,302500.0,302500.0,300500.0,300500.0,302532
2026-06-08 14:35:00+09:00,301000.0,301500.0,299000.0,299500.0,597852
2026-06-08 14:40:00+09:00,299750.0,300000.0,299000.0,299000.0,440716
2026-06-08 14:45:00+09:00,299500.0,299500.0,297000.0,297500.0,637172
2026-06-08 14:50:00+09:00,298000.0,299000.0,296500.0,297000.0,541907
2026-06-08 14:55:00+09:00,297000.0,298000.0,296500.0,297000.0,379884
2026-06-09 09:00:00+09:00,310000.0,312000.0,308000.0,309500.0,2074050
2026-06-09 09:05:00+09:00,309000.0,309500.0,306000.0,306500.0,666074
2026-06-09 09:10:00+09:00,306500.0,309000.0,306000.0,307500.0,356493
2026-06-09 09:15:00+09:00,307500.0,309000.0,306500.0,308000.0,417591
2026-06-09 09:20:00+09:00,308000.0,308000.0,305000.0,306000.0,451189
2026-06-09 09:25:00+09:00,305750.0,308000.0,305000.0,306000.0,359697
2026-06-09 09:30:00+09:00,306500.0,307000.0,304000.0,304000.0,430605
2026-06-09 09:35:00+09:00,304000.0,306000.0,303000.0,305500.0,429824
2026-06-09 09:40:00+09:00,305500.0,306250.0,303500.0,305500.0,314956
2026-06-09 09:45:00+09:00,305500.0,307000.0,304500.0,306500.0,245548
2026-06-09 09:50:00+09:00,306000.0,307000.0,304000.0,304000.0,229049
2026-06-09 09:55:00+09:00,304250.0,306000.0,303500.0,305500.0,283097
2026-06-09 10:00:00+09:00,305500.0,306000.0,303000.0,303750.0,265496
2026-06-09 10:05:00+09:00,303750.0,305000.0,303000.0,303000.0,239373
2026-06-09 10:10:00+09:00,303000.0,303500.0,301000.0,301500.0,744800
2026-06-09 10:15:00+09:00,302000.0,302000.0,300000.0,302000.0,430801
2026-06-09 10:20:00+09:00,301500.0,304500.0,300500.0,304000.0,325419
2026-06-09 10:25:00+09:00,304000.0,304500.0,303000.0,303500.0,212878
2026-06-09 10:30:00+09:00,303000.0,307000.0,303000.0,307000.0,281435
2026-06-09 10:35:00+09:00,307000.0,307000.0,305500.0,306750.0,283585
2026-06-09 10:40:00+09:00,306750.0,307500.0,304500.0,306000.0,376509
2026-06-09 10:45:00+09:00,306000.0,307000.0,305500.0,306500.0,167904
2026-06-09 10:50:00+09:00,306500.0,307500.0,306000.0,306500.0,259897
2026-06-09 10:55:00+09:00,307000.0,307500.0,305500.0,307250.0,231946
2026-06-09 11:00:00+09:00,307250.0,307500.0,305500.0,306500.0,197446
2026-06-09 11:05:00+09:00,306000.0,306500.0,305000.0,306250.0,204105
2026-06-09 11:10:00+09:00,306250.0,307000.0,305000.0,306750.0,186023
2026-06-09 11:15:00+09:00,306750.0,306750.0,305500.0,305500.0,214779
2026-06-09 11:20:00+09:00,305750.0,306000.0,304500.0,305000.0,285924
2026-06-09 11:25:00+09:00,305000.0,306000.0,303500.0,305750.0,293139
2026-06-09 11:30:00+09:00,305750.0,306500.0,305000.0,306500.0,197097
2026-06-09 11:35:00+09:00,306500.0,306500.0,304750.0,305250.0,142276
2026-06-09 11:40:00+09:00,305250.0,306500.0,305000.0,306500.0,242816
2026-06-09 11:45:00+09:00,306250.0,307000.0,306000.0,306500.0,227312
2026-06-09 11:50:00+09:00,306250.0,306500.0,305000.0,306000.0,180681
2026-06-09 11:55:00+09:00,306250.0,307000.0,306000.0,306750.0,144665
2026-06-09 12:00:00+09:00,306750.0,307500.0,306000.0,306250.0,190632
2026-06-09 12:05:00+09:00,306250.0,307000.0,306000.0,306750.0,96195
2026-06-09 12:10:00+09:00,306750.0,307500.0,306500.0,307500.0,163702
2026-06-09 12:15:00+09:00,307500.0,309000.0,307000.0,308750.0,320024
2026-06-09 12:20:00+09:00,308750.0,309000.0,308000.0,309000.0,237937
2026-06-09 12:25:00+09:00,309000.0,310000.0,308500.0,309750.0,284943
2026-06-09 12:30:00+09:00,309500.0,310500.0,308500.0,310500.0,493877
2026-06-09 12:35:00+09:00,310500.0,311500.0,309500.0,311250.0,408469
2026-06-09 12:40:00+09:00,311250.0,311500.0,310500.0,311250.0,349994
2026-06-09 12:45:00+09:00,311250.0,312000.0,310500.0,310500.0,276397
2026-06-09 12:50:00+09:00,311000.0,311500.0,310500.0,311500.0,181155
2026-06-09 12:55:00+09:00,311250.0,313000.0,311000.0,313000.0,352275
2026-06-09 13:00:00+09:00,313000.0,313000.0,312000.0,313000.0,253018
2026-06-09 13:05:00+09:00,312750.0,314000.0,312000.0,313250.0,403635
2026-06-09 13:10:00+09:00,313500.0,314500.0,313000.0,314500.0,197327
2026-06-09 13:15:00+09:00,314000.0,318500.0,314000.0,317500.0,734628
2026-06-09 13:20:00+09:00,317000.0,317500.0,315500.0,316500.0,418619
2026-06-09 13:25:00+09:00,316500.0,319000.0,316000.0,318750.0,493096
2026-06-09 13:30:00+09:00,319000.0,320000.0,317000.0,319500.0,592255
2026-06-09 13:35:00+09:00,319500.0,321500.0,319000.0,321000.0,471999
2026-06-09 13:40:00+09:00,321000.0,322500.0,318000.0,318500.0,580162
2026-06-09 13:45:00+09:00,318750.0,321000.0,318000.0,319000.0,327940
2026-06-09 13:50:00+09:00,319500.0,320000.0,317000.0,318500.0,336967
2026-06-09 13:55:00+09:00,318500.0,320000.0,318000.0,318250.0,235910
2026-06-09 14:00:00+09:00,318250.0,321000.0,318000.0,320750.0,261753
2026-06-09 14:05:00+09:00,320750.0,321000.0,318500.0,318500.0,308673
2026-06-09 14:10:00+09:00,318500.0,320000.0,318000.0,320000.0,219536
2026-06-09 14:15:00+09:00,320000.0,320000.0,319000.0,319750.0,164918
2026-06-09 14:20:00+09:00,319750.0,320000.0,318000.0,319500.0,209267
2026-06-09 14:25:00+09:00,319500.0,320000.0,318500.0,318750.0,197928
2026-06-09 14:30:00+09:00,318500.0,322750.0,318000.0,322500.0,484664
2026-06-09 14:35:00+09:00,322500.0,323000.0,321500.0,323000.0,261738
2026-06-09 14:40:00+09:00,323000.0,323000.0,320500.0,321500.0,315810
2026-06-09 14:45:00+09:00,321500.0,324000.0,320500.0,323500.0,304514
2026-06-09 14:50:00+09:00,323500.0,324000.0,320000.0,320000.0,318072
2026-06-09 14:55:00+09:00,320000.0,320500.0,318500.0,320000.0,316631
2026-06-10 09:00:00+09:00,311000.0,313000.0,309500.0,311000.0,2079334
2026-06-10 09:05:00+09:00,311000.0,314500.0,310000.0,314000.0,604788
2026-06-10 09:10:00+09:00,314250.0,314500.0,311000.0,312000.0,431413
2026-06-10 09:15:00+09:00,312500.0,313000.0,309500.0,310250.0,478470
2026-06-10 09:20:00+09:00,310000.0,312000.0,309000.0,311500.0,303911
2026-06-10 09:25:00+09:00,311500.0,311500.0,310000.0,311000.0,244807
2026-06-10 09:30:00+09:00,311000.0,311000.0,307500.0,308000.0,613994
2026-06-10 09:35:00+09:00,308500.0,309000.0,307000.0,308500.0,462521
2026-06-10 09:40:00+09:00,308500.0,308500.0,306000.0,306750.0,344338
2026-06-10 09:45:00+09:00,306750.0,307500.0,305500.0,307500.0,366524
2026-06-10 09:50:00+09:00,307500.0,307500.0,305000.0,307000.0,485811
2026-06-10 09:55:00+09:00,307250.0,307500.0,306000.0,307000.0,294128
2026-06-10 10:00:00+09:00,307000.0,308000.0,305500.0,308000.0,391319
2026-06-10 10:05:00+09:00,307750.0,308000.0,306500.0,307250.0,226029
2026-06-10 10:10:00+09:00,307250.0,308500.0,306000.0,308000.0,186706
2026-06-10 10:15:00+09:00,308000.0,310500.0,307000.0,310250.0,317529
2026-06-10 10:20:00+09:00,310250.0,310500.0,307000.0,307000.0,237753
2026-06-10 10:25:00+09:00,307250.0,308000.0,306500.0,307750.0,182385
2026-06-10 10:30:00+09:00,307750.0,308000.0,306000.0,308000.0,260095
2026-06-10 10:35:00+09:00,308000.0,309500.0,307000.0,309000.0,214749
2026-06-10 10:40:00+09:00,309000.0,309500.0,307000.0,307500.0,177491
2026-06-10 10:45:00+09:00,307500.0,308500.0,306500.0,308500.0,180925
2026-06-10 10:50:00+09:00,308500.0,308500.0,306500.0,306750.0,178508
2026-06-10 10:55:00+09:00,307000.0,308000.0,306500.0,306500.0,121547
2026-06-10 11:00:00+09:00,307000.0,307500.0,306000.0,306500.0,236834
2026-06-10 11:05:00+09:00,306250.0,306500.0,305500.0,306000.0,164547
2026-06-10 11:10:00+09:00,306000.0,306500.0,305000.0,305000.0,315424
2026-06-10 11:15:00+09:00,305500.0,306000.0,304500.0,305000.0,431178
2026-06-10 11:20:00+09:00,305250.0,305500.0,303500.0,304000.0,222661
2026-06-10 11:25:00+09:00,304000.0,305000.0,303000.0,305000.0,260425
2026-06-10 11:30:00+09:00,305000.0,306000.0,303500.0,304000.0,184040
2026-06-10 11:35:00+09:00,304500.0,305500.0,303500.0,304000.0,125298
2026-06-10 11:40:00+09:00,304000.0,305000.0,303500.0,305000.0,206764
2026-06-10 11:45:00+09:00,304500.0,306000.0,304500.0,306000.0,105010
2026-06-10 11:50:00+09:00,306000.0,306000.0,304000.0,304500.0,144454
2026-06-10 11:55:00+09:00,304500.0,306000.0,304250.0,305000.0,104440
2026-06-10 12:00:00+09:00,305000.0,306500.0,304500.0,306000.0,137044
2026-06-10 12:05:00+09:00,306000.0,307500.0,305750.0,307000.0,135473
2026-06-10 12:10:00+09:00,307000.0,307000.0,306000.0,306500.0,98382
2026-06-10 12:15:00+09:00,307000.0,308500.0,306500.0,307000.0,179365
2026-06-10 12:20:00+09:00,307000.0,307500.0,306000.0,307000.0,119353
2026-06-10 12:25:00+09:00,306500.0,307000.0,305500.0,305750.0,109294
2026-06-10 12:30:00+09:00,305750.0,306500.0,305000.0,305250.0,161436
2026-06-10 12:35:00+09:00,305000.0,305500.0,304500.0,305000.0,124660
2026-06-10 12:40:00+09:00,305250.0,305250.0,304000.0,304250.0,171085
2026-06-10 12:45:00+09:00,304000.0,305000.0,303500.0,303750.0,195294
2026-06-10 12:50:00+09:00,303750.0,304000.0,303000.0,304000.0,340418
2026-06-10 12:55:00+09:00,304000.0,304000.0,303000.0,303000.0,182731
2026-06-10 13:00:00+09:00,303500.0,304000.0,302000.0,302000.0,350633
2026-06-10 13:05:00+09:00,302000.0,303000.0,301500.0,301750.0,244281
2026-06-10 13:10:00+09:00,301750.0,302000.0,301000.0,301000.0,201009
2026-06-10 13:15:00+09:00,301000.0,302000.0,300500.0,301250.0,377491
2026-06-10 13:20:00+09:00,301500.0,302000.0,300000.0,300250.0,565821
2026-06-10 13:25:00+09:00,300250.0,300500.0,298500.0,299000.0,585066
2026-06-10 13:30:00+09:00,299000.0,299500.0,298000.0,299500.0,317128
2026-06-10 13:35:00+09:00,299500.0,300000.0,298000.0,299000.0,382566
2026-06-10 13:40:00+09:00,299000.0,299500.0,297500.0,297750.0,340536
2026-06-10 13:45:00+09:00,297750.0,299500.0,296500.0,299000.0,634687
2026-06-10 13:50:00+09:00,299000.0,301500.0,298500.0,301500.0,455061
2026-06-10 13:55:00+09:00,301500.0,301500.0,297500.0,298750.0,352113
2026-06-10 14:00:00+09:00,298500.0,299500.0,297500.0,299000.0,273324
2026-06-10 14:05:00+09:00,299000.0,301000.0,298000.0,299750.0,246590
2026-06-10 14:10:00+09:00,299750.0,300000.0,298000.0,299000.0,237880
2026-06-10 14:15:00+09:00,298500.0,299000.0,297500.0,297750.0,298632
2026-06-10 14:20:00+09:00,297750.0,298000.0,296500.0,297500.0,345432
2026-06-10 14:25:00+09:00,297750.0,300000.0,296500.0,300000.0,326955
2026-06-10 14:30:00+09:00,300500.0,300500.0,298000.0,298250.0,272317
2026-06-10 14:35:00+09:00,298250.0,298500.0,297000.0,297500.0,277887
2026-06-10 14:40:00+09:00,297500.0,298000.0,296500.0,296750.0,400668
2026-06-10 14:45:00+09:00,296500.0,297000.0,295250.0,296500.0,578860
2026-06-10 14:50:00+09:00,296500.0,298500.0,295500.0,298500.0,377903
2026-06-10 14:55:00+09:00,298500.0,299500.0,297500.0,298500.0,289049
2026-06-11 09:00:00+09:00,290500.0,294000.0,288000.0,288000.0,1646129
2026-06-11 09:05:00+09:00,288000.0,291500.0,287500.0,289000.0,539155
2026-06-11 09:10:00+09:00,289000.0,292500.0,288500.0,292000.0,445233
2026-06-11 09:15:00+09:00,292000.0,296500.0,291000.0,296500.0,855379
2026-06-11 09:20:00+09:00,296250.0,296500.0,293500.0,296500.0,696623
2026-06-11 09:25:00+09:00,296500.0,296500.0,293500.0,295000.0,529192
2026-06-11 09:30:00+09:00,294750.0,295000.0,292500.0,292750.0,479661
2026-06-11 09:35:00+09:00,293000.0,293500.0,290500.0,291000.0,350696
2026-06-11 09:40:00+09:00,291500.0,293000.0,290500.0,291000.0,276855
2026-06-11 09:45:00+09:00,291000.0,293500.0,290500.0,293500.0,288429
2026-06-11 09:50:00+09:00,293500.0,298000.0,293000.0,297500.0,409450
2026-06-11 09:55:00+09:00,297500.0,299500.0,297000.0,299000.0,591936
2026-06-11 10:00:00+09:00,299000.0,301500.0,297000.0,301000.0,537662
2026-06-11 10:05:00+09:00,301000.0,303000.0,300000.0,303000.0,452489
2026-06-11 10:10:00+09:00,303000.0,306500.0,302500.0,306000.0,762900
2026-06-11 10:15:00+09:00,305500.0,306000.0,300500.0,302000.0,604309
2026-06-11 10:20:00+09:00,302000.0,302750.0,299500.0,302500.0,417864
2026-06-11 10:25:00+09:00,302000.0,305000.0,301500.0,304500.0,309930
2026-06-11 10:30:00+09:00,304500.0,305500.0,301500.0,302500.0,504125
2026-06-11 10:35:00+09:00,302000.0,304000.0,301000.0,304000.0,314078
2026-06-11 10:40:00+09:00,303500.0,305000.0,303000.0,304000.0,280834
2026-06-11 10:45:00+09:00,304000.0,305000.0,302500.0,304250.0,296119
2026-06-11 10:50:00+09:00,304500.0,304500.0,301000.0,301750.0,277097
2026-06-11 10:55:00+09:00,301750.0,302000.0,300000.0,300500.0,307525
2026-06-11 11:00:00+09:00,300250.0,302000.0,300000.0,301000.0,179142
2026-06-11 11:05:00+09:00,301000.0,301500.0,300000.0,300250.0,143436
2026-06-11 11:10:00+09:00,300250.0,300500.0,297500.0,298250.0,377114
2026-06-11 11:15:00+09:00,298250.0,298500.0,296500.0,296750.0,205906
2026-06-11 11:20:00+09:00,296750.0,298000.0,294000.0,295000.0,389090
2026-06-11 11:25:00+09:00,295000.0,297000.0,294250.0,295500.0,276471
2026-06-11 11:30:00+09:00,295500.0,296500.0,294000.0,294500.0,268311
2026-06-11 11:35:00+09:00,294250.0,297000.0,294000.0,296500.0,265159
2026-06-11 11:40:00+09:00,297000.0,297000.0,295000.0,296000.0,222471
2026-06-11 11:45:00+09:00,295500.0,297500.0,295500.0,296500.0,195806
2026-06-11 11:50:00+09:00,297000.0,298000.0,295500.0,296500.0,171565
2026-06-11 11:55:00+09:00,296500.0,298500.0,296000.0,298000.0,154333
2026-06-11 12:00:00+09:00,298000.0,298500.0,296500.0,298000.0,139542
2026-06-11 12:05:00+09:00,297500.0,298000.0,296500.0,296750.0,161920
2026-06-11 12:10:00+09:00,296500.0,296750.0,295000.0,295500.0,165921
2026-06-11 12:15:00+09:00,295250.0,296500.0,295000.0,295500.0,200950
2026-06-11 12:20:00+09:00,295500.0,297000.0,295000.0,296500.0,239217
2026-06-11 12:25:00+09:00,296500.0,296500.0,295000.0,296000.0,164426
2026-06-11 12:30:00+09:00,296000.0,299000.0,295500.0,298250.0,229395
2026-06-11 12:35:00+09:00,298250.0,298500.0,296500.0,298250.0,210053
2026-06-11 12:40:00+09:00,298000.0,298500.0,297000.0,297500.0,209555
2026-06-11 12:45:00+09:00,297750.0,298500.0,297000.0,298000.0,186738
2026-06-11 12:50:00+09:00,298000.0,299000.0,297500.0,298500.0,189351
2026-06-11 12:55:00+09:00,298000.0,300000.0,298000.0,299750.0,161450
2026-06-11 13:00:00+09:00,299500.0,301250.0,298500.0,299250.0,324187
2026-06-11 13:05:00+09:00,299000.0,300750.0,298500.0,299000.0,151145
2026-06-11 13:10:00+09:00,298750.0,299500.0,298500.0,299000.0,125280
2026-06-11 13:15:00+09:00,299000.0,299000.0,297000.0,298500.0,169289
2026-06-11 13:20:00+09:00,298000.0,300000.0,298000.0,299500.0,128210
2026-06-11 13:25:00+09:00,299000.0,299500.0,298000.0,298500.0,160611
2026-06-11 13:30:00+09:00,298500.0,300000.0,298500.0,298500.0,132061
2026-06-11 13:35:00+09:00,299000.0,299500.0,298500.0,299000.0,103193
2026-06-11 13:40:00+09:00,299000.0,301500.0,299000.0,301000.0,212506
2026-06-11 13:45:00+09:00,300500.0,301500.0,300000.0,300500.0,189162
2026-06-11 13:50:00+09:00,300500.0,300500.0,299000.0,300000.0,166945
2026-06-11 13:55:00+09:00,300000.0,301000.0,299000.0,301000.0,180484
2026-06-11 14:00:00+09:00,301000.0,301000.0,299000.0,299750.0,178611
2026-06-11 14:05:00+09:00,299750.0,300500.0,298500.0,300000.0,198285
2026-06-11 14:10:00+09:00,300000.0,300000.0,298500.0,299250.0,164627
2026-06-11 14:15:00+09:00,299250.0,300500.0,298500.0,298500.0,199748
2026-06-11 14:20:00+09:00,298750.0,300000.0,298500.0,299500.0,145108
2026-06-11 14:25:00+09:00,299500.0,299500.0,297000.0,298000.0,254756
2026-06-11 14:30:00+09:00,298000.0,299000.0,297500.0,298750.0,153146
2026-06-11 14:35:00+09:00,299000.0,300000.0,298500.0,299500.0,140234
2026-06-11 14:40:00+09:00,299500.0,300500.0,299250.0,300000.0,139901
2026-06-11 14:45:00+09:00,300250.0,300500.0,299000.0,299500.0,170493
2026-06-11 14:50:00+09:00,300000.0,300000.0,298500.0,298750.0,173805
2026-06-11 14:55:00+09:00,299000.0,300000.0,298500.0,299000.0,178616
2026-06-12 09:00:00+09:00,326000.0,330000.0,325000.0,326500.0,2542091
2026-06-12 09:05:00+09:00,326500.0,328500.0,326000.0,326500.0,608702
2026-06-12 09:10:00+09:00,326500.0,334000.0,326000.0,332000.0,1656951
2026-06-12 09:15:00+09:00,332000.0,333000.0,330000.0,333000.0,868327
2026-06-12 09:20:00+09:00,332500.0,335500.0,332500.0,334000.0,838465
2026-06-12 09:25:00+09:00,333750.0,334000.0,332000.0,333000.0,488183
2026-06-12 09:30:00+09:00,332500.0,334500.0,332000.0,333750.0,497711
2026-06-12 09:35:00+09:00,334000.0,338000.0,333750.0,337500.0,843466
2026-06-12 09:40:00+09:00,337500.0,339000.0,336000.0,337500.0,611132
2026-06-12 09:45:00+09:00,337250.0,339000.0,335500.0,336000.0,459452
2026-06-12 09:50:00+09:00,336000.0,337000.0,335000.0,335000.0,442193
2026-06-12 09:55:00+09:00,335500.0,335500.0,333250.0,335000.0,501494
2026-06-12 10:00:00+09:00,335500.0,336000.0,333500.0,335000.0,419922
2026-06-12 10:05:00+09:00,335000.0,337000.0,335000.0,336000.0,298749
2026-06-12 10:10:00+09:00,335750.0,336000.0,334000.0,334500.0,240246
2026-06-12 10:15:00+09:00,334000.0,334500.0,331500.0,331500.0,349592
2026-06-12 10:20:00+09:00,331500.0,333500.0,331500.0,332000.0,449733
2026-06-12 10:25:00+09:00,332000.0,332000.0,329000.0,330000.0,489590
2026-06-12 10:30:00+09:00,330000.0,332000.0,330000.0,332000.0,312632
2026-06-12 10:35:00+09:00,332000.0,332000.0,329500.0,330000.0,295799
2026-06-12 10:40:00+09:00,330000.0,330500.0,328000.0,329500.0,380699
2026-06-12 10:45:00+09:00,329500.0,332500.0,329000.0,332500.0,238467
2026-06-12 10:50:00+09:00,332500.0,333500.0,332000.0,332000.0,253583
2026-06-12 10:55:00+09:00,332000.0,333500.0,331500.0,332500.0,228325
2026-06-12 11:00:00+09:00,332750.0,333500.0,332500.0,333000.0,209413
2026-06-12 11:05:00+09:00,332500.0,333000.0,331500.0,332000.0,154345
2026-06-12 11:10:00+09:00,332500.0,333500.0,331500.0,333000.0,143710
2026-06-12 11:15:00+09:00,332500.0,333500.0,332500.0,333000.0,159338
2026-06-12 11:20:00+09:00,333500.0,334000.0,332500.0,333000.0,169525
2026-06-12 11:25:00+09:00,332500.0,333000.0,332000.0,333000.0,126622
2026-06-12 11:30:00+09:00,332750.0,333500.0,332000.0,332500.0,230912
2026-06-12 11:35:00+09:00,332000.0,333500.0,331000.0,333250.0,227173
2026-06-12 11:40:00+09:00,333250.0,333500.0,331500.0,333000.0,148846
2026-06-12 11:45:00+09:00,333000.0,333500.0,333000.0,333500.0,146201
2026-06-12 11:50:00+09:00,333500.0,334000.0,333000.0,334000.0,182956
2026-06-12 11:55:00+09:00,333750.0,335000.0,333500.0,334750.0,236826
2026-06-12 12:00:00+09:00,334750.0,335500.0,333500.0,334000.0,380371
2026-06-12 12:05:00+09:00,333750.0,335500.0,333500.0,334500.0,156100
2026-06-12 12:10:00+09:00,334500.0,335500.0,334250.0,334500.0,163744
2026-06-12 12:15:00+09:00,334500.0,335000.0,333000.0,333250.0,120313
2026-06-12 12:20:00+09:00,333250.0,334500.0,332500.0,333750.0,127157
2026-06-12 12:25:00+09:00,333750.0,334500.0,333500.0,334250.0,78693
2026-06-12 12:30:00+09:00,334000.0,335000.0,334000.0,334750.0,120652
2026-06-12 12:35:00+09:00,334750.0,336000.0,334500.0,335000.0,232390
2026-06-12 12:40:00+09:00,335500.0,337000.0,335000.0,336500.0,334260
2026-06-12 12:45:00+09:00,336500.0,336500.0,335500.0,335750.0,166671
2026-06-12 12:50:00+09:00,335750.0,337000.0,335500.0,335750.0,249207
2026-06-12 12:55:00+09:00,335500.0,336000.0,335000.0,335250.0,153022
2026-06-12 13:00:00+09:00,335500.0,335500.0,334000.0,335250.0,179214
2026-06-12 13:05:00+09:00,335250.0,335500.0,334000.0,334500.0,185939
2026-06-12 13:10:00+09:00,334500.0,336000.0,334250.0,334500.0,237926
2026-06-12 13:15:00+09:00,334500.0,336000.0,334500.0,335250.0,212782
2026-06-12 13:20:00+09:00,335500.0,336000.0,335000.0,335000.0,177855
2026-06-12 13:25:00+09:00,335250.0,336500.0,335000.0,336500.0,273747
2026-06-12 13:30:00+09:00,336500.0,336500.0,335500.0,336500.0,227697
2026-06-12 13:35:00+09:00,336500.0,336500.0,335500.0,336250.0,159315
2026-06-12 13:40:00+09:00,336500.0,337000.0,336000.0,336750.0,313433
2026-06-12 13:45:00+09:00,336750.0,337000.0,335500.0,335500.0,267496
2026-06-12 13:50:00+09:00,335750.0,336500.0,335000.0,335000.0,188697
2026-06-12 13:55:00+09:00,335000.0,336000.0,334500.0,335000.0,187030
2026-06-12 14:00:00+09:00,335000.0,335500.0,332500.0,334000.0,329382
2026-06-12 14:05:00+09:00,333500.0,334000.0,332000.0,333500.0,285625
2026-06-12 14:10:00+09:00,333000.0,334000.0,333000.0,333500.0,164303
2026-06-12 14:15:00+09:00,333500.0,334000.0,333000.0,333500.0,141367
2026-06-12 14:20:00+09:00,333750.0,334000.0,332500.0,332500.0,209336
2026-06-12 14:25:00+09:00,332500.0,333500.0,332500.0,333000.0,120319
2026-06-12 14:30:00+09:00,333000.0,333500.0,330500.0,331000.0,324463
2026-06-12 14:35:00+09:00,330500.0,331000.0,324500.0,326500.0,792576
2026-06-12 14:40:00+09:00,326500.0,329000.0,324000.0,325500.0,549657
2026-06-12 14:45:00+09:00,325500.0,326500.0,323000.0,323500.0,519958
2026-06-12 14:50:00+09:00,323500.0,326500.0,320000.0,326500.0,754776
2026-06-12 14:55:00+09:00,326500.0,326500.0,321000.0,321000.0,413141
2026-06-15 09:00:00+09:00,342500.0,344500.0,338500.0,340500.0,0
2026-06-15 09:05:00+09:00,340500.0,341000.0,336500.0,339500.0,657265
2026-06-15 09:10:00+09:00,340000.0,341500.0,335500.0,339000.0,811671
2026-06-15 09:15:00+09:00,339500.0,340000.0,337000.0,339500.0,418665
2026-06-15 09:20:00+09:00,339500.0,340500.0,339000.0,340500.0,315263
2026-06-15 09:25:00+09:00,340500.0,341000.0,338500.0,339500.0,486502
2026-06-15 09:30:00+09:00,339000.0,340000.0,338000.0,339000.0,334155
2026-06-15 09:35:00+09:00,338500.0,339000.0,337500.0,338000.0,242979
2026-06-15 09:40:00+09:00,338500.0,339500.0,336500.0,337500.0,513441
2026-06-15 09:45:00+09:00,337500.0,339000.0,337000.0,338750.0,346755
2026-06-15 09:50:00+09:00,338500.0,339500.0,338000.0,339000.0,210683
2026-06-15 09:55:00+09:00,338500.0,340000.0,338000.0,340000.0,238184
2026-06-15 10:00:00+09:00,340000.0,340000.0,338500.0,339500.0,256391
2026-06-15 10:05:00+09:00,339500.0,339500.0,338000.0,338750.0,149730
2026-06-15 10:10:00+09:00,338750.0,339000.0,337500.0,338000.0,255165
2026-06-15 10:15:00+09:00,338500.0,338500.0,336500.0,337000.0,251364
2026-06-15 10:20:00+09:00,337000.0,338000.0,336500.0,338000.0,222260
2026-06-15 10:25:00+09:00,338000.0,338000.0,337000.0,337500.0,247116
2026-06-15 10:30:00+09:00,338000.0,338000.0,336000.0,336250.0,307229
2026-06-15 10:35:00+09:00,336250.0,337500.0,335500.0,337500.0,306677
2026-06-15 10:40:00+09:00,337000.0,338000.0,337000.0,337250.0,163077
2026-06-15 10:45:00+09:00,337000.0,338500.0,337000.0,337500.0,272629
2026-06-15 10:50:00+09:00,338000.0,338500.0,337000.0,337000.0,171181
2026-06-15 10:55:00+09:00,337000.0,337500.0,335500.0,336000.0,181444
2026-06-15 11:00:00+09:00,335750.0,336000.0,335000.0,335750.0,209433
2026-06-15 11:05:00+09:00,335500.0,337000.0,335500.0,336500.0,203030
2026-06-15 11:10:00+09:00,336500.0,337000.0,335500.0,335500.0,146140
2026-06-15 11:15:00+09:00,335750.0,336000.0,335000.0,335000.0,214242
2026-06-15 11:20:00+09:00,335000.0,336500.0,335000.0,336000.0,168421
2026-06-15 11:25:00+09:00,335500.0,337500.0,335500.0,337250.0,192086
2026-06-15 11:30:00+09:00,337500.0,338000.0,337000.0,338000.0,96544
2026-06-15 11:35:00+09:00,338000.0,338500.0,337500.0,338250.0,163427
2026-06-15 11:40:00+09:00,338250.0,338500.0,337500.0,338000.0,135686
2026-06-15 11:45:00+09:00,337750.0,338000.0,337500.0,337750.0,60002
2026-06-15 11:50:00+09:00,337500.0,338500.0,337500.0,338500.0,101560
2026-06-15 11:55:00+09:00,338500.0,338500.0,338000.0,338500.0,94472
2026-06-15 12:00:00+09:00,338000.0,340000.0,338000.0,339250.0,281967
2026-06-15 12:05:00+09:00,339500.0,339500.0,338500.0,339000.0,87216
2026-06-15 12:10:00+09:00,338750.0,339000.0,338000.0,339000.0,106142
2026-06-15 12:15:00+09:00,338500.0,339500.0,338500.0,339500.0,85166
2026-06-15 12:20:00+09:00,339000.0,340000.0,339000.0,340000.0,132989
2026-06-15 12:25:00+09:00,339750.0,340000.0,339500.0,339750.0,66162
2026-06-15 12:30:00+09:00,340000.0,340000.0,338000.0,338750.0,234232
2026-06-15 12:35:00+09:00,338750.0,339000.0,338000.0,338000.0,60991
2026-06-15 12:40:00+09:00,338000.0,339500.0,338000.0,339000.0,171883
2026-06-15 12:45:00+09:00,339500.0,339500.0,338500.0,338750.0,150374
2026-06-15 12:50:00+09:00,338500.0,339000.0,338000.0,338000.0,80558
2026-06-15 12:55:00+09:00,338250.0,338500.0,338000.0,338000.0,94057
2026-06-15 13:00:00+09:00,338500.0,339000.0,337000.0,337500.0,304184
2026-06-15 13:05:00+09:00,337500.0,338000.0,337000.0,337750.0,175263
2026-06-15 13:10:00+09:00,337500.0,338000.0,337000.0,337750.0,169533
2026-06-15 13:15:00+09:00,337500.0,338500.0,337500.0,338500.0,105531
2026-06-15 13:20:00+09:00,338500.0,339000.0,338000.0,338500.0,177424
2026-06-15 13:25:00+09:00,338250.0,339000.0,337500.0,339000.0,122828
2026-06-15 13:30:00+09:00,338500.0,339000.0,338000.0,338500.0,84646
2026-06-15 13:35:00+09:00,338000.0,338500.0,337000.0,337500.0,177400
2026-06-15 13:40:00+09:00,337750.0,338000.0,337000.0,337500.0,121404
2026-06-15 13:45:00+09:00,337500.0,338000.0,337000.0,337750.0,123015
2026-06-15 13:50:00+09:00,337750.0,338000.0,336500.0,336750.0,177195
2026-06-15 13:55:00+09:00,336500.0,338000.0,336500.0,337500.0,166158
2026-06-15 14:00:00+09:00,337500.0,337750.0,336500.0,336750.0,190261
2026-06-15 14:05:00+09:00,336750.0,337500.0,336500.0,337500.0,154682
2026-06-15 14:10:00+09:00,337250.0,338000.0,337000.0,337250.0,210972
2026-06-15 14:15:00+09:00,337500.0,338000.0,337000.0,337250.0,135950
2026-06-15 14:20:00+09:00,337250.0,337500.0,337000.0,337000.0,74251
2026-06-15 14:25:00+09:00,337250.0,337500.0,336500.0,336500.0,187284
2026-06-15 14:30:00+09:00,336500.0,337500.0,335500.0,336000.0,357778
2026-06-15 14:35:00+09:00,336000.0,336000.0,335000.0,335250.0,253138
2026-06-15 14:40:00+09:00,335000.0,336000.0,334500.0,335000.0,240071
2026-06-15 14:45:00+09:00,335250.0,336000.0,335000.0,335500.0,243440
2026-06-15 14:50:00+09:00,335250.0,335500.0,334000.0,334500.0,353304
2026-06-15 14:55:00+09:00,334250.0,336000.0,334250.0,335500.0,222578
2026-06-16 09:00:00+09:00,343000.0,345500.0,341500.0,343000.0,1231687
2026-06-16 09:05:00+09:00,343500.0,344000.0,341500.0,342250.0,582506
2026-06-16 09:10:00+09:00,342500.0,343000.0,341000.0,341250.0,313125
2026-06-16 09:15:00+09:00,341250.0,341500.0,338250.0,340000.0,667426
2026-06-16 09:20:00+09:00,339500.0,341500.0,338000.0,340500.0,469296
2026-06-16 09:25:00+09:00,340500.0,341000.0,339500.0,340500.0,191200
2026-06-16 09:30:00+09:00,341000.0,341000.0,339000.0,339500.0,291988
2026-06-16 09:35:00+09:00,339500.0,340000.0,337000.0,337500.0,292723
2026-06-16 09:40:00+09:00,337000.0,339000.0,337000.0,337500.0,301192
2026-06-16 09:45:00+09:00,337750.0,338500.0,335500.0,335500.0,378843
2026-06-16 09:50:00+09:00,335500.0,337500.0,335000.0,337000.0,405054
2026-06-16 09:55:00+09:00,336750.0,338000.0,336000.0,336750.0,271470
2026-06-16 10:00:00+09:00,336500.0,337000.0,335000.0,336500.0,270181
2026-06-16 10:05:00+09:00,336500.0,336500.0,333000.0,333000.0,480066
2026-06-16 10:10:00+09:00,333000.0,335500.0,332500.0,335500.0,511896
2026-06-16 10:15:00+09:00,335500.0,337500.0,335000.0,335250.0,236674
2026-06-16 10:20:00+09:00,335250.0,337000.0,335000.0,336250.0,142852
2026-06-16 10:25:00+09:00,336000.0,337000.0,335500.0,335500.0,156447
2026-06-16 10:30:00+09:00,335500.0,337500.0,335500.0,337500.0,223654
2026-06-16 10:35:00+09:00,337500.0,338500.0,336000.0,338000.0,251147
2026-06-16 10:40:00+09:00,338000.0,339000.0,337000.0,337000.0,187972
2026-06-16 10:45:00+09:00,337500.0,339000.0,337000.0,339000.0,192540
2026-06-16 10:50:00+09:00,338500.0,339000.0,338000.0,338500.0,177007
2026-06-16 10:55:00+09:00,338500.0,339000.0,338000.0,338500.0,146883
2026-06-16 11:00:00+09:00,338500.0,339000.0,337000.0,338000.0,158263
2026-06-16 11:05:00+09:00,338000.0,339500.0,337500.0,339500.0,152463
2026-06-16 11:10:00+09:00,339250.0,339500.0,338500.0,339000.0,133356
2026-06-16 11:15:00+09:00,339000.0,340000.0,339000.0,340000.0,158323
2026-06-16 11:20:00+09:00,340000.0,341500.0,339500.0,341000.0,212027
2026-06-16 11:25:00+09:00,341000.0,341500.0,340000.0,340250.0,88693
2026-06-16 11:30:00+09:00,340000.0,341000.0,340000.0,340500.0,68151
2026-06-16 11:35:00+09:00,340500.0,341500.0,340500.0,340500.0,119956
2026-06-16 11:40:00+09:00,340500.0,341000.0,340000.0,340750.0,59349
2026-06-16 11:45:00+09:00,340750.0,341000.0,339000.0,339500.0,146469
2026-06-16 11:50:00+09:00,339750.0,340000.0,338500.0,338500.0,105545
2026-06-16 11:55:00+09:00,338500.0,340000.0,338500.0,339750.0,76200
2026-06-16 12:00:00+09:00,339750.0,340000.0,339000.0,340000.0,71334
2026-06-16 12:05:00+09:00,340000.0,340000.0,339500.0,339750.0,50245
2026-06-16 12:10:00+09:00,339500.0,340000.0,339000.0,339000.0,76608
2026-06-16 12:15:00+09:00,339000.0,339500.0,338500.0,339000.0,140468
2026-06-16 12:20:00+09:00,339000.0,340500.0,339000.0,340500.0,106020
2026-06-16 12:25:00+09:00,340500.0,341500.0,340250.0,341250.0,116885
2026-06-16 12:30:00+09:00,341250.0,342000.0,341000.0,342000.0,161336
2026-06-16 12:35:00+09:00,342000.0,343000.0,341500.0,343000.0,168345
2026-06-16 12:40:00+09:00,342750.0,344000.0,342750.0,344000.0,203714
2026-06-16 12:45:00+09:00,344000.0,344000.0,342000.0,342750.0,176719
2026-06-16 12:50:00+09:00,342750.0,343000.0,341000.0,341250.0,118185
2026-06-16 12:55:00+09:00,341250.0,342500.0,341000.0,342000.0,108205
2026-06-16 13:00:00+09:00,341750.0,342500.0,341500.0,342000.0,92490
2026-06-16 13:05:00+09:00,342000.0,342500.0,341500.0,342000.0,115516
2026-06-16 13:10:00+09:00,341750.0,342500.0,341500.0,342000.0,97604
2026-06-16 13:15:00+09:00,342000.0,342500.0,342000.0,342500.0,66207
2026-06-16 13:20:00+09:00,342500.0,344000.0,342000.0,343500.0,280773
2026-06-16 13:25:00+09:00,343000.0,343500.0,343000.0,343250.0,109312
2026-06-16 13:30:00+09:00,343500.0,343500.0,342000.0,342000.0,115790
2026-06-16 13:35:00+09:00,342500.0,343500.0,342000.0,343000.0,126195
2026-06-16 13:40:00+09:00,343250.0,343250.0,341750.0,342000.0,103267
2026-06-16 13:45:00+09:00,342000.0,342000.0,340500.0,341250.0,156791
2026-06-16 13:50:00+09:00,341000.0,341500.0,340500.0,340500.0,74988
2026-06-16 13:55:00+09:00,340750.0,341500.0,340000.0,341000.0,124125
2026-06-16 14:00:00+09:00,341250.0,342500.0,341000.0,341500.0,114737
2026-06-16 14:05:00+09:00,341750.0,342500.0,340500.0,341000.0,157892
2026-06-16 14:10:00+09:00,341000.0,342000.0,340500.0,341500.0,89583
2026-06-16 14:15:00+09:00,342000.0,342500.0,341500.0,341500.0,117621
2026-06-16 14:20:00+09:00,341500.0,342000.0,341500.0,341750.0,60497
2026-06-16 14:25:00+09:00,342000.0,342000.0,341000.0,341750.0,124309
2026-06-16 14:30:00+09:00,341750.0,342000.0,340000.0,340000.0,140192
2026-06-16 14:35:00+09:00,340000.0,341500.0,340000.0,340500.0,203320
2026-06-16 14:40:00+09:00,340500.0,341000.0,340000.0,340500.0,162558
2026-06-16 14:45:00+09:00,340500.0,341000.0,339500.0,340000.0,141373
2026-06-16 14:50:00+09:00,340000.0,341000.0,339500.0,340000.0,160449
2026-06-16 14:55:00+09:00,339750.0,340000.0,339000.0,339500.0,132376
2026-06-17 09:00:00+09:00,332000.0,334000.0,332000.0,333000.0,966671
2026-06-17 09:05:00+09:00,333000.0,335500.0,332000.0,333000.0,512536
2026-06-17 09:10:00+09:00,333000.0,335000.0,332500.0,334750.0,315809
2026-06-17 09:15:00+09:00,334500.0,337000.0,334000.0,336500.0,387118
2026-06-17 09:20:00+09:00,336000.0,337000.0,334000.0,334500.0,330518
2026-06-17 09:25:00+09:00,334500.0,335500.0,333000.0,333250.0,295794
2026-06-17 09:30:00+09:00,333500.0,335500.0,333000.0,334500.0,257093
2026-06-17 09:35:00+09:00,334500.0,335000.0,333500.0,333750.0,239552
2026-06-17 09:40:00+09:00,333750.0,335500.0,333000.0,334000.0,336231
2026-06-17 09:45:00+09:00,333750.0,334000.0,333000.0,333250.0,320571
2026-06-17 09:50:00+09:00,333250.0,333500.0,332000.0,332500.0,471075
2026-06-17 09:55:00+09:00,332000.0,333500.0,331500.0,333250.0,327638
2026-06-17 10:00:00+09:00,333500.0,334000.0,332500.0,333250.0,370905
2026-06-17 10:05:00+09:00,333000.0,334500.0,333000.0,334250.0,157240
2026-06-17 10:10:00+09:00,334000.0,335500.0,334000.0,335000.0,196934
2026-06-17 10:15:00+09:00,334750.0,335500.0,334500.0,334750.0,173934
2026-06-17 10:20:00+09:00,334500.0,336500.0,334500.0,336500.0,296404
2026-06-17 10:25:00+09:00,336500.0,337000.0,335500.0,336000.0,196105
2026-06-17 10:30:00+09:00,336000.0,336500.0,335500.0,336250.0,171228
2026-06-17 10:35:00+09:00,336000.0,336500.0,335000.0,335500.0,168500
2026-06-17 10:40:00+09:00,335000.0,335500.0,334000.0,334500.0,122561
2026-06-17 10:45:00+09:00,334250.0,335000.0,334000.0,334000.0,94856
2026-06-17 10:50:00+09:00,334000.0,335500.0,334000.0,335250.0,122527
2026-06-17 10:55:00+09:00,335500.0,336500.0,335000.0,335750.0,166035
2026-06-17 11:00:00+09:00,336000.0,337000.0,335500.0,336000.0,126516
2026-06-17 11:05:00+09:00,336250.0,336500.0,335500.0,335500.0,95995
2026-06-17 11:10:00+09:00,335500.0,336500.0,335500.0,336000.0,122331
2026-06-17 11:15:00+09:00,335750.0,337000.0,335500.0,336500.0,100794
2026-06-17 11:20:00+09:00,336500.0,337500.0,336500.0,337500.0,120243
2026-06-17 11:25:00+09:00,337500.0,339500.0,337000.0,338500.0,270978
2026-06-17 11:30:00+09:00,339000.0,339000.0,336500.0,336750.0,124605
2026-06-17 11:35:00+09:00,336750.0,337500.0,336500.0,336500.0,92497
2026-06-17 11:40:00+09:00,336500.0,337500.0,336500.0,336750.0,115317
2026-06-17 11:45:00+09:00,336500.0,337000.0,336000.0,336750.0,77049
2026-06-17 11:50:00+09:00,336500.0,337000.0,336000.0,336000.0,88341
2026-06-17 11:55:00+09:00,336000.0,337000.0,336000.0,336500.0,77924
2026-06-17 12:00:00+09:00,336500.0,337000.0,336500.0,336750.0,60051
2026-06-17 12:05:00+09:00,336500.0,337500.0,336500.0,337500.0,72155
2026-06-17 12:10:00+09:00,337000.0,338500.0,336500.0,336750.0,116928
2026-06-17 12:15:00+09:00,336500.0,337500.0,336000.0,337000.0,133042
2026-06-17 12:20:00+09:00,337500.0,337500.0,336500.0,336750.0,52321
2026-06-17 12:25:00+09:00,336500.0,337000.0,336000.0,336000.0,99617
2026-06-17 12:30:00+09:00,336000.0,336250.0,335500.0,336000.0,111852
2026-06-17 12:35:00+09:00,335500.0,337000.0,335500.0,336000.0,143157
2026-06-17 12:40:00+09:00,335750.0,336500.0,335500.0,336500.0,61874
2026-06-17 12:45:00+09:00,336500.0,337000.0,336000.0,336500.0,99819
2026-06-17 12:50:00+09:00,336750.0,338000.0,336500.0,337500.0,134008
2026-06-17 12:55:00+09:00,337750.0,338000.0,337000.0,337500.0,123991
2026-06-17 13:00:00+09:00,337250.0,338000.0,337000.0,338000.0,98771
2026-06-17 13:05:00+09:00,338000.0,338500.0,337500.0,338500.0,130929
2026-06-17 13:10:00+09:00,338500.0,339500.0,338000.0,339000.0,199425
2026-06-17 13:15:00+09:00,339000.0,341000.0,338500.0,341000.0,341382
2026-06-17 13:20:00+09:00,341000.0,342000.0,340500.0,342000.0,261874
2026-06-17 13:25:00+09:00,341500.0,342500.0,341000.0,341000.0,225141
2026-06-17 13:30:00+09:00,341500.0,341500.0,340000.0,341000.0,191280
2026-06-17 13:35:00+09:00,341000.0,341500.0,340000.0,340000.0,180393
2026-06-17 13:40:00+09:00,340000.0,340500.0,339000.0,339750.0,219482
2026-06-17 13:45:00+09:00,339750.0,341000.0,339500.0,340500.0,175434
2026-06-17 13:50:00+09:00,340750.0,341500.0,340500.0,341000.0,205736
2026-06-17 13:55:00+09:00,341000.0,342000.0,340500.0,341500.0,197463
2026-06-17 14:00:00+09:00,341500.0,342000.0,340500.0,341000.0,202944
2026-06-17 14:05:00+09:00,341250.0,341500.0,340500.0,341000.0,130516
2026-06-17 14:10:00+09:00,341000.0,341000.0,340500.0,341000.0,80503
2026-06-17 14:15:00+09:00,340750.0,342000.0,340500.0,341750.0,198690
2026-06-17 14:20:00+09:00,341750.0,345000.0,341500.0,344750.0,524765
2026-06-17 14:25:00+09:00,344750.0,345000.0,344000.0,344500.0,296591
2026-06-17 14:30:00+09:00,344750.0,346000.0,344000.0,345000.0,447134
2026-06-17 14:35:00+09:00,345000.0,346500.0,344500.0,346000.0,335231
2026-06-17 14:40:00+09:00,346500.0,348000.0,346000.0,346500.0,448120
2026-06-17 14:45:00+09:00,347000.0,347000.0,345500.0,346250.0,212854
2026-06-17 14:50:00+09:00,346250.0,346500.0,344500.0,345000.0,270411
2026-06-17 14:55:00+09:00,345000.0,345500.0,344000.0,345250.0,267930
2026-06-18 09:00:00+09:00,345000.0,348500.0,345000.0,348500.0,1535076
2026-06-18 09:05:00+09:00,348000.0,352000.0,348000.0,350000.0,1142664
2026-06-18 09:10:00+09:00,350000.0,350250.0,346500.0,347500.0,884106
2026-06-18 09:15:00+09:00,348000.0,348000.0,344500.0,345000.0,944428
2026-06-18 09:20:00+09:00,345500.0,348000.0,345000.0,346500.0,512044
2026-06-18 09:25:00+09:00,347000.0,347500.0,346000.0,347500.0,428026
2026-06-18 09:30:00+09:00,347500.0,349000.0,347000.0,348500.0,332991
2026-06-18 09:35:00+09:00,349000.0,349500.0,347500.0,348750.0,405337
2026-06-18 09:40:00+09:00,349000.0,349000.0,348000.0,348500.0,298243
2026-06-18 09:45:00+09:00,348750.0,354000.0,348500.0,354000.0,1217162
2026-06-18 09:50:00+09:00,354000.0,355000.0,349000.0,352000.0,977829
2026-06-18 09:55:00+09:00,352500.0,352500.0,348000.0,348750.0,501023
2026-06-18 10:00:00+09:00,348750.0,351000.0,348500.0,350000.0,325003
2026-06-18 10:05:00+09:00,350500.0,351000.0,349000.0,350000.0,446019
2026-06-18 10:10:00+09:00,349500.0,351000.0,349500.0,350500.0,204801
2026-06-18 10:15:00+09:00,350750.0,351000.0,349500.0,350500.0,240351
2026-06-18 10:20:00+09:00,350500.0,351000.0,349000.0,349000.0,219463
2026-06-18 10:25:00+09:00,349250.0,350000.0,348500.0,348500.0,223496
2026-06-18 10:30:00+09:00,348500.0,351500.0,348500.0,350500.0,466715
2026-06-18 10:35:00+09:00,350500.0,351000.0,349000.0,349000.0,228912
2026-06-18 10:40:00+09:00,349500.0,349500.0,348500.0,349000.0,212095
2026-06-18 10:45:00+09:00,349000.0,349000.0,347500.0,348250.0,427567
2026-06-18 10:50:00+09:00,348250.0,349000.0,347500.0,348500.0,300649
2026-06-18 10:55:00+09:00,348500.0,348500.0,347000.0,348250.0,286343
2026-06-18 11:00:00+09:00,348500.0,349500.0,347500.0,349500.0,193273
2026-06-18 11:05:00+09:00,349250.0,350000.0,348500.0,349500.0,267171
2026-06-18 11:10:00+09:00,349500.0,350000.0,349000.0,350000.0,158133
2026-06-18 11:15:00+09:00,349500.0,350000.0,349500.0,349750.0,98311
2026-06-18 11:20:00+09:00,349500.0,350500.0,349500.0,350500.0,201653
2026-06-18 11:25:00+09:00,350500.0,350500.0,349000.0,349250.0,147931
2026-06-18 11:30:00+09:00,349250.0,350000.0,349000.0,349750.0,87922
2026-06-18 11:35:00+09:00,349750.0,350000.0,349000.0,349250.0,146907
2026-06-18 11:40:00+09:00,349250.0,350000.0,349000.0,349750.0,82565
2026-06-18 11:45:00+09:00,349750.0,350000.0,349000.0,349500.0,113253
2026-06-18 11:50:00+09:00,349000.0,350000.0,349000.0,349750.0,149046
2026-06-18 11:55:00+09:00,349750.0,350500.0,349500.0,350500.0,138046
2026-06-18 12:00:00+09:00,350500.0,351500.0,350000.0,351500.0,256594
2026-06-18 12:05:00+09:00,351500.0,352000.0,351000.0,351250.0,241458
2026-06-18 12:10:00+09:00,351500.0,351500.0,350500.0,350500.0,160456
2026-06-18 12:15:00+09:00,350500.0,351500.0,350500.0,351500.0,182431
2026-06-18 12:20:00+09:00,351500.0,352000.0,351000.0,352000.0,159916
2026-06-18 12:25:00+09:00,351750.0,352500.0,351500.0,352000.0,224523
2026-06-18 12:30:00+09:00,352000.0,352000.0,351500.0,352000.0,171492
2026-06-18 12:35:00+09:00,351500.0,352500.0,351500.0,352500.0,305927
2026-06-18 12:40:00+09:00,352000.0,353000.0,352000.0,353000.0,191541
2026-06-18 12:45:00+09:00,352750.0,354500.0,352750.0,354000.0,417513
2026-06-18 12:50:00+09:00,354250.0,355000.0,354000.0,355000.0,299549
2026-06-18 12:55:00+09:00,355000.0,356000.0,354000.0,354500.0,732756
2026-06-18 13:00:00+09:00,354500.0,355000.0,354000.0,354250.0,249915
2026-06-18 13:05:00+09:00,354500.0,357000.0,354000.0,356500.0,403469
2026-06-18 13:10:00+09:00,356750.0,357000.0,355500.0,356250.0,316252
2026-06-18 13:15:00+09:00,356500.0,356500.0,355000.0,355750.0,241182
2026-06-18 13:20:00+09:00,355750.0,356000.0,354750.0,355500.0,238592
2026-06-18 13:25:00+09:00,355250.0,355500.0,354000.0,354500.0,270104
2026-06-18 13:30:00+09:00,354750.0,356000.0,354500.0,356000.0,219347
2026-06-18 13:35:00+09:00,356000.0,357000.0,355500.0,355500.0,447800
2026-06-18 13:40:00+09:00,356000.0,356000.0,353500.0,354000.0,474499
2026-06-18 13:45:00+09:00,353750.0,354000.0,351500.0,352000.0,602920
2026-06-18 13:50:00+09:00,352000.0,354000.0,352000.0,353500.0,245275
2026-06-18 13:55:00+09:00,354000.0,354000.0,352000.0,352250.0,183138
2026-06-18 14:00:00+09:00,352250.0,352500.0,351000.0,351250.0,319393
2026-06-18 14:05:00+09:00,351000.0,353000.0,351000.0,353000.0,236894
2026-06-18 14:10:00+09:00,353000.0,354500.0,352500.0,353000.0,281211
2026-06-18 14:15:00+09:00,353000.0,353500.0,352500.0,353250.0,180503
2026-06-18 14:20:00+09:00,353000.0,354000.0,353000.0,353750.0,179052
2026-06-18 14:25:00+09:00,353500.0,354000.0,353000.0,354000.0,173560
2026-06-18 14:30:00+09:00,354000.0,355500.0,353500.0,355000.0,299207
2026-06-18 14:35:00+09:00,355250.0,356000.0,355000.0,356000.0,344745
2026-06-18 14:40:00+09:00,355750.0,357500.0,355500.0,357000.0,633834
2026-06-18 14:45:00+09:00,357000.0,357500.0,356500.0,357000.0,487982
2026-06-18 14:50:00+09:00,356750.0,359000.0,356750.0,359000.0,647890
2026-06-18 14:55:00+09:00,359000.0,359000.0,358000.0,358000.0,478760
2026-06-19 09:00:00+09:00,372500.0,374500.0,369500.0,371750.0,2892036
2026-06-19 09:05:00+09:00,371500.0,372000.0,368000.0,371000.0,1329440
2026-06-19 09:10:00+09:00,371000.0,371000.0,365500.0,367750.0,915499
2026-06-19 09:15:00+09:00,367750.0,368000.0,363500.0,367500.0,791702
2026-06-19 09:20:00+09:00,367250.0,370000.0,366500.0,369500.0,622354
2026-06-19 09:25:00+09:00,369000.0,371000.0,369000.0,369250.0,454141
2026-06-19 09:30:00+09:00,369250.0,371000.0,369000.0,370250.0,339086
2026-06-19 09:35:00+09:00,370250.0,370500.0,368500.0,370000.0,429562
2026-06-19 09:40:00+09:00,370000.0,370500.0,369500.0,370500.0,266644
2026-06-19 09:45:00+09:00,370500.0,371000.0,369000.0,371000.0,370057
2026-06-19 09:50:00+09:00,371000.0,373500.0,370500.0,372250.0,533117
2026-06-19 09:55:00+09:00,372250.0,373000.0,371500.0,372500.0,330378
2026-06-19 10:00:00+09:00,372500.0,373500.0,370500.0,373250.0,430065
2026-06-19 10:05:00+09:00,373500.0,374000.0,372500.0,373000.0,292082
2026-06-19 10:10:00+09:00,373500.0,373500.0,371000.0,372500.0,311701
2026-06-19 10:15:00+09:00,372500.0,373500.0,371750.0,373000.0,299236
2026-06-19 10:20:00+09:00,373000.0,374000.0,372500.0,373500.0,284920
2026-06-19 10:25:00+09:00,373500.0,373500.0,373000.0,373250.0,158535
2026-06-19 10:30:00+09:00,373000.0,373250.0,370500.0,372000.0,396765
2026-06-19 10:35:00+09:00,372000.0,372000.0,370500.0,370750.0,163419
2026-06-19 10:40:00+09:00,370500.0,370750.0,369500.0,370000.0,374751
2026-06-19 10:45:00+09:00,370000.0,371500.0,370000.0,371000.0,270367
2026-06-19 10:50:00+09:00,371000.0,371500.0,368500.0,368500.0,283149
2026-06-19 10:55:00+09:00,368500.0,369000.0,367000.0,367000.0,428069
2026-06-19 11:00:00+09:00,367000.0,369500.0,367000.0,369000.0,301979
2026-06-19 11:05:00+09:00,369000.0,369000.0,367000.0,368750.0,252238
2026-06-19 11:10:00+09:00,368750.0,369500.0,367500.0,368250.0,189707
2026-06-19 11:15:00+09:00,368250.0,368250.0,365500.0,366000.0,321068
2026-06-19 11:20:00+09:00,365500.0,369000.0,365500.0,369000.0,339129
2026-06-19 11:25:00+09:00,368500.0,369500.0,368000.0,369000.0,155591
2026-06-19 11:30:00+09:00,368500.0,369000.0,368000.0,369000.0,126375
2026-06-19 11:35:00+09:00,369000.0,369000.0,368000.0,369000.0,87800
2026-06-19 11:40:00+09:00,369000.0,370000.0,368500.0,369750.0,169817
2026-06-19 11:45:00+09:00,369750.0,370500.0,369500.0,370000.0,203549
2026-06-19 11:50:00+09:00,370250.0,370250.0,368500.0,369000.0,194615
2026-06-19 11:55:00+09:00,369000.0,369000.0,367500.0,368000.0,149379
2026-06-19 12:00:00+09:00,368000.0,369000.0,368000.0,368250.0,97712
2026-06-19 12:05:00+09:00,368000.0,369000.0,367500.0,367500.0,148877
2026-06-19 12:10:00+09:00,367500.0,368000.0,366000.0,366500.0,174798
2026-06-19 12:15:00+09:00,366000.0,366500.0,364250.0,365000.0,550171
2026-06-19 12:20:00+09:00,365000.0,366000.0,363000.0,363000.0,469434
2026-06-19 12:25:00+09:00,363000.0,363500.0,358500.0,359500.0,948167
2026-06-19 12:30:00+09:00,360000.0,360000.0,356000.0,356000.0,737006
2026-06-19 12:35:00+09:00,356500.0,360500.0,352500.0,360000.0,1262133
2026-06-19 12:40:00+09:00,360000.0,361000.0,355500.0,356000.0,607268
2026-06-19 12:45:00+09:00,356250.0,357000.0,353500.0,355500.0,622819
2026-06-19 12:50:00+09:00,355500.0,358000.0,354500.0,355000.0,351555
2026-06-19 12:55:00+09:00,355000.0,355000.0,350500.0,353000.0,884372
2026-06-19 13:00:00+09:00,353000.0,355000.0,350500.0,350500.0,642968
2026-06-19 13:05:00+09:00,350750.0,355500.0,350000.0,355500.0,542912
2026-06-19 13:10:00+09:00,355500.0,357000.0,355000.0,357000.0,376473
2026-06-19 13:15:00+09:00,356750.0,358000.0,354000.0,357000.0,403282
2026-06-19 13:20:00+09:00,356750.0,357500.0,355000.0,356000.0,268350
2026-06-19 13:25:00+09:00,356000.0,356500.0,354500.0,356500.0,213217
2026-06-19 13:30:00+09:00,356000.0,356500.0,352500.0,352500.0,378392
2026-06-19 13:35:00+09:00,353000.0,354000.0,351500.0,352000.0,349838
2026-06-19 13:40:00+09:00,352500.0,353500.0,351500.0,352500.0,335591
2026-06-19 13:45:00+09:00,352500.0,352500.0,350500.0,351500.0,373679
2026-06-19 13:50:00+09:00,351500.0,353000.0,350500.0,350750.0,360888
2026-06-19 13:55:00+09:00,350500.0,352500.0,350500.0,351500.0,287659
2026-06-19 14:00:00+09:00,351500.0,353500.0,351000.0,352500.0,270538
2026-06-19 14:05:00+09:00,352750.0,354000.0,351000.0,351500.0,315168
2026-06-19 14:10:00+09:00,352000.0,353000.0,351000.0,352500.0,299147
2026-06-19 14:15:00+09:00,352500.0,354500.0,351500.0,352000.0,280875
2026-06-19 14:20:00+09:00,351500.0,352000.0,351000.0,351500.0,190771
2026-06-19 14:25:00+09:00,351500.0,352000.0,351000.0,351250.0,271770
2026-06-19 14:30:00+09:00,351000.0,351250.0,348500.0,348500.0,777624
2026-06-19 14:35:00+09:00,348500.0,349000.0,346250.0,348000.0,698463
2026-06-19 14:40:00+09:00,347750.0,350500.0,347500.0,350000.0,317989
2026-06-19 14:45:00+09:00,349500.0,354500.0,349500.0,354500.0,507771
2026-06-19 14:50:00+09:00,354500.0,356000.0,353000.0,355750.0,432033
2026-06-19 14:55:00+09:00,355500.0,357500.0,355000.0,357250.0,481774
2026-06-22 09:00:00+09:00,343000.0,350500.0,343000.0,350500.0,0
2026-06-22 09:05:00+09:00,350500.0,350500.0,344500.0,345500.0,726516
2026-06-22 09:10:00+09:00,345000.0,347000.0,342000.0,344000.0,1021327
2026-06-22 09:15:00+09:00,344000.0,346500.0,343500.0,345000.0,521257
2026-06-22 09:20:00+09:00,345000.0,346000.0,344000.0,346000.0,455087
2026-06-22 09:25:00+09:00,346000.0,349000.0,345500.0,347500.0,397459
2026-06-22 09:30:00+09:00,347500.0,351500.0,346500.0,350500.0,649143
2026-06-22 09:35:00+09:00,350500.0,351500.0,349500.0,350000.0,356824
2026-06-22 09:40:00+09:00,350250.0,355500.0,350000.0,354500.0,538147
2026-06-22 09:45:00+09:00,354500.0,356500.0,354000.0,354500.0,502564
2026-06-22 09:50:00+09:00,354500.0,355500.0,352000.0,355500.0,361374
2026-06-22 09:55:00+09:00,355500.0,357500.0,355000.0,357500.0,393226
2026-06-22 10:00:00+09:00,357250.0,358000.0,355500.0,357000.0,362444
2026-06-22 10:05:00+09:00,357000.0,361500.0,356000.0,361000.0,626628
2026-06-22 10:10:00+09:00,361500.0,363000.0,359000.0,359500.0,466300
2026-06-22 10:15:00+09:00,359750.0,362000.0,359000.0,361250.0,332321
2026-06-22 10:20:00+09:00,361250.0,362000.0,360000.0,361500.0,258605
2026-06-22 10:25:00+09:00,361500.0,362500.0,360000.0,360500.0,389624
2026-06-22 10:30:00+09:00,360000.0,361500.0,359000.0,361000.0,376430
2026-06-22 10:35:00+09:00,360500.0,362500.0,359000.0,362500.0,371964
2026-06-22 10:40:00+09:00,362000.0,363000.0,359500.0,359750.0,293666
2026-06-22 10:45:00+09:00,359500.0,360500.0,356500.0,357500.0,474283
2026-06-22 10:50:00+09:00,357500.0,359500.0,355500.0,356000.0,336559
2026-06-22 10:55:00+09:00,355500.0,358000.0,355500.0,356000.0,248948
2026-06-22 11:00:00+09:00,356000.0,358500.0,355500.0,358500.0,181699
2026-06-22 11:05:00+09:00,358500.0,359500.0,358000.0,358500.0,176172
2026-06-22 11:10:00+09:00,358500.0,359000.0,356500.0,357000.0,133191
2026-06-22 11:15:00+09:00,356750.0,358000.0,356500.0,356750.0,211226
2026-06-22 11:20:00+09:00,356750.0,358500.0,355500.0,358250.0,203451
2026-06-22 11:25:00+09:00,358500.0,358500.0,357000.0,357500.0,148510
2026-06-22 11:30:00+09:00,357000.0,357500.0,356000.0,356500.0,133016
2026-06-22 11:35:00+09:00,356500.0,359000.0,356250.0,358750.0,191343
2026-06-22 11:40:00+09:00,358750.0,358750.0,356000.0,357000.0,121235
2026-06-22 11:45:00+09:00,357000.0,357500.0,356500.0,356500.0,80520
2026-06-22 11:50:00+09:00,356500.0,357500.0,356000.0,357000.0,97711
2026-06-22 11:55:00+09:00,356500.0,357500.0,356500.0,357000.0,110294
2026-06-22 12:00:00+09:00,356500.0,357000.0,354500.0,356250.0,270995
2026-06-22 12:05:00+09:00,356250.0,357000.0,355500.0,356500.0,83885
2026-06-22 12:10:00+09:00,356000.0,357500.0,355500.0,357000.0,152209
2026-06-22 12:15:00+09:00,356500.0,359000.0,356500.0,357750.0,181648
2026-06-22 12:20:00+09:00,357750.0,358500.0,357000.0,358000.0,121633
2026-06-22 12:25:00+09:00,358000.0,359000.0,357500.0,357500.0,164688
2026-06-22 12:30:00+09:00,357500.0,358500.0,357500.0,357750.0,129689
2026-06-22 12:35:00+09:00,357750.0,358000.0,357000.0,357250.0,109754
2026-06-22 12:40:00+09:00,357250.0,357500.0,355500.0,356500.0,216822
2026-06-22 12:45:00+09:00,356250.0,357000.0,355500.0,356500.0,130622
2026-06-22 12:50:00+09:00,356250.0,357000.0,355000.0,355500.0,239270
2026-06-22 12:55:00+09:00,355500.0,355500.0,354000.0,355250.0,272762
2026-06-22 13:00:00+09:00,355000.0,356000.0,355000.0,355250.0,141035
2026-06-22 13:05:00+09:00,355000.0,356500.0,355000.0,355500.0,128606
2026-06-22 13:10:00+09:00,356000.0,356000.0,350500.0,351000.0,384618
2026-06-22 13:15:00+09:00,351000.0,353000.0,350500.0,351750.0,311375
2026-06-22 13:20:00+09:00,351750.0,353000.0,351500.0,352500.0,212964
2026-06-22 13:25:00+09:00,353000.0,353000.0,350000.0,350500.0,252161
2026-06-22 13:30:00+09:00,350000.0,351500.0,350000.0,351500.0,172186
2026-06-22 13:35:00+09:00,351500.0,351500.0,347500.0,348500.0,582859
2026-06-22 13:40:00+09:00,348500.0,350000.0,347000.0,347500.0,257621
2026-06-22 13:45:00+09:00,347500.0,351000.0,347000.0,351000.0,288530
2026-06-22 13:50:00+09:00,351000.0,351500.0,348500.0,349500.0,291454
2026-06-22 13:55:00+09:00,349000.0,350000.0,348000.0,350000.0,184650
2026-06-22 14:00:00+09:00,349500.0,351000.0,348000.0,348250.0,204458
2026-06-22 14:05:00+09:00,348250.0,352000.0,348000.0,351000.0,184104
2026-06-22 14:10:00+09:00,351000.0,352000.0,349500.0,351750.0,157340
2026-06-22 14:15:00+09:00,351500.0,353000.0,351500.0,353000.0,168178
2026-06-22 14:20:00+09:00,352500.0,354500.0,352000.0,354000.0,167493
2026-06-22 14:25:00+09:00,354000.0,355000.0,353500.0,354000.0,186298
2026-06-22 14:30:00+09:00,354000.0,354500.0,352000.0,352500.0,200534
2026-06-22 14:35:00+09:00,353000.0,354500.0,352500.0,353500.0,203343
2026-06-22 14:40:00+09:00,353500.0,354000.0,353000.0,353750.0,163868
2026-06-22 14:45:00+09:00,353750.0,354000.0,353000.0,353500.0,101369
2026-06-22 14:50:00+09:00,353250.0,353500.0,352000.0,353250.0,183022
2026-06-22 14:55:00+09:00,353250.0,353500.0,352000.0,352000.0,144051
2026-06-23 09:00:00+09:00,347500.0,353000.0,347500.0,352000.0,2298278
2026-06-23 09:05:00+09:00,351750.0,352000.0,349000.0,351250.0,885516
2026-06-23 09:10:00+09:00,351250.0,353000.0,349500.0,349750.0,725557
2026-06-23 09:15:00+09:00,349750.0,351500.0,348000.0,349000.0,619580
2026-06-23 09:20:00+09:00,349000.0,349000.0,340000.0,340500.0,1431994
2026-06-23 09:25:00+09:00,340500.0,350000.0,338000.0,342500.0,1680319
2026-06-23 09:30:00+09:00,342500.0,346000.0,340000.0,344000.0,667614
2026-06-23 09:35:00+09:00,344000.0,345000.0,341000.0,343500.0,399437
2026-06-23 09:40:00+09:00,343500.0,346500.0,343000.0,346500.0,290399
2026-06-23 09:45:00+09:00,346500.0,347500.0,345000.0,346500.0,303157
2026-06-23 09:50:00+09:00,346500.0,346500.0,343500.0,344000.0,317714
2026-06-23 09:55:00+09:00,344000.0,344000.0,341000.0,343250.0,425174
2026-06-23 10:00:00+09:00,343000.0,344500.0,342000.0,343000.0,291800
2026-06-23 10:05:00+09:00,343000.0,344500.0,342000.0,343500.0,287476
2026-06-23 10:10:00+09:00,343500.0,346000.0,343500.0,344500.0,314005
2026-06-23 10:15:00+09:00,344250.0,345000.0,342000.0,342500.0,332501
2026-06-23 10:20:00+09:00,342500.0,343000.0,342000.0,342250.0,183540
2026-06-23 10:25:00+09:00,342250.0,344500.0,342000.0,343000.0,218206
2026-06-23 10:30:00+09:00,343000.0,343000.0,340000.0,340500.0,374755
2026-06-23 10:35:00+09:00,340500.0,341000.0,339000.0,340500.0,582647
2026-06-23 10:40:00+09:00,340500.0,341000.0,338500.0,338750.0,322043
2026-06-23 10:45:00+09:00,338750.0,339000.0,335500.0,336000.0,745928
2026-06-23 10:50:00+09:00,335500.0,337500.0,335000.0,336000.0,521447
2026-06-23 10:55:00+09:00,336000.0,338000.0,335000.0,335500.0,567919
2026-06-23 11:00:00+09:00,335500.0,336500.0,333500.0,336000.0,610770
2026-06-23 11:05:00+09:00,336000.0,336000.0,334000.0,334500.0,369171
2026-06-23 11:10:00+09:00,334500.0,337500.0,334500.0,337000.0,350342
2026-06-23 11:15:00+09:00,337000.0,337500.0,334500.0,336000.0,323086
2026-06-23 11:20:00+09:00,336000.0,338000.0,335000.0,337000.0,269400
2026-06-23 11:25:00+09:00,337000.0,340000.0,336500.0,339500.0,381790
2026-06-23 11:30:00+09:00,339250.0,339500.0,337000.0,337500.0,226875
2026-06-23 11:35:00+09:00,337500.0,338500.0,336000.0,336500.0,196437
2026-06-23 11:40:00+09:00,336500.0,338000.0,335500.0,338000.0,219023
2026-06-23 11:45:00+09:00,337500.0,340000.0,335500.0,337750.0,383469
2026-06-23 11:50:00+09:00,337750.0,341000.0,337500.0,339500.0,389413
2026-06-23 11:55:00+09:00,339500.0,341000.0,338000.0,338500.0,222711
2026-06-23 12:00:00+09:00,338000.0,339500.0,335500.0,336000.0,374755
2026-06-23 12:05:00+09:00,335500.0,336500.0,334500.0,335250.0,300236
2026-06-23 12:10:00+09:00,335000.0,335250.0,333500.0,334250.0,353384
2026-06-23 12:15:00+09:00,334250.0,334250.0,333000.0,333500.0,264725
2026-06-23 12:20:00+09:00,333500.0,334000.0,333000.0,334000.0,209859
2026-06-23 12:25:00+09:00,334000.0,334000.0,331500.0,331500.0,597667
2026-06-23 12:30:00+09:00,331750.0,332000.0,328500.0,329000.0,971023
2026-06-23 12:35:00+09:00,329000.0,330000.0,327000.0,330000.0,702304
2026-06-23 12:40:00+09:00,329500.0,330500.0,328500.0,330000.0,334434
2026-06-23 12:45:00+09:00,330250.0,331000.0,329000.0,330000.0,336889
2026-06-23 12:50:00+09:00,330000.0,333000.0,329500.0,332500.0,390909
2026-06-23 12:55:00+09:00,332500.0,335500.0,332000.0,334500.0,462957
2026-06-23 13:00:00+09:00,334500.0,336500.0,334500.0,336000.0,400544
2026-06-23 13:05:00+09:00,335750.0,337500.0,335000.0,335250.0,331573
2026-06-23 13:10:00+09:00,335000.0,336000.0,334000.0,334500.0,255224
2026-06-23 13:15:00+09:00,334500.0,334500.0,332000.0,332500.0,226750
2026-06-23 13:20:00+09:00,332500.0,333000.0,331000.0,333000.0,209883
2026-06-23 13:25:00+09:00,333000.0,334500.0,332500.0,333250.0,219378
2026-06-23 13:30:00+09:00,333250.0,335000.0,333000.0,333500.0,194146
2026-06-23 13:35:00+09:00,333750.0,334500.0,332500.0,333000.0,200403
2026-06-23 13:40:00+09:00,333500.0,333500.0,330500.0,331000.0,263717
2026-06-23 13:45:00+09:00,331000.0,331500.0,330000.0,330500.0,301779
2026-06-23 13:50:00+09:00,330250.0,330500.0,329000.0,329500.0,427311
2026-06-23 13:55:00+09:00,329500.0,329750.0,328000.0,328250.0,366995
2026-06-23 14:00:00+09:00,328250.0,330750.0,328000.0,329750.0,381445
2026-06-23 14:05:00+09:00,329500.0,330000.0,327000.0,327500.0,428513
2026-06-23 14:10:00+09:00,328000.0,328000.0,326500.0,326750.0,385546
2026-06-23 14:15:00+09:00,326750.0,328500.0,325500.0,326000.0,424406
2026-06-23 14:20:00+09:00,326000.0,327500.0,325000.0,325500.0,419248
2026-06-23 14:25:00+09:00,325500.0,325500.0,323000.0,324000.0,598592
2026-06-23 14:30:00+09:00,323500.0,324000.0,321500.0,322500.0,509925
2026-06-24 09:00:00+09:00,314000.0,325000.0,314000.0,321000.0,2790027
2026-06-24 09:05:00+09:00,321000.0,331500.0,318500.0,329500.0,1737184
2026-06-24 09:10:00+09:00,329500.0,337000.0,329000.0,332000.0,2081751
2026-06-24 09:15:00+09:00,332000.0,335500.0,331500.0,333500.0,892787
2026-06-24 09:20:00+09:00,334000.0,334000.0,328000.0,329500.0,955934
2026-06-24 09:25:00+09:00,329500.0,337500.0,329000.0,337000.0,1157269
2026-06-24 09:30:00+09:00,337250.0,341000.0,337000.0,339500.0,1185269
2026-06-24 09:35:00+09:00,339500.0,340000.0,335500.0,337250.0,692253
2026-06-24 09:40:00+09:00,337500.0,341000.0,335500.0,339000.0,748694
2026-06-24 09:45:00+09:00,339000.0,339500.0,336000.0,336500.0,450117
2026-06-24 09:50:00+09:00,336250.0,338000.0,334500.0,335000.0,611336
2026-06-24 09:55:00+09:00,335000.0,335500.0,332500.0,335000.0,657895
2026-06-24 10:00:00+09:00,335000.0,336000.0,329500.0,330000.0,722347
2026-06-24 10:05:00+09:00,329500.0,332500.0,327000.0,327750.0,785240
2026-06-24 10:10:00+09:00,327750.0,330500.0,326500.0,329000.0,526510
2026-06-24 10:15:00+09:00,329000.0,330000.0,327000.0,328500.0,305025
2026-06-24 10:20:00+09:00,328000.0,331500.0,328000.0,331500.0,418689
2026-06-24 10:25:00+09:00,331000.0,331500.0,328500.0,330500.0,447247
2026-06-24 10:30:00+09:00,330500.0,332500.0,330000.0,331500.0,633388
2026-06-24 10:35:00+09:00,332000.0,333000.0,331000.0,332000.0,322639
2026-06-24 10:40:00+09:00,332000.0,332500.0,330000.0,330250.0,346127
2026-06-24 10:45:00+09:00,330000.0,331000.0,328500.0,331000.0,272410
2026-06-24 10:50:00+09:00,330750.0,333000.0,330000.0,332500.0,307983
2026-06-24 10:55:00+09:00,332500.0,334500.0,332000.0,333500.0,337353
2026-06-24 11:00:00+09:00,333500.0,334000.0,332500.0,333500.0,178587
2026-06-24 11:05:00+09:00,333750.0,333750.0,331500.0,332250.0,287708
2026-06-24 11:10:00+09:00,332500.0,334000.0,332000.0,333500.0,262541
2026-06-24 11:15:00+09:00,334000.0,334500.0,331000.0,332500.0,349728
2026-06-24 11:20:00+09:00,332500.0,333500.0,330500.0,330750.0,227625
2026-06-24 11:25:00+09:00,330750.0,331500.0,330000.0,331000.0,277508
2026-06-24 11:30:00+09:00,331500.0,331750.0,329000.0,329000.0,324234
2026-06-24 11:35:00+09:00,329500.0,330000.0,327000.0,327500.0,226081
2026-06-24 11:40:00+09:00,327500.0,327500.0,324000.0,324500.0,436446
2026-06-24 11:45:00+09:00,324500.0,326000.0,321000.0,321000.0,559577
2026-06-24 11:50:00+09:00,321500.0,323500.0,318500.0,319250.0,792088
2026-06-24 11:55:00+09:00,319250.0,321000.0,316500.0,317000.0,674598
2026-06-24 12:00:00+09:00,317500.0,319500.0,315500.0,318000.0,606643
2026-06-24 12:05:00+09:00,318500.0,322000.0,316000.0,321500.0,518049
2026-06-24 12:10:00+09:00,321500.0,324000.0,321000.0,321250.0,523565
2026-06-24 12:15:00+09:00,321250.0,321500.0,318000.0,318500.0,288882
2026-06-24 12:20:00+09:00,318750.0,321500.0,318000.0,319500.0,285321
2026-06-24 12:25:00+09:00,320000.0,326500.0,319500.0,326250.0,387193
2026-06-24 12:30:00+09:00,326250.0,328000.0,324500.0,326000.0,526085
2026-06-24 12:35:00+09:00,326000.0,327000.0,324000.0,325000.0,361268
2026-06-24 12:40:00+09:00,325000.0,327500.0,324000.0,324000.0,329710
2026-06-24 12:45:00+09:00,324250.0,325500.0,323000.0,324500.0,410990
2026-06-24 12:50:00+09:00,324500.0,326500.0,323000.0,325000.0,318198
2026-06-24 12:55:00+09:00,325000.0,326500.0,324000.0,326500.0,181441
2026-06-24 13:00:00+09:00,326500.0,326500.0,323000.0,323000.0,177743
2026-06-24 13:05:00+09:00,323500.0,324000.0,322000.0,324000.0,210890
2026-06-24 13:10:00+09:00,324000.0,325500.0,323500.0,324500.0,210719
2026-06-24 13:15:00+09:00,324750.0,326000.0,322000.0,322000.0,266529
2026-06-24 13:20:00+09:00,322000.0,323000.0,320000.0,321000.0,409786
2026-06-24 13:25:00+09:00,321000.0,324000.0,321000.0,323000.0,358178
2026-06-24 13:30:00+09:00,323000.0,326500.0,323000.0,326250.0,383181
2026-06-24 13:35:00+09:00,326250.0,329000.0,326000.0,328750.0,454526
2026-06-24 13:40:00+09:00,328750.0,331000.0,328500.0,329000.0,609473
2026-06-24 13:45:00+09:00,329250.0,331500.0,329000.0,331000.0,344110
2026-06-24 13:50:00+09:00,331500.0,333000.0,330500.0,332750.0,330336
2026-06-24 13:55:00+09:00,332750.0,334500.0,332000.0,333500.0,406966
2026-06-24 14:00:00+09:00,333250.0,335000.0,333000.0,333500.0,490182
2026-06-24 14:05:00+09:00,333000.0,334500.0,332000.0,334250.0,423733
2026-06-24 14:10:00+09:00,334500.0,336000.0,334000.0,335500.0,468315
2026-06-24 14:15:00+09:00,335500.0,336000.0,334500.0,335500.0,304247
2026-06-24 14:20:00+09:00,335500.0,337000.0,334000.0,336750.0,540962
2026-06-24 14:25:00+09:00,336750.0,337000.0,334500.0,334500.0,289831
2026-06-24 14:30:00+09:00,335000.0,337000.0,334500.0,336750.0,343707
2026-06-24 14:35:00+09:00,336750.0,340000.0,336000.0,340000.0,579302
2026-06-24 14:40:00+09:00,339500.0,340000.0,335500.0,336250.0,513997
2026-06-24 14:45:00+09:00,336500.0,339000.0,335500.0,336500.0,454677
2026-06-24 14:50:00+09:00,337000.0,337000.0,333500.0,335750.0,600141
2026-06-24 14:55:00+09:00,335750.0,338000.0,335000.0,336500.0,408153
2026-06-25 09:00:00+09:00,359500.0,360500.0,356000.0,358500.0,3258645
2026-06-25 09:05:00+09:00,358000.0,358500.0,354000.0,355500.0,969959
2026-06-25 09:10:00+09:00,355500.0,359000.0,355000.0,357500.0,774288
2026-06-25 09:15:00+09:00,357250.0,359000.0,356500.0,357500.0,493931
2026-06-25 09:20:00+09:00,357500.0,359500.0,356000.0,358250.0,702332
2026-06-25 09:25:00+09:00,358500.0,359000.0,357000.0,358500.0,424845
2026-06-25 09:30:00+09:00,358500.0,361500.0,358250.0,360750.0,921851
2026-06-25 09:35:00+09:00,360500.0,361000.0,357000.0,357500.0,413500
2026-06-25 09:40:00+09:00,357500.0,358000.0,353250.0,354000.0,642142
2026-06-25 09:45:00+09:00,354000.0,355000.0,352000.0,354500.0,769719
2026-06-25 09:50:00+09:00,354500.0,356500.0,352500.0,355500.0,907428
2026-06-25 09:55:00+09:00,356000.0,356000.0,353500.0,354500.0,354143
2026-06-25 10:00:00+09:00,354500.0,357500.0,353500.0,353750.0,521555
2026-06-25 10:05:00+09:00,353750.0,357000.0,353000.0,356500.0,434760
2026-06-25 10:10:00+09:00,356500.0,357500.0,356000.0,356750.0,321104
2026-06-25 10:15:00+09:00,356750.0,359000.0,356500.0,358500.0,422747
2026-06-25 10:20:00+09:00,358500.0,360000.0,358000.0,359000.0,565703
2026-06-25 10:25:00+09:00,359000.0,360000.0,358500.0,359500.0,420840
2026-06-25 10:30:00+09:00,359250.0,361000.0,358000.0,360500.0,707981
2026-06-25 10:35:00+09:00,360250.0,362500.0,360250.0,361500.0,744732
2026-06-25 10:40:00+09:00,361750.0,362000.0,358500.0,359750.0,465382
2026-06-25 10:45:00+09:00,359750.0,361500.0,359500.0,361000.0,314757
2026-06-25 10:50:00+09:00,361000.0,362000.0,360000.0,361000.0,401547
2026-06-25 10:55:00+09:00,361000.0,361000.0,358500.0,359000.0,276053
2026-06-25 11:00:00+09:00,359000.0,360000.0,358000.0,359000.0,295959
2026-06-25 11:05:00+09:00,359000.0,360000.0,358000.0,358500.0,294026
2026-06-25 11:10:00+09:00,358250.0,358500.0,355500.0,356000.0,316699
2026-06-25 11:15:00+09:00,356000.0,357000.0,355500.0,356750.0,261703
2026-06-25 11:20:00+09:00,356750.0,357000.0,355500.0,356000.0,330615
2026-06-25 11:25:00+09:00,356000.0,357000.0,354500.0,356000.0,326249
2026-06-25 11:30:00+09:00,356000.0,357000.0,355500.0,356500.0,136325
2026-06-25 11:35:00+09:00,356750.0,357500.0,356000.0,357250.0,172722
2026-06-25 11:40:00+09:00,357500.0,358000.0,356000.0,357500.0,165052
2026-06-25 11:45:00+09:00,357500.0,358500.0,357500.0,357500.0,160475
2026-06-25 11:50:00+09:00,357500.0,358500.0,357000.0,358500.0,165235
2026-06-25 11:55:00+09:00,358500.0,359000.0,358000.0,358750.0,176580
2026-06-25 12:00:00+09:00,359000.0,359500.0,358000.0,358500.0,300650
2026-06-25 12:05:00+09:00,358000.0,359500.0,358000.0,358250.0,233999
2026-06-25 12:10:00+09:00,358000.0,358500.0,357000.0,357750.0,171826
2026-06-25 12:15:00+09:00,357750.0,359000.0,357000.0,358500.0,190588
2026-06-25 12:20:00+09:00,358500.0,359000.0,357500.0,358000.0,174936
2026-06-25 12:25:00+09:00,358500.0,359000.0,357500.0,358000.0,158543
2026-06-25 12:30:00+09:00,358000.0,358500.0,357500.0,357750.0,139001
2026-06-25 12:35:00+09:00,357750.0,358000.0,356500.0,356500.0,216736
2026-06-25 12:40:00+09:00,357000.0,357500.0,356000.0,357500.0,188058
2026-06-25 12:45:00+09:00,357000.0,357500.0,356500.0,357000.0,115940
2026-06-25 12:50:00+09:00,357000.0,358000.0,356500.0,357750.0,146059
2026-06-25 12:55:00+09:00,357750.0,359000.0,357500.0,358500.0,270876
2026-06-25 13:00:00+09:00,358500.0,359000.0,357500.0,358500.0,192731
2026-06-25 13:05:00+09:00,358500.0,359000.0,358000.0,358500.0,243530
2026-06-25 13:10:00+09:00,358500.0,359000.0,358000.0,358250.0,230480
2026-06-25 13:15:00+09:00,358250.0,358500.0,357000.0,358000.0,177710
2026-06-25 13:20:00+09:00,357500.0,358500.0,357500.0,358000.0,153495
2026-06-25 13:25:00+09:00,358500.0,358500.0,357500.0,357500.0,254411
2026-06-25 13:30:00+09:00,357500.0,358000.0,357000.0,357250.0,175200
2026-06-25 13:35:00+09:00,357250.0,358500.0,357250.0,358500.0,277130
2026-06-25 13:40:00+09:00,358500.0,358500.0,357500.0,358000.0,204065
2026-06-25 13:45:00+09:00,358500.0,359000.0,358000.0,359000.0,185683
2026-06-25 13:50:00+09:00,358500.0,359500.0,358500.0,359500.0,334994
2026-06-25 13:55:00+09:00,359000.0,360000.0,359000.0,359000.0,347026
2026-06-25 14:00:00+09:00,359500.0,360000.0,358000.0,358750.0,322656
2026-06-25 14:05:00+09:00,358750.0,359500.0,358500.0,359250.0,174310
2026-06-25 14:10:00+09:00,359500.0,360000.0,359000.0,359500.0,191732
2026-06-25 14:15:00+09:00,359750.0,360000.0,359500.0,359500.0,229465
2026-06-25 14:20:00+09:00,359500.0,361000.0,359500.0,361000.0,524503
2026-06-25 14:25:00+09:00,360750.0,362000.0,360500.0,361500.0,552598
2026-06-25 14:30:00+09:00,361500.0,362000.0,361000.0,362000.0,409707
2026-06-25 14:35:00+09:00,361750.0,362000.0,360000.0,360000.0,532432
2026-06-25 14:40:00+09:00,360500.0,361500.0,360000.0,361000.0,334570
2026-06-25 14:45:00+09:00,361000.0,361500.0,359500.0,360000.0,413720
2026-06-25 14:50:00+09:00,360000.0,360250.0,358000.0,359000.0,486720
2026-06-25 14:55:00+09:00,359000.0,359000.0,357500.0,358000.0,393111
2026-06-26 09:00:00+09:00,354000.0,356500.0,352000.0,353000.0,1905360
2026-06-26 09:05:00+09:00,353000.0,355500.0,352000.0,354000.0,555273
2026-06-26 09:10:00+09:00,353750.0,354500.0,351500.0,353000.0,589018
2026-06-26 09:15:00+09:00,353000.0,353000.0,349000.0,349500.0,705169
2026-06-26 09:20:00+09:00,349500.0,350500.0,347000.0,347500.0,651506
2026-06-26 09:25:00+09:00,347500.0,348500.0,346000.0,347500.0,578866
2026-06-26 09:30:00+09:00,347750.0,348000.0,342000.0,343000.0,985873
2026-06-26 09:35:00+09:00,343500.0,346000.0,342500.0,345500.0,358402
2026-06-26 09:40:00+09:00,345500.0,347500.0,345000.0,346000.0,364792
2026-06-26 09:45:00+09:00,346000.0,349000.0,345000.0,347500.0,359852
2026-06-26 09:50:00+09:00,347500.0,349000.0,346000.0,347250.0,327891
2026-06-26 09:55:00+09:00,347250.0,347500.0,344500.0,345500.0,336144
2026-06-26 10:00:00+09:00,345500.0,346500.0,344500.0,345000.0,362600
2026-06-26 10:05:00+09:00,345000.0,346000.0,343000.0,345500.0,344788
2026-06-26 10:10:00+09:00,345000.0,347000.0,344500.0,347000.0,235331
2026-06-26 10:15:00+09:00,346750.0,349000.0,346500.0,349000.0,193993
2026-06-26 10:20:00+09:00,349000.0,350000.0,348000.0,348500.0,257082
2026-06-26 10:25:00+09:00,348500.0,348500.0,346500.0,347000.0,181546
2026-06-26 10:30:00+09:00,347000.0,347000.0,343500.0,344500.0,424557
2026-06-26 10:35:00+09:00,344250.0,345500.0,344000.0,345500.0,203579
2026-06-26 10:40:00+09:00,345500.0,345500.0,342500.0,342750.0,329369
2026-06-26 10:45:00+09:00,342750.0,344000.0,342000.0,343000.0,371195
2026-06-26 10:50:00+09:00,343000.0,343000.0,340000.0,341000.0,582509
2026-06-26 10:55:00+09:00,341000.0,341500.0,339000.0,340000.0,487802
2026-06-26 11:00:00+09:00,340000.0,341500.0,338500.0,339500.0,331059
2026-06-26 11:05:00+09:00,339500.0,341000.0,338500.0,339000.0,258056
2026-06-26 11:10:00+09:00,339000.0,339000.0,336500.0,337500.0,430105
2026-06-26 11:15:00+09:00,337000.0,338500.0,335000.0,335500.0,515054
2026-06-26 11:20:00+09:00,335500.0,336000.0,333000.0,334500.0,469142
2026-06-26 11:25:00+09:00,334000.0,337000.0,334000.0,336000.0,387173
2026-06-26 11:30:00+09:00,336500.0,337500.0,334500.0,334750.0,270330
2026-06-26 11:35:00+09:00,334750.0,335000.0,331000.0,332500.0,478276
2026-06-26 11:40:00+09:00,332500.0,333500.0,331000.0,332000.0,387942
2026-06-26 11:45:00+09:00,332000.0,332500.0,330000.0,330250.0,371289
2026-06-26 11:50:00+09:00,330000.0,331000.0,328000.0,329000.0,747380
2026-06-26 11:55:00+09:00,329250.0,330000.0,327500.0,329500.0,545427
2026-06-26 12:00:00+09:00,329500.0,329500.0,326500.0,328500.0,517211
2026-06-26 12:05:00+09:00,328500.0,328500.0,325000.0,325500.0,474409
2026-06-26 12:10:00+09:00,325500.0,325500.0,325000.0,325500.0,27473
2026-06-26 12:40:00+09:00,325500.0,329000.0,321500.0,328750.0,1814141
2026-06-26 12:45:00+09:00,328750.0,329000.0,323000.0,323000.0,613633
2026-06-26 12:50:00+09:00,323500.0,328500.0,323000.0,328000.0,521046
2026-06-26 12:55:00+09:00,328500.0,332000.0,327000.0,331500.0,568962
2026-06-26 13:00:00+09:00,331500.0,332500.0,329000.0,330500.0,553128
2026-06-26 13:05:00+09:00,330500.0,331000.0,328250.0,330000.0,359542
2026-06-26 13:10:00+09:00,330000.0,331000.0,329500.0,330500.0,299881
2026-06-26 13:15:00+09:00,330500.0,333500.0,330000.0,331000.0,361263
2026-06-26 13:20:00+09:00,330500.0,332000.0,328000.0,328000.0,412086
2026-06-26 13:25:00+09:00,328000.0,329000.0,326500.0,329000.0,308038
2026-06-26 13:30:00+09:00,329000.0,331000.0,326000.0,326500.0,380615
2026-06-26 13:35:00+09:00,326000.0,327000.0,325500.0,325750.0,302930
2026-06-26 13:40:00+09:00,325500.0,327000.0,325000.0,327000.0,401300
2026-06-26 13:45:00+09:00,327000.0,327000.0,325000.0,325500.0,269702
2026-06-26 13:50:00+09:00,325500.0,327500.0,325000.0,326500.0,272826
2026-06-26 13:55:00+09:00,326000.0,327000.0,325500.0,327000.0,253146
2026-06-26 14:00:00+09:00,327000.0,329000.0,326500.0,327000.0,417848
2026-06-26 14:05:00+09:00,327000.0,329500.0,326500.0,328500.0,293110
2026-06-26 14:10:00+09:00,328500.0,331500.0,328000.0,331500.0,330065
2026-06-26 14:15:00+09:00,331500.0,332000.0,329500.0,330500.0,433789
2026-06-26 14:20:00+09:00,330500.0,333000.0,330000.0,332000.0,232702
2026-06-26 14:25:00+09:00,331750.0,336000.0,331500.0,334500.0,585257
2026-06-26 14:30:00+09:00,335000.0,338000.0,334000.0,336500.0,508191
2026-06-26 14:35:00+09:00,337000.0,337500.0,333000.0,334000.0,622774
2026-06-26 14:40:00+09:00,334000.0,334000.0,331000.0,331500.0,377873
2026-06-26 14:45:00+09:00,331500.0,333000.0,331000.0,332500.0,420802
2026-06-26 14:50:00+09:00,332500.0,334500.0,332000.0,334000.0,262949
2026-06-26 14:55:00+09:00,334000.0,334000.0,330500.0,331000.0,434702
2026-06-29 09:00:00+09:00,331000.0,335500.0,325500.0,327000.0,0
2026-06-29 09:05:00+09:00,327000.0,329500.0,325500.0,328500.0,1090595
2026-06-29 09:10:00+09:00,328500.0,330500.0,325500.0,326000.0,759083
2026-06-29 09:15:00+09:00,326000.0,329500.0,325000.0,326000.0,753247
2026-06-29 09:20:00+09:00,326500.0,327500.0,324000.0,324500.0,481959
2026-06-29 09:25:00+09:00,324500.0,325000.0,320500.0,321000.0,810985
2026-06-29 09:30:00+09:00,321000.0,323500.0,320500.0,320750.0,541178
2026-06-29 09:35:00+09:00,321000.0,323000.0,320000.0,321500.0,742998
2026-06-29 09:40:00+09:00,321500.0,325000.0,321000.0,324000.0,548692
2026-06-29 09:45:00+09:00,323750.0,324000.0,320500.0,321250.0,461756
2026-06-29 09:50:00+09:00,321250.0,325000.0,321000.0,325000.0,487176
2026-06-29 09:55:00+09:00,325000.0,327500.0,324500.0,327000.0,459779
2026-06-29 10:00:00+09:00,327000.0,328000.0,324000.0,324000.0,632156
2026-06-29 10:05:00+09:00,324000.0,327500.0,323500.0,326500.0,523048
2026-06-29 10:10:00+09:00,326500.0,327000.0,323500.0,324000.0,370848
2026-06-29 10:15:00+09:00,324250.0,325500.0,323000.0,323750.0,268958
2026-06-29 10:20:00+09:00,323750.0,326000.0,323000.0,323750.0,241538
2026-06-29 10:25:00+09:00,323500.0,324500.0,322500.0,322750.0,211733
2026-06-29 10:30:00+09:00,322750.0,324500.0,322000.0,323250.0,421105
2026-06-29 10:35:00+09:00,323250.0,326000.0,323000.0,325000.0,295741
2026-06-29 10:40:00+09:00,324500.0,328000.0,324500.0,328000.0,305432
2026-06-29 10:45:00+09:00,328000.0,328000.0,325500.0,326250.0,188550
2026-06-29 10:50:00+09:00,326250.0,327500.0,325000.0,325500.0,156512
2026-06-29 10:55:00+09:00,325500.0,325500.0,323000.0,323500.0,286888
2026-06-29 11:00:00+09:00,323500.0,324000.0,322000.0,322500.0,240699
2026-06-29 11:05:00+09:00,322000.0,323000.0,321500.0,322000.0,254627
2026-06-29 11:10:00+09:00,322000.0,322500.0,320500.0,320750.0,358841
2026-06-29 11:15:00+09:00,320500.0,322500.0,320500.0,322500.0,251530
2026-06-29 11:20:00+09:00,322500.0,323000.0,321000.0,322000.0,163082
2026-06-29 11:25:00+09:00,322500.0,324000.0,321500.0,322750.0,172039
2026-06-29 11:30:00+09:00,322750.0,323000.0,321000.0,321000.0,171114
2026-06-29 11:35:00+09:00,321000.0,322000.0,320500.0,321500.0,283823
2026-06-29 11:40:00+09:00,321500.0,323000.0,321000.0,323000.0,244682
2026-06-29 11:45:00+09:00,322500.0,323000.0,321500.0,322000.0,187630
2026-06-29 11:50:00+09:00,322000.0,322500.0,320500.0,321000.0,230847
2026-06-29 11:55:00+09:00,321000.0,322000.0,320500.0,321250.0,135240
2026-06-29 12:00:00+09:00,321250.0,323000.0,321000.0,322500.0,202648
2026-06-29 12:05:00+09:00,322500.0,323000.0,320500.0,321250.0,186253
2026-06-29 12:10:00+09:00,321250.0,321500.0,320000.0,320500.0,331190
2026-06-29 12:15:00+09:00,320500.0,321000.0,320000.0,320500.0,277518
2026-06-29 12:20:00+09:00,320500.0,321000.0,320000.0,320250.0,312346
2026-06-29 12:25:00+09:00,320250.0,320500.0,319000.0,320000.0,516930
2026-06-29 12:30:00+09:00,320250.0,320500.0,318000.0,318250.0,375647
2026-06-29 12:35:00+09:00,318250.0,318500.0,317000.0,317750.0,365204
2026-06-29 12:40:00+09:00,317750.0,318000.0,317000.0,317250.0,198655
2026-06-29 12:45:00+09:00,317000.0,319500.0,317000.0,319000.0,509051
2026-06-29 12:50:00+09:00,319250.0,322000.0,319000.0,321500.0,389932
2026-06-29 12:55:00+09:00,321500.0,324000.0,321000.0,323000.0,345702
2026-06-29 13:00:00+09:00,323000.0,323500.0,322500.0,323000.0,289045
2026-06-29 13:05:00+09:00,322500.0,323000.0,321500.0,321500.0,279462
2026-06-29 13:10:00+09:00,322000.0,322500.0,321000.0,321000.0,166971
2026-06-29 13:15:00+09:00,321500.0,321500.0,320000.0,320500.0,215436
2026-06-29 13:20:00+09:00,320500.0,320500.0,318500.0,319000.0,244931
2026-06-29 13:25:00+09:00,319000.0,320000.0,318000.0,318500.0,400361
2026-06-29 13:30:00+09:00,318750.0,319000.0,317500.0,317750.0,291677
2026-06-29 13:35:00+09:00,317750.0,318000.0,317000.0,317500.0,383894
2026-06-29 13:40:00+09:00,317500.0,318000.0,316500.0,317250.0,386408
2026-06-29 13:45:00+09:00,317250.0,318000.0,316500.0,317750.0,450336
2026-06-29 13:50:00+09:00,317500.0,319000.0,317500.0,318250.0,262398
2026-06-29 13:55:00+09:00,318250.0,318500.0,316000.0,316500.0,452192
2026-06-29 14:00:00+09:00,317000.0,318500.0,316500.0,318500.0,305748
2026-06-29 14:05:00+09:00,318500.0,320500.0,317000.0,320000.0,320080
2026-06-29 14:10:00+09:00,320000.0,320500.0,318500.0,320250.0,282327
2026-06-29 14:15:00+09:00,320250.0,322000.0,320000.0,322000.0,265390
2026-06-29 14:20:00+09:00,322000.0,322500.0,321500.0,322250.0,188490
2026-06-29 14:25:00+09:00,322250.0,324000.0,322000.0,322500.0,326448
2026-06-29 14:30:00+09:00,322000.0,325000.0,321500.0,325000.0,383268
2026-06-29 14:35:00+09:00,324500.0,325500.0,323000.0,325000.0,404671
2026-06-29 14:40:00+09:00,325000.0,329000.0,325000.0,328500.0,661542
2026-06-29 14:45:00+09:00,328250.0,329000.0,326500.0,328000.0,592700
2026-06-29 14:50:00+09:00,327500.0,330500.0,327500.0,330500.0,546073
2026-06-29 14:55:00+09:00,330500.0,332000.0,329250.0,331500.0,682148
2026-06-30 09:00:00+09:00,323500.0,334500.0,323500.0,334500.0,2669712
2026-06-30 09:05:00+09:00,334250.0,335500.0,329000.0,330000.0,915379
2026-06-30 09:10:00+09:00,330000.0,333500.0,327000.0,330000.0,634578
2026-06-30 09:15:00+09:00,330500.0,332000.0,328500.0,329500.0,285008
2026-06-30 09:20:00+09:00,329500.0,329500.0,325500.0,327000.0,631205
2026-06-30 09:25:00+09:00,327000.0,328500.0,325500.0,326500.0,400292
2026-06-30 09:30:00+09:00,326500.0,328000.0,325000.0,325500.0,369938
2026-06-30 09:35:00+09:00,325500.0,327000.0,323500.0,324500.0,374484
2026-06-30 09:40:00+09:00,324500.0,324500.0,321500.0,322000.0,430151
2026-06-30 09:45:00+09:00,321500.0,325500.0,321000.0,324500.0,442696
2026-06-30 09:50:00+09:00,324500.0,327500.0,324000.0,326000.0,315854
2026-06-30 09:55:00+09:00,326000.0,328000.0,324500.0,326500.0,272008
2026-06-30 10:00:00+09:00,326500.0,327000.0,323500.0,325500.0,256781
2026-06-30 10:05:00+09:00,325250.0,326500.0,324000.0,324500.0,213402
2026-06-30 10:10:00+09:00,324750.0,326000.0,323500.0,325000.0,221185
2026-06-30 10:15:00+09:00,325000.0,328500.0,324500.0,328000.0,353049
2026-06-30 10:20:00+09:00,328000.0,329500.0,327000.0,328000.0,271480
2026-06-30 10:25:00+09:00,328250.0,331000.0,328000.0,330750.0,304927
2026-06-30 10:30:00+09:00,330500.0,331500.0,329500.0,330000.0,274677
2026-06-30 10:35:00+09:00,329750.0,330000.0,327500.0,327500.0,272409
2026-06-30 10:40:00+09:00,327750.0,328500.0,327000.0,327750.0,219499
2026-06-30 10:45:00+09:00,327750.0,328500.0,326000.0,328000.0,261417
2026-06-30 10:50:00+09:00,328000.0,329000.0,327500.0,329000.0,315701
2026-06-30 10:55:00+09:00,328500.0,330500.0,328500.0,330000.0,364625
2026-06-30 11:00:00+09:00,330500.0,330500.0,328000.0,329000.0,167664
2026-06-30 11:05:00+09:00,329000.0,330000.0,328000.0,329250.0,178592
2026-06-30 11:10:00+09:00,329250.0,329250.0,328000.0,328250.0,145657
2026-06-30 11:15:00+09:00,328000.0,329500.0,327500.0,329000.0,225287
2026-06-30 11:20:00+09:00,328500.0,332500.0,328500.0,332250.0,368519
2026-06-30 11:25:00+09:00,332250.0,333500.0,331500.0,333250.0,321980
2026-06-30 11:30:00+09:00,333500.0,334000.0,332000.0,332750.0,367830
2026-06-30 11:35:00+09:00,333000.0,333500.0,331500.0,332000.0,177670
2026-06-30 11:40:00+09:00,332000.0,333000.0,331000.0,331500.0,140502
2026-06-30 11:45:00+09:00,331250.0,333500.0,331000.0,333000.0,93871
2026-06-30 11:50:00+09:00,333500.0,334000.0,333000.0,333750.0,119693
2026-06-30 11:55:00+09:00,333750.0,336000.0,333500.0,335250.0,401611
2026-06-30 12:00:00+09:00,335250.0,335500.0,333500.0,333500.0,260286
2026-06-30 12:05:00+09:00,333750.0,335500.0,333500.0,335000.0,200205
2026-06-30 12:10:00+09:00,335500.0,335500.0,334000.0,334250.0,197124
2026-06-30 12:15:00+09:00,334250.0,336000.0,334000.0,335000.0,178768
2026-06-30 12:20:00+09:00,335250.0,335500.0,333500.0,333500.0,246976
2026-06-30 12:25:00+09:00,333750.0,335000.0,333000.0,334250.0,205368
2026-06-30 12:30:00+09:00,334250.0,334500.0,333500.0,333500.0,107669
2026-06-30 12:35:00+09:00,333750.0,335500.0,333500.0,335000.0,169478
2026-06-30 12:40:00+09:00,335000.0,335500.0,334000.0,334000.0,128256
2026-06-30 12:45:00+09:00,334000.0,335000.0,333000.0,333000.0,158642
2026-06-30 12:50:00+09:00,333500.0,334000.0,332500.0,333000.0,176701
2026-06-30 12:55:00+09:00,333000.0,333000.0,331500.0,332000.0,253768
2026-06-30 13:00:00+09:00,331500.0,337000.0,331500.0,337000.0,419929
2026-06-30 13:05:00+09:00,337000.0,337500.0,335500.0,336000.0,378997
2026-06-30 13:10:00+09:00,336500.0,336500.0,335000.0,335750.0,179569
2026-06-30 13:15:00+09:00,336000.0,339000.0,335750.0,337500.0,442414
2026-06-30 13:20:00+09:00,337500.0,339500.0,337000.0,338500.0,206387
2026-06-30 13:25:00+09:00,339000.0,341000.0,338500.0,341000.0,405242
2026-06-30 13:30:00+09:00,341000.0,342000.0,339500.0,341750.0,420475
2026-06-30 13:35:00+09:00,341750.0,343000.0,341000.0,342500.0,343521
2026-06-30 13:40:00+09:00,342500.0,343000.0,341000.0,342500.0,319955
2026-06-30 13:45:00+09:00,342500.0,343000.0,341500.0,342500.0,186342
2026-06-30 13:50:00+09:00,342500.0,342500.0,340500.0,341000.0,344066
2026-06-30 13:55:00+09:00,341000.0,341500.0,339500.0,339500.0,292585
2026-06-30 14:00:00+09:00,340000.0,342000.0,339000.0,340500.0,347084
2026-06-30 14:05:00+09:00,340750.0,341000.0,340000.0,340000.0,158065
2026-06-30 14:10:00+09:00,340000.0,340500.0,339000.0,340000.0,217865
2026-06-30 14:15:00+09:00,340250.0,340500.0,337500.0,338500.0,304548
2026-06-30 14:20:00+09:00,338500.0,340000.0,338250.0,339250.0,195846
2026-06-30 14:25:00+09:00,339250.0,339500.0,337000.0,337750.0,307607
2026-06-30 14:30:00+09:00,338000.0,339500.0,337000.0,337000.0,313491
2026-06-30 14:35:00+09:00,337250.0,338000.0,335500.0,336000.0,322392
2026-06-30 14:40:00+09:00,336250.0,338500.0,336000.0,338000.0,274031
2026-06-30 14:45:00+09:00,338000.0,338000.0,336000.0,337500.0,240397
2026-06-30 14:50:00+09:00,338000.0,338000.0,336000.0,336500.0,206192
2026-06-30 14:55:00+09:00,336500.0,338500.0,336000.0,337500.0,237292
2026-07-01 09:00:00+09:00,334500.0,339000.0,334500.0,337000.0,1360619
2026-07-01 09:05:00+09:00,337000.0,337000.0,333500.0,334250.0,514897
2026-07-01 09:10:00+09:00,334250.0,335000.0,331500.0,331500.0,498243
2026-07-01 09:15:00+09:00,331500.0,333000.0,329000.0,329250.0,566164
2026-07-01 09:20:00+09:00,329000.0,330000.0,326500.0,328500.0,659483
2026-07-01 09:25:00+09:00,328000.0,331000.0,327000.0,331000.0,365826
2026-07-01 09:30:00+09:00,330750.0,331000.0,328000.0,328500.0,329056
2026-07-01 09:35:00+09:00,328250.0,330000.0,328250.0,329500.0,208898
2026-07-01 09:40:00+09:00,329000.0,330000.0,327000.0,327000.0,296491
2026-07-01 09:45:00+09:00,327250.0,328000.0,326500.0,326500.0,268730
2026-07-01 09:50:00+09:00,327000.0,328000.0,325000.0,325250.0,373718
2026-07-01 09:55:00+09:00,325250.0,326000.0,322500.0,323000.0,543301
2026-07-01 10:00:00+09:00,323000.0,325500.0,323000.0,323500.0,270815
2026-07-01 10:05:00+09:00,324000.0,324000.0,321000.0,321000.0,300015
2026-07-01 10:10:00+09:00,321500.0,322000.0,320000.0,321000.0,341620
2026-07-01 10:15:00+09:00,321000.0,322000.0,319000.0,320250.0,499688
2026-07-01 10:20:00+09:00,320250.0,323000.0,320000.0,322250.0,286232
2026-07-01 10:25:00+09:00,322250.0,322500.0,320000.0,320500.0,213553
2026-07-01 10:30:00+09:00,320250.0,323000.0,320000.0,321000.0,331124
2026-07-01 10:35:00+09:00,321000.0,322000.0,320000.0,322000.0,197924
2026-07-01 10:40:00+09:00,322000.0,322000.0,320000.0,320000.0,206201
2026-07-01 10:45:00+09:00,320000.0,321000.0,319000.0,319000.0,318728
2026-07-01 10:50:00+09:00,319500.0,320000.0,318500.0,319000.0,289535
2026-07-01 10:55:00+09:00,319000.0,319500.0,317500.0,317750.0,293693
2026-07-01 11:00:00+09:00,317750.0,318000.0,315000.0,315250.0,687611
2026-07-01 11:05:00+09:00,315500.0,315500.0,311500.0,313000.0,889470
2026-07-01 11:10:00+09:00,313000.0,315000.0,312000.0,314500.0,463639
2026-07-01 11:15:00+09:00,314500.0,316000.0,313500.0,316000.0,385480
2026-07-01 11:20:00+09:00,315500.0,318500.0,315000.0,318000.0,337454
2026-07-01 11:25:00+09:00,317500.0,318500.0,316000.0,317500.0,256862
2026-07-01 11:30:00+09:00,317500.0,318500.0,316000.0,317500.0,177655
2026-07-01 11:35:00+09:00,317500.0,318500.0,317000.0,318000.0,136083
2026-07-01 11:40:00+09:00,318000.0,321000.0,317500.0,321000.0,279247
2026-07-01 11:45:00+09:00,321000.0,321000.0,319000.0,319500.0,190804
2026-07-01 11:50:00+09:00,320000.0,320000.0,318000.0,319250.0,153844
2026-07-01 11:55:00+09:00,319000.0,319500.0,318500.0,319000.0,65733
2026-07-01 12:00:00+09:00,319000.0,321000.0,318500.0,320000.0,153426
2026-07-01 12:05:00+09:00,320000.0,321500.0,319500.0,321250.0,106039
2026-07-01 12:10:00+09:00,321250.0,321500.0,320500.0,321500.0,87593
2026-07-01 12:15:00+09:00,321500.0,321500.0,319500.0,320500.0,142842
2026-07-01 12:20:00+09:00,320500.0,320500.0,319000.0,319500.0,127117
2026-07-01 12:25:00+09:00,319500.0,319500.0,319000.0,319500.0,75230
2026-07-01 12:30:00+09:00,319500.0,320000.0,319000.0,319750.0,121536
2026-07-01 12:35:00+09:00,319750.0,322000.0,319500.0,321500.0,233127
2026-07-01 12:40:00+09:00,321000.0,322000.0,320000.0,320500.0,137388
2026-07-01 12:45:00+09:00,320500.0,322500.0,320000.0,322500.0,113884
2026-07-01 12:50:00+09:00,322500.0,323500.0,322000.0,323000.0,203239
2026-07-01 12:55:00+09:00,323000.0,323000.0,321500.0,322000.0,116297
2026-07-01 13:00:00+09:00,321750.0,322000.0,320000.0,321000.0,176302
2026-07-01 13:05:00+09:00,320750.0,321000.0,319750.0,320250.0,195845
2026-07-01 13:10:00+09:00,320000.0,320250.0,319000.0,319500.0,182668
2026-07-01 13:15:00+09:00,319500.0,320000.0,319000.0,320000.0,172350
2026-07-01 13:20:00+09:00,320000.0,320000.0,319000.0,319750.0,202528
2026-07-01 13:25:00+09:00,319750.0,321000.0,319000.0,320500.0,155917
2026-07-01 13:30:00+09:00,320500.0,321000.0,319500.0,320250.0,155363
2026-07-01 13:35:00+09:00,320000.0,320500.0,319000.0,319750.0,186844
2026-07-01 13:40:00+09:00,319500.0,321000.0,319500.0,320500.0,160321
2026-07-01 13:45:00+09:00,320000.0,321500.0,320000.0,321000.0,184472
2026-07-01 13:50:00+09:00,320750.0,322000.0,320500.0,322000.0,173219
2026-07-01 13:55:00+09:00,322000.0,322000.0,319500.0,320000.0,193646
2026-07-01 14:00:00+09:00,320000.0,320000.0,319000.0,319750.0,281311
2026-07-01 14:05:00+09:00,319750.0,321000.0,319500.0,320000.0,246759
2026-07-01 14:10:00+09:00,320500.0,320500.0,319500.0,319500.0,101123
2026-07-01 14:15:00+09:00,319500.0,320000.0,317500.0,318500.0,726404
2026-07-01 14:20:00+09:00,318250.0,318500.0,316500.0,318000.0,311366
2026-07-01 14:25:00+09:00,318500.0,318500.0,317000.0,317000.0,144656
2026-07-01 14:30:00+09:00,317000.0,318000.0,316500.0,317250.0,188446
2026-07-01 14:35:00+09:00,317000.0,318000.0,315250.0,315750.0,376164
2026-07-01 14:40:00+09:00,315750.0,317500.0,315500.0,316750.0,233886
2026-07-01 14:45:00+09:00,316500.0,316750.0,315000.0,315500.0,374631
2026-07-01 14:50:00+09:00,315500.0,317000.0,315000.0,316500.0,355289
2026-07-01 14:55:00+09:00,316500.0,317500.0,316000.0,316500.0,214029
2026-07-02 09:00:00+09:00,290000.0,296000.0,290000.0,292500.0,3707851
2026-07-02 09:05:00+09:00,293000.0,295000.0,292000.0,294000.0,877126
2026-07-02 09:10:00+09:00,294000.0,296000.0,290500.0,290500.0,1310920
2026-07-02 09:15:00+09:00,290500.0,291500.0,289000.0,290000.0,1179470
2026-07-02 09:20:00+09:00,290500.0,295000.0,289500.0,294250.0,718240
2026-07-02 09:25:00+09:00,294250.0,294250.0,292000.0,294000.0,692654
2026-07-02 09:30:00+09:00,294000.0,294000.0,291500.0,292500.0,365687
2026-07-02 09:35:00+09:00,292500.0,293500.0,290500.0,291000.0,455526
2026-07-02 09:40:00+09:00,290500.0,291000.0,289000.0,289500.0,496383
2026-07-02 09:45:00+09:00,289500.0,291500.0,288000.0,291500.0,618038
2026-07-02 09:50:00+09:00,291500.0,292500.0,290000.0,292500.0,447478
2026-07-02 09:55:00+09:00,292500.0,293000.0,290500.0,291500.0,436587
2026-07-02 10:00:00+09:00,291500.0,291500.0,289000.0,291500.0,409624
2026-07-02 10:05:00+09:00,291250.0,294500.0,291000.0,294500.0,441626
2026-07-02 10:10:00+09:00,294250.0,295500.0,293500.0,294000.0,448488
2026-07-02 10:15:00+09:00,294500.0,296000.0,293000.0,296000.0,434899
2026-07-02 10:20:00+09:00,296000.0,297000.0,294000.0,297000.0,397440
2026-07-02 10:25:00+09:00,297000.0,298500.0,296000.0,298250.0,547043
2026-07-02 10:30:00+09:00,298250.0,299000.0,297000.0,298500.0,478344
2026-07-02 10:35:00+09:00,298500.0,300000.0,298000.0,298750.0,541681
2026-07-02 10:40:00+09:00,298750.0,299500.0,296500.0,299000.0,443401
2026-07-02 10:45:00+09:00,299000.0,301500.0,297500.0,300250.0,496220
2026-07-02 10:50:00+09:00,300000.0,302000.0,299500.0,301000.0,504737
2026-07-02 10:55:00+09:00,300500.0,301000.0,299000.0,301000.0,378141
2026-07-02 11:00:00+09:00,300500.0,301000.0,299000.0,300500.0,297125
2026-07-02 11:05:00+09:00,300500.0,303000.0,300500.0,302500.0,246618
2026-07-02 11:10:00+09:00,302500.0,303500.0,302000.0,303250.0,295402
2026-07-02 11:15:00+09:00,303250.0,304000.0,300000.0,300500.0,262597
2026-07-02 11:20:00+09:00,300500.0,301500.0,298500.0,298500.0,317930
2026-07-02 11:25:00+09:00,299000.0,299500.0,298000.0,299000.0,269851
2026-07-02 11:30:00+09:00,299500.0,300000.0,297500.0,299250.0,274250
2026-07-02 11:35:00+09:00,299250.0,300000.0,299000.0,300000.0,133955
2026-07-02 11:40:00+09:00,299500.0,300000.0,298500.0,299000.0,206277
2026-07-02 11:45:00+09:00,299000.0,299500.0,297000.0,297500.0,203457
2026-07-02 11:50:00+09:00,297500.0,298000.0,296500.0,297000.0,194466
2026-07-02 11:55:00+09:00,297000.0,299500.0,296500.0,299000.0,161810
2026-07-02 12:00:00+09:00,299250.0,300000.0,298000.0,298000.0,205901
2026-07-02 12:05:00+09:00,298000.0,298750.0,297000.0,297000.0,149515
2026-07-02 12:10:00+09:00,297250.0,298500.0,297000.0,298000.0,137843
2026-07-02 12:15:00+09:00,298500.0,298500.0,296500.0,297000.0,160968
2026-07-02 12:20:00+09:00,296750.0,297000.0,295500.0,295750.0,242682
2026-07-02 12:25:00+09:00,295750.0,296500.0,295000.0,295000.0,286220
2026-07-02 12:30:00+09:00,295000.0,296500.0,295000.0,296500.0,211325
2026-07-02 12:35:00+09:00,296500.0,297500.0,295000.0,295500.0,254521
2026-07-02 12:40:00+09:00,296000.0,296000.0,294500.0,295000.0,333003
2026-07-02 12:45:00+09:00,295250.0,295500.0,294000.0,295000.0,220499
2026-07-02 12:50:00+09:00,295000.0,295500.0,294000.0,294750.0,252446
2026-07-02 12:55:00+09:00,294750.0,296000.0,293500.0,294500.0,238077
2026-07-02 13:00:00+09:00,294500.0,295000.0,293500.0,294000.0,191722
2026-07-02 13:05:00+09:00,294000.0,294000.0,293000.0,293000.0,190031
2026-07-02 13:10:00+09:00,293500.0,294000.0,292500.0,292750.0,234037
2026-07-02 13:15:00+09:00,292500.0,293500.0,292000.0,292250.0,223683
2026-07-02 13:20:00+09:00,292000.0,292500.0,291000.0,292500.0,304145
2026-07-02 13:25:00+09:00,292500.0,294500.0,292000.0,293500.0,315265
2026-07-02 13:30:00+09:00,293500.0,293500.0,291000.0,292000.0,280647
2026-07-02 13:35:00+09:00,292000.0,292000.0,290500.0,291000.0,297568
2026-07-02 13:40:00+09:00,290500.0,291500.0,290500.0,290750.0,279078
2026-07-02 13:45:00+09:00,290750.0,291500.0,290500.0,290750.0,301961
2026-07-02 13:50:00+09:00,290750.0,292500.0,290750.0,292000.0,296271
2026-07-02 13:55:00+09:00,292000.0,293000.0,291500.0,292500.0,288888
2026-07-02 14:00:00+09:00,292500.0,294500.0,291500.0,294250.0,326908
2026-07-02 14:05:00+09:00,294250.0,295000.0,293500.0,294000.0,276163
2026-07-02 14:10:00+09:00,293500.0,294000.0,292000.0,292750.0,325069
2026-07-02 14:15:00+09:00,292750.0,293500.0,291500.0,292000.0,351471
2026-07-02 14:20:00+09:00,292000.0,292500.0,291500.0,292250.0,248330
2026-07-02 14:25:00+09:00,292250.0,293000.0,291000.0,291000.0,287853
2026-07-02 14:30:00+09:00,291250.0,291250.0,290500.0,290500.0,351048
2026-07-02 14:35:00+09:00,290500.0,291000.0,289500.0,289500.0,617580
2026-07-02 14:40:00+09:00,289500.0,291000.0,289500.0,290000.0,359187
2026-07-02 14:45:00+09:00,289750.0,290000.0,288000.0,289000.0,673984
2026-07-02 14:50:00+09:00,289500.0,292000.0,288500.0,289500.0,476050
2026-07-02 14:55:00+09:00,289500.0,290000.0,288000.0,288500.0,413327
2026-07-03 09:00:00+09:00,288500.0,295500.0,288500.0,293500.0,2542928
2026-07-03 09:05:00+09:00,293500.0,297500.0,292000.0,292500.0,1021695
2026-07-03 09:10:00+09:00,292500.0,297000.0,291000.0,296500.0,853981
2026-07-03 09:15:00+09:00,296500.0,297000.0,291000.0,292000.0,571785
2026-07-03 09:20:00+09:00,292000.0,294000.0,290000.0,290500.0,450024
2026-07-03 09:25:00+09:00,291000.0,292000.0,289000.0,289500.0,681695
2026-07-03 09:30:00+09:00,289750.0,290000.0,284000.0,284000.0,1083613
2026-07-03 09:35:00+09:00,284000.0,293500.0,283500.0,293000.0,862185
2026-07-03 09:40:00+09:00,293000.0,293000.0,288000.0,289000.0,468415
2026-07-03 09:45:00+09:00,288500.0,290500.0,287000.0,289500.0,438031
2026-07-03 09:50:00+09:00,289250.0,290000.0,285500.0,286500.0,437865
2026-07-03 09:55:00+09:00,286500.0,287500.0,283500.0,285500.0,745696
2026-07-03 10:00:00+09:00,286000.0,291500.0,285000.0,291000.0,906260
2026-07-03 10:05:00+09:00,291000.0,295000.0,291000.0,294750.0,726136
2026-07-03 10:10:00+09:00,295000.0,295000.0,290500.0,293500.0,417625
2026-07-03 10:15:00+09:00,294000.0,296000.0,291500.0,295500.0,511911
2026-07-03 10:20:00+09:00,295500.0,297500.0,294500.0,297000.0,544372
2026-07-03 10:25:00+09:00,297000.0,299000.0,296500.0,297500.0,536663
2026-07-03 10:30:00+09:00,297500.0,298500.0,296000.0,298500.0,331871
2026-07-03 10:35:00+09:00,298000.0,301000.0,298000.0,301000.0,699914
2026-07-03 10:40:00+09:00,301000.0,301500.0,297500.0,300000.0,484144
2026-07-03 10:45:00+09:00,300000.0,301000.0,298000.0,299500.0,305566
2026-07-03 10:50:00+09:00,299500.0,300500.0,298000.0,300000.0,308685
2026-07-03 10:55:00+09:00,300000.0,303000.0,300000.0,302500.0,471456
2026-07-03 11:00:00+09:00,302500.0,304000.0,302000.0,302000.0,382287
2026-07-03 11:05:00+09:00,302250.0,305000.0,302000.0,304000.0,310320
2026-07-03 11:10:00+09:00,304000.0,304250.0,299500.0,300500.0,427297
2026-07-03 11:15:00+09:00,301000.0,304000.0,300500.0,303500.0,342683
2026-07-03 11:20:00+09:00,303250.0,305000.0,303000.0,304000.0,315135
2026-07-03 11:25:00+09:00,304250.0,304500.0,303000.0,304500.0,175880
2026-07-03 11:30:00+09:00,304500.0,305000.0,304000.0,304500.0,180082
2026-07-03 11:35:00+09:00,304750.0,305500.0,303250.0,305500.0,304661
2026-07-03 11:40:00+09:00,305500.0,306000.0,304000.0,304750.0,230158
2026-07-03 11:45:00+09:00,304750.0,306000.0,304500.0,305500.0,157800
2026-07-03 11:50:00+09:00,305500.0,306000.0,304000.0,305500.0,111772
2026-07-03 11:55:00+09:00,305500.0,306000.0,305000.0,306000.0,107132
2026-07-03 12:00:00+09:00,306000.0,306000.0,303500.0,304500.0,200051
2026-07-03 12:05:00+09:00,304500.0,305000.0,302500.0,303750.0,160136
2026-07-03 12:10:00+09:00,304000.0,304500.0,302000.0,303750.0,154399
2026-07-03 12:15:00+09:00,304000.0,305000.0,303500.0,304500.0,98029
2026-07-03 12:20:00+09:00,304500.0,305500.0,303500.0,304250.0,158209
2026-07-03 12:25:00+09:00,304000.0,306000.0,304000.0,305500.0,161348
2026-07-03 12:30:00+09:00,305750.0,306500.0,305000.0,305750.0,226248
2026-07-03 12:35:00+09:00,305500.0,306000.0,303000.0,303500.0,155284
2026-07-03 12:40:00+09:00,303500.0,303500.0,301000.0,301000.0,160388
2026-07-03 12:45:00+09:00,301500.0,304500.0,301000.0,304250.0,174031
2026-07-03 12:50:00+09:00,304500.0,305000.0,304000.0,304750.0,113451
2026-07-03 12:55:00+09:00,304500.0,307000.0,304500.0,307000.0,352412
2026-07-03 13:00:00+09:00,306750.0,308000.0,306500.0,307750.0,262998
2026-07-03 13:05:00+09:00,307500.0,308500.0,307000.0,308500.0,197667
2026-07-03 13:10:00+09:00,308000.0,309500.0,308000.0,309250.0,218233
2026-07-03 13:15:00+09:00,309250.0,310000.0,309000.0,310000.0,257262
2026-07-03 13:20:00+09:00,310000.0,310000.0,309500.0,309750.0,161682
2026-07-03 13:25:00+09:00,309750.0,311000.0,308500.0,311000.0,448066
2026-07-03 13:30:00+09:00,311000.0,311000.0,309500.0,310750.0,254459
2026-07-03 13:35:00+09:00,310750.0,312000.0,310000.0,311500.0,210751
2026-07-03 13:40:00+09:00,311750.0,312000.0,311000.0,311500.0,195670
2026-07-03 13:45:00+09:00,311000.0,312000.0,310000.0,311250.0,190099
2026-07-03 13:50:00+09:00,311250.0,313000.0,310500.0,312000.0,367892
2026-07-03 13:55:00+09:00,312250.0,312500.0,310500.0,311250.0,258192
2026-07-03 14:00:00+09:00,311250.0,311500.0,308500.0,309750.0,340428
2026-07-03 14:05:00+09:00,309750.0,310500.0,308000.0,309000.0,318614
2026-07-03 14:10:00+09:00,309000.0,310500.0,307500.0,309500.0,310734
2026-07-03 14:15:00+09:00,309750.0,311000.0,309000.0,309500.0,274686
2026-07-03 14:20:00+09:00,310000.0,310000.0,307500.0,308500.0,251896
2026-07-03 14:25:00+09:00,308500.0,310500.0,307500.0,310500.0,264575
2026-07-03 14:30:00+09:00,310500.0,311500.0,310000.0,310500.0,228773
2026-07-03 14:35:00+09:00,310500.0,312000.0,310500.0,311500.0,207990
2026-07-03 14:40:00+09:00,311750.0,312500.0,309000.0,309250.0,407698
2026-07-03 14:45:00+09:00,309000.0,309500.0,307500.0,308250.0,365135
2026-07-03 14:50:00+09:00,308250.0,310000.0,308000.0,309500.0,260293
2026-07-03 14:55:00+09:00,310000.0,311000.0,309000.0,309750.0,211290
2026-07-06 09:00:00+09:00,320000.0,321000.0,312500.0,320000.0,0
2026-07-06 09:05:00+09:00,320500.0,323500.0,318000.0,322000.0,696895
2026-07-06 09:10:00+09:00,322000.0,323500.0,319500.0,323500.0,427993
2026-07-06 09:15:00+09:00,323500.0,325000.0,322500.0,322500.0,610624
2026-07-06 09:20:00+09:00,323000.0,323500.0,320000.0,320000.0,377207
2026-07-06 09:25:00+09:00,320000.0,321000.0,315500.0,317500.0,804531
2026-07-06 09:30:00+09:00,317500.0,321500.0,316500.0,321000.0,536769
2026-07-06 09:35:00+09:00,321000.0,322500.0,319500.0,321750.0,365747
2026-07-06 09:40:00+09:00,322000.0,323000.0,321500.0,322500.0,229334
2026-07-06 09:45:00+09:00,322500.0,324500.0,322000.0,322000.0,394688
2026-07-06 09:50:00+09:00,322000.0,323000.0,319500.0,320000.0,335117
2026-07-06 09:55:00+09:00,320000.0,321000.0,319500.0,320000.0,246753
2026-07-06 10:00:00+09:00,320000.0,321500.0,318000.0,318250.0,307382
2026-07-06 10:05:00+09:00,318250.0,319000.0,317000.0,319000.0,240631
2026-07-06 10:10:00+09:00,319000.0,319500.0,316500.0,318000.0,305702
2026-07-06 10:15:00+09:00,318000.0,320500.0,316500.0,319000.0,158180
2026-07-06 10:20:00+09:00,319500.0,320000.0,316500.0,317000.0,137084
2026-07-06 10:25:00+09:00,316750.0,318000.0,315750.0,316000.0,214998
2026-07-06 10:30:00+09:00,316500.0,319000.0,316000.0,317750.0,168381
2026-07-06 10:35:00+09:00,317750.0,318000.0,314500.0,315750.0,254474
2026-07-06 10:40:00+09:00,316000.0,318000.0,314500.0,315000.0,220785
2026-07-06 10:45:00+09:00,315000.0,315500.0,312000.0,312500.0,313055
2026-07-06 10:50:00+09:00,312500.0,313000.0,310000.0,310250.0,309248
2026-07-06 10:55:00+09:00,310250.0,313000.0,309500.0,313000.0,470973
2026-07-06 11:00:00+09:00,312750.0,315000.0,312000.0,314000.0,344595
2026-07-06 11:05:00+09:00,314000.0,314000.0,310500.0,312500.0,190333
2026-07-06 11:10:00+09:00,312500.0,312500.0,308500.0,308500.0,329381
2026-07-06 11:15:00+09:00,308750.0,311750.0,308500.0,309250.0,283387
2026-07-06 11:20:00+09:00,309500.0,312000.0,309000.0,310500.0,284024
2026-07-06 11:25:00+09:00,310500.0,310500.0,306000.0,306250.0,334602
2026-07-06 11:30:00+09:00,306500.0,308000.0,306000.0,308000.0,268338
2026-07-06 11:35:00+09:00,308000.0,308500.0,306500.0,307000.0,188438
2026-07-06 11:40:00+09:00,307000.0,307000.0,304000.0,304500.0,434793
2026-07-06 11:45:00+09:00,304750.0,306000.0,304000.0,304000.0,118926
2026-07-06 11:50:00+09:00,304500.0,307500.0,303000.0,307000.0,342486
2026-07-06 11:55:00+09:00,307000.0,308500.0,305000.0,308000.0,295070
2026-07-06 12:00:00+09:00,308000.0,309500.0,306500.0,309000.0,209158
2026-07-06 12:05:00+09:00,309000.0,309750.0,307500.0,309250.0,227157
2026-07-06 12:10:00+09:00,309500.0,311000.0,307500.0,309000.0,298164
2026-07-06 12:15:00+09:00,309000.0,310500.0,308000.0,308000.0,135257
2026-07-06 12:20:00+09:00,308000.0,309000.0,307000.0,308500.0,191802
2026-07-06 12:25:00+09:00,308000.0,310000.0,308000.0,310000.0,259063
2026-07-06 12:30:00+09:00,310000.0,311000.0,308250.0,310500.0,221754
2026-07-06 12:35:00+09:00,310500.0,312500.0,310000.0,311000.0,234731
2026-07-06 12:40:00+09:00,311000.0,311000.0,308500.0,309500.0,133392
2026-07-06 12:45:00+09:00,309000.0,310750.0,308500.0,308750.0,98863
2026-07-06 12:50:00+09:00,308500.0,310500.0,308500.0,309000.0,111666
2026-07-06 12:55:00+09:00,309000.0,311500.0,308500.0,310500.0,142631
2026-07-06 13:00:00+09:00,310500.0,310500.0,308000.0,310000.0,228554
2026-07-06 13:05:00+09:00,309750.0,311000.0,308000.0,308000.0,128198
2026-07-06 13:10:00+09:00,308500.0,312000.0,308000.0,312000.0,187667
2026-07-06 13:15:00+09:00,312000.0,312500.0,310500.0,312000.0,224668
2026-07-06 13:20:00+09:00,311500.0,312500.0,310500.0,312000.0,257800
2026-07-06 13:25:00+09:00,312000.0,312500.0,311000.0,312500.0,140003
2026-07-06 13:30:00+09:00,312000.0,314500.0,312000.0,314000.0,268163
2026-07-06 13:35:00+09:00,314000.0,316000.0,313500.0,314000.0,314011
2026-07-06 13:40:00+09:00,313500.0,316000.0,313500.0,315750.0,120425
2026-07-06 13:45:00+09:00,315750.0,316000.0,313500.0,313750.0,210134
2026-07-06 13:50:00+09:00,313500.0,316000.0,313000.0,315750.0,136132
2026-07-06 13:55:00+09:00,315500.0,316250.0,314500.0,315000.0,185322
2026-07-06 14:00:00+09:00,315000.0,315500.0,312000.0,312500.0,187550
2026-07-06 14:05:00+09:00,312500.0,316000.0,312000.0,315000.0,279812
2026-07-06 14:10:00+09:00,315000.0,317000.0,315000.0,315000.0,197060
2026-07-06 14:15:00+09:00,315000.0,316500.0,315000.0,316500.0,158119
2026-07-06 14:20:00+09:00,316500.0,316500.0,314000.0,314500.0,193808
2026-07-06 14:25:00+09:00,315000.0,315000.0,313000.0,313000.0,169666
2026-07-06 14:30:00+09:00,313500.0,314000.0,311000.0,311000.0,218312
2026-07-06 14:35:00+09:00,311000.0,313500.0,310500.0,312500.0,247889
2026-07-06 14:40:00+09:00,312500.0,314000.0,312000.0,313000.0,144752
2026-07-06 14:45:00+09:00,313000.0,313500.0,310000.0,310500.0,144286
2026-07-06 14:50:00+09:00,310500.0,315500.0,310000.0,314500.0,263193
2026-07-06 14:55:00+09:00,314750.0,316000.0,313500.0,314500.0,281395
2026-07-07 09:00:00+09:00,307000.0,310000.0,303000.0,304500.0,1520626
2026-07-07 09:05:00+09:00,304500.0,306000.0,302000.0,302500.0,805328
2026-07-07 09:10:00+09:00,302750.0,302750.0,298500.0,299000.0,916082
2026-07-07 09:15:00+09:00,299000.0,303000.0,298000.0,303000.0,717381
2026-07-07 09:20:00+09:00,302500.0,304500.0,300500.0,300750.0,594290
2026-07-07 09:25:00+09:00,300500.0,302000.0,299000.0,299500.0,454383
2026-07-07 09:30:00+09:00,300000.0,302000.0,299000.0,299500.0,397449
2026-07-07 09:35:00+09:00,299000.0,300000.0,298000.0,298000.0,541976
2026-07-07 09:40:00+09:00,298000.0,298500.0,296500.0,298000.0,589001
2026-07-07 09:45:00+09:00,298000.0,300000.0,297000.0,299500.0,432158
2026-07-07 09:50:00+09:00,299750.0,300500.0,298000.0,299500.0,370042
2026-07-07 09:55:00+09:00,299500.0,300500.0,297000.0,297750.0,431179
2026-07-07 10:00:00+09:00,297750.0,300000.0,297000.0,298000.0,356638
2026-07-07 10:05:00+09:00,298250.0,300500.0,297500.0,299750.0,400629
2026-07-07 10:10:00+09:00,299500.0,301000.0,298000.0,298500.0,331245
2026-07-07 10:15:00+09:00,298500.0,299000.0,297000.0,297000.0,362888
2026-07-07 10:20:00+09:00,297500.0,298000.0,297000.0,297250.0,339571
2026-07-07 10:25:00+09:00,297000.0,297250.0,293500.0,294000.0,849555
2026-07-07 10:30:00+09:00,294000.0,296000.0,293000.0,295500.0,607817
2026-07-07 10:35:00+09:00,295500.0,296250.0,294000.0,295500.0,352383
2026-07-07 10:40:00+09:00,295750.0,299500.0,295000.0,299500.0,303016
2026-07-07 10:45:00+09:00,299500.0,301500.0,298500.0,301000.0,438137
2026-07-07 10:50:00+09:00,301000.0,301500.0,300000.0,300250.0,148491
2026-07-07 10:55:00+09:00,300250.0,300250.0,296000.0,296500.0,295666
2026-07-07 11:00:00+09:00,296000.0,297500.0,295000.0,295500.0,348166
2026-07-07 11:05:00+09:00,295500.0,296500.0,294500.0,295750.0,325167
2026-07-07 11:10:00+09:00,295750.0,296000.0,295000.0,295000.0,240940
2026-07-07 11:15:00+09:00,295000.0,295500.0,294000.0,294500.0,280725
2026-07-07 11:20:00+09:00,294250.0,294500.0,293000.0,293250.0,220146
2026-07-07 11:25:00+09:00,293250.0,293500.0,292000.0,293000.0,304994
2026-07-07 11:30:00+09:00,292500.0,293000.0,291000.0,291500.0,233287
2026-07-07 11:35:00+09:00,291000.0,294000.0,291000.0,293000.0,336517
2026-07-07 11:40:00+09:00,293000.0,293500.0,291500.0,292000.0,135108
2026-07-07 11:45:00+09:00,291500.0,292000.0,290500.0,291000.0,218608
2026-07-07 11:50:00+09:00,291000.0,292000.0,290500.0,292000.0,246800
2026-07-07 11:55:00+09:00,292000.0,293500.0,291000.0,291500.0,227550
2026-07-07 12:00:00+09:00,291500.0,293000.0,291000.0,293000.0,241878
2026-07-07 12:05:00+09:00,293000.0,294500.0,292500.0,293500.0,199431
2026-07-07 12:10:00+09:00,293500.0,294500.0,292500.0,292500.0,143825
2026-07-07 12:15:00+09:00,292500.0,293000.0,290500.0,290500.0,295050
2026-07-07 12:20:00+09:00,291000.0,291500.0,290000.0,290250.0,200169
2026-07-07 12:25:00+09:00,290000.0,290500.0,289000.0,289500.0,525775
2026-07-07 12:30:00+09:00,289250.0,292500.0,289000.0,291500.0,298587
2026-07-07 12:35:00+09:00,291500.0,292500.0,291000.0,291250.0,248745
2026-07-07 12:40:00+09:00,291000.0,291500.0,290000.0,290500.0,183095
2026-07-07 12:45:00+09:00,290500.0,291000.0,289500.0,289750.0,155686
2026-07-07 12:50:00+09:00,289750.0,290000.0,289000.0,289500.0,254229
2026-07-07 12:55:00+09:00,289500.0,290500.0,289000.0,290500.0,215196
2026-07-07 13:00:00+09:00,290500.0,291500.0,289500.0,291250.0,271362
2026-07-07 13:05:00+09:00,291500.0,293000.0,289500.0,289750.0,496630
2026-07-07 13:10:00+09:00,289750.0,291500.0,289500.0,289750.0,209208
2026-07-07 13:15:00+09:00,289750.0,289750.0,288500.0,289000.0,330225
2026-07-07 13:20:00+09:00,288750.0,289000.0,288000.0,288000.0,261060
2026-07-07 13:25:00+09:00,288500.0,289500.0,287500.0,289000.0,392477
2026-07-07 13:30:00+09:00,289000.0,289500.0,288000.0,288500.0,238207
2026-07-07 13:35:00+09:00,288500.0,289000.0,288000.0,288500.0,188850
2026-07-07 13:40:00+09:00,288500.0,288500.0,287500.0,288000.0,240701
2026-07-07 13:45:00+09:00,288000.0,288000.0,286500.0,287000.0,520385
2026-07-07 13:50:00+09:00,287000.0,287000.0,286000.0,287000.0,123155
2026-07-07 14:20:00+09:00,288000.0,291000.0,287500.0,288750.0,962857
2026-07-07 14:25:00+09:00,288750.0,293000.0,287000.0,292750.0,856246
2026-07-07 14:30:00+09:00,293000.0,294000.0,291000.0,292500.0,791348
2026-07-07 14:35:00+09:00,293000.0,295000.0,292500.0,294500.0,512892
2026-07-07 14:40:00+09:00,294500.0,297000.0,293500.0,296500.0,707490
2026-07-07 14:45:00+09:00,296250.0,296500.0,294000.0,295000.0,430352
2026-07-07 14:50:00+09:00,295500.0,298500.0,294500.0,298000.0,558648
2026-07-07 14:55:00+09:00,298000.0,300000.0,297500.0,298500.0,507170
2026-07-08 09:00:00+09:00,285500.0,292000.0,283000.0,291000.0,2449706
2026-07-08 09:05:00+09:00,290500.0,292500.0,286000.0,287500.0,945783
2026-07-08 09:10:00+09:00,288000.0,295000.0,285000.0,292500.0,1026319
2026-07-08 09:15:00+09:00,293000.0,293500.0,289500.0,292000.0,651254
2026-07-08 09:20:00+09:00,291750.0,295000.0,289500.0,294500.0,546232
2026-07-08 09:25:00+09:00,294500.0,296000.0,292000.0,292500.0,690104
2026-07-08 09:30:00+09:00,292500.0,295000.0,289500.0,290000.0,447071
2026-07-08 09:35:00+09:00,289500.0,294500.0,288500.0,293500.0,315513
2026-07-08 09:40:00+09:00,293500.0,297500.0,293000.0,297500.0,636345
2026-07-08 09:45:00+09:00,297000.0,297500.0,294500.0,294500.0,659659
2026-07-08 09:50:00+09:00,295000.0,298500.0,294000.0,298500.0,506532
2026-07-08 09:55:00+09:00,298500.0,299500.0,296500.0,299000.0,610905
2026-07-08 10:00:00+09:00,299000.0,300000.0,294000.0,295000.0,740440
2026-07-08 10:05:00+09:00,294500.0,296000.0,293500.0,294250.0,413168
2026-07-08 10:10:00+09:00,294250.0,297000.0,293500.0,296750.0,409134
2026-07-08 10:15:00+09:00,296750.0,297000.0,293000.0,293500.0,321748
2026-07-08 10:20:00+09:00,293500.0,294500.0,291000.0,292500.0,430482
2026-07-08 10:25:00+09:00,292500.0,295000.0,292000.0,293500.0,224578
2026-07-08 10:30:00+09:00,293000.0,295000.0,290000.0,291000.0,403641
2026-07-08 10:35:00+09:00,290500.0,292000.0,288000.0,288500.0,385525
2026-07-08 10:40:00+09:00,288500.0,290500.0,288500.0,289500.0,278477
2026-07-08 10:45:00+09:00,289000.0,291500.0,289000.0,290000.0,228508
2026-07-08 10:50:00+09:00,289500.0,291500.0,286500.0,287000.0,407281
2026-07-08 10:55:00+09:00,287500.0,288000.0,286000.0,287500.0,257953
2026-07-08 11:00:00+09:00,287250.0,287500.0,284500.0,285500.0,576457
2026-07-08 11:05:00+09:00,285000.0,285500.0,283500.0,285000.0,332984
2026-07-08 11:10:00+09:00,285000.0,286500.0,284000.0,284500.0,368448
2026-07-08 11:15:00+09:00,284250.0,287500.0,284000.0,287000.0,235705
2026-07-08 11:20:00+09:00,287000.0,288000.0,285500.0,287500.0,196582
2026-07-08 11:25:00+09:00,288000.0,289000.0,286500.0,287500.0,216329
2026-07-08 11:30:00+09:00,287000.0,288000.0,285000.0,286000.0,167527
2026-07-08 11:35:00+09:00,286000.0,287000.0,285000.0,286000.0,159459
2026-07-08 11:40:00+09:00,285750.0,287000.0,285000.0,286750.0,174292
2026-07-08 11:45:00+09:00,286750.0,288000.0,286000.0,287000.0,164866
2026-07-08 11:50:00+09:00,287000.0,287000.0,285000.0,286000.0,147358
2026-07-08 11:55:00+09:00,286000.0,287000.0,285000.0,285500.0,121931
2026-07-08 12:00:00+09:00,285750.0,287500.0,285500.0,287000.0,168151
2026-07-08 12:05:00+09:00,286500.0,289000.0,286500.0,288250.0,185974
2026-07-08 12:10:00+09:00,288250.0,289750.0,288000.0,289000.0,142853
2026-07-08 12:15:00+09:00,288500.0,289500.0,288000.0,288250.0,131798
2026-07-08 12:20:00+09:00,288250.0,289750.0,287500.0,289500.0,135484
2026-07-08 12:25:00+09:00,289000.0,290500.0,289000.0,290000.0,178068
2026-07-08 12:30:00+09:00,289500.0,291000.0,288500.0,289000.0,119705
2026-07-08 12:35:00+09:00,289000.0,289500.0,288000.0,288000.0,89704
2026-07-08 12:40:00+09:00,288250.0,288500.0,287000.0,288000.0,166791
2026-07-08 12:45:00+09:00,288000.0,288000.0,286500.0,287000.0,108530
2026-07-08 12:50:00+09:00,287000.0,287500.0,286000.0,287000.0,110461
2026-07-08 12:55:00+09:00,287000.0,287000.0,285500.0,286000.0,146249
2026-07-08 13:00:00+09:00,286000.0,286000.0,284500.0,284750.0,256122
2026-07-08 13:05:00+09:00,284750.0,285000.0,283500.0,283750.0,260585
2026-07-08 13:10:00+09:00,284000.0,284000.0,281000.0,281750.0,532462
2026-07-08 13:15:00+09:00,281750.0,282000.0,281000.0,281250.0,324207
2026-07-08 13:20:00+09:00,281250.0,283500.0,281000.0,283000.0,318726
2026-07-08 13:25:00+09:00,283000.0,283000.0,280500.0,280750.0,364443
2026-07-08 13:30:00+09:00,281000.0,281500.0,278000.0,278000.0,803804
2026-07-08 13:35:00+09:00,278000.0,278500.0,275500.0,277750.0,1015886
2026-07-08 13:40:00+09:00,277750.0,279000.0,276500.0,277000.0,495802
2026-07-08 13:45:00+09:00,277750.0,278500.0,276000.0,276500.0,358497
2026-07-08 13:50:00+09:00,276500.0,277000.0,273500.0,274000.0,585392
2026-07-08 13:55:00+09:00,274000.0,279500.0,273500.0,279250.0,515097
2026-07-08 14:00:00+09:00,279250.0,280500.0,277000.0,279250.0,468622
2026-07-08 14:05:00+09:00,279250.0,281500.0,279000.0,279500.0,446245
2026-07-08 14:10:00+09:00,279500.0,280500.0,277500.0,278500.0,381894
2026-07-08 14:15:00+09:00,278500.0,280000.0,277000.0,277500.0,334445
2026-07-08 14:20:00+09:00,277000.0,278500.0,275000.0,275500.0,355239
2026-07-08 14:25:00+09:00,275500.0,277500.0,275000.0,275000.0,317883
2026-07-08 14:30:00+09:00,275000.0,277000.0,274500.0,276500.0,432759
2026-07-08 14:35:00+09:00,276500.0,277500.0,274500.0,275500.0,404397
2026-07-08 14:40:00+09:00,275500.0,277000.0,274500.0,276000.0,387203
2026-07-08 14:45:00+09:00,275500.0,277500.0,275000.0,277000.0,353623
2026-07-08 14:50:00+09:00,276500.0,280500.0,276000.0,280250.0,492117
2026-07-08 14:55:00+09:00,280250.0,281500.0,279500.0,280250.0,448747
2026-07-09 09:00:00+09:00,288500.0,290000.0,285000.0,286750.0,1934402
2026-07-09 09:05:00+09:00,286750.0,290500.0,286000.0,290000.0,664628
2026-07-09 09:10:00+09:00,290000.0,291500.0,288500.0,290500.0,598522
2026-07-09 09:15:00+09:00,290500.0,291500.0,288500.0,288500.0,549454
2026-07-09 09:20:00+09:00,288500.0,290500.0,288000.0,288000.0,370526
2026-07-09 09:25:00+09:00,288000.0,289500.0,286500.0,289000.0,421826
2026-07-09 09:30:00+09:00,289000.0,289500.0,285500.0,285500.0,343989
2026-07-09 09:35:00+09:00,286000.0,287000.0,285000.0,285000.0,252844
2026-07-09 09:40:00+09:00,285000.0,287000.0,284000.0,287000.0,317236
2026-07-09 09:45:00+09:00,287000.0,289000.0,286500.0,287500.0,289640
2026-07-09 09:50:00+09:00,287500.0,288500.0,284000.0,284000.0,257240
2026-07-09 09:55:00+09:00,284000.0,286000.0,284000.0,285500.0,209627
2026-07-09 10:00:00+09:00,285500.0,287000.0,285000.0,286000.0,237003
2026-07-09 10:05:00+09:00,286000.0,288000.0,286000.0,287500.0,317864
2026-07-09 10:10:00+09:00,287500.0,289000.0,287500.0,288000.0,317271
2026-07-09 10:15:00+09:00,288000.0,289000.0,287500.0,288500.0,381143
2026-07-09 10:20:00+09:00,289000.0,289000.0,287000.0,287500.0,250221
2026-07-09 10:25:00+09:00,287000.0,287500.0,285500.0,286000.0,223130
2026-07-09 10:30:00+09:00,286500.0,287000.0,284000.0,285000.0,332849
2026-07-09 10:35:00+09:00,285000.0,285500.0,283000.0,285000.0,445619
2026-07-09 10:40:00+09:00,285000.0,286500.0,283500.0,286000.0,228936
2026-07-09 10:45:00+09:00,286000.0,286000.0,283500.0,284000.0,289461
2026-07-09 10:50:00+09:00,284000.0,284500.0,280500.0,280750.0,428374
2026-07-09 10:55:00+09:00,280750.0,282000.0,278500.0,279750.0,626189
2026-07-09 11:00:00+09:00,279750.0,280500.0,277500.0,278500.0,419395
2026-07-09 11:05:00+09:00,278000.0,282000.0,277500.0,281500.0,342521
2026-07-09 11:10:00+09:00,281000.0,281500.0,280500.0,281000.0,161145
2026-07-09 11:15:00+09:00,281000.0,283500.0,280500.0,283500.0,161511
2026-07-09 11:20:00+09:00,283500.0,283500.0,281500.0,281500.0,299201
2026-07-09 11:25:00+09:00,282000.0,283000.0,281000.0,281750.0,156292
2026-07-09 11:30:00+09:00,281500.0,282000.0,279000.0,279000.0,176486
2026-07-09 11:35:00+09:00,279000.0,279500.0,277500.0,278500.0,249681
2026-07-09 11:40:00+09:00,278250.0,278500.0,276000.0,276000.0,308973
2026-07-09 11:45:00+09:00,276000.0,277000.0,274000.0,274500.0,321002
2026-07-09 11:50:00+09:00,274500.0,275000.0,271000.0,271500.0,486333
2026-07-09 11:55:00+09:00,271500.0,273000.0,270500.0,271750.0,354571
2026-07-09 12:00:00+09:00,271750.0,272000.0,269000.0,270000.0,500662
2026-07-09 12:05:00+09:00,270000.0,273000.0,269000.0,270750.0,347279
2026-07-09 12:10:00+09:00,270750.0,271000.0,267500.0,269000.0,464122
2026-07-09 12:15:00+09:00,269000.0,270500.0,268500.0,269000.0,295242
2026-07-09 12:20:00+09:00,269500.0,273500.0,269000.0,273000.0,326412
2026-07-09 12:25:00+09:00,273250.0,275000.0,272500.0,274750.0,340943
2026-07-09 12:30:00+09:00,275000.0,277500.0,274750.0,275750.0,360684
2026-07-09 12:35:00+09:00,275500.0,276500.0,274000.0,274750.0,393918
2026-07-09 12:40:00+09:00,274500.0,277000.0,273500.0,276500.0,283474
2026-07-09 12:45:00+09:00,276500.0,278500.0,276000.0,276500.0,325319
2026-07-09 12:50:00+09:00,276500.0,277000.0,275500.0,277000.0,171129
2026-07-09 12:55:00+09:00,277000.0,278000.0,275500.0,276000.0,206563
2026-07-09 13:00:00+09:00,276000.0,277500.0,275500.0,276500.0,196198
2026-07-09 13:05:00+09:00,277000.0,277500.0,273500.0,275500.0,279768
2026-07-09 13:10:00+09:00,275250.0,276500.0,274500.0,276000.0,178891
2026-07-09 13:15:00+09:00,275500.0,277500.0,275000.0,275250.0,197668
2026-07-09 13:20:00+09:00,275000.0,276000.0,272500.0,273000.0,176152
2026-07-09 13:25:00+09:00,272500.0,274500.0,272000.0,273500.0,240932
2026-07-09 13:30:00+09:00,273500.0,277000.0,273500.0,276000.0,199235
2026-07-09 13:35:00+09:00,276500.0,277000.0,275000.0,276500.0,156959
2026-07-09 13:40:00+09:00,276500.0,276500.0,275000.0,275500.0,155062
2026-07-09 13:45:00+09:00,275500.0,276500.0,274000.0,274500.0,171259
2026-07-09 13:50:00+09:00,274500.0,276500.0,274500.0,276000.0,139369
2026-07-09 13:55:00+09:00,276500.0,276500.0,275000.0,275250.0,103330
2026-07-09 14:00:00+09:00,275250.0,276500.0,273500.0,274000.0,182303
2026-07-09 14:05:00+09:00,273500.0,274000.0,272500.0,273250.0,170806
2026-07-09 14:10:00+09:00,273250.0,276500.0,273000.0,275250.0,223625
2026-07-09 14:15:00+09:00,275250.0,275500.0,272500.0,272750.0,201823
2026-07-09 14:20:00+09:00,272750.0,274000.0,271500.0,272000.0,293712
2026-07-09 14:25:00+09:00,272000.0,273000.0,272000.0,272000.0,154679
2026-07-09 14:30:00+09:00,272250.0,273000.0,270000.0,272000.0,278737
2026-07-09 14:35:00+09:00,272500.0,274000.0,272000.0,273000.0,276593
2026-07-09 14:40:00+09:00,273000.0,274000.0,272000.0,274000.0,187650
2026-07-09 14:45:00+09:00,273500.0,275000.0,273000.0,274500.0,226481
2026-07-09 14:50:00+09:00,274500.0,277000.0,274000.0,276500.0,285376
2026-07-09 14:55:00+09:00,276750.0,279500.0,276000.0,279250.0,416965
2026-07-10 09:00:00+09:00,291000.0,291000.0,285500.0,288500.0,1571952
2026-07-10 09:05:00+09:00,288000.0,289500.0,284250.0,285000.0,802430
2026-07-10 09:10:00+09:00,284750.0,286500.0,282500.0,285500.0,625522
2026-07-10 09:15:00+09:00,285000.0,286000.0,282500.0,285000.0,402839
2026-07-10 09:20:00+09:00,285250.0,286500.0,282000.0,282000.0,422366
2026-07-10 09:25:00+09:00,282000.0,284500.0,282000.0,284000.0,390814
2026-07-10 09:30:00+09:00,284000.0,285000.0,282500.0,283000.0,309224
2026-07-10 09:35:00+09:00,283000.0,285000.0,282500.0,284250.0,304711
2026-07-10 09:40:00+09:00,284250.0,286000.0,283000.0,285000.0,343891
2026-07-10 09:45:00+09:00,285250.0,286000.0,284500.0,285500.0,215646
2026-07-10 09:50:00+09:00,285250.0,288000.0,285250.0,287500.0,360991
2026-07-10 09:55:00+09:00,287750.0,291000.0,287500.0,290500.0,601734
2026-07-10 10:00:00+09:00,290500.0,290500.0,288500.0,288500.0,244502
2026-07-10 10:05:00+09:00,289000.0,289500.0,287500.0,288500.0,232105
2026-07-10 10:10:00+09:00,288500.0,289500.0,287500.0,288000.0,161978
2026-07-10 10:15:00+09:00,288250.0,289000.0,286500.0,288750.0,188497
2026-07-10 10:20:00+09:00,288750.0,291000.0,288750.0,291000.0,312132
2026-07-10 10:25:00+09:00,291000.0,291000.0,289500.0,290500.0,185827
2026-07-10 10:30:00+09:00,290250.0,293000.0,290000.0,292500.0,545495
2026-07-10 10:35:00+09:00,292500.0,292500.0,291500.0,292500.0,145585
2026-07-10 10:40:00+09:00,292500.0,292500.0,291000.0,291250.0,218666
2026-07-10 10:45:00+09:00,291500.0,293000.0,290500.0,293000.0,271499
2026-07-10 10:50:00+09:00,293000.0,293000.0,290250.0,291000.0,234761
2026-07-10 10:55:00+09:00,291000.0,292000.0,290250.0,291000.0,210007
2026-07-10 11:00:00+09:00,291500.0,291500.0,288500.0,289500.0,289183
2026-07-10 11:05:00+09:00,289500.0,290000.0,288500.0,288500.0,206095
2026-07-10 11:10:00+09:00,289000.0,289000.0,286500.0,288750.0,227167
2026-07-10 11:15:00+09:00,289000.0,289000.0,287500.0,289000.0,89109
2026-07-10 11:20:00+09:00,289000.0,289000.0,287500.0,288000.0,92258
2026-07-10 11:25:00+09:00,288000.0,289500.0,288000.0,289500.0,74243
2026-07-10 11:30:00+09:00,289000.0,291000.0,289000.0,291000.0,109116
2026-07-10 11:35:00+09:00,290500.0,291000.0,289500.0,290500.0,75109
2026-07-10 11:40:00+09:00,290000.0,291000.0,290000.0,290750.0,91968
2026-07-10 11:45:00+09:00,290500.0,291500.0,290000.0,291250.0,112425
2026-07-10 11:50:00+09:00,291000.0,291500.0,290000.0,290500.0,80047
2026-07-10 11:55:00+09:00,290500.0,292000.0,290500.0,291750.0,124700
2026-07-10 12:00:00+09:00,291750.0,292000.0,289500.0,290750.0,189719
2026-07-10 12:05:00+09:00,291000.0,292000.0,290500.0,291000.0,108613
2026-07-10 12:10:00+09:00,291500.0,291500.0,290500.0,291250.0,67163
2026-07-10 12:15:00+09:00,291500.0,292500.0,291000.0,292250.0,191573
2026-07-10 12:20:00+09:00,292250.0,293000.0,292000.0,292500.0,180859
2026-07-10 12:25:00+09:00,292250.0,293000.0,291500.0,292000.0,157635
2026-07-10 12:30:00+09:00,292000.0,292500.0,291500.0,292500.0,84283
2026-07-10 12:35:00+09:00,292000.0,294000.0,292000.0,293500.0,210905
2026-07-10 12:40:00+09:00,293500.0,294500.0,293500.0,294000.0,168179
2026-07-10 12:45:00+09:00,293750.0,294500.0,293500.0,294000.0,127290
2026-07-10 12:50:00+09:00,294000.0,295500.0,293500.0,295000.0,337691
2026-07-10 12:55:00+09:00,295000.0,296500.0,294500.0,296250.0,233767
2026-07-10 13:00:00+09:00,296250.0,297000.0,295000.0,296000.0,227942
2026-07-10 13:05:00+09:00,296500.0,297000.0,296000.0,296500.0,131379
2026-07-10 13:10:00+09:00,296750.0,298000.0,296500.0,297000.0,314676
2026-07-10 13:15:00+09:00,297000.0,297500.0,296000.0,297000.0,201302
2026-07-10 13:20:00+09:00,297250.0,297500.0,296000.0,296250.0,183825
2026-07-10 13:25:00+09:00,296000.0,297000.0,296000.0,296500.0,84295
2026-07-10 13:30:00+09:00,296500.0,297000.0,295500.0,295750.0,134746
2026-07-10 13:35:00+09:00,295500.0,297500.0,295500.0,297500.0,175168
2026-07-10 13:40:00+09:00,297000.0,297500.0,297000.0,297250.0,113296
2026-07-10 13:45:00+09:00,297250.0,297500.0,297000.0,297000.0,80263
2026-07-10 13:50:00+09:00,297000.0,297250.0,295500.0,295500.0,208844
2026-07-10 13:55:00+09:00,296000.0,296500.0,294500.0,295000.0,214757
2026-07-10 14:00:00+09:00,295000.0,296000.0,293000.0,293250.0,180076
2026-07-10 14:05:00+09:00,293250.0,294000.0,291500.0,292000.0,293369
2026-07-10 14:10:00+09:00,292500.0,294500.0,292000.0,294500.0,109313
2026-07-10 14:15:00+09:00,294500.0,294500.0,292500.0,294000.0,129896
2026-07-10 14:20:00+09:00,293500.0,294500.0,293500.0,294250.0,90918
2026-07-10 14:25:00+09:00,294250.0,294250.0,292000.0,293000.0,117023
2026-07-10 14:30:00+09:00,293250.0,294000.0,292500.0,293500.0,106338
2026-07-10 14:35:00+09:00,293500.0,294500.0,293000.0,293250.0,125589
2026-07-10 14:40:00+09:00,293000.0,293500.0,291000.0,292000.0,258034
2026-07-10 14:45:00+09:00,292250.0,293000.0,291500.0,291750.0,91019
2026-07-10 14:50:00+09:00,291750.0,292000.0,290500.0,290750.0,272655
2026-07-10 14:55:00+09:00,290750.0,291000.0,289500.0,290000.0,198124
2026-07-13 09:00:00+09:00,285000.0,291500.0,282500.0,290000.0,0
2026-07-13 09:05:00+09:00,290000.0,291000.0,285500.0,287000.0,383963
2026-07-13 09:10:00+09:00,287000.0,292500.0,286500.0,292000.0,451434
2026-07-13 09:15:00+09:00,292000.0,292500.0,286000.0,287000.0,371788
2026-07-13 09:20:00+09:00,287500.0,290500.0,286500.0,288500.0,255473
2026-07-13 09:25:00+09:00,288500.0,290500.0,287000.0,287500.0,201916
2026-07-13 09:30:00+09:00,287500.0,288000.0,285000.0,285500.0,260052
2026-07-13 09:35:00+09:00,285000.0,286000.0,281750.0,282000.0,296767
2026-07-13 09:40:00+09:00,282000.0,282750.0,279000.0,280500.0,524111
2026-07-13 09:45:00+09:00,280500.0,282500.0,280000.0,280500.0,258161
2026-07-13 09:50:00+09:00,280500.0,280500.0,276000.0,277000.0,658693
2026-07-13 09:55:00+09:00,277000.0,277750.0,274000.0,275000.0,519813
2026-07-13 10:00:00+09:00,275000.0,278000.0,274500.0,275500.0,352187
2026-07-13 10:05:00+09:00,276000.0,277500.0,274000.0,276000.0,291294
2026-07-13 10:10:00+09:00,275750.0,278000.0,275000.0,277000.0,205802
2026-07-13 10:15:00+09:00,277000.0,279000.0,274000.0,274500.0,316503
2026-07-13 10:20:00+09:00,274500.0,275000.0,272500.0,272500.0,348551
2026-07-13 10:25:00+09:00,272750.0,273500.0,272000.0,273500.0,362119
2026-07-13 10:30:00+09:00,273500.0,273500.0,270500.0,271000.0,323321
2026-07-13 10:35:00+09:00,270750.0,275000.0,270000.0,273750.0,365542
2026-07-13 10:40:00+09:00,274000.0,274500.0,271000.0,271250.0,170682
2026-07-13 10:45:00+09:00,271250.0,271500.0,268500.0,269000.0,488626
2026-07-13 10:50:00+09:00,269000.0,269000.0,267000.0,268750.0,392557
2026-07-13 10:55:00+09:00,269000.0,269000.0,266500.0,267500.0,378255
2026-07-13 11:00:00+09:00,267500.0,267500.0,265500.0,265500.0,340603
2026-07-13 11:05:00+09:00,266000.0,266500.0,265000.0,266500.0,322809
2026-07-13 11:10:00+09:00,266000.0,268500.0,266000.0,267000.0,385764
2026-07-13 11:15:00+09:00,267000.0,269000.0,266000.0,269000.0,282063
2026-07-13 11:20:00+09:00,268500.0,270500.0,268500.0,270000.0,301645
2026-07-13 11:25:00+09:00,270000.0,271500.0,269000.0,270000.0,298250
2026-07-13 11:30:00+09:00,270000.0,270000.0,267000.0,267500.0,207782
2026-07-13 11:35:00+09:00,267250.0,268500.0,267000.0,267750.0,160726
2026-07-13 11:40:00+09:00,268000.0,269000.0,267000.0,268500.0,177341
2026-07-13 11:45:00+09:00,268500.0,268500.0,266000.0,267500.0,207238
2026-07-13 11:50:00+09:00,267500.0,268500.0,266000.0,266500.0,172912
2026-07-13 11:55:00+09:00,266000.0,267000.0,265500.0,265750.0,176220
2026-07-13 12:00:00+09:00,265750.0,266000.0,263500.0,263500.0,462325
2026-07-13 12:05:00+09:00,264000.0,264500.0,262500.0,263000.0,468607
2026-07-13 12:10:00+09:00,263000.0,264000.0,262000.0,262250.0,367094
2026-07-13 12:15:00+09:00,262250.0,264000.0,262000.0,263500.0,318173
2026-07-13 12:20:00+09:00,263500.0,264500.0,262500.0,262500.0,232061
2026-07-13 12:25:00+09:00,263000.0,264500.0,262500.0,263000.0,297620
2026-07-13 12:30:00+09:00,263000.0,263500.0,262000.0,262250.0,218852
2026-07-13 12:35:00+09:00,262250.0,264500.0,262000.0,264000.0,246739
2026-07-13 12:40:00+09:00,264000.0,265000.0,263000.0,263500.0,216314
2026-07-13 12:45:00+09:00,263500.0,264000.0,262500.0,263500.0,175719
2026-07-13 12:50:00+09:00,264000.0,265000.0,262000.0,262500.0,291267
2026-07-13 12:55:00+09:00,262500.0,263000.0,261000.0,261500.0,282730
2026-07-13 13:00:00+09:00,261500.0,262000.0,260000.0,260250.0,353661
2026-07-13 13:05:00+09:00,260250.0,260500.0,259000.0,259500.0,423819
2026-07-13 13:10:00+09:00,259500.0,260000.0,258250.0,259000.0,466506
2026-07-13 13:15:00+09:00,259000.0,259500.0,258000.0,258500.0,375966
2026-07-13 13:20:00+09:00,258500.0,259500.0,258000.0,258500.0,346547
2026-07-13 13:25:00+09:00,258500.0,259000.0,257000.0,258750.0,445009
2026-07-13 13:55:00+09:00,259500.0,261500.0,259000.0,259500.0,450936
2026-07-13 14:00:00+09:00,259500.0,261500.0,258500.0,259750.0,675279
2026-07-13 14:05:00+09:00,259750.0,262000.0,258000.0,261000.0,503040
2026-07-13 14:10:00+09:00,261500.0,262000.0,260000.0,260750.0,349440
2026-07-13 14:15:00+09:00,261000.0,261000.0,258000.0,258250.0,416418
2026-07-13 14:20:00+09:00,258000.0,259000.0,254500.0,254500.0,748919
2026-07-13 14:25:00+09:00,255000.0,256000.0,253500.0,254500.0,603185
2026-07-13 14:30:00+09:00,254000.0,256500.0,253000.0,256500.0,600833
2026-07-13 14:35:00+09:00,256500.0,259500.0,256000.0,258000.0,481333
2026-07-13 14:40:00+09:00,258500.0,260000.0,257500.0,258500.0,781391
2026-07-13 14:45:00+09:00,258500.0,259000.0,255500.0,257000.0,410387
2026-07-13 14:50:00+09:00,256500.0,260000.0,256000.0,257500.0,552583
2026-07-13 14:55:00+09:00,257500.0,260000.0,257000.0,259500.0,625077
2026-07-14 09:00:00+09:00,255000.0,261500.0,251000.0,252500.0,3212839
2026-07-14 09:05:00+09:00,252500.0,253000.0,249000.0,252500.0,1374834
2026-07-14 09:10:00+09:00,253000.0,260000.0,252000.0,258000.0,1442056
2026-07-14 09:15:00+09:00,258000.0,259000.0,256500.0,257000.0,784858
2026-07-14 09:20:00+09:00,257000.0,262000.0,254500.0,261500.0,810435
2026-07-14 09:25:00+09:00,261750.0,262000.0,257500.0,259000.0,736846
2026-07-14 09:30:00+09:00,259500.0,264500.0,259000.0,263000.0,1001519
2026-07-14 09:35:00+09:00,263000.0,265500.0,262000.0,264000.0,734859
2026-07-14 09:40:00+09:00,264000.0,265000.0,259000.0,259000.0,757057
2026-07-14 09:45:00+09:00,259500.0,264000.0,258500.0,263000.0,695400
2026-07-14 09:50:00+09:00,263500.0,267500.0,263000.0,267250.0,680919
2026-07-14 09:55:00+09:00,267500.0,269000.0,267000.0,267500.0,591767
2026-07-14 10:00:00+09:00,267500.0,269500.0,267000.0,269500.0,433295
2026-07-14 10:05:00+09:00,269500.0,270000.0,267000.0,268500.0,561537
2026-07-14 10:10:00+09:00,268500.0,268500.0,264500.0,265000.0,464680
2026-07-14 10:15:00+09:00,265000.0,267250.0,264500.0,266000.0,375809
2026-07-14 10:20:00+09:00,266000.0,266500.0,263500.0,266000.0,296772
2026-07-14 10:25:00+09:00,265500.0,269000.0,265500.0,266000.0,297743
2026-07-14 10:30:00+09:00,266000.0,267500.0,264000.0,264000.0,219404
2026-07-14 10:35:00+09:00,264000.0,264500.0,262000.0,263750.0,413623
2026-07-14 10:40:00+09:00,263500.0,265000.0,261000.0,265000.0,413966
2026-07-14 10:45:00+09:00,265000.0,266500.0,264000.0,264000.0,288662
2026-07-14 10:50:00+09:00,264500.0,265000.0,262000.0,262250.0,177598
2026-07-14 10:55:00+09:00,262250.0,262500.0,259500.0,260000.0,375096
2026-07-14 11:00:00+09:00,260500.0,261500.0,258500.0,259000.0,354239
2026-07-14 11:05:00+09:00,259000.0,261000.0,258000.0,259500.0,412331
2026-07-14 11:10:00+09:00,259500.0,260000.0,255750.0,256750.0,519950
2026-07-14 11:15:00+09:00,256500.0,258500.0,256000.0,257000.0,280668
2026-07-14 11:20:00+09:00,256500.0,257500.0,254000.0,254500.0,468112
2026-07-14 11:25:00+09:00,254500.0,256500.0,253000.0,256500.0,508748
2026-07-14 11:30:00+09:00,256500.0,257000.0,251000.0,252000.0,516088
2026-07-14 11:35:00+09:00,251500.0,258000.0,251500.0,257500.0,456031
2026-07-14 11:40:00+09:00,257500.0,260000.0,256500.0,259000.0,428821
2026-07-14 11:45:00+09:00,259000.0,260000.0,257500.0,259500.0,232488
2026-07-14 11:50:00+09:00,259500.0,260000.0,256000.0,257500.0,239210
2026-07-14 11:55:00+09:00,257500.0,258750.0,256500.0,257750.0,211918
2026-07-14 12:00:00+09:00,257750.0,257750.0,253500.0,254500.0,349925
2026-07-14 12:05:00+09:00,254500.0,255000.0,251500.0,252500.0,283285
2026-07-14 12:10:00+09:00,252000.0,252500.0,250000.0,250500.0,431186
2026-07-14 12:15:00+09:00,250000.0,250500.0,248000.0,250000.0,668033
2026-07-14 12:20:00+09:00,249500.0,250000.0,247000.0,248000.0,479291
2026-07-14 12:25:00+09:00,248000.0,252500.0,247500.0,252500.0,377651
2026-07-14 12:30:00+09:00,252500.0,256500.0,252000.0,254000.0,517170
2026-07-14 12:35:00+09:00,254500.0,256500.0,254000.0,255000.0,317175
2026-07-14 12:40:00+09:00,254750.0,257500.0,252000.0,256000.0,426282
2026-07-14 12:45:00+09:00,256000.0,258000.0,255000.0,257000.0,443906
2026-07-14 12:50:00+09:00,257000.0,258500.0,256000.0,257000.0,271068
2026-07-14 12:55:00+09:00,257000.0,258500.0,256000.0,257500.0,285623
2026-07-14 13:00:00+09:00,258000.0,259000.0,256500.0,258000.0,314850
2026-07-14 13:05:00+09:00,257500.0,259000.0,255500.0,256000.0,203662
2026-07-14 13:10:00+09:00,255750.0,256500.0,254500.0,256000.0,219002
2026-07-14 13:15:00+09:00,256000.0,256500.0,255000.0,255250.0,206726
2026-07-14 13:20:00+09:00,255000.0,258000.0,254500.0,258000.0,232128
2026-07-14 13:25:00+09:00,258000.0,261000.0,257500.0,259500.0,528358
2026-07-14 13:30:00+09:00,260000.0,261500.0,258500.0,261500.0,318035
2026-07-14 13:35:00+09:00,261250.0,263000.0,261000.0,262500.0,388187
2026-07-14 13:40:00+09:00,262000.0,263000.0,260500.0,261000.0,269215
2026-07-14 13:45:00+09:00,261500.0,264000.0,261000.0,263500.0,345492
2026-07-14 13:50:00+09:00,263500.0,264000.0,261500.0,263750.0,391500
2026-07-14 13:55:00+09:00,263750.0,265500.0,263750.0,264000.0,365663
2026-07-14 14:00:00+09:00,264500.0,265000.0,261500.0,264000.0,332696
2026-07-14 14:05:00+09:00,264500.0,265500.0,263000.0,265000.0,239176
2026-07-14 14:10:00+09:00,265000.0,265500.0,262500.0,264000.0,379752
2026-07-14 14:15:00+09:00,264000.0,264000.0,262000.0,263500.0,350830
2026-07-14 14:20:00+09:00,263000.0,264500.0,262000.0,264500.0,352801
2026-07-14 14:25:00+09:00,264500.0,265500.0,263000.0,264500.0,400296
2026-07-14 14:30:00+09:00,264500.0,267500.0,264500.0,264500.0,600458
2026-07-14 14:35:00+09:00,265000.0,266500.0,263500.0,264500.0,365025
2026-07-14 14:40:00+09:00,264500.0,265000.0,262000.0,264000.0,497724
2026-07-14 14:45:00+09:00,264500.0,265000.0,263000.0,264500.0,446544
2026-07-14 14:50:00+09:00,264500.0,264500.0,261500.0,262000.0,419068
2026-07-14 14:55:00+09:00,262000.0,263500.0,261000.0,261500.0,387392
2026-07-15 09:00:00+09:00,283500.0,284000.0,278500.0,279000.0,1809405
2026-07-15 09:05:00+09:00,279000.0,279500.0,277000.0,277750.0,669149
2026-07-15 09:10:00+09:00,278000.0,280500.0,277500.0,278500.0,607738
2026-07-15 09:15:00+09:00,278000.0,280000.0,277000.0,279500.0,509445
2026-07-15 09:20:00+09:00,279500.0,281000.0,279000.0,280000.0,369008
2026-07-15 09:25:00+09:00,280000.0,280000.0,279000.0,279750.0,203042
2026-07-15 09:30:00+09:00,279750.0,281000.0,278000.0,278500.0,438914
2026-07-15 09:35:00+09:00,278500.0,279000.0,276000.0,276500.0,478803
2026-07-15 09:40:00+09:00,276500.0,278000.0,276000.0,276750.0,272013
2026-07-15 09:45:00+09:00,276750.0,278500.0,276500.0,277500.0,246523
2026-07-15 09:50:00+09:00,277500.0,278500.0,277000.0,277250.0,331668
2026-07-15 09:55:00+09:00,277250.0,278000.0,276500.0,277000.0,370204
2026-07-15 10:00:00+09:00,276500.0,277250.0,274000.0,275000.0,510941
2026-07-15 10:05:00+09:00,275500.0,275500.0,273500.0,273500.0,344507
2026-07-15 10:10:00+09:00,274000.0,276000.0,273000.0,275000.0,554003
2026-07-15 10:15:00+09:00,275000.0,277000.0,274500.0,276500.0,294946
2026-07-15 10:20:00+09:00,277000.0,277500.0,276000.0,276750.0,233509
2026-07-15 10:25:00+09:00,276750.0,278000.0,276000.0,277250.0,237866
2026-07-15 10:30:00+09:00,277000.0,278500.0,275000.0,275000.0,282545
2026-07-15 10:35:00+09:00,275500.0,277500.0,275000.0,277000.0,233215
2026-07-15 10:40:00+09:00,277000.0,277500.0,274000.0,274250.0,327774
2026-07-15 10:45:00+09:00,274000.0,276500.0,274000.0,275500.0,248823
2026-07-15 10:50:00+09:00,276000.0,277500.0,275500.0,277500.0,268689
2026-07-15 10:55:00+09:00,277250.0,278500.0,277000.0,278500.0,286691
2026-07-15 11:00:00+09:00,278500.0,280000.0,278000.0,279500.0,344143
2026-07-15 11:05:00+09:00,279500.0,279500.0,278500.0,279000.0,264207
2026-07-15 11:10:00+09:00,279250.0,280000.0,279000.0,279250.0,184549
2026-07-15 11:15:00+09:00,279500.0,280000.0,279000.0,279500.0,248602
2026-07-15 11:20:00+09:00,279500.0,280000.0,278500.0,278500.0,205371
2026-07-15 11:25:00+09:00,278750.0,279500.0,278000.0,279000.0,169977
2026-07-15 11:30:00+09:00,279000.0,280000.0,279000.0,279500.0,167156
2026-07-15 11:35:00+09:00,279500.0,280500.0,279000.0,280000.0,394953
2026-07-15 11:40:00+09:00,280000.0,281000.0,279500.0,281000.0,228208
2026-07-15 11:45:00+09:00,281000.0,281500.0,280500.0,281500.0,201325
2026-07-15 11:50:00+09:00,281500.0,281500.0,279500.0,280500.0,212581
2026-07-15 11:55:00+09:00,280000.0,281000.0,279000.0,279500.0,201820
2026-07-15 12:00:00+09:00,279000.0,280500.0,278500.0,280500.0,200980
2026-07-15 12:05:00+09:00,280500.0,281000.0,280000.0,280750.0,109577
2026-07-15 12:10:00+09:00,280750.0,280750.0,279500.0,280500.0,159679
2026-07-15 12:15:00+09:00,280000.0,281000.0,280000.0,280750.0,185318
2026-07-15 12:20:00+09:00,280500.0,281000.0,280500.0,280750.0,75899
2026-07-15 12:25:00+09:00,281000.0,282000.0,280750.0,281750.0,170331
2026-07-15 12:30:00+09:00,282000.0,283000.0,281500.0,282500.0,215951
2026-07-15 12:35:00+09:00,282500.0,283500.0,282500.0,283000.0,266789
2026-07-15 12:40:00+09:00,283000.0,283500.0,282000.0,282000.0,204358
2026-07-15 12:45:00+09:00,282000.0,283500.0,282000.0,283500.0,214554
2026-07-15 12:50:00+09:00,283500.0,284000.0,283000.0,283500.0,182523
2026-07-15 12:55:00+09:00,283500.0,284500.0,283000.0,284000.0,382550
2026-07-15 13:00:00+09:00,284000.0,284500.0,283000.0,284000.0,161930
2026-07-15 13:05:00+09:00,284000.0,284000.0,283000.0,283000.0,149557
2026-07-15 13:10:00+09:00,283000.0,284000.0,283000.0,283250.0,176142
2026-07-15 13:15:00+09:00,283000.0,283500.0,282500.0,283000.0,297607
2026-07-15 13:20:00+09:00,283250.0,283500.0,282500.0,283500.0,153592
2026-07-15 13:25:00+09:00,283000.0,283500.0,282000.0,282250.0,218604
2026-07-15 13:30:00+09:00,282250.0,283000.0,282000.0,283000.0,155607
2026-07-15 13:35:00+09:00,283000.0,284000.0,282500.0,283500.0,189265
2026-07-15 13:40:00+09:00,284000.0,284000.0,283000.0,283500.0,181836
2026-07-15 13:45:00+09:00,283250.0,283500.0,283000.0,283500.0,122503
2026-07-15 13:50:00+09:00,283500.0,283500.0,282500.0,282750.0,206825
2026-07-15 13:55:00+09:00,282500.0,283500.0,282500.0,283250.0,165436
2026-07-15 14:00:00+09:00,283250.0,284000.0,280000.0,280500.0,536623
2026-07-15 14:05:00+09:00,280500.0,281500.0,278500.0,281500.0,346569
2026-07-15 14:10:00+09:00,281500.0,281500.0,278500.0,279500.0,328411
2026-07-15 14:15:00+09:00,279500.0,280000.0,278500.0,279500.0,189228
2026-07-15 14:20:00+09:00,279500.0,279500.0,278000.0,278500.0,265516
2026-07-15 14:25:00+09:00,278500.0,278500.0,277000.0,277750.0,315323
2026-07-15 14:30:00+09:00,278000.0,278500.0,277000.0,278500.0,260597
2026-07-15 14:35:00+09:00,278500.0,279000.0,277500.0,278750.0,315111
2026-07-15 14:40:00+09:00,278750.0,279500.0,277500.0,277750.0,247296
2026-07-15 14:45:00+09:00,277750.0,280000.0,277500.0,279750.0,221114
2026-07-15 14:50:00+09:00,279750.0,280000.0,279000.0,279500.0,232989
2026-07-15 14:55:00+09:00,280000.0,281000.0,279500.0,280500.0,204935
2026-07-16 09:00:00+09:00,264500.0,265500.0,261000.0,262500.0,1758306
2026-07-16 09:05:00+09:00,262500.0,264500.0,262000.0,262500.0,558336
2026-07-16 09:10:00+09:00,262500.0,264500.0,262000.0,263500.0,341290
2026-07-16 09:15:00+09:00,263500.0,264500.0,259000.0,259500.0,998821
2026-07-16 09:20:00+09:00,259500.0,259500.0,257500.0,259000.0,844295
2026-07-16 09:25:00+09:00,259000.0,260000.0,258500.0,258750.0,379461
2026-07-16 09:30:00+09:00,259000.0,259500.0,258000.0,258250.0,308336
2026-07-16 09:35:00+09:00,258500.0,259500.0,257500.0,258000.0,304549
2026-07-16 09:40:00+09:00,257500.0,258000.0,256000.0,256500.0,371674
2026-07-16 09:45:00+09:00,256250.0,257500.0,256000.0,257000.0,232119
2026-07-16 09:50:00+09:00,256750.0,258000.0,256000.0,256750.0,318153
2026-07-16 09:55:00+09:00,256750.0,257000.0,255500.0,256500.0,379467
2026-07-16 10:00:00+09:00,256500.0,258000.0,256000.0,258000.0,252174
2026-07-16 10:05:00+09:00,258000.0,258000.0,255500.0,255750.0,302901
2026-07-16 10:10:00+09:00,255750.0,256500.0,254000.0,255000.0,504770
2026-07-16 10:15:00+09:00,255000.0,255500.0,253500.0,253500.0,269259
2026-07-16 10:20:00+09:00,253500.0,254000.0,252500.0,253500.0,326877
2026-07-16 10:25:00+09:00,254000.0,254500.0,253000.0,254000.0,253484
2026-07-16 10:30:00+09:00,254000.0,256500.0,253500.0,256000.0,237497
2026-07-16 10:35:00+09:00,255750.0,257500.0,255000.0,256500.0,283520
2026-07-16 10:40:00+09:00,256500.0,257000.0,253500.0,254500.0,319323
2026-07-16 10:45:00+09:00,254250.0,257000.0,254000.0,256500.0,178640
2026-07-16 10:50:00+09:00,256500.0,257250.0,255000.0,256000.0,276725
2026-07-16 10:55:00+09:00,256000.0,257000.0,253750.0,254500.0,297285
2026-07-16 11:00:00+09:00,254500.0,254500.0,253000.0,253500.0,339687
2026-07-16 11:05:00+09:00,253500.0,254000.0,253000.0,253000.0,197309
2026-07-16 11:10:00+09:00,253500.0,254500.0,253000.0,254250.0,235673
2026-07-16 11:15:00+09:00,254250.0,255000.0,253000.0,254500.0,297014
2026-07-16 11:20:00+09:00,255000.0,257000.0,254000.0,257000.0,248437
2026-07-16 11:25:00+09:00,257000.0,257500.0,256000.0,256750.0,181260
2026-07-16 11:30:00+09:00,256750.0,257000.0,255500.0,255500.0,129456
2026-07-16 11:35:00+09:00,256000.0,257500.0,255500.0,256500.0,191173
2026-07-16 11:40:00+09:00,256500.0,256750.0,255500.0,256000.0,150613
2026-07-16 11:45:00+09:00,256000.0,259500.0,255500.0,258750.0,216585
2026-07-16 11:50:00+09:00,259000.0,259000.0,257000.0,258500.0,143479
2026-07-16 11:55:00+09:00,258500.0,259000.0,257500.0,258000.0,146710
2026-07-16 12:00:00+09:00,258000.0,258000.0,256000.0,256500.0,144769
2026-07-16 12:05:00+09:00,257000.0,260000.0,256500.0,259500.0,214039
2026-07-16 12:10:00+09:00,259500.0,259500.0,257000.0,257000.0,114958
2026-07-16 12:15:00+09:00,257250.0,257500.0,256000.0,256500.0,139016
2026-07-16 12:20:00+09:00,256500.0,257000.0,255000.0,256000.0,183900
2026-07-16 12:25:00+09:00,255500.0,256000.0,255000.0,255500.0,64977
2026-07-16 12:30:00+09:00,255500.0,256500.0,255000.0,256500.0,104280
2026-07-16 12:35:00+09:00,256500.0,256500.0,255500.0,255750.0,116403
2026-07-16 12:40:00+09:00,255750.0,257000.0,255500.0,255750.0,185929
2026-07-16 12:45:00+09:00,255750.0,256000.0,255000.0,255500.0,127934
2026-07-16 12:50:00+09:00,255500.0,257500.0,255500.0,257000.0,160736
2026-07-16 12:55:00+09:00,256750.0,259000.0,256500.0,258500.0,139204
2026-07-16 13:00:00+09:00,258500.0,259000.0,257000.0,258000.0,144016
2026-07-16 13:05:00+09:00,258000.0,258000.0,256500.0,257000.0,122818
2026-07-16 13:10:00+09:00,257250.0,259000.0,257000.0,259000.0,90170
2026-07-16 13:15:00+09:00,259000.0,259000.0,256000.0,256250.0,146603
2026-07-16 13:20:00+09:00,256000.0,257000.0,255500.0,256250.0,184823
2026-07-16 13:25:00+09:00,256500.0,256500.0,255000.0,255750.0,191561
2026-07-16 13:30:00+09:00,255500.0,256000.0,255000.0,255250.0,131807
2026-07-16 13:35:00+09:00,255250.0,255250.0,254000.0,255000.0,241928
2026-07-16 13:40:00+09:00,254750.0,256000.0,254500.0,255250.0,184783
2026-07-16 13:45:00+09:00,255250.0,256000.0,254500.0,255750.0,144625
2026-07-16 13:50:00+09:00,255750.0,256000.0,255000.0,255500.0,166042
2026-07-16 13:55:00+09:00,255250.0,256500.0,255000.0,255500.0,170384
2026-07-16 14:00:00+09:00,255500.0,256500.0,255250.0,255500.0,141928
2026-07-16 14:05:00+09:00,255500.0,256500.0,254500.0,254750.0,259825
2026-07-16 14:10:00+09:00,255000.0,258500.0,254500.0,258500.0,230425
2026-07-16 14:15:00+09:00,258250.0,260000.0,258250.0,260000.0,290684
2026-07-16 14:20:00+09:00,260000.0,261500.0,259500.0,260500.0,323180
2026-07-16 14:25:00+09:00,260000.0,261250.0,259500.0,260500.0,272154
2026-07-16 14:30:00+09:00,261000.0,262500.0,259000.0,259500.0,344103
2026-07-16 14:35:00+09:00,279500.0,279500.0,255500.0,255750.0,509169
2026-07-16 14:40:00+09:00,255750.0,258250.0,255500.0,257000.0,327487
2026-07-16 14:45:00+09:00,256500.0,257750.0,255500.0,256500.0,401023
2026-07-16 14:50:00+09:00,256500.0,257000.0,255500.0,256500.0,267733
2026-07-16 14:55:00+09:00,256500.0,257500.0,256000.0,256500.0,364321
2026-07-20 09:00:00+09:00,241000.0,249000.0,240000.0,248500.0,0
2026-07-20 09:05:00+09:00,248500.0,255000.0,248000.0,254500.0,1128992
2026-07-20 09:10:00+09:00,254500.0,256000.0,251500.0,254500.0,1016689
2026-07-20 09:15:00+09:00,254250.0,257500.0,253000.0,256000.0,569958
2026-07-20 09:20:00+09:00,256500.0,257000.0,254000.0,257000.0,632893
2026-07-20 09:25:00+09:00,257000.0,257000.0,254500.0,255000.0,465676
2026-07-20 09:30:00+09:00,255500.0,255500.0,251500.0,252250.0,391394
2026-07-20 09:35:00+09:00,252250.0,256500.0,252000.0,255000.0,337329
2026-07-20 09:40:00+09:00,254500.0,256000.0,253000.0,253500.0,220416
2026-07-20 09:45:00+09:00,253250.0,254000.0,251500.0,253500.0,422745
2026-07-20 09:50:00+09:00,253500.0,253500.0,250500.0,251000.0,359431
2026-07-20 09:55:00+09:00,251500.0,252500.0,250000.0,250500.0,309753
2026-07-20 10:00:00+09:00,250500.0,251500.0,249500.0,250000.0,393120
2026-07-20 10:05:00+09:00,250500.0,252000.0,250000.0,251500.0,222824
2026-07-20 10:10:00+09:00,251500.0,252500.0,249000.0,249000.0,263001
2026-07-20 10:15:00+09:00,249250.0,250000.0,248500.0,248750.0,273768
2026-07-20 10:20:00+09:00,248500.0,251000.0,248000.0,250500.0,311715
2026-07-20 10:25:00+09:00,250500.0,252500.0,248500.0,249000.0,244631
2026-07-20 10:30:00+09:00,248500.0,249000.0,246000.0,247000.0,331087
2026-07-20 10:35:00+09:00,246500.0,248500.0,246500.0,248000.0,303790
2026-07-20 10:40:00+09:00,247500.0,248500.0,246000.0,247000.0,204426
2026-07-20 10:45:00+09:00,247000.0,248000.0,245500.0,245500.0,239604
2026-07-20 10:50:00+09:00,246000.0,246000.0,243500.0,244000.0,368898
2026-07-20 10:55:00+09:00,244500.0,246000.0,243500.0,245500.0,319260
2026-07-20 11:00:00+09:00,245000.0,248000.0,245000.0,247750.0,256680
2026-07-20 11:05:00+09:00,247750.0,249000.0,246750.0,248000.0,303299
2026-07-20 11:10:00+09:00,248500.0,248500.0,245500.0,246500.0,192676
2026-07-20 11:15:00+09:00,246500.0,247000.0,244000.0,244250.0,303933
2026-07-20 11:20:00+09:00,244250.0,245000.0,243000.0,244500.0,245383
2026-07-20 11:25:00+09:00,244500.0,245000.0,242500.0,243500.0,352164
2026-07-20 11:30:00+09:00,243500.0,247500.0,243000.0,246750.0,261659
2026-07-20 11:35:00+09:00,246750.0,247000.0,245000.0,245500.0,142371
2026-07-20 11:40:00+09:00,245250.0,248000.0,245000.0,247000.0,163735
2026-07-20 11:45:00+09:00,247250.0,248000.0,246000.0,247000.0,127987
2026-07-20 11:50:00+09:00,247000.0,247500.0,245500.0,246000.0,71054
2026-07-20 11:55:00+09:00,246000.0,246500.0,245000.0,245500.0,101240
2026-07-20 12:00:00+09:00,245750.0,246500.0,244000.0,244500.0,135965
2026-07-20 12:05:00+09:00,244500.0,244500.0,243000.0,244500.0,158974
2026-07-20 12:10:00+09:00,244000.0,245500.0,244000.0,244500.0,122724
2026-07-20 12:15:00+09:00,245000.0,245500.0,243500.0,244000.0,89610
2026-07-20 12:20:00+09:00,243500.0,244000.0,243000.0,243750.0,83844
2026-07-20 12:25:00+09:00,243750.0,244000.0,242500.0,242500.0,152033
2026-07-20 12:30:00+09:00,243000.0,244000.0,242500.0,243250.0,119029
2026-07-20 12:35:00+09:00,243250.0,244500.0,242500.0,244500.0,141142
2026-07-20 12:40:00+09:00,244000.0,244500.0,243000.0,244250.0,110586
2026-07-20 12:45:00+09:00,244250.0,244500.0,243000.0,243500.0,129135
2026-07-20 12:50:00+09:00,244000.0,246500.0,243500.0,246500.0,213119
2026-07-20 12:55:00+09:00,246000.0,246500.0,243500.0,243750.0,197045
2026-07-20 13:00:00+09:00,243750.0,245500.0,243500.0,245250.0,95020
2026-07-20 13:05:00+09:00,245250.0,245500.0,243000.0,243500.0,103981
2026-07-20 13:10:00+09:00,243500.0,244000.0,242000.0,242250.0,190331
2026-07-20 13:15:00+09:00,242000.0,242500.0,241000.0,241500.0,206013
2026-07-20 13:20:00+09:00,242000.0,243000.0,241500.0,242500.0,143238
2026-07-20 13:25:00+09:00,242250.0,243500.0,242000.0,243250.0,227093
2026-07-20 13:30:00+09:00,243000.0,246500.0,242500.0,244500.0,275507
2026-07-20 13:35:00+09:00,244750.0,247000.0,244000.0,246500.0,200046
2026-07-20 13:40:00+09:00,247000.0,248000.0,245500.0,247500.0,191343
2026-07-20 13:45:00+09:00,247750.0,248500.0,246500.0,248500.0,159444
2026-07-20 13:50:00+09:00,248500.0,248500.0,247000.0,247500.0,189134
2026-07-20 13:55:00+09:00,247500.0,248000.0,245500.0,246000.0,157739
2026-07-20 14:00:00+09:00,246000.0,246000.0,245000.0,245250.0,113898
2026-07-20 14:05:00+09:00,245000.0,245250.0,243500.0,243500.0,161333
2026-07-20 14:10:00+09:00,243750.0,244500.0,242000.0,244500.0,267667
2026-07-20 14:15:00+09:00,244500.0,244500.0,243500.0,243750.0,144370
2026-07-20 14:20:00+09:00,243750.0,243750.0,242000.0,243000.0,235099
2026-07-20 14:25:00+09:00,243000.0,245000.0,242500.0,243000.0,236396
2026-07-20 14:30:00+09:00,243000.0,243500.0,242500.0,243250.0,124449
2026-07-20 14:35:00+09:00,243250.0,244500.0,242500.0,243000.0,232198
2026-07-20 14:40:00+09:00,243250.0,245000.0,242500.0,243750.0,215183
2026-07-20 14:45:00+09:00,243500.0,245000.0,243500.0,244750.0,284072
2026-07-20 14:50:00+09:00,245000.0,245500.0,243000.0,243250.0,266919
2026-07-20 14:55:00+09:00,243250.0,245500.0,243000.0,244000.0,245437
2026-07-21 09:00:00+09:00,247000.0,249000.0,244000.0,248000.0,1227435
2026-07-21 09:05:00+09:00,247500.0,248000.0,243000.0,245500.0,354745
2026-07-21 09:10:00+09:00,245500.0,250500.0,244500.0,248500.0,629784
2026-07-21 09:15:00+09:00,249000.0,250000.0,246500.0,249500.0,383922
2026-07-21 09:20:00+09:00,249500.0,250000.0,247500.0,249750.0,270247
2026-07-21 09:25:00+09:00,249750.0,250000.0,248000.0,249000.0,293622
2026-07-21 09:30:00+09:00,249000.0,250000.0,248000.0,249250.0,174746
2026-07-21 09:35:00+09:00,249250.0,251500.0,249000.0,251250.0,320089
2026-07-21 09:40:00+09:00,251500.0,252000.0,250000.0,251500.0,255987
2026-07-21 09:45:00+09:00,251500.0,253000.0,250500.0,252500.0,289149
2026-07-21 09:50:00+09:00,252500.0,253500.0,251500.0,252750.0,273774
2026-07-21 09:55:00+09:00,252750.0,253500.0,250000.0,251000.0,335891
2026-07-21 10:00:00+09:00,251000.0,253000.0,250000.0,253000.0,259367
2026-07-21 10:05:00+09:00,253000.0,254500.0,252500.0,254250.0,318792
2026-07-21 10:10:00+09:00,254250.0,255500.0,253500.0,254500.0,445944
2026-07-21 10:15:00+09:00,255000.0,255500.0,253500.0,254500.0,309656
2026-07-21 10:20:00+09:00,254500.0,255500.0,254000.0,255000.0,248770
2026-07-21 10:25:00+09:00,255500.0,256750.0,254500.0,256000.0,349091
2026-07-21 10:30:00+09:00,256500.0,259000.0,256000.0,258500.0,467877
2026-07-21 10:35:00+09:00,258500.0,259500.0,258000.0,258500.0,326940
2026-07-21 10:40:00+09:00,258500.0,259000.0,257500.0,258000.0,200346
2026-07-21 10:45:00+09:00,258250.0,259500.0,257500.0,259000.0,314260
2026-07-21 10:50:00+09:00,259000.0,259500.0,256500.0,257500.0,216283
2026-07-21 10:55:00+09:00,258000.0,258000.0,255500.0,256000.0,233754
2026-07-21 11:00:00+09:00,256500.0,258000.0,256000.0,257500.0,213569
2026-07-21 11:05:00+09:00,257500.0,258500.0,255000.0,255000.0,235142
2026-07-21 11:10:00+09:00,255500.0,256500.0,254500.0,255500.0,177195
2026-07-21 11:15:00+09:00,255750.0,256500.0,254500.0,254500.0,167969
2026-07-21 11:20:00+09:00,255000.0,256000.0,253500.0,256000.0,169336
2026-07-21 11:25:00+09:00,256000.0,256000.0,254000.0,255000.0,147966
2026-07-21 11:30:00+09:00,255000.0,257500.0,255000.0,256500.0,120123
2026-07-21 11:35:00+09:00,256750.0,258000.0,256500.0,257500.0,143366
2026-07-21 11:40:00+09:00,257750.0,258000.0,256500.0,258000.0,150422
2026-07-21 11:45:00+09:00,258000.0,259000.0,257000.0,258500.0,227519
2026-07-21 11:50:00+09:00,258500.0,259000.0,257000.0,257750.0,148563
2026-07-21 11:55:00+09:00,257750.0,259000.0,257000.0,258500.0,118594
2026-07-21 12:00:00+09:00,258500.0,259000.0,258000.0,258500.0,110223
2026-07-21 12:05:00+09:00,258500.0,259000.0,258000.0,258500.0,224331
2026-07-21 12:10:00+09:00,258500.0,260000.0,258000.0,259750.0,291179
2026-07-21 12:15:00+09:00,259750.0,260000.0,259000.0,260000.0,183839
2026-07-21 12:20:00+09:00,260000.0,260500.0,259000.0,259250.0,345441
2026-07-21 12:25:00+09:00,259000.0,259500.0,258500.0,259250.0,176704
2026-07-21 12:30:00+09:00,259250.0,260000.0,259000.0,260000.0,122773
2026-07-21 12:35:00+09:00,260000.0,261000.0,259500.0,261000.0,210790
2026-07-21 12:40:00+09:00,261000.0,261500.0,260500.0,260750.0,210665
2026-07-21 12:45:00+09:00,260500.0,262000.0,260000.0,260500.0,289741
2026-07-21 12:50:00+09:00,260500.0,261500.0,260500.0,261500.0,95315
2026-07-21 12:55:00+09:00,261000.0,262000.0,260500.0,261500.0,202992
2026-07-21 13:00:00+09:00,261750.0,262500.0,261500.0,261500.0,212658
2026-07-21 13:05:00+09:00,261500.0,262500.0,261500.0,261750.0,174470
2026-07-21 13:10:00+09:00,261750.0,263000.0,261000.0,262500.0,223451
2026-07-21 13:15:00+09:00,263000.0,263500.0,262500.0,262500.0,257008
2026-07-21 13:20:00+09:00,263000.0,263500.0,262000.0,262000.0,192508
2026-07-21 13:25:00+09:00,262000.0,263000.0,262000.0,262250.0,164284
2026-07-21 13:30:00+09:00,262250.0,263000.0,261500.0,262250.0,216617
2026-07-21 13:35:00+09:00,262250.0,263000.0,261750.0,261750.0,203974
2026-07-21 13:40:00+09:00,261750.0,262500.0,260500.0,261500.0,193381
2026-07-21 13:45:00+09:00,261500.0,262500.0,261000.0,262500.0,135235
2026-07-21 13:50:00+09:00,262500.0,262500.0,260000.0,260250.0,151161
2026-07-21 13:55:00+09:00,260250.0,260500.0,259000.0,259750.0,271566
2026-07-21 14:00:00+09:00,260000.0,261000.0,259750.0,260750.0,136457
2026-07-21 14:05:00+09:00,261000.0,261000.0,259500.0,260500.0,84859
2026-07-21 14:10:00+09:00,260000.0,260500.0,258000.0,258000.0,201414
2026-07-21 14:15:00+09:00,258500.0,258500.0,257000.0,257000.0,316615
2026-07-21 14:20:00+09:00,257500.0,258500.0,257000.0,258000.0,207317
2026-07-21 14:25:00+09:00,258000.0,259500.0,257500.0,259500.0,154445
2026-07-21 14:30:00+09:00,259500.0,259500.0,257500.0,259000.0,143180
2026-07-21 14:35:00+09:00,259000.0,259500.0,258500.0,259000.0,122782
2026-07-21 14:40:00+09:00,259500.0,260000.0,259000.0,259500.0,123810
2026-07-21 14:45:00+09:00,259500.0,260500.0,259000.0,260250.0,201532
2026-07-21 14:50:00+09:00,260000.0,260500.0,258500.0,259000.0,174959
2026-07-21 14:55:00+09:00,259000.0,259500.0,258000.0,258500.0,159093
2026-07-22 09:00:00+09:00,276000.0,276000.0,272000.0,274000.0,1883285
2026-07-22 09:05:00+09:00,274500.0,275000.0,272000.0,273000.0,753393
2026-07-22 09:10:00+09:00,273500.0,274500.0,272000.0,274000.0,619391
2026-07-22 09:15:00+09:00,274000.0,274500.0,273500.0,274000.0,360364
2026-07-22 09:20:00+09:00,274000.0,275000.0,273500.0,274000.0,413697
2026-07-22 09:25:00+09:00,274250.0,274250.0,272500.0,273000.0,350769
2026-07-22 09:30:00+09:00,273000.0,274500.0,272500.0,274000.0,394021
2026-07-22 09:35:00+09:00,273750.0,274500.0,273000.0,273250.0,277011
2026-07-22 09:40:00+09:00,273000.0,273500.0,272500.0,273000.0,229492
2026-07-22 09:45:00+09:00,273000.0,273500.0,271000.0,272500.0,387134
2026-07-22 09:50:00+09:00,272500.0,273500.0,271500.0,271500.0,264521
2026-07-22 09:55:00+09:00,271500.0,273000.0,271000.0,272500.0,287198
2026-07-22 10:00:00+09:00,272500.0,273000.0,272000.0,273000.0,227172
2026-07-22 10:05:00+09:00,272750.0,274500.0,272500.0,273500.0,355704
2026-07-22 10:10:00+09:00,273500.0,274500.0,273000.0,273750.0,207756
2026-07-22 10:15:00+09:00,273750.0,275000.0,273500.0,274750.0,243319
2026-07-22 10:20:00+09:00,274750.0,275500.0,274000.0,275250.0,417761
2026-07-22 10:25:00+09:00,275250.0,275500.0,273500.0,274000.0,287122
2026-07-22 10:30:00+09:00,274000.0,274500.0,273000.0,273250.0,179453
2026-07-22 10:35:00+09:00,273250.0,274500.0,272500.0,273500.0,226676
2026-07-22 10:40:00+09:00,273500.0,273500.0,272000.0,273000.0,267440
2026-07-22 10:45:00+09:00,273000.0,275000.0,273000.0,275000.0,214485
2026-07-22 10:50:00+09:00,275000.0,275500.0,274500.0,275000.0,299215
2026-07-22 10:55:00+09:00,274500.0,275500.0,274000.0,274500.0,171230
2026-07-22 11:00:00+09:00,274500.0,274500.0,273500.0,274500.0,138765
2026-07-22 11:05:00+09:00,274500.0,275000.0,273500.0,274000.0,140169
2026-07-22 11:10:00+09:00,273500.0,274500.0,273500.0,274500.0,77838
2026-07-22 11:15:00+09:00,274500.0,274500.0,273500.0,273500.0,99192
2026-07-22 11:20:00+09:00,274000.0,274500.0,273500.0,274250.0,88924
2026-07-22 11:25:00+09:00,274500.0,274500.0,273500.0,274000.0,124813
2026-07-22 11:30:00+09:00,274000.0,274000.0,272500.0,272750.0,137023
2026-07-22 11:35:00+09:00,272500.0,273000.0,272000.0,272000.0,76947
2026-07-22 11:40:00+09:00,272000.0,273000.0,271500.0,272000.0,162226
2026-07-22 11:45:00+09:00,272000.0,273000.0,271500.0,272500.0,141056
2026-07-22 11:50:00+09:00,272500.0,272500.0,271500.0,272250.0,88371
2026-07-22 11:55:00+09:00,272250.0,272500.0,271000.0,271500.0,193639
2026-07-22 12:00:00+09:00,271500.0,271500.0,270500.0,270750.0,152207
2026-07-22 12:05:00+09:00,271000.0,272000.0,270500.0,271000.0,143471
2026-07-22 12:10:00+09:00,270500.0,271000.0,269500.0,269500.0,245680
2026-07-22 12:15:00+09:00,269500.0,271000.0,269500.0,270250.0,153585
2026-07-22 12:20:00+09:00,270000.0,272500.0,270000.0,272250.0,191180
2026-07-22 12:25:00+09:00,272000.0,273000.0,272000.0,273000.0,147930
2026-07-22 12:30:00+09:00,273000.0,273000.0,271000.0,271000.0,101710
2026-07-22 12:35:00+09:00,271250.0,272000.0,271000.0,271500.0,135610
2026-07-22 12:40:00+09:00,271500.0,272000.0,271000.0,271750.0,96178
2026-07-22 12:45:00+09:00,271500.0,273000.0,271500.0,273000.0,106380
2026-07-22 12:50:00+09:00,272750.0,273000.0,271000.0,271250.0,148036
2026-07-22 12:55:00+09:00,271250.0,272500.0,271000.0,272000.0,105726
2026-07-22 13:00:00+09:00,272250.0,273000.0,272000.0,273000.0,130052
2026-07-22 13:05:00+09:00,272750.0,273000.0,272500.0,273000.0,75703
2026-07-22 13:10:00+09:00,273000.0,273000.0,272000.0,272500.0,124144
2026-07-22 13:15:00+09:00,272500.0,273000.0,272000.0,272250.0,108272
2026-07-22 13:20:00+09:00,272500.0,273500.0,272250.0,273000.0,143185
2026-07-22 13:25:00+09:00,273500.0,273500.0,272000.0,272500.0,164074
2026-07-22 13:30:00+09:00,272500.0,272500.0,271000.0,271500.0,144098
2026-07-22 13:35:00+09:00,271500.0,271500.0,270500.0,271000.0,142416
2026-07-22 13:40:00+09:00,270750.0,271500.0,270500.0,271000.0,135129
2026-07-22 13:45:00+09:00,270750.0,271000.0,270000.0,270250.0,153454
2026-07-22 13:50:00+09:00,270250.0,270500.0,269500.0,269500.0,209166
2026-07-22 13:55:00+09:00,269500.0,270500.0,268500.0,270250.0,257187
2026-07-22 14:00:00+09:00,270500.0,270500.0,268500.0,269000.0,216188
2026-07-22 14:05:00+09:00,269000.0,269250.0,267500.0,268000.0,209093
2026-07-22 14:10:00+09:00,268000.0,268500.0,266000.0,266750.0,324819
2026-07-22 14:15:00+09:00,266750.0,267500.0,265500.0,266500.0,309244
2026-07-22 14:20:00+09:00,266000.0,266500.0,264500.0,264500.0,291159
2026-07-22 14:25:00+09:00,264500.0,266000.0,264000.0,264000.0,297050
2026-07-22 14:30:00+09:00,264000.0,267000.0,263500.0,266500.0,327473
2026-07-22 14:35:00+09:00,266500.0,266500.0,263500.0,264500.0,292212
2026-07-22 14:40:00+09:00,264500.0,264500.0,261500.0,262750.0,459528
2026-07-22 14:45:00+09:00,262500.0,263500.0,261500.0,263000.0,372316
2026-07-22 14:50:00+09:00,262500.0,265500.0,262500.0,262500.0,411331
2026-07-22 14:55:00+09:00,262500.0,265000.0,262500.0,264500.0,261438
2026-07-23 09:00:00+09:00,269000.0,270500.0,267000.0,268500.0,1244491
2026-07-23 09:05:00+09:00,268500.0,270000.0,268000.0,270000.0,350167
2026-07-23 09:10:00+09:00,270000.0,273000.0,269500.0,272500.0,604731
2026-07-23 09:15:00+09:00,272500.0,273000.0,270500.0,271250.0,367984
2026-07-23 09:20:00+09:00,271250.0,272500.0,269500.0,269500.0,377199
2026-07-23 09:25:00+09:00,269500.0,271500.0,269000.0,269250.0,301464
2026-07-23 09:30:00+09:00,269500.0,270000.0,268000.0,269000.0,309731
2026-07-23 09:35:00+09:00,269500.0,270000.0,268500.0,268750.0,191531
2026-07-23 09:40:00+09:00,268750.0,270000.0,268500.0,269500.0,315719
2026-07-23 09:45:00+09:00,269500.0,271000.0,269000.0,270750.0,217669
2026-07-23 09:50:00+09:00,270750.0,270750.0,269000.0,269500.0,183897
2026-07-23 09:55:00+09:00,270000.0,270500.0,269500.0,270250.0,78726
2026-07-23 10:00:00+09:00,270250.0,271500.0,269500.0,271000.0,236955
2026-07-23 10:05:00+09:00,271000.0,271500.0,270500.0,271000.0,146449
2026-07-23 10:10:00+09:00,271250.0,272000.0,271000.0,271500.0,151722
2026-07-23 10:15:00+09:00,271500.0,272000.0,270000.0,270500.0,150822
2026-07-23 10:20:00+09:00,270000.0,270500.0,269000.0,269750.0,176807
2026-07-23 10:25:00+09:00,269500.0,270000.0,268500.0,269750.0,189896
2026-07-23 10:30:00+09:00,269750.0,270500.0,268500.0,270000.0,324701
2026-07-23 10:35:00+09:00,270500.0,271000.0,269500.0,269750.0,182315
2026-07-23 10:40:00+09:00,269500.0,270500.0,269000.0,269000.0,95472
2026-07-23 10:45:00+09:00,269000.0,269500.0,268000.0,268500.0,182900
2026-07-23 10:50:00+09:00,268250.0,269500.0,268000.0,269000.0,187719
2026-07-23 10:55:00+09:00,269000.0,269500.0,267000.0,267250.0,213410
2026-07-23 11:00:00+09:00,267000.0,269000.0,267000.0,269000.0,154671
2026-07-23 11:05:00+09:00,269000.0,269000.0,268000.0,268250.0,67803
2026-07-23 11:10:00+09:00,268250.0,268500.0,266000.0,266500.0,198759
2026-07-23 11:15:00+09:00,267000.0,268000.0,266500.0,267000.0,117923
2026-07-23 11:20:00+09:00,266500.0,267000.0,265000.0,265000.0,210577
2026-07-23 11:25:00+09:00,265250.0,265500.0,263000.0,264500.0,290940
2026-07-23 11:30:00+09:00,264500.0,266000.0,264000.0,266000.0,113179
2026-07-23 11:35:00+09:00,265750.0,266000.0,264000.0,264500.0,118425
2026-07-23 11:40:00+09:00,264500.0,266000.0,264500.0,265500.0,85360
2026-07-23 11:45:00+09:00,266000.0,267500.0,265500.0,267000.0,116708
2026-07-23 11:50:00+09:00,267000.0,268000.0,266250.0,267500.0,106196
2026-07-23 11:55:00+09:00,268000.0,268500.0,267500.0,267500.0,62170
2026-07-23 12:00:00+09:00,267500.0,268000.0,266500.0,266500.0,122127
2026-07-23 12:05:00+09:00,266500.0,267500.0,266000.0,266250.0,135112
2026-07-23 12:10:00+09:00,266250.0,267000.0,265500.0,267000.0,67000
2026-07-23 12:15:00+09:00,266750.0,267000.0,266000.0,266250.0,59051
2026-07-23 12:20:00+09:00,266250.0,267500.0,266000.0,266750.0,99952
2026-07-23 12:25:00+09:00,266500.0,268000.0,266500.0,267500.0,111036
2026-07-23 12:30:00+09:00,268000.0,268500.0,267000.0,267250.0,103475
2026-07-23 12:35:00+09:00,267000.0,269000.0,266500.0,269000.0,111175
2026-07-23 12:40:00+09:00,269000.0,269000.0,268000.0,269000.0,122550
2026-07-23 12:45:00+09:00,269000.0,269000.0,268000.0,269000.0,66852
2026-07-23 12:50:00+09:00,269000.0,269500.0,268500.0,269250.0,87230
2026-07-23 12:55:00+09:00,269000.0,269500.0,268500.0,269000.0,107381
2026-07-23 13:00:00+09:00,269000.0,269000.0,268000.0,268500.0,84980
2026-07-23 13:05:00+09:00,268500.0,268500.0,267000.0,267500.0,104742
2026-07-23 13:10:00+09:00,268000.0,269000.0,267000.0,268750.0,130773
2026-07-23 13:15:00+09:00,269000.0,269000.0,268000.0,268500.0,98710
2026-07-23 13:20:00+09:00,268500.0,270000.0,268000.0,269500.0,139636
2026-07-23 13:25:00+09:00,269500.0,270500.0,269000.0,270000.0,255529
2026-07-23 13:30:00+09:00,270250.0,270500.0,269500.0,270000.0,138325
2026-07-23 13:35:00+09:00,270250.0,270250.0,269500.0,269750.0,112384
2026-07-23 13:40:00+09:00,270000.0,270000.0,268500.0,269500.0,161479
2026-07-23 13:45:00+09:00,269750.0,270000.0,269000.0,269500.0,130169
2026-07-23 13:50:00+09:00,269000.0,269500.0,268000.0,269000.0,149411
2026-07-23 13:55:00+09:00,269500.0,269500.0,268500.0,269000.0,128960
2026-07-23 14:00:00+09:00,269000.0,269500.0,267500.0,268500.0,193314
2026-07-23 14:05:00+09:00,268000.0,269000.0,268000.0,268750.0,133185
2026-07-23 14:10:00+09:00,268750.0,269000.0,267500.0,268500.0,190594
2026-07-23 14:15:00+09:00,268500.0,268500.0,267000.0,267750.0,139847
2026-07-23 14:20:00+09:00,267500.0,269500.0,267500.0,268500.0,209597
2026-07-23 14:25:00+09:00,268500.0,270500.0,268000.0,270500.0,205396
2026-07-23 14:30:00+09:00,270250.0,271000.0,269500.0,270000.0,225299
2026-07-23 14:35:00+09:00,270000.0,270500.0,269000.0,269500.0,148121
2026-07-23 14:40:00+09:00,269500.0,270000.0,269000.0,270000.0,187946
2026-07-23 14:45:00+09:00,269500.0,270000.0,267500.0,268000.0,221060
2026-07-23 14:50:00+09:00,268000.0,268500.0,267500.0,267750.0,176992
2026-07-23 14:55:00+09:00,267500.0,268500.0,267500.0,268000.0,197577
2026-07-24 09:00:00+09:00,266000.0,266500.0,263500.0,264750.0,790127
2026-07-24 09:05:00+09:00,264750.0,265000.0,262500.0,263500.0,381882
2026-07-24 09:10:00+09:00,263000.0,263500.0,261000.0,261500.0,368849
2026-07-24 09:15:00+09:00,261500.0,262000.0,260000.0,260000.0,575229
2026-07-24 09:20:00+09:00,260500.0,262500.0,260000.0,261500.0,361048
2026-07-24 09:25:00+09:00,261500.0,262000.0,258500.0,259000.0,460596
2026-07-24 09:30:00+09:00,258500.0,259500.0,258000.0,258000.0,364309
2026-07-24 09:35:00+09:00,258250.0,258500.0,257000.0,258500.0,332622
2026-07-24 09:40:00+09:00,258000.0,259000.0,257500.0,259000.0,347489
2026-07-24 09:45:00+09:00,258500.0,259500.0,257500.0,258000.0,242567
2026-07-24 09:50:00+09:00,258000.0,259000.0,257500.0,258500.0,221860
2026-07-24 09:55:00+09:00,258250.0,259500.0,257500.0,258500.0,303929
2026-07-24 10:00:00+09:00,258500.0,260500.0,258250.0,260000.0,303844
2026-07-24 10:05:00+09:00,260000.0,261000.0,259000.0,260500.0,284492
2026-07-24 10:10:00+09:00,260500.0,260500.0,258500.0,259000.0,193205
2026-07-24 10:15:00+09:00,259000.0,260000.0,258000.0,259750.0,179522
2026-07-24 10:20:00+09:00,260000.0,260000.0,258500.0,259000.0,126724
2026-07-24 10:25:00+09:00,258500.0,261500.0,258500.0,259500.0,241253
2026-07-24 10:30:00+09:00,259500.0,260500.0,258500.0,259500.0,196154
2026-07-24 10:35:00+09:00,259500.0,260500.0,258500.0,259000.0,205122
2026-07-24 10:40:00+09:00,258500.0,260000.0,258000.0,259000.0,315150
2026-07-24 10:45:00+09:00,259000.0,259000.0,258000.0,258250.0,210653
2026-07-24 10:50:00+09:00,258250.0,258500.0,257500.0,257750.0,243936
2026-07-24 10:55:00+09:00,258000.0,258000.0,256500.0,256500.0,343472
2026-07-24 11:00:00+09:00,256500.0,257000.0,255500.0,255500.0,363175
2026-07-24 11:05:00+09:00,256000.0,256500.0,255500.0,256000.0,144636
2026-07-24 11:10:00+09:00,255750.0,256500.0,255000.0,255500.0,328128
2026-07-24 11:15:00+09:00,255500.0,256000.0,254000.0,254500.0,540615
2026-07-24 11:20:00+09:00,254750.0,254750.0,253000.0,254000.0,297484
2026-07-24 11:25:00+09:00,254000.0,254500.0,253000.0,253750.0,316204
2026-07-24 11:30:00+09:00,253750.0,254000.0,253000.0,253000.0,251654
2026-07-24 11:35:00+09:00,253250.0,253500.0,251500.0,252000.0,348196
2026-07-24 11:40:00+09:00,252000.0,253000.0,250000.0,250500.0,456688
2026-07-24 11:45:00+09:00,250250.0,250750.0,248500.0,249500.0,791861
2026-07-24 11:50:00+09:00,249000.0,250500.0,248500.0,249000.0,596295
2026-07-24 11:55:00+09:00,249000.0,250000.0,247000.0,247500.0,702233
2026-07-24 12:00:00+09:00,247500.0,249500.0,247000.0,248500.0,501537
2026-07-24 12:05:00+09:00,249000.0,249500.0,247500.0,248000.0,346358
2026-07-24 12:10:00+09:00,248000.0,249500.0,247500.0,248500.0,268228
2026-07-24 12:15:00+09:00,248500.0,249500.0,248250.0,248500.0,255530
2026-07-24 12:20:00+09:00,249000.0,250500.0,248000.0,249500.0,275245
2026-07-24 12:25:00+09:00,250000.0,251500.0,249500.0,250500.0,377814
2026-07-24 12:30:00+09:00,250500.0,251000.0,249000.0,249250.0,227910
2026-07-24 12:35:00+09:00,249500.0,250500.0,248500.0,250500.0,168250
2026-07-24 12:40:00+09:00,250250.0,250500.0,249500.0,250000.0,187323
2026-07-24 12:45:00+09:00,250500.0,250500.0,249000.0,249250.0,243420
2026-07-24 12:50:00+09:00,249500.0,249500.0,248500.0,248750.0,189600
2026-07-24 12:55:00+09:00,248500.0,249000.0,247500.0,248250.0,297660
2026-07-24 13:00:00+09:00,248000.0,248500.0,247000.0,247500.0,317399
2026-07-24 13:05:00+09:00,247500.0,250000.0,247500.0,249750.0,317552
2026-07-24 13:10:00+09:00,249750.0,250000.0,247500.0,247500.0,255140
2026-07-24 13:15:00+09:00,247500.0,249000.0,247500.0,249000.0,137904
2026-07-24 13:20:00+09:00,249000.0,250500.0,248000.0,250000.0,179736
2026-07-24 13:25:00+09:00,250000.0,251500.0,249500.0,250500.0,271288
2026-07-24 13:30:00+09:00,250250.0,250500.0,249500.0,250000.0,220910
2026-07-24 13:35:00+09:00,249500.0,250500.0,249000.0,249500.0,178167
2026-07-24 13:40:00+09:00,249500.0,249500.0,248000.0,248500.0,197323
2026-07-24 13:45:00+09:00,248500.0,249000.0,248000.0,248500.0,222248
2026-07-24 13:50:00+09:00,248500.0,250500.0,248000.0,250000.0,197149
2026-07-24 13:55:00+09:00,249500.0,251000.0,249000.0,251000.0,170931
2026-07-24 14:00:00+09:00,250500.0,251000.0,249000.0,250000.0,288672
2026-07-24 14:05:00+09:00,250000.0,252500.0,250000.0,251500.0,316445
2026-07-24 14:10:00+09:00,251500.0,252500.0,251000.0,252250.0,269401
2026-07-24 14:15:00+09:00,252000.0,253000.0,249500.0,251000.0,364359
2026-07-24 14:20:00+09:00,251000.0,253000.0,250500.0,251500.0,215526
2026-07-24 14:25:00+09:00,251250.0,252000.0,250500.0,250500.0,242832
2026-07-24 14:30:00+09:00,250500.0,252500.0,250500.0,252500.0,251071
2026-07-24 14:35:00+09:00,252000.0,253000.0,251000.0,252500.0,222635
2026-07-24 14:40:00+09:00,253000.0,253500.0,252000.0,253000.0,271246
2026-07-24 14:45:00+09:00,252500.0,253500.0,252500.0,252500.0,235206
2026-07-24 14:50:00+09:00,252500.0,252750.0,251000.0,251500.0,252698
2026-07-24 14:55:00+09:00,251000.0,252000.0,250500.0,251000.0,232080
2026-07-27 09:00:00+09:00,257000.0,258500.0,254500.0,255000.0,0
2026-07-27 09:05:00+09:00,255500.0,255500.0,252000.0,252500.0,689515
2026-07-27 09:10:00+09:00,252500.0,254500.0,251000.0,254000.0,527164
2026-07-27 09:15:00+09:00,254000.0,254250.0,250500.0,250500.0,283743
2026-07-27 09:20:00+09:00,250500.0,254500.0,250500.0,254250.0,381012
2026-07-27 09:25:00+09:00,254250.0,256000.0,253500.0,254500.0,339432
2026-07-27 09:30:00+09:00,255000.0,255500.0,253500.0,254000.0,186968
2026-07-27 09:35:00+09:00,254000.0,254000.0,252500.0,253000.0,198870
2026-07-27 09:40:00+09:00,252500.0,253000.0,251500.0,251750.0,252723
2026-07-27 09:45:00+09:00,251500.0,253000.0,251500.0,252750.0,172979
2026-07-27 09:50:00+09:00,252750.0,255500.0,252500.0,254250.0,279748
2026-07-27 09:55:00+09:00,254250.0,254500.0,251500.0,252000.0,294506
2026-07-27 10:00:00+09:00,252000.0,253000.0,251000.0,251250.0,196078
2026-07-27 10:05:00+09:00,251000.0,252500.0,250500.0,251750.0,191083
2026-07-27 10:10:00+09:00,251750.0,252000.0,249000.0,249500.0,476036
2026-07-27 10:15:00+09:00,249500.0,250000.0,247000.0,247000.0,363798
2026-07-27 10:20:00+09:00,247000.0,248000.0,247000.0,247000.0,238721
2026-07-27 10:25:00+09:00,247250.0,247500.0,246000.0,246750.0,441716
2026-07-27 10:30:00+09:00,246500.0,250000.0,246000.0,249000.0,509854
2026-07-27 10:35:00+09:00,249000.0,250000.0,247250.0,250000.0,431652
2026-07-27 10:40:00+09:00,250000.0,251000.0,248500.0,249250.0,285275
2026-07-27 10:45:00+09:00,249250.0,249500.0,247500.0,249000.0,273610
2026-07-27 10:50:00+09:00,249250.0,249250.0,247500.0,247750.0,187738
2026-07-27 10:55:00+09:00,247500.0,250000.0,247500.0,249500.0,248050
2026-07-27 11:00:00+09:00,249750.0,250000.0,247000.0,247250.0,265549
2026-07-27 11:05:00+09:00,247250.0,248000.0,247000.0,247500.0,230681
2026-07-27 11:10:00+09:00,247500.0,248000.0,247000.0,247000.0,206395
2026-07-27 11:15:00+09:00,247250.0,248500.0,247000.0,248500.0,311715
2026-07-27 11:20:00+09:00,248500.0,249000.0,247000.0,247500.0,237431
2026-07-27 11:25:00+09:00,247500.0,249500.0,247000.0,248500.0,290753
2026-07-27 11:30:00+09:00,248500.0,248500.0,246500.0,247250.0,329784
2026-07-27 11:35:00+09:00,247250.0,249000.0,247000.0,248750.0,217294
2026-07-27 11:40:00+09:00,248750.0,249500.0,248500.0,248750.0,141704
2026-07-27 11:45:00+09:00,249000.0,249500.0,247500.0,247750.0,211681
2026-07-27 11:50:00+09:00,248000.0,248000.0,247000.0,247500.0,112580
2026-07-27 11:55:00+09:00,247750.0,248500.0,247500.0,247750.0,102327
2026-07-27 12:00:00+09:00,247500.0,249000.0,247500.0,247750.0,161237
2026-07-27 12:05:00+09:00,247750.0,249500.0,247500.0,247750.0,244235
2026-07-27 12:10:00+09:00,247750.0,250000.0,247500.0,250000.0,275771
2026-07-27 12:15:00+09:00,250000.0,251500.0,249500.0,251500.0,307053
2026-07-27 12:20:00+09:00,251500.0,252000.0,250500.0,251250.0,184333
2026-07-27 12:25:00+09:00,251000.0,252000.0,250500.0,250500.0,192144
2026-07-27 12:30:00+09:00,250750.0,250750.0,249500.0,250000.0,161308
2026-07-27 12:35:00+09:00,249750.0,250000.0,248500.0,248500.0,135766
2026-07-27 12:40:00+09:00,249000.0,250000.0,248500.0,249250.0,183381
2026-07-27 12:45:00+09:00,249000.0,249250.0,248500.0,248750.0,102103
2026-07-27 12:50:00+09:00,248500.0,248750.0,248000.0,248250.0,105557
2026-07-27 12:55:00+09:00,248000.0,249750.0,247500.0,248500.0,299974
2026-07-27 13:00:00+09:00,248500.0,249500.0,248250.0,248500.0,196972
2026-07-27 13:05:00+09:00,248500.0,249500.0,248250.0,249000.0,162409
2026-07-27 13:10:00+09:00,249000.0,249500.0,248500.0,249250.0,126588
2026-07-27 13:15:00+09:00,249250.0,251000.0,249000.0,250750.0,238744
2026-07-27 13:20:00+09:00,250750.0,252000.0,250000.0,250250.0,226566
2026-07-27 13:25:00+09:00,250250.0,251000.0,249000.0,250000.0,218719
2026-07-27 13:30:00+09:00,250000.0,250500.0,249000.0,249750.0,162972
2026-07-27 13:35:00+09:00,250000.0,250500.0,249500.0,249500.0,114752
2026-07-27 13:40:00+09:00,249500.0,251500.0,249500.0,251000.0,185221
2026-07-27 13:45:00+09:00,251000.0,251500.0,250500.0,251000.0,157630
2026-07-27 13:50:00+09:00,251000.0,252000.0,250500.0,251500.0,258952
2026-07-27 13:55:00+09:00,252000.0,252000.0,251000.0,251000.0,160781
2026-07-27 14:00:00+09:00,251000.0,252000.0,250500.0,251000.0,201018
2026-07-27 14:05:00+09:00,251000.0,252000.0,251000.0,251750.0,197956
2026-07-27 14:10:00+09:00,252000.0,253000.0,251750.0,252500.0,293175
2026-07-27 14:15:00+09:00,252500.0,252500.0,251500.0,252500.0,295786
2026-07-27 14:20:00+09:00,252500.0,253500.0,252000.0,253000.0,438313
2026-07-27 14:25:00+09:00,253000.0,253000.0,252000.0,253000.0,180360
2026-07-27 14:30:00+09:00,252750.0,254000.0,252000.0,253500.0,395785
2026-07-27 14:35:00+09:00,253500.0,254000.0,252000.0,253500.0,403771
2026-07-27 14:40:00+09:00,253250.0,254000.0,253000.0,253500.0,157404
2026-07-27 14:45:00+09:00,253500.0,253500.0,252000.0,252250.0,347837
2026-07-27 14:50:00+09:00,252250.0,253000.0,252000.0,252500.0,175035
2026-07-27 14:55:00+09:00,252750.0,253000.0,252000.0,252500.0,264946
2026-07-28 09:00:00+09:00,238500.0,240000.0,238000.0,240000.0,1647319
2026-07-28 09:05:00+09:00,239500.0,240000.0,236000.0,236500.0,782493
2026-07-28 09:10:00+09:00,236500.0,236500.0,233500.0,233500.0,957119
2026-07-28 09:15:00+09:00,233500.0,234500.0,232000.0,233000.0,808230
2026-07-28 09:20:00+09:00,233000.0,233500.0,230500.0,231000.0,643877
2026-07-28 09:25:00+09:00,231000.0,232500.0,230000.0,232500.0,575674
2026-07-28 09:30:00+09:00,232500.0,233500.0,231000.0,233000.0,428222
2026-07-28 09:35:00+09:00,232500.0,233500.0,231500.0,231750.0,322207
2026-07-28 09:40:00+09:00,231750.0,233500.0,231500.0,232500.0,320626
2026-07-28 09:45:00+09:00,232500.0,232500.0,230500.0,231500.0,490143
2026-07-28 09:50:00+09:00,231500.0,231500.0,230000.0,231000.0,473578
2026-07-28 09:55:00+09:00,231000.0,231500.0,230000.0,230500.0,548132
2026-07-28 10:00:00+09:00,230750.0,232500.0,230000.0,231000.0,661995
2026-07-28 10:05:00+09:00,231000.0,231000.0,230000.0,230000.0,228598
2026-07-28 10:10:00+09:00,230000.0,231000.0,230000.0,230000.0,519565
2026-07-28 10:40:00+09:00,230500.0,231500.0,230000.0,231500.0,834621
2026-07-28 10:45:00+09:00,231500.0,233000.0,229500.0,232500.0,1018169
2026-07-28 10:50:00+09:00,232000.0,232500.0,229000.0,229000.0,680526
2026-07-28 10:55:00+09:00,229000.0,230000.0,228000.0,228500.0,648162
2026-07-28 11:00:00+09:00,228000.0,229000.0,225000.0,225000.0,1027990
2026-07-28 11:05:00+09:00,225000.0,228000.0,225000.0,227500.0,600018
2026-07-28 11:10:00+09:00,227500.0,229000.0,226500.0,227250.0,368911
2026-07-28 11:15:00+09:00,227250.0,229000.0,226000.0,229000.0,382001
2026-07-28 11:20:00+09:00,229000.0,230000.0,228500.0,229500.0,376236
2026-07-28 11:25:00+09:00,229500.0,229500.0,227500.0,228000.0,372883
2026-07-28 11:30:00+09:00,227500.0,228000.0,226000.0,226500.0,339317
2026-07-28 11:35:00+09:00,226000.0,227000.0,225500.0,226500.0,404524
2026-07-28 11:40:00+09:00,226250.0,226500.0,224500.0,225250.0,617155
2026-07-28 11:45:00+09:00,225500.0,225500.0,223000.0,224250.0,783036
2026-07-28 11:50:00+09:00,224250.0,225000.0,223500.0,224250.0,403140
2026-07-28 11:55:00+09:00,224250.0,224500.0,223500.0,224000.0,348282
2026-07-28 12:00:00+09:00,223500.0,224000.0,221500.0,222500.0,465497
2026-07-28 12:05:00+09:00,222000.0,222500.0,221000.0,221500.0,314698
2026-07-28 12:10:00+09:00,221000.0,222000.0,220000.0,221250.0,616564
2026-07-28 12:15:00+09:00,221000.0,223500.0,221000.0,223250.0,352797
2026-07-28 12:20:00+09:00,223250.0,225500.0,223000.0,225000.0,329274
2026-07-28 12:25:00+09:00,225000.0,225500.0,221500.0,221500.0,334195
2026-07-28 12:30:00+09:00,221500.0,223000.0,220500.0,222750.0,335571
2026-07-28 12:35:00+09:00,222750.0,225000.0,222500.0,224250.0,433573
2026-07-28 12:40:00+09:00,224250.0,225500.0,223000.0,224000.0,431926
2026-07-28 12:45:00+09:00,224250.0,225500.0,224000.0,224500.0,433690
2026-07-28 12:50:00+09:00,224500.0,225500.0,224000.0,225250.0,338963
2026-07-28 12:55:00+09:00,225250.0,225500.0,224000.0,224500.0,583062
2026-07-28 13:00:00+09:00,225000.0,225000.0,224000.0,224500.0,307712
2026-07-28 13:05:00+09:00,224000.0,224500.0,222500.0,222750.0,297782
2026-07-28 13:10:00+09:00,222750.0,223500.0,222500.0,223250.0,240479
2026-07-28 13:15:00+09:00,223250.0,224000.0,222500.0,223500.0,313314
2026-07-28 13:20:00+09:00,223500.0,223500.0,222000.0,222250.0,255634
2026-07-28 13:25:00+09:00,222000.0,222500.0,221500.0,222000.0,358247
2026-07-28 13:30:00+09:00,222000.0,222000.0,221000.0,222000.0,355231
2026-07-28 13:35:00+09:00,221500.0,223500.0,221500.0,223250.0,476857
2026-07-28 13:40:00+09:00,223250.0,224000.0,222500.0,222500.0,384305
2026-07-28 13:45:00+09:00,222750.0,225000.0,222250.0,224500.0,482223
2026-07-28 13:50:00+09:00,224500.0,225000.0,223500.0,224000.0,210284
2026-07-28 13:55:00+09:00,224000.0,225000.0,223000.0,224000.0,455283
2026-07-28 14:00:00+09:00,224000.0,225000.0,223500.0,224500.0,314320
2026-07-28 14:05:00+09:00,224500.0,225000.0,223500.0,225000.0,368668
2026-07-28 14:10:00+09:00,225000.0,225500.0,223000.0,223500.0,466178
2026-07-28 14:15:00+09:00,223500.0,223500.0,221500.0,221500.0,565782
2026-07-28 14:20:00+09:00,222000.0,222500.0,221000.0,221750.0,362159
2026-07-28 14:25:00+09:00,221500.0,222000.0,220500.0,221000.0,430641
2026-07-28 14:30:00+09:00,221500.0,221500.0,220500.0,220500.0,322235
2026-07-28 14:35:00+09:00,220500.0,221500.0,220000.0,221250.0,637709
2026-07-28 14:40:00+09:00,221250.0,222500.0,220500.0,222000.0,440564
2026-07-28 14:45:00+09:00,221500.0,223000.0,221500.0,223000.0,396243
2026-07-28 14:50:00+09:00,222500.0,223500.0,222000.0,222500.0,371835
2026-07-28 14:55:00+09:00,222500.0,222500.0,220500.0,221000.0,520021
2026-07-29 09:00:00+09:00,226500.0,229500.0,225000.0,229500.0,2742640
2026-07-29 09:05:00+09:00,229500.0,231500.0,228000.0,230500.0,1113962
2026-07-29 09:10:00+09:00,230500.0,234000.0,230000.0,231500.0,1191837
2026-07-29 09:15:00+09:00,232000.0,232000.0,229000.0,231500.0,941433
2026-07-29 09:20:00+09:00,231500.0,232000.0,228250.0,228500.0,737251
2026-07-29 09:25:00+09:00,228500.0,230000.0,227500.0,229000.0,954364
2026-07-29 09:30:00+09:00,229500.0,229500.0,224500.0,224500.0,1172361
2026-07-29 09:35:00+09:00,225000.0,228500.0,224500.0,228000.0,758964
2026-07-29 09:40:00+09:00,228500.0,228500.0,226000.0,227500.0,338480
2026-07-29 09:45:00+09:00,228000.0,230500.0,227500.0,228250.0,475749
2026-07-29 09:50:00+09:00,228250.0,230000.0,227000.0,230000.0,300072
2026-07-29 09:55:00+09:00,230000.0,230000.0,227000.0,228000.0,354335
2026-07-29 10:00:00+09:00,228000.0,229500.0,227000.0,228000.0,432983
2026-07-29 10:05:00+09:00,228500.0,229000.0,226500.0,227000.0,291985
2026-07-29 10:10:00+09:00,226500.0,227000.0,222000.0,223000.0,681004
2026-07-29 10:15:00+09:00,222500.0,223000.0,219750.0,221500.0,967465
2026-07-29 10:20:00+09:00,221500.0,226000.0,221500.0,225250.0,658972
2026-07-29 10:25:00+09:00,225500.0,228000.0,225000.0,225500.0,517534
2026-07-29 10:30:00+09:00,225500.0,226500.0,223000.0,224000.0,494152
2026-07-29 10:35:00+09:00,224000.0,224500.0,222000.0,222250.0,363560
2026-07-29 10:40:00+09:00,222250.0,222250.0,216000.0,217000.0,933831
2026-07-29 10:45:00+09:00,217000.0,217500.0,214000.0,215000.0,730602
2026-07-29 10:50:00+09:00,214500.0,215500.0,209500.0,210500.0,1358735
2026-07-29 10:55:00+09:00,211000.0,212500.0,210000.0,210750.0,511820
2026-07-29 11:00:00+09:00,210750.0,213500.0,208000.0,209500.0,1280602
2026-07-29 11:05:00+09:00,209500.0,213500.0,208000.0,211000.0,739964
2026-07-29 11:10:00+09:00,210750.0,213250.0,209500.0,210000.0,722061
2026-07-29 11:15:00+09:00,210500.0,210500.0,207000.0,207500.0,749877
2026-07-29 11:20:00+09:00,208500.0,210500.0,208000.0,208500.0,839487
2026-07-29 11:25:00+09:00,208500.0,212500.0,208500.0,211500.0,599725
2026-07-29 11:30:00+09:00,212000.0,212000.0,209000.0,209500.0,518085
2026-07-29 11:35:00+09:00,209250.0,210500.0,207500.0,208000.0,396101
2026-07-29 11:40:00+09:00,208000.0,209000.0,207000.0,208500.0,358835
2026-07-29 11:45:00+09:00,208500.0,208500.0,206000.0,206000.0,581863
2026-07-29 11:50:00+09:00,206500.0,207500.0,205000.0,206000.0,493583
2026-07-29 11:55:00+09:00,206000.0,206500.0,204000.0,204500.0,648658
2026-07-29 12:00:00+09:00,204500.0,205000.0,203000.0,204000.0,333282
2026-07-29 12:05:00+09:00,204000.0,209500.0,203500.0,209000.0,892896
2026-07-29 12:10:00+09:00,209000.0,209500.0,205000.0,205500.0,465449
2026-07-29 12:15:00+09:00,205500.0,205500.0,203000.0,203250.0,390130
2026-07-29 12:20:00+09:00,203250.0,205500.0,202000.0,202000.0,476902
2026-07-29 12:25:00+09:00,202500.0,203000.0,202000.0,202500.0,423450
2026-07-29 12:30:00+09:00,202500.0,203500.0,202000.0,202500.0,195442
2026-07-29 13:00:00+09:00,201500.0,203000.0,200000.0,201000.0,1524792
2026-07-29 13:05:00+09:00,201000.0,201500.0,197800.0,198700.0,1541164
2026-07-29 13:10:00+09:00,198700.0,199700.0,197400.0,198300.0,856602
2026-07-29 13:15:00+09:00,198400.0,198800.0,192800.0,194300.0,1561916
2026-07-29 13:20:00+09:00,194300.0,195800.0,192000.0,194800.0,1350574
2026-07-29 13:25:00+09:00,194800.0,194900.0,191500.0,191800.0,1086022
2026-07-29 13:30:00+09:00,192000.0,192000.0,189200.0,190900.0,1586868
2026-07-29 13:35:00+09:00,190800.0,195000.0,190800.0,193300.0,983078
2026-07-29 13:40:00+09:00,193400.0,194100.0,191300.0,191800.0,814649
2026-07-29 13:45:00+09:00,191800.0,194700.0,191500.0,194500.0,825375
2026-07-29 13:50:00+09:00,194500.0,199000.0,194400.0,198400.0,1599727
2026-07-29 13:55:00+09:00,198300.0,201000.0,197200.0,200500.0,1353025
2026-07-29 14:00:00+09:00,200500.0,203500.0,199600.0,202250.0,1447616
2026-07-29 14:05:00+09:00,202500.0,204500.0,200000.0,203000.0,920268
2026-07-29 14:10:00+09:00,203000.0,204500.0,202000.0,204500.0,757125
2026-07-29 14:15:00+09:00,204500.0,204500.0,200500.0,201500.0,738382
2026-07-29 14:20:00+09:00,201500.0,204500.0,201000.0,204000.0,587502
2026-07-29 14:25:00+09:00,204000.0,206500.0,203500.0,205500.0,866974
2026-07-29 14:30:00+09:00,205500.0,206000.0,203500.0,206000.0,591094
2026-07-29 14:35:00+09:00,206000.0,208000.0,205000.0,208000.0,733006
2026-07-29 14:40:00+09:00,208000.0,208500.0,206000.0,206500.0,735315
2026-07-29 14:45:00+09:00,206500.0,208500.0,205000.0,207000.0,663610
2026-07-29 14:50:00+09:00,207500.0,208000.0,205000.0,207000.0,531916
2026-07-29 14:55:00+09:00,207000.0,207500.0,206000.0,207000.0,529021
2026-07-30 09:00:00+09:00,214000.0,217000.0,206500.0,209000.0,3281962
2026-07-30 09:05:00+09:00,209000.0,213500.0,206500.0,213000.0,1262936
2026-07-30 09:10:00+09:00,213000.0,214500.0,209500.0,211500.0,851206
2026-07-30 09:15:00+09:00,212000.0,213500.0,210000.0,210500.0,691649
2026-07-30 09:20:00+09:00,210500.0,211000.0,207000.0,209500.0,762936
2026-07-30 09:25:00+09:00,209500.0,212500.0,209000.0,211500.0,472837
2026-07-30 09:30:00+09:00,211500.0,211500.0,206000.0,206500.0,554823
2026-07-30 09:35:00+09:00,206500.0,208500.0,204500.0,206500.0,498784
2026-07-30 09:40:00+09:00,206000.0,207500.0,202000.0,203000.0,755449
2026-07-30 09:45:00+09:00,202500.0,207750.0,202000.0,206500.0,759772
2026-07-30 09:50:00+09:00,207000.0,208500.0,205000.0,207500.0,437760
2026-07-30 09:55:00+09:00,207500.0,210000.0,205000.0,209500.0,551910
2026-07-30 10:00:00+09:00,210000.0,212000.0,208000.0,211500.0,798439
2026-07-30 10:05:00+09:00,212000.0,215500.0,209500.0,209500.0,1206526
2026-07-30 10:10:00+09:00,210000.0,211500.0,206500.0,207000.0,726977
2026-07-30 10:15:00+09:00,207000.0,209500.0,206500.0,208500.0,640678
2026-07-30 10:20:00+09:00,209000.0,211500.0,208000.0,211000.0,395850
2026-07-30 10:25:00+09:00,211250.0,215000.0,210500.0,214750.0,597956
2026-07-30 10:30:00+09:00,215000.0,220000.0,214000.0,218000.0,1418074
2026-07-30 10:35:00+09:00,218000.0,222500.0,218000.0,222250.0,1147403
2026-07-30 10:40:00+09:00,222250.0,223500.0,221000.0,222000.0,804084
2026-07-30 10:45:00+09:00,222000.0,226000.0,220000.0,224500.0,1150967
2026-07-30 10:50:00+09:00,225000.0,225500.0,222500.0,224000.0,831127
2026-07-30 10:55:00+09:00,224000.0,225500.0,221000.0,221000.0,787893
2026-07-30 11:00:00+09:00,221000.0,224500.0,221000.0,222500.0,473229
2026-07-30 11:05:00+09:00,223000.0,225000.0,222250.0,224000.0,649699
2026-07-30 11:10:00+09:00,224000.0,224500.0,221000.0,221500.0,756164
2026-07-30 11:15:00+09:00,221750.0,222000.0,218500.0,218750.0,832236
2026-07-30 11:20:00+09:00,219000.0,222000.0,218500.0,220500.0,615762
2026-07-30 11:25:00+09:00,221000.0,221000.0,218000.0,219500.0,463933
2026-07-30 11:30:00+09:00,219500.0,219500.0,216000.0,216000.0,503354
2026-07-30 11:35:00+09:00,216000.0,216500.0,214000.0,215000.0,537474
2026-07-30 11:40:00+09:00,215000.0,218000.0,214000.0,217000.0,512312
2026-07-30 11:45:00+09:00,217000.0,217500.0,215000.0,216750.0,360797
2026-07-30 11:50:00+09:00,217000.0,217500.0,215000.0,216500.0,273109
2026-07-30 11:55:00+09:00,216250.0,216500.0,212000.0,212500.0,345979
2026-07-30 12:00:00+09:00,213000.0,214000.0,211500.0,213250.0,310367
2026-07-30 12:05:00+09:00,213000.0,214500.0,211000.0,211250.0,362745
2026-07-30 12:10:00+09:00,211500.0,212000.0,209000.0,209500.0,429819
2026-07-30 12:15:00+09:00,210000.0,211000.0,208500.0,209000.0,441953
2026-07-30 12:20:00+09:00,209000.0,210000.0,208500.0,209750.0,324142
2026-07-30 12:25:00+09:00,210000.0,212000.0,209500.0,211000.0,513425
2026-07-30 12:30:00+09:00,210500.0,212500.0,209500.0,211500.0,291252
2026-07-30 12:35:00+09:00,211500.0,212000.0,209500.0,209750.0,278413
2026-07-30 12:40:00+09:00,209750.0,212500.0,209500.0,212250.0,268622
2026-07-30 12:45:00+09:00,212250.0,214000.0,212000.0,213500.0,349517
2026-07-30 12:50:00+09:00,213500.0,213500.0,212000.0,212750.0,265756
2026-07-30 12:55:00+09:00,213000.0,213000.0,210000.0,210500.0,357741
2026-07-30 13:00:00+09:00,210500.0,211000.0,209500.0,210000.0,317452
2026-07-30 13:05:00+09:00,210000.0,210500.0,207000.0,207250.0,457266
2026-07-30 13:10:00+09:00,207250.0,209000.0,207000.0,208000.0,329145
2026-07-30 13:15:00+09:00,208000.0,208000.0,206000.0,207000.0,385912
2026-07-30 13:20:00+09:00,207000.0,209000.0,206500.0,208750.0,322111
2026-07-30 13:25:00+09:00,208750.0,211000.0,208500.0,210750.0,430309
2026-07-30 13:30:00+09:00,211000.0,211500.0,210000.0,210250.0,251737
2026-07-30 13:35:00+09:00,210250.0,211500.0,209000.0,210500.0,434002
2026-07-30 13:40:00+09:00,210500.0,210500.0,208000.0,208500.0,228726
2026-07-30 13:45:00+09:00,208250.0,210000.0,208000.0,209500.0,232737
2026-07-30 13:50:00+09:00,209500.0,209750.0,208000.0,208750.0,239720
2026-07-30 13:55:00+09:00,208750.0,209000.0,207000.0,208250.0,313506
2026-07-30 14:00:00+09:00,208250.0,209500.0,208000.0,209000.0,377817
2026-07-30 14:05:00+09:00,208750.0,209000.0,207000.0,207500.0,313273
2026-07-30 14:10:00+09:00,207750.0,209000.0,206000.0,209000.0,429178
2026-07-30 14:15:00+09:00,209000.0,210000.0,208000.0,210000.0,256717
2026-07-30 14:20:00+09:00,209500.0,210500.0,208500.0,210000.0,394124
2026-07-30 14:25:00+09:00,210000.0,210000.0,208000.0,208500.0,328361
2026-07-30 14:30:00+09:00,208500.0,209500.0,208000.0,208750.0,323880
2026-07-30 14:35:00+09:00,208500.0,209000.0,208000.0,208500.0,291083
2026-07-30 14:40:00+09:00,208750.0,212000.0,208500.0,212000.0,555034
2026-07-30 14:45:00+09:00,211750.0,213000.0,210500.0,211000.0,407427
2026-07-30 14:50:00+09:00,210500.0,211000.0,208000.0,208500.0,353685
2026-07-30 14:55:00+09:00,208500.0,210000.0,208000.0,209750.0,444078
2026-07-31 09:00:00+09:00,257000.0,260000.0,243500.0,250500.0,6317860
2026-07-31 09:05:00+09:00,250500.0,252000.0,243000.0,245000.0,1867268
2026-07-31 09:10:00+09:00,245500.0,252250.0,245000.0,249500.0,2063837
2026-07-31 09:15:00+09:00,250000.0,250500.0,245500.0,247000.0,1435064
2026-07-31 09:20:00+09:00,246750.0,248500.0,245500.0,247000.0,718574
2026-07-31 09:25:00+09:00,247000.0,250000.0,246500.0,249500.0,869931
2026-07-31 09:30:00+09:00,249500.0,252500.0,249000.0,252500.0,1066669
2026-07-31 09:35:00+09:00,252500.0,253500.0,251000.0,252000.0,1040698
2026-07-31 09:40:00+09:00,252000.0,253000.0,249500.0,250500.0,656517
2026-07-31 09:45:00+09:00,251000.0,251000.0,248000.0,249500.0,628508
2026-07-31 09:50:00+09:00,249500.0,254500.0,249500.0,254000.0,1157782
2026-07-31 09:55:00+09:00,254000.0,256000.0,253500.0,255500.0,1036331
2026-07-31 10:00:00+09:00,255500.0,259500.0,255000.0,259500.0,1278383
2026-07-31 10:05:00+09:00,259500.0,261500.0,256500.0,258500.0,1843015
2026-07-31 10:10:00+09:00,258000.0,259000.0,256500.0,257500.0,684354
2026-07-31 10:15:00+09:00,257500.0,259000.0,256500.0,257500.0,509365
2026-07-31 10:20:00+09:00,258000.0,258000.0,254500.0,254500.0,484487
2026-07-31 10:25:00+09:00,254500.0,256000.0,251500.0,252500.0,773943
2026-07-31 10:30:00+09:00,252500.0,254500.0,251000.0,252750.0,636718
2026-07-31 10:35:00+09:00,252750.0,253000.0,248500.0,251000.0,858648
2026-07-31 10:40:00+09:00,251000.0,251000.0,248000.0,249000.0,543293
2026-07-31 10:45:00+09:00,249000.0,249000.0,245000.0,247500.0,904449
2026-07-31 10:50:00+09:00,247000.0,249500.0,245500.0,247000.0,647652
2026-07-31 10:55:00+09:00,247000.0,249000.0,246500.0,247500.0,336937
2026-07-31 11:00:00+09:00,247500.0,249500.0,245000.0,245500.0,415675
2026-07-31 11:05:00+09:00,245250.0,248000.0,244500.0,247500.0,451554
2026-07-31 11:10:00+09:00,248000.0,248000.0,244000.0,244000.0,335441
2026-07-31 11:15:00+09:00,244250.0,245000.0,243000.0,243500.0,512695
2026-07-31 11:20:00+09:00,244000.0,247500.0,243500.0,246000.0,284767
2026-07-31 11:25:00+09:00,246000.0,248500.0,245500.0,248000.0,298384
2026-07-31 11:30:00+09:00,247750.0,250000.0,247000.0,249000.0,331686
2026-07-31 11:35:00+09:00,249500.0,249500.0,246500.0,248250.0,253780
2026-07-31 11:40:00+09:00,248000.0,248500.0,247500.0,248000.0,189010
2026-07-31 11:45:00+09:00,248250.0,250000.0,248000.0,248500.0,202626
2026-07-31 11:50:00+09:00,249000.0,249500.0,248000.0,249000.0,238901
2026-07-31 11:55:00+09:00,249000.0,250500.0,248500.0,250000.0,266229
2026-07-31 12:00:00+09:00,250500.0,250500.0,247500.0,250000.0,206835
2026-07-31 12:05:00+09:00,249500.0,251000.0,249000.0,250500.0,167367
2026-07-31 12:10:00+09:00,251000.0,251000.0,248000.0,249000.0,327716
2026-07-31 12:15:00+09:00,249500.0,251000.0,249000.0,250500.0,160922
2026-07-31 12:20:00+09:00,250750.0,252000.0,250000.0,251000.0,358437
2026-07-31 12:25:00+09:00,251000.0,251500.0,250000.0,250000.0,171739
2026-07-31 12:30:00+09:00,250000.0,251000.0,249500.0,250000.0,321122
2026-07-31 12:35:00+09:00,250000.0,250500.0,249000.0,249500.0,242611
2026-07-31 12:40:00+09:00,250000.0,250500.0,249000.0,250500.0,232119
2026-07-31 12:45:00+09:00,250500.0,250500.0,248000.0,248000.0,252540
2026-07-31 12:50:00+09:00,248000.0,250000.0,248000.0,250000.0,250862
2026-07-31 12:55:00+09:00,250000.0,250500.0,249500.0,250000.0,163257
2026-07-31 13:00:00+09:00,250000.0,250500.0,248000.0,249500.0,302923
2026-07-31 13:05:00+09:00,249500.0,250000.0,248500.0,249500.0,275145
2026-07-31 13:10:00+09:00,249500.0,250000.0,248500.0,249000.0,286846
2026-07-31 13:15:00+09:00,249500.0,252000.0,248500.0,252000.0,330315
2026-07-31 13:20:00+09:00,252000.0,253000.0,251000.0,253000.0,396002
2026-07-31 13:25:00+09:00,253000.0,253500.0,252000.0,252250.0,510184
2026-07-31 13:30:00+09:00,252250.0,253000.0,250500.0,253000.0,368435
2026-07-31 13:35:00+09:00,253000.0,253500.0,252500.0,253500.0,347292
2026-07-31 13:40:00+09:00,253500.0,255000.0,253000.0,255000.0,371118
2026-07-31 13:45:00+09:00,254750.0,256500.0,254000.0,255000.0,539626
2026-07-31 13:50:00+09:00,254500.0,256000.0,254000.0,256000.0,334562
2026-07-31 13:55:00+09:00,256000.0,257500.0,255500.0,256750.0,351163
2026-07-31 14:00:00+09:00,256500.0,257500.0,255500.0,257000.0,297265
2026-07-31 14:05:00+09:00,257500.0,259500.0,256000.0,259250.0,812840
2026-07-31 14:10:00+09:00,259500.0,260500.0,257000.0,258500.0,1246048
2026-07-31 14:15:00+09:00,259000.0,260000.0,258500.0,259500.0,366738
2026-07-31 14:20:00+09:00,259000.0,261500.0,259000.0,261500.0,936492
2026-07-31 14:25:00+09:00,261500.0,266000.0,261000.0,266000.0,1355137
2026-07-31 14:30:00+09:00,266000.0,266500.0,258500.0,259000.0,1486205
2026-07-31 14:35:00+09:00,259000.0,262500.0,258000.0,262000.0,655691
2026-07-31 14:40:00+09:00,262000.0,264500.0,261500.0,261500.0,763921
2026-07-31 14:45:00+09:00,262000.0,264000.0,261500.0,263500.0,568888
2026-07-31 14:50:00+09:00,263500.0,265000.0,262000.0,265000.0,873019
2026-07-31 14:55:00+09:00,264500.0,266500.0,264000.0,266250.0,910462
2026-08-03 09:00:00+09:00,248000.0,249500.0,244500.0,245000.0,1168623
2026-08-03 09:05:00+09:00,245000.0,246000.0,240500.0,243500.0,1380776
2026-08-03 09:10:00+09:00,243500.0,244500.0,241500.0,244000.0,885898
2026-08-03 09:15:00+09:00,244000.0,246000.0,242500.0,243000.0,775023
2026-08-03 09:20:00+09:00,243500.0,245000.0,241000.0,241000.0,706114
2026-08-03 09:25:00+09:00,241000.0,242000.0,239000.0,241500.0,1185935
2026-08-03 09:30:00+09:00,241750.0,242000.0,240000.0,242000.0,448289
2026-08-03 09:35:00+09:00,242000.0,244000.0,241000.0,242500.0,562052
2026-08-03 09:40:00+09:00,242500.0,243500.0,241000.0,242500.0,388755
2026-08-03 09:45:00+09:00,242500.0,244500.0,242000.0,244500.0,406990
2026-08-03 09:50:00+09:00,244500.0,245000.0,243000.0,245000.0,399260
2026-08-03 09:55:00+09:00,245000.0,246500.0,244500.0,245500.0,571239
2026-08-03 10:00:00+09:00,245000.0,246500.0,244000.0,246500.0,526620
2026-08-03 10:05:00+09:00,246500.0,247000.0,244000.0,245000.0,386022
2026-08-03 10:10:00+09:00,245000.0,245500.0,243000.0,243000.0,320978
2026-08-03 10:15:00+09:00,243500.0,244000.0,242000.0,242500.0,265034
2026-08-03 10:20:00+09:00,242500.0,244500.0,242000.0,243250.0,219277
2026-08-03 10:25:00+09:00,243250.0,243500.0,242500.0,243000.0,194294
2026-08-03 10:30:00+09:00,243000.0,243500.0,241500.0,242000.0,305715
2026-08-03 10:35:00+09:00,241750.0,242000.0,240000.0,242000.0,400709
2026-08-03 10:40:00+09:00,241500.0,243500.0,241500.0,243250.0,194557
2026-08-03 10:45:00+09:00,243250.0,243250.0,241500.0,241500.0,184125
2026-08-03 10:50:00+09:00,242000.0,243000.0,240500.0,242000.0,223600
2026-08-03 10:55:00+09:00,242000.0,244500.0,242000.0,243500.0,157995
2026-08-03 11:00:00+09:00,244000.0,244500.0,242000.0,243750.0,200378
2026-08-03 11:05:00+09:00,243750.0,245500.0,243500.0,244000.0,231938
2026-08-03 11:10:00+09:00,244000.0,245000.0,243500.0,245000.0,136843
2026-08-03 11:15:00+09:00,245000.0,246000.0,244000.0,246000.0,228599
2026-08-03 11:20:00+09:00,246000.0,246500.0,244000.0,244000.0,229431
2026-08-03 11:25:00+09:00,244500.0,244500.0,242500.0,243000.0,208266
2026-08-03 11:30:00+09:00,242500.0,243500.0,242000.0,242750.0,156027
2026-08-03 11:35:00+09:00,242750.0,243000.0,242500.0,243000.0,14867
