date,open,high,low,close,volume,wap,count
2019-06-04 13:30:00+00:00,12.07,12.65,11.97,12.58,87272160.0,12.34473333333333,27921.0
2019-06-04 16:00:00+00:00,12.59,12.93,12.57,12.93,74411715.0,12.77093333333333,26573.0
2019-06-05 13:30:00+00:00,13.25,13.42,12.79,13.06,101946180.0,13.04846666666667,34285.0
2019-06-05 16:00:00+00:00,13.06,13.17,12.95,13.11,57582945.0,13.07206666666667,20407.0
2019-06-06 13:30:00+00:00,13.6,14.07,13.45,13.87,148546395.0,13.7496,49303.0
2019-06-06 16:00:00+00:00,13.87,13.9,13.56,13.74,82039815.0,13.7216,28148.0
2019-06-07 13:30:00+00:00,13.65,14.06,13.63,13.8,92974245.0,13.89753333333333,34104.0
2019-06-07 16:00:00+00:00,13.8,13.92,13.57,13.63,86468745.0,13.7162,33989.0
2019-06-10 13:30:00+00:00,14.02,14.46,13.93,14.41,66083700.0,14.26806666666667,20176.0
2019-06-10 16:00:00+00:00,14.41,14.41,14.03,14.19,48491700.0,14.1946,16811.0
2019-06-11 13:30:00+00:00,14.63,14.73,14.24,14.35,75681630.0,14.50526666666667,21871.0
2019-06-11 16:00:00+00:00,14.35,14.51,14.23,14.47,50178435.0,14.40033333333333,15202.0
2019-06-12 13:30:00+00:00,14.87,14.89,14.02,14.1,105846735.0,14.38153333333333,32071.0
2019-06-12 16:00:00+00:00,14.1,14.33,13.93,13.95,68820165.0,14.09533333333333,21188.0
2019-06-13 13:30:00+00:00,14.03,14.33,13.83,14.15,64966155.0,14.1464,19715.0
2019-06-13 16:00:00+00:00,14.15,14.27,14.07,14.26,33777195.0,14.1726,11518.0
2019-06-14 13:30:00+00:00,14.09,14.44,14.03,14.2,42628920.0,14.26626666666667,12364.0
2019-06-14 16:00:00+00:00,14.2,14.35,14.06,14.33,43207770.0,14.22833333333333,14689.0
2019-06-17 13:30:00+00:00,14.31,15.1,14.28,14.89,89534145.0,14.79853333333333,25868.0
2019-06-17 16:00:00+00:00,14.89,15.13,14.88,15.0,56603010.0,15.0132,18772.0
2019-06-18 13:30:00+00:00,15.25,15.65,15.1,15.11,84659145.0,15.41393333333333,27146.0
2019-06-18 16:00:00+00:00,15.11,15.31,14.84,14.98,62299155.0,15.07966666666667,22665.0
2019-06-19 13:30:00+00:00,15.01,15.18,14.74,15.05,44599680.0,14.99706666666667,13321.0
2019-06-19 16:00:00+00:00,15.06,15.18,14.97,15.09,32089260.0,15.0702,11164.0
2019-06-20 13:30:00+00:00,14.87,15.13,14.52,14.61,84754110.0,14.81313333333333,25183.0
2019-06-20 16:00:00+00:00,14.61,14.71,14.42,14.64,53127045.0,14.59426666666667,18409.0
2019-06-21 13:30:00+00:00,14.42,14.81,14.37,14.63,49717395.0,14.59306666666667,15453.0
2019-06-21 16:00:00+00:00,14.63,14.8,14.52,14.79,33966570.0,14.68413333333333,12932.0
2019-06-24 13:30:00+00:00,14.88,15.06,14.73,14.91,36652365.0,14.87453333333333,11102.0
2019-06-24 16:00:00+00:00,14.9,15.02,14.8,14.91,29864310.0,14.926,9863.0
2019-06-25 13:30:00+00:00,14.96,15.02,14.63,14.71,36892410.0,14.7924,10666.0
2019-06-25 16:00:00+00:00,14.71,14.84,14.64,14.65,32344380.0,14.7224,10463.0
2019-06-26 13:30:00+00:00,14.67,15.15,14.59,14.83,57928185.0,14.9198,19344.0
2019-06-26 16:00:00+00:00,14.84,14.88,14.54,14.61,39902865.0,14.66426666666667,13557.0
2019-06-27 13:30:00+00:00,14.61,14.79,14.49,14.6,38843430.0,14.64586666666667,13301.0
2019-06-27 16:00:00+00:00,14.6,14.86,14.57,14.85,30228705.0,14.73906666666667,10768.0
2019-06-28 13:30:00+00:00,14.73,14.99,14.72,14.82,33311505.0,14.87573333333333,11021.0
2019-06-28 16:00:00+00:00,14.81,15.01,14.79,14.9,37677450.0,14.9216,15503.0
2019-07-01 13:30:00+00:00,15.35,15.54,15.2,15.27,59848320.0,15.3374,19276.0
2019-07-01 16:00:00+00:00,15.27,15.32,15.09,15.14,37333065.0,15.18766666666667,12571.0
2019-07-02 13:30:00+00:00,15.26,15.28,14.86,14.87,49492515.0,14.99826666666667,16984.0
2019-07-02 16:00:00+00:00,14.87,15.0,14.81,14.97,33276825.0,14.906,12599.0
2019-07-03 13:30:00+00:00,15.96,16.1,15.67,15.74,132148260.0,15.8658,44817.0
2019-07-03 16:00:00+00:00,15.75,15.88,15.63,15.66,29626350.0,15.6976,10041.0
2019-07-05 13:30:00+00:00,15.64,15.7,15.39,15.56,42622260.0,15.51553333333333,14097.0
2019-07-05 16:00:00+00:00,15.57,15.7,15.52,15.54,40230285.0,15.61333333333333,12919.0
2019-07-08 13:30:00+00:00,15.42,15.48,15.24,15.37,40280505.0,15.3692,12913.0
2019-07-08 16:00:00+00:00,15.38,15.45,15.3,15.36,28414065.0,15.3778,9797.0
2019-07-09 13:30:00+00:00,15.26,15.36,15.15,15.26,40074315.0,15.25186666666667,13297.0
2019-07-09 16:00:00+00:00,15.26,15.4,15.24,15.34,32342760.0,15.32893333333333,11435.0
2019-07-10 13:30:00+00:00,15.61,15.81,15.54,15.74,54717225.0,15.66806666666667,18419.0
2019-07-10 16:00:00+00:00,15.75,15.93,15.68,15.93,50132835.0,15.809,18874.0
2019-07-11 13:30:00+00:00,15.88,15.96,15.72,15.94,36152850.0,15.8354,12492.0
2019-07-11 16:00:00+00:00,15.94,16.1,15.84,15.91,49054170.0,15.96053333333333,17826.0
2019-07-12 13:30:00+00:00,15.98,16.26,15.98,16.16,44881035.0,16.15626666666667,15319.0
2019-07-12 16:00:00+00:00,16.16,16.36,16.16,16.34,46903980.0,16.25573333333333,16656.0
2019-07-15 13:30:00+00:00,16.56,16.65,16.32,16.38,50066730.0,16.4538,17935.0
2019-07-15 16:00:00+00:00,16.38,16.96,16.34,16.9,75182145.0,16.682,26191.0
2019-07-16 13:30:00+00:00,16.61,16.84,16.53,16.74,51151695.0,16.69173333333333,17515.0
2019-07-16 16:00:00+00:00,16.74,16.9,16.65,16.83,38579235.0,16.79046666666667,13253.0
2019-07-17 13:30:00+00:00,17.04,17.22,16.89,17.1,61738335.0,17.082,19862.0
2019-07-17 16:00:00+00:00,17.09,17.2,16.99,16.99,39441945.0,17.1034,13758.0
2019-07-18 13:30:00+00:00,17.02,17.05,16.79,16.88,28971360.0,16.89553333333333,10605.0
2019-07-18 16:00:00+00:00,16.89,17.03,16.88,16.91,25855110.0,16.953,9968.0
2019-07-19 13:30:00+00:00,17.05,17.15,16.97,17.08,35643855.0,17.0848,12048.0
2019-07-19 16:00:00+00:00,17.08,17.33,17.07,17.21,47266410.0,17.234,17532.0
2019-07-22 13:30:00+00:00,17.24,17.48,17.09,17.19,47998095.0,17.28406666666667,16373.0
2019-07-22 16:00:00+00:00,17.19,17.2,16.95,17.04,31979355.0,17.05806666666667,12348.0
2019-07-23 13:30:00+00:00,17.12,17.22,16.97,17.15,25543980.0,17.1204,8581.0
2019-07-23 16:00:00+00:00,17.14,17.37,17.13,17.34,27332400.0,17.27786666666667,10652.0
2019-07-24 13:30:00+00:00,17.28,17.4,17.21,17.37,32529030.0,17.31473333333333,11093.0
2019-07-24 16:00:00+00:00,17.37,17.74,17.36,17.67,57656610.0,17.5646,19938.0
2019-07-25 13:30:00+00:00,15.55,15.63,15.04,15.14,170142735.0,15.271,62229.0
2019-07-25 16:00:00+00:00,15.14,15.35,15.11,15.25,80247555.0,15.224,30467.0
2019-07-26 13:30:00+00:00,15.13,15.16,14.82,15.04,68572125.0,14.93793333333333,25806.0
2019-07-26 16:00:00+00:00,15.04,15.35,14.98,15.2,47651400.0,15.1792,18184.0
2019-07-29 13:30:00+00:00,15.14,15.35,15.07,15.32,46875645.0,15.196,15647.0
2019-07-29 16:00:00+00:00,15.32,15.73,15.29,15.72,63952935.0,15.5778,21288.0
2019-07-30 13:30:00+00:00,15.53,16.02,15.48,16.0,50320650.0,15.83966666666667,15826.0
2019-07-30 16:00:00+00:00,16.0,16.22,15.92,16.15,44115495.0,16.09486666666667,16198.0
2019-07-31 13:30:00+00:00,16.2,16.4,16.01,16.39,47439660.0,16.24293333333333,17088.0
2019-07-31 16:00:00+00:00,16.38,16.45,15.78,16.11,60651195.0,16.209,23220.0
2019-08-01 13:30:00+00:00,16.18,16.3,16.05,16.13,32153535.0,16.191,10553.0
2019-08-01 16:00:00+00:00,16.13,16.17,15.45,15.6,63690420.0,15.734,24146.0
2019-08-02 13:30:00+00:00,15.42,15.64,15.28,15.48,33695535.0,15.43546666666667,12115.0
2019-08-02 16:00:00+00:00,15.48,15.75,15.41,15.62,36568800.0,15.576,12540.0
2019-08-05 13:30:00+00:00,15.31,15.42,15.05,15.17,41097960.0,15.1988,12993.0
2019-08-05 16:00:00+00:00,15.16,15.33,15.09,15.23,35944485.0,15.2246,12834.0
2019-08-06 13:30:00+00:00,15.46,15.5,15.09,15.18,32452995.0,15.28733333333333,9928.0
2019-08-06 16:00:00+00:00,15.18,15.38,15.05,15.38,30128580.0,15.25293333333333,10463.0
2019-08-07 13:30:00+00:00,15.11,15.33,15.05,15.2,25161960.0,15.1918,8417.0
2019-08-07 16:00:00+00:00,15.2,15.57,15.2,15.56,29931195.0,15.43593333333333,10643.0
2019-08-08 13:30:00+00:00,15.64,15.78,15.51,15.76,30626730.0,15.669,9378.0
2019-08-08 16:00:00+00:00,15.76,15.99,15.71,15.89,29993055.0,15.85633333333333,11171.0
2019-08-09 13:30:00+00:00,15.74,15.93,15.59,15.64,25117725.0,15.7302,8611.0
2019-08-09 16:00:00+00:00,15.64,15.81,15.61,15.67,18473415.0,15.72333333333333,7270.0
2019-08-12 13:30:00+00:00,15.53,15.72,15.25,15.4,31799145.0,15.47273333333333,10077.0
2019-08-12 16:00:00+00:00,15.39,15.48,15.25,15.27,22923255.0,15.3734,9125.0
2019-08-13 13:30:00+00:00,15.25,15.62,15.17,15.58,28356210.0,15.4696,10102.0
2019-08-13 16:00:00+00:00,15.59,15.73,15.55,15.66,27827250.0,15.6498,10950.0
2019-08-14 13:30:00+00:00,15.41,15.43,14.97,14.99,42269715.0,15.2066,15613.0
2019-08-14 16:00:00+00:00,14.99,15.02,14.45,14.64,66679140.0,14.76906666666667,26342.0
2019-08-15 13:30:00+00:00,14.72,14.77,14.1,14.31,60182070.0,14.338,19324.0
2019-08-15 16:00:00+00:00,14.31,14.39,14.13,14.37,36605400.0,14.27013333333333,14444.0
2019-08-16 13:30:00+00:00,14.44,14.82,14.4,14.69,33833100.0,14.6688,12271.0
2019-08-16 16:00:00+00:00,14.69,14.76,14.54,14.66,23499360.0,14.65333333333333,9298.0
2019-08-19 13:30:00+00:00,14.95,15.06,14.78,15.04,34284015.0,14.929,9744.0
2019-08-19 16:00:00+00:00,15.04,15.19,15.02,15.12,27458670.0,15.1048,10385.0
2019-08-20 13:30:00+00:00,15.17,15.27,14.97,15.19,25400280.0,15.13126666666667,8224.0
2019-08-20 16:00:00+00:00,15.2,15.23,15.0,15.04,21354315.0,15.09833333333333,7769.0
2019-08-21 13:30:00+00:00,14.81,14.88,14.67,14.79,39372630.0,14.76993333333333,13559.0
2019-08-21 16:00:00+00:00,14.8,14.81,14.51,14.72,51327960.0,14.65406666666667,17675.0
2019-08-22 13:30:00+00:00,14.85,15.03,14.55,14.8,47212500.0,14.82266666666667,14754.0
2019-08-22 16:00:00+00:00,14.79,14.93,14.77,14.8,21765315.0,14.847,7049.0
2019-08-23 13:30:00+00:00,14.66,14.74,14.1,14.16,52931475.0,14.5194,16516.0
2019-08-23 16:00:00+00:00,14.16,14.31,14.07,14.09,45767535.0,14.1904,17480.0
2019-08-26 13:30:00+00:00,14.24,14.32,14.1,14.24,34665255.0,14.22093333333333,9822.0
2019-08-26 16:00:00+00:00,14.24,14.33,14.16,14.33,22023210.0,14.22946666666667,7421.0
2019-08-27 13:30:00+00:00,14.38,14.59,14.3,14.31,37445970.0,14.47413333333333,11272.0
2019-08-27 16:00:00+00:00,14.31,14.38,14.14,14.28,25367445.0,14.2654,9683.0
2019-08-28 13:30:00+00:00,14.23,14.46,14.15,14.43,21503970.0,14.35313333333333,7215.0
2019-08-28 16:00:00+00:00,14.43,14.48,14.31,14.37,16415625.0,14.37493333333333,6323.0
2019-08-29 13:30:00+00:00,14.6,14.88,14.53,14.87,37022730.0,14.70866666666667,11750.0
2019-08-29 16:00:00+00:00,14.87,14.89,14.71,14.78,22580835.0,14.785,9169.0
2019-08-30 13:30:00+00:00,15.28,15.5,14.96,15.07,72507780.0,15.27473333333333,23391.0
2019-08-30 16:00:00+00:00,15.08,15.09,14.95,15.04,31304820.0,15.013,11484.0
2019-09-03 13:30:00+00:00,14.94,15.26,14.88,15.03,38775960.0,15.11173333333333,12177.0
2019-09-03 16:00:00+00:00,15.04,15.06,14.9,15.01,25324725.0,14.98053333333333,8816.0
2019-09-04 13:30:00+00:00,15.13,15.23,15.03,15.05,25987935.0,15.1146,8566.0
2019-09-04 16:00:00+00:00,15.05,15.07,14.61,14.71,44087595.0,14.82806666666667,15453.0
2019-09-05 13:30:00+00:00,14.85,15.1,14.72,15.09,47212440.0,14.90293333333333,14581.0
2019-09-05 16:00:00+00:00,15.08,15.32,15.0,15.3,44390685.0,15.19173333333333,14779.0
2019-09-06 13:30:00+00:00,15.18,15.26,15.01,15.21,27964875.0,15.13866666666667,8961.0
2019-09-06 16:00:00+00:00,15.21,15.31,15.12,15.17,20421030.0,15.23286666666667,7772.0
2019-09-09 13:30:00+00:00,15.32,15.58,15.28,15.55,35541240.0,15.43666666666667,11202.0
2019-09-09 16:00:00+00:00,15.55,15.56,15.31,15.45,20992455.0,15.398,7162.0
2019-09-10 13:30:00+00:00,15.36,15.6,15.26,15.56,29627160.0,15.46006666666667,10031.0
2019-09-10 16:00:00+00:00,15.56,15.7,15.49,15.7,27672000.0,15.62633333333333,9994.0
2019-09-11 13:30:00+00:00,15.83,16.37,15.73,16.36,60190470.0,16.07786666666667,22545.0
2019-09-11 16:00:00+00:00,16.37,16.55,16.3,16.48,55137240.0,16.4468,21664.0
2019-09-12 13:30:00+00:00,16.52,16.9,16.31,16.39,72649125.0,16.57426666666667,26364.0
2019-09-12 16:00:00+00:00,16.39,16.54,16.29,16.39,27216885.0,16.42686666666667,9684.0
2019-09-13 13:30:00+00:00,16.46,16.56,16.32,16.43,27605235.0,16.44493333333333,9406.0
2019-09-13 16:00:00+00:00,16.43,16.45,16.32,16.35,20319330.0,16.38013333333333,8025.0
2019-09-16 13:30:00+00:00,16.4,16.5,16.08,16.09,32579970.0,16.32533333333333,10471.0
2019-09-16 16:00:00+00:00,16.09,16.27,16.08,16.18,18863400.0,16.18306666666667,7414.0
2019-09-17 13:30:00+00:00,16.16,16.26,16.02,16.24,19829895.0,16.13306666666667,6261.0
2019-09-17 16:00:00+00:00,16.25,16.37,16.23,16.32,21728325.0,16.29666666666667,7635.0
2019-09-18 13:30:00+00:00,16.32,16.54,16.18,16.23,25797330.0,16.37393333333333,8721.0
2019-09-18 16:00:00+00:00,16.22,16.34,16.16,16.23,19016295.0,16.23673333333333,7336.0
2019-09-19 13:30:00+00:00,16.38,16.51,16.32,16.46,27325785.0,16.42346666666667,8577.0
2019-09-19 16:00:00+00:00,16.47,16.53,16.4,16.44,22931790.0,16.46,8628.0
2019-09-20 13:30:00+00:00,16.43,16.46,16.1,16.13,26633805.0,16.26386666666667,9260.0
2019-09-20 16:00:00+00:00,16.12,16.2,15.88,16.04,35373450.0,16.0362,14439.0
2019-09-23 13:30:00+00:00,15.98,16.31,15.95,16.27,26326110.0,16.15106666666667,8893.0
2019-09-23 16:00:00+00:00,16.27,16.35,16.07,16.08,19928430.0,16.2198,7404.0
2019-09-24 13:30:00+00:00,16.1,16.13,15.11,15.12,62328030.0,15.51213333333333,22684.0
2019-09-24 16:00:00+00:00,15.12,15.24,14.84,14.89,80387310.0,14.99386666666667,30351.0
2019-09-25 13:30:00+00:00,14.97,15.21,14.56,15.03,60053040.0,14.88746666666667,20874.0
2019-09-25 16:00:00+00:00,15.02,15.27,14.89,15.25,43170240.0,15.08886666666667,15724.0
2019-09-26 13:30:00+00:00,15.38,15.49,15.16,15.26,34078575.0,15.3124,12341.0
2019-09-26 16:00:00+00:00,15.26,16.22,15.22,16.17,98153190.0,15.8746,35059.0
2019-09-27 13:30:00+00:00,16.15,16.58,16.06,16.33,69923535.0,16.3292,23950.0
2019-09-27 16:00:00+00:00,16.33,16.35,15.92,16.14,51430410.0,16.0804,18011.0
2019-09-30 13:30:00+00:00,16.2,16.27,15.83,15.87,26660535.0,16.08893333333333,8898.0
2019-09-30 16:00:00+00:00,15.87,16.1,15.74,16.06,37608615.0,15.97293333333333,12669.0
2019-10-01 13:30:00+00:00,16.1,16.16,15.94,16.07,27114300.0,16.0428,10600.0
2019-10-01 16:00:00+00:00,16.06,16.4,16.0,16.31,39533460.0,16.26913333333333,15148.0
2019-10-02 13:30:00+00:00,16.22,16.31,15.96,16.01,31348020.0,16.14446666666667,10959.0
2019-10-02 16:00:00+00:00,16.01,16.29,15.97,16.22,26740560.0,16.167,9640.0
2019-10-03 13:30:00+00:00,15.47,15.63,14.95,15.14,105850320.0,15.2144,39249.0
2019-10-03 16:00:00+00:00,15.15,15.55,15.14,15.53,56332875.0,15.39506666666667,19028.0
2019-10-04 13:30:00+00:00,15.45,15.65,15.2,15.37,54465090.0,15.38446666666667,17969.0
2019-10-04 16:00:00+00:00,15.37,15.46,15.34,15.43,34338150.0,15.4078,12140.0
2019-10-07 13:30:00+00:00,15.32,15.65,15.24,15.63,39776715.0,15.49613333333333,13543.0
2019-10-07 16:00:00+00:00,15.64,15.9,15.57,15.85,52625280.0,15.78253333333333,19490.0
2019-10-08 13:30:00+00:00,15.72,16.08,15.63,16.07,50468220.0,15.86853333333333,16813.0
2019-10-08 16:00:00+00:00,16.07,16.26,16.0,16.0,50106900.0,16.1328,18988.0
2019-10-09 13:30:00+00:00,16.1,16.41,16.04,16.36,40919700.0,16.28286666666667,14765.0
2019-10-09 16:00:00+00:00,16.36,16.49,16.25,16.3,36605220.0,16.37173333333333,14121.0
2019-10-10 13:30:00+00:00,16.34,16.62,16.29,16.3,39348975.0,16.47906666666667,13771.0
2019-10-10 16:00:00+00:00,16.29,16.33,16.11,16.32,30926385.0,16.24566666666667,10868.0
2019-10-11 13:30:00+00:00,16.48,16.74,16.45,16.63,58768110.0,16.61173333333333,20240.0
2019-10-11 16:00:00+00:00,16.63,16.67,16.47,16.52,37703070.0,16.58,14418.0
2019-10-14 13:30:00+00:00,16.53,17.15,16.48,17.12,65618145.0,16.87746666666667,22360.0
2019-10-14 16:00:00+00:00,17.12,17.24,17.05,17.13,52343430.0,17.1468,19826.0
2019-10-15 13:30:00+00:00,17.18,17.26,16.94,17.21,39983745.0,17.13606666666667,13763.0
2019-10-15 16:00:00+00:00,17.21,17.33,17.17,17.19,32714850.0,17.2582,12261.0
2019-10-16 13:30:00+00:00,17.17,17.47,17.13,17.4,43038600.0,17.34933333333333,13362.0
2019-10-16 16:00:00+00:00,17.4,17.44,17.16,17.31,30750765.0,17.29706666666667,12183.0
2019-10-17 13:30:00+00:00,17.5,17.65,17.34,17.4,27675570.0,17.47446666666667,9592.0
2019-10-17 16:00:00+00:00,17.4,17.51,17.37,17.47,24972675.0,17.45266666666667,9689.0
2019-10-18 13:30:00+00:00,17.39,17.52,17.14,17.17,28681305.0,17.31893333333333,10158.0
2019-10-18 16:00:00+00:00,17.16,17.21,17.01,17.13,36651195.0,17.11093333333333,15756.0
2019-10-21 13:30:00+00:00,17.22,17.3,16.88,16.92,25098795.0,17.08306666666667,9029.0
2019-10-21 16:00:00+00:00,16.91,16.98,16.68,16.9,29350785.0,16.84266666666667,9493.0
2019-10-22 13:30:00+00:00,16.95,17.02,16.72,16.97,19799925.0,16.9178,6975.0
2019-10-22 16:00:00+00:00,16.97,17.22,16.97,17.03,29675700.0,17.10233333333333,11497.0
2019-10-23 13:30:00+00:00,16.97,17.08,16.76,17.02,23522205.0,16.91353333333333,7686.0
2019-10-23 16:00:00+00:00,17.02,17.04,16.89,16.99,32571870.0,16.96606666666667,12686.0
2019-10-24 13:30:00+00:00,19.9,20.33,19.28,19.83,213931530.0,19.79986666666667,78836.0
2019-10-24 16:00:00+00:00,19.84,20.03,19.71,19.97,93779280.0,19.88273333333333,33868.0
2019-10-25 13:30:00+00:00,19.85,21.2,19.74,21.11,153744930.0,20.63566666666667,53372.0
2019-10-25 16:00:00+00:00,21.11,22.0,20.96,21.88,186516645.0,21.59693333333333,72456.0
2019-10-28 13:30:00+00:00,21.84,22.72,21.8,22.19,113849955.0,22.27946666666667,39202.0
2019-10-28 16:00:00+00:00,22.19,22.21,21.51,21.83,98423490.0,21.802,36916.0
2019-10-29 13:30:00+00:00,21.32,21.62,21.02,21.18,83986035.0,21.2958,29216.0
2019-10-29 16:00:00+00:00,21.18,21.39,20.98,21.08,60052155.0,21.17973333333333,22036.0
2019-10-30 13:30:00+00:00,20.89,21.25,20.66,20.84,61243305.0,20.91806666666667,20167.0
2019-10-30 16:00:00+00:00,20.84,21.05,20.71,20.99,42151200.0,20.89266666666667,14124.0
2019-10-31 13:30:00+00:00,20.87,21.27,20.87,20.99,32639610.0,21.05413333333333,10799.0
2019-10-31 16:00:00+00:00,20.99,21.12,20.93,21.01,22634640.0,21.0222,8180.0
2019-11-01 13:30:00+00:00,21.09,21.1,20.65,20.81,37180140.0,20.88013333333333,12142.0
2019-11-01 16:00:00+00:00,20.81,20.89,20.67,20.88,34332345.0,20.80093333333333,11529.0
2019-11-04 14:30:00+00:00,20.99,21.23,20.62,21.23,36124035.0,20.9148,11483.0
2019-11-04 16:00:00+00:00,21.22,21.46,21.16,21.33,51404910.0,21.30746666666667,15336.0
2019-11-04 20:00:00+00:00,21.35,21.35,21.14,21.16,16506360.0,21.21013333333333,5649.0
2019-11-05 14:30:00+00:00,21.31,21.57,21.07,21.37,32638860.0,21.35333333333333,9901.0
2019-11-05 16:00:00+00:00,21.37,21.42,21.13,21.13,26298585.0,21.25566666666667,9854.0
2019-11-05 20:00:00+00:00,21.14,21.27,21.13,21.14,11672340.0,21.19833333333333,4951.0
2019-11-06 14:30:00+00:00,21.18,21.38,21.04,21.05,19736745.0,21.2306,6322.0
2019-11-06 16:00:00+00:00,21.05,21.68,20.97,21.67,49105500.0,21.3438,16709.0
2019-11-06 20:00:00+00:00,21.67,21.78,21.64,21.78,23413290.0,21.72906666666667,9248.0
2019-11-07 14:30:00+00:00,21.94,22.7,21.87,22.67,74904300.0,22.31893333333333,25312.0
2019-11-07 16:00:00+00:00,22.66,22.77,22.36,22.42,73691625.0,22.59966666666667,26749.0
2019-11-07 20:00:00+00:00,22.42,22.49,22.34,22.36,17494560.0,22.41193333333333,6805.0
2019-11-08 14:30:00+00:00,22.3,22.5,22.17,22.37,30641640.0,22.33973333333333,10134.0
2019-11-08 16:00:00+00:00,22.36,22.44,22.28,22.33,24194730.0,22.36153333333333,8459.0
2019-11-08 20:00:00+00:00,22.33,22.5,22.33,22.47,14041395.0,22.43313333333333,5522.0
2019-11-11 14:30:00+00:00,22.93,23.18,22.8,23.12,52097130.0,23.02026666666667,16707.0
2019-11-11 16:00:00+00:00,23.11,23.28,22.94,23.04,48200085.0,23.1206,17673.0
2019-11-11 20:00:00+00:00,23.04,23.08,22.99,23.01,10783815.0,23.0246,4794.0
2019-11-12 14:30:00+00:00,23.12,23.28,22.94,23.22,34421010.0,23.11726666666667,11037.0
2019-11-12 16:00:00+00:00,23.23,23.3,22.97,23.07,28147050.0,23.13466666666667,10736.0
2019-11-12 20:00:00+00:00,23.07,23.36,23.07,23.33,19250190.0,23.25233333333333,7074.0
2019-11-13 14:30:00+00:00,23.65,23.76,23.48,23.49,41414145.0,23.61293333333333,12796.0
2019-11-13 16:00:00+00:00,23.49,23.54,23.2,23.29,36446400.0,23.37526666666667,12954.0
2019-11-13 20:00:00+00:00,23.29,23.31,23.01,23.07,12170535.0,23.13713333333333,4578.0
2019-11-14 14:30:00+00:00,23.1,23.27,22.86,23.09,20241900.0,23.06673333333333,7054.0
2019-11-14 16:00:00+00:00,23.08,23.59,23.06,23.25,39333255.0,23.34686666666667,13474.0
2019-11-14 20:00:00+00:00,23.25,23.35,23.21,23.29,6370425.0,23.2834,2550.0
2019-11-15 14:30:00+00:00,23.38,23.43,23.22,23.31,17885235.0,23.33593333333333,6063.0
2019-11-15 16:00:00+00:00,23.32,23.52,23.27,23.42,23510520.0,23.39106666666667,8456.0
2019-11-15 20:00:00+00:00,23.42,23.5,23.34,23.48,9873210.0,23.44613333333333,4149.0
2019-11-18 14:30:00+00:00,23.49,23.54,23.22,23.25,18330510.0,23.34966666666667,5940.0
2019-11-18 16:00:00+00:00,23.25,23.35,23.07,23.34,21960600.0,23.2148,7946.0
2019-11-18 20:00:00+00:00,23.34,23.39,23.29,23.33,5107830.0,23.3438,2190.0
2019-11-19 14:30:00+00:00,23.43,23.69,23.19,23.54,24500985.0,23.4552,7620.0
2019-11-19 16:00:00+00:00,23.55,23.99,23.55,23.96,48854040.0,23.8304,17412.0
2019-11-19 20:00:00+00:00,23.96,24.0,23.94,23.97,12104325.0,23.97513333333333,4965.0
2019-11-20 14:30:00+00:00,24.0,24.08,23.59,23.62,29097945.0,23.82566666666667,10244.0
2019-11-20 16:00:00+00:00,23.62,23.73,23.3,23.45,29516820.0,23.53073333333333,11316.0
2019-11-20 20:00:00+00:00,23.45,23.53,23.38,23.49,6850215.0,23.46093333333333,2814.0
2019-11-21 14:30:00+00:00,23.63,24.03,23.6,24.0,27197865.0,23.84553333333333,9111.0
2019-11-21 16:00:00+00:00,24.0,24.06,23.74,23.83,23574465.0,23.8882,8281.0
2019-11-21 20:00:00+00:00,23.84,23.84,23.6,23.66,9763515.0,23.69813333333333,3888.0
2019-11-22 14:30:00+00:00,22.68,22.73,22.0,22.29,95711940.0,22.25313333333333,33775.0
2019-11-22 16:00:00+00:00,22.29,22.38,22.12,22.17,62278785.0,22.25906666666667,24129.0
2019-11-22 20:00:00+00:00,22.17,22.3,22.14,22.2,17740725.0,22.21766666666667,7339.0
2019-11-25 14:30:00+00:00,22.95,22.97,22.46,22.46,56088315.0,22.71826666666667,17926.0
2019-11-25 16:00:00+00:00,22.46,22.57,22.3,22.34,53158275.0,22.465,17922.0
2019-11-25 20:00:00+00:00,22.33,22.45,22.33,22.42,15451365.0,22.39746666666667,6226.0
2019-11-26 14:30:00+00:00,22.35,22.37,22.05,22.15,29545170.0,22.1962,10435.0
2019-11-26 16:00:00+00:00,22.15,22.18,21.81,21.83,36315900.0,22.00926666666667,13607.0
2019-11-26 20:00:00+00:00,21.83,21.93,21.81,21.93,14627895.0,21.87466666666667,6250.0
2019-11-27 14:30:00+00:00,22.07,22.26,21.98,22.02,23756985.0,22.15173333333333,7850.0
2019-11-27 16:00:00+00:00,22.03,22.19,21.9,22.03,25459140.0,22.0068,8894.0
2019-11-27 20:00:00+00:00,22.03,22.09,22.0,22.07,9092175.0,22.06906666666667,3771.0
2019-11-29 14:30:00+00:00,22.07,22.08,21.83,22.02,15346950.0,21.941,5696.0
2019-11-29 16:00:00+00:00,22.02,22.04,21.96,22.0,9525795.0,21.99533333333333,4009.0
2019-12-02 14:30:00+00:00,21.96,22.4,21.91,22.22,27235860.0,22.24306666666667,9163.0
2019-12-02 16:00:00+00:00,22.22,22.43,22.16,22.29,28751460.0,22.322,10881.0
2019-12-02 20:00:00+00:00,22.29,22.37,22.27,22.32,7849725.0,22.32906666666667,3536.0
2019-12-03 14:30:00+00:00,22.17,22.41,22.15,22.34,27541215.0,22.30126666666667,9337.0
2019-12-03 16:00:00+00:00,22.33,22.53,22.29,22.46,30585810.0,22.3986,11778.0
2019-12-03 20:00:00+00:00,22.46,22.47,22.39,22.41,10471005.0,22.43033333333333,4577.0
2019-12-04 14:30:00+00:00,22.52,22.52,22.22,22.32,24233415.0,22.33246666666667,8502.0
2019-12-04 16:00:00+00:00,22.32,22.46,22.25,22.26,19182060.0,22.35113333333333,7262.0
2019-12-04 20:00:00+00:00,22.26,22.28,22.19,22.2,6671835.0,22.24273333333333,3018.0
2019-12-05 14:30:00+00:00,22.19,22.3,21.82,21.97,16759800.0,21.99766666666667,6135.0
2019-12-05 16:00:00+00:00,21.97,22.12,21.92,22.05,13926225.0,22.03226666666667,5675.0
2019-12-05 20:00:00+00:00,22.05,22.09,22.0,22.02,5853000.0,22.03813333333333,2918.0
2019-12-06 14:30:00+00:00,22.34,22.59,22.32,22.51,41973690.0,22.44206666666667,14328.0
2019-12-06 16:00:00+00:00,22.51,22.57,22.36,22.42,31063425.0,22.48453333333333,11165.0
2019-12-06 20:00:00+00:00,22.42,22.42,22.34,22.39,10669305.0,22.37586666666667,4545.0
2019-12-09 14:30:00+00:00,22.44,22.79,22.34,22.75,31989180.0,22.61146666666667,11513.0
2019-12-09 16:00:00+00:00,22.75,22.96,22.56,22.8,49300860.0,22.75933333333333,18776.0
2019-12-09 20:00:00+00:00,22.8,22.87,22.62,22.63,11408085.0,22.73253333333333,5084.0
2019-12-10 14:30:00+00:00,22.66,23.3,22.62,23.26,41879190.0,23.0464,13961.0
2019-12-10 16:00:00+00:00,23.26,23.38,23.11,23.21,38125650.0,23.26493333333333,14333.0
2019-12-10 20:00:00+00:00,23.21,23.26,23.14,23.26,12151170.0,23.20293333333333,5392.0
2019-12-11 14:30:00+00:00,23.46,23.81,23.41,23.61,39247005.0,23.66093333333333,13878.0
2019-12-11 16:00:00+00:00,23.61,23.74,23.55,23.68,21551085.0,23.6598,8514.0
2019-12-11 20:00:00+00:00,23.68,23.68,23.49,23.5,11702760.0,23.56186666666667,5113.0
2019-12-12 14:30:00+00:00,23.66,24.18,23.55,23.93,46165110.0,23.9416,15581.0
2019-12-12 16:00:00+00:00,23.93,24.04,23.84,23.98,25111590.0,23.94413333333333,10258.0
2019-12-12 20:00:00+00:00,23.98,24.01,23.86,23.98,12111480.0,23.93726666666667,5410.0
2019-12-13 14:30:00+00:00,24.07,24.35,23.92,23.98,33077730.0,24.1752,10987.0
2019-12-13 16:00:00+00:00,23.98,24.02,23.64,23.91,27157260.0,23.83433333333333,10224.0
2019-12-13 20:00:00+00:00,23.9,23.91,23.79,23.89,9717645.0,23.85706666666667,4208.0
2019-12-16 14:30:00+00:00,24.17,25.14,24.17,25.1,66842550.0,24.8004,24588.0
2019-12-16 16:00:00+00:00,25.1,25.57,24.97,25.25,94920435.0,25.30933333333333,36361.0
2019-12-16 20:00:00+00:00,25.25,25.46,25.05,25.43,23962485.0,25.26213333333333,10310.0
2019-12-17 14:30:00+00:00,25.27,25.7,25.22,25.34,43309395.0,25.41293333333333,14699.0
2019-12-17 16:00:00+00:00,25.34,25.39,25.06,25.26,32141280.0,25.25366666666667,11917.0
2019-12-17 20:00:00+00:00,25.26,25.31,25.23,25.26,8539395.0,25.26193333333333,3612.0
2019-12-18 14:30:00+00:00,25.37,25.88,25.37,25.76,50418105.0,25.70946666666667,17792.0
2019-12-18 16:00:00+00:00,25.76,26.33,25.71,26.26,67979985.0,25.9844,25393.0
2019-12-18 20:00:00+00:00,26.26,26.35,26.08,26.21,32309385.0,26.21386666666667,12761.0
2019-12-19 14:30:00+00:00,26.49,26.92,26.43,26.92,80221035.0,26.70386666666667,27346.0
2019-12-19 16:00:00+00:00,26.92,27.12,26.64,26.99,81749685.0,26.9132,28305.0
2019-12-19 20:00:00+00:00,26.99,27.09,26.84,26.93,25844700.0,26.94473333333333,10300.0
2019-12-20 14:30:00+00:00,27.35,27.53,26.78,26.85,66113025.0,27.14306666666667,23206.0
2019-12-20 16:00:00+00:00,26.86,27.17,26.68,26.98,59672145.0,26.96506666666667,21105.0
2019-12-20 20:00:00+00:00,26.98,27.05,26.89,27.04,21158715.0,26.9752,8915.0
2019-12-23 14:30:00+00:00,27.46,28.03,27.33,27.94,61535220.0,27.82146666666667,21433.0
2019-12-23 16:00:00+00:00,27.94,28.13,27.89,27.96,61304685.0,28.0132,23168.0
2019-12-23 20:00:00+00:00,27.96,28.03,27.83,27.95,18155625.0,27.91806666666667,7359.0
2019-12-24 14:30:00+00:00,27.89,28.11,27.51,27.88,48442725.0,27.84266666666667,16247.0
2019-12-24 16:00:00+00:00,27.89,28.36,27.84,28.35,38925315.0,28.1852,13078.0
2019-12-26 14:30:00+00:00,28.53,28.9,28.42,28.87,52408035.0,28.6674,18182.0
2019-12-26 16:00:00+00:00,28.87,28.88,28.46,28.72,48106050.0,28.68173333333333,16822.0
2019-12-26 20:00:00+00:00,28.72,28.79,28.66,28.72,14011830.0,28.721,5602.0
2019-12-27 14:30:00+00:00,29.0,29.02,28.41,28.6,47813685.0,28.69053333333333,16489.0
2019-12-27 16:00:00+00:00,28.6,28.87,28.56,28.69,42492675.0,28.72553333333333,14657.0
2019-12-27 20:00:00+00:00,28.69,28.7,28.59,28.68,14488410.0,28.64186666666667,5771.0
2019-12-30 14:30:00+00:00,28.59,28.6,27.28,27.54,66982995.0,27.70326666666667,25418.0
2019-12-30 16:00:00+00:00,27.54,28.07,27.51,27.66,55445175.0,27.826,20501.0
2019-12-30 20:00:00+00:00,27.67,27.67,27.53,27.64,13807110.0,27.60866666666667,5979.0
2019-12-31 14:30:00+00:00,27.01,28.09,26.81,28.08,53471655.0,27.62126666666667,18425.0
2019-12-31 16:00:00+00:00,28.09,28.09,27.76,28.0,40802505.0,27.9606,14255.0
2019-12-31 20:00:00+00:00,28.0,28.01,27.84,27.88,16197480.0,27.91346666666667,6579.0
2020-01-02 14:30:00+00:00,28.3,28.53,28.11,28.26,37788105.0,28.32946666666667,13147.0
2020-01-02 16:00:00+00:00,28.27,28.71,28.22,28.69,48755700.0,28.533,17927.0
2020-01-02 20:00:00+00:00,28.69,28.7,28.56,28.68,14237220.0,28.6532,6063.0
2020-01-03 14:30:00+00:00,29.37,30.27,29.13,29.95,92453625.0,29.82546666666667,34056.0
2020-01-03 16:00:00+00:00,29.95,30.01,29.39,29.72,68530410.0,29.7272,24853.0
2020-01-03 20:00:00+00:00,29.72,29.83,29.47,29.52,25099620.0,29.6386,9083.0
2020-01-06 14:30:00+00:00,29.36,29.81,29.33,29.72,46465650.0,29.58446666666667,15339.0
2020-01-06 16:00:00+00:00,29.72,30.03,29.53,29.98,45379140.0,29.75813333333333,14914.0
2020-01-06 20:00:00+00:00,29.98,30.1,29.9,30.09,16770675.0,30.00626666666667,6706.0
2020-01-07 14:30:00+00:00,30.75,30.8,30.22,30.52,63483120.0,30.5912,21368.0
2020-01-07 16:00:00+00:00,30.53,31.42,30.45,31.39,98553825.0,31.05266666666667,35738.0
2020-01-07 20:00:00+00:00,31.39,31.44,31.18,31.28,25449615.0,31.3302,9778.0
2020-01-08 14:30:00+00:00,31.59,31.72,31.22,31.46,71970360.0,31.49746666666667,24772.0
2020-01-08 16:00:00+00:00,31.46,33.23,31.4,32.55,212764485.0,32.56446666666667,76431.0
2020-01-08 20:00:00+00:00,32.55,33.09,32.54,32.81,47537160.0,32.8702,17996.0
2020-01-09 14:30:00+00:00,33.14,33.25,32.2,32.48,115257615.0,32.76286666666667,41827.0
2020-01-09 16:00:00+00:00,32.48,32.61,31.52,32.14,139972170.0,32.08906666666667,50981.0
2020-01-09 20:00:00+00:00,32.14,32.45,31.97,32.1,35880885.0,32.17506666666667,13451.0
2020-01-10 14:30:00+00:00,32.11,32.33,31.58,32.05,58014510.0,32.02053333333333,20637.0
2020-01-10 16:00:00+00:00,32.06,32.09,31.61,31.95,55131090.0,31.86246666666667,19452.0
2020-01-10 20:00:00+00:00,31.95,31.98,31.65,31.86,21696900.0,31.79393333333333,9047.0
2020-01-13 14:30:00+00:00,32.92,33.69,32.8,33.56,93913185.0,33.413,31929.0
2020-01-13 16:00:00+00:00,33.57,34.66,33.53,34.52,136829865.0,34.28153333333333,47973.0
2020-01-13 20:00:00+00:00,34.52,35.04,34.39,34.99,53484825.0,34.76673333333333,21059.0
2020-01-14 14:30:00+00:00,36.28,36.49,34.99,35.62,135293235.0,35.789,50591.0
2020-01-14 16:00:00+00:00,35.6,36.45,35.38,36.04,124725840.0,35.92833333333333,45344.0
2020-01-14 20:00:00+00:00,36.04,36.18,35.78,35.87,31497165.0,35.984,11479.0
2020-01-15 14:30:00+00:00,35.29,35.86,34.89,35.43,72617055.0,35.43366666666667,26429.0
2020-01-15 16:00:00+00:00,35.44,35.63,35.08,35.22,70865835.0,35.39953333333333,25606.0
2020-01-15 20:00:00+00:00,35.22,35.27,34.45,34.57,35948295.0,34.77953333333333,14577.0
2020-01-16 14:30:00+00:00,32.93,33.96,32.81,33.29,91166865.0,33.38493333333333,32854.0
2020-01-16 16:00:00+00:00,33.27,34.3,33.13,33.99,97317315.0,33.76086666666667,36141.0
2020-01-16 20:00:00+00:00,33.98,34.28,33.77,34.23,27082995.0,34.04686666666667,10800.0
2020-01-17 14:30:00+00:00,33.83,34.38,33.83,34.19,52147020.0,34.11706666666667,17206.0
2020-01-17 16:00:00+00:00,34.19,34.28,33.54,33.98,67553700.0,33.88853333333333,24271.0
2020-01-17 20:00:00+00:00,33.98,34.04,33.86,34.01,18140385.0,33.96486666666667,7220.0
2020-01-21 14:30:00+00:00,35.35,36.39,35.23,36.06,80300910.0,35.97226666666667,31156.0
2020-01-21 16:00:00+00:00,36.06,36.42,36.01,36.42,62109480.0,36.1778,23388.0
2020-01-21 20:00:00+00:00,36.4,36.57,36.18,36.49,33255735.0,36.4244,13456.0
2020-01-22 14:30:00+00:00,38.1,38.83,37.42,38.68,101702805.0,38.16206666666667,38932.0
2020-01-22 16:00:00+00:00,38.68,39.63,37.54,37.82,164071230.0,38.88506666666667,62735.0
2020-01-22 20:00:00+00:00,37.83,38.12,37.27,37.96,41511840.0,37.76373333333333,16459.0
2020-01-23 14:30:00+00:00,37.59,38.8,37.04,38.09,93975405.0,38.06426666666667,35160.0
2020-01-23 16:00:00+00:00,38.1,38.42,37.45,38.22,79592265.0,37.91046666666667,30981.0
2020-01-23 20:00:00+00:00,38.23,38.27,38.01,38.13,18967575.0,38.13406666666667,8011.0
2020-01-24 14:30:00+00:00,38.08,38.26,37.42,37.54,51314535.0,37.7726,19100.0
2020-01-24 16:00:00+00:00,37.55,37.85,36.95,37.49,68342880.0,37.42386666666667,25899.0
2020-01-24 20:00:00+00:00,37.49,37.68,37.24,37.67,20272290.0,37.43946666666667,8360.0
2020-01-27 14:30:00+00:00,36.13,36.82,35.95,36.26,47481060.0,36.4458,16973.0
2020-01-27 16:00:00+00:00,36.26,37.63,36.1,37.1,66668850.0,37.02093333333333,25188.0
2020-01-27 20:00:00+00:00,37.09,37.29,36.93,37.17,14368560.0,37.117,6148.0
2020-01-28 14:30:00+00:00,37.9,38.45,37.43,37.48,51430440.0,37.8996,17507.0
2020-01-28 16:00:00+00:00,37.48,37.82,37.21,37.75,51960495.0,37.53166666666667,18361.0
2020-01-28 20:00:00+00:00,37.74,37.89,37.62,37.79,14602725.0,37.7946,5898.0
2020-01-29 14:30:00+00:00,38.38,38.41,37.83,38.04,35324505.0,38.1296,12506.0
2020-01-29 16:00:00+00:00,38.03,39.17,38.03,38.93,67297485.0,38.5666,25273.0
2020-01-29 20:00:00+00:00,38.95,39.32,38.5,38.73,33941310.0,38.95193333333333,14065.0
2020-01-30 14:30:00+00:00,42.16,43.39,41.2,42.49,121097655.0,42.6804,46747.0
2020-01-30 16:00:00+00:00,42.5,43.27,42.22,42.56,103296030.0,42.90913333333333,42249.0
2020-01-30 20:00:00+00:00,42.58,43.09,42.52,42.73,28138005.0,42.8216,12174.0
2020-01-31 14:30:00+00:00,42.67,43.11,42.2,42.32,49845270.0,42.5758,18346.0
2020-01-31 16:00:00+00:00,42.31,43.09,42.17,42.94,70319625.0,42.7434,27421.0
2020-01-31 20:00:00+00:00,42.94,43.53,42.86,43.37,30508095.0,43.19673333333333,13212.0
2020-02-03 14:30:00+00:00,44.91,49.01,44.9,48.18,155714940.0,47.18646666666667,61409.0
2020-02-03 16:00:00+00:00,48.15,52.41,48.07,50.38,234058695.0,49.8924,89228.0
2020-02-03 20:00:00+00:00,50.37,52.22,50.25,52.02,65982765.0,51.3036,27872.0
2020-02-04 14:30:00+00:00,58.85,62.68,55.59,59.73,219952740.0,59.35606666666667,82564.0
2020-02-04 16:00:00+00:00,59.73,63.2,58.89,63.01,184135170.0,61.0356,72335.0
2020-02-04 20:00:00+00:00,63.02,64.6,57.33,59.18,95490330.0,61.96606666666667,44142.0
2020-02-05 14:30:00+00:00,54.88,56.4,49.8,50.76,194729490.0,52.5554,74609.0
2020-02-05 16:00:00+00:00,50.73,52.4,46.94,49.16,181884255.0,49.314,69233.0
2020-02-05 20:00:00+00:00,49.18,50.33,47.67,48.98,65186175.0,49.08366666666667,27141.0
2020-02-06 14:30:00+00:00,46.66,51.4,45.8,50.79,156366210.0,48.6382,59796.0
2020-02-06 16:00:00+00:00,50.75,53.06,49.07,49.88,175370985.0,51.19893333333333,67711.0
2020-02-06 20:00:00+00:00,49.9,50.5,48.53,49.9,39515865.0,49.635,15323.0
2020-02-07 14:30:00+00:00,48.7,51.32,48.67,49.86,67259820.0,49.9522,24459.0
2020-02-07 16:00:00+00:00,49.86,50.59,48.8,49.85,70385370.0,49.7002,26819.0
2020-02-07 20:00:00+00:00,49.85,49.97,49.38,49.87,22015065.0,49.69073333333333,8893.0
2020-02-10 14:30:00+00:00,53.36,54.67,50.49,50.92,97194720.0,52.82453333333333,36683.0
2020-02-10 16:00:00+00:00,50.9,51.93,50.16,51.77,94663755.0,51.0006,35438.0
2020-02-10 20:00:00+00:00,51.76,52.37,50.91,51.39,36259365.0,51.7078,13883.0
2020-02-11 14:30:00+00:00,51.26,51.87,50.53,51.5,45792285.0,51.3174,17209.0
2020-02-11 16:00:00+00:00,51.5,52.23,51.21,51.32,51017205.0,51.75233333333333,18206.0
2020-02-11 20:00:00+00:00,51.3,51.7,51.18,51.6,13498650.0,51.47726666666667,5364.0
2020-02-12 14:30:00+00:00,51.86,52.65,51.48,51.79,40399680.0,52.05106666666667,14856.0
2020-02-12 16:00:00+00:00,51.81,52.2,50.89,51.1,49124910.0,51.62386666666667,19576.0
2020-02-12 20:00:00+00:00,51.12,51.59,51.0,51.16,19647540.0,51.30286666666667,7917.0
2020-02-13 14:30:00+00:00,49.44,52.36,49.0,52.14,73654185.0,50.98746666666667,27145.0
2020-02-13 16:00:00+00:00,52.13,54.53,51.86,53.49,147318435.0,53.40893333333333,58252.0
2020-02-13 20:00:00+00:00,53.49,53.87,52.91,53.59,25649970.0,53.4634,10591.0
2020-02-14 14:30:00+00:00,52.49,54.13,52.37,53.9,67504650.0,53.48353333333333,26378.0
2020-02-14 16:00:00+00:00,53.91,54.2,53.11,53.3,58436175.0,53.58866666666667,23603.0
2020-02-14 20:00:00+00:00,53.29,53.55,52.84,53.33,19913715.0,53.2674,8730.0
2020-02-18 14:30:00+00:00,56.11,57.33,55.49,56.48,68372880.0,56.6142,26008.0
2020-02-18 16:00:00+00:00,56.45,57.04,55.9,56.93,54177780.0,56.51246666666667,20537.0
2020-02-18 20:00:00+00:00,56.92,57.33,56.68,57.24,25374150.0,57.11986666666667,10414.0
2020-02-19 14:30:00+00:00,61.55,62.59,60.1,62.14,94199130.0,61.3776,36479.0
2020-02-19 16:00:00+00:00,62.14,62.99,60.67,60.96,103784730.0,61.80553333333333,40675.0
2020-02-19 20:00:00+00:00,60.98,61.28,60.07,61.13,36744255.0,60.78146666666667,15027.0
2020-02-20 14:30:00+00:00,60.77,60.8,59.41,60.15,45102495.0,60.27693333333333,17457.0
2020-02-20 16:00:00+00:00,60.14,60.27,57.33,59.36,101767950.0,58.88153333333333,41437.0
2020-02-20 20:00:00+00:00,59.36,60.05,58.86,59.95,26825850.0,59.67193333333333,11466.0
2020-02-21 14:30:00+00:00,60.47,60.87,58.7,59.51,50453190.0,59.55733333333333,19318.0
2020-02-21 16:00:00+00:00,59.5,60.23,58.88,59.8,67089060.0,59.60246666666667,25550.0
2020-02-21 20:00:00+00:00,59.78,60.13,59.43,60.07,21619890.0,59.8614,9159.0
2020-02-24 14:30:00+00:00,55.89,57.57,54.81,56.79,57001935.0,56.616,23178.0
2020-02-24 16:00:00+00:00,56.74,56.79,54.9,56.27,61082820.0,55.76686666666667,24578.0
2020-02-24 20:00:00+00:00,56.27,56.53,55.52,55.54,19770075.0,56.0204,8550.0
2020-02-25 14:30:00+00:00,56.63,57.11,52.75,53.46,65421210.0,54.923,24539.0
2020-02-25 16:00:00+00:00,53.44,54.5,52.47,53.25,77180325.0,53.4738,28686.0
2020-02-25 20:00:00+00:00,53.25,53.8,52.81,53.27,19929780.0,53.28453333333333,7634.0
2020-02-26 14:30:00+00:00,52.2,53.67,51.88,53.38,46721325.0,52.76393333333333,16935.0
2020-02-26 16:00:00+00:00,53.4,54.22,51.74,52.27,63792165.0,52.9644,22935.0
2020-02-26 20:00:00+00:00,52.3,52.47,51.81,51.92,16143990.0,52.06286666666667,6237.0
2020-02-27 14:30:00+00:00,48.72,49.32,44.6,47.32,103946685.0,47.01706666666667,39824.0
2020-02-27 16:00:00+00:00,47.38,48.59,45.5,45.5,99427140.0,47.20206666666667,37088.0
2020-02-27 20:00:00+00:00,45.52,46.66,45.07,45.26,30928890.0,45.69933333333333,12929.0
2020-02-28 14:30:00+00:00,41.87,43.53,40.77,42.41,78506820.0,42.1016,31666.0
2020-02-28 16:00:00+00:00,42.4,46.03,41.76,43.11,123785370.0,43.50953333333333,49694.0
2020-02-28 20:00:00+00:00,43.08,44.87,42.47,44.5,36269100.0,43.58553333333333,15474.0
2020-03-02 14:30:00+00:00,47.43,48.27,45.78,46.55,73165695.0,46.89813333333333,29132.0
2020-03-02 16:00:00+00:00,46.54,49.25,46.53,48.13,93405645.0,48.2258,37228.0
2020-03-02 20:00:00+00:00,48.13,49.58,48.09,49.58,23345325.0,48.8084,10025.0
2020-03-03 14:30:00+00:00,53.67,53.8,50.89,52.25,90765030.0,52.30653333333333,34141.0
2020-03-03 16:00:00+00:00,52.19,52.43,47.74,49.69,108870345.0,49.9602,42112.0
2020-03-03 20:00:00+00:00,49.67,50.6,49.18,49.7,31550940.0,49.91706666666667,12501.0
2020-03-04 14:30:00+00:00,50.97,51.1,49.07,49.63,54383865.0,50.0092,21075.0
2020-03-04 16:00:00+00:00,49.61,50.19,48.32,48.83,70112370.0,49.31173333333333,27932.0
2020-03-04 20:00:00+00:00,48.83,49.97,48.81,49.97,19633200.0,49.4268,8590.0
2020-03-05 14:30:00+00:00,48.25,49.59,47.87,49.24,42071940.0,48.74733333333333,16534.0
2020-03-05 16:00:00+00:00,49.22,49.72,48.35,48.51,43030185.0,48.9286,16673.0
2020-03-05 20:00:00+00:00,48.48,48.57,47.98,48.24,17204160.0,48.24826666666667,7322.0
2020-03-06 14:30:00+00:00,46.12,47.07,45.62,46.82,51778560.0,46.43406666666667,20659.0
2020-03-06 16:00:00+00:00,46.82,46.84,45.71,46.05,42199920.0,46.1238,16816.0
2020-03-06 20:00:00+00:00,46.05,47.13,45.96,46.89,22096230.0,46.6236,9873.0
2020-03-09 13:30:00+00:00,40.36,44.2,40.33,42.46,86594910.0,42.23646666666667,34627.0
2020-03-09 16:00:00+00:00,42.44,42.8,40.43,40.43,75133305.0,41.57413333333333,31293.0
2020-03-10 13:30:00+00:00,44.0,44.53,40.53,41.4,89396550.0,42.52873333333333,34893.0
2020-03-10 16:00:00+00:00,41.41,43.27,41.41,43.0,63658260.0,42.41666666666667,26480.0
2020-03-11 13:30:00+00:00,42.68,43.57,42.01,42.57,59152365.0,42.68826666666667,23349.0
2020-03-11 16:00:00+00:00,42.59,43.23,40.87,42.26,75408435.0,41.99793333333333,30837.0
2020-03-12 13:30:00+00:00,38.7,39.2,36.42,36.73,90979800.0,37.81373333333333,34736.0
2020-03-12 16:00:00+00:00,36.7,39.63,36.53,37.07,92772540.0,37.50606666666667,37797.0
2020-03-13 13:30:00+00:00,39.67,40.5,33.47,34.58,117574650.0,36.6768,48296.0
2020-03-13 16:00:00+00:00,34.58,36.41,33.57,36.41,108392880.0,35.0498,44858.0
2020-03-16 13:30:00+00:00,31.23,32.99,29.48,31.97,114722490.0,31.10846666666667,43953.0
2020-03-16 16:00:00+00:00,31.99,32.6,29.53,29.67,92836305.0,30.96753333333333,38338.0
2020-03-17 13:30:00+00:00,29.33,30.52,26.4,30.14,131341170.0,28.1656,52222.0
2020-03-17 16:00:00+00:00,30.1,31.46,27.72,28.67,120390210.0,29.11506666666667,48566.0
2020-03-18 13:30:00+00:00,25.95,26.99,25.22,25.88,114007155.0,26.00626666666667,43652.0
2020-03-18 16:00:00+00:00,25.89,25.89,23.37,24.11,137898210.0,24.16673333333333,55536.0
2020-03-19 13:30:00+00:00,24.98,28.99,23.9,27.13,170822580.0,26.84726666666667,62694.0
2020-03-19 16:00:00+00:00,27.13,30.13,26.87,28.49,142599660.0,28.63213333333333,56054.0
2020-03-20 13:30:00+00:00,29.25,31.8,28.39,30.28,170105115.0,30.03813333333333,64904.0
2020-03-20 16:00:00+00:00,30.28,30.38,28.4,28.5,122468505.0,29.20573333333333,50492.0
2020-03-23 13:30:00+00:00,28.9,29.47,27.37,28.2,87354345.0,28.3006,32735.0
2020-03-23 16:00:00+00:00,28.19,29.34,27.83,28.95,82242525.0,28.6698,31429.0
2020-03-24 13:30:00+00:00,31.81,34.08,31.6,33.8,132551355.0,32.89106666666667,51698.0
2020-03-24 16:00:00+00:00,33.78,34.25,32.68,33.65,93361890.0,33.52993333333333,39033.0
2020-03-25 13:30:00+00:00,36.33,37.13,34.07,36.11,114049890.0,35.61573333333333,46407.0
2020-03-25 16:00:00+00:00,36.11,36.93,35.56,35.95,89607495.0,36.3924,37848.0
2020-03-26 13:30:00+00:00,36.49,37.33,35.53,35.92,78904380.0,36.3742,31965.0
2020-03-26 16:00:00+00:00,35.93,36.0,34.15,35.2,92410395.0,34.8478,39136.0
2020-03-27 13:30:00+00:00,33.67,34.04,32.94,33.39,60996585.0,33.41406666666667,25286.0
2020-03-27 16:00:00+00:00,33.38,35.05,33.27,34.3,78379860.0,34.20066666666667,32912.0
2020-03-30 13:30:00+00:00,34.02,34.39,32.75,33.98,57909840.0,33.51926666666667,23260.0
2020-03-30 16:00:00+00:00,33.98,34.44,33.33,33.47,55572735.0,33.7778,23343.0
2020-03-31 13:30:00+00:00,33.42,35.97,33.13,35.87,88553325.0,35.0996,35330.0
2020-03-31 16:00:00+00:00,35.87,36.2,33.95,34.97,85247100.0,35.08286666666667,35342.0
2020-04-01 13:30:00+00:00,33.6,34.26,33.4,33.45,52343190.0,33.75573333333333,21587.0
2020-04-01 16:00:00+00:00,33.47,33.48,31.67,32.11,78488820.0,32.4882,33344.0
2020-04-02 13:30:00+00:00,32.09,32.95,31.14,32.0,69739650.0,32.0018,27321.0
2020-04-02 16:00:00+00:00,32.0,32.17,29.76,30.3,93037245.0,30.6434,41521.0
2020-04-03 13:30:00+00:00,33.99,34.37,32.17,32.41,126706965.0,33.01373333333333,47669.0
2020-04-03 16:00:00+00:00,32.41,32.56,31.23,32.0,99769455.0,31.80513333333333,38250.0
2020-04-06 13:30:00+00:00,34.08,34.73,33.2,33.77,82427265.0,33.95413333333333,32233.0
2020-04-06 16:00:00+00:00,33.78,34.57,33.7,34.42,58135710.0,34.04533333333333,24352.0
2020-04-07 13:30:00+00:00,36.33,37.67,35.49,36.63,101073870.0,36.5018,40293.0
2020-04-07 16:00:00+00:00,36.63,37.45,36.06,36.36,78951390.0,36.76573333333333,32554.0
2020-04-08 13:30:00+00:00,36.93,37.15,35.56,36.36,75378195.0,36.374,30015.0
2020-04-08 16:00:00+00:00,36.37,36.76,36.14,36.58,55191885.0,36.4674,23467.0
2020-04-09 13:30:00+00:00,37.49,38.35,37.14,37.95,75756540.0,37.77213333333333,31179.0
2020-04-09 16:00:00+00:00,37.94,38.3,37.61,38.2,55891545.0,37.9952,24324.0
2020-04-13 13:30:00+00:00,39.41,41.44,38.7,41.11,99022305.0,39.99673333333333,38389.0
2020-04-13 16:00:00+00:00,41.12,43.47,41.03,43.4,121407390.0,42.3884,48582.0
2020-04-14 13:30:00+00:00,46.59,49.46,46.16,48.64,172506000.0,48.1766,68309.0
2020-04-14 16:00:00+00:00,48.65,49.25,46.85,47.32,109981110.0,48.2574,42842.0
2020-04-15 13:30:00+00:00,49.47,50.21,47.33,47.95,123345075.0,49.029,51214.0
2020-04-15 16:00:00+00:00,47.92,49.13,47.87,48.64,92910285.0,48.54726666666667,39530.0
2020-04-16 13:30:00+00:00,47.8,50.63,47.11,50.12,111356970.0,48.88373333333333,43620.0
2020-04-16 16:00:00+00:00,50.11,50.23,48.8,49.71,88379010.0,49.412,36632.0
2020-04-17 13:30:00+00:00,51.51,51.66,50.09,50.89,68493870.0,50.81513333333333,27185.0
2020-04-17 16:00:00+00:00,50.9,50.97,49.84,50.24,56193600.0,50.3124,23688.0
2020-04-20 13:30:00+00:00,48.85,51.04,47.48,50.5,86346555.0,49.7014,32735.0
2020-04-20 16:00:00+00:00,50.5,50.55,49.67,49.76,61851810.0,50.1676,24648.0
2020-04-21 13:30:00+00:00,48.71,50.22,44.92,46.27,109343415.0,47.74806666666667,41866.0
2020-04-21 16:00:00+00:00,46.25,47.52,45.62,45.78,87466815.0,46.59466666666667,33298.0
2020-04-22 13:30:00+00:00,46.88,47.51,45.91,46.7,63672255.0,46.77966666666667,24829.0
2020-04-22 16:00:00+00:00,46.72,48.93,46.44,48.79,74410005.0,47.79553333333333,32111.0
2020-04-23 13:30:00+00:00,48.5,48.93,47.61,48.31,66610680.0,48.41933333333333,25663.0
2020-04-23 16:00:00+00:00,48.33,48.57,46.88,47.03,65942190.0,47.701,27247.0
2020-04-24 13:30:00+00:00,47.39,47.98,46.57,47.25,65554005.0,47.29526666666667,25491.0
2020-04-24 16:00:00+00:00,47.25,48.72,47.14,48.33,68178090.0,47.9614,28563.0
2020-04-27 13:30:00+00:00,49.16,53.3,49.0,52.57,112490385.0,51.9736,40068.0
2020-04-27 16:00:00+00:00,52.56,53.27,51.99,53.26,79907325.0,52.64793333333333,30251.0
2020-04-28 13:30:00+00:00,53.0,53.67,50.45,51.47,93456720.0,51.821,37531.0
2020-04-28 16:00:00+00:00,51.48,52.17,50.93,51.27,56101035.0,51.67493333333333,23505.0
2020-04-29 13:30:00+00:00,52.68,53.4,52.21,52.25,61360410.0,52.8212,24689.0
2020-04-29 16:00:00+00:00,52.26,53.55,52.26,53.32,63021645.0,52.9666,27007.0
2020-04-30 13:30:00+00:00,57.01,57.99,54.13,55.48,119416455.0,56.12206666666667,46720.0
2020-04-30 16:00:00+00:00,55.49,55.52,50.9,52.08,140435925.0,52.66713333333333,55007.0
2020-05-01 13:30:00+00:00,50.33,51.52,45.54,46.74,158663835.0,48.8604,63881.0
2020-05-01 16:00:00+00:00,46.77,48.15,45.73,46.75,161589510.0,47.09746666666667,62061.0
2020-05-04 13:30:00+00:00,46.73,49.92,46.53,49.33,104343510.0,48.84846666666667,41508.0
2020-05-04 16:00:00+00:00,49.33,50.8,48.47,50.75,80324895.0,49.57546666666667,31665.0
2020-05-05 13:30:00+00:00,52.67,53.26,50.81,51.87,101429205.0,52.08246666666667,38938.0
2020-05-05 16:00:00+00:00,51.87,52.41,50.93,51.2,68719170.0,51.66433333333333,26594.0
2020-05-06 13:30:00+00:00,51.76,52.08,50.74,51.45,53048760.0,51.50813333333333,20671.0
2020-05-06 16:00:00+00:00,51.46,52.65,51.36,52.16,57078765.0,52.116,23475.0
2020-05-07 13:30:00+00:00,51.82,53.09,51.49,51.88,60950430.0,52.16006666666667,22293.0
2020-05-07 16:00:00+00:00,51.88,52.7,51.78,52.01,54681435.0,52.26113333333333,21065.0
2020-05-08 13:30:00+00:00,52.92,54.93,52.47,54.8,91293210.0,54.02593333333333,35288.0
2020-05-08 16:00:00+00:00,54.8,54.86,54.22,54.62,64230750.0,54.58053333333333,26833.0
2020-05-11 13:30:00+00:00,52.73,54.6,52.33,54.53,88818195.0,53.5944,33095.0
2020-05-11 16:00:00+00:00,54.51,54.93,53.72,54.03,74814870.0,54.25213333333333,29877.0
2020-05-12 13:30:00+00:00,55.13,56.22,54.61,55.92,78423000.0,55.57446666666667,29408.0
2020-05-12 16:00:00+00:00,55.91,56.0,53.87,53.95,77412525.0,55.0518,29173.0
2020-05-13 13:30:00+00:00,54.69,55.07,52.01,52.6,85543260.0,53.83526666666667,31033.0
2020-05-13 16:00:00+00:00,52.58,53.03,50.89,52.71,106462695.0,52.12886666666667,39242.0
2020-05-14 13:30:00+00:00,51.96,52.81,50.93,52.02,71611680.0,51.84166666666667,27072.0
2020-05-14 16:00:00+00:00,52.02,53.56,51.87,53.54,57518925.0,52.80493333333333,22953.0
2020-05-15 13:30:00+00:00,52.69,53.67,52.44,52.99,54778545.0,53.08766666666667,18758.0
2020-05-15 16:00:00+00:00,52.96,53.6,52.93,53.27,48949755.0,53.3186,18830.0
2020-05-18 13:30:00+00:00,55.2,55.65,53.94,54.32,60686790.0,54.7908,21531.0
2020-05-18 16:00:00+00:00,54.32,54.47,53.59,54.23,52142100.0,54.0666,20255.0
2020-05-19 13:30:00+00:00,54.34,54.69,53.74,54.27,50352345.0,54.23533333333333,18231.0
2020-05-19 16:00:00+00:00,54.26,54.8,53.87,53.87,45937080.0,54.4018,17155.0
2020-05-20 13:30:00+00:00,54.67,55.07,54.3,54.62,40272030.0,54.64566666666667,14997.0
2020-05-20 16:00:00+00:00,54.61,54.65,54.12,54.36,28224885.0,54.3024,11062.0
2020-05-21 13:30:00+00:00,54.4,54.73,53.07,53.53,50228160.0,53.83073333333333,18989.0
2020-05-21 16:00:00+00:00,53.5,55.5,53.5,55.17,71262465.0,54.6448,26554.0
2020-05-22 13:30:00+00:00,54.9,55.45,54.4,54.69,47000640.0,54.797,16563.0
2020-05-22 16:00:00+00:00,54.7,55.39,54.13,54.43,53616195.0,54.83333333333333,20248.0
2020-05-26 13:30:00+00:00,55.59,55.64,54.38,54.52,40890135.0,54.9336,15526.0
2020-05-26 16:00:00+00:00,54.56,55.05,54.43,54.58,33272925.0,54.70586666666667,13195.0
2020-05-27 13:30:00+00:00,54.72,55.18,52.33,53.63,64055415.0,53.57153333333333,24744.0
2020-05-27 16:00:00+00:00,53.64,54.83,53.5,54.67,48339480.0,54.22106666666667,18347.0
2020-05-28 13:30:00+00:00,54.24,54.75,53.79,54.65,33361470.0,54.3572,12742.0
2020-05-28 16:00:00+00:00,54.65,54.98,53.45,53.73,37810860.0,54.32893333333333,14790.0
2020-05-29 13:30:00+00:00,53.92,54.67,53.61,54.47,40203420.0,54.08806666666667,15348.0
2020-05-29 16:00:00+00:00,54.47,55.67,54.18,55.61,69785835.0,54.89186666666667,28419.0
2020-06-01 13:30:00+00:00,57.15,58.96,56.94,58.69,78951360.0,58.23006666666667,29652.0
2020-06-01 16:00:00+00:00,58.69,59.93,58.47,59.86,57744570.0,59.18073333333333,22601.0
2020-06-02 13:30:00+00:00,59.65,60.58,58.07,58.93,78255120.0,59.34013333333333,28455.0
2020-06-02 16:00:00+00:00,58.91,59.81,58.68,58.76,50065170.0,59.26513333333333,18136.0
2020-06-03 13:30:00+00:00,59.21,59.86,58.68,59.31,43431060.0,59.40053333333333,15270.0
2020-06-03 16:00:00+00:00,59.3,59.32,58.67,58.83,34236495.0,58.99326666666667,13012.0
2020-06-04 13:30:00+00:00,59.33,59.72,58.3,58.68,43017900.0,59.17773333333333,15432.0
2020-06-04 16:00:00+00:00,58.68,59.0,57.23,57.62,43978635.0,58.10486666666667,16752.0
2020-06-05 13:30:00+00:00,58.54,58.73,57.75,58.25,36135705.0,58.28706666666667,13278.0
2020-06-05 16:00:00+00:00,58.27,59.1,58.16,59.04,38212500.0,58.69953333333333,15468.0
2020-06-08 13:30:00+00:00,61.2,62.23,60.61,61.65,68192700.0,61.50086666666667,24218.0
2020-06-08 16:00:00+00:00,61.65,63.33,61.6,63.28,65586705.0,62.49253333333333,25441.0
2020-06-09 13:30:00+00:00,62.68,63.63,61.6,62.74,62507730.0,62.59766666666667,22563.0
2020-06-09 16:00:00+00:00,62.76,63.6,62.5,62.73,48719595.0,63.09026666666667,18820.0
2020-06-10 13:30:00+00:00,66.13,67.87,65.5,67.83,96755595.0,66.67353333333332,38500.0
2020-06-10 16:00:00+00:00,67.84,68.5,66.94,68.34,65311200.0,67.7486,26557.0
2020-06-11 13:30:00+00:00,65.98,67.93,65.54,66.68,73273710.0,66.676,27664.0
2020-06-11 16:00:00+00:00,66.66,66.67,64.8,64.86,74169750.0,65.6236,28204.0
2020-06-12 13:30:00+00:00,65.3,65.87,61.9,63.35,86074080.0,63.7758,32194.0
2020-06-12 16:00:00+00:00,63.38,63.53,60.84,62.34,69407580.0,62.06093333333333,27750.0
2020-06-15 13:30:00+00:00,61.19,63.54,60.57,62.96,59706105.0,62.40753333333333,21619.0
2020-06-15 16:00:00+00:00,62.98,66.59,62.9,66.05,88335660.0,65.18393333333333,32834.0
2020-06-16 13:30:00+00:00,67.46,67.53,64.16,65.0,72140280.0,65.99626666666667,26059.0
2020-06-16 16:00:00+00:00,65.02,66.33,64.56,65.43,56614035.0,65.49573333333333,19982.0
2020-06-17 13:30:00+00:00,65.85,66.63,65.5,66.48,45242085.0,66.12733333333333,16408.0
2020-06-17 16:00:00+00:00,66.49,67.0,65.76,66.04,49090830.0,66.39886666666666,18203.0
2020-06-18 13:30:00+00:00,66.82,67.95,66.3,66.33,51814320.0,67.17066666666668,18685.0
2020-06-18 16:00:00+00:00,66.33,67.04,66.33,66.93,41363490.0,66.703,15050.0
2020-06-19 13:30:00+00:00,67.48,67.73,66.6,66.75,33890745.0,67.14866666666667,12437.0
2020-06-19 16:00:00+00:00,66.75,66.82,66.09,66.7,42214455.0,66.54326666666667,16393.0
2020-06-22 13:30:00+00:00,66.65,67.26,66.0,66.41,38137275.0,66.62246666666667,13181.0
2020-06-22 16:00:00+00:00,66.42,66.73,66.22,66.3,23475330.0,66.4812,9546.0
2020-06-23 13:30:00+00:00,66.59,67.47,66.27,67.17,32218740.0,66.98513333333332,11480.0
2020-06-23 16:00:00+00:00,67.19,67.22,66.43,66.78,28561740.0,66.7662,9464.0
2020-06-24 13:30:00+00:00,66.32,66.73,63.54,64.35,61989660.0,64.95673333333333,22486.0
2020-06-24 16:00:00+00:00,64.34,64.72,63.79,64.05,42332100.0,64.28193333333333,16857.0
2020-06-25 13:30:00+00:00,63.61,64.52,62.48,64.34,46115865.0,63.5836,16426.0
2020-06-25 16:00:00+00:00,64.37,65.73,64.35,65.73,41533770.0,64.998,16269.0
2020-06-26 13:30:00+00:00,66.32,66.33,64.13,64.9,43105455.0,65.04433333333333,15552.0
2020-06-26 16:00:00+00:00,64.88,64.92,63.66,64.01,32126055.0,64.3098,13832.0
2020-06-29 13:30:00+00:00,64.6,65.99,63.23,65.72,40286685.0,64.88273333333333,15104.0
2020-06-29 16:00:00+00:00,65.73,67.33,65.69,67.33,42015255.0,66.42346666666667,17370.0
2020-06-30 13:30:00+00:00,67.05,72.4,66.92,71.98,86991960.0,69.9166,33067.0
2020-06-30 16:00:00+00:00,71.98,72.51,71.08,71.93,69112140.0,71.91873333333334,26248.0
2020-07-01 13:30:00+00:00,72.2,75.69,72.03,75.07,71118900.0,74.45613333333333,26523.0
2020-07-01 16:00:00+00:00,75.09,75.2,73.83,74.64,46984815.0,74.59986666666667,18205.0
2020-07-02 13:30:00+00:00,81.39,81.87,79.04,80.14,87156900.0,80.40893333333332,32301.0
2020-07-02 16:00:00+00:00,80.14,81.02,79.89,80.59,53273115.0,80.51933333333334,20601.0
2020-07-06 13:30:00+00:00,85.02,89.47,84.4,88.44,83662095.0,87.0032,32802.0
2020-07-06 16:00:00+00:00,88.42,91.85,87.2,91.4,78720540.0,89.1092,32655.0
2020-07-07 13:30:00+00:00,93.67,95.3,89.11,93.28,99895035.0,92.63533333333334,34946.0
2020-07-07 16:00:00+00:00,93.31,94.0,91.07,92.65,60536010.0,92.81106666666668,21706.0
2020-07-08 13:30:00+00:00,93.67,94.48,92.07,93.18,53245185.0,93.2938,20234.0
2020-07-08 16:00:00+00:00,93.22,93.27,87.42,91.05,79169655.0,90.64746666666667,32213.0
2020-07-09 13:30:00+00:00,93.13,93.9,90.09,91.68,53765505.0,91.89866666666668,19793.0
2020-07-09 16:00:00+00:00,91.71,93.53,91.28,92.92,41393430.0,92.44293333333331,16671.0
2020-07-10 13:30:00+00:00,93.07,94.71,91.73,93.95,47212080.0,93.45973333333332,18061.0
2020-07-10 16:00:00+00:00,93.96,103.26,93.77,103.07,143673330.0,99.28593333333332,58653.0
2020-07-13 13:30:00+00:00,110.6,119.67,109.9,116.14,125721300.0,115.6732666666667,49027.0
2020-07-13 16:00:00+00:00,116.14,116.59,98.07,99.69,154800825.0,107.8758,63219.0
2020-07-14 13:30:00+00:00,103.69,106.0,95.4,100.81,111612510.0,101.2898,41989.0
2020-07-14 16:00:00+00:00,100.8,102.47,98.83,101.09,67291680.0,100.7727333333333,24646.0
2020-07-15 13:30:00+00:00,102.82,103.0,97.2,97.2,63906765.0,99.92266666666669,22850.0
2020-07-15 16:00:00+00:00,97.24,103.33,97.13,103.13,57969690.0,100.5347333333333,20546.0
2020-07-16 13:30:00+00:00,98.6,101.25,97.73,99.08,57426930.0,99.20846666666668,20931.0
2020-07-16 16:00:00+00:00,99.1,102.11,98.87,100.05,60621630.0,100.6586666666667,22086.0
2020-07-17 13:30:00+00:00,100.86,102.5,99.33,100.22,42134550.0,100.571,15093.0
2020-07-17 16:00:00+00:00,100.22,101.07,99.87,100.03,33415815.0,100.4768666666667,13579.0
2020-07-20 13:30:00+00:00,101.31,101.99,99.2,99.75,29748750.0,100.2444,11529.0
2020-07-20 16:00:00+00:00,99.77,110.0,99.63,109.5,102269445.0,106.3912666666667,41246.0
2020-07-21 13:30:00+00:00,109.29,111.67,106.8,107.99,63416085.0,108.8593333333333,22887.0
2020-07-21 16:00:00+00:00,108.01,108.58,103.87,104.51,61218315.0,105.9102666666667,23820.0
2020-07-22 13:30:00+00:00,106.6,108.43,104.13,105.54,40598520.0,106.1368,15714.0
2020-07-22 16:00:00+00:00,105.59,107.85,104.67,106.04,47080290.0,106.2271333333333,19698.0
2020-07-23 13:30:00+00:00,111.91,112.6,103.46,105.59,86282145.0,107.3894666666667,30319.0
2020-07-23 16:00:00+00:00,105.57,105.65,98.72,100.91,92930280.0,101.7556666666667,33387.0
2020-07-24 13:30:00+00:00,94.4,97.67,91.1,95.93,97116015.0,94.6954,35038.0
2020-07-24 16:00:00+00:00,95.93,96.81,93.59,94.37,54719340.0,95.286,21782.0
2020-07-27 13:30:00+00:00,95.67,98.67,94.2,96.09,55069050.0,96.54553333333332,19769.0
2020-07-27 16:00:00+00:00,96.06,103.2,95.97,102.66,64481655.0,99.98446666666668,24023.0
2020-07-28 13:30:00+00:00,100.27,104.31,98.51,102.75,69811155.0,101.297,25515.0
2020-07-28 16:00:00+00:00,102.77,103.13,98.29,98.36,62759910.0,100.9304,21562.0
2020-07-29 13:30:00+00:00,100.07,102.32,99.13,101.71,39805680.0,100.7793333333333,13840.0
2020-07-29 16:00:00+00:00,101.67,101.83,99.37,100.0,38871060.0,100.6673333333333,13891.0
2020-07-30 13:30:00+00:00,99.07,100.63,98.07,100.32,36751545.0,99.2032,13081.0
2020-07-30 16:00:00+00:00,100.35,100.88,99.14,99.16,26505840.0,99.93186666666666,9573.0
2020-07-31 13:30:00+00:00,101.0,101.14,97.0,97.71,43485990.0,98.62093333333333,16357.0
2020-07-31 16:00:00+00:00,97.67,97.93,94.73,95.47,55773225.0,95.83126666666666,20002.0
2020-08-03 13:30:00+00:00,96.71,100.65,96.29,99.96,44910435.0,98.79853333333332,16025.0
2020-08-03 16:00:00+00:00,99.92,100.44,98.34,99.0,25930215.0,99.39466666666668,9009.0
2020-08-04 13:30:00+00:00,99.67,101.83,97.69,98.46,44122950.0,99.88813333333331,14733.0
2020-08-04 16:00:00+00:00,98.49,99.19,97.47,99.08,26390190.0,98.21753333333334,8886.0
2020-08-05 13:30:00+00:00,99.53,99.99,97.89,98.72,21654900.0,98.89853333333332,7778.0
2020-08-05 16:00:00+00:00,98.73,99.66,98.53,99.01,17442630.0,99.11046666666668,6366.0
2020-08-06 13:30:00+00:00,99.38,100.6,98.48,99.37,22956465.0,99.29486666666666,8336.0
2020-08-06 16:00:00+00:00,99.41,101.15,99.11,99.31,24520530.0,99.94446666666668,9716.0
2020-08-07 13:30:00+00:00,100.0,100.0,96.93,97.0,20776605.0,98.57126666666667,7716.0
2020-08-07 16:00:00+00:00,97.02,97.83,94.33,96.87,48787920.0,96.05493333333332,19761.0
2020-08-10 13:30:00+00:00,96.53,97.17,92.39,94.82,33114930.0,94.7296,13102.0
2020-08-10 16:00:00+00:00,94.88,96.0,93.63,94.6,24149160.0,94.6012,9213.0
2020-08-11 13:30:00+00:00,93.06,94.46,91.0,93.61,30925905.0,93.10426666666667,11512.0
2020-08-11 16:00:00+00:00,93.6,94.67,91.2,91.6,25805970.0,92.81813333333334,9616.0
2020-08-12 13:30:00+00:00,98.0,100.48,95.67,99.89,68207685.0,98.4098,26394.0
2020-08-12 16:00:00+00:00,99.91,105.67,99.68,103.63,98294805.0,103.0303333333333,42264.0
2020-08-13 13:30:00+00:00,107.52,110.0,104.48,109.92,94327755.0,107.7870666666667,36975.0
2020-08-13 16:00:00+00:00,109.9,110.0,106.27,108.05,62974200.0,108.3548666666667,25391.0
2020-08-14 13:30:00+00:00,110.87,111.25,108.73,109.76,52200210.0,109.9882,20245.0
2020-08-14 16:00:00+00:00,109.81,110.53,108.44,110.1,42242430.0,109.5821333333333,17576.0
2020-08-17 13:30:00+00:00,111.8,119.53,111.52,118.39,79518255.0,116.578,31552.0
2020-08-17 16:00:00+00:00,118.42,123.06,118.24,122.39,69226140.0,120.3931333333333,29296.0
2020-08-18 13:30:00+00:00,126.6,128.26,123.01,126.29,73420020.0,125.8538,28473.0
2020-08-18 16:00:00+00:00,126.27,127.58,125.32,125.87,41220675.0,126.4486666666667,16456.0
2020-08-19 13:30:00+00:00,124.33,127.2,122.75,126.8,49840470.0,125.4507333333333,18591.0
2020-08-19 16:00:00+00:00,126.8,127.4,124.54,125.27,40208595.0,126.0623333333333,15443.0
2020-08-20 13:30:00+00:00,124.01,132.98,123.8,132.48,73943175.0,129.306,29576.0
2020-08-20 16:00:00+00:00,132.45,134.8,131.07,133.42,81489735.0,133.2044,34228.0
2020-08-21 13:30:00+00:00,136.25,138.78,135.0,136.22,78257670.0,137.1811333333333,29479.0
2020-08-21 16:00:00+00:00,136.22,139.7,135.73,136.67,81405585.0,138.2285333333333,33810.0
2020-08-24 13:30:00+00:00,141.77,141.93,128.53,134.38,87982155.0,134.9580666666667,33310.0
2020-08-24 16:00:00+00:00,134.46,137.5,132.85,134.38,57141795.0,134.8396666666667,21249.0
2020-08-25 13:30:00+00:00,131.67,135.2,131.2,132.59,41470665.0,133.1516666666667,15594.0
2020-08-25 16:00:00+00:00,132.6,135.08,131.23,134.94,34332285.0,133.3682666666667,13279.0
2020-08-26 13:30:00+00:00,137.33,141.38,136.91,140.67,42213105.0,139.7416666666667,15696.0
2020-08-26 16:00:00+00:00,140.65,144.4,140.39,143.46,57956910.0,142.6745333333333,23116.0
2020-08-27 13:30:00+00:00,145.36,152.38,145.13,151.62,73467030.0,148.3740666666667,29198.0
2020-08-27 16:00:00+00:00,151.63,153.04,142.83,149.32,101266965.0,148.3884666666667,39562.0
2020-08-28 13:30:00+00:00,153.01,154.57,150.2,152.08,57006105.0,152.3302666666667,21788.0
2020-08-28 16:00:00+00:00,152.06,152.39,145.84,147.57,82280010.0,148.3221333333333,33114.0
2020-08-31 13:30:00+00:00,148.18,165.67,146.7,160.09,125551896.0,156.814,230018.0
2020-08-31 16:00:00+00:00,160.02,166.71,156.84,166.17,106035471.0,162.792,204755.0
2020-09-01 13:30:00+00:00,167.38,167.5,156.84,161.47,93674901.0,162.8796666666667,154257.0
2020-09-01 16:00:00+00:00,161.49,163.99,157.47,158.35,64182804.0,159.744,111381.0
2020-09-02 13:30:00+00:00,159.66,159.68,135.04,145.62,105786204.0,147.2536666666667,168906.0
2020-09-02 16:00:00+00:00,145.57,150.4,143.73,149.07,76181946.0,147.4556666666667,121913.0
2020-09-03 13:30:00+00:00,135.71,143.83,135.0,137.98,94727475.0,138.813,151803.0
2020-09-03 16:00:00+00:00,137.96,139.17,134.0,135.67,71408397.0,136.395,112069.0
2020-09-04 13:30:00+00:00,134.31,142.67,124.01,133.83,110546811.0,131.5836666666667,177638.0
2020-09-04 16:00:00+00:00,133.83,142.26,131.34,139.31,102240384.0,137.107,174260.0
2020-09-08 13:30:00+00:00,118.6,122.91,112.0,118.86,122571783.0,117.7386666666667,197947.0
2020-09-08 16:00:00+00:00,118.81,120.0,109.96,110.01,98054283.0,114.2356666666667,162271.0
2020-09-09 13:30:00+00:00,119.0,121.66,113.84,115.62,86338914.0,117.9636666666667,135674.0
2020-09-09 16:00:00+00:00,115.62,123.0,115.5,122.07,68228790.0,119.0196666666667,113904.0
2020-09-10 13:30:00+00:00,128.8,133.0,126.0,129.14,93122100.0,129.5043333333333,139355.0
2020-09-10 16:00:00+00:00,129.25,129.97,120.19,123.67,85615677.0,125.1006666666667,124996.0
2020-09-11 13:30:00+00:00,127.24,127.5,120.43,123.78,68437692.0,123.6873333333333,96241.0
2020-09-11 16:00:00+00:00,123.84,124.59,120.17,124.14,62668647.0,122.7913333333333,93547.0
2020-09-14 13:30:00+00:00,126.97,135.0,124.43,134.41,81557601.0,130.715,109539.0
2020-09-14 16:00:00+00:00,134.33,140.0,132.2,139.92,91339272.0,136.002,129390.0
2020-09-15 13:30:00+00:00,145.5,149.54,143.57,147.89,98088795.0,146.7866666666667,144334.0
2020-09-15 16:00:00+00:00,147.91,153.98,146.37,149.79,102704382.0,150.1243333333333,162454.0
2020-09-16 13:30:00+00:00,146.55,152.6,145.1,148.77,79102182.0,149.3123333333333,111466.0
2020-09-16 16:00:00+00:00,148.86,151.33,146.06,147.25,75704472.0,148.72,106123.0
2020-09-17 13:30:00+00:00,138.51,145.93,136.0,141.79,84385791.0,142.519,118437.0
2020-09-17 16:00:00+00:00,141.85,143.25,138.78,141.14,75985683.0,141.1826666666667,108194.0
2020-09-18 13:30:00+00:00,149.33,150.33,145.83,147.29,87736857.0,147.8093333333333,119333.0
2020-09-18 16:00:00+00:00,147.27,150.08,142.93,146.99,88027611.0,146.7296666666667,133488.0
2020-09-21 13:30:00+00:00,151.11,151.89,135.69,146.3,119074464.0,145.3326666666667,172574.0
2020-09-21 16:00:00+00:00,146.33,149.96,145.05,149.8,97774014.0,148.08,161348.0
2020-09-22 13:30:00+00:00,143.2,145.92,139.2,142.11,72056928.0,142.3166666666667,107391.0
2020-09-22 16:00:00+00:00,142.1,144.62,140.39,141.32,69656742.0,142.557,111805.0
2020-09-23 13:30:00+00:00,135.03,137.38,127.67,128.54,99208800.0,132.5113333333333,147737.0
2020-09-23 16:00:00+00:00,128.54,131.33,125.29,126.8,82958931.0,128.4493333333333,119684.0
2020-09-24 13:30:00+00:00,121.33,132.73,117.1,132.65,114275409.0,125.4556666666667,162823.0
2020-09-24 16:00:00+00:00,132.62,133.17,127.42,129.21,97250454.0,130.8353333333333,139880.0
2020-09-25 13:30:00+00:00,131.1,136.25,130.43,134.49,83738757.0,134.0423333333333,117508.0
2020-09-25 16:00:00+00:00,134.54,135.78,133.04,135.73,57646575.0,134.4466666666667,89885.0
2020-09-28 13:30:00+00:00,141.6,142.69,138.52,139.96,57081552.0,140.323,80170.0
2020-09-28 16:00:00+00:00,139.99,141.05,138.73,140.35,40015047.0,139.925,63800.0
2020-09-29 13:30:00+00:00,138.59,142.08,137.2,141.89,52696524.0,139.397,73808.0
2020-09-29 16:00:00+00:00,141.9,142.82,138.96,139.66,48212799.0,141.306,74319.0
2020-09-30 13:30:00+00:00,140.34,144.64,140.16,143.07,53805063.0,142.9933333333333,73857.0
2020-09-30 16:00:00+00:00,143.07,143.93,141.67,142.99,41473032.0,142.989,65919.0
2020-10-01 13:30:00+00:00,146.92,147.27,144.81,146.29,44460318.0,146.0036666666667,67514.0
2020-10-01 16:00:00+00:00,146.3,149.63,145.91,149.27,56755863.0,148.4223333333333,93663.0
2020-10-02 13:30:00+00:00,140.4,146.38,139.25,142.13,67177521.0,143.93,104355.0
2020-10-02 16:00:00+00:00,142.13,143.03,138.33,138.42,72873942.0,140.5476666666667,119714.0
2020-10-05 13:30:00+00:00,141.12,144.55,140.05,141.28,50445675.0,142.4183333333333,75614.0
2020-10-05 16:00:00+00:00,141.3,142.15,139.78,141.83,40086120.0,141.1456666666667,62573.0
2020-10-06 13:30:00+00:00,141.26,142.93,137.73,139.17,46707294.0,139.9363333333333,69035.0
2020-10-06 16:00:00+00:00,139.19,141.12,135.35,137.98,55398108.0,138.9293333333333,83000.0
2020-10-07 13:30:00+00:00,139.92,141.07,137.95,139.72,36550857.0,139.6236666666667,53825.0
2020-10-07 16:00:00+00:00,139.74,143.3,139.7,141.73,51845097.0,142.0753333333333,80510.0
2020-10-08 13:30:00+00:00,146.17,146.33,142.89,143.91,45095877.0,144.6233333333333,66610.0
2020-10-08 16:00:00+00:00,143.92,144.98,141.77,142.0,37611255.0,143.4996666666667,57531.0
2020-10-09 13:30:00+00:00,143.34,144.86,142.15,144.33,36069774.0,143.68,54139.0
2020-10-09 16:00:00+00:00,144.33,144.79,143.77,144.65,23595174.0,144.3196666666667,38522.0
2020-10-12 13:30:00+00:00,147.33,148.62,146.19,147.04,36506421.0,147.2343333333333,56016.0
2020-10-12 16:00:00+00:00,147.05,149.58,146.82,147.33,41847132.0,148.2126666666667,66382.0
2020-10-13 13:30:00+00:00,147.78,149.63,145.53,148.57,38307960.0,147.8986666666667,58955.0
2020-10-13 16:00:00+00:00,148.55,149.5,146.89,148.88,32116380.0,148.4223333333333,53828.0
2020-10-14 13:30:00+00:00,149.93,155.0,149.12,153.06,54061953.0,152.638,86692.0
2020-10-14 16:00:00+00:00,153.14,155.3,151.9,153.77,44973537.0,153.9163333333333,71956.0
2020-10-15 13:30:00+00:00,150.1,152.19,147.89,149.63,41024895.0,150.0903333333333,61165.0
2020-10-15 16:00:00+00:00,149.57,150.22,147.5,149.63,31320636.0,148.943,48779.0
2020-10-16 13:30:00+00:00,151.4,151.98,147.63,148.9,35531304.0,150.0373333333333,52496.0
2020-10-16 16:00:00+00:00,148.9,150.48,146.28,146.64,30858690.0,148.679,47599.0
2020-10-19 13:30:00+00:00,148.78,149.0,144.22,146.01,37406283.0,146.8966666666667,54559.0
2020-10-19 16:00:00+00:00,146.03,147.05,142.96,143.63,37808976.0,145.1776666666667,61201.0
2020-10-20 13:30:00+00:00,143.92,143.92,140.13,141.52,33944655.0,141.3426666666667,51545.0
2020-10-20 16:00:00+00:00,141.52,143.02,139.68,140.62,29328201.0,141.2936666666667,50232.0
2020-10-21 13:30:00+00:00,140.96,144.32,140.74,143.69,26652216.0,142.6176666666667,43746.0
2020-10-21 16:00:00+00:00,143.68,144.18,140.42,140.83,24198540.0,142.1696666666667,38487.0
2020-10-22 13:30:00+00:00,147.33,148.41,141.5,143.95,52234224.0,144.2513333333333,81056.0
2020-10-22 16:00:00+00:00,143.93,144.72,141.74,141.97,27114447.0,143.3866666666667,44321.0
2020-10-23 13:30:00+00:00,140.54,140.96,135.79,137.12,37967193.0,137.6693333333333,58901.0
2020-10-23 16:00:00+00:00,137.15,140.26,136.81,140.21,27651150.0,138.8886666666667,45107.0
2020-10-26 13:30:00+00:00,137.25,141.92,136.87,139.51,29626068.0,139.6456666666667,43286.0
2020-10-26 16:00:00+00:00,139.5,140.44,136.67,140.09,28148346.0,138.5543333333333,44771.0
2020-10-27 13:30:00+00:00,141.3,143.5,140.03,141.91,26139042.0,142.0336666666667,38701.0
2020-10-27 16:00:00+00:00,141.94,141.94,140.27,141.49,19252809.0,141.171,31592.0
2020-10-28 13:30:00+00:00,138.83,139.53,135.5,137.34,26827344.0,137.329,40512.0
2020-10-28 16:00:00+00:00,137.31,137.96,135.33,135.33,20454573.0,136.6373333333333,34885.0
2020-10-29 13:30:00+00:00,136.64,139.35,135.49,137.97,26020899.0,137.311,42053.0
2020-10-29 16:00:00+00:00,138.04,138.6,136.88,136.88,17400024.0,137.7816666666667,29948.0
2020-10-30 13:30:00+00:00,135.63,135.87,126.37,128.94,44477655.0,130.248,71819.0
2020-10-30 16:00:00+00:00,128.92,131.16,127.33,129.35,38094864.0,129.1496666666667,64732.0
2020-11-02 14:30:00+00:00,131.33,135.66,131.0,133.31,26313444.0,133.6383333333333,38328.0
2020-11-02 16:00:00+00:00,133.25,133.41,130.77,132.52,24022041.0,131.9786666666667,36213.0
2020-11-02 20:00:00+00:00,132.5,133.78,132.3,133.5,8332200.0,133.1366666666667,13653.0
2020-11-03 14:30:00+00:00,136.59,142.49,135.56,142.43,32915343.0,139.3533333333333,51556.0
2020-11-03 16:00:00+00:00,142.47,142.59,139.93,141.63,28745754.0,141.032,45813.0
2020-11-03 20:00:00+00:00,141.61,141.7,140.4,141.28,9319158.0,141.0626666666667,16159.0
2020-11-04 14:30:00+00:00,143.47,145.13,139.03,140.83,30027243.0,141.6493333333333,45333.0
2020-11-04 16:00:00+00:00,140.83,142.17,139.42,140.84,24384996.0,140.785,36507.0
2020-11-04 20:00:00+00:00,140.96,141.17,139.64,140.29,6428613.0,140.248,11025.0
2020-11-05 14:30:00+00:00,142.77,146.67,141.33,144.96,27187173.0,144.528,40574.0
2020-11-05 16:00:00+00:00,144.96,145.17,142.88,144.65,20293779.0,143.968,31428.0
2020-11-05 20:00:00+00:00,144.62,146.07,144.59,146.03,8082417.0,145.245,13417.0
2020-11-06 14:30:00+00:00,145.37,145.52,141.43,143.56,20625117.0,143.121,32178.0
2020-11-06 16:00:00+00:00,143.54,144.14,142.71,142.99,16614471.0,143.3393333333333,25688.0
2020-11-06 20:00:00+00:00,142.98,143.66,142.25,143.3,7248297.0,142.943,12480.0
2020-11-09 14:30:00+00:00,146.58,150.83,143.9,146.77,31219755.0,148.2963333333333,47258.0
2020-11-09 16:00:00+00:00,146.8,146.96,142.59,143.1,26699343.0,144.9416666666667,41709.0
2020-11-09 20:00:00+00:00,143.12,143.88,140.33,140.46,8210196.0,142.144,13508.0
2020-11-10 14:30:00+00:00,140.03,140.03,132.01,134.42,27381741.0,135.6776666666667,43852.0
2020-11-10 16:00:00+00:00,134.38,138.28,133.93,136.42,27086016.0,136.26,43223.0
2020-11-10 20:00:00+00:00,136.43,136.96,135.34,136.8,5062890.0,136.3803333333333,9536.0
2020-11-11 14:30:00+00:00,138.87,139.57,136.86,138.24,15492156.0,138.4593333333333,24777.0
2020-11-11 16:00:00+00:00,138.22,139.29,137.53,138.42,14555136.0,138.4163333333333,23845.0
2020-11-11 20:00:00+00:00,138.4,139.05,138.39,139.04,4190340.0,138.7333333333333,8077.0
2020-11-12 14:30:00+00:00,138.4,141.0,137.46,138.86,16402632.0,139.366,23618.0
2020-11-12 16:00:00+00:00,138.89,139.3,136.51,137.32,16378212.0,138.0053333333333,25993.0
2020-11-12 20:00:00+00:00,137.31,137.48,136.51,137.24,4229172.0,137.0986666666667,7579.0
2020-11-13 14:30:00+00:00,136.95,137.51,133.89,134.13,16157592.0,135.722,26376.0
2020-11-13 16:00:00+00:00,134.14,135.73,133.93,134.76,14783943.0,134.7963333333333,25483.0
2020-11-13 20:00:00+00:00,134.74,136.32,134.61,136.23,6054189.0,135.599,11269.0
2020-11-16 14:30:00+00:00,136.19,137.48,134.69,136.42,15542574.0,135.933,22822.0
2020-11-16 16:00:00+00:00,136.44,136.83,134.87,136.21,14743767.0,135.8663333333333,22650.0
2020-11-16 20:00:00+00:00,136.21,136.33,135.67,136.03,4042707.0,136.0076666666667,8139.0
2020-11-17 14:30:00+00:00,153.42,154.0,147.24,148.06,55505919.0,150.6486666666667,86432.0
2020-11-17 16:00:00+00:00,148.07,149.33,144.34,148.2,53204046.0,147.273,75049.0
2020-11-17 20:00:00+00:00,148.23,148.25,146.03,147.19,10211037.0,147.0296666666667,15761.0
2020-11-18 14:30:00+00:00,149.35,152.61,147.83,151.59,29708481.0,150.8946666666667,46017.0
2020-11-18 16:00:00+00:00,151.63,164.62,151.59,164.24,101358774.0,159.5146666666667,156477.0
2020-11-18 20:00:00+00:00,164.22,165.33,161.22,162.16,26033943.0,163.466,42161.0
2020-11-19 14:30:00+00:00,164.0,169.25,162.52,168.27,54732933.0,166.5306666666667,80510.0
2020-11-19 16:00:00+00:00,168.3,169.54,164.33,166.93,54200655.0,166.9853333333333,79768.0
2020-11-19 20:00:00+00:00,166.94,167.3,164.96,166.29,13344132.0,166.1876666666667,21863.0
2020-11-20 14:30:00+00:00,166.0,167.5,164.4,164.58,25075620.0,166.0556666666667,38868.0
2020-11-20 16:00:00+00:00,164.59,165.32,163.05,164.64,28734963.0,164.2026666666667,45171.0
2020-11-20 20:00:00+00:00,164.66,164.87,163.02,163.15,8961480.0,163.6936666666667,16795.0
2020-11-23 14:30:00+00:00,167.83,175.03,167.26,174.09,45348462.0,172.563,67284.0
2020-11-23 16:00:00+00:00,174.15,174.8,171.63,174.49,37853103.0,173.3233333333333,57904.0
2020-11-23 20:00:00+00:00,174.49,175.33,173.51,173.83,13565964.0,174.528,23748.0
2020-11-24 14:30:00+00:00,180.14,182.3,175.4,182.16,40274049.0,179.4793333333333,59963.0
2020-11-24 16:00:00+00:00,182.19,186.43,180.0,186.13,46798179.0,183.2133333333333,74175.0
2020-11-24 20:00:00+00:00,186.1,186.66,184.42,185.29,14883606.0,185.4216666666667,25331.0
2020-11-25 14:30:00+00:00,183.39,186.46,181.79,185.0,30112131.0,183.753,47005.0
2020-11-25 16:00:00+00:00,184.97,190.83,184.72,190.38,49599768.0,188.6466666666667,78250.0
2020-11-25 20:00:00+00:00,190.34,191.33,190.06,191.31,12327168.0,190.8456666666667,21997.0
2020-11-27 14:30:00+00:00,193.95,199.3,192.82,199.12,40710105.0,197.435,65288.0
2020-11-27 16:00:00+00:00,199.13,199.59,193.83,195.25,29991858.0,196.6696666666667,51224.0
2020-11-30 14:30:00+00:00,200.74,202.6,184.84,192.17,55468320.0,194.1653333333333,81642.0
2020-11-30 16:00:00+00:00,192.25,196.82,190.58,194.62,47038683.0,193.8983333333333,69982.0
2020-11-30 20:00:00+00:00,194.66,195.1,187.87,188.97,12674847.0,191.5266666666667,20681.0
2020-12-01 14:30:00+00:00,199.2,199.28,190.68,194.89,39172884.0,194.9883333333333,58627.0
2020-12-01 16:00:00+00:00,194.9,195.61,191.78,193.8,28156686.0,193.898,47654.0
2020-12-01 20:00:00+00:00,193.8,195.17,192.47,195.06,8674260.0,194.0186666666667,15781.0
2020-12-02 14:30:00+00:00,185.4,190.51,180.4,186.98,40289970.0,185.7206666666667,62723.0
2020-12-02 16:00:00+00:00,187.02,190.38,185.33,187.72,34211205.0,187.7756666666667,52848.0
2020-12-02 20:00:00+00:00,187.75,189.93,187.51,189.58,12193167.0,189.05,20412.0
2020-12-03 14:30:00+00:00,196.67,198.63,194.14,195.44,30537162.0,196.389,46351.0
2020-12-03 16:00:00+00:00,195.5,199.66,194.56,198.94,35304456.0,197.7056666666667,55084.0
2020-12-03 20:00:00+00:00,198.97,198.97,197.17,197.76,11086422.0,197.9366666666667,18901.0
2020-12-04 14:30:00+00:00,197.0,199.15,195.17,196.84,22459995.0,197.5516666666667,33152.0
2020-12-04 16:00:00+00:00,196.81,198.9,195.92,198.68,23313816.0,197.561,37116.0
2020-12-04 20:00:00+00:00,198.72,199.67,197.67,199.67,8596791.0,198.718,15197.0
2020-12-07 14:30:00+00:00,201.63,209.93,201.02,208.79,37196706.0,206.6906666666667,58931.0
2020-12-07 16:00:00+00:00,208.8,214.93,208.04,214.85,46655037.0,210.9423333333333,73812.0
2020-12-07 20:00:00+00:00,214.86,216.26,212.37,214.0,24332961.0,214.6473333333333,43015.0
2020-12-08 14:30:00+00:00,208.33,212.46,206.17,209.3,38823303.0,209.658,68075.0
2020-12-08 16:00:00+00:00,209.32,217.09,206.98,214.67,62757870.0,212.6626666666667,105763.0
2020-12-08 20:00:00+00:00,214.69,216.83,214.0,216.75,16197261.0,215.6433333333333,27567.0
2020-12-09 14:30:00+00:00,217.9,218.11,210.0,212.94,37648539.0,213.4523333333333,61550.0
2020-12-09 16:00:00+00:00,212.93,213.14,196.0,201.55,76843518.0,204.9833333333333,126693.0
2020-12-09 20:00:00+00:00,201.57,203.83,200.0,201.39,15420156.0,201.7943333333333,26941.0
2020-12-10 14:30:00+00:00,191.46,205.53,188.78,204.49,53113086.0,199.2096666666667,78760.0
2020-12-10 16:00:00+00:00,204.46,208.11,200.75,205.32,60138711.0,205.092,89596.0
2020-12-10 20:00:00+00:00,205.33,209.25,205.15,209.06,15875217.0,207.679,25240.0
2020-12-11 14:30:00+00:00,205.21,208.0,202.43,204.87,32842371.0,205.0083333333333,51720.0
2020-12-11 16:00:00+00:00,204.9,205.39,198.93,203.87,48334566.0,202.5606666666667,71934.0
2020-12-11 20:00:00+00:00,203.87,204.25,201.55,203.33,10740936.0,203.178,18290.0
2020-12-14 14:30:00+00:00,206.33,212.83,203.4,210.49,41639733.0,208.5136666666667,63163.0
2020-12-14 16:00:00+00:00,210.61,214.25,210.3,212.78,51867783.0,212.4923333333333,78606.0
2020-12-14 20:00:00+00:00,212.78,213.48,211.77,213.27,11937822.0,212.8453333333333,20936.0
2020-12-15 14:30:00+00:00,214.43,215.63,211.5,213.07,33042678.0,214.0023333333333,50810.0
2020-12-15 16:00:00+00:00,213.06,213.32,207.93,212.97,47916477.0,210.6803333333333,71917.0
2020-12-15 20:00:00+00:00,212.92,213.27,210.31,210.9,10909233.0,211.947,17078.0
2020-12-16 14:30:00+00:00,209.43,210.83,201.67,204.4,37027185.0,206.118,54534.0
2020-12-16 16:00:00+00:00,204.41,208.33,203.84,208.25,35820687.0,206.6066666666667,54473.0
2020-12-16 20:00:00+00:00,208.25,209.0,207.2,207.56,10593543.0,208.047,17808.0
2020-12-17 14:30:00+00:00,209.45,213.89,206.51,211.64,39608151.0,210.9543333333333,59560.0
2020-12-17 16:00:00+00:00,211.61,216.44,211.18,215.75,50543598.0,214.722,80845.0
2020-12-17 20:00:00+00:00,215.75,219.61,215.18,218.6,19636509.0,217.4726666666667,33952.0
2020-12-18 14:30:00+00:00,222.97,228.25,218.87,222.4,59622255.0,223.9223333333333,99460.0
2020-12-18 16:00:00+00:00,222.43,226.67,217.11,223.92,70520502.0,223.2046666666667,131451.0
2020-12-18 20:00:00+00:00,223.9,226.13,209.57,221.67,77397789.0,218.489,145950.0
2020-12-21 14:30:00+00:00,222.08,222.83,217.07,219.42,42026547.0,220.2663333333333,70321.0
2020-12-21 16:00:00+00:00,219.4,222.67,218.0,220.21,39960381.0,220.2226666666667,65968.0
2020-12-21 20:00:00+00:00,220.23,220.38,215.36,216.59,22731186.0,217.6846666666667,38797.0
2020-12-22 14:30:00+00:00,215.97,216.63,208.67,208.8,34208868.0,212.346,50780.0
2020-12-22 16:00:00+00:00,208.78,212.52,204.74,211.91,54192798.0,208.6913333333333,81722.0
2020-12-22 20:00:00+00:00,211.94,213.96,210.84,213.44,10548915.0,212.398,17612.0
2020-12-23 14:30:00+00:00,210.79,217.17,207.52,215.72,32802771.0,213.05,47804.0
2020-12-23 16:00:00+00:00,215.73,216.0,213.67,215.1,23656431.0,214.899,35341.0
2020-12-23 20:00:00+00:00,215.12,216.37,214.6,215.25,7798200.0,215.596,13339.0
2020-12-24 14:30:00+00:00,214.33,221.75,213.67,220.22,25175916.0,218.4556666666667,38619.0
2020-12-24 16:00:00+00:00,220.23,222.03,219.21,220.55,19220403.0,220.8253333333333,30624.0
2020-12-28 14:30:00+00:00,224.81,227.13,220.27,221.73,31412280.0,223.9986666666667,45254.0
2020-12-28 16:00:00+00:00,221.67,224.52,221.61,222.45,21997599.0,222.949,34343.0
2020-12-28 20:00:00+00:00,222.44,222.71,220.76,221.26,6907743.0,221.8843333333333,10595.0
2020-12-29 14:30:00+00:00,220.34,223.3,218.33,221.63,20107137.0,220.699,30226.0
2020-12-29 16:00:00+00:00,221.6,222.12,219.19,220.95,16718739.0,220.7436666666667,26389.0
2020-12-29 20:00:00+00:00,220.97,222.03,220.86,221.99,4811868.0,221.5903333333333,7943.0
2020-12-30 14:30:00+00:00,224.04,225.67,222.79,224.66,19946487.0,224.2803333333333,26672.0
2020-12-30 16:00:00+00:00,224.67,232.2,224.63,231.04,51688323.0,228.738,77185.0
2020-12-30 20:00:00+00:00,231.02,232.16,229.23,231.57,13837800.0,230.8616666666667,22334.0
2020-12-31 14:30:00+00:00,233.31,237.33,230.37,235.96,32030298.0,233.7053333333333,48173.0
2020-12-31 16:00:00+00:00,235.96,239.57,234.05,234.12,50966040.0,237.8473333333333,76240.0
2020-12-31 20:00:00+00:00,234.08,235.63,232.56,235.07,16524030.0,234.2196666666667,26814.0
2021-01-04 14:30:00+00:00,239.83,248.16,239.06,243.73,39641286.0,245.0986666666667,60079.0
2021-01-04 16:00:00+00:00,243.78,245.61,239.34,243.46,43042080.0,242.8113333333333,64339.0
2021-01-04 20:00:00+00:00,243.46,244.26,242.27,243.25,8399826.0,243.3956666666667,14214.0
2021-01-05 14:30:00+00:00,241.22,246.17,239.73,244.89,24246627.0,242.853,37723.0
2021-01-05 16:00:00+00:00,244.92,246.95,244.46,245.35,23565990.0,245.876,37152.0
2021-01-05 20:00:00+00:00,245.34,245.6,243.71,245.02,7636914.0,244.7303333333333,12839.0
2021-01-06 14:30:00+00:00,252.66,254.6,249.83,254.29,30320073.0,252.5433333333333,44101.0
2021-01-06 16:00:00+00:00,254.3,258.0,250.0,253.89,42652455.0,255.776,66092.0
2021-01-06 20:00:00+00:00,253.95,254.17,251.59,252.15,12501654.0,252.8616666666667,18577.0
2021-01-07 14:30:00+00:00,259.33,267.0,258.4,265.75,36860592.0,263.3906666666667,59514.0
2021-01-07 16:00:00+00:00,265.75,270.93,265.1,268.88,44682066.0,267.754,74096.0
2021-01-07 20:00:00+00:00,268.92,272.33,268.73,272.08,12707628.0,270.7133333333333,22328.0
2021-01-08 14:30:00+00:00,285.33,293.0,279.46,292.64,56694273.0,286.7946666666667,92931.0
2021-01-08 16:00:00+00:00,292.66,294.83,282.39,288.65,65605503.0,290.1636666666667,106966.0
2021-01-08 20:00:00+00:00,288.62,294.67,287.16,293.34,18492879.0,291.2506666666667,31685.0
2021-01-11 14:30:00+00:00,283.22,284.81,272.44,281.28,46142871.0,280.0576666666667,74022.0
2021-01-11 16:00:00+00:00,281.22,281.44,273.0,274.18,41157360.0,277.37,64933.0
2021-01-11 20:00:00+00:00,274.14,274.33,267.87,270.39,20176218.0,270.8906666666667,35894.0
2021-01-12 14:30:00+00:00,277.0,288.86,275.78,286.96,37187127.0,283.6746666666667,58447.0
2021-01-12 16:00:00+00:00,286.96,289.33,282.55,284.67,39250104.0,285.8386666666667,61712.0
2021-01-12 20:00:00+00:00,284.69,286.72,282.87,283.2,11353404.0,284.8796666666667,19388.0
2021-01-13 14:30:00+00:00,284.14,286.82,277.84,281.3,24680667.0,282.1613333333333,39338.0
2021-01-13 16:00:00+00:00,281.39,285.24,277.33,285.21,27516468.0,281.2693333333333,44021.0
2021-01-13 20:00:00+00:00,285.17,286.0,283.25,284.74,8775441.0,284.7053333333333,14713.0
2021-01-14 14:30:00+00:00,281.16,287.67,279.58,285.68,25807761.0,284.51,38695.0
2021-01-14 16:00:00+00:00,285.61,286.57,281.33,282.96,26833029.0,283.9736666666667,40859.0
2021-01-14 20:00:00+00:00,282.92,283.28,281.13,281.4,7285407.0,282.2023333333333,11687.0
2021-01-15 14:30:00+00:00,284.0,286.63,278.63,280.78,26512839.0,282.5703333333333,39521.0
2021-01-15 16:00:00+00:00,280.78,281.95,273.77,274.44,33696531.0,278.897,52104.0
2021-01-15 20:00:00+00:00,274.51,276.83,273.03,275.39,12385980.0,274.8836666666667,20663.0
2021-01-19 14:30:00+00:00,279.28,283.33,277.67,277.75,18890877.0,280.679,29057.0
2021-01-19 16:00:00+00:00,277.77,282.0,277.67,279.45,18840555.0,279.686,30422.0
2021-01-19 20:00:00+00:00,279.43,281.67,278.67,281.5,5341488.0,280.37,9412.0
2021-01-20 14:30:00+00:00,286.25,286.5,279.09,279.78,18906204.0,283.1846666666667,29767.0
2021-01-20 16:00:00+00:00,279.83,285.3,279.48,285.16,19826787.0,282.816,29817.0
2021-01-20 20:00:00+00:00,285.14,285.33,282.83,283.55,4765194.0,284.1033333333333,8260.0
2021-01-21 14:30:00+00:00,284.84,285.24,280.47,282.37,14497005.0,282.435,23830.0
2021-01-21 16:00:00+00:00,282.34,284.29,281.33,282.02,14701044.0,282.504,23286.0
2021-01-21 20:00:00+00:00,281.98,282.73,281.38,281.66,4170375.0,281.9503333333333,6814.0
2021-01-22 14:30:00+00:00,278.05,280.63,276.21,278.1,12819921.0,278.5436666666667,20352.0
2021-01-22 16:00:00+00:00,278.14,281.02,277.03,279.86,12867714.0,279.0423333333333,21654.0
2021-01-22 20:00:00+00:00,279.86,282.67,279.68,282.17,5840196.0,281.4816666666667,10502.0
2021-01-25 14:30:00+00:00,285.01,300.13,284.04,288.16,27033972.0,293.9136666666667,45012.0
2021-01-25 16:00:00+00:00,288.05,293.33,279.61,292.07,34484829.0,288.4583333333333,55339.0
2021-01-25 20:00:00+00:00,292.1,294.27,288.61,293.6,9388050.0,291.656,15625.0
2021-01-26 14:30:00+00:00,297.13,298.63,290.53,294.97,18749238.0,294.5353333333333,28014.0
2021-01-26 16:00:00+00:00,294.97,297.53,293.94,296.35,17833560.0,296.0473333333333,27741.0
2021-01-26 20:00:00+00:00,296.34,296.36,294.01,294.49,5041428.0,295.15,9514.0
2021-01-27 14:30:00+00:00,290.24,297.17,288.52,296.53,12002367.0,292.645,20667.0
2021-01-27 16:00:00+00:00,296.39,296.99,286.22,289.48,16726302.0,292.985,29113.0
2021-01-27 20:00:00+00:00,289.34,291.1,287.05,288.22,6021447.0,289.1176666666667,12840.0
2021-01-28 14:30:00+00:00,273.21,282.51,267.0,280.87,21242961.0,275.06,36498.0
2021-01-28 16:00:00+00:00,280.98,282.67,277.12,281.71,13407777.0,280.106,24305.0
2021-01-28 20:00:00+00:00,281.76,282.33,277.57,278.49,4560018.0,279.474,8913.0
2021-01-29 14:30:00+00:00,276.67,280.8,272.76,274.19,13031655.0,275.7603333333333,19897.0
2021-01-29 16:00:00+00:00,274.06,275.25,260.03,263.03,33831447.0,266.4433333333333,60844.0
2021-01-29 20:00:00+00:00,263.04,268.0,262.73,264.44,8828952.0,265.8053333333333,16958.0
2021-02-01 14:30:00+00:00,271.21,275.06,265.19,271.58,15720222.0,270.3133333333333,26152.0
2021-02-01 16:00:00+00:00,271.58,279.63,270.3,277.61,19839282.0,276.251,34203.0
2021-02-01 20:00:00+00:00,277.67,280.67,277.39,280.01,5600085.0,279.2373333333333,10120.0
2021-02-02 14:30:00+00:00,281.67,292.58,280.73,290.89,18315483.0,287.9386666666667,31231.0
2021-02-02 16:00:00+00:00,290.84,293.41,289.62,292.9,16887597.0,292.1413333333333,29056.0
2021-02-02 20:00:00+00:00,292.87,293.08,290.13,290.93,4661247.0,291.4783333333333,9552.0
2021-02-03 14:30:00+00:00,292.42,292.69,284.35,285.38,14153064.0,287.824,23398.0
2021-02-03 16:00:00+00:00,285.47,289.01,284.67,285.77,12164004.0,286.698,21675.0
2021-02-03 20:00:00+00:00,285.68,286.23,284.8,284.9,4248279.0,285.473,7749.0
2021-02-04 14:30:00+00:00,284.85,285.5,277.81,279.04,12612348.0,280.9206666666667,21648.0
2021-02-04 16:00:00+00:00,279.0,282.96,278.9,282.29,10188201.0,281.263,17794.0
2021-02-04 20:00:00+00:00,282.31,283.84,282.29,283.33,4132863.0,283.0616666666667,7457.0
2021-02-05 14:30:00+00:00,281.67,283.29,279.66,281.22,8141100.0,281.0923333333333,13800.0
2021-02-05 16:00:00+00:00,281.29,288.26,281.03,284.02,18865605.0,285.7936666666667,33499.0
2021-02-05 20:00:00+00:00,284.0,284.36,282.77,284.14,4251117.0,283.569,8058.0
2021-02-08 14:30:00+00:00,289.89,292.59,287.23,289.84,14261061.0,289.7396666666667,23276.0
2021-02-08 16:00:00+00:00,289.97,290.04,284.92,286.24,13053504.0,287.6786666666667,22471.0
2021-02-08 20:00:00+00:00,286.28,288.38,285.97,287.77,4572732.0,287.276,7600.0
2021-02-09 14:30:00+00:00,285.05,286.6,282.19,283.22,9856596.0,284.1366666666667,16878.0
2021-02-09 16:00:00+00:00,283.21,283.6,280.67,282.24,10715697.0,282.226,20049.0
2021-02-09 20:00:00+00:00,282.23,283.33,281.47,283.08,3551232.0,282.5436666666667,6311.0
2021-02-10 14:30:00+00:00,281.05,281.61,266.67,272.62,27318240.0,273.3273333333333,47295.0
2021-02-10 16:00:00+00:00,272.7,273.42,268.83,270.63,23853147.0,270.8943333333333,44039.0
2021-02-10 20:00:00+00:00,270.64,270.83,267.22,268.33,9405930.0,268.6453333333333,16033.0
2021-02-11 14:30:00+00:00,270.81,276.63,269.41,270.65,15831636.0,272.981,26229.0
2021-02-11 16:00:00+00:00,270.66,272.61,267.26,270.2,14080869.0,270.15,24587.0
2021-02-11 20:00:00+00:00,270.18,270.66,268.76,270.55,3370077.0,269.7076666666667,6294.0
2021-02-12 14:30:00+00:00,267.09,268.87,261.78,265.16,16515858.0,264.8563333333333,28497.0
2021-02-12 16:00:00+00:00,265.15,269.62,265.07,267.71,14195097.0,267.2963333333333,24435.0
2021-02-12 20:00:00+00:00,267.72,272.44,267.0,272.01,6801147.0,270.2203333333333,11818.0
2021-02-16 14:30:00+00:00,272.67,273.67,268.09,268.37,11377167.0,270.7483333333333,18416.0
2021-02-16 16:00:00+00:00,268.4,268.77,264.15,266.09,17256030.0,266.519,29034.0
2021-02-16 20:00:00+00:00,266.08,266.54,264.83,265.33,3636129.0,265.5976666666667,6520.0
2021-02-17 14:30:00+00:00,259.67,263.33,254.0,259.86,17556885.0,259.1006666666667,29198.0
2021-02-17 16:00:00+00:00,259.82,265.67,255.7,264.3,19334628.0,259.9903333333333,33966.0
2021-02-17 20:00:00+00:00,264.28,266.61,263.8,266.08,5373603.0,265.3626666666667,10449.0
2021-02-18 14:30:00+00:00,260.25,264.66,258.83,261.33,12449682.0,261.5106666666667,19535.0
2021-02-18 16:00:00+00:00,261.37,264.42,260.6,263.44,12535815.0,262.513,21034.0
2021-02-18 20:00:00+00:00,263.44,264.9,261.87,262.46,5423844.0,263.368,9178.0
2021-02-19 14:30:00+00:00,265.0,265.6,261.9,263.13,9705363.0,263.639,15811.0
2021-02-19 16:00:00+00:00,263.15,264.78,259.34,260.48,16314618.0,261.5776666666667,29313.0
2021-02-19 20:00:00+00:00,260.46,261.0,259.12,260.5,4457379.0,259.996,9078.0
2021-02-22 14:30:00+00:00,254.22,256.17,245.0,247.53,22469211.0,250.8293333333333,36506.0
2021-02-22 16:00:00+00:00,247.53,249.97,244.47,245.24,18232581.0,247.4163333333333,32048.0
2021-02-22 20:00:00+00:00,245.24,245.33,236.73,238.24,18879870.0,240.2623333333333,32045.0
2021-02-23 14:30:00+00:00,220.62,236.33,206.33,233.8,60668745.0,220.7866666666667,102872.0
2021-02-23 16:00:00+00:00,233.85,235.0,222.94,229.5,36829509.0,227.966,62429.0
2021-02-23 20:00:00+00:00,229.54,237.87,228.51,232.88,14063973.0,234.6723333333333,24627.0
2021-02-24 14:30:00+00:00,237.12,241.62,231.39,239.28,27272766.0,236.445,46518.0
2021-02-24 16:00:00+00:00,239.3,245.93,239.27,241.89,28983663.0,243.0176666666667,46747.0
2021-02-24 20:00:00+00:00,241.88,248.33,241.74,247.34,8078526.0,245.6676666666667,15122.0
2021-02-25 14:30:00+00:00,242.0,245.74,235.73,238.48,16526928.0,240.9353333333333,28671.0
2021-02-25 16:00:00+00:00,238.43,239.74,227.87,230.38,35501361.0,233.412,59754.0
2021-02-25 20:00:00+00:00,230.35,231.33,223.53,227.53,12506223.0,227.4886666666667,22680.0
2021-02-26 14:30:00+00:00,233.27,235.57,219.84,227.72,29131398.0,226.2963333333333,51433.0
2021-02-26 16:00:00+00:00,227.9,232.18,223.57,226.86,27699780.0,227.8003333333333,48784.0
2021-02-26 20:00:00+00:00,226.9,229.69,223.53,223.67,8434353.0,227.2266666666667,17429.0
2021-03-01 14:30:00+00:00,229.89,237.62,228.35,236.94,19696242.0,232.9333333333333,31732.0
2021-03-01 16:00:00+00:00,237.0,239.33,234.77,237.3,18683367.0,237.301,31357.0
2021-03-01 20:00:00+00:00,237.27,239.67,236.88,239.48,6328779.0,238.2593333333333,11656.0
2021-03-02 14:30:00+00:00,239.29,240.37,233.95,236.94,14277816.0,236.84,22810.0
2021-03-02 16:00:00+00:00,236.81,237.58,230.12,231.67,18053646.0,233.6403333333333,29180.0
2021-03-02 20:00:00+00:00,231.68,231.79,228.33,228.74,5118816.0,229.6126666666667,9200.0
2021-03-03 14:30:00+00:00,229.13,233.57,224.46,229.58,17600196.0,228.696,28710.0
2021-03-03 16:00:00+00:00,229.61,231.57,220.7,222.83,21458745.0,226.0386666666667,35155.0
2021-03-03 20:00:00+00:00,222.83,222.83,217.23,217.47,9066300.0,219.3486666666667,16713.0
2021-03-04 14:30:00+00:00,218.46,222.82,205.67,217.17,35690508.0,213.4713333333333,59280.0
2021-03-04 16:00:00+00:00,217.3,218.3,200.0,207.3,69117054.0,206.5206666666667,102732.0
2021-03-04 20:00:00+00:00,207.22,208.77,203.73,207.16,11054235.0,206.0886666666667,20205.0
2021-03-05 14:30:00+00:00,208.62,209.28,190.0,191.76,55905231.0,196.742,88761.0
2021-03-05 16:00:00+00:00,191.79,202.04,179.83,200.56,91411209.0,192.072,140220.0
2021-03-05 20:00:00+00:00,200.52,201.57,197.59,199.17,13124541.0,199.6066666666667,21746.0
2021-03-08 14:30:00+00:00,200.29,206.71,194.67,201.17,38081307.0,201.003,55529.0
2021-03-08 16:00:00+00:00,201.17,202.1,188.33,191.0,40170075.0,194.2023333333333,62276.0
2021-03-08 20:00:00+00:00,190.83,190.91,186.26,187.66,15634374.0,188.4816666666667,26892.0
2021-03-09 14:30:00+00:00,202.73,211.59,198.4,210.09,37355409.0,205.0256666666667,57340.0
2021-03-09 16:00:00+00:00,210.14,226.03,209.42,222.0,65955837.0,219.335,109208.0
2021-03-09 20:00:00+00:00,221.96,225.08,221.16,224.53,14683977.0,223.4443333333333,26813.0
2021-03-10 14:30:00+00:00,233.42,239.28,223.33,228.61,50105451.0,231.883,76190.0
2021-03-10 16:00:00+00:00,228.59,231.0,218.61,227.14,48344268.0,224.7283333333333,71011.0
2021-03-10 20:00:00+00:00,227.02,228.0,221.55,222.76,9416058.0,224.0886666666667,14580.0
2021-03-11 14:30:00+00:00,233.13,233.33,225.73,228.92,23288208.0,229.524,37711.0
2021-03-11 16:00:00+00:00,228.97,233.17,228.4,230.56,28316808.0,230.9083333333333,43410.0
2021-03-11 20:00:00+00:00,230.51,234.17,230.0,233.2,10145289.0,232.6566666666667,16524.0
2021-03-12 14:30:00+00:00,223.35,228.73,222.04,225.6,21364035.0,225.5286666666667,32877.0
2021-03-12 16:00:00+00:00,225.63,231.63,224.59,229.81,29304993.0,228.8996666666667,44748.0
2021-03-12 20:00:00+00:00,229.82,231.6,228.04,231.28,6545580.0,229.985,12611.0
2021-03-15 13:30:00+00:00,231.36,237.73,228.01,233.35,32703147.0,233.5456666666667,48153.0
2021-03-15 16:00:00+00:00,233.35,236.63,233.23,235.98,19811286.0,234.9213333333333,32440.0
2021-03-16 13:30:00+00:00,234.43,235.97,231.46,233.73,20732724.0,234.0236666666667,32412.0
2021-03-16 16:00:00+00:00,233.76,233.76,223.67,225.54,36235158.0,228.4526666666667,56748.0
2021-03-17 13:30:00+00:00,218.51,227.93,217.0,222.5,31268280.0,223.3433333333333,49378.0
2021-03-17 16:00:00+00:00,222.4,234.58,221.05,233.92,40684197.0,228.5893333333333,65569.0
2021-03-18 13:30:00+00:00,228.17,229.74,224.24,225.05,26477304.0,226.4623333333333,42762.0
2021-03-18 16:00:00+00:00,225.05,226.82,217.33,217.77,29829597.0,222.116,47786.0
2021-03-19 13:30:00+00:00,215.33,218.09,208.21,216.23,42392886.0,213.8023333333333,67258.0
2021-03-19 16:00:00+00:00,216.29,219.08,213.43,218.32,27512484.0,216.456,46244.0
2021-03-22 13:30:00+00:00,228.2,231.47,224.19,229.46,35635071.0,228.4636666666667,53872.0
2021-03-22 16:00:00+00:00,229.41,233.21,222.92,223.33,33614772.0,229.6746666666667,50133.0
2021-03-23 13:30:00+00:00,225.43,225.93,221.14,223.15,26543937.0,223.528,40676.0
2021-03-23 16:00:00+00:00,223.14,224.83,219.17,220.83,23713323.0,221.9706666666667,39999.0
2021-03-24 13:30:00+00:00,222.64,222.67,217.0,219.3,30163674.0,219.5173333333333,41652.0
2021-03-24 16:00:00+00:00,219.24,220.07,210.04,210.04,30800838.0,214.619,45549.0
2021-03-25 13:30:00+00:00,204.33,212.9,203.17,210.67,39532011.0,208.3956666666667,60426.0
2021-03-25 16:00:00+00:00,210.72,215.17,208.09,213.36,31994928.0,212.004,49914.0
2021-03-26 13:30:00+00:00,213.96,214.61,205.92,206.59,19974189.0,210.7843333333333,32934.0
2021-03-26 16:00:00+00:00,206.59,206.85,200.0,206.28,35949660.0,203.7796666666667,62409.0
2021-03-29 13:30:00+00:00,205.14,205.25,198.67,202.57,24648675.0,201.6173333333333,42412.0
2021-03-29 16:00:00+00:00,202.68,205.4,200.5,203.84,21895566.0,203.0383333333333,39599.0
2021-03-30 13:30:00+00:00,200.64,211.17,197.0,208.42,39219816.0,203.337,58498.0
2021-03-30 16:00:00+00:00,208.35,212.55,205.1,212.05,35515866.0,208.581,51573.0
2021-03-31 13:30:00+00:00,215.42,221.29,213.7,219.34,33700665.0,218.24,49538.0
2021-03-31 16:00:00+00:00,219.3,224.0,219.3,222.67,26819502.0,221.6303333333333,44799.0
2021-04-01 13:30:00+00:00,229.4,230.81,223.93,223.95,35505969.0,227.4606666666667,57283.0
2021-04-01 16:00:00+00:00,223.94,226.26,219.81,220.37,29580147.0,222.741,47836.0
2021-04-05 13:30:00+00:00,235.9,236.05,229.89,231.56,40331175.0,232.6313333333333,60505.0
2021-04-05 16:00:00+00:00,231.52,235.08,228.23,230.33,36529089.0,231.9606666666667,52529.0
2021-04-06 13:30:00+00:00,230.1,231.93,227.12,230.89,29858127.0,229.885,40922.0
2021-04-06 16:00:00+00:00,230.88,232.18,228.15,230.54,25529124.0,230.373,38039.0
2021-04-07 13:30:00+00:00,229.0,230.46,227.43,228.12,21642633.0,228.8986666666667,31809.0
2021-04-07 16:00:00+00:00,228.13,228.31,222.61,223.68,29429448.0,225.3636666666667,45746.0
2021-04-08 13:30:00+00:00,225.79,229.85,223.88,229.31,26991945.0,227.3366666666667,41467.0
2021-04-08 16:00:00+00:00,229.32,229.58,226.42,227.93,17322117.0,227.884,28684.0
2021-04-09 13:30:00+00:00,225.95,226.99,223.14,225.0,20246712.0,225.093,31640.0
2021-04-09 16:00:00+00:00,225.0,226.29,223.7,225.67,17488962.0,225.0556666666667,32114.0
2021-04-12 13:30:00+00:00,228.57,234.93,227.36,232.11,30650163.0,232.2083333333333,47271.0
2021-04-12 16:00:00+00:00,232.13,234.67,231.73,233.88,20088024.0,233.442,33463.0
2021-04-13 13:30:00+00:00,237.56,247.16,236.89,246.04,35760090.0,243.3653333333333,55717.0
2021-04-13 16:00:00+00:00,246.05,254.33,246.05,254.12,47216184.0,250.3953333333333,72295.0
2021-04-14 13:30:00+00:00,256.9,260.26,247.39,251.5,50852418.0,253.503,81631.0
2021-04-14 16:00:00+00:00,251.53,254.54,242.68,244.33,37069707.0,249.054,60105.0
2021-04-15 13:30:00+00:00,247.82,247.9,240.44,243.34,30858174.0,243.8996666666667,46331.0
2021-04-15 16:00:00+00:00,243.31,246.29,241.38,246.28,19868337.0,244.376,33167.0
2021-04-16 13:30:00+00:00,243.11,245.33,241.53,244.32,21987981.0,243.5686666666667,32418.0
2021-04-16 16:00:00+00:00,244.32,249.8,243.97,246.59,28739310.0,247.0796666666667,48724.0
2021-04-19 13:30:00+00:00,239.88,241.8,230.6,236.89,48088572.0,235.319,76478.0
2021-04-19 16:00:00+00:00,236.89,239.63,235.56,238.26,23833062.0,237.446,39859.0
2021-04-20 13:30:00+00:00,239.14,245.75,237.16,239.43,42626256.0,241.8096666666667,60142.0
2021-04-20 16:00:00+00:00,239.44,241.14,236.89,239.6,26431713.0,239.14,41546.0
2021-04-21 13:30:00+00:00,234.86,243.41,232.67,242.53,26042118.0,238.0303333333333,42868.0
2021-04-21 16:00:00+00:00,242.59,248.28,240.92,247.97,28188072.0,243.718,47693.0
2021-04-22 13:30:00+00:00,247.15,251.26,244.43,244.78,29558427.0,247.5453333333333,47716.0
2021-04-22 16:00:00+00:00,244.84,248.59,239.35,239.93,36641688.0,243.0763333333333,57242.0
2021-04-23 13:30:00+00:00,239.92,245.79,238.49,244.74,27180903.0,242.871,43185.0
2021-04-23 16:00:00+00:00,244.74,245.18,240.56,243.13,21957543.0,243.1593333333333,35135.0
2021-04-26 13:30:00+00:00,247.0,249.77,244.2,246.1,28169832.0,246.406,39825.0
2021-04-26 16:00:00+00:00,246.08,246.93,244.49,246.0,19796910.0,245.712,33713.0
2021-04-27 13:30:00+00:00,239.32,241.33,235.03,237.85,34176762.0,237.368,56084.0
2021-04-27 16:00:00+00:00,237.86,238.53,234.45,234.91,17916189.0,236.4023333333333,31237.0
2021-04-28 13:30:00+00:00,232.15,236.17,231.2,232.79,20722389.0,233.5256666666667,33119.0
2021-04-28 16:00:00+00:00,232.82,234.27,231.34,231.49,18019695.0,232.7303333333333,30602.0
2021-04-29 13:30:00+00:00,233.17,234.08,224.67,224.77,25576476.0,228.671,39417.0
2021-04-29 16:00:00+00:00,224.78,228.15,222.87,225.67,26046948.0,225.2626666666667,41235.0
2021-04-30 13:30:00+00:00,222.53,235.0,222.05,234.52,36283707.0,230.2836666666667,67287.0
2021-04-30 16:00:00+00:00,234.53,238.49,233.48,236.61,37157226.0,235.5193333333333,68157.0
2021-05-03 13:30:00+00:00,234.6,235.33,227.47,228.67,29145195.0,231.306,44395.0
2021-05-03 16:00:00+00:00,228.61,229.83,226.83,228.26,20699298.0,228.3416666666667,34144.0
2021-05-04 13:30:00+00:00,226.27,227.82,219.23,220.23,30660852.0,222.6473333333333,47749.0
2021-05-04 16:00:00+00:00,220.22,224.73,219.95,224.73,22011267.0,221.9033333333333,36233.0
2021-05-05 13:30:00+00:00,227.17,228.43,222.52,226.17,23151321.0,225.5403333333333,37053.0
2021-05-05 16:00:00+00:00,226.2,226.61,222.45,223.76,16854930.0,224.024,28418.0
2021-05-06 13:30:00+00:00,227.01,227.01,216.67,221.08,30093933.0,221.3046666666667,46671.0
2021-05-06 16:00:00+00:00,221.08,223.26,217.58,221.23,21758403.0,220.3813333333333,36601.0
2021-05-07 13:30:00+00:00,221.9,227.84,220.07,225.14,21173223.0,224.7293333333333,36553.0
2021-05-07 16:00:00+00:00,225.14,225.14,221.37,224.12,20900676.0,223.4956666666667,36304.0
2021-05-10 13:30:00+00:00,221.63,221.68,213.51,215.22,26646498.0,216.412,43870.0
2021-05-10 16:00:00+00:00,215.22,216.16,209.2,209.68,29377917.0,212.2433333333333,48342.0
2021-05-11 13:30:00+00:00,199.73,208.53,198.53,204.92,50058903.0,203.431,77999.0
2021-05-11 16:00:00+00:00,204.99,209.03,203.08,205.68,32460027.0,206.2893333333333,52878.0
2021-05-12 13:30:00+00:00,200.83,206.8,198.7,199.22,29251368.0,202.4786666666667,45187.0
2021-05-12 16:00:00+00:00,199.11,202.28,195.59,196.6,31417029.0,199.0876666666667,51473.0
2021-05-13 13:30:00+00:00,200.7,202.15,189.32,189.87,40254045.0,195.9423333333333,65984.0
2021-05-13 16:00:00+00:00,189.91,193.28,186.67,190.47,39074703.0,190.341,66981.0
2021-05-14 13:30:00+00:00,194.47,197.62,190.15,194.29,33401889.0,194.0516666666667,54618.0
2021-05-14 16:00:00+00:00,194.3,197.15,191.84,196.57,28401087.0,194.8933333333333,47020.0
2021-05-17 13:30:00+00:00,191.94,196.58,191.1,191.49,26946756.0,193.324,41088.0
2021-05-17 16:00:00+00:00,191.44,192.3,187.07,192.28,33729408.0,189.6303333333333,54409.0
2021-05-18 13:30:00+00:00,189.33,198.75,187.79,195.88,37993302.0,193.9466666666667,58092.0
2021-05-18 16:00:00+00:00,195.9,197.38,192.0,192.62,34727925.0,194.4486666666667,52340.0
2021-05-19 13:30:00+00:00,184.13,187.23,182.33,185.07,40659849.0,184.797,61805.0
2021-05-19 16:00:00+00:00,185.08,188.74,184.45,187.81,32326461.0,186.706,49067.0
2021-05-20 13:30:00+00:00,191.66,194.9,190.36,193.48,30970770.0,193.0163333333333,45942.0
2021-05-20 16:00:00+00:00,193.51,196.28,191.58,195.57,29803413.0,193.812,44044.0
2021-05-21 13:30:00+00:00,198.7,198.89,194.1,194.29,26258004.0,196.3576666666667,41651.0
2021-05-21 16:00:00+00:00,194.3,196.65,193.33,193.63,20521797.0,195.132,32813.0
2021-05-24 13:30:00+00:00,193.82,200.39,191.22,199.69,34179498.0,197.4073333333333,49406.0
2021-05-24 16:00:00+00:00,199.72,204.83,198.86,202.29,34985037.0,202.1663333333333,53433.0
2021-05-25 13:30:00+00:00,202.44,204.66,198.57,200.02,33351063.0,201.268,46422.0
2021-05-25 16:00:00+00:00,200.06,201.71,199.37,201.57,21927786.0,200.4716666666667,31498.0
2021-05-26 13:30:00+00:00,202.58,208.23,200.5,207.73,30830190.0,204.297,41830.0
2021-05-26 16:00:00+00:00,207.73,208.72,205.67,206.4,26225592.0,207.3123333333333,36778.0
2021-05-27 13:30:00+00:00,206.75,209.58,205.4,206.51,25650921.0,207.7006666666667,35178.0
2021-05-27 16:00:00+00:00,206.56,210.38,205.73,210.35,21068673.0,207.2583333333333,34121.0
2021-05-28 13:30:00+00:00,209.5,211.62,207.46,208.11,20996163.0,209.2633333333333,31544.0
2021-05-28 16:00:00+00:00,208.1,211.86,208.01,208.57,22277574.0,210.0566666666667,36536.0
2021-06-01 13:30:00+00:00,209.27,211.27,207.41,208.49,19508043.0,209.211,27961.0
2021-06-01 16:00:00+00:00,208.53,209.39,206.85,208.01,14157975.0,208.3203333333333,22381.0
2021-06-02 13:30:00+00:00,206.81,207.79,201.37,201.87,21663105.0,203.9656666666667,33687.0
2021-06-02 16:00:00+00:00,201.86,202.22,199.71,201.69,19842381.0,201.0696666666667,33210.0
2021-06-03 13:30:00+00:00,200.6,201.52,197.37,199.56,21193545.0,199.5573333333333,32020.0
2021-06-03 16:00:00+00:00,199.56,201.12,190.41,190.94,33289704.0,194.1956666666667,61192.0
2021-06-04 13:30:00+00:00,193.2,199.54,192.4,197.78,26716434.0,197.1313333333333,41631.0
2021-06-04 16:00:00+00:00,197.79,200.2,197.28,199.74,18230640.0,199.125,31694.0
2021-06-07 13:30:00+00:00,197.2,198.33,194.29,196.01,19650060.0,195.8126666666667,30577.0
2021-06-07 16:00:00+00:00,195.98,203.33,195.5,201.71,22334256.0,199.0543333333333,36528.0
2021-06-08 13:30:00+00:00,207.72,207.72,198.5,200.33,29318958.0,202.9736666666667,43474.0
2021-06-08 16:00:00+00:00,200.36,202.01,199.28,201.17,19597545.0,200.7066666666667,30928.0
2021-06-09 13:30:00+00:00,200.7,203.93,199.5,199.82,18853392.0,201.7746666666667,26363.0
2021-06-09 16:00:00+00:00,199.79,201.51,199.21,199.59,13979814.0,200.2166666666667,22046.0
2021-06-10 13:30:00+00:00,201.25,205.2,200.17,202.61,25003245.0,203.2133333333333,35493.0
2021-06-10 16:00:00+00:00,202.62,205.53,202.2,203.37,22728783.0,204.058,33533.0
2021-06-11 13:30:00+00:00,203.41,203.65,200.51,201.86,14251476.0,201.689,24119.0
2021-06-11 16:00:00+00:00,201.88,204.19,201.53,203.3,15873852.0,203.1033333333333,26551.0
2021-06-14 13:30:00+00:00,204.11,208.42,203.06,205.89,19657137.0,206.369,29781.0
2021-06-14 16:00:00+00:00,205.88,207.5,203.9,205.9,19683255.0,205.6576666666667,31036.0
2021-06-15 13:30:00+00:00,205.51,205.6,201.38,201.8,17365749.0,203.1676666666667,26822.0
2021-06-15 16:00:00+00:00,201.8,202.13,199.41,199.73,16911165.0,200.7223333333333,26875.0
2021-06-16 13:30:00+00:00,199.27,201.16,197.83,199.65,15035604.0,199.3783333333333,21578.0
2021-06-16 16:00:00+00:00,199.66,202.83,198.41,201.6,26310186.0,200.8796666666667,38677.0
2021-06-17 13:30:00+00:00,200.57,206.43,200.45,205.01,22470870.0,203.998,34272.0
2021-06-17 16:00:00+00:00,205.05,207.16,203.84,205.53,19618134.0,205.9236666666667,33787.0
2021-06-18 13:30:00+00:00,204.4,206.8,203.93,206.03,17577198.0,205.3486666666667,23872.0
2021-06-18 16:00:00+00:00,206.06,209.45,205.79,207.77,27821235.0,207.677,45491.0
2021-06-21 13:30:00+00:00,208.16,209.19,202.96,206.44,22986264.0,205.4016666666667,33255.0
2021-06-21 16:00:00+00:00,206.41,210.46,206.32,206.94,24292209.0,208.389,37435.0
2021-06-22 13:30:00+00:00,206.09,208.99,205.17,208.11,20785620.0,207.1066666666667,30765.0
2021-06-22 16:00:00+00:00,208.14,209.52,207.4,207.83,14950011.0,208.461,23436.0
2021-06-23 13:30:00+00:00,210.67,218.7,210.01,216.52,34316853.0,215.868,55134.0
2021-06-23 16:00:00+00:00,216.54,219.07,216.4,218.86,23533944.0,218.02,38512.0
2021-06-24 13:30:00+00:00,225.0,231.9,222.54,231.3,43707564.0,227.662,69291.0
2021-06-24 16:00:00+00:00,231.29,232.54,225.43,226.57,48188796.0,228.8776666666667,71078.0
2021-06-25 13:30:00+00:00,229.74,231.27,225.72,226.4,32252718.0,228.172,46613.0
2021-06-25 16:00:00+00:00,226.36,226.42,222.9,223.87,30907965.0,224.5163333333333,49819.0
2021-06-28 13:30:00+00:00,223.83,231.57,223.44,229.29,24027582.0,228.8496666666667,36459.0
2021-06-28 16:00:00+00:00,229.28,229.98,227.25,229.49,17110332.0,228.924,25529.0
2021-06-29 13:30:00+00:00,228.22,229.17,225.3,227.42,19580187.0,226.991,28383.0
2021-06-29 16:00:00+00:00,227.42,227.81,225.75,226.92,14256774.0,226.7176666666667,22666.0
2021-06-30 13:30:00+00:00,226.59,230.94,226.22,229.75,19801056.0,229.0426666666667,29833.0
2021-06-30 16:00:00+00:00,229.74,229.76,226.05,226.64,15313125.0,227.7896666666667,24784.0
2021-07-01 13:30:00+00:00,228.0,229.33,224.27,227.16,21695871.0,226.8053333333333,33817.0
2021-07-01 16:00:00+00:00,227.12,227.32,224.74,225.97,12418821.0,225.743,22029.0
2021-07-02 13:30:00+00:00,226.27,233.33,224.42,226.55,35324910.0,228.7883333333333,56911.0
2021-07-02 16:00:00+00:00,226.54,227.5,225.13,226.3,16194573.0,226.2733333333333,29041.0
2021-07-06 13:30:00+00:00,227.27,228.0,218.53,219.29,23519877.0,221.8233333333333,42697.0
2021-07-06 16:00:00+00:00,219.17,220.27,217.13,219.83,15929409.0,218.7246666666667,31444.0
2021-07-07 13:30:00+00:00,221.42,221.9,212.77,215.77,22926873.0,216.4403333333333,35416.0
2021-07-07 16:00:00+00:00,215.75,216.24,214.13,214.95,12780039.0,215.0493333333333,21154.0
2021-07-08 13:30:00+00:00,209.46,214.58,206.82,214.47,24791859.0,211.524,36257.0
2021-07-08 16:00:00+00:00,214.55,218.14,214.2,217.77,17379966.0,216.1216666666667,26570.0
2021-07-09 13:30:00+00:00,217.7,219.52,214.9,217.36,15803622.0,217.1073333333333,25441.0
2021-07-09 16:00:00+00:00,217.36,219.64,217.1,219.0,16509930.0,218.5126666666667,27321.0
2021-07-12 13:30:00+00:00,220.83,228.6,220.72,226.57,27335319.0,225.7273333333333,43466.0
2021-07-12 16:00:00+00:00,226.54,229.08,226.24,228.5,21201657.0,227.8863333333333,35451.0
2021-07-13 13:30:00+00:00,228.77,231.09,225.07,227.19,22361397.0,227.091,34207.0
2021-07-13 16:00:00+00:00,227.17,227.52,222.1,222.97,17243487.0,224.2576666666667,26710.0
2021-07-14 13:30:00+00:00,223.57,226.2,220.67,221.68,25725231.0,223.486,35074.0
2021-07-14 16:00:00+00:00,221.63,222.62,217.61,217.78,18916071.0,220.0463333333333,29557.0
2021-07-15 13:30:00+00:00,219.46,222.05,216.72,216.91,20764803.0,219.487,30279.0
2021-07-15 16:00:00+00:00,216.95,217.24,212.63,216.97,19318053.0,215.167,29465.0
2021-07-16 13:30:00+00:00,217.83,218.9,214.14,215.4,16792170.0,215.8166666666667,24794.0
2021-07-16 16:00:00+00:00,215.5,217.46,214.07,214.67,13171389.0,215.5083333333333,22702.0
2021-07-19 13:30:00+00:00,209.94,214.32,207.1,212.67,20371650.0,210.359,31149.0
2021-07-19 16:00:00+00:00,212.64,215.73,211.23,215.47,15561630.0,213.907,24550.0
2021-07-20 13:30:00+00:00,217.33,217.57,213.5,216.06,14097042.0,215.446,23215.0
2021-07-20 16:00:00+00:00,216.09,220.8,215.5,220.1,13242645.0,217.9566666666667,23054.0
2021-07-21 13:30:00+00:00,219.93,221.62,217.71,218.33,14090049.0,220.0503333333333,21231.0
2021-07-21 16:00:00+00:00,218.24,218.81,216.76,218.41,11188704.0,218.016,19029.0
2021-07-22 13:30:00+00:00,218.83,220.72,215.63,215.87,13289958.0,217.946,21465.0
2021-07-22 16:00:00+00:00,216.0,218.75,214.87,216.37,14294040.0,216.9276666666667,22885.0
2021-07-23 13:30:00+00:00,215.44,215.74,212.43,213.12,12268494.0,213.861,19698.0
2021-07-23 16:00:00+00:00,213.17,216.27,212.57,214.44,13430244.0,214.549,23081.0
2021-07-26 13:30:00+00:00,216.99,221.4,215.7,221.28,21553374.0,218.8673333333333,34856.0
2021-07-26 16:00:00+00:00,221.31,222.73,217.91,219.43,21051696.0,220.2303333333333,36284.0
2021-07-27 13:30:00+00:00,221.13,222.17,210.04,212.35,33556626.0,214.9096666666667,60165.0
2021-07-27 16:00:00+00:00,212.32,215.33,209.08,214.93,27609921.0,212.803,46364.0
2021-07-28 13:30:00+00:00,215.59,218.32,213.13,215.01,17253483.0,215.9246666666667,26578.0
2021-07-28 16:00:00+00:00,215.09,216.64,214.15,215.66,11286621.0,215.4223333333333,18812.0
2021-07-29 13:30:00+00:00,216.69,226.93,216.27,226.05,33597672.0,223.116,54723.0
2021-07-29 16:00:00+00:00,226.08,227.9,224.34,225.79,23727309.0,226.132,38833.0
2021-07-30 13:30:00+00:00,223.92,230.96,223.0,230.78,27539715.0,228.255,51209.0
2021-07-30 16:00:00+00:00,230.76,232.51,227.58,229.2,25268091.0,229.7603333333333,46053.0
2021-08-02 13:30:00+00:00,233.29,242.31,232.8,238.67,36069696.0,239.1466666666667,59320.0
2021-08-02 16:00:00+00:00,238.63,241.13,235.6,236.55,25051236.0,238.515,43206.0
2021-08-03 13:30:00+00:00,239.53,240.88,233.67,236.67,26560272.0,236.9966666666667,43519.0
2021-08-03 16:00:00+00:00,236.67,237.53,234.88,236.62,13759410.0,236.415,23953.0
2021-08-04 13:30:00+00:00,237.08,241.63,236.31,238.8,18684435.0,238.6886666666667,31340.0
2021-08-04 16:00:00+00:00,238.74,239.0,236.31,236.97,11479647.0,237.437,21276.0
2021-08-05 13:30:00+00:00,238.63,240.08,237.14,239.92,13403532.0,238.7626666666667,22260.0
2021-08-05 16:00:00+00:00,239.93,240.32,237.74,238.21,9598137.0,238.52,18123.0
2021-08-06 13:30:00+00:00,237.24,238.78,232.54,234.67,13994733.0,235.5396666666667,25941.0
2021-08-06 16:00:00+00:00,234.69,234.93,232.67,232.96,11653872.0,233.5613333333333,23000.0
2021-08-09 13:30:00+00:00,236.72,239.68,235.04,237.91,17089155.0,237.9483333333333,27725.0
2021-08-09 16:00:00+00:00,237.86,239.23,237.43,237.91,8988234.0,238.3096666666667,16558.0
2021-08-10 13:30:00+00:00,238.0,238.0,233.96,237.26,13735020.0,235.551,25025.0
2021-08-10 16:00:00+00:00,237.25,238.86,236.04,236.66,10147614.0,237.42,17930.0
2021-08-11 13:30:00+00:00,237.57,238.39,234.74,235.36,9525384.0,236.323,16928.0
2021-08-11 16:00:00+00:00,235.29,236.87,235.12,235.95,6911640.0,235.968,12764.0
2021-08-12 13:30:00+00:00,235.27,240.21,233.13,240.0,15872703.0,236.1276666666667,25833.0
2021-08-12 16:00:00+00:00,239.98,240.93,238.35,240.73,16743465.0,239.6376666666667,30368.0
2021-08-13 13:30:00+00:00,241.27,243.3,238.37,238.78,18760218.0,240.6423333333333,32845.0
2021-08-13 16:00:00+00:00,238.75,240.17,238.18,239.09,10173468.0,239.3166666666667,20154.0
2021-08-16 13:30:00+00:00,235.13,236.5,226.02,227.81,24086928.0,229.5586666666667,43262.0
2021-08-16 16:00:00+00:00,227.84,229.49,226.67,228.72,14059065.0,228.0626666666667,27352.0
2021-08-17 13:30:00+00:00,224.24,224.86,218.84,218.89,19670727.0,221.9293333333333,30958.0
2021-08-17 16:00:00+00:00,218.87,222.28,216.28,221.95,20550906.0,219.0593333333333,33610.0
2021-08-18 13:30:00+00:00,223.46,231.27,223.12,230.24,20470962.0,228.097,35235.0
2021-08-18 16:00:00+00:00,230.26,231.92,228.24,229.76,14735553.0,230.4533333333333,27697.0
2021-08-19 13:30:00+00:00,226.07,228.85,224.33,226.67,14432829.0,226.1916666666667,22970.0
2021-08-19 16:00:00+00:00,226.67,227.0,222.53,224.49,10503015.0,224.9573333333333,18414.0
2021-08-20 13:30:00+00:00,227.62,230.71,224.57,224.94,14594235.0,227.1063333333333,24794.0
2021-08-20 16:00:00+00:00,224.99,227.18,224.8,226.7,9220188.0,226.1736666666667,17995.0
2021-08-23 13:30:00+00:00,228.52,236.55,226.92,236.37,22440597.0,233.0636666666667,36297.0
2021-08-23 16:00:00+00:00,236.35,237.38,234.76,235.39,14886837.0,236.124,26901.0
2021-08-24 13:30:00+00:00,236.97,238.4,234.21,235.99,16475487.0,236.1383333333333,26658.0
2021-08-24 16:00:00+00:00,235.99,236.76,235.14,236.16,6890646.0,235.9466666666667,12277.0
2021-08-25 13:30:00+00:00,235.67,238.33,234.67,236.62,12010356.0,236.8473333333333,18759.0
2021-08-25 16:00:00+00:00,236.6,238.99,236.4,237.0,10727052.0,237.7563333333333,19376.0
2021-08-26 13:30:00+00:00,236.1,238.47,233.73,235.05,12866973.0,236.0973333333333,22290.0
2021-08-26 16:00:00+00:00,235.01,236.1,232.54,233.72,10540053.0,234.252,19145.0
2021-08-27 13:30:00+00:00,235.0,238.0,234.03,237.1,13342506.0,236.2886666666667,23389.0
2021-08-27 16:00:00+00:00,237.1,238.33,236.57,237.25,10805448.0,237.473,21769.0
2021-08-30 13:30:00+00:00,238.17,242.93,237.58,242.89,17306481.0,240.7646666666667,29279.0
2021-08-30 16:00:00+00:00,242.9,243.67,240.68,243.61,16056912.0,242.4926666666667,29209.0
2021-08-31 13:30:00+00:00,244.26,246.78,242.15,245.94,18045192.0,244.7263333333333,30924.0
2021-08-31 16:00:00+00:00,245.96,246.39,242.77,245.25,14689125.0,244.949,27156.0
2021-09-01 13:30:00+00:00,244.7,247.33,243.86,245.63,12099876.0,246.0036666666667,20313.0
2021-09-01 16:00:00+00:00,245.61,246.01,243.76,244.69,9492684.0,245.0153333333333,17186.0
2021-09-02 13:30:00+00:00,244.83,246.99,244.13,246.4,11278812.0,245.736,18860.0
2021-09-02 16:00:00+00:00,246.39,246.59,243.51,244.13,11752959.0,244.6896666666667,21280.0
2021-09-03 13:30:00+00:00,243.89,244.57,241.83,242.01,12174759.0,243.194,22434.0
2021-09-03 16:00:00+00:00,242.02,244.67,241.4,244.58,14659419.0,242.8773333333333,28206.0
2021-09-07 13:30:00+00:00,246.67,253.4,246.42,250.25,24183864.0,251.006,41435.0
2021-09-07 16:00:00+00:00,250.24,251.87,249.71,250.91,11588460.0,250.9026666666667,21899.0
2021-09-08 13:30:00+00:00,253.84,254.82,247.39,247.62,21763314.0,251.217,35057.0
2021-09-08 16:00:00+00:00,247.62,251.54,246.92,251.3,13679010.0,250.104,22130.0
2021-09-09 13:30:00+00:00,251.24,254.03,251.0,251.81,13229706.0,252.6013333333333,21769.0
2021-09-09 16:00:00+00:00,251.78,253.24,250.54,251.53,12575631.0,252.0293333333333,21392.0
2021-09-10 13:30:00+00:00,253.2,254.2,251.17,251.38,10561824.0,252.2203333333333,17946.0
2021-09-10 16:00:00+00:00,251.39,251.96,244.84,245.41,16182858.0,248.5996666666667,30753.0
2021-09-13 13:30:00+00:00,246.8,247.23,236.39,240.49,23445225.0,240.795,40119.0
2021-09-13 16:00:00+00:00,240.55,248.26,240.39,247.71,19811427.0,245.0486666666667,32664.0
2021-09-14 13:30:00+00:00,247.5,251.49,247.37,249.29,19004013.0,249.767,31836.0
2021-09-14 16:00:00+00:00,249.23,249.58,245.47,248.18,15161763.0,247.287,27558.0
2021-09-15 13:30:00+00:00,248.27,249.14,246.12,248.69,11989749.0,247.535,19471.0
2021-09-15 16:00:00+00:00,248.69,252.29,248.61,251.96,15939030.0,250.8676666666667,28624.0
2021-09-16 13:30:00+00:00,250.88,252.24,249.2,250.33,11441139.0,250.1303333333333,19617.0
2021-09-16 16:00:00+00:00,250.33,252.97,250.0,252.3,11997114.0,251.7606666666667,21935.0
2021-09-17 13:30:00+00:00,252.17,253.68,250.0,250.62,16092207.0,252.1583333333333,24136.0
2021-09-17 16:00:00+00:00,250.62,253.58,250.04,253.28,19926198.0,252.1743333333333,36283.0
2021-09-20 13:30:00+00:00,244.71,247.33,241.49,242.83,19692384.0,244.1996666666667,35459.0
2021-09-20 16:00:00+00:00,242.79,244.31,239.54,243.42,20820159.0,242.1343333333333,35117.0
2021-09-21 13:30:00+00:00,244.93,248.25,243.48,247.55,18407952.0,246.316,28585.0
2021-09-21 16:00:00+00:00,247.57,247.88,246.06,246.46,9949452.0,246.8823333333333,16426.0
2021-09-22 13:30:00+00:00,247.84,250.0,246.37,249.56,12676956.0,248.31,21191.0
2021-09-22 16:00:00+00:00,249.57,251.22,248.44,250.58,13648329.0,249.8983333333333,25318.0
2021-09-23 13:30:00+00:00,251.67,252.73,249.31,249.76,10838133.0,251.0823333333333,18962.0
2021-09-23 16:00:00+00:00,249.81,251.77,249.44,251.23,9636366.0,251.1273333333333,17230.0
2021-09-24 13:30:00+00:00,248.63,255.2,248.19,254.29,19200084.0,252.5536666666667,32071.0
2021-09-24 16:00:00+00:00,254.26,258.27,253.65,258.18,20480619.0,256.0566666666667,37358.0
2021-09-27 13:30:00+00:00,257.74,264.31,256.44,263.99,28296819.0,260.144,47814.0
2021-09-27 16:00:00+00:00,263.96,266.33,263.21,263.8,24263808.0,264.9383333333333,38588.0
2021-09-28 13:30:00+00:00,262.4,265.21,258.34,259.84,23746311.0,261.291,38876.0
2021-09-28 16:00:00+00:00,259.87,261.73,255.39,259.19,23618523.0,259.2386666666667,38314.0
2021-09-29 13:30:00+00:00,260.21,264.5,259.6,260.73,19287453.0,262.078,28939.0
2021-09-29 16:00:00+00:00,260.79,261.8,256.89,260.43,21591960.0,259.6956666666667,32430.0
2021-09-30 13:30:00+00:00,260.33,263.05,258.74,260.42,18081885.0,261.0286666666667,27710.0
2021-09-30 16:00:00+00:00,260.43,263.0,258.33,258.37,15694857.0,260.6756666666667,26728.0
2021-10-01 13:30:00+00:00,259.47,260.26,254.53,258.57,16270404.0,257.056,28181.0
2021-10-01 16:00:00+00:00,258.6,259.16,255.61,258.41,14698986.0,257.5756666666667,25461.0
2021-10-04 13:30:00+00:00,265.5,268.99,260.9,262.4,37436097.0,265.0286666666667,59358.0
2021-10-04 16:00:00+00:00,262.41,262.84,258.71,260.53,20110497.0,260.7406666666667,32181.0
2021-10-05 13:30:00+00:00,261.57,265.77,259.6,260.41,19979640.0,262.9923333333333,31952.0
2021-10-05 16:00:00+00:00,260.44,262.18,258.17,260.2,14938890.0,260.2783333333333,24849.0
2021-10-06 13:30:00+00:00,258.73,262.22,257.74,261.69,16036497.0,260.3096666666667,24864.0
2021-10-06 16:00:00+00:00,261.58,261.71,258.68,260.84,10757868.0,260.3376666666667,18626.0
2021-10-07 13:30:00+00:00,261.82,263.28,261.13,262.57,11746503.0,262.319,19868.0
2021-10-07 16:00:00+00:00,262.56,268.33,261.81,264.52,20351112.0,264.99,36882.0
2021-10-08 13:30:00+00:00,265.4,265.46,260.3,260.94,16765986.0,262.2626666666667,29946.0
2021-10-08 16:00:00+00:00,260.94,264.54,260.63,261.84,13463085.0,262.492,23934.0
2021-10-11 13:30:00+00:00,262.55,267.08,261.83,264.54,14527470.0,265.0623333333333,23430.0
2021-10-11 16:00:00+00:00,264.48,266.48,263.84,263.89,11743974.0,264.997,19255.0
2021-10-12 13:30:00+00:00,266.96,270.0,265.52,269.15,22185012.0,268.553,37956.0
2021-10-12 16:00:00+00:00,269.17,270.77,267.67,268.58,15131763.0,269.5123333333333,26813.0
2021-10-13 13:30:00+00:00,270.06,270.63,268.59,270.13,13406757.0,269.57,21269.0
2021-10-13 16:00:00+00:00,270.17,271.8,269.0,270.42,12416988.0,270.1586666666667,21630.0
2021-10-14 13:30:00+00:00,271.83,272.61,271.12,272.33,9503100.0,272.029,17178.0
2021-10-14 16:00:00+00:00,272.33,273.42,272.19,272.67,9765417.0,272.8206666666667,18625.0
2021-10-15 13:30:00+00:00,274.67,278.53,274.12,277.82,18906591.0,276.4676666666667,31244.0
2021-10-15 16:00:00+00:00,277.87,281.07,277.11,281.02,15990639.0,278.89,31289.0
2021-10-18 13:30:00+00:00,283.83,288.21,283.82,286.61,19769883.0,286.6443333333333,33932.0
2021-10-18 16:00:00+00:00,286.61,291.68,286.57,290.04,21767952.0,289.8843333333333,39194.0
2021-10-19 13:30:00+00:00,292.45,292.65,287.5,290.18,17824452.0,289.7866666666667,30764.0
2021-10-19 16:00:00+00:00,290.23,291.99,287.58,288.05,13637361.0,290.1063333333333,22745.0
2021-10-20 13:30:00+00:00,288.45,289.83,285.79,289.33,10868445.0,288.0953333333333,17982.0
2021-10-20 16:00:00+00:00,289.36,289.38,287.02,288.6,11251848.0,288.408,20102.0
2021-10-21 13:30:00+00:00,285.33,300.0,285.17,297.19,40579089.0,295.8836666666667,70647.0
2021-10-21 16:00:00+00:00,297.3,298.75,296.24,297.87,19314957.0,297.698,33433.0
2021-10-22 13:30:00+00:00,298.5,303.33,296.99,300.79,25016151.0,300.8486666666667,42923.0
2021-10-22 16:00:00+00:00,300.78,303.33,300.2,303.17,16558953.0,302.1313333333333,30672.0
2021-10-25 13:30:00+00:00,316.83,326.6,314.73,324.89,45610413.0,320.7733333333333,80794.0
2021-10-25 16:00:00+00:00,324.89,348.34,323.86,341.62,69421515.0,336.5163333333333,120702.0
2021-10-26 13:30:00+00:00,341.56,364.98,340.52,344.57,68308626.0,352.6936666666667,122348.0
2021-10-26 16:00:00+00:00,344.39,348.27,333.81,339.35,45331383.0,341.23,71460.0
2021-10-27 13:30:00+00:00,346.55,356.96,344.34,352.07,44394744.0,351.1286666666667,79536.0
2021-10-27 16:00:00+00:00,352.02,352.49,343.59,346.0,22040124.0,347.1876666666667,38726.0
2021-10-28 13:30:00+00:00,356.01,360.33,351.4,357.4,27926865.0,355.9003333333333,48216.0
2021-10-28 16:00:00+00:00,357.4,359.9,354.78,359.03,19035999.0,357.3856666666667,33869.0
2021-10-29 13:30:00+00:00,360.47,366.67,357.73,363.52,27934029.0,363.0733333333333,45402.0
2021-10-29 16:00:00+00:00,363.52,371.74,363.52,371.39,24651123.0,366.973,45371.0
2021-11-01 13:30:00+00:00,381.67,389.83,372.89,389.11,42585561.0,380.653,72777.0
2021-11-01 16:00:00+00:00,389.07,403.25,387.4,403.16,52444818.0,394.126,88392.0
2021-11-02 13:30:00+00:00,386.45,402.86,382.0,390.47,42619371.0,394.323,75624.0
2021-11-02 16:00:00+00:00,390.33,396.42,384.22,390.62,24826422.0,390.1316666666667,44343.0
2021-11-03 13:30:00+00:00,392.48,396.97,387.0,388.59,20916066.0,393.0376666666667,35510.0
2021-11-03 16:00:00+00:00,388.52,405.13,384.21,404.62,36802716.0,395.6436666666667,63063.0
2021-11-04 13:30:00+00:00,411.37,414.5,405.67,411.83,24760140.0,410.9303333333333,44615.0
2021-11-04 16:00:00+00:00,411.84,413.8,408.6,409.91,17016447.0,411.423,31650.0
2021-11-05 13:30:00+00:00,409.48,412.98,402.67,411.29,17409660.0,409.3963333333333,31889.0
2021-11-05 16:00:00+00:00,411.2,413.29,405.65,407.15,19026762.0,408.8933333333333,34045.0
2021-11-08 14:30:00+00:00,383.23,399.0,377.67,396.14,28735875.0,391.1236666666667,48224.0
2021-11-08 16:00:00+00:00,396.1,398.16,393.0,394.71,13434507.0,395.38,23631.0
2021-11-08 20:00:00+00:00,394.75,395.37,386.67,387.58,6507654.0,390.013,11744.0
2021-11-09 14:30:00+00:00,391.2,391.5,344.0,360.33,39832557.0,367.144,69595.0
2021-11-09 16:00:00+00:00,360.38,363.66,341.21,349.8,43319994.0,350.021,72070.0
2021-11-09 20:00:00+00:00,349.83,349.95,337.17,341.17,12991638.0,341.7433333333333,23646.0
2021-11-10 14:30:00+00:00,336.8,359.37,329.1,355.43,29816064.0,348.2973333333333,51045.0
2021-11-10 16:00:00+00:00,355.6,358.89,337.5,340.46,23426718.0,350.466,40064.0
2021-11-10 20:00:00+00:00,340.5,358.48,340.5,355.92,13250964.0,352.1026666666667,24757.0
2021-11-11 14:30:00+00:00,367.59,368.32,351.56,358.16,19195386.0,358.974,34524.0
2021-11-11 16:00:00+00:00,358.17,359.4,352.02,355.22,12585258.0,355.7766666666667,21837.0
2021-11-11 20:00:00+00:00,355.17,355.54,353.33,354.5,3203007.0,354.5363333333333,6108.0
2021-11-12 14:30:00+00:00,349.17,351.5,342.62,346.59,12197601.0,346.8843333333333,22983.0
2021-11-12 16:00:00+00:00,346.57,347.26,339.88,341.0,19358721.0,342.6936666666667,36825.0
2021-11-12 20:00:00+00:00,341.07,345.16,340.7,344.5,6806139.0,343.302,14274.0
2021-11-15 14:30:00+00:00,339.21,341.19,326.2,330.32,19120377.0,332.0353333333333,34130.0
2021-11-15 16:00:00+00:00,330.26,340.0,327.79,339.13,20015727.0,331.1806666666667,34634.0
2021-11-15 20:00:00+00:00,339.02,343.99,334.5,337.9,13576455.0,338.8116666666667,23408.0
2021-11-16 14:30:00+00:00,334.44,352.4,334.06,347.61,21251916.0,345.822,36830.0
2021-11-16 16:00:00+00:00,347.61,351.51,345.31,348.54,14857371.0,348.5866666666667,25669.0
2021-11-16 20:00:00+00:00,348.59,352.33,346.0,351.51,5935212.0,349.599,10465.0
2021-11-17 14:30:00+00:00,354.37,373.21,351.83,370.06,21793920.0,362.3936666666667,37561.0
2021-11-17 16:00:00+00:00,370.13,370.67,357.41,367.13,23846877.0,364.1796666666667,40063.0
2021-11-17 20:00:00+00:00,367.34,367.36,361.33,363.13,5708478.0,363.7916666666667,10168.0
2021-11-18 14:30:00+00:00,368.85,370.67,361.99,367.64,12932172.0,366.3353333333333,21071.0
2021-11-18 16:00:00+00:00,367.59,369.66,358.34,362.16,16178193.0,363.5976666666667,25891.0
2021-11-18 20:00:00+00:00,362.0,367.33,361.81,365.46,6469674.0,365.2836666666667,10700.0
2021-11-19 14:30:00+00:00,366.28,370.59,364.23,368.5,10454226.0,367.5076666666667,16022.0
2021-11-19 16:00:00+00:00,368.44,379.57,366.62,377.83,17912589.0,372.1436666666667,28967.0
2021-11-19 20:00:00+00:00,377.83,379.55,375.67,379.04,8058687.0,377.8893333333333,15592.0
2021-11-22 14:30:00+00:00,387.34,400.65,385.52,397.56,19263978.0,395.291,31486.0
2021-11-22 16:00:00+00:00,397.49,398.66,377.48,394.37,30439632.0,389.928,49310.0
2021-11-22 20:00:00+00:00,394.56,396.98,384.34,385.35,7900380.0,391.2373333333333,12783.0
2021-11-23 14:30:00+00:00,389.17,393.5,370.83,371.26,18056205.0,384.1666666666667,30998.0
2021-11-23 16:00:00+00:00,371.44,378.78,354.23,363.16,35173752.0,365.373,58308.0
2021-11-23 20:00:00+00:00,363.26,371.54,361.24,369.6,10246020.0,367.075,18511.0
2021-11-24 14:30:00+00:00,360.13,373.95,354.0,370.16,17744718.0,365.968,29382.0
2021-11-24 16:00:00+00:00,370.06,376.87,367.57,375.52,15378327.0,373.4296666666667,25381.0
2021-11-24 20:00:00+00:00,375.47,377.59,370.5,371.95,5015094.0,373.3406666666667,9217.0
2021-11-26 14:30:00+00:00,366.49,369.6,360.48,366.72,9753804.0,365.132,16317.0
2021-11-26 16:00:00+00:00,366.7,366.83,360.33,360.6,7780827.0,363.4153333333333,14462.0
2021-11-29 14:30:00+00:00,366.93,379.83,366.73,377.69,13566639.0,375.117,22661.0
2021-11-29 16:00:00+00:00,377.59,380.89,373.74,376.22,14030796.0,377.5766666666667,22592.0
2021-11-29 20:00:00+00:00,376.21,379.27,375.33,378.99,3968823.0,377.9186666666667,7184.0
2021-11-30 14:30:00+00:00,381.46,389.33,377.92,377.92,16007871.0,385.3143333333333,26535.0
2021-11-30 16:00:00+00:00,377.99,381.2,372.67,379.33,19998420.0,377.5483333333333,30763.0
2021-11-30 20:00:00+00:00,379.33,382.25,377.77,381.64,5333616.0,379.9733333333333,9062.0
2021-12-01 14:30:00+00:00,386.67,390.95,382.53,385.53,12110532.0,386.5576666666667,19244.0
2021-12-01 16:00:00+00:00,385.65,387.74,372.67,373.7,16267374.0,380.281,25976.0
2021-12-01 20:00:00+00:00,373.64,374.45,363.59,364.74,9701682.0,368.51,16464.0
2021-12-02 14:30:00+00:00,366.67,371.0,352.22,361.35,16163502.0,360.7623333333333,28694.0
2021-12-02 16:00:00+00:00,361.35,367.11,356.36,360.83,17931669.0,361.9263333333333,29142.0
2021-12-02 20:00:00+00:00,360.69,363.67,358.33,361.51,5357172.0,361.1063333333333,9440.0
2021-12-03 14:30:00+00:00,361.56,363.53,344.81,346.0,15147009.0,351.5283333333333,25080.0
2021-12-03 16:00:00+00:00,346.0,347.1,335.57,336.48,25158117.0,340.1436666666667,42426.0
2021-12-03 20:00:00+00:00,336.44,341.31,333.4,338.38,8928540.0,337.1493333333333,17163.0
2021-12-06 14:30:00+00:00,333.95,334.34,316.83,326.85,19550403.0,326.0713333333333,34429.0
2021-12-06 16:00:00+00:00,327.0,340.55,323.59,335.69,19520052.0,332.8576666666667,29567.0
2021-12-06 20:00:00+00:00,335.79,337.2,334.17,336.12,3928251.0,335.8363333333333,6556.0
2021-12-07 14:30:00+00:00,348.07,351.15,342.47,344.55,12485337.0,347.805,20793.0
2021-12-07 16:00:00+00:00,344.67,352.56,342.27,350.01,13871355.0,347.8846666666667,22319.0
2021-12-07 20:00:00+00:00,350.0,350.93,347.03,350.57,4455531.0,349.052,7853.0
2021-12-08 14:30:00+00:00,350.72,351.67,344.33,346.48,8143497.0,347.4383333333333,12602.0
2021-12-08 16:00:00+00:00,346.48,355.92,345.72,355.2,10853772.0,352.1283333333333,17860.0
2021-12-08 20:00:00+00:00,355.22,357.46,353.81,356.03,3495759.0,356.2386666666667,6324.0
2021-12-09 14:30:00+00:00,353.52,354.16,344.07,344.29,11053632.0,348.311,19774.0
2021-12-09 16:00:00+00:00,344.29,346.54,337.08,337.48,15351315.0,341.7053333333333,27891.0
2021-12-09 20:00:00+00:00,337.48,339.5,334.12,334.47,7507542.0,335.9466666666667,14020.0
2021-12-10 14:30:00+00:00,336.25,337.6,327.51,330.81,12716100.0,331.5426666666667,22775.0
2021-12-10 16:00:00+00:00,330.67,340.33,328.85,337.03,13264041.0,336.8163333333333,23734.0
2021-12-10 20:00:00+00:00,336.93,339.67,335.8,338.9,3883062.0,338.409,7170.0
2021-12-13 14:30:00+00:00,333.53,335.0,320.02,322.41,16278825.0,326.628,29754.0
2021-12-13 16:00:00+00:00,322.38,324.3,317.17,323.61,17161023.0,320.6063333333333,31589.0
2021-12-13 20:00:00+00:00,323.54,325.21,321.54,321.99,5498532.0,323.0786666666667,10503.0
2021-12-14 14:30:00+00:00,314.95,319.49,310.19,315.0,13661331.0,315.6743333333333,24372.0
2021-12-14 16:00:00+00:00,314.95,316.17,310.0,314.95,16237851.0,312.986,25728.0
2021-12-14 20:00:00+00:00,314.77,322.14,314.65,319.46,7702947.0,319.6133333333333,14232.0
2021-12-15 14:30:00+00:00,317.74,323.88,313.79,314.31,10340430.0,318.3956666666667,16209.0
2021-12-15 16:00:00+00:00,314.41,320.67,309.42,316.63,19891635.0,314.0426666666667,30965.0
2021-12-15 20:00:00+00:00,316.63,326.25,316.25,325.31,8838948.0,323.2406666666667,15450.0
2021-12-16 14:30:00+00:00,331.45,331.66,313.08,313.89,14877441.0,321.6476666666667,26275.0
2021-12-16 16:00:00+00:00,313.86,315.28,308.38,310.05,19245795.0,311.8703333333333,35241.0
2021-12-16 20:00:00+00:00,309.93,312.67,307.28,308.91,7305504.0,309.9106666666667,13343.0
2021-12-17 14:30:00+00:00,304.92,319.86,303.01,318.16,21975024.0,310.6233333333333,31981.0
2021-12-17 16:00:00+00:00,318.09,320.22,312.93,314.21,13957485.0,316.037,22936.0
2021-12-17 20:00:00+00:00,314.14,315.53,310.38,310.39,5844402.0,312.309,11865.0
2021-12-20 14:30:00+00:00,303.61,307.23,298.37,299.39,11975256.0,302.3933333333333,18254.0
2021-12-20 16:00:00+00:00,299.38,303.33,297.81,300.26,11988537.0,300.4383333333333,18648.0
2021-12-20 20:00:00+00:00,300.28,301.48,299.17,300.03,3269496.0,300.3763333333333,6129.0
2021-12-21 14:30:00+00:00,305.62,307.92,295.37,298.72,13318950.0,301.8943333333333,23154.0
2021-12-21 16:00:00+00:00,298.69,312.2,297.74,311.11,18993036.0,306.0426666666667,31782.0
2021-12-21 20:00:00+00:00,311.11,313.17,309.57,312.8,5120547.0,311.3323333333333,9519.0
2021-12-22 14:30:00+00:00,321.89,333.27,319.02,332.86,19590354.0,326.939,35401.0
2021-12-22 16:00:00+00:00,332.88,338.55,329.63,334.85,23946579.0,334.2023333333333,40795.0
2021-12-22 20:00:00+00:00,335.06,336.71,333.0,336.21,5877336.0,335.1403333333333,10988.0
2021-12-23 14:30:00+00:00,335.6,347.74,332.52,347.56,17012850.0,340.0773333333333,29352.0
2021-12-23 16:00:00+00:00,347.6,357.66,346.78,355.82,25925337.0,352.9676666666667,45146.0
2021-12-23 20:00:00+00:00,355.76,356.45,352.83,355.82,6707772.0,354.9326666666667,12328.0
2021-12-27 14:30:00+00:00,357.81,371.09,356.9,369.96,15922167.0,365.011,27902.0
2021-12-27 16:00:00+00:00,370.07,372.33,366.64,368.7,13439748.0,369.724,21752.0
2021-12-27 20:00:00+00:00,368.81,368.82,362.53,364.61,5804049.0,365.0446666666667,10356.0
2021-12-28 14:30:00+00:00,369.83,373.0,359.47,362.5,13324587.0,365.0533333333333,23140.0
2021-12-28 16:00:00+00:00,362.57,367.33,360.37,363.79,13116366.0,363.6866666666667,21872.0
2021-12-28 20:00:00+00:00,363.84,366.26,362.05,362.95,4295349.0,364.0493333333333,7489.0
2021-12-29 14:30:00+00:00,366.17,368.0,354.71,361.23,11515218.0,360.394,19145.0
2021-12-29 16:00:00+00:00,361.13,365.71,357.5,364.31,14218068.0,361.6366666666667,21537.0
2021-12-29 20:00:00+00:00,364.39,364.5,361.43,361.85,4342554.0,362.899,6617.0
2021-12-30 14:30:00+00:00,353.78,361.33,351.05,358.45,10058463.0,357.0213333333333,16926.0
2021-12-30 16:00:00+00:00,358.45,365.18,358.4,360.43,10404762.0,362.2256666666667,16354.0
2021-12-30 20:00:00+00:00,360.5,360.5,356.11,356.78,4020003.0,358.0336666666667,7210.0
2021-12-31 14:30:00+00:00,357.81,360.67,354.33,355.63,6757989.0,357.1856666666667,11769.0
2021-12-31 16:00:00+00:00,355.64,358.78,353.18,354.0,8604870.0,356.06,15076.0
2021-12-31 20:00:00+00:00,354.04,354.98,351.53,352.39,3790689.0,353.0333333333333,7343.0
2022-01-03 14:30:00+00:00,382.59,390.0,378.68,389.43,20797548.0,384.4653333333333,35199.0
2022-01-03 16:00:00+00:00,389.38,398.29,386.78,398.16,20414295.0,391.9173333333333,35409.0
2022-01-03 20:00:00+00:00,398.13,400.36,395.8,399.88,11472351.0,398.7453333333333,20177.0
2022-01-04 14:30:00+00:00,396.46,402.67,383.88,383.99,19653069.0,394.224,32614.0
2022-01-04 16:00:00+00:00,384.09,388.62,374.35,381.9,27202902.0,382.6036666666667,43832.0
2022-01-04 20:00:00+00:00,381.87,385.0,380.17,383.21,5538003.0,383.311,9231.0
2022-01-05 14:30:00+00:00,382.17,390.11,376.34,384.2,13945716.0,384.2586666666667,22374.0
2022-01-05 16:00:00+00:00,384.13,385.96,368.07,368.33,16325562.0,377.602,25888.0
2022-01-05 20:00:00+00:00,368.39,369.0,360.34,362.54,12169191.0,364.148,20928.0
2022-01-06 14:30:00+00:00,359.0,362.67,340.17,355.12,24599433.0,350.8783333333333,37762.0
2022-01-06 16:00:00+00:00,355.08,360.0,349.7,358.73,17134221.0,355.321,27931.0
2022-01-06 20:00:00+00:00,358.71,361.52,352.71,354.9,5548248.0,357.0026666666667,9148.0
2022-01-07 14:30:00+00:00,359.27,360.31,343.33,346.97,15089667.0,352.2626666666667,24075.0
2022-01-07 16:00:00+00:00,347.14,348.67,336.67,344.0,23612364.0,343.537,38372.0
2022-01-07 20:00:00+00:00,344.05,346.49,339.74,342.3,7226916.0,342.6863333333333,12507.0
2022-01-10 14:30:00+00:00,333.33,339.09,326.67,335.51,18538821.0,332.339,29967.0
2022-01-10 16:00:00+00:00,335.17,348.15,333.17,346.22,20730276.0,340.978,33895.0
2022-01-10 20:00:00+00:00,346.17,353.03,344.52,352.76,7290774.0,349.0793333333333,13703.0
2022-01-11 14:30:00+00:00,351.22,358.33,346.27,351.12,15064197.0,352.306,23088.0
2022-01-11 16:00:00+00:00,351.33,358.62,351.08,353.13,15542757.0,354.497,24084.0
2022-01-11 20:00:00+00:00,353.23,355.4,351.5,354.8,3893805.0,353.4823333333333,6704.0
2022-01-12 14:30:00+00:00,359.47,367.66,357.53,363.0,18141480.0,362.6776666666667,28779.0
2022-01-12 16:00:00+00:00,363.0,371.28,361.24,371.02,19570989.0,366.2803333333333,30903.0
2022-01-12 20:00:00+00:00,371.07,371.61,368.33,368.96,5684961.0,369.9313333333333,9951.0
2022-01-13 14:30:00+00:00,369.71,371.87,356.37,358.02,17371176.0,365.0896666666667,26411.0
2022-01-13 16:00:00+00:00,358.02,361.33,350.43,353.12,24961872.0,355.045,39507.0
2022-01-13 20:00:00+00:00,353.03,353.03,342.18,343.87,9778872.0,346.4693333333333,16311.0
2022-01-14 14:30:00+00:00,340.0,349.55,337.79,345.03,15704250.0,344.41,26240.0
2022-01-14 16:00:00+00:00,345.0,348.5,340.0,345.18,15387051.0,344.786,24074.0
2022-01-14 20:00:00+00:00,345.33,350.67,345.11,349.96,5888127.0,348.957,10175.0
2022-01-18 14:30:00+00:00,342.0,356.93,338.69,349.61,13169340.0,348.6286666666667,21347.0
2022-01-18 16:00:00+00:00,349.63,351.93,344.0,350.0,14338515.0,348.1336666666667,21412.0
2022-01-18 20:00:00+00:00,349.84,350.84,342.23,343.51,5223156.0,345.459,8332.0
2022-01-19 14:30:00+00:00,347.24,351.56,334.33,337.95,12515898.0,343.236,21397.0
2022-01-19 16:00:00+00:00,337.87,342.61,331.83,335.78,20911344.0,337.2046666666667,31617.0
2022-01-19 20:00:00+00:00,335.78,337.1,331.67,331.88,5620425.0,333.8463333333333,9418.0
2022-01-20 14:30:00+00:00,336.59,347.22,334.22,346.57,14316840.0,341.3183333333333,24786.0
2022-01-20 16:00:00+00:00,346.57,346.83,336.71,336.83,14478588.0,342.979,24356.0
2022-01-20 20:00:00+00:00,336.84,338.25,331.33,332.06,8461674.0,333.5496666666667,14902.0
2022-01-21 14:30:00+00:00,332.08,334.85,317.11,324.51,21311994.0,324.17,35234.0
2022-01-21 16:00:00+00:00,324.39,328.01,316.33,316.36,20049474.0,321.3133333333333,34416.0
2022-01-21 20:00:00+00:00,316.41,320.78,313.5,314.32,9354726.0,316.1916666666667,17603.0
2022-01-24 14:30:00+00:00,301.59,305.3,284.1,297.16,28097934.0,294.583,48862.0
2022-01-24 16:00:00+00:00,296.99,302.45,283.82,296.79,36127341.0,293.463,59109.0
2022-01-24 20:00:00+00:00,296.7,311.17,294.57,310.04,11089182.0,302.8046666666667,18896.0
2022-01-25 14:30:00+00:00,304.67,310.77,301.57,307.67,14967051.0,306.2456666666667,25799.0
2022-01-25 16:00:00+00:00,307.67,317.0,301.07,316.07,20403231.0,308.189,34419.0
2022-01-25 20:00:00+00:00,316.09,316.09,305.0,306.13,8089089.0,310.293,14496.0
2022-01-26 14:30:00+00:00,317.48,321.1,312.85,314.22,12706902.0,316.54,21833.0
2022-01-26 16:00:00+00:00,314.16,329.23,312.86,317.93,23279937.0,320.5656666666667,41954.0
2022-01-26 20:00:00+00:00,317.62,317.83,302.0,312.79,14514405.0,309.33,26813.0
2022-01-27 14:30:00+00:00,311.12,311.8,285.97,291.5,28310103.0,295.909,53743.0
2022-01-27 16:00:00+00:00,291.5,292.83,280.0,281.47,32193222.0,286.8896666666667,59304.0
2022-01-27 20:00:00+00:00,281.53,283.15,276.33,276.42,11415891.0,278.922,20411.0
2022-01-28 14:30:00+00:00,277.19,284.33,264.0,283.94,31275507.0,274.232,54543.0
2022-01-28 16:00:00+00:00,283.99,285.83,271.07,276.17,28372047.0,279.4313333333333,51820.0
2022-01-28 20:00:00+00:00,276.13,282.49,274.31,282.1,8739612.0,278.2503333333333,16660.0
2022-01-31 14:30:00+00:00,290.9,307.0,287.35,306.41,22476141.0,298.6243333333333,38020.0
2022-01-31 16:00:00+00:00,306.35,312.3,304.03,311.59,23129442.0,308.0133333333333,39724.0
2022-01-31 20:00:00+00:00,311.5,312.66,306.15,312.05,9849543.0,309.8496666666667,18430.0
2022-02-01 14:30:00+00:00,311.65,312.43,301.67,312.33,17567790.0,307.1203333333333,31282.0
2022-02-01 16:00:00+00:00,312.34,314.57,306.09,308.26,15162897.0,310.4696666666667,25376.0
2022-02-01 20:00:00+00:00,308.31,311.77,308.03,310.32,5133381.0,310.445,9322.0
2022-02-02 14:30:00+00:00,309.39,310.5,303.73,304.4,10517784.0,306.6846666666667,17905.0
2022-02-02 16:00:00+00:00,304.47,304.79,296.49,302.01,17472765.0,301.1743333333333,31011.0
2022-02-02 20:00:00+00:00,302.0,303.83,300.3,301.88,4592547.0,301.904,8402.0
2022-02-03 14:30:00+00:00,294.0,309.94,293.53,308.74,14940609.0,303.004,25540.0
2022-02-03 16:00:00+00:00,308.68,312.33,298.71,300.99,19878681.0,305.6113333333333,34414.0
2022-02-03 20:00:00+00:00,300.99,303.03,295.63,297.2,5882211.0,299.176,11075.0
2022-02-04 14:30:00+00:00,299.07,304.43,293.72,300.13,12909822.0,300.496,22646.0
2022-02-04 16:00:00+00:00,300.12,311.5,297.52,310.5,19717368.0,306.081,34411.0
2022-02-04 20:00:00+00:00,310.58,312.17,307.6,307.62,6313119.0,309.9166666666667,12173.0
2022-02-07 14:30:00+00:00,307.93,315.92,305.03,308.53,13762014.0,310.569,23566.0
2022-02-07 16:00:00+00:00,308.41,309.52,302.46,306.55,13193058.0,305.4166666666667,23584.0
2022-02-07 20:00:00+00:00,306.39,308.86,300.9,302.44,5496135.0,304.7193333333333,9693.0
2022-02-08 14:30:00+00:00,301.84,305.5,298.27,304.47,10136817.0,302.1856666666667,16755.0
2022-02-08 16:00:00+00:00,304.55,308.76,304.34,305.48,12411204.0,306.544,21791.0
2022-02-08 20:00:00+00:00,305.49,308.37,304.93,307.22,3986295.0,307.0873333333333,7424.0
2022-02-09 14:30:00+00:00,311.48,315.42,306.67,309.81,12570306.0,311.0013333333333,21329.0
2022-02-09 16:00:00+00:00,309.82,313.03,308.77,310.02,10666089.0,311.0096666666667,18682.0
2022-02-09 20:00:00+00:00,310.1,312.0,308.98,310.66,4520421.0,310.5673333333333,8403.0
2022-02-10 14:30:00+00:00,302.79,314.6,301.99,312.29,12880605.0,309.3653333333333,21205.0
2022-02-10 16:00:00+00:00,312.33,312.93,302.93,303.71,15540612.0,307.8186666666667,27488.0
2022-02-10 20:00:00+00:00,303.8,304.3,298.9,301.48,5769375.0,301.7466666666667,11395.0
2022-02-11 14:30:00+00:00,303.13,305.32,294.83,295.56,12951888.0,299.6613333333333,23562.0
2022-02-11 16:00:00+00:00,295.49,297.49,284.0,285.18,20114718.0,291.733,36336.0
2022-02-11 20:00:00+00:00,285.19,288.67,283.57,286.44,8526081.0,286.1403333333333,16188.0
2022-02-14 14:30:00+00:00,287.28,295.69,284.38,295.03,13485942.0,290.564,24016.0
2022-02-14 16:00:00+00:00,295.12,299.63,286.35,291.22,17818002.0,293.55,31717.0
2022-02-14 20:00:00+00:00,291.28,292.83,289.33,291.93,4899318.0,291.1606666666667,8403.0
2022-02-15 14:30:00+00:00,300.0,307.27,297.79,305.45,14833173.0,304.1356666666667,27565.0
2022-02-15 16:00:00+00:00,305.55,306.9,302.83,305.46,10440312.0,305.2926666666667,18946.0
2022-02-15 20:00:00+00:00,305.42,307.67,304.4,307.42,4734255.0,306.0926666666667,9368.0
2022-02-16 14:30:00+00:00,304.68,305.89,300.99,304.38,8392830.0,303.0023333333333,14618.0
2022-02-16 16:00:00+00:00,304.35,308.56,300.4,307.23,12556584.0,304.1476666666667,22164.0
2022-02-16 20:00:00+00:00,307.33,308.81,306.7,307.75,4104927.0,307.786,7209.0
2022-02-17 14:30:00+00:00,304.42,306.17,296.0,297.62,8951019.0,301.4556666666667,15211.0
2022-02-17 16:00:00+00:00,297.65,299.73,292.0,292.73,13999848.0,295.6006666666667,25540.0
2022-02-17 20:00:00+00:00,292.7,293.55,291.37,292.14,5158491.0,292.4646666666667,9678.0
2022-02-18 14:30:00+00:00,295.32,295.62,283.9,284.28,12215607.0,288.703,19744.0
2022-02-18 16:00:00+00:00,284.27,287.69,279.2,286.16,19349223.0,282.877,33218.0
2022-02-18 20:00:00+00:00,286.15,287.61,283.51,285.66,5358246.0,285.3876666666667,9949.0
2022-02-22 14:30:00+00:00,278.04,285.58,275.68,279.52,11532900.0,281.143,20104.0
2022-02-22 16:00:00+00:00,279.53,280.37,267.03,274.6,25020903.0,271.394,42355.0
2022-02-22 20:00:00+00:00,274.69,277.33,272.46,273.87,7169724.0,274.7003333333333,12382.0
2022-02-23 14:30:00+00:00,277.0,278.43,265.05,266.26,16683813.0,269.612,28274.0
2022-02-23 16:00:00+00:00,266.11,266.9,257.0,257.62,23176809.0,262.2223333333333,39741.0
2022-02-23 20:00:00+00:00,257.57,258.05,253.52,254.66,9907950.0,255.7593333333333,17453.0
2022-02-24 14:30:00+00:00,233.55,258.23,233.33,252.97,33936471.0,247.1673333333333,55897.0
2022-02-24 16:00:00+00:00,253.1,259.93,250.16,258.91,29303286.0,254.8203333333333,52814.0
2022-02-24 20:00:00+00:00,258.81,267.49,258.37,266.78,10152078.0,263.8816666666667,19688.0
2022-02-25 14:30:00+00:00,269.86,273.17,260.8,266.53,17637942.0,265.66,30360.0
2022-02-25 16:00:00+00:00,266.54,271.61,264.83,267.63,17404698.0,268.1803333333333,31207.0
2022-02-25 20:00:00+00:00,267.75,270.21,266.42,269.96,4804605.0,268.5456666666667,9119.0
2022-02-28 14:30:00+00:00,271.67,289.58,271.57,288.42,20314815.0,280.6143333333333,34242.0
2022-02-28 16:00:00+00:00,288.33,292.29,284.08,287.33,25897506.0,288.3203333333333,44174.0
2022-02-28 20:00:00+00:00,287.21,290.67,285.2,290.33,6977553.0,287.9093333333333,13467.0
2022-03-01 14:30:00+00:00,289.96,296.63,285.56,290.3,18271449.0,290.6083333333333,32598.0
2022-03-01 16:00:00+00:00,290.05,291.57,285.88,288.05,17215164.0,288.4583333333333,27568.0
2022-03-01 20:00:00+00:00,288.05,290.75,284.59,288.16,5824191.0,287.7143333333333,10438.0
2022-03-02 14:30:00+00:00,290.67,295.49,281.42,282.97,15063669.0,288.3713333333333,26353.0
2022-03-02 16:00:00+00:00,282.87,291.63,281.67,290.14,16959186.0,286.9403333333333,30643.0
2022-03-02 20:00:00+00:00,290.0,294.51,289.94,293.3,6838164.0,292.7916666666667,13360.0
2022-03-03 14:30:00+00:00,292.92,295.48,283.73,283.77,10322478.0,289.0966666666667,18628.0
2022-03-03 16:00:00+00:00,283.77,288.2,280.52,281.58,14364819.0,284.7793333333333,25869.0
2022-03-03 20:00:00+00:00,281.52,281.53,277.53,279.79,5937348.0,279.44,11048.0
2022-03-04 14:30:00+00:00,283.01,285.22,277.81,278.05,13305408.0,281.4843333333333,22006.0
2022-03-04 16:00:00+00:00,278.0,283.9,275.05,276.97,17500764.0,279.4673333333333,27576.0
2022-03-04 20:00:00+00:00,276.97,279.93,276.04,279.52,5708640.0,277.961,9660.0
2022-03-07 14:30:00+00:00,285.62,288.71,275.03,276.2,14018097.0,283.3043333333333,24787.0
2022-03-07 16:00:00+00:00,276.2,280.91,270.36,270.59,16717380.0,275.6946666666667,29104.0
2022-03-07 20:00:00+00:00,270.65,271.1,268.19,268.19,6432420.0,269.3623333333333,11486.0
2022-03-08 14:30:00+00:00,265.18,273.93,260.72,273.39,14953467.0,267.3036666666667,24046.0
2022-03-08 16:00:00+00:00,273.49,283.33,269.0,279.52,23527998.0,277.5016666666667,40991.0
2022-03-08 20:00:00+00:00,279.5,281.33,274.33,274.73,5492550.0,277.2176666666667,9563.0
2022-03-09 14:30:00+00:00,279.6,285.83,277.34,285.83,14862315.0,281.8833333333333,24897.0
2022-03-09 16:00:00+00:00,285.77,286.12,282.15,285.21,11257011.0,284.2526666666667,20414.0
2022-03-09 20:00:00+00:00,285.28,286.85,284.69,286.31,5102682.0,286.06,10421.0
2022-03-10 14:30:00+00:00,283.82,284.82,274.89,275.26,11157624.0,279.395,20207.0
2022-03-10 16:00:00+00:00,275.2,278.79,270.12,278.54,15548652.0,273.9243333333333,27367.0
2022-03-10 20:00:00+00:00,278.53,279.93,276.18,279.43,4543902.0,278.348,8515.0
2022-03-11 14:30:00+00:00,280.02,281.27,271.18,273.37,10873413.0,275.026,16727.0
2022-03-11 16:00:00+00:00,273.43,273.44,264.59,265.26,18159939.0,267.455,33101.0
2022-03-11 20:00:00+00:00,265.33,267.19,264.6,265.12,5252109.0,265.6296666666667,10492.0
2022-03-14 13:30:00+00:00,260.26,266.9,252.08,257.14,20343231.0,260.1973333333333,32173.0
2022-03-14 16:00:00+00:00,256.84,258.67,252.01,255.34,15934707.0,255.0413333333333,26348.0
2022-03-15 13:30:00+00:00,258.42,267.0,252.19,263.35,18970386.0,260.4033333333333,31107.0
2022-03-15 16:00:00+00:00,263.27,268.52,261.7,267.19,15585447.0,265.5343333333333,29902.0
2022-03-16 13:30:00+00:00,269.67,280.29,268.0,278.5,18241782.0,275.9366666666667,29693.0
2022-03-16 16:00:00+00:00,278.36,280.67,267.42,280.21,23542845.0,275.4703333333333,41559.0
2022-03-17 13:30:00+00:00,277.0,284.91,275.24,283.12,15841041.0,281.5506666666667,26199.0
2022-03-17 16:00:00+00:00,283.26,291.67,283.07,290.64,17240448.0,288.7243333333333,32210.0
2022-03-18 13:30:00+00:00,291.47,300.33,289.13,298.86,24209640.0,295.9066666666667,36769.0
2022-03-18 16:00:00+00:00,298.86,302.62,297.34,301.8,18916707.0,300.1116666666667,37077.0
2022-03-21 13:30:00+00:00,304.99,314.28,303.17,310.09,25440780.0,308.2486666666667,38139.0
2022-03-21 16:00:00+00:00,310.11,310.42,302.36,307.12,17664765.0,306.5786666666667,28059.0
2022-03-22 13:30:00+00:00,310.0,316.23,307.25,313.1,19053888.0,312.1776666666667,30659.0
2022-03-22 16:00:00+00:00,313.14,332.62,312.73,331.39,39244776.0,325.3866666666667,68829.0
2022-03-23 13:30:00+00:00,326.54,346.9,325.47,345.32,35194623.0,338.1386666666667,58665.0
2022-03-23 16:00:00+00:00,345.25,346.55,328.29,332.91,30810480.0,334.9536666666667,49737.0
2022-03-24 13:30:00+00:00,336.44,341.5,329.6,337.3,22281093.0,335.981,35406.0
2022-03-24 16:00:00+00:00,337.13,339.47,333.85,337.91,13146711.0,336.5033333333333,22338.0
2022-03-25 13:30:00+00:00,336.0,340.6,332.44,333.7,19224069.0,336.4013333333333,30369.0
2022-03-25 16:00:00+00:00,333.67,337.13,332.73,336.98,14279568.0,334.9663333333333,23499.0
2022-03-28 13:30:00+00:00,354.89,365.52,351.2,361.97,30328386.0,358.522,50054.0
2022-03-28 16:00:00+00:00,362.02,365.96,357.22,363.95,20414376.0,362.7086666666667,35018.0
2022-03-29 13:30:00+00:00,369.33,371.59,357.7,367.42,21183987.0,364.648,34881.0
2022-03-29 16:00:00+00:00,367.42,368.44,363.43,366.61,14278944.0,366.191,24260.0
2022-03-30 13:30:00+00:00,363.69,371.32,361.33,368.44,17059143.0,366.9796666666667,26987.0
2022-03-30 16:00:00+00:00,368.36,370.91,361.53,364.66,14205435.0,365.6766666666667,23324.0
2022-03-31 13:30:00+00:00,364.86,367.71,360.54,366.06,12082824.0,364.1853333333333,19971.0
2022-03-31 16:00:00+00:00,365.98,366.37,358.88,359.2,10876881.0,362.74,20053.0
2022-04-01 13:30:00+00:00,360.35,364.92,355.55,359.9,15096183.0,360.6163333333333,24912.0
2022-04-01 16:00:00+00:00,359.89,361.88,357.83,361.52,11911830.0,360.1073333333333,20420.0
2022-04-04 13:30:00+00:00,363.05,378.91,357.51,377.45,25303935.0,369.3736666666667,39553.0
2022-04-04 16:00:00+00:00,377.36,383.3,375.77,381.85,17712690.0,380.5403333333333,30172.0
2022-04-05 13:30:00+00:00,378.8,384.29,367.11,367.61,23186127.0,375.9746666666667,36362.0
2022-04-05 16:00:00+00:00,367.65,369.59,362.43,363.72,18320985.0,365.9386666666667,31241.0
2022-04-06 13:30:00+00:00,357.89,359.67,344.25,347.37,23064522.0,349.578,35040.0
2022-04-06 16:00:00+00:00,347.17,354.98,342.57,348.51,24833148.0,348.483,41253.0
2022-04-07 13:30:00+00:00,350.83,358.86,342.43,344.34,21048669.0,351.9143333333333,32676.0
2022-04-07 16:00:00+00:00,344.15,355.32,340.51,352.34,20537313.0,348.595,33258.0
2022-04-08 13:30:00+00:00,347.68,349.48,340.81,344.44,16505787.0,344.8073333333333,26614.0
2022-04-08 16:00:00+00:00,344.33,348.01,341.67,341.83,12255174.0,344.7333333333333,19786.0
2022-04-11 13:30:00+00:00,326.8,336.16,325.33,328.33,16787364.0,330.745,26826.0
2022-04-11 16:00:00+00:00,328.2,331.43,324.88,325.24,12699366.0,328.026,22745.0
2022-04-12 13:30:00+00:00,332.41,340.4,329.4,332.85,20038248.0,334.7426666666667,31859.0
2022-04-12 16:00:00+00:00,332.86,335.04,325.53,328.99,15070542.0,329.98,23319.0
2022-04-13 13:30:00+00:00,327.03,336.64,324.36,335.83,15051978.0,331.281,23970.0
2022-04-13 16:00:00+00:00,335.67,342.08,334.36,340.85,14287695.0,338.9753333333333,25525.0
2022-04-14 13:30:00+00:00,332.84,337.57,327.72,329.37,15053817.0,331.267,24073.0
2022-04-14 16:00:00+00:00,329.25,332.67,327.4,328.32,12070518.0,329.653,22565.0
2022-04-18 13:30:00+00:00,329.83,336.54,324.47,333.24,14855346.0,331.021,22548.0
2022-04-18 16:00:00+00:00,333.13,338.31,328.5,334.9,12640242.0,333.965,20617.0
2022-04-19 13:30:00+00:00,334.87,344.98,331.77,343.02,14283042.0,339.455,22247.0
2022-04-19 16:00:00+00:00,343.05,343.33,339.26,342.7,10938885.0,341.746,18103.0
2022-04-20 13:30:00+00:00,343.34,344.67,329.13,329.83,15956403.0,334.8113333333333,27783.0
2022-04-20 16:00:00+00:00,329.83,330.43,325.08,325.66,14161455.0,327.8693333333333,24607.0
2022-04-21 13:30:00+00:00,358.09,364.07,345.36,345.69,30217518.0,355.4423333333333,50236.0
2022-04-21 16:00:00+00:00,345.87,347.43,332.14,336.26,23279853.0,340.031,36861.0
2022-04-22 13:30:00+00:00,338.4,344.95,331.33,338.36,19491102.0,339.3033333333333,32613.0
2022-04-22 16:00:00+00:00,338.35,340.56,333.98,335.0,15927765.0,336.6516666666667,26821.0
2022-04-25 13:30:00+00:00,326.33,336.21,325.1,330.49,17278479.0,330.8133333333333,27413.0
2022-04-25 16:00:00+00:00,330.47,335.6,326.33,332.76,17307576.0,331.2886666666667,29933.0
2022-04-26 13:30:00+00:00,331.67,333.33,297.77,297.87,39783573.0,309.64,71089.0
2022-04-26 16:00:00+00:00,297.96,302.33,291.67,292.12,30006930.0,297.0033333333333,55148.0
2022-04-27 13:30:00+00:00,299.31,306.0,293.84,300.74,21265179.0,300.5423333333333,35407.0
2022-04-27 16:00:00+00:00,300.74,303.5,292.45,293.96,14704185.0,297.4866666666667,28203.0
2022-04-28 13:30:00+00:00,298.83,300.0,273.9,279.8,31479921.0,280.8216666666667,58091.0
2022-04-28 16:00:00+00:00,279.59,298.4,278.96,292.5,33427911.0,290.9946666666667,62804.0
2022-04-29 13:30:00+00:00,300.75,311.47,296.7,303.72,25700142.0,304.6336666666667,47311.0
2022-04-29 16:00:00+00:00,303.76,303.81,290.0,290.53,18066441.0,296.4703333333333,34133.0
2022-05-02 13:30:00+00:00,286.92,298.33,282.68,292.51,19459563.0,291.3983333333333,34216.0
2022-05-02 16:00:00+00:00,292.55,302.12,286.17,300.98,19291902.0,292.7676666666667,35107.0
2022-05-03 13:30:00+00:00,300.89,308.03,296.2,304.52,19621962.0,302.8306666666667,33753.0
2022-05-03 16:00:00+00:00,304.69,306.88,300.02,303.1,15332352.0,302.9846666666667,27180.0
2022-05-04 13:30:00+00:00,301.31,305.35,295.09,298.89,13526595.0,299.0136666666667,22597.0
2022-05-04 16:00:00+00:00,299.04,318.5,297.75,317.71,31973829.0,308.0506666666667,56521.0
2022-05-05 13:30:00+00:00,313.2,315.2,292.34,292.67,24312075.0,302.1946666666667,43167.0
2022-05-05 16:00:00+00:00,292.5,296.17,285.9,291.09,23931402.0,291.3943333333333,45652.0
2022-05-06 13:30:00+00:00,295.67,296.0,281.03,290.35,24130461.0,289.6873333333333,43098.0
2022-05-06 16:00:00+00:00,290.34,293.98,285.53,288.56,14536167.0,288.9046666666667,26664.0
2022-05-09 13:30:00+00:00,278.82,281.88,265.78,271.68,24058749.0,272.9563333333333,42462.0
2022-05-09 16:00:00+00:00,271.67,274.41,260.38,262.45,21369072.0,267.107,38338.0
2022-05-10 13:30:00+00:00,273.1,275.12,258.08,262.57,23837160.0,266.816,40160.0
2022-05-10 16:00:00+00:00,262.8,272.49,260.77,266.68,20857215.0,266.819,35167.0
2022-05-11 13:30:00+00:00,264.89,269.92,256.0,260.58,20867493.0,263.2103333333333,35651.0
2022-05-11 16:00:00+00:00,260.46,261.43,242.4,244.81,28009707.0,249.779,48640.0
2022-05-12 13:30:00+00:00,233.66,253.22,226.67,240.99,48847413.0,240.823,84260.0
2022-05-12 16:00:00+00:00,240.96,246.37,235.17,242.67,32086431.0,240.319,52734.0
2022-05-13 13:30:00+00:00,257.83,258.78,250.52,256.63,26059710.0,255.6393333333333,45496.0
2022-05-13 16:00:00+00:00,256.57,262.45,252.73,256.53,24959712.0,257.4283333333333,43716.0
2022-05-16 13:30:00+00:00,255.72,256.59,244.0,247.7,25223013.0,250.025,38826.0
2022-05-16 16:00:00+00:00,247.81,248.62,239.69,241.42,25603749.0,243.6283333333333,41924.0
2022-05-17 13:30:00+00:00,249.0,252.96,242.95,251.72,23201745.0,248.5253333333333,40640.0
2022-05-17 16:00:00+00:00,251.74,254.83,248.27,253.96,22091868.0,251.6056666666667,38141.0
2022-05-18 13:30:00+00:00,248.27,253.5,242.55,242.78,19335750.0,248.7083333333333,33729.0
2022-05-18 16:00:00+00:00,242.83,243.15,233.6,236.58,29782377.0,236.9046666666667,51245.0
2022-05-19 13:30:00+00:00,235.76,244.67,231.37,242.67,29480169.0,237.314,49984.0
2022-05-19 16:00:00+00:00,242.77,243.55,234.78,236.56,22799337.0,238.211,39317.0
2022-05-20 13:30:00+00:00,237.93,240.53,219.43,221.49,35443878.0,227.59,63026.0
2022-05-20 16:00:00+00:00,221.33,222.3,211.0,221.3,46708077.0,215.6883333333333,81858.0
2022-05-23 13:30:00+00:00,218.34,224.64,212.69,222.61,29009568.0,218.996,47899.0
2022-05-23 16:00:00+00:00,222.59,226.65,220.33,224.92,19319694.0,223.8336666666667,30902.0
2022-05-24 13:30:00+00:00,217.81,217.97,209.22,214.24,23758233.0,213.2393333333333,35892.0
2022-05-24 16:00:00+00:00,214.24,217.91,206.86,209.4,25826010.0,211.139,40079.0
2022-05-25 13:30:00+00:00,207.95,222.19,207.67,219.09,30178080.0,215.3893333333333,47304.0
2022-05-25 16:00:00+00:00,219.15,223.11,216.74,219.56,24619329.0,220.299,40884.0
2022-05-26 13:30:00+00:00,220.34,235.65,217.89,235.19,31418388.0,227.6723333333333,48930.0
2022-05-26 16:00:00+00:00,235.18,239.56,233.45,235.85,29466612.0,236.6223333333333,45600.0
2022-05-27 13:30:00+00:00,241.07,251.75,240.18,251.04,31440558.0,247.9496666666667,51813.0
2022-05-27 16:00:00+00:00,251.07,253.27,249.02,253.22,20716392.0,251.3583333333333,36144.0
2022-05-31 13:30:00+00:00,257.89,259.6,244.74,255.95,31770636.0,252.1703333333333,52207.0
2022-05-31 16:00:00+00:00,255.95,259.37,249.44,252.67,24802935.0,254.5826666666667,41327.0
2022-06-01 13:30:00+00:00,251.68,257.33,244.75,245.35,24748764.0,250.8116666666667,41036.0
2022-06-01 16:00:00+00:00,245.4,250.16,243.64,246.77,21011205.0,246.8616666666667,33251.0
2022-06-02 13:30:00+00:00,244.16,263.99,242.07,261.7,30601047.0,254.189,48036.0
2022-06-02 16:00:00+00:00,261.83,264.21,257.1,258.3,26708268.0,260.5143333333333,42620.0
2022-06-03 13:30:00+00:00,243.23,247.8,233.94,237.26,37030536.0,239.7843333333333,63444.0
2022-06-03 16:00:00+00:00,237.14,238.96,233.42,234.51,27959736.0,235.68,49456.0
2022-06-06 13:30:00+00:00,244.44,244.87,235.55,237.3,28298043.0,239.4313333333333,44488.0
2022-06-06 16:00:00+00:00,237.29,240.9,234.35,238.33,21945033.0,237.614,36633.0
2022-06-07 13:30:00+00:00,233.98,239.86,230.09,237.71,25743915.0,235.5716666666667,43593.0
2022-06-07 16:00:00+00:00,237.74,240.0,235.94,238.87,17801562.0,238.4843333333333,32912.0
2022-06-08 13:30:00+00:00,240.1,249.96,239.18,244.8,27337059.0,246.68,43491.0
2022-06-08 16:00:00+00:00,244.73,245.56,240.95,241.83,18352407.0,242.7563333333333,30507.0
2022-06-09 13:30:00+00:00,249.41,255.55,243.9,247.72,33861177.0,250.188,55273.0
2022-06-09 16:00:00+00:00,247.77,248.78,239.33,239.71,22590870.0,244.3306666666667,39490.0
2022-06-10 13:30:00+00:00,235.16,239.5,227.91,230.41,31034610.0,232.9396666666667,50352.0
2022-06-10 16:00:00+00:00,230.37,234.5,228.36,232.27,22731414.0,231.5253333333333,37713.0
2022-06-13 13:30:00+00:00,223.23,226.63,214.74,221.41,34002102.0,219.8196666666667,55635.0
2022-06-13 16:00:00+00:00,221.4,223.17,214.68,215.73,22938135.0,217.9793333333333,40113.0
2022-06-14 13:30:00+00:00,218.29,222.33,211.74,221.59,32370243.0,216.142,50219.0
2022-06-14 16:00:00+00:00,221.62,226.33,217.71,221.02,28588800.0,221.6123333333333,47067.0
2022-06-15 13:30:00+00:00,220.92,228.54,218.15,226.38,27999759.0,224.6003333333333,44333.0
2022-06-15 16:00:00+00:00,226.42,235.66,223.62,233.0,43276179.0,229.895,71894.0
2022-06-16 13:30:00+00:00,222.64,225.17,215.5,216.44,28441905.0,219.7416666666667,46891.0
2022-06-16 16:00:00+00:00,216.39,216.55,208.69,213.15,32392563.0,212.2843333333333,55013.0
2022-06-17 13:30:00+00:00,213.33,220.97,213.2,215.51,30186297.0,216.497,46778.0
2022-06-17 16:00:00+00:00,215.63,219.85,214.81,216.68,20789280.0,217.4896666666667,36732.0
2022-06-21 13:30:00+00:00,224.68,242.83,224.33,238.45,42609300.0,235.6983333333333,75709.0
2022-06-21 16:00:00+00:00,238.47,243.58,236.53,237.0,29777346.0,240.9763333333333,51229.0
2022-06-22 13:30:00+00:00,234.5,246.82,233.83,237.91,35986422.0,241.3236666666667,57518.0
2022-06-22 16:00:00+00:00,237.94,240.85,234.77,236.1,26591523.0,238.145,41708.0
2022-06-23 13:30:00+00:00,237.87,239.32,229.17,235.39,34472373.0,235.051,55817.0
2022-06-23 16:00:00+00:00,235.45,236.67,228.64,235.05,31310853.0,232.5923333333333,51214.0
2022-06-24 13:30:00+00:00,237.47,246.07,236.09,243.51,31864770.0,242.652,51931.0
2022-06-24 16:00:00+00:00,243.56,245.95,242.73,245.63,21895362.0,244.3963333333333,39681.0
2022-06-27 13:30:00+00:00,249.37,252.07,243.51,246.42,29772597.0,247.4113333333333,47651.0
2022-06-27 16:00:00+00:00,246.37,246.62,242.56,244.88,20206866.0,244.417,32322.0
2022-06-28 13:30:00+00:00,244.51,249.97,236.19,236.43,31383498.0,243.9303333333333,50747.0
2022-06-28 16:00:00+00:00,236.38,237.29,232.34,232.63,24047676.0,234.525,40982.0
2022-06-29 13:30:00+00:00,230.54,231.17,222.27,225.09,29484489.0,226.2353333333333,46474.0
2022-06-29 16:00:00+00:00,225.08,229.06,222.35,228.47,21280407.0,225.9746666666667,32306.0
2022-06-30 13:30:00+00:00,224.66,229.13,218.86,228.65,32372508.0,224.0313333333333,52238.0
2022-06-30 16:00:00+00:00,228.62,229.46,222.9,224.66,24854634.0,226.2563333333333,39242.0
2022-07-01 13:30:00+00:00,227.0,230.23,222.22,223.89,27121530.0,226.2286666666667,42309.0
2022-07-01 16:00:00+00:00,223.81,227.37,222.12,227.3,18533493.0,224.5486666666667,31625.0
2022-07-05 13:30:00+00:00,222.67,224.86,216.17,224.6,26052873.0,220.3023333333333,41706.0
2022-07-05 16:00:00+00:00,224.66,233.15,224.55,233.11,25263846.0,229.3623333333333,40954.0
2022-07-06 13:30:00+00:00,230.78,234.56,227.19,228.15,23899110.0,230.0356666666667,37454.0
2022-07-06 16:00:00+00:00,228.11,233.58,227.69,231.66,19219698.0,230.7923333333333,29767.0
2022-07-07 13:30:00+00:00,233.92,241.98,232.21,241.44,27823878.0,239.3346666666667,46960.0
2022-07-07 16:00:00+00:00,241.45,245.36,241.34,244.49,21924858.0,243.9083333333333,37709.0
2022-07-08 13:30:00+00:00,242.33,254.98,241.16,254.23,34158459.0,249.4453333333333,55298.0
2022-07-08 16:00:00+00:00,254.23,254.27,247.8,250.69,28213077.0,251.028,43836.0
2022-07-11 13:30:00+00:00,252.1,253.06,234.51,234.95,32613990.0,241.6873333333333,55357.0
2022-07-11 16:00:00+00:00,234.95,238.76,233.63,234.37,26167260.0,235.7546666666667,44376.0
2022-07-12 13:30:00+00:00,236.81,239.77,228.37,234.7,31830615.0,233.0816666666667,48799.0
2022-07-12 16:00:00+00:00,234.55,235.44,230.58,233.12,21437892.0,233.144,31404.0
2022-07-13 13:30:00+00:00,225.49,242.06,225.03,238.83,37262223.0,235.071,61085.0
2022-07-13 16:00:00+00:00,238.81,241.7,236.86,236.86,21455277.0,239.5963333333333,37416.0
2022-07-14 13:30:00+00:00,234.63,236.83,229.33,234.86,26781555.0,232.5506666666667,41252.0
2022-07-14 16:00:00+00:00,234.93,238.65,231.73,238.24,21258801.0,235.3073333333333,32927.0
2022-07-15 13:30:00+00:00,240.17,243.62,236.89,239.82,23666448.0,239.859,38361.0
2022-07-15 16:00:00+00:00,239.88,240.52,238.17,240.04,13896453.0,239.4506666666667,25823.0
2022-07-18 13:30:00+00:00,245.0,250.52,243.77,248.6,26390655.0,248.1476666666667,43674.0
2022-07-18 16:00:00+00:00,248.5,249.43,239.6,240.63,23738580.0,244.3376666666667,37718.0
2022-07-19 13:30:00+00:00,244.99,246.86,236.98,243.03,26703423.0,241.6793333333333,42967.0
2022-07-19 16:00:00+00:00,243.02,247.14,240.84,245.5,21957861.0,244.6,37548.0
2022-07-20 13:30:00+00:00,246.93,250.66,243.48,248.18,26512896.0,247.6893333333333,43759.0
2022-07-20 16:00:00+00:00,248.11,249.66,245.69,247.43,18034482.0,247.6486666666667,31796.0
2022-07-21 13:30:00+00:00,255.11,266.67,254.87,266.46,44759106.0,261.7556666666667,85224.0
2022-07-21 16:00:00+00:00,266.37,273.27,266.33,271.74,36490026.0,270.9993333333333,70633.0
2022-07-22 13:30:00+00:00,276.29,280.79,271.0,274.87,34283547.0,276.8876666666667,59538.0
2022-07-22 16:00:00+00:00,274.86,275.71,270.71,272.36,22516713.0,272.8833333333333,38463.0
2022-07-25 13:30:00+00:00,272.22,274.15,268.38,270.82,21362151.0,271.0163333333333,35464.0
2022-07-25 16:00:00+00:00,270.86,271.46,267.4,268.39,14870232.0,269.2103333333333,27161.0
2022-07-26 13:30:00+00:00,266.51,267.31,256.5,256.87,22434936.0,262.5626666666667,37185.0
2022-07-26 16:00:00+00:00,256.92,259.53,256.26,258.78,17405352.0,258.1726666666667,28825.0
2022-07-27 13:30:00+00:00,263.71,270.33,261.79,268.9,22816128.0,267.1523333333333,38781.0
2022-07-27 16:00:00+00:00,268.92,275.93,268.71,274.67,27537048.0,272.6706666666667,48696.0
2022-07-28 13:30:00+00:00,280.13,283.3,272.8,279.84,31648134.0,278.3996666666667,53630.0
2022-07-28 16:00:00+00:00,279.88,282.0,277.37,280.93,17399382.0,280.259,30712.0
2022-07-29 13:30:00+00:00,280.56,289.13,279.1,287.81,25308993.0,285.9456666666667,43226.0
2022-07-29 16:00:00+00:00,287.76,298.32,286.81,297.16,28795152.0,292.741,52560.0
2022-08-01 13:30:00+00:00,301.28,311.88,298.72,304.77,39680844.0,305.207,68280.0
2022-08-01 16:00:00+00:00,304.76,305.83,295.0,297.31,28089393.0,298.9956666666667,47827.0
2022-08-02 13:30:00+00:00,294.01,306.67,292.67,304.77,30909396.0,300.5243333333333,51218.0
2022-08-02 16:00:00+00:00,304.76,307.83,299.51,300.56,26251725.0,303.6896666666667,45488.0
2022-08-03 13:30:00+00:00,305.06,309.55,301.15,304.76,25405839.0,305.2913333333333,43062.0
2022-08-03 16:00:00+00:00,304.78,309.47,303.33,307.41,20507112.0,307.5016666666667,34414.0
2022-08-04 13:30:00+00:00,311.0,313.61,305.0,307.65,26181990.0,309.638,44838.0
2022-08-04 16:00:00+00:00,307.68,309.33,306.34,308.57,15178071.0,307.9203333333333,26509.0
2022-08-05 13:30:00+00:00,302.67,304.61,290.75,291.46,31106883.0,299.1803333333333,55787.0
2022-08-05 16:00:00+00:00,291.52,294.77,285.54,288.16,32266341.0,289.8296666666667,58556.0
2022-08-08 13:30:00+00:00,295.0,305.19,292.75,301.59,28222794.0,301.099,46912.0
2022-08-08 16:00:00+00:00,301.63,302.67,289.08,290.39,28552389.0,294.5826666666667,49221.0
2022-08-09 13:30:00+00:00,290.29,292.4,281.98,282.21,25263504.0,285.8983333333333,43020.0
2022-08-09 16:00:00+00:00,282.17,285.62,279.35,283.3,25057656.0,282.2536666666667,44553.0
2022-08-10 13:30:00+00:00,297.07,297.51,283.37,290.7,31858710.0,289.5646666666667,53539.0
2022-08-10 16:00:00+00:00,290.6,294.9,288.89,294.28,20369976.0,292.4586666666667,33307.0
2022-08-11 13:30:00+00:00,296.43,298.24,288.07,289.58,24471612.0,292.8473333333333,41037.0
2022-08-11 16:00:00+00:00,289.61,291.98,285.83,286.72,16227981.0,288.73,26750.0
2022-08-12 13:30:00+00:00,289.45,295.16,285.03,293.15,24472068.0,290.0776666666667,38362.0
2022-08-12 16:00:00+00:00,293.21,300.16,293.1,300.02,21038523.0,297.4646666666667,36493.0
2022-08-15 13:30:00+00:00,301.79,309.31,301.23,308.74,26015562.0,305.4323333333333,41521.0
2022-08-15 16:00:00+00:00,308.8,313.13,308.35,309.28,26195649.0,310.8613333333333,39834.0
2022-08-16 13:30:00+00:00,311.67,314.67,302.88,309.24,31434666.0,308.696,49431.0
2022-08-16 16:00:00+00:00,309.29,311.48,305.0,306.57,21869475.0,307.935,32709.0
2022-08-17 13:30:00+00:00,303.4,305.78,300.03,302.07,18620085.0,302.579,30251.0
2022-08-17 16:00:00+00:00,302.02,309.66,301.7,303.98,22587366.0,305.8216666666667,36872.0
2022-08-18 13:30:00+00:00,306.04,306.5,301.85,305.32,15665649.0,304.6173333333333,25284.0
2022-08-18 16:00:00+00:00,305.38,305.8,302.34,302.84,11226495.0,303.7756666666667,19152.0
2022-08-19 13:30:00+00:00,298.95,300.36,292.5,294.5,19683144.0,295.5243333333333,34418.0
2022-08-19 16:00:00+00:00,294.48,297.37,293.44,296.67,14800746.0,295.7913333333333,26981.0
2022-08-22 13:30:00+00:00,292.0,292.4,286.3,289.32,17727936.0,288.6546666666667,27941.0
2022-08-22 16:00:00+00:00,289.27,290.66,288.15,289.99,12938334.0,289.54,21213.0
2022-08-23 13:30:00+00:00,291.45,296.89,287.92,294.56,21288573.0,293.3636666666667,34878.0
2022-08-23 16:00:00+00:00,294.63,298.83,293.5,296.46,16124727.0,296.6566666666667,26440.0
2022-08-24 13:30:00+00:00,297.56,303.65,297.02,301.37,17948799.0,301.298,31525.0
2022-08-24 16:00:00+00:00,301.37,302.52,296.5,297.15,13616394.0,299.0486666666667,24077.0
2022-08-25 13:30:00+00:00,302.38,302.96,291.6,294.28,21724252.0,295.889,87006.0
2022-08-25 16:00:00+00:00,294.25,296.15,291.8,296.11,13346979.0,293.934,55525.0
2022-08-26 13:30:00+00:00,297.37,302.0,289.62,291.42,21974939.0,295.64,90946.0
2022-08-26 16:00:00+00:00,291.45,291.64,287.47,288.12,15669433.0,289.291,65865.0
2022-08-29 13:30:00+00:00,282.83,287.74,280.7,282.65,15584576.0,283.708,62975.0
2022-08-29 16:00:00+00:00,282.58,287.59,282.26,284.85,12218440.0,285.419,46575.0
2022-08-30 13:30:00+00:00,287.89,288.48,280.11,281.2,14751046.0,283.241,57445.0
2022-08-30 16:00:00+00:00,281.15,282.0,272.65,277.73,19108297.0,276.266,72768.0
2022-08-31 13:30:00+00:00,280.61,281.25,271.81,275.8,17044203.0,276.529,60248.0
2022-08-31 16:00:00+00:00,275.86,278.82,274.66,275.48,14728380.0,276.397,56221.0
2022-09-01 13:30:00+00:00,272.57,275.84,266.15,266.79,19095790.0,270.538,75468.0
2022-09-01 16:00:00+00:00,266.79,277.58,266.73,277.26,18072212.0,271.737,64403.0
2022-09-02 13:30:00+00:00,281.11,282.35,274.28,277.61,16490233.0,277.642,64991.0
2022-09-02 16:00:00+00:00,277.64,278.07,269.08,270.25,17226077.0,271.722,64798.0
2022-09-06 13:30:00+00:00,272.68,275.31,265.74,274.9,19890338.0,270.327,79348.0
2022-09-06 16:00:00+00:00,274.95,275.99,271.34,274.48,17459689.0,274.03,74849.0
2022-09-07 13:30:00+00:00,273.1,280.98,272.27,279.88,17061973.0,278.447,68309.0
2022-09-07 16:00:00+00:00,279.94,283.84,276.9,283.73,15639774.0,281.15,67878.0
2022-09-08 13:30:00+00:00,281.3,288.6,279.78,286.92,18414651.0,285.517,71356.0
2022-09-08 16:00:00+00:00,286.94,289.5,282.52,289.3,19492705.0,286.503,72662.0
2022-09-09 13:30:00+00:00,291.66,298.87,291.24,298.15,21340511.0,296.134,84211.0
2022-09-09 16:00:00+00:00,298.18,299.85,296.66,299.71,16189476.0,298.813,67796.0
2022-09-12 13:30:00+00:00,300.71,305.49,300.4,302.12,18953142.0,303.688,73340.0
2022-09-12 16:00:00+00:00,302.12,304.69,301.12,304.52,13418108.0,303.565,58248.0
2022-09-13 13:30:00+00:00,292.85,297.4,290.4,291.03,20945210.0,294.198,83493.0
2022-09-13 16:00:00+00:00,291.0,295.98,290.68,292.11,20446150.0,293.414,87135.0
2022-09-14 13:30:00+00:00,292.07,306.0,291.64,303.71,28640261.0,299.589,121790.0
2022-09-14 16:00:00+00:00,303.75,305.78,298.71,302.69,20024696.0,302.065,91324.0
2022-09-15 13:30:00+00:00,301.85,309.12,300.72,304.36,25105594.0,304.824,101200.0
2022-09-15 16:00:00+00:00,304.33,307.92,302.25,303.67,19628128.0,305.205,85692.0
2022-09-16 13:30:00+00:00,299.61,300.6,295.6,299.38,23411608.0,297.865,92451.0
2022-09-16 16:00:00+00:00,299.34,303.71,298.07,303.23,19369571.0,300.885,90047.0
2022-09-19 13:30:00+00:00,300.09,309.84,297.8,306.55,23908065.0,305.692,95784.0
2022-09-19 16:00:00+00:00,306.49,309.2,304.92,309.2,18046409.0,307.178,80563.0
2022-09-20 13:30:00+00:00,306.9,313.33,305.58,313.13,22398293.0,309.422,91573.0
2022-09-20 16:00:00+00:00,313.08,313.18,305.85,308.67,21767936.0,309.282,93956.0
2022-09-21 13:30:00+00:00,308.3,310.48,306.26,308.54,14473936.0,308.085,59302.0
2022-09-21 16:00:00+00:00,308.55,313.8,300.63,300.7,28631463.0,307.867,127988.0
2022-09-22 13:30:00+00:00,299.98,301.29,287.72,291.48,25421947.0,293.055,113492.0
2022-09-22 16:00:00+00:00,291.47,292.6,285.82,288.49,22463426.0,289.571,105615.0
2022-09-23 13:30:00+00:00,283.12,284.5,274.77,277.72,22013693.0,277.71,98501.0
2022-09-23 16:00:00+00:00,277.68,278.13,272.82,275.36,19419267.0,275.121,90577.0
2022-09-26 13:30:00+00:00,272.13,284.09,270.31,279.18,22040052.0,278.805,99067.0
2022-09-26 16:00:00+00:00,279.22,280.52,275.75,276.05,15836495.0,278.031,75186.0
2022-09-27 13:30:00+00:00,284.0,288.67,282.15,282.19,21691845.0,286.39,93617.0
2022-09-27 16:00:00+00:00,282.2,283.76,277.51,283.02,20779078.0,280.503,88030.0
2022-09-28 13:30:00+00:00,283.08,285.56,277.57,284.45,18717177.0,281.588,81128.0
2022-09-28 16:00:00+00:00,284.45,289.0,282.12,287.73,16638546.0,285.33,74921.0
2022-09-29 13:30:00+00:00,282.8,283.65,269.02,272.96,25907228.0,274.279,115916.0
2022-09-29 16:00:00+00:00,272.98,273.1,265.81,268.28,27345434.0,268.384,126126.0
2022-09-30 13:30:00+00:00,266.13,275.57,262.47,270.7,24749789.0,270.16,107163.0
2022-09-30 16:00:00+00:00,270.7,272.47,265.0,265.2,20019834.0,268.295,98258.0
2022-10-03 13:30:00+00:00,254.49,255.16,241.8,242.66,33618007.0,246.355,148149.0
2022-10-03 16:00:00+00:00,242.64,247.26,241.01,242.34,33171041.0,243.794,144932.0
2022-10-04 13:30:00+00:00,250.55,256.89,248.84,255.48,30932978.0,253.027,125485.0
2022-10-04 16:00:00+00:00,255.49,257.5,242.01,249.61,46983509.0,247.462,196514.0
2022-10-05 13:30:00+00:00,245.01,246.67,233.27,235.76,30322430.0,237.736,123308.0
2022-10-05 16:00:00+00:00,235.8,242.32,235.2,240.71,31647605.0,238.896,126542.0
2022-10-06 13:30:00+00:00,239.37,244.58,235.35,237.87,26195963.0,239.33,109222.0
2022-10-06 16:00:00+00:00,237.87,242.88,236.93,238.11,23023071.0,239.6,98042.0
2022-10-07 13:30:00+00:00,233.96,234.58,225.89,226.13,25620249.0,229.779,104028.0
2022-10-07 16:00:00+00:00,226.14,226.18,222.02,222.98,32335665.0,223.593,138668.0
2022-10-10 13:30:00+00:00,224.0,226.99,218.35,224.92,27581498.0,223.403,108168.0
2022-10-10 16:00:00+00:00,224.94,226.25,221.65,222.94,21209898.0,223.713,84579.0
2022-10-11 13:30:00+00:00,221.01,225.75,219.56,222.94,29295331.0,222.489,109364.0
2022-10-11 16:00:00+00:00,223.0,224.67,215.0,216.59,27861623.0,219.209,114806.0
2022-10-12 13:30:00+00:00,215.41,217.56,211.51,216.16,26164141.0,214.508,98659.0
2022-10-12 16:00:00+00:00,216.17,219.3,213.91,217.16,22306480.0,216.665,87903.0
2022-10-13 13:30:00+00:00,208.31,220.37,206.22,219.65,36410420.0,211.405,147457.0
2022-10-13 16:00:00+00:00,219.61,222.99,216.28,221.83,28655122.0,220.313,119384.0
2022-10-14 13:30:00+00:00,224.01,226.26,209.21,209.42,33189440.0,216.084,131386.0
2022-10-14 16:00:00+00:00,209.42,210.43,204.16,205.06,34633576.0,207.649,143364.0
2022-10-17 13:30:00+00:00,210.0,220.79,209.45,219.85,32652972.0,216.027,133771.0
2022-10-17 16:00:00+00:00,219.85,221.86,217.6,219.49,25659012.0,219.679,103551.0
2022-10-18 13:30:00+00:00,229.19,229.82,217.56,219.59,33243413.0,222.162,119888.0
2022-10-18 16:00:00+00:00,219.56,222.5,217.25,220.18,24276005.0,220.267,88447.0
2022-10-19 13:30:00+00:00,219.8,222.93,217.78,221.49,20650218.0,220.834,81536.0
2022-10-19 16:00:00+00:00,221.54,222.85,218.65,222.4,19871697.0,220.976,83409.0
2022-10-20 13:30:00+00:00,208.28,215.55,202.0,212.03,52387654.0,209.197,230687.0
2022-10-20 16:00:00+00:00,212.02,212.33,205.01,207.21,34957018.0,207.854,148179.0
2022-10-21 13:30:00+00:00,206.42,211.78,203.8,211.78,29181759.0,208.262,122863.0
2022-10-21 16:00:00+00:00,211.76,214.66,210.72,214.5,23901674.0,212.684,111268.0
2022-10-24 13:30:00+00:00,205.82,206.78,198.58,205.47,40482902.0,202.907,175358.0
2022-10-24 16:00:00+00:00,205.49,213.5,205.24,211.3,34015156.0,208.751,137769.0
2022-10-25 13:30:00+00:00,210.13,222.79,210.0,222.39,37874462.0,218.583,156939.0
2022-10-25 16:00:00+00:00,222.4,224.35,218.2,222.41,38327728.0,221.601,154806.0
2022-10-26 13:30:00+00:00,219.18,230.6,218.2,228.9,34598564.0,227.229,141286.0
2022-10-26 16:00:00+00:00,228.93,230.03,222.51,224.6,31118628.0,226.156,127217.0
2022-10-27 13:30:00+00:00,229.85,233.81,222.85,224.43,27986317.0,226.767,115731.0
2022-10-27 16:00:00+00:00,224.48,227.3,223.58,225.09,17799317.0,225.369,75735.0
2022-10-28 13:30:00+00:00,225.33,227.46,216.35,224.72,31763539.0,222.107,129153.0
2022-10-28 16:00:00+00:00,224.74,228.86,224.3,228.45,21501437.0,226.838,91747.0
2022-10-31 13:30:00+00:00,226.19,228.98,221.94,227.06,23398131.0,225.157,101747.0
2022-10-31 16:00:00+00:00,227.1,229.85,225.36,227.55,23751694.0,227.976,100209.0
2022-11-01 13:30:00+00:00,234.09,237.4,228.01,229.41,28455808.0,232.258,118706.0
2022-11-01 16:00:00+00:00,229.4,230.75,227.28,227.82,18937335.0,228.749,72462.0
2022-11-02 13:30:00+00:00,226.04,227.87,223.14,223.43,15414043.0,225.223,69926.0
2022-11-02 16:00:00+00:00,223.43,227.04,214.82,214.86,31101047.0,221.053,145061.0
2022-11-03 13:30:00+00:00,211.21,221.2,210.14,215.11,25067036.0,216.961,113680.0
2022-11-03 16:00:00+00:00,215.11,217.67,214.5,215.39,16729384.0,215.861,70697.0
2022-11-04 13:30:00+00:00,222.6,223.8,210.9,211.38,27429030.0,218.79,127506.0
2022-11-04 16:00:00+00:00,211.33,212.38,203.08,207.48,48505279.0,206.684,229609.0
2022-11-07 14:30:00+00:00,208.62,208.9,199.35,200.32,25761098.0,202.235,124658.0
2022-11-07 16:00:00+00:00,200.33,200.66,196.66,199.03,33960354.0,198.914,142035.0
2022-11-07 20:00:00+00:00,199.03,199.52,197.0,197.06,9956687.0,198.316,48122.0
2022-11-08 14:30:00+00:00,194.02,194.1,186.75,190.34,34701884.0,189.191,149092.0
2022-11-08 16:00:00+00:00,190.32,195.2,188.93,190.44,51566674.0,192.835,209846.0
2022-11-08 20:00:00+00:00,190.44,192.47,190.2,191.28,13564630.0,191.456,69713.0
2022-11-09 14:30:00+00:00,190.77,195.89,187.17,188.18,29685631.0,191.151,123947.0
2022-11-09 16:00:00+00:00,188.21,189.48,178.01,179.32,52523968.0,182.658,221970.0
2022-11-09 20:00:00+00:00,179.3,180.92,177.12,177.6,15339087.0,179.091,70805.0
2022-11-10 14:30:00+00:00,189.66,190.15,180.03,188.48,43043102.0,186.599,184366.0
2022-11-10 16:00:00+00:00,188.42,191.0,185.61,186.15,37664731.0,188.447,160300.0
2022-11-10 20:00:00+00:00,186.11,190.83,185.11,190.61,15363455.0,188.45,67418.0
2022-11-11 14:30:00+00:00,185.91,193.86,182.59,189.66,34523714.0,188.19,145100.0
2022-11-11 16:00:00+00:00,189.69,196.52,187.57,196.35,44889761.0,193.027,174812.0
2022-11-11 20:00:00+00:00,196.35,196.39,193.37,195.92,11398281.0,195.048,51794.0
2022-11-14 14:30:00+00:00,192.8,194.85,186.34,192.47,28202677.0,190.262,115677.0
2022-11-14 16:00:00+00:00,192.47,195.73,188.88,192.72,35231132.0,193.124,134152.0
2022-11-14 20:00:00+00:00,192.77,194.09,190.5,190.95,10542953.0,192.203,45023.0
2022-11-15 14:30:00+00:00,195.81,200.83,194.41,197.87,27650802.0,198.225,110216.0
2022-11-15 16:00:00+00:00,197.84,200.2,192.06,194.12,34218576.0,196.106,133593.0
2022-11-15 20:00:00+00:00,194.09,195.18,193.24,194.46,7172173.0,194.201,29120.0
2022-11-16 14:30:00+00:00,191.45,192.57,186.88,187.5,20849012.0,189.007,86576.0
2022-11-16 16:00:00+00:00,187.49,190.09,186.57,187.3,21887019.0,188.22,99334.0
2022-11-16 20:00:00+00:00,187.3,187.58,185.66,186.94,7757441.0,186.493,37605.0
2022-11-17 14:30:00+00:00,183.96,186.16,182.3,183.07,18149558.0,184.121,73132.0
2022-11-17 16:00:00+00:00,183.07,185.83,181.36,181.83,23102157.0,183.631,95964.0
2022-11-17 20:00:00+00:00,181.85,183.25,180.9,183.18,7471369.0,182.005,33865.0
2022-11-18 14:30:00+00:00,185.03,185.19,176.83,177.41,24507363.0,179.632,100893.0
2022-11-18 16:00:00+00:00,177.43,179.63,176.55,178.49,24458764.0,178.11,103740.0
2022-11-18 20:00:00+00:00,178.5,180.83,178.47,180.2,9591627.0,179.998,44158.0
2022-11-21 14:30:00+00:00,175.81,176.77,170.0,171.06,25153345.0,173.596,103966.0
2022-11-21 16:00:00+00:00,171.05,172.4,167.54,168.48,33912424.0,169.837,138335.0
2022-11-21 20:00:00+00:00,168.45,169.21,167.58,167.87,10343715.0,168.238,44687.0
2022-11-22 14:30:00+00:00,168.66,170.92,166.18,169.63,29272912.0,168.876,118103.0
2022-11-22 16:00:00+00:00,169.66,169.99,167.42,168.75,22796949.0,168.609,90203.0
2022-11-22 20:00:00+00:00,168.74,170.01,168.66,169.91,8917819.0,169.499,35057.0
2022-11-23 14:30:00+00:00,173.59,181.18,172.5,181.18,33789287.0,177.464,130736.0
2022-11-23 16:00:00+00:00,181.18,183.37,177.58,183.14,41423086.0,180.242,148014.0
2022-11-23 20:00:00+00:00,183.17,183.62,182.43,183.29,11106986.0,183.098,44305.0
2022-11-25 14:30:00+00:00,185.13,185.2,180.63,183.22,24837274.0,182.738,97906.0
2022-11-25 16:00:00+00:00,183.27,183.95,181.95,182.86,13689529.0,182.729,54602.0
2022-11-28 14:30:00+00:00,179.99,186.27,179.0,184.57,25208905.0,184.002,94924.0
2022-11-28 16:00:00+00:00,184.55,188.5,182.85,183.66,40228236.0,185.987,139713.0
2022-11-28 20:00:00+00:00,183.69,184.0,182.66,182.92,9450111.0,183.252,35400.0
2022-11-29 14:30:00+00:00,185.0,186.38,181.45,184.54,25748244.0,184.067,101355.0
2022-11-29 16:00:00+00:00,184.57,184.82,179.18,179.54,31773840.0,181.761,112320.0
2022-11-29 20:00:00+00:00,179.54,181.0,178.75,180.82,8096258.0,180.125,31996.0
2022-11-30 14:30:00+00:00,182.49,185.46,182.36,183.64,20461720.0,183.916,82560.0
2022-11-30 16:00:00+00:00,183.67,190.68,180.63,188.99,42666053.0,185.669,161353.0
2022-11-30 20:00:00+00:00,189.0,194.76,188.77,194.75,17087360.0,191.508,72869.0
2022-12-01 14:30:00+00:00,197.05,198.92,191.8,196.57,29596996.0,195.43,117446.0
2022-12-01 16:00:00+00:00,196.6,196.7,193.75,194.47,25065375.0,194.932,95100.0
2022-12-01 20:00:00+00:00,194.48,194.96,193.13,194.81,7385972.0,194.222,31281.0
2022-12-02 14:30:00+00:00,191.81,196.25,191.6,192.59,22971925.0,194.161,91689.0
2022-12-02 16:00:00+00:00,192.57,193.81,191.11,193.5,23543521.0,192.41,93426.0
2022-12-02 20:00:00+00:00,193.49,195.03,193.32,194.85,10578820.0,194.346,39621.0
2022-12-05 14:30:00+00:00,189.46,191.27,183.8,186.12,26671820.0,186.507,110104.0
2022-12-05 16:00:00+00:00,186.1,187.41,180.88,181.37,31464815.0,183.799,119349.0
2022-12-05 20:00:00+00:00,181.35,182.57,180.55,182.5,11221777.0,181.497,45765.0
2022-12-06 14:30:00+00:00,181.19,183.65,175.33,176.56,28500822.0,177.82,109303.0
2022-12-06 16:00:00+00:00,176.56,180.44,176.4,179.1,34885102.0,178.694,121830.0
2022-12-06 20:00:00+00:00,179.11,180.64,178.53,179.81,10042793.0,179.629,38237.0
2022-12-07 14:30:00+00:00,175.03,179.38,172.56,174.56,28871540.0,174.942,102949.0
2022-12-07 16:00:00+00:00,174.54,175.59,172.21,173.05,28173599.0,173.62,101575.0
2022-12-07 20:00:00+00:00,173.05,174.33,172.24,174.03,9058335.0,173.293,33945.0
2022-12-08 14:30:00+00:00,171.98,175.2,169.06,172.38,28892562.0,172.699,109186.0
2022-12-08 16:00:00+00:00,172.39,174.37,169.35,173.54,39289652.0,171.677,138675.0
2022-12-08 20:00:00+00:00,173.53,174.46,173.06,173.53,9003817.0,173.639,34878.0
2022-12-09 14:30:00+00:00,173.84,182.23,173.36,182.11,34806411.0,178.3,136632.0
2022-12-09 16:00:00+00:00,182.12,182.5,178.52,180.97,38594127.0,180.861,146681.0
2022-12-09 20:00:00+00:00,180.95,181.27,178.62,179.03,10326521.0,179.959,40198.0
2022-12-12 14:30:00+00:00,176.13,177.37,170.39,171.87,26414041.0,172.654,105224.0
2022-12-12 16:00:00+00:00,171.86,172.83,167.72,168.69,41436286.0,170.071,154408.0
2022-12-12 20:00:00+00:00,168.7,168.89,167.52,167.73,15468157.0,167.978,65143.0
2022-12-13 14:30:00+00:00,174.86,175.09,161.3,162.05,50371821.0,167.945,207219.0
2022-12-13 16:00:00+00:00,162.07,163.24,156.91,161.43,60865823.0,160.672,246132.0
2022-12-13 20:00:00+00:00,161.39,162.2,159.95,160.98,15754659.0,161.089,68189.0
2022-12-14 14:30:00+00:00,159.23,161.62,155.92,156.55,38078900.0,158.643,154769.0
2022-12-14 16:00:00+00:00,156.55,160.21,155.31,156.39,55135349.0,158.082,220722.0
2022-12-14 20:00:00+00:00,156.41,159.77,156.02,156.84,16285469.0,157.324,71890.0
2022-12-15 14:30:00+00:00,153.41,160.93,153.28,157.37,42931656.0,158.033,155969.0
2022-12-15 16:00:00+00:00,157.39,158.79,155.61,157.73,40067344.0,157.48,143194.0
2022-12-15 20:00:00+00:00,157.75,158.18,157.21,157.71,11058500.0,157.7,45821.0
2022-12-16 14:30:00+00:00,159.6,160.99,151.21,151.91,32951084.0,155.115,121843.0
2022-12-16 16:00:00+00:00,151.92,152.11,150.04,151.3,45951144.0,150.966,167488.0
2022-12-16 20:00:00+00:00,151.3,151.78,150.15,150.19,14082893.0,150.717,58694.0
2022-12-19 14:30:00+00:00,154.0,155.25,147.72,148.14,37164116.0,151.551,141962.0
2022-12-19 16:00:00+00:00,148.13,153.88,145.82,149.96,59323188.0,149.725,207051.0
2022-12-19 20:00:00+00:00,149.97,150.5,149.14,149.87,14187750.0,149.807,50318.0
2022-12-20 14:30:00+00:00,146.1,148.47,144.1,144.21,40158681.0,146.187,144428.0
2022-12-20 16:00:00+00:00,144.22,144.38,140.08,140.25,60551532.0,141.874,212194.0
2022-12-20 20:00:00+00:00,140.27,140.57,137.66,137.83,23649304.0,139.22,88246.0
2022-12-21 14:30:00+00:00,139.35,141.26,135.91,139.33,49907542.0,138.906,180954.0
2022-12-21 16:00:00+00:00,139.32,140.75,136.38,138.75,53326288.0,138.713,184888.0
2022-12-21 20:00:00+00:00,138.75,139.02,137.22,137.51,14434939.0,138.025,52657.0
2022-12-22 14:30:00+00:00,135.98,136.63,128.25,128.27,50633365.0,132.026,179711.0
2022-12-22 16:00:00+00:00,128.29,129.73,122.26,124.89,96755429.0,125.77,333270.0
2022-12-22 20:00:00+00:00,124.88,126.79,124.67,125.35,19786461.0,125.438,78943.0
2022-12-23 14:30:00+00:00,126.37,128.62,121.02,122.49,67118232.0,123.853,237597.0
2022-12-23 16:00:00+00:00,122.51,125.76,121.63,124.66,52739757.0,123.948,185236.0
2022-12-23 20:00:00+00:00,124.66,124.87,122.51,123.13,14902170.0,123.509,59157.0
2022-12-27 14:30:00+00:00,117.49,119.67,113.66,113.94,58486529.0,115.691,206647.0
2022-12-27 16:00:00+00:00,113.93,114.15,111.6,111.99,75515976.0,112.777,253980.0
2022-12-27 20:00:00+00:00,111.98,112.07,108.76,109.1,27650943.0,110.575,98769.0
2022-12-28 14:30:00+00:00,110.35,116.27,108.24,108.71,70543813.0,112.617,254290.0
2022-12-28 16:00:00+00:00,108.78,114.63,108.33,111.86,79901825.0,111.586,293465.0
2022-12-28 20:00:00+00:00,111.85,112.87,110.51,112.7,23599091.0,111.558,91674.0
2022-12-29 14:30:00+00:00,120.39,122.95,117.49,122.66,61351315.0,120.667,222840.0
2022-12-29 16:00:00+00:00,122.64,123.57,118.43,119.32,85786532.0,120.383,278682.0
2022-12-29 20:00:00+00:00,119.33,122.17,119.23,121.83,28540644.0,121.068,100862.0
2022-12-30 14:30:00+00:00,119.95,124.48,119.74,122.36,52595415.0,122.74,172041.0
2022-12-30 16:00:00+00:00,122.37,122.56,120.61,121.51,55196355.0,121.457,181153.0
2022-12-30 20:00:00+00:00,121.51,123.29,121.45,123.24,21047443.0,122.591,73410.0
2023-01-03 14:30:00+00:00,118.47,118.8,110.26,110.91,59645562.0,112.946,203894.0
2023-01-03 16:00:00+00:00,110.91,111.03,104.64,108.36,96613363.0,106.976,314874.0
2023-01-03 20:00:00+00:00,108.35,109.0,107.21,108.06,25087501.0,108.017,86752.0
2023-01-04 14:30:00+00:00,109.11,112.74,107.58,111.9,58411742.0,110.422,194406.0
2023-01-04 16:00:00+00:00,111.92,114.59,110.66,113.61,72324361.0,112.77,225126.0
2023-01-04 20:00:00+00:00,113.61,113.85,112.25,113.64,15461134.0,113.094,52989.0
2023-01-05 14:30:00+00:00,110.57,111.33,107.16,107.93,48204010.0,108.557,160232.0
2023-01-05 16:00:00+00:00,107.93,111.75,107.68,110.81,64983396.0,110.018,196847.0
2023-01-05 20:00:00+00:00,110.81,111.2,110.06,110.37,13979751.0,110.566,45827.0
2023-01-06 14:30:00+00:00,103.01,109.27,101.81,108.75,64721349.0,105.648,208975.0
2023-01-06 16:00:00+00:00,108.75,114.04,107.91,113.53,83629014.0,111.283,253871.0
2023-01-06 20:00:00+00:00,113.52,114.39,112.45,113.02,22548647.0,113.421,73337.0
2023-01-09 14:30:00+00:00,119.0,123.33,117.11,121.5,67097108.0,120.921,222613.0
2023-01-09 16:00:00+00:00,121.5,123.52,120.48,120.6,67910251.0,121.811,199790.0
2023-01-09 20:00:00+00:00,120.6,121.01,119.26,119.79,19273431.0,120.185,62389.0
2023-01-10 14:30:00+00:00,121.03,122.76,115.0,115.97,58536957.0,118.455,181417.0
2023-01-10 16:00:00+00:00,115.97,118.25,115.44,117.68,59978510.0,117.06,179447.0
2023-01-10 20:00:00+00:00,117.68,118.88,116.65,118.85,19176244.0,117.86,60202.0
2023-01-11 14:30:00+00:00,122.09,125.95,120.51,122.68,66415417.0,123.126,202271.0
2023-01-11 16:00:00+00:00,122.67,123.47,121.28,121.58,63567401.0,122.311,191498.0
2023-01-11 20:00:00+00:00,121.57,123.27,121.57,123.21,21032342.0,122.564,67971.0
2023-01-12 14:30:00+00:00,122.56,122.92,117.0,119.09,53736499.0,119.579,178211.0
2023-01-12 16:00:00+00:00,119.08,124.14,118.61,123.3,66093440.0,121.333,194955.0
2023-01-12 20:00:00+00:00,123.3,123.81,122.33,123.52,16869690.0,123.115,51578.0
2023-01-13 14:30:00+00:00,116.59,121.66,115.6,120.7,62099969.0,118.249,209012.0
2023-01-13 16:00:00+00:00,120.71,121.41,118.37,120.69,62741574.0,120.167,189635.0
2023-01-13 20:00:00+00:00,120.72,122.63,120.61,122.39,21818960.0,121.892,73081.0
2023-01-17 14:30:00+00:00,125.7,130.58,125.02,128.84,60201345.0,128.373,191609.0
2023-01-17 16:00:00+00:00,128.84,131.39,127.43,130.67,68535520.0,129.907,203156.0
2023-01-17 20:00:00+00:00,130.67,131.7,130.39,131.47,21993365.0,131.144,69385.0
2023-01-18 14:30:00+00:00,136.56,136.68,129.32,130.72,66907284.0,133.163,214528.0
2023-01-18 16:00:00+00:00,130.74,130.93,127.01,128.56,76193088.0,128.704,239952.0
2023-01-18 20:00:00+00:00,128.57,129.13,127.97,128.75,16930785.0,128.55,59448.0
2023-01-19 14:30:00+00:00,127.28,129.99,125.63,125.84,55627474.0,128.066,163937.0
2023-01-19 16:00:00+00:00,125.82,128.72,124.3,127.52,76795810.0,126.539,224868.0
2023-01-19 20:00:00+00:00,127.53,128.2,126.95,127.16,13981919.0,127.599,46058.0
2023-01-20 14:30:00+00:00,128.53,131.69,127.34,129.9,48043581.0,129.93,143094.0
2023-01-20 16:00:00+00:00,129.9,132.58,129.8,132.16,50506615.0,131.262,158830.0
2023-01-20 20:00:00+00:00,132.16,133.51,132.15,133.41,19041106.0,132.907,65072.0
2023-01-23 14:30:00+00:00,135.87,140.35,134.27,139.96,55480430.0,138.199,161184.0
2023-01-23 16:00:00+00:00,139.95,145.38,139.95,142.8,88144082.0,142.691,247228.0
2023-01-23 20:00:00+00:00,142.8,143.9,141.33,143.75,25394091.0,142.645,75578.0
2023-01-24 14:30:00+00:00,143.0,146.5,141.1,144.07,55842078.0,143.366,167402.0
2023-01-24 16:00:00+00:00,144.09,145.33,142.5,143.99,60567822.0,143.712,170497.0
2023-01-24 20:00:00+00:00,144.0,144.09,142.78,143.91,15179271.0,143.524,49911.0
2023-01-25 14:30:00+00:00,141.91,142.84,138.07,141.67,47498061.0,140.104,146115.0
2023-01-25 16:00:00+00:00,141.66,146.41,141.28,145.28,74639703.0,143.822,224053.0
2023-01-25 20:00:00+00:00,145.28,146.2,143.86,144.47,21279177.0,145.042,72383.0
2023-01-26 14:30:00+00:00,159.95,161.42,154.76,156.14,81949033.0,157.993,285633.0
2023-01-26 16:00:00+00:00,156.14,159.21,154.87,158.38,77746127.0,157.246,242410.0
2023-01-26 20:00:00+00:00,158.37,160.51,157.88,160.27,24912979.0,159.126,83770.0
2023-01-27 14:30:00+00:00,162.43,167.67,161.17,166.97,63821508.0,165.166,208811.0
2023-01-27 16:00:00+00:00,166.96,180.68,166.81,179.28,153992939.0,175.214,511433.0
2023-01-27 20:00:00+00:00,179.28,180.09,177.54,177.87,33217295.0,178.922,121869.0
2023-01-30 14:30:00+00:00,178.05,179.77,168.3,171.63,75590239.0,174.393,249761.0
2023-01-30 16:00:00+00:00,171.64,173.81,168.78,169.73,84660851.0,171.468,265345.0
2023-01-30 20:00:00+00:00,169.71,170.21,166.5,166.71,24961927.0,168.016,86267.0
2023-01-31 14:30:00+00:00,164.57,173.3,162.78,173.27,64140586.0,168.835,209102.0
2023-01-31 16:00:00+00:00,173.26,173.75,169.92,173.21,75216094.0,172.147,235039.0
2023-01-31 20:00:00+00:00,173.23,174.3,171.5,173.29,24875106.0,172.858,83540.0
2023-02-01 14:30:00+00:00,173.91,175.85,170.2,170.25,49799409.0,172.94,156512.0
2023-02-01 16:00:00+00:00,170.25,179.77,169.97,178.44,87869977.0,174.369,269554.0
2023-02-01 20:00:00+00:00,178.47,183.81,178.41,181.42,39835602.0,181.813,130933.0
2023-02-02 14:30:00+00:00,187.33,194.63,185.09,193.76,58010963.0,189.705,198398.0
2023-02-02 16:00:00+00:00,193.79,196.76,185.01,185.35,90058576.0,192.823,303352.0
2023-02-02 20:00:00+00:00,185.35,188.51,182.61,188.26,29768710.0,186.658,96339.0
2023-02-03 14:30:00+00:00,183.95,199.0,183.69,196.25,72479827.0,194.363,245335.0
2023-02-03 16:00:00+00:00,196.26,198.5,188.85,189.8,92716342.0,194.068,290508.0
2023-02-03 20:00:00+00:00,189.82,191.22,188.18,190.01,23338768.0,190.024,80049.0
2023-02-06 14:30:00+00:00,193.01,198.17,190.0,194.88,63526948.0,194.206,219735.0
2023-02-06 16:00:00+00:00,194.9,196.91,193.37,195.11,72016728.0,195.011,234891.0
2023-02-06 20:00:00+00:00,195.11,195.33,193.15,194.81,16614194.0,194.363,61299.0
2023-02-07 14:30:00+00:00,196.43,197.25,191.1,192.88,47380441.0,193.682,159990.0
2023-02-07 16:00:00+00:00,192.88,197.2,189.55,194.83,87926408.0,193.798,292536.0
2023-02-07 20:00:00+00:00,194.86,197.5,193.67,196.76,20823932.0,195.662,77174.0
2023-02-08 14:30:00+00:00,196.05,202.85,194.31,200.23,60691556.0,200.035,218856.0
2023-02-08 16:00:00+00:00,200.2,203.0,197.7,201.06,69277577.0,200.433,235458.0
2023-02-08 20:00:00+00:00,201.06,201.89,199.51,201.3,18805078.0,200.783,73988.0
2023-02-09 14:30:00+00:00,207.78,214.0,205.53,211.98,68031701.0,209.992,238083.0
2023-02-09 16:00:00+00:00,211.94,213.55,209.02,209.81,75921798.0,211.186,261979.0
2023-02-09 20:00:00+00:00,209.81,210.13,204.77,207.31,27892221.0,207.322,98601.0
2023-02-10 14:30:00+00:00,202.23,206.2,195.91,197.65,65681865.0,200.525,233820.0
2023-02-10 16:00:00+00:00,197.63,199.78,192.92,197.18,80784395.0,196.187,272487.0
2023-02-10 20:00:00+00:00,197.2,197.72,195.59,196.84,18641282.0,196.633,69308.0
2023-02-13 14:30:00+00:00,194.42,196.3,187.61,193.95,57792227.0,191.625,211118.0
2023-02-13 16:00:00+00:00,193.98,195.63,192.52,193.98,65284514.0,194.187,218011.0
2023-02-13 20:00:00+00:00,193.99,195.69,193.07,194.63,17899900.0,194.738,64441.0
2023-02-14 14:30:00+00:00,191.92,204.5,189.44,200.47,71708615.0,199.137,245682.0
2023-02-14 16:00:00+00:00,200.45,206.82,197.62,205.9,76242984.0,202.323,258796.0
2023-02-14 20:00:00+00:00,205.95,209.82,204.92,209.28,26849556.0,207.995,96242.0
2023-02-15 14:30:00+00:00,211.76,213.98,206.11,210.1,58921905.0,210.117,217638.0
2023-02-15 16:00:00+00:00,210.08,214.66,209.68,210.2,65378461.0,212.398,224732.0
2023-02-15 20:00:00+00:00,210.19,214.22,210.14,214.22,19503765.0,212.415,72775.0
2023-02-16 14:30:00+00:00,210.75,217.65,208.31,216.82,58109837.0,213.762,209210.0
2023-02-16 16:00:00+00:00,216.83,217.5,209.74,211.01,82389433.0,213.539,294833.0
2023-02-16 20:00:00+00:00,211.01,211.17,201.84,201.95,41773707.0,205.415,147282.0
2023-02-17 14:30:00+00:00,199.97,204.59,199.17,200.88,57763644.0,202.264,207279.0
2023-02-17 16:00:00+00:00,200.89,208.0,197.5,207.61,89971571.0,202.065,306504.0
2023-02-17 20:00:00+00:00,207.64,208.44,205.08,208.36,27683437.0,206.99,101511.0
2023-02-21 14:30:00+00:00,205.01,209.71,203.17,204.12,49202160.0,205.686,188268.0
2023-02-21 16:00:00+00:00,204.14,204.93,198.7,200.06,74352125.0,201.366,261222.0
2023-02-21 20:00:00+00:00,200.06,200.52,197.22,197.31,20971998.0,199.042,78243.0
2023-02-22 14:30:00+00:00,197.93,200.87,191.83,195.05,57451895.0,195.652,204609.0
2023-02-22 16:00:00+00:00,195.05,201.99,193.55,198.07,83268043.0,197.982,285481.0
2023-02-22 20:00:00+00:00,198.08,201.0,197.8,200.86,20211364.0,199.735,74887.0
2023-02-23 14:30:00+00:00,203.91,205.13,197.36,198.06,43834867.0,201.26,156374.0
2023-02-23 16:00:00+00:00,198.05,203.28,196.33,201.31,60609496.0,199.579,210650.0
2023-02-23 20:00:00+00:00,201.31,203.14,200.89,201.99,16655649.0,202.098,62530.0
2023-02-24 14:30:00+00:00,196.35,197.44,192.8,194.03,42340868.0,194.774,155230.0
2023-02-24 16:00:00+00:00,194.08,197.67,193.58,196.84,56871094.0,195.729,202677.0
2023-02-24 20:00:00+00:00,196.85,197.34,195.66,196.86,17031156.0,196.607,66734.0
2023-02-27 14:30:00+00:00,202.1,208.22,201.26,205.24,50130150.0,205.559,182413.0
2023-02-27 16:00:00+00:00,205.22,209.42,204.3,208.18,61503302.0,206.759,213776.0
2023-02-27 20:00:00+00:00,208.18,208.45,206.35,207.65,17374386.0,207.566,64404.0
2023-02-28 14:30:00+00:00,210.59,211.23,203.75,204.73,47160126.0,207.091,172009.0
2023-02-28 16:00:00+00:00,204.73,209.41,204.56,207.92,57151525.0,207.141,204312.0
2023-02-28 20:00:00+00:00,207.92,208.14,204.91,205.74,18367001.0,206.177,67707.0
2023-03-01 14:30:00+00:00,206.33,207.2,198.52,201.53,48016154.0,201.646,174378.0
2023-03-01 16:00:00+00:00,201.52,202.86,198.77,202.26,54725091.0,201.284,192651.0
2023-03-01 20:00:00+00:00,202.25,203.42,202.02,202.75,17686354.0,202.851,66117.0
2023-03-02 14:30:00+00:00,186.74,193.75,186.01,191.45,61639427.0,190.448,232067.0
2023-03-02 16:00:00+00:00,191.45,191.6,188.0,189.32,66401851.0,189.76,239747.0
2023-03-02 20:00:00+00:00,189.31,191.5,188.8,190.87,16738654.0,190.248,66564.0
2023-03-03 14:30:00+00:00,194.81,197.76,192.88,196.18,47145347.0,195.699,169762.0
2023-03-03 16:00:00+00:00,196.19,200.48,195.48,199.82,60144065.0,198.812,220884.0
2023-03-03 20:00:00+00:00,199.82,200.11,196.81,197.86,18537421.0,198.382,72620.0
2023-03-06 14:30:00+00:00,198.53,198.6,194.46,196.12,39309836.0,196.156,145680.0
2023-03-06 16:00:00+00:00,196.15,196.62,192.3,194.77,53100612.0,194.566,181056.0
2023-03-06 20:00:00+00:00,194.78,195.5,193.65,193.83,14402739.0,194.64,50891.0
2023-03-07 14:30:00+00:00,191.39,192.39,186.1,188.96,46651703.0,189.596,163434.0
2023-03-07 16:00:00+00:00,188.97,194.2,188.42,189.07,60078411.0,190.915,212199.0
2023-03-07 20:00:00+00:00,189.05,190.19,187.44,187.68,16111844.0,188.983,61045.0
2023-03-08 14:30:00+00:00,185.04,186.5,180.0,182.39,51187189.0,182.033,172958.0
2023-03-08 16:00:00+00:00,182.38,183.3,180.0,181.96,56560054.0,181.537,196817.0
2023-03-08 20:00:00+00:00,181.94,182.39,180.15,182.05,18022015.0,181.36,66983.0
2023-03-09 14:30:00+00:00,180.29,185.18,180.0,181.34,44718194.0,182.712,157970.0
2023-03-09 16:00:00+00:00,181.33,181.94,175.51,175.96,62942087.0,178.614,206618.0
2023-03-09 20:00:00+00:00,175.97,176.26,172.51,172.84,25788100.0,174.064,97872.0
2023-03-10 14:30:00+00:00,175.07,177.08,168.44,176.85,61460422.0,173.487,206579.0
2023-03-10 16:00:00+00:00,176.85,178.29,171.77,174.62,76872241.0,175.038,267770.0
2023-03-10 20:00:00+00:00,174.65,175.16,172.43,173.5,17142005.0,173.846,61403.0
2023-03-13 13:30:00+00:00,167.51,172.93,164.0,172.27,69457857.0,169.339,249036.0
2023-03-13 16:00:00+00:00,172.27,177.35,170.95,174.48,64190046.0,174.272,246405.0
2023-03-14 13:30:00+00:00,177.31,182.18,177.14,181.52,56454433.0,180.49,197323.0
2023-03-14 16:00:00+00:00,181.54,183.8,179.98,183.24,60355816.0,181.952,216355.0
2023-03-15 13:30:00+00:00,180.78,182.34,177.8,179.53,57531966.0,180.063,199187.0
2023-03-15 16:00:00+00:00,179.55,180.88,176.03,180.55,60691299.0,178.599,199772.0
2023-03-16 13:30:00+00:00,180.27,185.42,178.84,185.04,55014510.0,181.559,191582.0
2023-03-16 16:00:00+00:00,185.06,185.81,183.58,184.03,44583298.0,184.549,166367.0
2023-03-17 13:30:00+00:00,184.5,186.22,177.33,178.7,56768454.0,181.127,196772.0
2023-03-17 16:00:00+00:00,178.7,180.83,178.25,180.1,47843997.0,179.607,180457.0
2023-03-20 13:30:00+00:00,178.06,186.44,176.35,183.95,59879965.0,182.972,210878.0
2023-03-20 16:00:00+00:00,183.94,184.47,181.29,183.24,48667777.0,182.948,162031.0
2023-03-21 13:30:00+00:00,188.37,195.0,188.04,194.22,65780729.0,191.554,231910.0
2023-03-21 16:00:00+00:00,194.21,198.0,193.7,197.62,57507498.0,196.195,208342.0
2023-03-22 13:30:00+00:00,199.3,200.66,195.58,197.13,48078509.0,197.555,166807.0
2023-03-22 16:00:00+00:00,197.13,200.61,190.95,191.0,74676815.0,196.317,266135.0
2023-03-23 13:30:00+00:00,195.27,199.31,194.76,194.9,52400078.0,197.44,185852.0
2023-03-23 16:00:00+00:00,194.89,196.27,188.65,192.2,65210013.0,192.525,230546.0
2023-03-24 13:30:00+00:00,191.69,192.36,187.15,189.51,49875217.0,189.56,181736.0
2023-03-24 16:00:00+00:00,189.51,190.79,187.78,190.42,46500234.0,189.43,168810.0
2023-03-27 13:30:00+00:00,194.42,197.39,192.32,192.43,49730980.0,195.285,166460.0
2023-03-27 16:00:00+00:00,192.44,193.93,189.97,191.86,51440293.0,192.236,169710.0
2023-03-28 13:30:00+00:00,192.0,192.35,187.64,188.78,38695765.0,188.968,140326.0
2023-03-28 16:00:00+00:00,188.79,189.37,185.43,189.21,43754270.0,187.455,156643.0
2023-03-29 13:30:00+00:00,193.14,195.29,189.44,192.62,54229026.0,192.241,179998.0
2023-03-29 16:00:00+00:00,192.62,194.04,190.63,193.92,49232242.0,192.424,167070.0
2023-03-30 13:30:00+00:00,195.58,197.33,194.42,196.36,45896974.0,195.881,152865.0
2023-03-30 16:00:00+00:00,196.36,197.26,194.96,195.28,44571518.0,195.928,151014.0
2023-03-31 13:30:00+00:00,197.55,204.37,197.2,204.16,58296090.0,200.534,190758.0
2023-03-31 16:00:00+00:00,204.16,207.79,203.91,207.48,81027889.0,205.914,264376.0
2023-04-03 13:30:00+00:00,199.92,202.69,193.83,194.89,70355445.0,197.182,264807.0
2023-04-03 16:00:00+00:00,194.89,196.04,192.2,194.7,63196463.0,194.149,225820.0
2023-04-04 13:30:00+00:00,197.31,198.75,190.59,191.63,55880771.0,193.912,198704.0
2023-04-04 16:00:00+00:00,191.63,192.72,190.32,192.68,45396788.0,191.721,152164.0
2023-04-05 13:30:00+00:00,190.53,190.68,183.76,184.72,55658173.0,186.732,191923.0
2023-04-05 16:00:00+00:00,184.72,187.02,183.77,185.5,52725279.0,185.67,176813.0
2023-04-06 13:30:00+00:00,183.08,185.1,179.83,185.01,56329161.0,183.048,184166.0
2023-04-06 16:00:00+00:00,185.01,186.39,184.4,185.07,45000375.0,185.411,158296.0
2023-04-10 13:30:00+00:00,179.94,182.5,176.11,180.68,59087093.0,178.913,186906.0
2023-04-10 16:00:00+00:00,180.68,185.1,179.56,184.51,59804731.0,183.206,183867.0
2023-04-11 13:30:00+00:00,186.69,189.19,185.64,186.63,54064119.0,187.312,189421.0
2023-04-11 16:00:00+00:00,186.62,188.62,186.19,186.8,43268105.0,187.553,151121.0
2023-04-12 13:30:00+00:00,190.72,191.59,181.89,184.07,64649514.0,186.03,224770.0
2023-04-12 16:00:00+00:00,184.09,185.0,180.31,180.55,60368409.0,182.622,205810.0
2023-04-13 13:30:00+00:00,182.94,186.17,180.94,185.19,51193746.0,184.271,176553.0
2023-04-13 16:00:00+00:00,185.19,186.5,184.42,185.88,43697540.0,185.569,148359.0
2023-04-14 13:30:00+00:00,183.88,186.28,182.2,182.88,39810197.0,184.065,136262.0
2023-04-14 16:00:00+00:00,182.89,185.39,182.01,184.99,41289630.0,183.91,141285.0
2023-04-17 13:30:00+00:00,186.32,189.69,182.69,183.41,49971280.0,186.037,167685.0
2023-04-17 16:00:00+00:00,183.41,187.53,182.81,186.99,47528702.0,185.147,151848.0
2023-04-18 13:30:00+00:00,187.13,187.69,183.57,184.5,41041890.0,185.169,136342.0
2023-04-18 16:00:00+00:00,184.51,186.03,183.82,184.31,35478918.0,185.008,111755.0
2023-04-19 13:30:00+00:00,179.1,182.13,177.65,181.31,44066322.0,180.461,145145.0
2023-04-19 16:00:00+00:00,181.31,183.5,180.05,180.54,42111692.0,182.158,147954.0
2023-04-20 13:30:00+00:00,166.17,169.6,163.8,163.82,85426274.0,166.763,313138.0
2023-04-20 16:00:00+00:00,163.81,164.68,160.56,162.99,77070597.0,162.741,273746.0
2023-04-21 13:30:00+00:00,164.8,165.37,161.32,165.17,58834714.0,163.331,197460.0
2023-04-21 16:00:00+00:00,165.18,166.0,164.21,165.06,43184123.0,165.192,155851.0
2023-04-24 13:30:00+00:00,164.67,165.65,158.61,159.77,63079795.0,161.455,203101.0
2023-04-24 16:00:00+00:00,159.76,163.22,159.74,162.55,54914248.0,161.362,166749.0
2023-04-25 13:30:00+00:00,159.83,163.47,158.75,162.5,58229356.0,161.479,183196.0
2023-04-25 16:00:00+00:00,162.5,163.45,160.5,160.7,45023336.0,162.208,153641.0
2023-04-26 13:30:00+00:00,160.29,160.67,153.21,156.13,67823129.0,156.013,215475.0
2023-04-26 16:00:00+00:00,156.14,157.19,153.14,153.64,58698586.0,155.586,181823.0
2023-04-27 13:30:00+00:00,152.6,158.25,152.37,157.83,55712792.0,155.61,173093.0
2023-04-27 16:00:00+00:00,157.84,160.48,157.27,160.15,47475407.0,159.135,147759.0
2023-04-28 13:30:00+00:00,160.85,163.31,157.32,162.67,53684126.0,160.87,162000.0
2023-04-28 16:00:00+00:00,162.67,165.0,162.46,164.35,49146180.0,164.126,161031.0
2023-05-01 13:30:00+00:00,163.19,163.28,158.83,159.97,49530154.0,161.203,149290.0
2023-05-01 16:00:00+00:00,159.96,162.64,159.77,161.78,43867538.0,161.453,131089.0
2023-05-02 13:30:00+00:00,161.88,165.49,159.75,160.64,58527490.0,162.78,175282.0
2023-05-02 16:00:00+00:00,160.66,162.41,158.93,160.29,50828219.0,160.782,152382.0
2023-05-03 13:30:00+00:00,160.01,165.0,159.91,163.71,45186700.0,163.368,137903.0
2023-05-03 16:00:00+00:00,163.71,165.0,160.28,160.61,56074509.0,163.366,174402.0
2023-05-04 13:30:00+00:00,162.71,162.95,159.65,161.1,47830733.0,161.31,146584.0
2023-05-04 16:00:00+00:00,161.08,162.28,160.49,161.22,32914928.0,161.466,107487.0
2023-05-05 13:30:00+00:00,163.97,169.1,163.51,168.38,47010876.0,167.002,155603.0
2023-05-05 16:00:00+00:00,168.39,170.79,167.6,170.07,40241401.0,169.45,140327.0
2023-05-08 13:30:00+00:00,173.71,173.8,169.19,172.09,52223403.0,171.112,165191.0
2023-05-08 16:00:00+00:00,172.09,172.46,170.03,171.85,40266028.0,171.58,127446.0
2023-05-09 13:30:00+00:00,168.96,169.82,166.75,166.88,38344005.0,168.271,126360.0
2023-05-09 16:00:00+00:00,166.86,169.16,166.56,169.16,35216995.0,167.921,115196.0
2023-05-10 13:30:00+00:00,172.55,174.43,168.55,168.87,54232330.0,171.711,175438.0
2023-05-10 16:00:00+00:00,168.88,169.64,166.68,168.55,43205516.0,168.463,141574.0
2023-05-11 13:30:00+00:00,168.7,169.86,166.79,169.84,39080496.0,168.376,119993.0
2023-05-11 16:00:00+00:00,169.85,173.57,168.63,172.06,42028478.0,170.282,144214.0
2023-05-12 13:30:00+00:00,176.05,177.38,168.75,170.26,72803258.0,173.471,244539.0
2023-05-12 16:00:00+00:00,170.27,170.28,167.23,167.99,56378969.0,168.222,187939.0
2023-05-15 13:30:00+00:00,167.69,169.76,164.54,167.84,48904816.0,166.724,151178.0
2023-05-15 16:00:00+00:00,167.84,168.43,165.65,166.35,39395108.0,167.128,117492.0
2023-05-16 13:30:00+00:00,165.65,169.52,164.35,169.12,44702460.0,167.077,144768.0
2023-05-16 16:00:00+00:00,169.12,169.26,166.39,166.53,35691274.0,167.79,109837.0
2023-05-17 13:30:00+00:00,168.41,173.99,167.18,173.54,62455478.0,171.536,209036.0
2023-05-17 16:00:00+00:00,173.56,174.5,172.36,173.85,41290398.0,173.601,144434.0
2023-05-18 13:30:00+00:00,174.29,175.75,172.45,175.06,49395661.0,174.274,167661.0
2023-05-18 16:00:00+00:00,175.05,177.06,173.89,176.89,39367999.0,175.238,130115.0
2023-05-19 13:30:00+00:00,177.17,181.95,176.31,179.37,65180636.0,179.547,209716.0
2023-05-19 16:00:00+00:00,179.37,180.57,178.36,180.13,47648304.0,179.619,158389.0
2023-05-22 13:30:00+00:00,180.79,186.26,180.11,185.28,57625727.0,184.169,184180.0
2023-05-22 16:00:00+00:00,185.28,189.32,184.67,188.93,51507450.0,187.331,166743.0
2023-05-23 13:30:00+00:00,186.2,192.96,186.06,190.03,64685464.0,190.587,207460.0
2023-05-23 16:00:00+00:00,190.04,190.22,185.26,185.77,66996819.0,187.149,205050.0
2023-05-24 13:30:00+00:00,182.23,182.94,178.22,181.06,58021116.0,180.281,190059.0
2023-05-24 16:00:00+00:00,181.05,184.22,180.88,182.86,53724462.0,182.57,164843.0
2023-05-25 13:30:00+00:00,186.51,186.78,180.58,184.5,41764057.0,183.713,141295.0
2023-05-25 16:00:00+00:00,184.52,185.77,182.75,184.44,35669886.0,184.531,125094.0
2023-05-26 13:30:00+00:00,184.62,194.85,184.53,194.51,58816132.0,190.172,200146.0
2023-05-26 16:00:00+00:00,194.52,198.6,191.89,193.16,73797017.0,195.623,243837.0
2023-05-30 13:30:00+00:00,200.0,204.48,197.53,200.84,56690024.0,200.741,197615.0
2023-05-30 16:00:00+00:00,200.82,201.99,197.58,201.19,45314218.0,200.138,155216.0
2023-05-31 13:30:00+00:00,199.79,202.99,195.12,196.78,56845532.0,198.513,189146.0
2023-05-31 16:00:00+00:00,196.79,203.95,195.95,203.92,57061294.0,199.266,192695.0
2023-06-01 13:30:00+00:00,202.64,205.99,199.37,204.82,58700812.0,202.607,190691.0
2023-06-01 16:00:00+00:00,204.85,209.8,204.44,207.5,62221959.0,207.318,209295.0
2023-06-02 13:30:00+00:00,210.08,217.25,209.75,216.17,74757329.0,213.885,245127.0
2023-06-02 16:00:00+00:00,216.18,216.91,213.52,213.97,61102453.0,215.43,194246.0
2023-06-05 13:30:00+00:00,217.79,221.29,216.5,217.46,65761544.0,218.982,218662.0
2023-06-05 16:00:00+00:00,217.45,219.39,214.52,217.59,57120799.0,217.368,185794.0
2023-06-06 13:30:00+00:00,216.14,220.79,212.53,220.1,66427996.0,216.258,213926.0
2023-06-06 16:00:00+00:00,220.1,221.91,217.82,221.29,53761831.0,219.914,174223.0
2023-06-07 13:30:00+00:00,228.0,230.83,224.55,225.32,79302853.0,227.96,264049.0
2023-06-07 16:00:00+00:00,225.34,227.24,223.2,224.63,71236806.0,225.085,226398.0
2023-06-08 13:30:00+00:00,224.15,233.33,223.01,231.94,66904823.0,229.44,225538.0
2023-06-08 16:00:00+00:00,231.94,235.23,230.68,234.83,57083654.0,232.764,189179.0
2023-06-09 13:30:00+00:00,249.07,252.42,245.09,247.54,85306004.0,248.542,302985.0
2023-06-09 16:00:00+00:00,247.55,247.88,242.02,244.38,72302656.0,245.406,254506.0
2023-06-12 13:30:00+00:00,247.95,249.92,244.59,247.09,63029196.0,247.412,206701.0
2023-06-12 16:00:00+00:00,247.1,250.97,245.5,249.88,56146083.0,248.453,189728.0
2023-06-13 13:30:00+00:00,253.45,257.8,251.34,256.07,64557856.0,253.864,216857.0
2023-06-13 16:00:00+00:00,256.07,259.68,255.63,258.77,62619543.0,258.043,215655.0
2023-06-14 13:30:00+00:00,260.17,261.57,255.25,256.94,59649222.0,258.372,211848.0
2023-06-14 16:00:00+00:00,256.92,259.18,250.5,256.76,73556656.0,255.913,272481.0
2023-06-15 13:30:00+00:00,248.49,258.95,247.29,257.34,65528428.0,255.382,225971.0
2023-06-15 16:00:00+00:00,257.34,257.75,254.27,255.81,60530733.0,256.166,201875.0
2023-06-16 13:30:00+00:00,258.92,263.47,257.2,259.52,68721842.0,260.233,229983.0
2023-06-16 16:00:00+00:00,259.51,263.6,259.01,260.54,60799992.0,261.094,211766.0
2023-06-20 13:30:00+00:00,261.5,266.73,261.12,264.82,60324355.0,264.468,207852.0
2023-06-20 16:00:00+00:00,264.85,274.75,264.64,274.46,71341240.0,270.482,246430.0
2023-06-21 13:30:00+00:00,275.13,276.99,260.14,262.24,90809884.0,268.154,348620.0
2023-06-21 16:00:00+00:00,262.24,264.7,257.82,259.46,75666323.0,261.805,261845.0
2023-06-22 13:30:00+00:00,250.75,263.4,248.25,263.37,71345864.0,257.907,262720.0
2023-06-22 16:00:00+00:00,263.35,265.0,259.71,264.59,54406718.0,262.813,193981.0
2023-06-23 13:30:00+00:00,259.34,262.02,252.83,258.79,69574487.0,256.723,249736.0
2023-06-23 16:00:00+00:00,258.76,262.45,254.68,256.55,68771862.0,258.867,239777.0
2023-06-26 13:30:00+00:00,250.04,258.37,248.53,249.84,66006301.0,253.261,236400.0
2023-06-26 16:00:00+00:00,249.83,249.88,240.7,241.02,76814368.0,244.712,262105.0
2023-06-27 13:30:00+00:00,243.21,247.1,240.86,245.05,68032670.0,244.423,237705.0
2023-06-27 16:00:00+00:00,245.06,250.39,243.43,250.2,66250770.0,247.677,224953.0
2023-06-28 13:30:00+00:00,249.7,259.88,248.89,257.36,70213397.0,255.905,251865.0
2023-06-28 16:00:00+00:00,257.34,258.88,253.9,256.4,61273859.0,255.92,208192.0
2023-06-29 13:30:00+00:00,258.09,260.74,253.61,257.81,58416213.0,257.16,207096.0
2023-06-29 16:00:00+00:00,257.8,258.93,254.45,257.53,48855971.0,256.36,168801.0
2023-06-30 13:30:00+00:00,260.63,264.45,259.89,263.02,49744579.0,262.686,176323.0
2023-06-30 16:00:00+00:00,263.03,264.09,261.63,261.68,37723006.0,263.057,136374.0
2023-07-03 13:30:00+00:00,276.45,284.25,275.11,276.27,73000883.0,279.952,254696.0
2023-07-03 16:00:00+00:00,276.27,280.16,275.42,280.0,17834323.0,277.924,62511.0
2023-07-05 13:30:00+00:00,278.77,282.94,277.82,278.04,53178686.0,280.365,188281.0
2023-07-05 16:00:00+00:00,278.02,283.85,277.6,282.44,53377716.0,280.695,189156.0
2023-07-06 13:30:00+00:00,278.21,279.97,272.88,276.35,51349105.0,275.651,182523.0
2023-07-06 16:00:00+00:00,276.37,278.71,275.57,276.54,43436537.0,277.388,153959.0
2023-07-07 13:30:00+00:00,278.44,280.78,274.05,278.74,48246295.0,277.498,166543.0
2023-07-07 16:00:00+00:00,278.77,279.96,273.77,274.43,42467062.0,277.745,144737.0
2023-07-10 13:30:00+00:00,276.46,277.52,267.63,268.04,51444541.0,271.231,183866.0
2023-07-10 16:00:00+00:00,268.04,270.36,265.1,269.5,45310969.0,268.348,164858.0
2023-07-11 13:30:00+00:00,268.62,270.9,266.9,268.97,39639003.0,268.839,146135.0
2023-07-11 16:00:00+00:00,268.98,270.18,266.37,269.82,35125172.0,268.036,125961.0
2023-07-12 13:30:00+00:00,276.32,276.52,271.46,272.04,43768404.0,273.766,154846.0
2023-07-12 16:00:00+00:00,272.02,274.44,271.69,272.0,30902431.0,273.061,106250.0
2023-07-13 13:30:00+00:00,274.59,274.97,270.6,272.5,36385229.0,272.464,129973.0
2023-07-13 16:00:00+00:00,272.51,279.45,272.36,277.97,52044537.0,276.198,178290.0
2023-07-14 13:30:00+00:00,277.09,282.75,276.31,282.61,43662864.0,279.148,153606.0
2023-07-14 16:00:00+00:00,282.61,285.3,278.78,281.39,51783791.0,282.021,189121.0
2023-07-17 13:30:00+00:00,286.63,292.23,283.57,287.84,55248038.0,287.825,198751.0
2023-07-17 16:00:00+00:00,287.85,290.63,285.36,290.35,46032050.0,288.316,160595.0
2023-07-18 13:30:00+00:00,290.1,290.52,286.01,288.59,42843243.0,288.119,154082.0
2023-07-18 16:00:00+00:00,288.64,295.26,287.6,293.37,44272062.0,291.738,164351.0
2023-07-19 13:30:00+00:00,296.04,299.29,294.23,296.97,46547374.0,297.128,166324.0
2023-07-19 16:00:00+00:00,296.97,297.72,289.52,291.12,54213177.0,293.333,203913.0
2023-07-20 13:30:00+00:00,279.61,280.93,269.46,271.99,61798660.0,273.898,250348.0
2023-07-20 16:00:00+00:00,271.98,272.93,261.2,262.92,65836251.0,265.895,251182.0
2023-07-21 13:30:00+00:00,267.98,268.0,255.8,262.04,57183654.0,260.849,205990.0
2023-07-21 16:00:00+00:00,262.04,267.48,259.36,259.95,55311837.0,263.255,210927.0
2023-07-24 13:30:00+00:00,255.85,266.19,254.12,265.85,54691661.0,260.604,194901.0
2023-07-24 16:00:00+00:00,265.85,269.85,265.34,269.13,53361038.0,267.823,182637.0
2023-07-25 13:30:00+00:00,272.38,272.9,265.41,267.94,50549323.0,268.828,178972.0
2023-07-25 16:00:00+00:00,267.94,270.24,265.0,265.26,39828048.0,268.189,135453.0
2023-07-26 13:30:00+00:00,263.23,268.04,261.75,264.4,38039538.0,265.283,130486.0
2023-07-26 16:00:00+00:00,264.46,266.39,262.72,264.47,41086590.0,264.425,135981.0
2023-07-27 13:30:00+00:00,268.31,269.13,263.33,266.4,34708456.0,265.977,129752.0
2023-07-27 16:00:00+00:00,266.39,267.48,255.3,255.73,47057109.0,260.826,172740.0
2023-07-28 13:30:00+00:00,259.86,266.43,258.23,266.28,43630268.0,262.69,157016.0
2023-07-28 16:00:00+00:00,266.29,267.25,263.9,266.54,42945511.0,265.843,155703.0
2023-07-31 13:30:00+00:00,267.41,269.08,263.78,267.1,36261879.0,265.889,124324.0
2023-07-31 16:00:00+00:00,267.13,268.69,265.82,267.49,32538183.0,267.439,109763.0
2023-08-01 13:30:00+00:00,266.26,266.47,261.64,262.6,36852780.0,263.278,121649.0
2023-08-01 16:00:00+00:00,262.6,262.61,260.25,261.08,30124252.0,261.294,108303.0
2023-08-02 13:30:00+00:00,255.53,259.52,251.74,251.76,43685227.0,255.824,140603.0
2023-08-02 16:00:00+00:00,251.75,255.48,250.49,254.16,36480428.0,253.419,125001.0
2023-08-03 13:30:00+00:00,252.09,257.5,252.0,255.81,43024103.0,255.445,133147.0
2023-08-03 16:00:00+00:00,255.8,260.49,255.45,259.3,37131743.0,258.325,126225.0
2023-08-04 13:30:00+00:00,260.87,264.77,256.5,260.3,40524702.0,259.618,135856.0
2023-08-04 16:00:00+00:00,260.33,261.04,253.11,253.86,40477571.0,256.945,136981.0
2023-08-07 13:30:00+00:00,251.45,253.66,242.76,245.65,48761600.0,247.235,157580.0
2023-08-07 16:00:00+00:00,245.66,251.58,245.34,251.41,38530443.0,248.229,123624.0
2023-08-08 13:30:00+00:00,247.47,250.92,245.01,246.9,44494836.0,248.204,140625.0
2023-08-08 16:00:00+00:00,246.9,250.46,246.65,249.62,34514424.0,249.024,108639.0
2023-08-09 13:30:00+00:00,250.83,251.1,242.2,243.41,42009222.0,246.018,134239.0
2023-08-09 16:00:00+00:00,243.38,246.64,241.9,242.19,38000559.0,244.444,118156.0
2023-08-10 13:30:00+00:00,245.39,251.8,244.43,244.81,49852262.0,248.519,163119.0
2023-08-10 16:00:00+00:00,244.76,246.41,243.0,245.37,38816076.0,245.025,124512.0
2023-08-11 13:30:00+00:00,241.77,242.67,238.02,240.43,40890623.0,240.677,145140.0
2023-08-11 16:00:00+00:00,240.38,243.79,240.16,242.65,37155180.0,242.316,123407.0
2023-08-14 13:30:00+00:00,235.7,240.66,233.75,237.09,42606819.0,237.455,135840.0
2023-08-14 16:00:00+00:00,237.09,239.84,236.71,239.76,34546092.0,238.457,105463.0
2023-08-15 13:30:00+00:00,238.73,240.5,234.27,235.9,38708434.0,236.298,125822.0
2023-08-15 16:00:00+00:00,235.91,236.14,232.61,232.95,31819214.0,233.906,110841.0
2023-08-16 13:30:00+00:00,228.09,233.97,227.45,228.49,47010564.0,230.841,146386.0
2023-08-16 16:00:00+00:00,228.48,229.47,225.38,225.56,42265519.0,227.733,133593.0
2023-08-17 13:30:00+00:00,226.06,226.74,221.53,223.98,50669015.0,223.721,154558.0
2023-08-17 16:00:00+00:00,223.97,225.53,218.83,219.19,47125159.0,222.175,147235.0
2023-08-18 13:30:00+00:00,214.12,217.58,212.36,214.83,58821877.0,215.287,198083.0
2023-08-18 16:00:00+00:00,214.81,216.9,214.17,215.43,51036596.0,215.371,149181.0
2023-08-21 13:30:00+00:00,221.55,229.94,220.58,225.63,59221868.0,226.088,190247.0
2023-08-21 16:00:00+00:00,225.62,232.14,225.51,231.27,45685013.0,229.145,147729.0
2023-08-22 13:30:00+00:00,240.25,240.82,231.48,231.98,54912089.0,235.986,184944.0
2023-08-22 16:00:00+00:00,231.94,234.19,229.55,233.19,47572916.0,232.43,147617.0
2023-08-23 13:30:00+00:00,229.34,237.04,229.29,236.95,43692631.0,233.356,140036.0
2023-08-23 16:00:00+00:00,236.95,238.98,235.26,236.84,35832533.0,237.153,110333.0
2023-08-24 13:30:00+00:00,238.66,238.92,228.18,230.9,44865603.0,231.587,144294.0
2023-08-24 16:00:00+00:00,230.94,234.44,229.86,230.01,34636291.0,232.226,114949.0
2023-08-25 13:30:00+00:00,231.31,237.76,230.35,233.02,47583343.0,233.773,167763.0
2023-08-25 16:00:00+00:00,233.01,239.0,232.83,238.58,38511292.0,236.558,130572.0
2023-08-28 13:30:00+00:00,242.58,244.38,236.4,237.62,47682492.0,239.362,158098.0
2023-08-28 16:00:00+00:00,237.61,239.68,235.35,238.89,39524717.0,237.394,119934.0
2023-08-29 13:30:00+00:00,238.58,253.74,237.77,253.37,60767978.0,247.192,203739.0
2023-08-29 16:00:00+00:00,253.36,257.48,252.65,257.18,47113248.0,254.808,158333.0
2023-08-30 13:30:00+00:00,254.16,258.78,250.59,257.78,53595934.0,254.462,183531.0
2023-08-30 16:00:00+00:00,257.77,260.51,254.21,256.93,46069622.0,257.535,146920.0
2023-08-31 13:30:00+00:00,255.98,259.92,255.05,259.68,47812155.0,257.924,144248.0
2023-08-31 16:00:00+00:00,259.7,261.18,255.65,258.03,38308551.0,258.218,123016.0
2023-09-01 13:30:00+00:00,257.21,259.08,245.57,246.31,53350651.0,251.076,186683.0
2023-09-01 16:00:00+00:00,246.27,247.99,242.01,244.99,50496451.0,245.086,166415.0
2023-09-05 13:30:00+00:00,245.0,253.99,244.86,252.74,56399198.0,251.702,179233.0
2023-09-05 16:00:00+00:00,252.76,258.0,252.61,256.48,48407317.0,256.204,164617.0
2023-09-06 13:30:00+00:00,255.14,255.39,245.06,248.63,53424924.0,248.451,177446.0
2023-09-06 16:00:00+00:00,248.63,252.44,247.41,251.99,43535679.0,250.614,140080.0
2023-09-07 13:30:00+00:00,244.91,248.7,243.26,247.2,48429272.0,245.866,158630.0
2023-09-07 16:00:00+00:00,247.19,252.81,246.83,251.48,44155941.0,250.77,153976.0
2023-09-08 13:30:00+00:00,251.22,256.52,250.31,253.09,48919096.0,254.131,165342.0
2023-09-08 16:00:00+00:00,253.09,253.14,246.67,248.46,50121201.0,248.777,159770.0
2023-09-11 13:30:00+00:00,264.13,272.53,260.61,271.55,73814030.0,265.736,276787.0
2023-09-11 16:00:00+00:00,271.57,274.85,270.35,273.65,59309045.0,272.801,201853.0
2023-09-12 13:30:00+00:00,270.76,278.39,268.33,271.22,63570781.0,273.716,220295.0
2023-09-12 16:00:00+00:00,271.21,272.23,266.6,267.39,46661332.0,268.817,156707.0
2023-09-13 13:30:00+00:00,270.07,274.98,268.1,271.23,51411066.0,271.7,174188.0
2023-09-13 16:00:00+00:00,271.24,273.68,270.0,271.28,37984658.0,271.597,127015.0
2023-09-14 13:30:00+00:00,271.23,276.18,270.42,274.92,50492655.0,273.784,174550.0
2023-09-14 16:00:00+00:00,274.92,276.71,274.03,276.02,35223400.0,275.481,125689.0
2023-09-15 13:30:00+00:00,277.54,278.98,271.65,275.2,54434715.0,274.468,176177.0
2023-09-15 16:00:00+00:00,275.18,278.0,271.0,274.42,45041564.0,274.016,153550.0
2023-09-18 13:30:00+00:00,271.0,271.44,263.76,267.2,45574960.0,266.904,168643.0
2023-09-18 16:00:00+00:00,267.21,268.43,264.71,265.2,33489890.0,266.494,118066.0
2023-09-19 13:30:00+00:00,264.35,267.85,261.2,264.93,45535042.0,264.057,151732.0
2023-09-19 16:00:00+00:00,264.91,267.5,263.56,266.49,38462228.0,265.912,124499.0
2023-09-20 13:30:00+00:00,267.09,268.6,265.31,267.07,35953419.0,267.063,120855.0
2023-09-20 16:00:00+00:00,267.08,273.93,262.46,262.48,63671821.0,269.247,217758.0
2023-09-21 13:30:00+00:00,257.85,260.39,254.21,257.78,48573251.0,257.101,160871.0
2023-09-21 16:00:00+00:00,257.78,260.86,255.22,255.65,45865472.0,258.06,152501.0
2023-09-22 13:30:00+00:00,257.4,257.79,252.13,254.18,45806405.0,254.718,156527.0
2023-09-22 16:00:00+00:00,254.18,254.66,244.48,244.74,56910971.0,248.963,195821.0
2023-09-25 13:30:00+00:00,243.39,246.53,238.31,246.05,48431784.0,243.108,164918.0
2023-09-25 16:00:00+00:00,246.08,247.1,244.02,247.06,35430787.0,245.726,121771.0
2023-09-26 13:30:00+00:00,242.99,249.55,241.66,246.65,47071386.0,246.135,155396.0
2023-09-26 16:00:00+00:00,246.67,247.67,242.92,244.13,35907409.0,244.949,121276.0
2023-09-27 13:30:00+00:00,244.26,245.33,240.73,241.44,47238903.0,242.947,156113.0
2023-09-27 16:00:00+00:00,241.43,242.3,234.58,240.48,65122049.0,238.58,210442.0
2023-09-28 13:30:00+00:00,240.02,247.39,238.65,247.36,50033927.0,242.217,158699.0
2023-09-28 16:00:00+00:00,247.38,247.55,244.22,246.37,46665576.0,245.963,145775.0
2023-09-29 13:30:00+00:00,249.96,254.77,248.6,252.0,55197549.0,252.36,182566.0
2023-09-29 16:00:00+00:00,252.0,252.63,246.35,250.23,49488451.0,249.641,168438.0
2023-10-02 13:30:00+00:00,244.81,254.28,242.62,251.44,53898467.0,248.981,189003.0
2023-10-02 16:00:00+00:00,251.44,253.25,247.88,251.62,44302980.0,250.252,154695.0
2023-10-03 13:30:00+00:00,248.68,250.02,244.45,248.0,46765034.0,247.302,166806.0
2023-10-03 16:00:00+00:00,248.06,249.74,245.19,246.61,35650236.0,247.463,130029.0
2023-10-04 13:30:00+00:00,248.11,257.52,247.6,257.47,57200094.0,253.384,209440.0
2023-10-04 16:00:00+00:00,257.45,261.86,256.2,261.26,45856445.0,258.545,177770.0
2023-10-05 13:30:00+00:00,260.0,263.6,256.25,258.8,53772076.0,259.134,185337.0
2023-10-05 16:00:00+00:00,258.79,262.39,257.95,260.04,42966248.0,260.268,152082.0
2023-10-06 13:30:00+00:00,253.98,257.83,250.65,257.67,52738545.0,253.699,193389.0
2023-10-06 16:00:00+00:00,257.68,261.65,256.88,260.55,40231096.0,259.716,147524.0
2023-10-09 13:30:00+00:00,255.33,256.62,252.05,253.74,39244955.0,254.331,143937.0
2023-10-09 16:00:00+00:00,253.74,261.36,253.58,259.62,43790661.0,258.043,158623.0
2023-10-10 13:30:00+00:00,257.83,268.94,257.65,267.7,53875950.0,265.424,184680.0
2023-10-10 16:00:00+00:00,267.68,267.85,262.8,263.56,46966207.0,264.65,156385.0
2023-10-11 13:30:00+00:00,266.19,268.6,261.93,262.76,47631071.0,265.222,160486.0
2023-10-11 16:00:00+00:00,262.76,264.13,260.9,262.95,36880621.0,262.569,128606.0
2023-10-12 13:30:00+00:00,262.92,265.41,260.95,264.0,43698197.0,263.222,145691.0
2023-10-12 16:00:00+00:00,263.99,265.39,256.63,258.9,46368018.0,260.427,165569.0
2023-10-13 13:30:00+00:00,258.88,259.6,252.72,253.04,46073966.0,255.812,153709.0
2023-10-13 16:00:00+00:00,253.03,254.4,250.22,251.13,36710283.0,251.966,141558.0
2023-10-16 13:30:00+00:00,250.05,254.17,248.48,252.04,37403154.0,252.338,130401.0
2023-10-16 16:00:00+00:00,252.05,255.4,250.82,253.89,33330813.0,253.683,119822.0
2023-10-17 13:30:00+00:00,250.1,255.09,247.08,254.97,39922384.0,251.406,141751.0
2023-10-17 16:00:00+00:00,254.94,257.19,253.67,254.85,35743025.0,255.23,131381.0
2023-10-18 13:30:00+00:00,252.75,254.63,246.54,246.96,39315068.0,249.981,139882.0
2023-10-18 16:00:00+00:00,247.0,247.81,242.08,242.55,46266851.0,244.275,170037.0
2023-10-19 13:30:00+00:00,225.84,230.61,218.67,221.17,66399749.0,223.524,256475.0
2023-10-19 16:00:00+00:00,221.17,223.09,216.78,220.1,57292506.0,219.744,221555.0
2023-10-20 13:30:00+00:00,217.01,218.87,210.42,212.9,60151713.0,214.624,214138.0
2023-10-20 16:00:00+00:00,212.91,215.75,211.34,211.93,51101331.0,213.193,187228.0
2023-10-23 13:30:00+00:00,209.99,216.11,202.51,214.4,67858544.0,209.855,232861.0
2023-10-23 16:00:00+00:00,214.42,216.98,211.42,212.03,51469253.0,214.072,172958.0
2023-10-24 13:30:00+00:00,216.5,222.05,214.82,217.42,54609548.0,218.602,193897.0
2023-10-24 16:00:00+00:00,217.44,218.32,214.11,216.56,40099600.0,216.435,142930.0
2023-10-25 13:30:00+00:00,215.9,220.1,214.26,215.71,45524077.0,217.467,173870.0
2023-10-25 16:00:00+00:00,215.73,217.15,212.2,212.4,38820782.0,214.608,141137.0
2023-10-26 13:30:00+00:00,211.28,214.8,206.58,208.22,48116001.0,209.817,172097.0
2023-10-26 16:00:00+00:00,208.2,209.57,204.88,205.67,43115702.0,206.861,155659.0
2023-10-27 13:30:00+00:00,210.6,212.41,206.67,210.61,42824362.0,209.51,154098.0
2023-10-27 16:00:00+00:00,210.61,210.88,205.77,207.33,33083468.0,207.608,125244.0
2023-10-30 13:30:00+00:00,209.25,210.88,196.85,199.36,56596799.0,202.661,199503.0
2023-10-30 16:00:00+00:00,199.34,200.0,194.67,197.27,52247000.0,197.171,181421.0
2023-10-31 13:30:00+00:00,196.1,201.16,194.07,197.91,51367450.0,198.054,171656.0
2023-10-31 16:00:00+00:00,197.92,202.8,197.05,200.83,41023770.0,200.365,140341.0
2023-11-01 13:30:00+00:00,204.04,204.73,197.85,200.78,46686372.0,201.027,162597.0
2023-11-01 16:00:00+00:00,200.78,205.99,199.69,205.7,50442125.0,202.481,181569.0
2023-11-02 13:30:00+00:00,212.97,219.19,211.45,217.48,54077765.0,215.451,197797.0
2023-11-02 16:00:00+00:00,217.49,219.2,216.14,218.53,41837581.0,217.705,153486.0
2023-11-03 13:30:00+00:00,221.16,226.38,218.94,219.05,54085903.0,222.377,197972.0
2023-11-03 16:00:00+00:00,219.05,221.38,218.4,219.95,42023372.0,219.697,145933.0
2023-11-06 14:30:00+00:00,223.97,226.32,219.05,219.71,36437479.0,221.854,124180.0
2023-11-06 16:00:00+00:00,219.68,221.21,215.0,217.99,46608321.0,217.727,150430.0
2023-11-06 20:00:00+00:00,217.97,219.77,217.54,219.3,11693638.0,218.894,40000.0
2023-11-07 14:30:00+00:00,219.96,220.96,215.72,216.8,33933514.0,217.315,115690.0
2023-11-07 16:00:00+00:00,216.81,222.15,216.36,220.8,48568285.0,219.377,159419.0
2023-11-07 20:00:00+00:00,220.8,223.12,220.6,222.27,14674536.0,222.085,51765.0
2023-11-08 14:30:00+00:00,223.15,224.15,217.86,219.62,32946191.0,220.056,113994.0
2023-11-08 16:00:00+00:00,219.65,221.46,217.64,220.78,42112111.0,219.909,133235.0
2023-11-08 20:00:00+00:00,220.78,222.95,220.77,222.1,11528212.0,221.931,40618.0
2023-11-09 14:30:00+00:00,219.75,220.8,213.33,214.02,35209658.0,215.81,126356.0
2023-11-09 16:00:00+00:00,214.0,215.3,207.02,207.46,59189252.0,210.204,200323.0
2023-11-09 20:00:00+00:00,207.46,210.54,206.68,209.94,15896730.0,208.898,58230.0
2023-11-10 14:30:00+00:00,210.03,213.68,205.69,209.17,39822003.0,209.81,140578.0
2023-11-10 16:00:00+00:00,209.18,215.38,208.16,214.95,52706428.0,212.566,167517.0
2023-11-10 20:00:00+00:00,214.95,215.08,213.62,214.69,13370556.0,214.462,45358.0
2023-11-13 14:30:00+00:00,215.55,222.11,211.61,221.24,41167935.0,217.293,145141.0
2023-11-13 16:00:00+00:00,221.24,225.4,221.14,223.62,58963809.0,223.404,198109.0
2023-11-13 20:00:00+00:00,223.64,224.53,222.86,223.71,13302225.0,223.709,53374.0
2023-11-14 14:30:00+00:00,235.03,235.59,230.72,232.85,46262393.0,233.198,162299.0
2023-11-14 16:00:00+00:00,232.86,237.08,232.81,236.86,53622059.0,235.014,196324.0
2023-11-14 20:00:00+00:00,236.85,238.14,236.51,237.4,17107418.0,237.428,69450.0
2023-11-15 14:30:00+00:00,239.18,246.66,236.45,246.4,48103620.0,241.716,162497.0
2023-11-15 16:00:00+00:00,246.41,246.7,240.45,243.91,59744317.0,243.509,205598.0
2023-11-15 20:00:00+00:00,243.89,244.28,242.48,242.93,12725376.0,243.503,47264.0
2023-11-16 14:30:00+00:00,239.35,240.88,234.3,235.27,40573734.0,237.858,146643.0
2023-11-16 16:00:00+00:00,235.29,237.24,230.96,232.27,56880586.0,234.44,189930.0
2023-11-16 20:00:00+00:00,232.25,234.5,231.66,233.47,14187964.0,233.002,52090.0
2023-11-17 14:30:00+00:00,231.97,234.89,226.54,234.59,46565583.0,230.427,156566.0
2023-11-17 16:00:00+00:00,234.6,237.39,233.41,234.66,58159371.0,235.284,193388.0
2023-11-17 20:00:00+00:00,234.66,235.35,234.1,234.48,12166793.0,234.631,45713.0
2023-11-20 14:30:00+00:00,234.09,236.17,231.02,233.24,39787432.0,233.534,129488.0
2023-11-20 16:00:00+00:00,233.27,235.54,232.66,235.24,43568034.0,234.181,142325.0
2023-11-20 20:00:00+00:00,235.25,237.1,235.06,235.71,13057428.0,236.142,49197.0
2023-11-21 14:30:00+00:00,235.04,243.62,233.34,241.1,46963419.0,240.396,160197.0
2023-11-21 16:00:00+00:00,241.12,242.96,239.86,241.44,44198888.0,241.476,147990.0
2023-11-21 20:00:00+00:00,241.44,242.23,240.82,241.24,9676565.0,241.485,38505.0
2023-11-22 14:30:00+00:00,242.04,244.01,232.32,232.38,41970247.0,236.62,151968.0
2023-11-22 16:00:00+00:00,232.39,234.83,231.4,232.91,43981937.0,232.959,156059.0
2023-11-22 20:00:00+00:00,232.92,234.5,232.37,234.21,10287690.0,233.429,39230.0
2023-11-24 14:30:00+00:00,233.75,238.17,232.33,238.1,30244507.0,235.886,103734.0
2023-11-24 16:00:00+00:00,238.12,238.75,235.43,235.51,22545278.0,237.352,78580.0
2023-11-27 14:30:00+00:00,236.84,237.8,232.1,235.39,36689102.0,234.432,122608.0
2023-11-27 16:00:00+00:00,235.36,238.33,233.57,236.25,45136272.0,236.335,147568.0
2023-11-27 20:00:00+00:00,236.23,237.18,235.75,236.11,10273732.0,236.499,36530.0
2023-11-28 14:30:00+00:00,236.73,239.19,234.01,237.59,37313684.0,236.398,124811.0
2023-11-28 16:00:00+00:00,237.6,246.23,237.21,245.74,68489257.0,242.488,232303.0
2023-11-28 20:00:00+00:00,245.75,247.0,245.16,246.72,13963352.0,246.026,54406.0
2023-11-29 14:30:00+00:00,249.23,252.75,247.36,249.27,45377870.0,250.472,154910.0
2023-11-29 16:00:00+00:00,249.27,249.58,244.29,245.43,51053233.0,247.096,171270.0
2023-11-29 20:00:00+00:00,245.44,245.44,242.76,244.15,14311212.0,243.855,51411.0
2023-11-30 14:30:00+00:00,245.14,245.22,239.51,241.88,38979395.0,241.985,128847.0
2023-11-30 16:00:00+00:00,241.86,242.24,238.23,241.04,48156604.0,240.198,154994.0
2023-11-30 20:00:00+00:00,241.02,241.85,236.91,240.05,17866197.0,239.751,66084.0
2023-12-01 14:30:00+00:00,233.04,236.33,231.9,234.97,37557398.0,234.176,130458.0
2023-12-01 16:00:00+00:00,234.98,240.19,234.38,238.64,50562051.0,237.848,174277.0
2023-12-01 20:00:00+00:00,238.62,239.08,237.61,238.79,10159459.0,238.441,39246.0
2023-12-04 14:30:00+00:00,235.75,239.38,233.7,233.72,33010895.0,236.452,107268.0
2023-12-04 16:00:00+00:00,233.7,238.42,233.29,236.72,40515057.0,236.533,132162.0
2023-12-04 20:00:00+00:00,236.74,237.18,235.42,235.56,11299892.0,236.181,39457.0
2023-12-05 14:30:00+00:00,233.85,246.66,233.7,245.69,42793475.0,241.024,143187.0
2023-12-05 16:00:00+00:00,245.68,246.65,237.59,239.8,60277793.0,241.582,199018.0
2023-12-05 20:00:00+00:00,239.8,240.45,238.17,238.73,12853413.0,239.341,42171.0
2023-12-06 14:30:00+00:00,242.9,246.2,241.34,244.27,40418715.0,244.015,142597.0
2023-12-06 16:00:00+00:00,244.27,246.57,241.26,242.34,50795381.0,243.801,179441.0
2023-12-06 20:00:00+00:00,242.34,242.56,239.17,239.41,12411811.0,240.517,46152.0
2023-12-07 14:30:00+00:00,241.65,243.07,236.98,243.06,34672294.0,239.634,117421.0
2023-12-07 16:00:00+00:00,243.07,244.08,239.4,240.86,44279561.0,241.607,143940.0
2023-12-07 20:00:00+00:00,240.86,242.86,240.73,242.64,9561927.0,241.796,35688.0
2023-12-08 14:30:00+00:00,240.32,245.23,239.27,245.19,31882857.0,243.055,105036.0
2023-12-08 16:00:00+00:00,245.19,245.27,240.48,243.73,42865597.0,242.855,142230.0
2023-12-08 20:00:00+00:00,243.71,244.15,243.05,243.77,9591516.0,243.663,36218.0
2023-12-11 14:30:00+00:00,242.75,243.45,239.4,241.91,29691543.0,241.338,107327.0
2023-12-11 16:00:00+00:00,241.94,242.04,237.45,240.01,37960483.0,239.233,140706.0
2023-12-11 20:00:00+00:00,240.02,240.67,239.16,239.65,10800765.0,239.921,40938.0
2023-12-12 14:30:00+00:00,238.36,238.99,233.87,235.23,30944656.0,235.732,111496.0
2023-12-12 16:00:00+00:00,235.22,237.12,233.88,236.47,35371630.0,235.448,124864.0
2023-12-12 20:00:00+00:00,236.46,237.53,236.41,236.97,8832576.0,236.949,32531.0
2023-12-13 14:30:00+00:00,234.26,236.9,232.2,232.63,30612145.0,234.012,104963.0
2023-12-13 16:00:00+00:00,232.66,238.16,228.2,237.21,65377620.0,231.977,212116.0
2023-12-13 20:00:00+00:00,237.21,240.3,235.83,239.28,23315277.0,238.142,80261.0
2023-12-14 14:30:00+00:00,241.21,249.87,240.79,246.62,45363858.0,246.22,170688.0
2023-12-14 16:00:00+00:00,246.63,253.88,246.13,251.03,69329293.0,250.04,260855.0
2023-12-14 20:00:00+00:00,251.02,252.15,249.91,251.14,14440317.0,251.039,61219.0
2023-12-15 14:30:00+00:00,251.21,253.3,248.3,252.36,39499715.0,251.186,128972.0
2023-12-15 16:00:00+00:00,252.4,253.68,250.14,251.58,42780461.0,251.98,153740.0
2023-12-15 20:00:00+00:00,251.55,254.1,251.5,253.34,11758317.0,252.75,48922.0
2023-12-18 14:30:00+00:00,253.78,258.74,252.56,255.56,33154779.0,256.794,118484.0
2023-12-18 16:00:00+00:00,255.56,257.29,252.14,253.16,47838825.0,254.521,170119.0
2023-12-18 20:00:00+00:00,253.18,253.38,251.36,252.02,11684111.0,252.469,46440.0
2023-12-19 14:30:00+00:00,253.47,257.76,253.01,257.62,33288805.0,255.687,112981.0
2023-12-19 16:00:00+00:00,257.64,258.34,254.66,256.65,44097735.0,256.482,152337.0
2023-12-19 20:00:00+00:00,256.67,257.25,255.86,257.19,8732622.0,256.551,33224.0
2023-12-20 14:30:00+00:00,256.45,259.84,254.87,257.86,32533998.0,258.039,112889.0
2023-12-20 16:00:00+00:00,257.85,258.01,248.83,249.41,46513154.0,255.355,165586.0
2023-12-20 20:00:00+00:00,249.41,250.56,247.0,247.24,22921532.0,248.78,87984.0
2023-12-21 14:30:00+00:00,251.87,253.95,248.55,251.08,34315159.0,251.05,113006.0
2023-12-21 16:00:00+00:00,251.11,254.0,250.07,253.28,44958978.0,252.175,147032.0
2023-12-21 20:00:00+00:00,253.28,254.8,253.01,254.52,10466606.0,254.176,38511.0
2023-12-22 14:30:00+00:00,256.71,258.22,255.03,255.61,29534938.0,256.633,103223.0
2023-12-22 16:00:00+00:00,255.62,256.39,251.37,253.26,37691562.0,254.673,130211.0
2023-12-22 20:00:00+00:00,253.26,253.42,252.15,252.54,8821207.0,252.825,33148.0
2023-12-26 14:30:00+00:00,254.49,256.99,252.91,256.14,26342090.0,255.326,86311.0
2023-12-26 16:00:00+00:00,256.14,257.97,255.85,256.63,35118250.0,257.075,120355.0
2023-12-26 20:00:00+00:00,256.66,257.46,256.23,256.71,8627206.0,256.839,33700.0
2023-12-27 14:30:00+00:00,258.27,263.34,257.52,261.92,36354782.0,261.74,123428.0
2023-12-27 16:00:00+00:00,261.93,263.25,260.69,261.52,37413578.0,262.18,126347.0
2023-12-27 20:00:00+00:00,261.52,261.64,260.14,261.55,9513028.0,260.997,34492.0
2023-12-28 14:30:00+00:00,263.66,265.13,259.82,261.06,32564254.0,261.978,106864.0
2023-12-28 16:00:00+00:00,261.09,261.16,253.9,254.16,45442778.0,257.699,158555.0
2023-12-28 20:00:00+00:00,254.16,254.48,252.71,253.17,14952648.0,253.662,57943.0
2023-12-29 14:30:00+00:00,255.1,255.19,248.4,249.61,32869653.0,251.997,107631.0
2023-12-29 16:00:00+00:00,249.64,251.05,247.43,250.6,38471824.0,249.227,130512.0
2023-12-29 20:00:00+00:00,250.62,250.73,248.12,248.49,10286768.0,249.535,38600.0
2024-01-02 14:30:00+00:00,250.08,251.25,244.41,248.92,36338744.0,248.222,123825.0
2024-01-02 16:00:00+00:00,248.9,251.0,247.0,247.73,34739248.0,248.86,113032.0
2024-01-02 20:00:00+00:00,247.72,248.69,246.06,248.4,11736549.0,247.249,42117.0
2024-01-03 14:30:00+00:00,245.01,245.68,236.32,239.53,41270139.0,239.738,145256.0
2024-01-03 16:00:00+00:00,239.53,241.62,238.08,239.99,44507846.0,240.047,150350.0
2024-01-03 20:00:00+00:00,240.0,240.39,237.99,238.42,11752450.0,239.116,42044.0
2024-01-04 14:30:00+00:00,239.25,242.18,237.73,241.17,33293625.0,240.398,110017.0
2024-01-04 16:00:00+00:00,241.14,242.7,238.68,239.7,39029872.0,240.778,128271.0
2024-01-04 20:00:00+00:00,239.7,240.25,237.8,237.96,11182073.0,239.201,39652.0
2024-01-05 14:30:00+00:00,236.86,240.12,234.9,239.21,30001695.0,238.053,99053.0
2024-01-05 16:00:00+00:00,239.23,239.72,236.26,237.09,36919952.0,238.02,117641.0
2024-01-05 20:00:00+00:00,237.1,237.84,236.7,237.43,8856813.0,237.241,31454.0
2024-01-08 14:30:00+00:00,236.18,239.2,235.3,236.65,26339328.0,237.102,88556.0
2024-01-08 16:00:00+00:00,236.65,240.85,236.42,240.71,32160844.0,239.165,107174.0
2024-01-08 20:00:00+00:00,240.69,241.25,240.21,240.38,8061933.0,240.694,32181.0
2024-01-09 14:30:00+00:00,238.17,238.97,232.04,233.44,32022395.0,234.798,111103.0
2024-01-09 16:00:00+00:00,233.43,235.58,233.31,234.17,36878872.0,234.501,116813.0
2024-01-09 20:00:00+00:00,234.18,235.15,233.78,234.88,9557225.0,234.638,33709.0
2024-01-10 14:30:00+00:00,235.1,235.5,231.33,234.34,27737727.0,233.145,90767.0
2024-01-10 16:00:00+00:00,234.35,235.22,232.02,235.15,37508167.0,233.612,117916.0
2024-01-10 20:00:00+00:00,235.15,235.25,232.77,233.89,10153241.0,233.827,34776.0
2024-01-11 14:30:00+00:00,230.57,230.93,226.04,227.23,34179423.0,228.183,122423.0
2024-01-11 16:00:00+00:00,227.24,228.6,225.37,228.27,36336228.0,226.716,128821.0
2024-01-11 20:00:00+00:00,228.29,228.65,226.32,227.31,11072557.0,227.607,40780.0
2024-01-12 14:30:00+00:00,220.11,225.34,219.6,220.96,37441648.0,222.675,126160.0
2024-01-12 16:00:00+00:00,220.97,222.11,217.15,217.74,49346250.0,219.092,156931.0
2024-01-12 20:00:00+00:00,217.74,219.33,217.46,218.82,10627915.0,218.47,39846.0
2024-01-16 14:30:00+00:00,215.1,223.49,212.18,221.1,43186586.0,218.865,147170.0
2024-01-16 16:00:00+00:00,221.12,222.0,218.53,220.45,39591820.0,220.182,139070.0
2024-01-16 20:00:00+00:00,220.44,220.69,219.22,220.0,8537690.0,219.781,31965.0
2024-01-17 14:30:00+00:00,214.88,215.56,212.34,213.95,33688209.0,213.887,113695.0
2024-01-17 16:00:00+00:00,213.93,214.9,212.01,214.59,38634464.0,213.471,131064.0
2024-01-17 20:00:00+00:00,214.57,215.67,213.92,215.54,9712458.0,214.905,37683.0
2024-01-18 14:30:00+00:00,216.88,217.45,211.31,211.49,31594067.0,214.501,110012.0
2024-01-18 16:00:00+00:00,211.48,212.69,208.74,211.02,42814490.0,210.692,149775.0
2024-01-18 20:00:00+00:00,211.06,212.0,210.59,211.82,9792324.0,211.494,37615.0
2024-01-19 14:30:00+00:00,209.96,213.19,208.32,209.38,31868548.0,210.442,110511.0
2024-01-19 16:00:00+00:00,209.38,212.31,207.56,211.94,38617415.0,209.844,134520.0
2024-01-19 20:00:00+00:00,211.96,212.82,210.69,212.16,11991351.0,211.689,45386.0
2024-01-22 14:30:00+00:00,212.26,217.8,208.85,210.04,39331728.0,213.366,136510.0
2024-01-22 16:00:00+00:00,210.05,210.97,206.27,207.21,44058219.0,208.842,144291.0
2024-01-22 20:00:00+00:00,207.21,209.66,206.83,208.75,11841099.0,208.678,41530.0
2024-01-23 14:30:00+00:00,211.33,215.65,210.01,211.03,37025008.0,212.369,124654.0
2024-01-23 16:00:00+00:00,211.05,211.85,207.75,208.7,39078890.0,209.257,129926.0
2024-01-23 20:00:00+00:00,208.71,209.67,208.28,209.13,9489386.0,209.016,34853.0
2024-01-24 14:30:00+00:00,211.86,212.73,208.56,211.91,30403454.0,210.615,101636.0
2024-01-24 16:00:00+00:00,211.92,212.17,208.12,208.67,38306098.0,210.256,131661.0
2024-01-24 20:00:00+00:00,208.66,209.38,206.77,207.76,14244626.0,207.888,55636.0
2024-01-25 14:30:00+00:00,189.7,193.0,185.02,185.06,58882291.0,188.095,228771.0
2024-01-25 16:00:00+00:00,185.05,186.58,180.06,182.95,70970699.0,182.676,261720.0
2024-01-25 20:00:00+00:00,182.94,183.49,181.8,182.56,16218471.0,182.683,66121.0
2024-01-26 14:30:00+00:00,185.48,186.78,182.5,185.24,37501018.0,184.6,132700.0
2024-01-26 16:00:00+00:00,185.24,185.66,182.1,183.27,35866339.0,183.636,133792.0
2024-01-26 20:00:00+00:00,183.27,183.47,182.38,183.23,10463607.0,182.991,42535.0
2024-01-29 14:30:00+00:00,185.61,188.42,183.67,187.29,34113462.0,185.747,116650.0
2024-01-29 16:00:00+00:00,187.27,190.9,187.2,188.69,48931842.0,188.822,168630.0
2024-01-29 20:00:00+00:00,188.71,191.48,188.67,190.97,14512479.0,190.393,54136.0
2024-01-30 14:30:00+00:00,195.35,196.36,192.19,194.5,36300207.0,194.103,121587.0
2024-01-30 16:00:00+00:00,194.48,194.5,190.61,192.23,39006681.0,192.332,134648.0
2024-01-30 20:00:00+00:00,192.26,192.34,191.58,191.59,6943153.0,191.954,28905.0
2024-01-31 14:30:00+00:00,187.0,190.85,185.84,190.14,26067636.0,189.147,96353.0
2024-01-31 16:00:00+00:00,190.11,193.97,189.11,191.79,36981654.0,191.116,129985.0
2024-01-31 20:00:00+00:00,191.8,191.88,187.13,187.22,16900093.0,188.676,61149.0
2024-02-01 14:30:00+00:00,188.39,189.88,184.41,184.58,28188160.0,187.403,92568.0
2024-02-01 16:00:00+00:00,184.58,188.64,184.28,188.53,36352797.0,186.661,120480.0
2024-02-01 20:00:00+00:00,188.54,189.02,188.12,188.8,8875091.0,188.585,33683.0
2024-02-02 14:30:00+00:00,185.07,186.83,182.32,182.88,30100657.0,184.021,110382.0
2024-02-02 16:00:00+00:00,182.88,188.69,182.0,187.83,45584347.0,184.934,155739.0
2024-02-02 20:00:00+00:00,187.85,188.37,187.25,187.83,10072366.0,187.905,37761.0
2024-02-05 14:30:00+00:00,184.26,184.68,175.01,175.61,41077154.0,179.619,145699.0
2024-02-05 16:00:00+00:00,175.61,182.58,175.59,181.02,52077912.0,179.96,170762.0
2024-02-05 20:00:00+00:00,181.03,181.3,179.28,181.03,13057167.0,180.449,44867.0
2024-02-06 14:30:00+00:00,177.21,186.49,177.11,185.04,43837314.0,183.58,147720.0
2024-02-06 16:00:00+00:00,185.05,185.21,181.22,185.01,45342110.0,183.063,136569.0
2024-02-06 20:00:00+00:00,185.02,185.77,183.86,185.1,11820065.0,184.673,41182.0
2024-02-07 14:30:00+00:00,188.2,189.22,182.68,186.0,38325569.0,186.034,129022.0
2024-02-07 16:00:00+00:00,186.0,189.79,185.59,188.96,39831588.0,187.903,133822.0
2024-02-07 20:00:00+00:00,188.96,189.05,187.4,187.67,9329815.0,188.249,34796.0
2024-02-08 14:30:00+00:00,189.0,189.5,185.58,189.24,24248512.0,188.034,80957.0
2024-02-08 16:00:00+00:00,189.27,191.62,188.52,189.36,37465708.0,190.015,121543.0
2024-02-08 20:00:00+00:00,189.33,190.21,189.11,189.48,7037265.0,189.668,28326.0
2024-02-09 14:30:00+00:00,190.23,194.12,189.48,192.08,29891747.0,192.757,102868.0
2024-02-09 16:00:00+00:00,192.08,193.3,190.51,192.81,29478102.0,192.138,99324.0
2024-02-09 20:00:00+00:00,192.81,193.71,192.18,193.57,8604894.0,192.869,33519.0
2024-02-12 14:30:00+00:00,192.11,194.73,190.45,190.67,27669064.0,192.872,94207.0
2024-02-12 16:00:00+00:00,190.66,191.97,187.28,187.83,40493768.0,189.486,145288.0
2024-02-12 20:00:00+00:00,187.81,188.78,187.69,187.98,8140678.0,188.285,35006.0
2024-02-13 14:30:00+00:00,183.99,187.26,183.25,183.81,26647850.0,185.246,97291.0
2024-02-13 16:00:00+00:00,183.83,185.34,182.26,182.63,31603529.0,183.705,106906.0
2024-02-13 20:00:00+00:00,182.63,184.11,182.1,184.01,8676126.0,182.938,37369.0
2024-02-14 14:30:00+00:00,185.3,187.06,183.35,184.83,24003127.0,185.28,80270.0
2024-02-14 16:00:00+00:00,184.82,187.47,183.91,186.93,28612273.0,185.988,91008.0
2024-02-14 20:00:00+00:00,186.94,188.89,186.82,188.72,9435144.0,188.089,36803.0
2024-02-15 14:30:00+00:00,189.16,195.76,188.85,193.05,32652696.0,193.403,117311.0
2024-02-15 16:00:00+00:00,193.06,198.75,192.37,198.35,46713257.0,196.308,160958.0
2024-02-15 20:00:00+00:00,198.36,200.88,197.56,200.49,16180567.0,199.326,64177.0
2024-02-16 14:30:00+00:00,202.06,203.17,197.4,200.31,34137745.0,199.916,124684.0
2024-02-16 16:00:00+00:00,200.35,202.94,198.11,200.4,42428276.0,200.561,145524.0
2024-02-16 20:00:00+00:00,200.42,200.8,199.32,199.94,9501684.0,200.016,38987.0
2024-02-20 14:30:00+00:00,196.15,198.6,191.08,193.17,32109720.0,193.848,117080.0
2024-02-20 16:00:00+00:00,193.18,193.75,189.13,192.14,40163406.0,191.101,132481.0
2024-02-20 20:00:00+00:00,192.15,193.88,191.81,193.76,10650024.0,192.927,38269.0
2024-02-21 14:30:00+00:00,193.27,199.44,192.7,195.01,34514449.0,196.682,123440.0
2024-02-21 16:00:00+00:00,195.02,195.44,191.95,192.85,41515053.0,193.584,126238.0
2024-02-21 20:00:00+00:00,192.86,194.88,192.56,194.88,9209747.0,193.797,32798.0
2024-02-22 14:30:00+00:00,194.0,195.37,191.36,193.2,27591562.0,193.166,100445.0
2024-02-22 16:00:00+00:00,193.2,197.86,192.73,197.09,33903592.0,195.885,109680.0
2024-02-22 20:00:00+00:00,197.08,198.32,196.64,197.38,9238907.0,197.57,36298.0
2024-02-23 14:30:00+00:00,195.31,197.57,191.5,195.02,22730900.0,195.091,81811.0
2024-02-23 16:00:00+00:00,195.02,195.38,192.15,193.14,29721358.0,193.715,99775.0
2024-02-23 20:00:00+00:00,193.16,193.25,191.71,191.92,8620828.0,192.298,33781.0
2024-02-26 14:30:00+00:00,192.22,200.21,192.0,198.79,34824824.0,197.413,121841.0
2024-02-26 16:00:00+00:00,198.8,201.78,197.83,199.09,44640236.0,199.97,145456.0
2024-02-26 20:00:00+00:00,199.1,199.9,198.53,199.35,9201530.0,199.299,35220.0
2024-02-27 14:30:00+00:00,204.07,205.6,201.0,202.45,33073985.0,203.318,113075.0
2024-02-27 16:00:00+00:00,202.46,202.74,198.26,200.61,45986784.0,200.467,144484.0
2024-02-27 20:00:00+00:00,200.59,200.69,198.85,199.72,9161762.0,199.704,31598.0
2024-02-28 14:30:00+00:00,200.42,203.75,198.44,203.72,34119612.0,201.667,117694.0
2024-02-28 16:00:00+00:00,203.72,205.3,201.67,202.17,39678922.0,203.497,128631.0
2024-02-28 20:00:00+00:00,202.18,202.44,201.3,202.14,8094672.0,201.954,29203.0
2024-02-29 14:30:00+00:00,204.18,205.28,199.93,200.38,29346840.0,202.583,98772.0
2024-02-29 16:00:00+00:00,200.39,201.06,198.44,200.58,26733185.0,200.085,91441.0
2024-02-29 20:00:00+00:00,200.58,202.19,200.56,201.75,8035005.0,201.316,32727.0
2024-03-01 14:30:00+00:00,200.52,201.46,198.5,199.2,22864296.0,199.722,80515.0
2024-03-01 16:00:00+00:00,199.2,204.52,199.08,203.07,34499284.0,202.461,128074.0
2024-03-01 20:00:00+00:00,203.06,203.44,202.47,202.7,8256603.0,202.912,31378.0
2024-03-04 14:30:00+00:00,198.73,199.75,190.72,191.27,35263107.0,193.598,129861.0
2024-03-04 16:00:00+00:00,191.27,191.55,186.72,189.04,54367766.0,188.716,179812.0
2024-03-04 20:00:00+00:00,189.02,190.14,188.12,188.13,15350497.0,189.161,50059.0
2024-03-05 14:30:00+00:00,183.05,184.59,178.33,178.82,40015440.0,181.344,140126.0
2024-03-05 16:00:00+00:00,178.84,181.9,177.57,179.38,39536171.0,180.042,132596.0
2024-03-05 20:00:00+00:00,179.39,181.09,179.28,180.8,10994487.0,180.231,41371.0
2024-03-06 14:30:00+00:00,179.99,181.58,173.7,176.95,33279524.0,176.838,115755.0
2024-03-06 16:00:00+00:00,176.95,180.05,176.06,177.74,37655308.0,177.849,126947.0
2024-03-06 20:00:00+00:00,177.72,178.02,176.19,176.5,9885525.0,177.002,36392.0
2024-03-07 14:30:00+00:00,174.37,179.78,173.7,178.38,34540981.0,177.141,109968.0
2024-03-07 16:00:00+00:00,178.39,180.0,176.0,179.72,36675760.0,178.245,122253.0
2024-03-07 20:00:00+00:00,179.72,179.72,178.49,178.57,8867452.0,179.088,34220.0
2024-03-08 14:30:00+00:00,181.5,182.73,175.59,175.68,28034642.0,178.915,98446.0
2024-03-08 16:00:00+00:00,175.65,176.82,174.7,176.21,29108600.0,175.815,100214.0
2024-03-08 20:00:00+00:00,176.2,176.49,175.04,175.34,7969673.0,175.685,32637.0
2024-03-11 13:30:00+00:00,175.48,182.87,174.8,178.17,40825744.0,179.516,145762.0
2024-03-11 16:00:00+00:00,178.16,179.58,176.52,177.83,26712754.0,178.274,91862.0
2024-03-12 13:30:00+00:00,177.71,178.78,172.41,178.19,43749894.0,175.418,153944.0
2024-03-12 16:00:00+00:00,178.21,179.43,176.83,177.48,24480942.0,178.173,88074.0
2024-03-13 13:30:00+00:00,173.05,176.05,170.6,172.16,42017247.0,172.682,144106.0
2024-03-13 16:00:00+00:00,172.16,172.44,169.15,169.49,34609284.0,170.635,123118.0
2024-03-14 13:30:00+00:00,167.77,171.17,162.72,162.81,47785256.0,166.01,167401.0
2024-03-14 16:00:00+00:00,162.82,163.75,160.51,162.48,43419353.0,162.176,154399.0
2024-03-15 13:30:00+00:00,163.16,165.19,161.11,162.89,38101412.0,162.997,120000.0
2024-03-15 16:00:00+00:00,162.85,163.89,160.76,163.59,30123699.0,162.56,112267.0
2024-03-18 13:30:00+00:00,170.08,174.72,165.9,173.66,49942548.0,170.61,172248.0
2024-03-18 16:00:00+00:00,173.67,174.41,171.92,173.92,31561133.0,173.372,111768.0
2024-03-19 13:30:00+00:00,172.35,172.82,167.42,171.53,36153571.0,170.288,127845.0
2024-03-19 16:00:00+00:00,171.52,172.72,170.55,171.31,22956070.0,171.583,84010.0
2024-03-20 13:30:00+00:00,172.98,174.32,170.82,172.84,32533918.0,172.469,104782.0
2024-03-20 16:00:00+00:00,172.84,176.25,171.75,175.72,34702167.0,174.125,125565.0
2024-03-21 13:30:00+00:00,176.39,178.18,173.76,174.24,31988697.0,175.267,111387.0
2024-03-21 16:00:00+00:00,174.25,174.75,171.8,172.79,24588728.0,173.151,85148.0
2024-03-22 13:30:00+00:00,166.65,170.75,166.3,169.67,35952038.0,168.748,124591.0
2024-03-22 16:00:00+00:00,169.67,171.2,168.71,170.78,21412536.0,170.259,76760.0
2024-03-25 13:30:00+00:00,168.75,175.24,168.73,171.9,34947108.0,171.656,123446.0
2024-03-25 16:00:00+00:00,171.9,173.72,171.65,172.64,23021465.0,172.641,80142.0
2024-03-26 13:30:00+00:00,178.58,184.25,177.63,180.85,54391780.0,181.775,217570.0
2024-03-26 16:00:00+00:00,180.86,182.02,177.38,177.69,31252830.0,179.511,111460.0
2024-03-27 13:30:00+00:00,181.41,181.58,176.0,179.48,34940867.0,178.124,118042.0
2024-03-27 16:00:00+00:00,179.47,181.91,179.13,179.91,30122617.0,180.238,101251.0
2024-03-28 13:30:00+00:00,177.4,179.57,175.7,176.85,32442434.0,176.981,119318.0
2024-03-28 16:00:00+00:00,176.85,177.98,175.3,175.79,25457230.0,176.65,94174.0
2024-04-01 13:30:00+00:00,176.19,176.75,170.21,171.18,35698925.0,172.938,119632.0
2024-04-01 16:00:00+00:00,171.19,175.41,171.07,175.13,26564431.0,173.089,93041.0
2024-04-02 13:30:00+00:00,164.75,167.2,163.43,165.87,50775003.0,165.39,190646.0
2024-04-02 16:00:00+00:00,165.89,167.69,165.25,166.62,33748600.0,166.339,121860.0
2024-04-03 13:30:00+00:00,164.02,168.53,163.28,167.46,39065448.0,166.182,138892.0
2024-04-03 16:00:00+00:00,167.45,168.82,167.05,168.39,25614380.0,167.928,89163.0
2024-04-04 13:30:00+00:00,170.05,175.33,168.01,175.27,38819139.0,170.979,128603.0
2024-04-04 16:00:00+00:00,175.25,177.19,170.75,171.12,60643678.0,174.261,193244.0
2024-04-05 13:30:00+00:00,169.07,170.86,160.51,165.01,69573413.0,166.254,261678.0
2024-04-05 16:00:00+00:00,165.01,169.0,164.0,164.86,39334639.0,166.189,141135.0
2024-04-08 13:30:00+00:00,169.35,174.5,167.79,172.99,48785842.0,172.102,175007.0
2024-04-08 16:00:00+00:00,172.98,174.4,172.16,172.99,33939428.0,173.329,115816.0
2024-04-09 13:30:00+00:00,172.91,179.22,171.92,175.12,54032998.0,176.089,180851.0
2024-04-09 16:00:00+00:00,175.1,177.0,174.27,177.0,29204617.0,175.596,98205.0
2024-04-10 13:30:00+00:00,173.06,174.93,170.72,171.42,35236227.0,172.359,127643.0
2024-04-10 16:00:00+00:00,171.4,172.15,170.01,171.79,30820871.0,171.209,108977.0
2024-04-11 13:30:00+00:00,172.59,174.17,168.51,172.05,35512553.0,170.7,117655.0
2024-04-11 16:00:00+00:00,172.07,175.88,171.8,174.59,38382834.0,174.016,127016.0
2024-04-12 13:30:00+00:00,172.25,173.81,171.29,172.44,26461216.0,172.383,94449.0
2024-04-12 16:00:00+00:00,172.44,172.46,170.36,171.06,22083039.0,171.266,83294.0
2024-04-15 13:30:00+00:00,170.24,170.69,164.4,165.98,36801931.0,166.129,132477.0
2024-04-15 16:00:00+00:00,165.99,166.55,161.38,161.45,35770431.0,163.198,130070.0
2024-04-16 13:30:00+00:00,156.77,158.19,153.75,156.74,43548204.0,156.031,153887.0
2024-04-16 16:00:00+00:00,156.73,157.99,155.5,157.08,29191393.0,156.814,105252.0
2024-04-17 13:30:00+00:00,157.66,157.71,153.78,156.23,32234154.0,155.341,112824.0
2024-04-17 16:00:00+00:00,156.23,158.33,154.75,155.43,31964154.0,156.591,100839.0
2024-04-18 13:30:00+00:00,151.25,152.2,148.7,150.04,38943899.0,150.661,124231.0
2024-04-18 16:00:00+00:00,150.05,151.42,149.42,149.84,31542514.0,150.255,101071.0
2024-04-19 13:30:00+00:00,148.97,150.94,148.1,149.24,33974183.0,149.55,116408.0
2024-04-19 16:00:00+00:00,149.23,149.67,146.22,147.01,28423084.0,147.944,103756.0
2024-04-22 13:30:00+00:00,140.57,144.44,138.8,141.6,47748103.0,141.411,173538.0
2024-04-22 16:00:00+00:00,141.61,143.34,141.46,142.03,30813158.0,142.172,109111.0
2024-04-23 13:30:00+00:00,143.33,146.19,141.11,144.74,38055521.0,144.384,117561.0
2024-04-23 16:00:00+00:00,144.74,147.26,144.47,144.82,36978217.0,145.454,119113.0
2024-04-24 13:30:00+00:00,162.92,167.97,158.3,160.03,84282935.0,162.742,305559.0
2024-04-24 16:00:00+00:00,160.02,162.58,157.51,162.17,52101163.0,160.578,182665.0
2024-04-25 13:30:00+00:00,158.98,166.88,158.36,164.72,48853625.0,163.97,163052.0
2024-04-25 16:00:00+00:00,164.71,170.88,162.75,170.31,47396729.0,166.867,166995.0
2024-04-26 13:30:00+00:00,168.85,172.12,167.26,171.43,42192863.0,169.427,139272.0
2024-04-26 16:00:00+00:00,171.43,172.03,166.37,168.29,42506132.0,168.949,133913.0
2024-04-29 13:30:00+00:00,188.4,196.36,184.54,196.14,94541958.0,189.251,338478.0
2024-04-29 16:00:00+00:00,196.16,198.87,191.14,194.2,86066693.0,194.762,307864.0
2024-04-30 13:30:00+00:00,186.98,190.95,183.01,183.77,54596554.0,186.793,187355.0
2024-04-30 16:00:00+00:00,183.8,185.91,182.84,183.38,44002795.0,184.499,147250.0
2024-05-01 13:30:00+00:00,182.0,184.11,179.01,180.0,34073973.0,181.132,118249.0
2024-05-01 16:00:00+00:00,179.99,185.86,179.71,180.0,38001395.0,182.302,131649.0
2024-05-02 13:30:00+00:00,182.85,184.6,176.02,180.14,40982777.0,179.233,128500.0
2024-05-02 16:00:00+00:00,180.12,181.75,178.41,180.02,30272150.0,180.275,89894.0
2024-05-03 13:30:00+00:00,182.1,184.78,178.42,180.29,34881299.0,181.48,116833.0
2024-05-03 16:00:00+00:00,180.3,182.02,179.51,181.24,24756872.0,180.928,79086.0
2024-05-06 13:30:00+00:00,183.82,187.56,182.37,183.01,38977459.0,184.814,121617.0
2024-05-06 16:00:00+00:00,183.03,185.4,182.2,184.81,28583345.0,184.104,90133.0
2024-05-07 13:30:00+00:00,182.4,183.26,178.16,179.59,31008173.0,179.664,104521.0
2024-05-07 16:00:00+00:00,179.61,180.09,177.4,177.81,25532191.0,178.666,83994.0
2024-05-08 13:30:00+00:00,171.61,176.06,170.15,174.92,39208660.0,173.459,138520.0
2024-05-08 16:00:00+00:00,174.93,175.48,173.87,174.78,21244020.0,174.558,67987.0
2024-05-09 13:30:00+00:00,175.04,175.62,172.01,172.74,27013168.0,173.574,86944.0
2024-05-09 16:00:00+00:00,172.72,173.45,171.37,171.96,22313407.0,172.436,73138.0
2024-05-10 13:30:00+00:00,173.0,173.06,167.86,169.05,34534898.0,170.02,117737.0
2024-05-10 16:00:00+00:00,169.05,169.31,167.75,168.47,21718605.0,168.581,77542.0
2024-05-13 13:30:00+00:00,170.0,175.4,169.0,172.78,32522592.0,173.179,111815.0
2024-05-13 16:00:00+00:00,172.78,173.07,170.83,171.92,20354565.0,171.763,68517.0
2024-05-14 13:30:00+00:00,174.59,179.49,174.07,177.94,41118518.0,176.944,150419.0
2024-05-14 16:00:00+00:00,177.93,178.0,175.76,177.61,27044030.0,176.98,94444.0
2024-05-15 13:30:00+00:00,179.9,180.0,173.11,174.73,39278576.0,174.586,138901.0
2024-05-15 16:00:00+00:00,174.72,175.6,173.76,174.09,19224443.0,174.843,67205.0
2024-05-16 13:30:00+00:00,174.05,175.79,171.43,174.79,27787288.0,173.893,94976.0
2024-05-16 16:00:00+00:00,174.78,175.42,173.96,174.86,17031994.0,174.731,60038.0
2024-05-17 13:30:00+00:00,173.63,179.09,172.75,179.0,33590889.0,176.244,116035.0
2024-05-17 16:00:00+00:00,179.0,179.63,176.0,177.57,26530803.0,177.598,99092.0
2024-05-20 13:30:00+00:00,177.62,177.76,173.62,173.99,30780637.0,174.892,102619.0
2024-05-20 16:00:00+00:00,174.0,175.25,173.52,174.97,18915630.0,174.457,67083.0
2024-05-21 13:30:00+00:00,175.5,180.13,174.71,180.08,32700744.0,178.4,110992.0
2024-05-21 16:00:00+00:00,180.09,186.88,180.07,186.69,58468105.0,183.868,200639.0
2024-05-22 13:30:00+00:00,182.85,183.8,180.26,180.46,36489337.0,181.586,122742.0
2024-05-22 16:00:00+00:00,180.48,181.05,178.12,180.2,28207603.0,179.574,96430.0
2024-05-23 13:30:00+00:00,181.8,181.9,175.15,176.95,30386200.0,177.293,104024.0
2024-05-23 16:00:00+00:00,176.95,177.9,173.26,173.74,24316804.0,175.14,85557.0
2024-05-24 13:30:00+00:00,174.8,179.5,173.73,178.07,29758890.0,177.195,96632.0
2024-05-24 16:00:00+00:00,178.06,180.08,177.83,179.34,21494315.0,179.194,73789.0
2024-05-28 13:30:00+00:00,176.43,177.29,173.16,176.82,27219156.0,175.184,100731.0
2024-05-28 16:00:00+00:00,176.8,178.25,174.82,176.74,17963619.0,176.363,63737.0
2024-05-29 13:30:00+00:00,174.11,178.15,173.93,175.87,22710881.0,175.744,77188.0
2024-05-29 16:00:00+00:00,175.84,178.01,175.47,176.21,19663118.0,176.832,68042.0
2024-05-30 13:30:00+00:00,178.62,182.67,175.38,176.81,38068440.0,179.027,133217.0
2024-05-30 16:00:00+00:00,176.81,180.3,176.41,178.83,23629416.0,178.641,80075.0
2024-05-31 13:30:00+00:00,178.5,180.32,174.85,174.91,26177714.0,177.42,93374.0
2024-05-31 16:00:00+00:00,174.91,178.27,173.82,178.06,19800233.0,175.871,71925.0
2024-06-03 13:30:00+00:00,178.13,182.64,177.25,178.28,29925466.0,180.196,105875.0
2024-06-03 16:00:00+00:00,178.3,178.59,174.49,176.38,24191041.0,176.195,89236.0
2024-06-04 13:30:00+00:00,174.75,177.08,174.0,175.11,27225050.0,175.518,98456.0
2024-06-04 16:00:00+00:00,175.13,177.76,174.69,174.72,19725620.0,175.843,66414.0
2024-06-05 13:30:00+00:00,175.35,175.99,172.13,175.68,27389469.0,173.917,97084.0
2024-06-05 16:00:00+00:00,175.66,176.15,174.52,174.96,16606110.0,175.22,58579.0
2024-06-06 13:30:00+00:00,174.56,176.92,172.73,175.41,24141446.0,174.271,87677.0
2024-06-06 16:00:00+00:00,175.4,179.73,175.01,177.95,30058243.0,177.839,111648.0
2024-06-07 13:30:00+00:00,176.23,179.35,175.94,178.65,24187483.0,178.152,76926.0
2024-06-07 16:00:00+00:00,178.64,178.78,175.58,177.4,19352990.0,177.242,66911.0
2024-06-10 13:30:00+00:00,176.11,178.57,175.29,175.7,19168417.0,176.537,67207.0
2024-06-10 16:00:00+00:00,175.72,176.09,173.17,173.79,18774446.0,174.487,67697.0
2024-06-11 13:30:00+00:00,173.92,174.75,167.7,168.77,26965646.0,169.607,102908.0
2024-06-11 16:00:00+00:00,168.77,170.73,167.42,170.58,21563728.0,169.098,78566.0
2024-06-12 13:30:00+00:00,171.14,179.68,169.81,179.54,34796168.0,175.462,126329.0
2024-06-12 16:00:00+00:00,179.54,180.55,176.96,177.2,32145205.0,178.964,113616.0
2024-06-13 13:30:00+00:00,188.28,191.01,181.94,184.76,54739578.0,186.357,194249.0
2024-06-13 16:00:00+00:00,184.75,185.58,181.23,182.56,29699814.0,183.7,107029.0
2024-06-14 13:30:00+00:00,185.83,186.0,176.94,177.89,38851847.0,180.36,136771.0
2024-06-14 16:00:00+00:00,177.88,179.72,177.55,177.97,23677766.0,178.513,81715.0
2024-06-17 13:30:00+00:00,177.95,186.64,177.0,185.79,43453153.0,183.22,154822.0
2024-06-17 16:00:00+00:00,185.81,188.81,184.45,187.52,40967316.0,187.186,145554.0
2024-06-18 13:30:00+00:00,186.56,187.2,182.37,183.78,33895123.0,184.049,118826.0
2024-06-18 16:00:00+00:00,183.75,185.35,183.64,184.88,19648399.0,184.587,66031.0
2024-06-20 13:30:00+00:00,184.74,185.21,180.72,182.54,23548058.0,182.61,82938.0
2024-06-20 16:00:00+00:00,182.53,183.08,179.66,181.48,17985554.0,181.165,67734.0
2024-06-21 13:30:00+00:00,182.3,183.95,180.69,182.58,24304498.0,182.348,76148.0
2024-06-21 16:00:00+00:00,182.59,183.63,181.04,182.99,15402212.0,182.183,58731.0
2024-06-24 13:30:00+00:00,184.95,188.8,182.6,184.79,31500411.0,185.794,106898.0
2024-06-24 16:00:00+00:00,184.8,185.44,182.55,182.68,16162584.0,183.872,54412.0
2024-06-25 13:30:00+00:00,184.4,187.97,182.01,187.26,27472433.0,185.432,93870.0
2024-06-25 16:00:00+00:00,187.28,187.74,184.69,187.43,20098250.0,186.347,70643.0
2024-06-26 13:30:00+00:00,186.55,195.5,186.36,195.44,38785461.0,192.479,138501.0
2024-06-26 16:00:00+00:00,195.44,197.76,192.93,196.4,33802027.0,195.605,122048.0
2024-06-27 13:30:00+00:00,195.17,198.72,194.12,195.25,34113121.0,195.992,113759.0
2024-06-27 16:00:00+00:00,195.26,197.99,194.05,197.4,20591591.0,196.472,68171.0
2024-06-28 13:30:00+00:00,199.58,203.2,198.58,199.71,40961331.0,201.289,137404.0
2024-06-28 16:00:00+00:00,199.71,199.86,195.26,198.0,29426952.0,196.954,104253.0
2024-07-01 13:30:00+00:00,201.02,211.55,200.85,210.88,59670425.0,207.896,212657.0
2024-07-01 16:00:00+00:00,210.86,213.23,208.97,209.86,47207837.0,210.836,163141.0
2024-07-02 13:30:00+00:00,218.82,231.15,218.06,227.81,89733182.0,226.13,311113.0
2024-07-02 16:00:00+00:00,227.82,231.3,225.87,231.24,58468373.0,228.558,197190.0
2024-07-03 13:30:00+00:00,234.57,248.35,234.25,244.9,102158253.0,242.118,353194.0
2024-07-03 16:00:00+00:00,244.92,246.72,242.62,246.52,20569942.0,244.782,77029.0
2024-07-05 13:30:00+00:00,249.89,252.37,242.46,247.46,62698873.0,247.48,212018.0
2024-07-05 16:00:00+00:00,247.45,251.83,243.94,251.42,56099465.0,248.344,183812.0
2024-07-08 13:30:00+00:00,247.74,259.44,244.57,259.16,61775062.0,252.486,206340.0
2024-07-08 16:00:00+00:00,259.21,259.25,248.8,252.91,64537700.0,252.943,198788.0
2024-07-09 13:30:00+00:00,250.98,261.73,250.3,261.26,56886694.0,256.974,197757.0
2024-07-09 16:00:00+00:00,261.27,265.61,260.1,262.41,69273815.0,263.0,229728.0
2024-07-10 13:30:00+00:00,262.8,265.72,257.87,263.48,53369178.0,261.826,180834.0
2024-07-10 16:00:00+00:00,263.46,267.59,262.72,263.26,48547898.0,265.25,156089.0
2024-07-11 13:30:00+00:00,263.25,271.0,242.53,246.62,86744194.0,261.334,311933.0
2024-07-11 16:00:00+00:00,246.71,250.91,239.65,240.87,81795570.0,244.767,292597.0
2024-07-12 13:30:00+00:00,235.76,251.84,233.09,249.15,76998556.0,245.588,274539.0
2024-07-12 16:00:00+00:00,249.14,251.3,247.7,248.33,44252018.0,249.765,141381.0
2024-07-15 13:30:00+00:00,256.02,265.6,252.86,259.72,59908013.0,261.234,209779.0
2024-07-15 16:00:00+00:00,259.67,261.87,251.73,252.77,51411225.0,257.674,160173.0
2024-07-16 13:30:00+00:00,255.31,258.62,245.8,253.65,54689523.0,251.303,178613.0
2024-07-16 16:00:00+00:00,253.68,257.48,249.9,256.43,47716652.0,254.724,150482.0
2024-07-17 13:30:00+00:00,252.73,258.47,246.71,248.28,50017013.0,252.71,158274.0
2024-07-17 16:00:00+00:00,248.27,250.8,246.18,248.49,38526081.0,248.326,119083.0
2024-07-18 13:30:00+00:00,251.2,255.65,247.2,253.37,43521422.0,252.533,144109.0
2024-07-18 16:00:00+00:00,253.38,257.14,247.44,249.28,43197743.0,252.205,145470.0
2024-07-19 13:30:00+00:00,247.81,249.01,238.83,240.97,37303749.0,243.396,127913.0
2024-07-19 16:00:00+00:00,240.85,241.3,236.83,239.24,28426959.0,239.286,102426.0
2024-07-22 13:30:00+00:00,244.22,251.57,243.75,248.01,39719235.0,248.236,132506.0
2024-07-22 16:00:00+00:00,247.95,253.21,246.89,251.69,35840500.0,251.076,115403.0
2024-07-23 13:30:00+00:00,253.52,255.76,245.63,248.95,40148928.0,249.802,138042.0
2024-07-23 16:00:00+00:00,248.94,249.45,246.02,246.35,31587297.0,247.673,99145.0
2024-07-24 13:30:00+00:00,225.19,225.99,214.71,220.55,71993150.0,218.759,280580.0
2024-07-24 16:00:00+00:00,220.54,222.64,215.48,215.5,46693367.0,219.71,173349.0
2024-07-25 13:30:00+00:00,216.83,224.99,216.23,222.98,44538679.0,221.556,169630.0
2024-07-25 16:00:00+00:00,222.95,226.0,220.17,220.25,29944300.0,223.824,118782.0
2024-07-26 13:30:00+00:00,221.2,222.28,215.33,218.9,38092100.0,217.845,133645.0
2024-07-26 16:00:00+00:00,218.9,222.19,218.83,219.96,36597531.0,220.283,119590.0
2024-07-29 13:30:00+00:00,224.91,234.27,224.7,229.99,58657409.0,230.371,191621.0
2024-07-29 16:00:00+00:00,230.02,234.0,229.21,232.12,44542118.0,231.641,135850.0
2024-07-30 13:30:00+00:00,232.08,232.41,223.07,223.07,40522213.0,228.548,140786.0
2024-07-30 16:00:00+00:00,223.09,224.25,220.0,222.58,36304213.0,222.169,126329.0
2024-07-31 13:30:00+00:00,227.91,234.68,226.78,231.12,28640949.0,231.432,109117.0
2024-07-31 16:00:00+00:00,231.12,233.45,229.23,232.1,19788370.0,231.647,78312.0
2024-08-01 13:30:00+00:00,227.51,231.87,222.3,222.62,28708772.0,226.75,104735.0
2024-08-01 16:00:00+00:00,222.61,223.98,214.33,216.76,32643798.0,218.414,132606.0
2024-08-02 13:30:00+00:00,214.83,216.13,207.2,210.12,32579654.0,211.659,118632.0
2024-08-02 16:00:00+00:00,210.17,210.6,205.78,207.6,25454030.0,207.621,99530.0
2024-08-05 13:30:00+00:00,185.15,203.88,182.0,200.25,41965818.0,195.728,164231.0
2024-08-05 16:00:00+00:00,200.25,202.94,196.0,198.87,24912327.0,199.161,100738.0
2024-08-06 13:30:00+00:00,200.75,201.23,192.67,199.43,29131281.0,196.79,116503.0
2024-08-06 16:00:00+00:00,199.44,202.9,199.1,200.37,24023307.0,201.01,96281.0
2024-08-07 13:30:00+00:00,200.81,203.49,196.81,197.69,25261235.0,199.544,93546.0
2024-08-07 16:00:00+00:00,197.71,198.56,191.48,191.69,25425054.0,194.477,100805.0
2024-08-08 13:30:00+00:00,195.7,199.46,192.04,197.8,24296291.0,196.219,92881.0
2024-08-08 16:00:00+00:00,197.77,200.7,196.47,199.02,22847894.0,198.744,85356.0
2024-08-09 13:30:00+00:00,197.05,200.09,195.11,196.72,25506350.0,197.531,88440.0
2024-08-09 16:00:00+00:00,196.77,200.88,196.36,200.03,19125093.0,199.314,72627.0
2024-08-12 13:30:00+00:00,199.02,199.26,194.67,196.86,27137400.0,196.757,95730.0
2024-08-12 16:00:00+00:00,196.88,198.83,196.22,197.48,17926080.0,197.628,62112.0
2024-08-13 13:30:00+00:00,198.38,206.6,197.06,204.89,33086775.0,203.693,113423.0
2024-08-13 16:00:00+00:00,204.89,208.49,204.51,207.93,24786618.0,206.818,90332.0
2024-08-14 13:30:00+00:00,207.54,208.44,199.81,203.13,29378567.0,202.706,103300.0
2024-08-14 16:00:00+00:00,203.12,203.23,198.75,201.34,23321470.0,200.532,81550.0
2024-08-15 13:30:00+00:00,205.02,215.79,204.82,213.89,42503473.0,212.33,162854.0
2024-08-15 16:00:00+00:00,213.88,215.88,212.85,214.14,27170329.0,214.162,93439.0
2024-08-16 13:30:00+00:00,211.04,219.8,210.8,215.73,40658831.0,216.411,138619.0
2024-08-16 16:00:00+00:00,215.69,218.06,215.0,216.12,25241312.0,216.499,80509.0
2024-08-19 13:30:00+00:00,217.05,222.38,214.09,220.0,38152142.0,219.079,136952.0
2024-08-19 16:00:00+00:00,220.0,222.98,219.42,222.84,19973222.0,221.589,75157.0
2024-08-20 13:30:00+00:00,224.9,228.22,219.56,223.18,36801034.0,223.452,134655.0
2024-08-20 16:00:00+00:00,223.18,223.44,220.07,221.1,19681833.0,221.695,66913.0
2024-08-21 13:30:00+00:00,222.67,224.66,218.86,221.15,33100309.0,221.66,107098.0
2024-08-21 16:00:00+00:00,221.17,223.99,219.31,223.22,21905284.0,222.168,68376.0
2024-08-22 13:30:00+00:00,223.82,224.8,215.52,215.95,30813426.0,220.064,106294.0
2024-08-22 16:00:00+00:00,215.95,217.86,210.32,210.66,28025753.0,214.139,99691.0
2024-08-23 13:30:00+00:00,214.46,221.48,214.21,217.77,36899632.0,218.056,130104.0
2024-08-23 16:00:00+00:00,217.8,220.89,215.67,220.29,23899154.0,218.754,79616.0
2024-08-26 13:30:00+00:00,218.76,219.09,211.5,212.35,26258686.0,214.67,93555.0
2024-08-26 16:00:00+00:00,212.36,214.36,211.01,213.23,17964947.0,212.714,64700.0
2024-08-27 13:30:00+00:00,213.14,215.66,206.97,209.4,31612721.0,210.0,104415.0
2024-08-27 16:00:00+00:00,209.39,210.54,208.66,209.12,16181507.0,209.76,52298.0
2024-08-28 13:30:00+00:00,209.82,211.84,204.27,205.82,23942786.0,207.214,83250.0
2024-08-28 16:00:00+00:00,205.83,207.1,202.59,205.55,23075593.0,204.665,74274.0
2024-08-29 13:30:00+00:00,209.8,214.89,209.07,210.93,26808232.0,211.661,93762.0
2024-08-29 16:00:00+00:00,210.93,212.76,205.97,206.28,20529044.0,209.228,71133.0
2024-08-30 13:30:00+00:00,208.63,210.83,207.03,210.23,23217865.0,209.165,82271.0
2024-08-30 16:00:00+00:00,210.21,214.58,208.48,214.1,23128507.0,211.389,78841.0
2024-09-03 13:30:00+00:00,215.26,219.91,212.53,214.96,34770534.0,215.688,130069.0
2024-09-03 16:00:00+00:00,214.97,215.68,209.64,210.66,21662321.0,212.694,82367.0
2024-09-04 13:30:00+00:00,210.59,221.33,210.57,219.01,36923143.0,217.666,132636.0
2024-09-04 16:00:00+00:00,219.02,222.22,217.54,219.45,24181724.0,220.093,87904.0
2024-09-05 13:30:00+00:00,223.49,235.0,222.25,225.79,53091872.0,229.881,194690.0
2024-09-05 16:00:00+00:00,225.79,231.26,225.79,230.18,37856261.0,229.32,127624.0
2024-09-06 13:30:00+00:00,232.63,233.6,215.58,216.74,46561647.0,222.239,190153.0
2024-09-06 16:00:00+00:00,216.76,217.52,210.51,210.71,32084693.0,214.371,131292.0
2024-09-09 13:30:00+00:00,216.03,219.87,213.67,216.57,30975419.0,216.995,112657.0
2024-09-09 16:00:00+00:00,216.53,218.84,215.38,216.26,18230267.0,217.067,67483.0
2024-09-10 13:30:00+00:00,220.07,226.4,219.1,220.88,34105054.0,223.14,126165.0
2024-09-10 16:00:00+00:00,220.88,226.4,218.63,226.13,25896358.0,222.293,97091.0
2024-09-11 13:30:00+00:00,224.5,224.55,216.8,221.84,34160722.0,220.494,126807.0
2024-09-11 16:00:00+00:00,221.86,228.47,221.67,228.07,30348004.0,224.7,111245.0
2024-09-12 13:30:00+00:00,224.66,231.45,223.83,227.13,32371276.0,228.668,123084.0
2024-09-12 16:00:00+00:00,227.11,230.78,227.07,229.84,21745085.0,229.417,81142.0
2024-09-13 13:30:00+00:00,227.92,232.67,226.32,229.28,26947157.0,229.851,98369.0
2024-09-13 16:00:00+00:00,229.25,230.39,227.43,230.27,18538143.0,229.199,70274.0
2024-09-16 13:30:00+00:00,229.3,229.96,223.53,228.91,24465603.0,226.939,92627.0
2024-09-16 16:00:00+00:00,228.95,229.32,226.06,226.75,16712590.0,227.344,64753.0
2024-09-17 13:30:00+00:00,229.45,234.57,229.41,232.14,29070317.0,232.218,106389.0
2024-09-17 16:00:00+00:00,232.15,232.68,226.55,227.87,20914644.0,228.836,80767.0
2024-09-18 13:30:00+00:00,230.09,231.75,227.15,227.58,21203030.0,228.776,75750.0
2024-09-18 16:00:00+00:00,227.56,235.68,226.88,227.17,38355559.0,230.967,142081.0
2024-09-19 13:30:00+00:00,234.01,243.66,232.13,242.15,42735270.0,238.755,169166.0
2024-09-19 16:00:00+00:00,242.12,244.24,241.72,243.85,30976507.0,242.988,124931.0
2024-09-20 13:30:00+00:00,241.5,243.99,235.92,239.7,36031816.0,239.619,135116.0
2024-09-20 16:00:00+00:00,239.71,240.74,237.46,238.31,22618079.0,238.919,88524.0
2024-09-23 13:30:00+00:00,242.61,250.0,241.92,249.65,35437606.0,247.35,141573.0
2024-09-23 16:00:00+00:00,249.65,250.0,247.21,250.0,24131382.0,248.761,92307.0
2024-09-24 13:30:00+00:00,254.13,257.19,249.05,251.93,44258283.0,253.443,163647.0
2024-09-24 16:00:00+00:00,251.95,254.54,251.17,254.37,17680179.0,252.732,70401.0
2024-09-25 13:30:00+00:00,252.55,256.42,252.28,256.27,29697267.0,254.934,108235.0
2024-09-25 16:00:00+00:00,256.25,257.05,254.46,256.99,18529999.0,255.906,67909.0
2024-09-26 13:30:00+00:00,260.6,261.75,251.53,255.56,32011898.0,256.765,121664.0
2024-09-26 16:00:00+00:00,255.51,255.9,252.42,254.17,14745321.0,253.9,60610.0
2024-09-27 13:30:00+00:00,257.31,259.38,254.12,258.63,26367856.0,256.807,99037.0
2024-09-27 16:00:00+00:00,258.7,260.7,257.85,260.47,24285424.0,259.434,93132.0
2024-09-30 13:30:00+00:00,259.02,264.86,256.81,259.89,34254090.0,260.52,127937.0
2024-09-30 16:00:00+00:00,259.91,261.87,255.77,261.61,24618845.0,259.258,90439.0
2024-10-01 13:30:00+00:00,262.67,263.98,248.53,252.53,36087858.0,254.101,134662.0
2024-10-01 16:00:00+00:00,252.5,259.15,252.2,258.02,29260845.0,256.344,103941.0
2024-10-02 13:30:00+00:00,247.66,250.79,241.5,249.7,40651121.0,246.026,162880.0
2024-10-02 16:00:00+00:00,249.71,251.16,247.15,249.02,25148032.0,248.985,91026.0
2024-10-03 13:30:00+00:00,244.48,249.79,242.78,244.14,29106503.0,246.148,108408.0
2024-10-03 16:00:00+00:00,244.18,244.29,237.81,240.7,31458121.0,240.155,112061.0
2024-10-04 13:30:00+00:00,246.6,250.96,244.58,247.17,41199779.0,247.789,165139.0
2024-10-04 16:00:00+00:00,247.16,250.28,246.11,249.98,22396499.0,248.775,84828.0
2024-10-07 13:30:00+00:00,249.0,249.83,242.5,244.79,26635401.0,245.566,105639.0
2024-10-07 16:00:00+00:00,244.79,245.55,240.72,240.84,20133680.0,242.995,78710.0
2024-10-08 13:30:00+00:00,243.54,246.21,240.56,245.48,23981968.0,243.69,88292.0
2024-10-08 16:00:00+00:00,245.49,245.75,244.04,244.55,15291524.0,244.902,58438.0
2024-10-09 13:30:00+00:00,243.8,247.43,239.51,244.78,28491979.0,243.959,104768.0
2024-10-09 16:00:00+00:00,244.81,245.44,241.0,241.03,21765012.0,243.075,79861.0
2024-10-10 13:30:00+00:00,241.81,242.37,232.34,240.96,37793441.0,237.575,134381.0
2024-10-10 16:00:00+00:00,240.96,242.79,238.25,238.74,24951770.0,240.987,86952.0
2024-10-11 13:30:00+00:00,220.1,223.34,214.38,220.28,61412384.0,219.498,252669.0
2024-10-11 16:00:00+00:00,220.3,220.95,217.25,217.69,31890058.0,219.115,132904.0
2024-10-14 13:30:00+00:00,220.13,221.91,213.74,219.39,42203826.0,217.974,165544.0
2024-10-14 16:00:00+00:00,219.36,220.38,218.36,219.15,18547879.0,219.405,76089.0
2024-10-15 13:30:00+00:00,220.06,224.26,217.12,219.32,31982936.0,220.914,113336.0
2024-10-15 16:00:00+00:00,219.41,221.27,218.76,219.67,13933326.0,220.008,54314.0
2024-10-16 13:30:00+00:00,221.41,222.82,218.93,220.06,24089680.0,220.681,85597.0
2024-10-16 16:00:00+00:00,220.08,222.22,219.96,221.35,13537871.0,221.191,49301.0
2024-10-17 13:30:00+00:00,221.59,221.8,217.94,219.84,20136817.0,219.636,72090.0
2024-10-17 16:00:00+00:00,219.83,222.08,219.06,220.89,15192746.0,220.558,55990.0
2024-10-18 13:30:00+00:00,220.71,222.28,219.23,220.7,20502760.0,220.93,72322.0
2024-10-18 16:00:00+00:00,220.7,222.18,220.44,220.72,12254067.0,221.265,49780.0
2024-10-21 13:30:00+00:00,218.91,220.48,215.72,218.96,22733742.0,218.453,84056.0
2024-10-21 16:00:00+00:00,218.96,219.0,216.94,218.9,11471610.0,218.047,45153.0
2024-10-22 13:30:00+00:00,217.32,217.85,215.55,215.92,17518809.0,216.716,64410.0
2024-10-22 16:00:00+00:00,215.91,218.22,215.26,217.91,13798759.0,216.996,52624.0
2024-10-23 13:30:00+00:00,217.13,218.72,214.7,215.77,18622565.0,216.488,70979.0
2024-10-23 16:00:00+00:00,215.74,215.76,212.11,213.57,19845543.0,213.655,80757.0
2024-10-24 13:30:00+00:00,244.68,254.93,242.65,253.97,74327263.0,249.498,313135.0
2024-10-24 16:00:00+00:00,253.97,262.12,252.28,260.54,62225205.0,257.969,244091.0
2024-10-25 13:30:00+00:00,256.05,269.44,255.32,266.01,74208478.0,265.207,271725.0
2024-10-25 16:00:00+00:00,266.03,269.49,264.55,269.11,45389529.0,267.31,174819.0
2024-10-28 13:30:00+00:00,269.95,273.54,266.0,269.44,41179406.0,270.166,152398.0
2024-10-28 16:00:00+00:00,269.44,270.75,262.24,262.66,34403085.0,266.711,126240.0
2024-10-29 13:30:00+00:00,264.53,264.98,257.43,258.59,33994417.0,260.535,135779.0
2024-10-29 16:00:00+00:00,258.61,259.85,255.51,259.4,26402100.0,258.126,103926.0
2024-10-30 13:30:00+00:00,257.98,263.35,255.82,262.04,23578645.0,260.417,92261.0
2024-10-30 16:00:00+00:00,262.05,262.95,257.39,257.65,15614092.0,260.83,65302.0
2024-10-31 13:30:00+00:00,258.1,259.75,250.68,252.78,23858071.0,254.109,94442.0
2024-10-31 16:00:00+00:00,252.8,253.65,249.25,249.78,19956078.0,251.343,76795.0
2024-11-01 13:30:00+00:00,251.85,254.0,249.65,250.26,19697155.0,251.831,78057.0
2024-11-01 16:00:00+00:00,250.26,251.06,246.63,248.85,20243402.0,248.295,79152.0
2024-11-04 14:30:00+00:00,244.56,248.72,238.88,248.1,22599396.0,243.743,90836.0
2024-11-04 16:00:00+00:00,248.08,248.9,243.41,244.29,20849948.0,245.241,75987.0
2024-11-04 20:00:00+00:00,244.28,244.64,241.89,242.83,5896063.0,242.993,23951.0
2024-11-05 14:30:00+00:00,247.33,253.5,246.21,251.07,21466092.0,251.212,84913.0
2024-11-05 16:00:00+00:00,251.05,255.28,250.45,251.81,19264868.0,253.535,73763.0
2024-11-05 20:00:00+00:00,251.8,253.18,250.83,251.5,6848818.0,252.037,27743.0
2024-11-06 14:30:00+00:00,284.67,289.59,275.62,283.76,52341242.0,283.221,230251.0
2024-11-06 16:00:00+00:00,283.64,289.33,282.66,288.89,39788467.0,286.62,170188.0
2024-11-06 20:00:00+00:00,288.87,289.43,287.72,288.51,10444752.0,288.711,49058.0
2024-11-07 14:30:00+00:00,288.87,298.35,285.52,297.69,33913933.0,292.446,135451.0
2024-11-07 16:00:00+00:00,297.62,299.75,295.3,297.96,36191719.0,297.787,142682.0
2024-11-07 20:00:00+00:00,297.96,299.66,296.68,296.78,10683637.0,298.148,43113.0
2024-11-08 14:30:00+00:00,299.14,319.44,297.66,313.42,55563141.0,310.233,226099.0
2024-11-08 16:00:00+00:00,313.43,328.71,312.01,322.89,67999773.0,320.842,273573.0
2024-11-08 20:00:00+00:00,322.99,323.56,316.69,321.26,21778161.0,320.098,90578.0
2024-11-11 14:30:00+00:00,346.38,350.57,336.51,349.2,50129735.0,344.907,217194.0
2024-11-11 16:00:00+00:00,349.15,358.64,336.0,344.06,71789681.0,347.011,314814.0
2024-11-11 20:00:00+00:00,344.04,350.76,342.9,350.62,14271470.0,347.065,62871.0
2024-11-12 14:30:00+00:00,342.74,345.84,335.3,341.0,32876914.0,340.854,138134.0
2024-11-12 16:00:00+00:00,340.95,341.89,323.31,331.63,52804254.0,332.023,213307.0
2024-11-12 20:00:00+00:00,331.71,332.94,326.11,328.25,12387538.0,329.028,55864.0
2024-11-13 14:30:00+00:00,335.85,344.6,324.62,324.86,39448507.0,334.625,161538.0
2024-11-13 16:00:00+00:00,324.86,333.75,322.5,326.07,37429697.0,328.743,147480.0
2024-11-13 20:00:00+00:00,326.03,332.25,324.2,330.29,11592084.0,329.044,49181.0
2024-11-14 14:30:00+00:00,327.54,329.98,316.28,317.95,29619879.0,321.87,119394.0
2024-11-14 16:00:00+00:00,317.94,323.4,310.37,313.86,42174661.0,316.495,167820.0
2024-11-14 20:00:00+00:00,313.84,316.27,310.38,311.19,12971252.0,312.757,55668.0
2024-11-15 14:30:00+00:00,310.57,320.66,309.22,316.09,33363374.0,315.813,135838.0
2024-11-15 16:00:00+00:00,316.16,324.68,315.75,319.99,39278183.0,319.891,162661.0
2024-11-15 20:00:00+00:00,319.99,322.07,318.62,320.83,9119356.0,320.219,39063.0
2024-11-18 14:30:00+00:00,340.75,348.55,335.03,345.22,33817193.0,343.776,141013.0
2024-11-18 16:00:00+00:00,345.27,346.45,330.01,332.57,39189096.0,338.656,156745.0
2024-11-18 20:00:00+00:00,332.54,339.5,332.39,338.87,9717599.0,336.225,41226.0
2024-11-19 14:30:00+00:00,335.77,347.38,332.75,342.1,27572187.0,340.539,107978.0
2024-11-19 16:00:00+00:00,341.93,346.76,341.01,343.81,28990852.0,344.325,112229.0
2024-11-19 20:00:00+00:00,343.8,346.37,342.6,346.0,7287374.0,344.901,30952.0
2024-11-20 14:30:00+00:00,345.0,346.6,335.9,339.31,19456679.0,340.48,77073.0
2024-11-20 16:00:00+00:00,339.26,341.3,334.3,339.24,20642862.0,338.108,81744.0
2024-11-20 20:00:00+00:00,339.18,342.7,339.05,341.94,6038206.0,341.232,26607.0
2024-11-21 14:30:00+00:00,343.81,347.99,335.28,341.3,21160119.0,342.253,84279.0
2024-11-21 16:00:00+00:00,341.35,344.6,338.82,340.52,16824966.0,342.039,67995.0
2024-11-21 20:00:00+00:00,340.53,341.32,338.1,339.55,4072027.0,339.976,18274.0
2024-11-22 14:30:00+00:00,341.01,355.5,337.7,355.29,27380097.0,345.535,107477.0
2024-11-22 16:00:00+00:00,355.3,361.53,350.71,353.78,29907466.0,353.714,127238.0
2024-11-22 20:00:00+00:00,353.7,353.78,351.37,352.6,6853292.0,352.559,31065.0
2024-11-25 14:30:00+00:00,360.56,361.93,347.75,351.65,26334854.0,354.031,107897.0
2024-11-25 16:00:00+00:00,351.62,354.75,345.6,347.18,21885592.0,349.843,89810.0
2024-11-25 20:00:00+00:00,347.16,347.55,338.2,338.45,9987251.0,343.064,45213.0
2024-11-26 14:30:00+00:00,340.99,346.96,338.47,343.06,19299111.0,342.656,78932.0
2024-11-26 16:00:00+00:00,343.06,345.39,336.85,339.05,17989367.0,341.688,79356.0
2024-11-26 20:00:00+00:00,339.05,339.71,335.66,338.25,5498916.0,337.802,26232.0
2024-11-27 14:30:00+00:00,341.8,342.55,326.59,330.71,20330030.0,334.179,81669.0
2024-11-27 16:00:00+00:00,330.71,334.44,328.71,332.52,17240570.0,331.841,71148.0
2024-11-27 20:00:00+00:00,332.52,333.68,332.08,332.8,3646646.0,332.885,16283.0
2024-11-29 14:30:00+00:00,336.03,342.19,334.65,339.29,12628753.0,339.093,51883.0
2024-11-29 16:00:00+00:00,339.33,345.45,337.72,345.15,10637591.0,340.775,47202.0
2024-12-02 14:30:00+00:00,352.51,358.78,352.0,354.2,22267975.0,355.232,87366.0
2024-12-02 16:00:00+00:00,354.2,359.44,351.15,357.53,22600345.0,355.878,90943.0
2024-12-02 20:00:00+00:00,357.54,360.0,356.2,357.08,7723627.0,358.128,32751.0
2024-12-03 14:30:00+00:00,351.79,355.69,348.2,349.72,16883011.0,352.107,69481.0
2024-12-03 16:00:00+00:00,349.62,352.67,348.4,349.85,16985553.0,350.232,71248.0
2024-12-03 20:00:00+00:00,349.85,351.61,348.22,351.38,5298496.0,349.66,23118.0
2024-12-04 14:30:00+00:00,353.0,354.45,348.6,353.29,13604139.0,351.557,55296.0
2024-12-04 16:00:00+00:00,353.33,354.82,350.57,353.7,13602330.0,352.525,54423.0
2024-12-04 20:00:00+00:00,353.73,358.1,352.85,357.92,6433054.0,355.581,28141.0
2024-12-05 14:30:00+00:00,359.85,375.43,359.5,368.39,27995151.0,370.192,117279.0
2024-12-05 16:00:00+00:00,368.39,373.34,366.51,372.17,22262755.0,370.462,93035.0
2024-12-05 20:00:00+00:00,372.1,372.7,369.0,369.49,5899266.0,370.878,26655.0
2024-12-06 14:30:00+00:00,377.47,377.52,370.8,373.9,18341434.0,374.051,74384.0
2024-12-06 16:00:00+00:00,373.98,379.39,373.07,378.85,20006400.0,375.759,81676.0
2024-12-06 20:00:00+00:00,378.79,389.49,378.24,389.38,16324890.0,384.373,68647.0
2024-12-09 14:30:00+00:00,397.8,404.8,380.9,383.77,32564611.0,393.345,131251.0
2024-12-09 16:00:00+00:00,383.64,387.86,378.01,384.96,24923187.0,383.535,100905.0
2024-12-09 20:00:00+00:00,384.9,390.0,382.49,389.86,7973855.0,386.153,32195.0
2024-12-10 14:30:00+00:00,392.68,407.82,390.85,401.53,28171254.0,401.741,120402.0
2024-12-10 16:00:00+00:00,401.55,409.73,398.02,403.71,31540863.0,405.489,128781.0
2024-12-10 20:00:00+00:00,403.71,404.78,399.54,400.88,9745999.0,402.214,41953.0
2024-12-11 14:30:00+00:00,409.66,413.53,402.38,411.84,23945528.0,408.55,99583.0
2024-12-11 16:00:00+00:00,411.85,420.4,410.85,419.95,33751650.0,415.594,137239.0
2024-12-11 20:00:00+00:00,419.93,424.88,418.64,424.8,12310262.0,421.449,56651.0
2024-12-12 14:30:00+00:00,424.83,428.9,416.79,427.91,26084835.0,422.731,108856.0
2024-12-12 16:00:00+00:00,427.9,429.3,416.59,419.42,24843095.0,422.34,102436.0
2024-12-12 20:00:00+00:00,419.33,421.0,415.0,417.69,8740733.0,417.827,38675.0
2024-12-13 14:30:00+00:00,420.01,431.6,415.71,423.43,25110518.0,424.975,100302.0
2024-12-13 16:00:00+00:00,423.42,434.35,421.53,432.14,26467681.0,428.848,107497.0
2024-12-13 20:00:00+00:00,432.15,436.3,428.89,436.19,9786799.0,432.885,44865.0
2024-12-16 14:30:00+00:00,441.11,451.35,436.17,450.82,28909053.0,443.671,122410.0
2024-12-16 16:00:00+00:00,450.8,461.45,450.4,458.81,35006790.0,457.431,151529.0
2024-12-16 20:00:00+00:00,458.85,463.19,457.66,463.18,11081785.0,460.472,51805.0
2024-12-17 14:30:00+00:00,475.9,483.99,463.55,478.11,37523030.0,474.45,160432.0
2024-12-17 16:00:00+00:00,478.11,478.92,457.51,478.12,36580380.0,470.838,153540.0
2024-12-17 20:00:00+00:00,478.19,482.45,475.6,479.85,10445281.0,479.476,44058.0
2024-12-18 14:30:00+00:00,466.5,478.06,461.11,475.8,23286105.0,470.461,97852.0
2024-12-18 16:00:00+00:00,475.9,488.54,458.51,459.63,40375744.0,475.764,170621.0
2024-12-18 20:00:00+00:00,459.88,461.21,427.01,440.13,30649237.0,443.625,147425.0
2024-12-19 14:30:00+00:00,451.88,456.36,437.24,441.39,27777902.0,446.774,125062.0
2024-12-19 16:00:00+00:00,441.12,442.18,420.02,433.03,40442402.0,432.078,176543.0
2024-12-19 20:00:00+00:00,433.03,440.89,432.55,436.16,10230941.0,436.25,52012.0
2024-12-20 14:30:00+00:00,425.54,444.4,417.64,439.63,28768879.0,430.073,112178.0
2024-12-20 16:00:00+00:00,439.63,447.08,434.62,439.75,29323555.0,441.234,122921.0
2024-12-20 20:00:00+00:00,439.75,440.59,420.09,420.6,13478286.0,429.422,61460.0
2024-12-23 14:30:00+00:00,431.0,432.8,415.41,429.31,19514829.0,424.988,86981.0
2024-12-23 16:00:00+00:00,429.33,434.51,427.35,432.11,20692529.0,431.841,84894.0
2024-12-23 20:00:00+00:00,432.15,432.49,425.9,431.24,6477037.0,429.149,28946.0
2024-12-24 14:30:00+00:00,435.9,452.55,435.14,451.45,22149319.0,447.401,89491.0
2024-12-24 16:00:00+00:00,451.53,462.78,448.8,462.25,17754897.0,454.836,75428.0
2024-12-26 14:30:00+00:00,465.16,465.33,451.9,458.19,22153506.0,458.537,96934.0
2024-12-26 16:00:00+00:00,458.03,458.98,451.02,455.33,21422017.0,454.647,96064.0
2024-12-26 20:00:00+00:00,455.25,459.11,453.55,453.96,7236918.0,456.377,33143.0
2024-12-27 14:30:00+00:00,449.37,450.0,426.5,437.18,25207381.0,436.83,107812.0
2024-12-27 16:00:00+00:00,437.16,439.33,429.13,431.46,23241108.0,434.012,100393.0
2024-12-27 20:00:00+00:00,431.43,432.74,428.6,431.71,7517656.0,430.548,36256.0
2024-12-30 14:30:00+00:00,419.4,427.0,415.75,420.17,18961140.0,420.336,83660.0
2024-12-30 16:00:00+00:00,420.02,424.98,418.5,423.1,16592424.0,422.046,75949.0
2024-12-30 20:00:00+00:00,423.0,423.28,416.9,417.28,5561988.0,420.168,27962.0
2024-12-31 14:30:00+00:00,423.87,427.93,413.69,415.9,18277552.0,419.904,76875.0
2024-12-31 16:00:00+00:00,415.9,417.44,403.12,408.57,24972134.0,411.284,102323.0
2024-12-31 20:00:00+00:00,408.57,409.97,402.54,403.64,8660957.0,406.884,40424.0
2025-01-02 14:30:00+00:00,390.1,392.73,373.4,380.8,30497571.0,383.305,138751.0
2025-01-02 16:00:00+00:00,380.88,386.15,373.04,376.04,29626111.0,379.06,132659.0
2025-01-02 20:00:00+00:00,376.04,381.25,375.93,379.03,8119584.0,379.019,38287.0
2025-01-03 14:30:00+00:00,381.5,389.95,379.45,387.29,20152389.0,385.686,87622.0
2025-01-03 16:00:00+00:00,387.24,407.16,386.53,405.99,31738455.0,398.147,140084.0
2025-01-03 20:00:00+00:00,405.97,411.88,403.9,410.77,12453622.0,408.845,59952.0
2025-01-06 14:30:00+00:00,423.22,426.43,411.2,415.87,22684482.0,418.236,97999.0
2025-01-06 16:00:00+00:00,415.98,417.3,401.7,402.63,26607984.0,408.025,111212.0
2025-01-06 20:00:00+00:00,402.53,411.37,402.12,411.05,9227024.0,407.68,39573.0
2025-01-07 14:30:00+00:00,405.81,414.33,391.2,398.6,23651290.0,401.425,103308.0
2025-01-07 16:00:00+00:00,398.59,400.09,392.28,393.37,18860221.0,395.688,87543.0
2025-01-07 20:00:00+00:00,393.43,394.62,390.0,394.6,8245954.0,392.147,42102.0
2025-01-08 14:30:00+00:00,392.95,402.5,391.41,396.26,19195492.0,396.09,80704.0
2025-01-08 16:00:00+00:00,396.29,400.52,387.4,396.88,23931354.0,394.982,100934.0
2025-01-08 20:00:00+00:00,396.88,397.9,394.5,395.0,6225270.0,396.06,29099.0
2025-01-10 14:30:00+00:00,391.4,399.28,377.29,391.77,18633948.0,391.098,84438.0
2025-01-10 16:00:00+00:00,391.89,398.3,387.0,396.22,18988136.0,393.15,84705.0
2025-01-10 20:00:00+00:00,396.16,396.95,392.56,394.87,5546170.0,394.517,27560.0
2025-01-13 14:30:00+00:00,383.24,394.68,380.07,391.96,17214183.0,387.996,77629.0
2025-01-13 16:00:00+00:00,392.01,397.59,387.14,393.78,19684307.0,392.943,87503.0
2025-01-13 20:00:00+00:00,393.68,403.79,392.02,403.37,7224027.0,397.411,34322.0
2025-01-14 14:30:00+00:00,414.44,422.64,407.34,407.79,24049862.0,414.83,105153.0
2025-01-14 16:00:00+00:00,407.9,412.0,402.16,403.37,23353388.0,407.377,101253.0
2025-01-14 20:00:00+00:00,403.5,404.55,394.54,396.2,10723288.0,398.103,47900.0
2025-01-15 14:30:00+00:00,409.79,418.96,405.66,413.59,19228836.0,413.861,85038.0
2025-01-15 16:00:00+00:00,413.7,425.5,412.15,425.41,22840135.0,419.084,104825.0
2025-01-15 20:00:00+00:00,425.42,429.8,424.5,428.29,10357455.0,427.496,49511.0
2025-01-16 14:30:00+00:00,423.48,424.0,412.66,415.95,19474010.0,416.838,84516.0
2025-01-16 16:00:00+00:00,415.94,417.18,409.13,413.32,19984759.0,412.848,88791.0
2025-01-16 20:00:00+00:00,413.38,415.88,412.33,413.51,6827473.0,414.28,32380.0
2025-01-17 14:30:00+00:00,421.68,435.0,419.75,430.18,24629939.0,426.74,96915.0
2025-01-17 16:00:00+00:00,430.23,439.74,429.09,437.58,27594671.0,435.513,119178.0
2025-01-17 20:00:00+00:00,437.58,437.58,426.23,426.48,12334040.0,431.346,57604.0
2025-01-21 14:30:00+00:00,432.67,433.2,406.31,413.89,28144902.0,414.315,126978.0
2025-01-21 16:00:00+00:00,413.8,421.3,412.51,417.04,22966418.0,416.856,100507.0
2025-01-21 20:00:00+00:00,417.03,424.66,416.62,424.08,8756262.0,421.581,38662.0
2025-01-22 14:30:00+00:00,416.89,428.0,416.1,419.81,18079424.0,421.021,82407.0
2025-01-22 16:00:00+00:00,419.78,424.14,417.28,419.77,16222403.0,420.675,72603.0
2025-01-22 20:00:00+00:00,419.72,419.82,414.59,415.1,6269332.0,417.103,28994.0
2025-01-23 14:30:00+00:00,416.06,420.73,410.35,413.5,15771399.0,414.869,70669.0
2025-01-23 16:00:00+00:00,413.39,414.69,408.95,410.6,14702255.0,411.655,64286.0
2025-01-23 20:00:00+00:00,410.61,412.38,409.42,412.37,4630657.0,410.921,22980.0
2025-01-24 14:30:00+00:00,414.45,418.88,411.71,413.29,16772879.0,415.215,72142.0
2025-01-24 16:00:00+00:00,413.22,415.69,407.26,407.95,16579734.0,410.96,73369.0
2025-01-24 20:00:00+00:00,407.97,409.75,405.78,406.54,5598323.0,407.315,27218.0
2025-01-27 14:30:00+00:00,394.9,406.69,393.39,403.3,15059848.0,401.114,70529.0
2025-01-27 16:00:00+00:00,403.3,405.66,389.39,389.52,15436102.0,396.869,75988.0
2025-01-27 20:00:00+00:00,389.55,397.45,389.0,397.06,5704875.0,393.922,30152.0
2025-01-28 14:30:00+00:00,396.88,397.15,386.5,389.84,12282734.0,391.301,53674.0
2025-01-28 16:00:00+00:00,389.82,399.08,387.47,398.4,14717931.0,392.905,66955.0
2025-01-28 20:00:00+00:00,398.47,400.59,396.52,398.11,5408695.0,398.775,27449.0
2025-01-29 14:30:00+00:00,395.21,398.59,390.65,391.5,10444114.0,393.482,49639.0
2025-01-29 16:00:00+00:00,391.57,392.6,384.48,390.04,16946926.0,388.858,82643.0
2025-01-29 20:00:00+00:00,389.89,391.85,385.55,388.03,6626979.0,388.905,34288.0
2025-01-30 14:30:00+00:00,410.65,412.5,384.41,391.23,30703567.0,395.317,144021.0
2025-01-30 16:00:00+00:00,391.17,409.1,388.97,406.43,27529579.0,401.365,130513.0
2025-01-30 20:00:00+00:00,406.38,407.5,398.95,400.48,8530595.0,403.331,44435.0
2025-01-31 14:30:00+00:00,401.5,418.44,401.34,415.66,23312546.0,412.823,110452.0
2025-01-31 16:00:00+00:00,415.68,419.99,403.7,406.55,27891374.0,413.76,130797.0
2025-01-31 20:00:00+00:00,406.43,406.51,401.44,404.58,8629380.0,403.551,44656.0
2025-02-03 14:30:00+00:00,386.68,389.17,374.36,388.15,30579666.0,382.679,141148.0
2025-02-03 16:00:00+00:00,388.1,388.44,377.41,384.17,23806063.0,382.703,111076.0
2025-02-03 20:00:00+00:00,384.23,385.3,381.36,383.86,5709191.0,383.727,29677.0
2025-02-04 14:30:00+00:00,382.63,390.73,382.13,382.85,14395933.0,386.214,64567.0
2025-02-04 16:00:00+00:00,382.92,388.84,381.4,386.79,17117921.0,385.452,78346.0
2025-02-04 20:00:00+00:00,386.71,394.0,385.51,392.45,8198912.0,390.559,39851.0
2025-02-05 14:30:00+00:00,387.14,388.39,380.02,383.35,15521245.0,383.598,69018.0
2025-02-05 16:00:00+00:00,383.31,384.96,378.0,378.91,16280105.0,381.272,72151.0
2025-02-05 20:00:00+00:00,378.95,380.2,375.53,378.17,7607833.0,377.824,37255.0
2025-02-06 14:30:00+00:00,373.13,375.4,363.18,364.82,23541408.0,367.355,107837.0
2025-02-06 16:00:00+00:00,364.84,374.09,363.85,369.1,24120927.0,369.019,105258.0
2025-02-06 20:00:00+00:00,369.05,374.32,367.42,374.31,6955477.0,370.927,32968.0
2025-02-07 14:30:00+00:00,370.19,380.55,369.11,370.73,18879917.0,373.994,85458.0
2025-02-07 16:00:00+00:00,370.81,371.86,363.44,364.36,20749676.0,367.85,92745.0
2025-02-07 20:00:00+00:00,364.38,364.39,360.34,361.49,8466096.0,361.779,39547.0
2025-02-10 14:30:00+00:00,356.4,362.39,350.51,359.54,21801446.0,356.556,87890.0
2025-02-10 16:00:00+00:00,359.52,362.7,353.65,354.8,21116904.0,359.143,84203.0
2025-02-10 20:00:00+00:00,354.84,355.4,350.51,350.64,9408226.0,352.693,41172.0
2025-02-11 14:30:00+00:00,345.8,349.37,339.19,339.44,23037773.0,344.314,98939.0
2025-02-11 16:00:00+00:00,339.48,340.61,329.12,330.03,43421619.0,333.901,178522.0
2025-02-11 20:00:00+00:00,330.06,330.99,325.1,328.64,15677735.0,327.121,68691.0
2025-02-12 14:30:00+00:00,329.95,341.18,329.12,339.97,26437409.0,335.931,109593.0
2025-02-12 16:00:00+00:00,340.0,346.19,337.03,345.8,29640089.0,342.616,129240.0
2025-02-12 20:00:00+00:00,345.74,346.4,335.66,336.62,12838784.0,340.808,59920.0
2025-02-13 14:30:00+00:00,345.0,358.69,342.85,356.9,25359247.0,351.513,105121.0
2025-02-13 16:00:00+00:00,356.82,357.07,348.17,352.45,27370963.0,351.564,109462.0
2025-02-13 20:00:00+00:00,352.52,356.9,352.39,356.03,8635374.0,354.808,41604.0
2025-02-14 14:30:00+00:00,360.49,362.0,350.03,351.3,20055845.0,354.639,85815.0
2025-02-14 16:00:00+00:00,351.36,354.6,347.5,354.4,21221810.0,351.242,88495.0
2025-02-14 20:00:00+00:00,354.38,356.44,353.58,355.9,6466967.0,355.173,27530.0
2025-02-18 14:30:00+00:00,355.22,359.1,352.55,356.39,15016395.0,355.666,63369.0
2025-02-18 16:00:00+00:00,356.39,357.18,350.02,354.08,15433449.0,353.652,66196.0
2025-02-18 20:00:00+00:00,353.99,354.35,352.33,354.05,3802612.0,353.458,19221.0
2025-02-19 14:30:00+00:00,353.93,367.34,353.67,360.67,22684549.0,362.427,101036.0
2025-02-19 16:00:00+00:00,360.67,365.14,358.26,362.69,19841677.0,361.84,83623.0
2025-02-19 20:00:00+00:00,362.66,362.75,357.35,360.63,6305182.0,360.36,29392.0
2025-02-20 14:30:00+00:00,361.51,362.3,348.0,350.25,15794131.0,353.388,67665.0
2025-02-20 16:00:00+00:00,350.13,355.33,349.89,354.06,12256201.0,353.009,56018.0
2025-02-20 20:00:00+00:00,354.06,354.88,352.75,354.38,3429019.0,353.937,18211.0
2025-02-21 14:30:00+00:00,353.62,354.98,344.84,347.86,14579034.0,350.08,63887.0
2025-02-21 16:00:00+00:00,347.83,348.37,334.42,336.94,28527304.0,340.349,119352.0
2025-02-21 20:00:00+00:00,336.88,338.79,334.99,337.54,8446183.0,336.93,43871.0
2025-02-24 14:30:00+00:00,338.14,342.4,324.7,328.11,22320185.0,332.469,96663.0
2025-02-24 16:00:00+00:00,328.15,338.96,326.9,334.67,20706048.0,334.931,88728.0
2025-02-24 20:00:00+00:00,334.71,334.97,329.89,330.38,6138486.0,332.02,30018.0
2025-02-25 14:30:00+00:00,327.03,328.89,301.41,304.17,38455064.0,311.699,175147.0
2025-02-25 16:00:00+00:00,304.35,306.47,297.25,301.47,42239361.0,302.108,187225.0
2025-02-25 20:00:00+00:00,301.5,304.05,298.35,302.49,12609484.0,301.688,63266.0
2025-02-26 14:30:00+00:00,303.61,309.0,294.23,300.55,25428582.0,302.43,117208.0
2025-02-26 16:00:00+00:00,300.57,302.26,288.98,289.22,30733085.0,295.644,137350.0
2025-02-26 20:00:00+00:00,289.27,292.68,288.04,290.89,10795722.0,289.933,53780.0
2025-02-27 14:30:00+00:00,291.16,297.23,280.91,286.46,29819818.0,289.215,134300.0
2025-02-27 16:00:00+00:00,286.64,292.0,282.96,284.72,28332041.0,287.58,127389.0
2025-02-27 20:00:00+00:00,284.63,284.71,281.26,282.0,9596326.0,282.651,49025.0
2025-02-28 14:30:00+00:00,279.5,293.0,273.6,291.76,32375164.0,284.03,151579.0
2025-02-28 16:00:00+00:00,291.76,292.08,281.33,289.75,30302543.0,287.574,134969.0
2025-02-28 20:00:00+00:00,289.72,293.62,288.82,293.31,11846071.0,291.254,55176.0
2025-03-03 14:30:00+00:00,300.32,303.94,291.69,295.42,29409001.0,298.26,134428.0
2025-03-03 16:00:00+00:00,295.49,302.48,283.12,283.34,37539328.0,292.362,154445.0
2025-03-03 20:00:00+00:00,283.26,284.98,277.3,284.78,14594696.0,281.426,66088.0
2025-03-04 14:30:00+00:00,270.9,278.28,261.84,265.79,33454265.0,268.514,147424.0
2025-03-04 16:00:00+00:00,265.83,281.5,262.07,280.34,37897524.0,271.804,164787.0
2025-03-04 20:00:00+00:00,280.25,284.35,270.33,272.0,14514907.0,277.355,67540.0
2025-03-05 14:30:00+00:00,273.0,278.27,267.71,272.88,26246075.0,272.714,122324.0
2025-03-05 16:00:00+00:00,272.88,279.16,268.0,276.19,31120202.0,273.195,141023.0
2025-03-05 20:00:00+00:00,276.19,279.55,273.52,279.26,9695038.0,276.822,46742.0
2025-03-06 14:30:00+00:00,272.07,272.65,264.4,269.82,23130925.0,268.596,109653.0
2025-03-06 16:00:00+00:00,269.94,271.44,260.02,261.83,35187065.0,264.345,154109.0
2025-03-06 20:00:00+00:00,261.86,264.34,260.08,263.43,11446230.0,262.341,57861.0
2025-03-07 14:30:00+00:00,259.29,266.25,256.97,259.02,23322185.0,261.899,108370.0
2025-03-07 16:00:00+00:00,258.94,264.27,250.73,260.59,39438278.0,258.15,175859.0
2025-03-07 20:00:00+00:00,260.55,263.5,258.46,262.65,9592766.0,261.35,46451.0
2025-03-10 13:30:00+00:00,252.5,253.37,237.6,238.69,49275729.0,242.663,222636.0
2025-03-10 16:00:00+00:00,238.66,239.44,220.0,222.08,78657925.0,226.843,365403.0
2025-03-11 13:30:00+00:00,225.32,236.29,218.13,227.59,66710861.0,228.187,315720.0
2025-03-11 16:00:00+00:00,227.59,237.07,223.55,230.5,51967927.0,230.734,254282.0
2025-03-12 13:30:00+00:00,247.22,251.69,241.1,246.87,53288461.0,246.518,237628.0
2025-03-12 16:00:00+00:00,246.85,251.84,245.48,248.28,40546058.0,248.579,172023.0
2025-03-13 13:30:00+00:00,248.13,248.28,232.6,234.36,45792602.0,238.467,205595.0
2025-03-13 16:00:00+00:00,234.42,242.6,234.13,240.69,35336287.0,238.567,159330.0
2025-03-14 13:30:00+00:00,247.31,250.64,240.73,249.08,39540088.0,245.504,171507.0
2025-03-14 16:00:00+00:00,249.04,251.58,246.41,249.98,31230497.0,248.996,140214.0
2025-03-17 13:30:00+00:00,245.01,245.4,233.51,234.4,42242416.0,239.262,197404.0
2025-03-17 16:00:00+00:00,234.44,240.42,232.8,237.81,36269824.0,236.848,154257.0
2025-03-18 13:30:00+00:00,228.16,230.1,222.28,228.53,43646071.0,225.522,190463.0
2025-03-18 16:00:00+00:00,228.58,229.61,223.3,225.48,32848982.0,226.577,140550.0
2025-03-19 13:30:00+00:00,231.59,237.07,229.2,235.44,38481445.0,232.708,167550.0
2025-03-19 16:00:00+00:00,235.55,241.41,232.07,235.73,42650723.0,235.923,184026.0
2025-03-20 13:30:00+00:00,233.34,238.0,230.05,231.92,37974231.0,234.437,162901.0
2025-03-20 16:00:00+00:00,231.93,236.65,231.6,236.25,32890456.0,233.977,139171.0
2025-03-21 13:30:00+00:00,235.0,243.93,234.55,241.23,44951230.0,240.131,194117.0
2025-03-21 16:00:00+00:00,241.19,249.52,240.04,249.1,44664334.0,245.888,192077.0
2025-03-24 13:30:00+00:00,258.13,274.72,256.33,271.96,65307494.0,268.786,288801.0
2025-03-24 16:00:00+00:00,271.98,278.64,271.55,278.44,50472010.0,274.714,220759.0
2025-03-25 13:30:00+00:00,283.56,283.65,271.28,277.29,55033575.0,276.395,242516.0
2025-03-25 16:00:00+00:00,277.32,288.2,277.0,288.15,49166477.0,281.803,214655.0
2025-03-26 13:30:00+00:00,282.69,284.9,272.59,273.89,52262093.0,278.231,232801.0
2025-03-26 16:00:00+00:00,273.86,275.0,266.51,271.99,54352190.0,270.99,237295.0
2025-03-27 13:30:00+00:00,272.4,291.85,271.82,283.61,63185054.0,282.504,273423.0
2025-03-27 16:00:00+00:00,283.53,287.18,272.06,273.24,55999805.0,278.213,240390.0
2025-03-28 13:30:00+00:00,275.57,276.1,260.79,263.36,48133228.0,267.87,225459.0
2025-03-28 16:00:00+00:00,263.43,266.0,260.57,263.54,37642621.0,263.444,179037.0
2025-03-31 13:30:00+00:00,249.41,254.3,243.36,252.43,49147597.0,248.566,223115.0
2025-03-31 16:00:00+00:00,252.39,260.56,250.47,259.27,45737353.0,256.523,201494.0
2025-04-01 13:30:00+00:00,263.82,276.32,259.25,275.31,53760651.0,268.109,250026.0
2025-04-01 16:00:00+00:00,275.34,277.45,267.09,268.48,53983392.0,272.248,256990.0
2025-04-02 13:30:00+00:00,254.55,281.61,251.27,278.44,74609285.0,266.802,352488.0
2025-04-02 16:00:00+00:00,278.4,284.99,276.23,282.67,73684768.0,281.535,372110.0
2025-04-03 13:30:00+00:00,265.31,276.3,261.51,267.22,52890982.0,267.937,247720.0
2025-04-03 16:00:00+00:00,267.21,271.6,264.9,267.14,45082692.0,268.507,215362.0
2025-04-04 13:30:00+00:00,255.64,261.0,236.0,242.11,65988011.0,246.924,344605.0
2025-04-04 16:00:00+00:00,242.11,246.23,238.42,239.34,52070857.0,241.784,274949.0
2025-04-07 13:30:00+00:00,223.8,252.0,214.25,227.74,68441951.0,229.401,327668.0
2025-04-07 16:00:00+00:00,227.73,237.37,225.12,233.31,48989910.0,231.154,252258.0
2025-04-08 13:30:00+00:00,245.0,250.44,241.34,243.09,51211029.0,245.739,262869.0
2025-04-08 16:00:00+00:00,243.1,243.1,217.8,221.58,70444978.0,229.113,383291.0
2025-04-09 13:30:00+00:00,224.67,236.0,223.88,229.69,48117491.0,230.412,254350.0
2025-04-09 16:00:00+00:00,229.69,274.69,228.79,272.0,95283497.0,255.683,507888.0
2025-04-10 13:30:00+00:00,260.0,262.49,244.47,244.87,51650582.0,254.673,267672.0
2025-04-10 16:00:00+00:00,244.85,256.54,239.33,252.44,77023369.0,248.121,441064.0
2025-04-11 13:30:00+00:00,251.84,257.74,242.15,244.88,45742182.0,248.6,226235.0
2025-04-11 16:00:00+00:00,244.88,252.32,241.36,252.19,48569913.0,248.118,254991.0
2025-04-14 13:30:00+00:00,258.3,261.8,247.68,249.09,37098105.0,254.785,172008.0
2025-04-14 16:00:00+00:00,249.1,256.0,245.93,252.36,34661072.0,250.33,165292.0
2025-04-15 13:30:00+00:00,249.91,258.75,247.54,255.49,35851206.0,254.952,162026.0
2025-04-15 16:00:00+00:00,255.52,256.3,250.84,254.11,24051961.0,253.168,110664.0
2025-04-16 13:30:00+00:00,247.81,251.97,247.03,248.63,27060766.0,249.266,134519.0
2025-04-16 16:00:00+00:00,248.7,249.01,233.89,241.55,49580016.0,240.797,258867.0
2025-04-17 13:30:00+00:00,243.48,244.34,237.68,239.62,29622496.0,241.192,132300.0
2025-04-17 16:00:00+00:00,239.59,242.56,238.47,241.53,27712609.0,240.604,132086.0
2025-04-21 13:30:00+00:00,230.27,232.21,223.43,223.71,32904738.0,226.351,153024.0
2025-04-21 16:00:00+00:00,223.7,227.87,222.79,227.48,29574405.0,224.784,141568.0
2025-04-22 13:30:00+00:00,230.96,239.53,229.85,239.25,33833817.0,236.031,162611.0
2025-04-22 16:00:00+00:00,239.27,242.79,234.46,238.14,41337438.0,238.17,200110.0
2025-04-23 13:30:00+00:00,254.88,259.45,244.43,254.68,62790171.0,252.403,275213.0
2025-04-23 16:00:00+00:00,254.66,258.23,250.34,250.79,41474458.0,254.59,186262.0
2025-04-24 13:30:00+00:00,250.71,258.15,249.2,253.39,36064021.0,254.733,173537.0
2025-04-24 16:00:00+00:00,253.42,259.54,252.47,259.51,30525217.0,255.965,134637.0
2025-04-25 13:30:00+00:00,261.69,283.5,259.63,281.43,65712608.0,272.953,287276.0
2025-04-25 16:00:00+00:00,281.47,286.85,280.0,284.88,55879784.0,283.913,252350.0
2025-04-28 13:30:00+00:00,289.01,294.86,273.67,276.51,62708896.0,284.517,289649.0
2025-04-28 16:00:00+00:00,276.49,286.72,272.42,285.87,44611192.0,279.873,200965.0
2025-04-29 13:30:00+00:00,285.46,289.3,279.46,283.53,42450810.0,283.278,185693.0
2025-04-29 16:00:00+00:00,283.55,293.29,282.47,292.01,37769409.0,286.54,172481.0
2025-04-30 13:30:00+00:00,279.91,281.43,270.78,278.58,44771037.0,276.153,198193.0
2025-04-30 16:00:00+00:00,278.53,284.45,275.14,282.07,41831675.0,279.569,189141.0
2025-05-01 13:30:00+00:00,280.01,290.87,279.92,284.34,39351604.0,285.983,162777.0
2025-05-01 16:00:00+00:00,284.4,285.76,279.9,280.52,31277906.0,283.328,128172.0
2025-05-02 13:30:00+00:00,285.01,288.25,279.81,286.86,35346239.0,284.624,156044.0
2025-05-02 16:00:00+00:00,286.91,294.78,285.77,287.25,50710397.0,290.721,230720.0
2025-05-05 13:30:00+00:00,284.57,284.85,274.4,276.56,36375368.0,278.075,166311.0
2025-05-05 16:00:00+00:00,276.56,283.39,276.0,280.2,33459348.0,280.408,145986.0
2025-05-06 13:30:00+00:00,273.12,277.73,271.35,272.82,30185171.0,274.428,136564.0
2025-05-06 16:00:00+00:00,272.82,276.71,272.25,275.25,24280232.0,274.375,108920.0
2025-05-07 13:30:00+00:00,276.9,277.92,272.13,273.19,23995669.0,275.024,102865.0
2025-05-07 16:00:00+00:00,273.19,277.25,271.0,276.18,27314164.0,274.197,115405.0
2025-05-08 13:30:00+00:00,279.63,289.8,279.41,288.8,40671342.0,284.214,171018.0
2025-05-08 16:00:00+00:00,288.81,289.79,284.61,284.89,29282644.0,287.729,122404.0
2025-05-09 13:30:00+00:00,290.21,307.04,290.0,299.01,61371024.0,300.613,264235.0
2025-05-09 16:00:00+00:00,299.0,301.11,295.11,298.1,34655339.0,298.275,147794.0
2025-05-12 13:30:00+00:00,321.84,322.21,311.5,318.29,45219166.0,316.895,196707.0
2025-05-12 16:00:00+00:00,318.31,319.84,316.14,318.62,27424343.0,317.872,124569.0
2025-05-13 13:30:00+00:00,319.99,326.07,316.8,322.6,38958242.0,321.696,167185.0
2025-05-13 16:00:00+00:00,322.55,337.59,320.43,333.93,54607912.0,331.887,224440.0
2025-05-14 13:30:00+00:00,342.37,350.0,337.0,346.35,49079461.0,342.416,218334.0
2025-05-14 16:00:00+00:00,346.33,350.0,343.24,347.43,42719612.0,347.081,190373.0
2025-05-15 13:30:00+00:00,340.34,342.25,334.71,340.23,34390659.0,338.647,164957.0
2025-05-15 16:00:00+00:00,340.23,346.14,339.6,342.73,32557759.0,343.06,148036.0
2025-05-16 13:30:00+00:00,346.17,351.62,342.33,347.45,37355019.0,346.876,167928.0
2025-05-16 16:00:00+00:00,347.42,349.93,346.29,349.8,22638657.0,348.154,105905.0
2025-05-19 13:30:00+00:00,336.26,343.0,333.37,337.42,31797269.0,338.327,137263.0
2025-05-19 16:00:00+00:00,337.48,342.86,333.8,341.95,25923105.0,340.747,120277.0
2025-05-20 13:30:00+00:00,347.87,354.58,342.86,349.24,42756744.0,347.605,191803.0
2025-05-20 16:00:00+00:00,349.23,354.99,341.63,343.76,51542187.0,348.351,228211.0
2025-05-21 13:30:00+00:00,344.43,347.22,341.55,345.19,31921586.0,344.417,139740.0
2025-05-21 16:00:00+00:00,345.21,347.35,332.2,334.54,41385249.0,338.777,188545.0
2025-05-22 13:30:00+00:00,331.97,344.53,331.39,343.74,36331325.0,339.527,167477.0
2025-05-22 16:00:00+00:00,343.8,347.27,340.65,340.98,31151200.0,344.427,149986.0
2025-05-23 13:30:00+00:00,337.5,338.85,333.21,337.25,28753227.0,336.678,134467.0
2025-05-23 16:00:00+00:00,337.28,343.18,336.27,339.39,27241741.0,340.43,125999.0
2025-05-27 13:30:00+00:00,347.27,357.69,347.27,356.92,38769960.0,354.465,184289.0
2025-05-27 16:00:00+00:00,356.89,363.79,356.61,362.75,42680783.0,360.684,200986.0
2025-05-28 13:30:00+00:00,364.9,365.0,358.64,361.02,32337038.0,361.828,145825.0
2025-05-28 16:00:00+00:00,361.05,364.0,355.91,356.92,27506566.0,360.395,131708.0
2025-05-29 13:30:00+00:00,365.19,367.71,359.44,361.39,31489565.0,363.407,141159.0
2025-05-29 16:00:00+00:00,361.34,363.66,356.0,358.38,28597816.0,359.54,129057.0
2025-05-30 13:30:00+00:00,355.54,363.68,353.82,358.37,30204275.0,359.459,131947.0
2025-05-30 16:00:00+00:00,358.38,358.59,345.29,345.76,46279686.0,349.953,210420.0
2025-06-02 13:30:00+00:00,343.5,348.02,333.33,336.42,33398070.0,339.063,146872.0
2025-06-02 16:00:00+00:00,336.44,343.06,335.9,342.69,23708747.0,339.828,108108.0
2025-06-03 13:30:00+00:00,346.68,351.95,343.85,350.43,30428701.0,347.955,143123.0
2025-06-03 16:00:00+00:00,350.4,355.4,343.04,344.41,41296554.0,349.512,190879.0
2025-06-04 13:30:00+00:00,345.16,345.6,327.33,334.15,41923138.0,333.795,191151.0
2025-06-04 16:00:00+00:00,334.12,335.62,330.82,332.21,27225028.0,333.548,124955.0
2025-06-05 13:30:00+00:00,322.49,324.55,312.36,322.55,49216843.0,317.494,214524.0
2025-06-05 16:00:00+00:00,322.51,322.57,273.21,284.73,141225728.0,294.378,645005.0
2025-06-06 13:30:00+00:00,298.81,305.5,291.14,300.34,61351091.0,298.855,274542.0
2025-06-06 16:00:00+00:00,300.31,302.5,293.14,295.13,40187060.0,298.974,195748.0
2025-06-09 13:30:00+00:00,285.99,297.74,281.85,294.86,43103171.0,291.827,188212.0
2025-06-09 16:00:00+00:00,294.8,309.83,293.68,308.66,46417085.0,301.76,201873.0
2025-06-10 13:30:00+00:00,314.97,321.22,310.66,319.01,51296726.0,315.887,229811.0
2025-06-10 16:00:00+00:00,318.96,327.83,315.75,326.15,54413231.0,322.144,239931.0
2025-06-11 13:30:00+00:00,334.29,335.5,328.2,329.85,42705585.0,332.078,184897.0
2025-06-11 16:00:00+00:00,329.85,331.31,322.5,326.49,42573012.0,326.797,177605.0
2025-06-12 13:30:00+00:00,323.13,329.36,322.77,326.75,33190214.0,326.168,143781.0
2025-06-12 16:00:00+00:00,326.75,332.56,316.86,319.18,43142949.0,323.035,191765.0
2025-06-13 13:30:00+00:00,314.0,321.42,313.34,320.62,34344510.0,317.573,154008.0
2025-06-13 16:00:00+00:00,320.59,332.99,319.43,325.35,60724276.0,327.583,274874.0
2025-06-16 13:30:00+00:00,331.29,332.05,326.41,330.67,31111288.0,329.385,137596.0
2025-06-16 16:00:00+00:00,330.61,331.74,327.21,329.11,26959323.0,329.519,120723.0
2025-06-17 13:30:00+00:00,326.08,327.26,317.5,318.66,29067525.0,322.195,128213.0
2025-06-17 16:00:00+00:00,318.68,321.73,314.74,316.28,31503066.0,317.936,138874.0
2025-06-18 13:30:00+00:00,317.31,329.32,315.45,326.99,33367036.0,323.512,150840.0
2025-06-18 16:00:00+00:00,326.93,326.96,320.09,322.1,36164903.0,323.377,155765.0
2025-06-20 13:30:00+00:00,327.95,332.36,317.78,320.94,39057765.0,323.126,164641.0
2025-06-20 16:00:00+00:00,320.98,325.92,319.63,322.17,34263759.0,322.658,151314.0
2025-06-23 13:30:00+00:00,327.6,357.54,327.48,354.58,75170042.0,346.925,348590.0
2025-06-23 16:00:00+00:00,354.63,356.25,344.4,348.71,56446590.0,350.318,271846.0
2025-06-24 13:30:00+00:00,356.17,356.26,340.44,341.93,46900287.0,345.5,209563.0
2025-06-24 16:00:00+00:00,341.89,344.4,340.48,340.48,30497435.0,342.543,144743.0
2025-06-25 13:30:00+00:00,342.66,343.0,320.4,325.84,51443218.0,327.714,237679.0
2025-06-25 16:00:00+00:00,325.86,328.39,322.6,327.59,31015783.0,326.036,146849.0
2025-06-26 13:30:00+00:00,324.64,331.05,323.61,328.45,33888216.0,327.472,152714.0
2025-06-26 16:00:00+00:00,328.46,329.56,324.75,325.77,22702423.0,327.564,102609.0
2025-06-27 13:30:00+00:00,324.55,329.34,320.07,325.21,28117637.0,325.328,125964.0
2025-06-27 16:00:00+00:00,325.19,325.89,317.49,323.79,30462689.0,322.12,143608.0
2025-06-30 13:30:00+00:00,319.92,325.58,317.81,320.99,25518443.0,320.889,117062.0
2025-06-30 16:00:00+00:00,320.99,322.77,316.6,317.63,23398989.0,319.129,109933.0
2025-07-01 13:30:00+00:00,298.46,305.89,293.21,302.16,50593087.0,300.198,236614.0
2025-07-01 16:00:00+00:00,302.15,304.63,298.32,300.71,36835894.0,302.098,169253.0
2025-07-02 13:30:00+00:00,312.63,316.84,303.82,313.7,48978202.0,311.303,217711.0
2025-07-02 16:00:00+00:00,313.7,316.38,311.89,315.66,27426328.0,314.537,127537.0
2025-07-03 13:30:00+00:00,317.99,318.45,312.76,317.97,31550836.0,315.92,140398.0
2025-07-03 16:00:00+00:00,317.93,318.28,315.0,315.19,7273197.0,316.732,33507.0
2025-07-07 13:30:00+00:00,291.36,296.15,288.77,293.53,47711987.0,292.409,215489.0
2025-07-07 16:00:00+00:00,293.51,295.53,291.1,294.01,35002084.0,293.084,168688.0
2025-07-08 13:30:00+00:00,296.97,304.05,295.64,301.53,36295409.0,300.098,156586.0
2025-07-08 16:00:00+00:00,301.5,303.58,294.35,297.84,37629493.0,299.718,164097.0
2025-07-09 13:30:00+00:00,297.5,300.15,293.55,294.79,29899747.0,296.501,129688.0
2025-07-09 16:00:00+00:00,294.77,297.82,293.91,295.82,22572201.0,295.874,99208.0
2025-07-10 13:30:00+00:00,300.12,307.92,300.0,303.79,34446848.0,304.756,149947.0
2025-07-10 16:00:00+00:00,303.8,310.48,301.55,309.94,36101004.0,306.699,166695.0
2025-07-11 13:30:00+00:00,307.55,311.91,305.65,308.94,26592885.0,308.842,117869.0
2025-07-11 16:00:00+00:00,308.96,314.09,308.22,313.5,28530215.0,311.544,128653.0
2025-07-14 13:30:00+00:00,317.69,322.6,312.67,314.77,30076386.0,315.995,134234.0
2025-07-14 16:00:00+00:00,314.72,317.27,312.85,316.91,24082300.0,315.479,107677.0
2025-07-15 13:30:00+00:00,319.68,321.2,312.7,314.16,28730941.0,316.475,125129.0
2025-07-15 16:00:00+00:00,314.18,315.49,310.5,310.76,24208274.0,313.158,105423.0
2025-07-16 13:30:00+00:00,312.8,321.08,312.62,319.22,40971610.0,317.782,183770.0
2025-07-16 16:00:00+00:00,319.21,323.5,318.63,321.68,28702150.0,320.883,132261.0
2025-07-17 13:30:00+00:00,323.17,324.34,319.97,321.77,27457790.0,322.215,116929.0
2025-07-17 16:00:00+00:00,321.75,322.03,317.06,319.37,24901610.0,319.471,107172.0
2025-07-18 13:30:00+00:00,321.64,330.71,321.42,328.42,35797389.0,327.046,152675.0
2025-07-18 16:00:00+00:00,328.45,330.9,324.84,329.57,29644357.0,328.412,137520.0
2025-07-21 13:30:00+00:00,334.41,338.0,327.8,328.16,31558448.0,330.523,136565.0
2025-07-21 16:00:00+00:00,328.13,330.83,326.88,328.53,22667588.0,329.208,97783.0
2025-07-22 13:30:00+00:00,329.75,332.35,321.55,331.47,27713427.0,328.198,126774.0
2025-07-22 16:00:00+00:00,331.5,335.41,329.65,332.08,29037002.0,332.698,130357.0
2025-07-23 13:30:00+00:00,330.87,336.04,329.01,333.74,24091661.0,333.039,112201.0
2025-07-23 16:00:00+00:00,333.7,335.7,328.67,333.09,31544696.0,332.297,145192.0
2025-07-24 13:30:00+00:00,310.0,310.15,301.0,302.87,56218207.0,304.443,278031.0
2025-07-24 16:00:00+00:00,302.87,307.48,300.41,305.08,42056674.0,304.091,195455.0
2025-07-25 13:30:00+00:00,308.73,320.87,308.01,319.69,48353187.0,314.474,210860.0
2025-07-25 16:00:00+00:00,319.67,323.63,312.7,316.11,58647454.0,318.035,258916.0
2025-07-28 13:30:00+00:00,318.45,329.5,315.69,328.77,45145143.0,324.016,199281.0
2025-07-28 16:00:00+00:00,328.79,330.49,325.34,325.54,34982839.0,327.657,158285.0
2025-07-29 13:30:00+00:00,325.63,326.25,318.25,320.05,34790298.0,320.711,147642.0
2025-07-29 16:00:00+00:00,320.05,324.06,319.65,321.4,28979164.0,321.816,121820.0
2025-07-30 13:30:00+00:00,322.18,324.45,316.91,319.01,27558860.0,320.517,119144.0
2025-07-30 16:00:00+00:00,319.02,319.26,311.61,319.04,33306189.0,316.508,148316.0
2025-07-31 13:30:00+00:00,319.61,321.37,311.5,312.25,26142367.0,316.032,117535.0
2025-07-31 16:00:00+00:00,312.23,314.11,306.1,308.19,31974291.0,310.14,143645.0
2025-08-01 13:30:00+00:00,306.28,309.18,298.0,307.88,31604404.0,304.039,143225.0
2025-08-01 16:00:00+00:00,307.88,309.31,301.09,302.61,27610106.0,303.947,129024.0
2025-08-04 13:30:00+00:00,309.08,312.12,303.0,308.51,32304603.0,307.562,144350.0
2025-08-04 16:00:00+00:00,308.53,310.85,306.79,309.3,23616288.0,308.786,106768.0
2025-08-05 13:30:00+00:00,308.98,312.45,305.5,307.24,22340276.0,308.243,100215.0
2025-08-05 16:00:00+00:00,307.24,310.92,306.03,308.68,18468549.0,308.803,84052.0
2025-08-06 13:30:00+00:00,307.87,319.56,306.93,318.77,30248069.0,315.688,135290.0
2025-08-06 16:00:00+00:00,318.81,320.47,316.21,319.92,24840842.0,318.703,118213.0
2025-08-07 13:30:00+00:00,319.79,322.4,317.62,318.78,23903387.0,319.497,102582.0
2025-08-07 16:00:00+00:00,318.77,322.36,316.16,322.17,23433051.0,319.07,108013.0
2025-08-08 13:30:00+00:00,321.45,335.0,320.98,330.91,39374968.0,331.077,182948.0
2025-08-08 16:00:00+00:00,330.88,331.9,327.22,329.68,26787364.0,329.556,129873.0
2025-08-11 13:30:00+00:00,335.03,345.55,334.15,345.25,39322921.0,341.681,181496.0
2025-08-11 16:00:00+00:00,345.25,346.64,338.79,339.19,35314923.0,342.965,165046.0
2025-08-12 13:30:00+00:00,345.19,345.19,332.94,337.99,33226466.0,337.237,149099.0
2025-08-12 16:00:00+00:00,337.99,342.5,336.85,340.72,24142480.0,339.533,107706.0
2025-08-13 13:30:00+00:00,341.5,348.98,338.55,341.27,29567619.0,344.063,129270.0
2025-08-13 16:00:00+00:00,341.25,342.08,338.2,339.34,19170353.0,340.51,86477.0
2025-08-14 13:30:00+00:00,335.59,340.47,330.4,332.03,27271195.0,335.624,122526.0
2025-08-14 16:00:00+00:00,332.04,336.03,330.85,335.57,23439089.0,333.387,108635.0
2025-08-15 13:30:00+00:00,337.66,339.3,329.41,329.66,24268526.0,333.559,109114.0
2025-08-15 16:00:00+00:00,329.65,331.7,327.02,330.6,27467305.0,329.478,129501.0
2025-08-18 13:30:00+00:00,329.62,334.27,329.59,333.21,19526799.0,332.614,86805.0
2025-08-18 16:00:00+00:00,333.2,336.27,333.15,335.15,20029814.0,334.642,86860.0
2025-08-19 13:30:00+00:00,335.74,340.55,330.65,332.97,32215661.0,335.409,140562.0
2025-08-19 16:00:00+00:00,332.93,333.99,327.85,329.32,23129095.0,330.119,102135.0
2025-08-20 13:30:00+00:00,329.21,331.37,314.6,318.15,31688868.0,320.651,144103.0
2025-08-20 16:00:00+00:00,318.14,324.79,317.96,323.92,24336085.0,321.894,108814.0
2025-08-21 13:30:00+00:00,322.07,324.9,319.66,321.26,20331653.0,322.641,89540.0
2025-08-21 16:00:00+00:00,321.3,322.6,318.68,320.04,18888518.0,320.771,85728.0
2025-08-22 13:30:00+00:00,321.66,337.7,319.69,335.07,36292259.0,332.463,165903.0
2025-08-22 16:00:00+00:00,335.09,340.25,333.76,340.01,30068160.0,337.803,143357.0
2025-08-25 13:30:00+00:00,338.9,345.95,335.03,345.1,30142564.0,340.779,129896.0
2025-08-25 16:00:00+00:00,345.1,349.53,344.31,346.58,32458799.0,347.312,143185.0
2025-08-26 13:30:00+00:00,344.94,349.01,343.72,345.02,26671420.0,346.472,114013.0
2025-08-26 16:00:00+00:00,345.0,351.9,344.32,351.77,26145249.0,347.878,115930.0
2025-08-27 13:30:00+00:00,351.94,355.39,349.96,352.65,25118277.0,352.337,113554.0
2025-08-27 16:00:00+00:00,352.64,352.66,349.15,349.5,20480496.0,350.738,93085.0
2025-08-28 13:30:00+00:00,350.91,353.55,340.26,341.26,28273309.0,346.641,119084.0
2025-08-28 16:00:00+00:00,341.26,346.87,341.15,345.9,19846584.0,344.347,90647.0
2025-08-29 13:30:00+00:00,347.23,348.75,334.78,335.7,28573245.0,340.34,129316.0
2025-08-29 16:00:00+00:00,335.64,336.94,331.7,333.97,26381219.0,333.78,127070.0
2025-09-02 13:30:00+00:00,328.25,333.33,325.6,328.45,21416081.0,330.141,100312.0
2025-09-02 16:00:00+00:00,328.46,330.64,327.87,329.37,17554822.0,329.182,81119.0
2025-09-03 13:30:00+00:00,335.1,342.53,328.51,341.52,35710750.0,336.764,161631.0
2025-09-03 16:00:00+00:00,341.5,343.33,334.01,334.04,29466621.0,338.306,131909.0
2025-09-04 13:30:00+00:00,336.03,337.64,331.48,334.44,24301875.0,334.169,107266.0
2025-09-04 16:00:00+00:00,334.43,338.89,332.86,338.56,19283137.0,335.827,85406.0
2025-09-05 13:30:00+00:00,348.02,355.87,344.68,346.96,44246240.0,349.963,199817.0
2025-09-05 16:00:00+00:00,346.94,353.0,345.82,350.8,31984026.0,349.713,146366.0
2025-09-08 13:30:00+00:00,354.68,358.44,346.63,348.52,30832931.0,351.432,149298.0
2025-09-08 16:00:00+00:00,348.48,348.49,344.84,346.4,22989976.0,346.574,110514.0
2025-09-09 13:30:00+00:00,348.44,350.77,343.82,347.72,22474552.0,347.23,104713.0
2025-09-09 16:00:00+00:00,347.74,348.5,345.7,347.04,15675586.0,346.937,73561.0
2025-09-10 13:30:00+00:00,350.41,356.33,346.07,354.85,26913576.0,351.711,119886.0
2025-09-10 16:00:00+00:00,354.88,356.28,347.16,347.79,23639113.0,351.936,107977.0
2025-09-11 13:30:00+00:00,350.23,363.57,347.6,362.42,36071667.0,357.032,167752.0
2025-09-11 16:00:00+00:00,362.44,368.99,360.18,368.8,35211325.0,365.28,163007.0
2025-09-12 13:30:00+00:00,370.92,394.19,370.24,391.74,62314446.0,385.885,290418.0
2025-09-12 16:00:00+00:00,391.74,396.69,389.43,395.99,48937520.0,393.85,227483.0
2025-09-15 13:30:00+00:00,423.19,425.7,414.26,419.56,52168365.0,419.975,241999.0
2025-09-15 16:00:00+00:00,419.56,421.2,402.43,410.14,48878177.0,411.689,226514.0
2025-09-16 13:30:00+00:00,414.44,421.15,411.43,419.63,36980210.0,416.865,175781.0
2025-09-16 16:00:00+00:00,419.61,423.25,417.5,421.55,30919365.0,420.187,149698.0
2025-09-17 13:30:00+00:00,415.75,419.48,409.67,418.11,28045596.0,415.169,129402.0
2025-09-17 16:00:00+00:00,418.11,428.32,411.77,425.59,46210012.0,420.715,211351.0
2025-09-18 13:30:00+00:00,428.87,432.22,421.95,425.15,30986617.0,427.608,142212.0
2025-09-18 16:00:00+00:00,425.17,426.32,416.56,416.71,28703005.0,422.407,139197.0
2025-09-19 13:30:00+00:00,421.79,429.47,421.72,423.85,30926006.0,425.482,134983.0
2025-09-19 16:00:00+00:00,423.85,427.0,421.87,425.87,22629940.0,424.713,113676.0
2025-09-22 13:30:00+00:00,431.11,444.98,429.13,440.71,34530493.0,440.23,160774.0
2025-09-22 16:00:00+00:00,440.71,441.57,429.96,434.01,31587156.0,434.708,159011.0
2025-09-23 13:30:00+00:00,440.04,440.97,430.91,433.24,24405748.0,434.848,111194.0
2025-09-23 16:00:00+00:00,433.29,436.04,423.72,425.83,32234299.0,429.361,148499.0
2025-09-24 13:30:00+00:00,429.84,440.54,429.03,435.05,32198347.0,436.893,151780.0
2025-09-24 16:00:00+00:00,435.08,444.21,433.28,442.77,32330116.0,440.14,160885.0
2025-09-25 13:30:00+00:00,435.24,435.35,423.41,429.41,33281873.0,428.201,159472.0
2025-09-25 16:00:00+00:00,429.41,430.17,419.08,423.21,31058314.0,425.174,150009.0
2025-09-26 13:30:00+00:00,428.5,434.6,421.02,428.4,31586452.0,427.305,141204.0
2025-09-26 16:00:00+00:00,428.41,440.47,427.2,440.42,35559615.0,435.921,162936.0
2025-09-29 13:30:00+00:00,444.37,450.78,439.5,440.67,31923473.0,444.511,147908.0
2025-09-29 16:00:00+00:00,440.66,443.85,439.68,443.22,21354161.0,441.959,102389.0
2025-09-30 13:30:00+00:00,441.52,443.58,433.12,435.47,24436789.0,438.243,115222.0
2025-09-30 16:00:00+00:00,435.49,445.0,434.51,444.54,26588644.0,440.586,134235.0
2025-10-01 13:30:00+00:00,443.72,458.88,440.75,455.45,34748816.0,451.458,157814.0
2025-10-01 16:00:00+00:00,455.47,462.27,454.18,459.47,30532591.0,459.022,148382.0
2025-10-02 13:30:00+00:00,470.54,470.75,444.72,447.59,44559710.0,455.554,201043.0
2025-10-02 16:00:00+00:00,447.53,449.02,435.57,435.97,40217054.0,442.326,194104.0
2025-10-03 13:30:00+00:00,443.25,446.77,424.72,430.26,43597705.0,432.702,201496.0
2025-10-03 16:00:00+00:00,430.25,430.38,416.57,429.84,47411461.0,424.118,225037.0
2025-10-06 13:30:00+00:00,440.75,447.91,436.69,446.88,29624787.0,443.753,138668.0
2025-10-06 16:00:00+00:00,446.89,453.55,444.7,453.36,24641079.0,449.836,121223.0
2025-10-07 13:30:00+00:00,447.89,452.68,436.32,441.14,28608356.0,445.906,133140.0
2025-10-07 16:00:00+00:00,441.14,450.2,432.45,432.87,39413407.0,441.288,185147.0
2025-10-08 13:30:00+00:00,437.62,437.8,425.23,434.85,25648134.0,432.2,112710.0
2025-10-08 16:00:00+00:00,434.85,441.33,432.96,438.6,21253761.0,437.062,101531.0
2025-10-09 13:30:00+00:00,431.81,434.34,426.18,429.65,23621664.0,430.228,111382.0
2025-10-09 16:00:00+00:00,429.7,436.35,427.45,435.53,23763107.0,432.368,107558.0
2025-10-10 13:30:00+00:00,436.54,443.13,416.01,424.78,36608592.0,431.253,172694.0
2025-10-10 16:00:00+00:00,424.71,424.86,411.45,413.27,32871162.0,417.573,157996.0
2025-10-13 13:30:00+00:00,423.5,428.99,419.72,425.86,22839416.0,424.097,101774.0
2025-10-13 16:00:00+00:00,425.9,436.89,425.6,435.9,28179187.0,432.013,130130.0
2025-10-14 13:30:00+00:00,426.79,429.34,417.89,427.37,25082667.0,423.125,113468.0
2025-10-14 16:00:00+00:00,427.42,434.2,426.17,429.25,23394864.0,430.95,113547.0
2025-10-15 13:30:00+00:00,434.91,440.51,429.7,433.4,27098956.0,435.575,122048.0
2025-10-15 16:00:00+00:00,433.46,435.59,426.33,435.19,23219210.0,432.465,109569.0
2025-10-16 13:30:00+00:00,434.73,439.35,431.75,432.94,23240959.0,435.714,109503.0
2025-10-16 16:00:00+00:00,432.89,433.14,421.31,428.59,32680416.0,427.685,155070.0
2025-10-17 13:30:00+00:00,425.89,440.75,423.6,435.38,32235831.0,434.007,147570.0
2025-10-17 16:00:00+00:00,435.29,441.46,434.89,439.27,27374452.0,438.246,127894.0
2025-10-20 13:30:00+00:00,443.99,449.8,440.61,444.16,23633496.0,444.801,108430.0
2025-10-20 16:00:00+00:00,444.19,447.98,441.91,447.35,19669492.0,445.145,93504.0
2025-10-21 13:30:00+00:00,445.66,448.75,442.05,448.3,20420886.0,445.389,97035.0
2025-10-21 16:00:00+00:00,448.25,449.3,442.5,442.51,17658402.0,446.135,89428.0
2025-10-22 13:30:00+00:00,443.4,445.54,431.87,435.24,22927448.0,437.501,111924.0
2025-10-22 16:00:00+00:00,435.24,439.59,429.0,438.71,26178247.0,434.782,129955.0
2025-10-23 13:30:00+00:00,420.0,433.97,413.9,433.9,38256235.0,423.896,184061.0
2025-10-23 16:00:00+00:00,433.9,449.4,432.79,449.0,46633092.0,444.097,214121.0
2025-10-24 13:30:00+00:00,447.0,451.68,437.07,438.0,31179507.0,441.571,148494.0
2025-10-24 16:00:00+00:00,437.97,439.05,430.17,433.59,31881861.0,434.229,160683.0
2025-10-27 13:30:00+00:00,439.92,457.21,438.69,455.9,34364733.0,448.682,158163.0
2025-10-27 16:00:00+00:00,455.93,460.05,447.26,452.35,37343990.0,455.198,188469.0
2025-10-28 13:30:00+00:00,454.84,466.01,451.6,465.46,29850137.0,460.834,133468.0
2025-10-28 16:00:00+00:00,465.49,467.0,458.56,460.54,25915575.0,462.628,124898.0
2025-10-29 13:30:00+00:00,462.58,465.7,456.85,459.1,21536329.0,461.027,96244.0
2025-10-29 16:00:00+00:00,459.13,462.95,452.65,461.47,25896058.0,459.466,124944.0
2025-10-30 13:30:00+00:00,451.0,455.07,439.61,441.28,25997100.0,446.598,120170.0
2025-10-30 16:00:00+00:00,441.26,446.75,440.0,440.03,19142408.0,443.512,96197.0
2025-10-31 13:30:00+00:00,446.75,457.73,446.1,453.78,25341545.0,452.803,115994.0
2025-10-31 16:00:00+00:00,453.77,458.0,443.68,456.51,31449292.0,451.06,150426.0
2025-11-03 14:30:00+00:00,456.0,474.07,453.8,470.8,29481302.0,467.749,209111.0
2025-11-03 16:00:00+00:00,470.86,471.5,464.64,469.23,27411580.0,468.169,192998.0
2025-11-03 20:00:00+00:00,469.25,470.73,468.22,468.36,8091489.0,469.206,65100.0
2025-11-04 14:30:00+00:00,454.46,460.22,447.69,453.69,22634016.0,454.733,166170.0
2025-11-04 16:00:00+00:00,453.69,455.61,443.86,446.42,30872019.0,449.816,243979.0
2025-11-04 20:00:00+00:00,446.41,449.47,443.6,444.23,9774609.0,446.854,90843.0
2025-11-05 14:30:00+00:00,452.05,455.3,440.71,446.77,21476441.0,445.969,161996.0
2025-11-05 16:00:00+00:00,446.81,466.33,445.81,465.69,32547763.0,456.846,245112.0
2025-11-05 20:00:00+00:00,465.71,466.13,459.64,462.25,10798045.0,462.448,93937.0
2025-11-06 14:30:00+00:00,461.96,467.45,442.85,443.36,27609639.0,455.925,202912.0
2025-11-06 16:00:00+00:00,443.37,451.46,435.09,449.02,42655019.0,444.197,321140.0
2025-11-06 20:00:00+00:00,449.02,450.78,444.18,446.11,10308076.0,447.5,85405.0
2025-11-07 14:30:00+00:00,437.92,439.36,423.4,429.01,30095912.0,430.438,222006.0
2025-11-07 16:00:00+00:00,429.06,437.45,421.88,437.35,35533917.0,429.165,259527.0
2025-11-07 20:00:00+00:00,437.31,437.6,428.13,429.39,11279743.0,432.203,96020.0
2025-11-10 14:30:00+00:00,439.6,446.88,433.36,444.08,24399892.0,440.94,181229.0
2025-11-10 16:00:00+00:00,444.15,449.68,442.08,445.72,27716343.0,446.395,219410.0
2025-11-10 20:00:00+00:00,445.76,446.63,443.55,445.26,7047403.0,445.123,64380.0
2025-11-11 14:30:00+00:00,439.5,442.49,432.74,433.42,17844332.0,437.438,128018.0
2025-11-11 16:00:00+00:00,433.45,437.85,432.36,436.23,23435713.0,435.12,180765.0
2025-11-11 20:00:00+00:00,436.23,440.46,436.0,439.4,6720293.0,437.989,57559.0
2025-11-12 14:30:00+00:00,442.15,442.33,427.89,430.04,18307140.0,434.096,135318.0
2025-11-12 16:00:00+00:00,430.05,432.34,426.56,430.15,21371980.0,430.133,166462.0
2025-11-12 20:00:00+00:00,430.15,432.75,429.0,430.57,6050623.0,430.954,52637.0
2025-11-13 14:30:00+00:00,423.13,424.5,404.76,407.86,30018740.0,413.816,224897.0
2025-11-13 16:00:00+00:00,407.82,408.54,396.34,400.28,48081154.0,401.569,370735.0
2025-11-13 20:00:00+00:00,400.25,404.33,399.31,401.94,12416674.0,402.092,103905.0
2025-11-14 14:30:00+00:00,386.33,405.85,382.78,405.29,34442904.0,395.585,246817.0
2025-11-14 16:00:00+00:00,405.29,412.19,401.56,409.65,36803824.0,407.845,266923.0
2025-11-14 20:00:00+00:00,409.72,410.3,403.53,404.32,9110264.0,406.133,75952.0
2025-11-17 14:30:00+00:00,398.86,417.94,398.74,416.6,27319907.0,412.726,201075.0
2025-11-17 16:00:00+00:00,416.59,423.96,405.55,405.94,43706484.0,414.593,318180.0
2025-11-17 20:00:00+00:00,405.88,409.8,404.81,408.91,11040518.0,407.173,88211.0
2025-11-18 14:30:00+00:00,405.35,408.9,393.71,398.6,24922482.0,399.444,178089.0
2025-11-18 16:00:00+00:00,398.65,408.6,396.76,405.64,31776823.0,404.092,227412.0
2025-11-18 20:00:00+00:00,405.64,405.86,400.79,401.26,7530585.0,402.679,61342.0
2025-11-19 14:30:00+00:00,406.18,411.78,400.4,404.88,22341102.0,407.002,152588.0
2025-11-19 16:00:00+00:00,404.88,409.49,398.5,402.19,28142313.0,403.482,196356.0
2025-11-19 20:00:00+00:00,402.18,406.01,401.23,404.07,7473664.0,403.779,58468.0
2025-11-20 14:30:00+00:00,414.83,428.94,414.55,423.63,28429968.0,423.694,221382.0
2025-11-20 16:00:00+00:00,423.66,424.14,397.39,404.39,50547536.0,407.801,381791.0
2025-11-20 20:00:00+00:00,404.32,404.32,394.74,395.08,10861026.0,398.899,89294.0
2025-11-21 14:30:00+00:00,402.49,402.8,384.24,385.83,26975381.0,393.833,203147.0
2025-11-21 16:00:00+00:00,385.66,402.32,383.76,397.31,39906587.0,396.525,302507.0
2025-11-21 20:00:00+00:00,397.28,398.78,390.55,391.2,9341901.0,395.01,77776.0
2025-11-24 14:30:00+00:00,402.17,417.39,401.09,414.86,28293425.0,411.727,230205.0
2025-11-24 16:00:00+00:00,414.85,421.72,414.6,417.54,30034082.0,418.774,260609.0
2025-11-24 20:00:00+00:00,417.56,421.45,416.0,417.75,10786378.0,418.265,101995.0
2025-11-25 14:30:00+00:00,414.5,415.19,405.95,411.06,22753531.0,410.456,173264.0
2025-11-25 16:00:00+00:00,411.03,420.48,408.51,417.34,27563186.0,416.12,201293.0
2025-11-25 20:00:00+00:00,417.34,420.16,416.58,419.31,6610232.0,418.343,56317.0
2025-11-26 14:30:00+00:00,423.95,425.52,416.89,419.24,19518275.0,420.018,135091.0
2025-11-26 16:00:00+00:00,419.24,426.42,418.23,424.23,23942528.0,422.373,169122.0
2025-11-26 20:00:00+00:00,424.23,426.94,423.84,426.5,6828466.0,425.341,56379.0
2025-11-28 14:30:00+00:00,426.55,432.93,426.2,430.18,15313417.0,429.183,108123.0
2025-11-28 16:00:00+00:00,430.18,432.39,428.25,430.18,12271900.0,429.933,93031.0
2025-12-01 14:30:00+00:00,425.39,433.66,425.2,429.5,19031206.0,428.671,132394.0
2025-12-01 16:00:00+00:00,429.51,431.11,425.8,426.52,19469120.0,428.22,138999.0
2025-12-01 20:00:00+00:00,426.52,430.3,426.34,430.26,6426396.0,428.801,52035.0
2025-12-02 14:30:00+00:00,430.81,436.8,427.74,429.78,21947675.0,431.534,153436.0
2025-12-02 16:00:00+00:00,429.76,429.78,422.12,429.22,26075950.0,425.56,182066.0
2025-12-02 20:00:00+00:00,429.23,431.06,428.71,429.01,6954983.0,429.779,54957.0
2025-12-03 14:30:00+00:00,432.1,444.38,431.11,440.64,27614907.0,439.25,201973.0
2025-12-03 16:00:00+00:00,440.65,447.92,437.75,445.48,29476375.0,442.898,227542.0
2025-12-03 20:00:00+00:00,445.48,447.77,445.28,446.88,8597062.0,446.688,76731.0
2025-12-04 14:30:00+00:00,449.94,454.63,445.39,448.35,24594682.0,450.361,186174.0
2025-12-04 16:00:00+00:00,448.36,450.8,446.2,449.6,21219845.0,448.846,163598.0
2025-12-04 20:00:00+00:00,449.59,454.63,448.85,454.51,8652370.0,451.889,79446.0
2025-12-05 14:30:00+00:00,453.03,458.87,452.97,456.37,18027687.0,456.066,129293.0
2025-12-05 16:00:00+00:00,456.37,457.1,451.66,455.24,18934099.0,454.371,140470.0
2025-12-05 20:00:00+00:00,455.24,455.75,454.3,454.95,5521802.0,455.059,50591.0
2025-12-08 14:30:00+00:00,447.43,449.75,439.77,440.05,19970139.0,444.659,148542.0
2025-12-08 16:00:00+00:00,440.0,440.5,435.25,437.22,25000309.0,437.897,194582.0
2025-12-08 20:00:00+00:00,437.26,439.75,437.07,439.67,5981387.0,438.218,54653.0
2025-12-09 14:30:00+00:00,437.54,448.18,435.7,447.84,19129144.0,443.311,137338.0
2025-12-09 16:00:00+00:00,447.81,452.39,446.19,448.8,24016766.0,449.243,182852.0
2025-12-09 20:00:00+00:00,448.8,448.88,445.0,445.21,5903425.0,447.053,49170.0
2025-12-10 14:30:00+00:00,446.0,450.2,443.61,444.94,14956153.0,445.854,109391.0
2025-12-10 16:00:00+00:00,444.96,452.13,444.28,451.92,22428471.0,447.339,162779.0
2025-12-10 20:00:00+00:00,451.89,456.88,451.1,451.41,12433562.0,454.317,102564.0
2025-12-11 14:30:00+00:00,448.89,449.27,440.33,442.11,18342295.0,443.94,136650.0
2025-12-11 16:00:00+00:00,442.15,448.05,440.91,446.61,20432931.0,445.155,147557.0
2025-12-11 20:00:00+00:00,446.62,447.0,444.18,446.94,5280408.0,445.813,44918.0
2025-12-12 14:30:00+00:00,448.09,463.01,447.47,448.08,31070912.0,455.157,229765.0
2025-12-12 16:00:00+00:00,448.02,456.39,441.67,452.39,35843069.0,449.885,261643.0
2025-12-12 20:00:00+00:00,452.4,459.17,452.04,459.17,12152649.0,455.892,99468.0
2025-12-15 14:30:00+00:00,469.45,481.32,467.66,478.59,38721576.0,476.462,287180.0
2025-12-15 16:00:00+00:00,478.59,481.77,474.49,478.81,31481738.0,477.342,242673.0
2025-12-15 20:00:00+00:00,478.79,480.64,475.03,475.07,11973345.0,477.878,102532.0
2025-12-16 14:30:00+00:00,472.2,482.0,465.83,476.18,31065263.0,474.679,245128.0
2025-12-16 16:00:00+00:00,476.18,486.32,474.43,485.3,35005342.0,479.208,270959.0
2025-12-16 20:00:00+00:00,485.26,491.5,484.79,489.76,17070798.0,488.532,141356.0
2025-12-17 14:30:00+00:00,488.22,495.28,477.3,478.17,30209184.0,488.636,226937.0
2025-12-17 16:00:00+00:00,478.1,480.48,466.2,470.85,40453416.0,473.937,317176.0
2025-12-17 20:00:00+00:00,470.84,471.25,466.86,467.23,10858328.0,469.228,91986.0
2025-12-18 14:30:00+00:00,478.16,486.94,473.12,486.47,26924941.0,480.676,208242.0
2025-12-18 16:00:00+00:00,486.43,490.86,483.38,484.11,35693673.0,487.775,277272.0
2025-12-18 20:00:00+00:00,484.09,488.94,483.16,483.4,9885388.0,486.453,82894.0
2025-12-19 14:30:00+00:00,488.12,490.47,477.74,478.34,24409178.0,483.44,168902.0
2025-12-19 16:00:00+00:00,478.34,483.97,474.72,482.14,29683808.0,480.005,229425.0
2025-12-19 20:00:00+00:00,482.16,484.0,480.56,480.91,7322410.0,482.211,67594.0
2025-12-22 14:30:00+00:00,489.8,498.83,485.33,491.31,31387619.0,491.747,228592.0
2025-12-22 16:00:00+00:00,491.32,496.41,490.78,493.11,27848136.0,493.831,208430.0
2025-12-22 20:00:00+00:00,493.12,493.44,487.44,488.87,9117837.0,489.306,71692.0
2025-12-23 14:30:00+00:00,489.3,491.97,485.01,488.05,17455883.0,487.865,120060.0
2025-12-23 16:00:00+00:00,488.05,489.35,482.84,486.46,22151299.0,485.413,159288.0
2025-12-23 20:00:00+00:00,486.46,487.41,484.56,485.61,6389263.0,486.15,50366.0
2025-12-24 14:30:00+00:00,488.5,490.9,476.8,478.65,19503043.0,481.012,143419.0
2025-12-24 16:00:00+00:00,478.69,485.44,478.46,485.4,14276251.0,482.017,107884.0
2025-12-26 14:30:00+00:00,485.23,489.09,473.82,478.12,21298133.0,480.571,151934.0
2025-12-26 16:00:00+00:00,478.13,480.5,476.6,478.65,20161196.0,478.631,150626.0
2025-12-26 20:00:00+00:00,478.66,478.8,474.98,475.19,5882612.0,477.098,49090.0
2025-12-29 14:30:00+00:00,469.0,469.4,461.32,466.69,21415131.0,465.09,168597.0
2025-12-29 16:00:00+00:00,466.72,469.2,461.95,464.06,20469491.0,465.309,159589.0
2025-12-29 20:00:00+00:00,464.06,464.16,459.0,459.62,8531593.0,461.607,71094.0
2025-12-30 14:30:00+00:00,461.14,462.0,453.84,461.63,19329959.0,458.439,138431.0
2025-12-30 16:00:00+00:00,461.65,463.12,457.06,457.9,21955510.0,460.277,150344.0
2025-12-30 20:00:00+00:00,457.86,458.3,454.04,454.41,7110243.0,456.027,58781.0
2025-12-31 14:30:00+00:00,456.13,456.55,452.3,454.0,12677316.0,454.403,90120.0
2025-12-31 16:00:00+00:00,453.95,455.84,451.24,451.8,16891219.0,453.768,124734.0
2025-12-31 20:00:00+00:00,451.77,451.88,449.3,449.55,7720083.0,450.193,59336.0
2026-01-02 14:30:00+00:00,457.8,458.34,442.42,443.08,22986487.0,449.884,173098.0
2026-01-02 16:00:00+00:00,443.08,445.34,435.3,440.31,32249735.0,440.369,253328.0
2026-01-02 20:00:00+00:00,440.32,441.4,437.6,438.12,8009808.0,439.552,69555.0
2026-01-05 14:30:00+00:00,447.99,456.65,444.57,454.99,21072012.0,452.833,159861.0
2026-01-05 16:00:00+00:00,455.02,457.55,453.27,455.21,20981653.0,455.437,163705.0
2026-01-05 20:00:00+00:00,455.22,456.24,450.86,451.69,7429162.0,453.883,61892.0
2026-01-06 14:30:00+00:00,446.38,448.25,434.41,434.7,24219540.0,438.424,203318.0
2026-01-06 16:00:00+00:00,434.65,434.67,428.78,431.02,33289960.0,431.698,267956.0
2026-01-06 20:00:00+00:00,431.01,433.45,430.04,433.0,9572756.0,431.704,83500.0
2026-01-07 14:30:00+00:00,435.86,438.13,431.6,435.85,17822811.0,434.814,130548.0
2026-01-07 16:00:00+00:00,435.86,438.37,434.25,436.84,20647540.0,436.509,155308.0
2026-01-07 20:00:00+00:00,436.85,437.52,431.29,431.34,8227993.0,434.763,69870.0
2026-01-08 14:30:00+00:00,427.89,435.18,424.36,434.41,19193659.0,430.729,138554.0
2026-01-08 16:00:00+00:00,434.4,436.89,432.43,434.91,18529413.0,434.625,141099.0
2026-01-08 20:00:00+00:00,434.92,436.25,434.35,435.85,6022822.0,435.385,46951.0
2026-01-09 14:30:00+00:00,435.94,443.88,430.39,442.83,22847030.0,438.265,165993.0
2026-01-09 16:00:00+00:00,442.83,449.05,441.88,445.65,25033845.0,445.583,184778.0
2026-01-09 20:00:00+00:00,445.63,445.97,444.34,445.06,6479140.0,445.16,53189.0
2026-01-12 14:30:00+00:00,441.23,450.1,438.0,447.62,18099747.0,446.478,133561.0
2026-01-12 16:00:00+00:00,447.64,454.3,447.34,450.41,24110758.0,451.146,170662.0
2026-01-12 20:00:00+00:00,450.42,451.5,448.26,448.93,6331579.0,449.894,50622.0
2026-01-13 14:30:00+00:00,450.17,451.66,445.4,451.11,18163007.0,448.844,127166.0
2026-01-13 16:00:00+00:00,451.1,451.81,443.95,446.83,19781765.0,448.054,137597.0
2026-01-13 20:00:00+00:00,446.83,447.83,445.08,447.13,5264690.0,446.654,42818.0
2026-01-14 14:30:00+00:00,442.95,443.91,435.88,436.91,17775039.0,439.839,129394.0
2026-01-14 16:00:00+00:00,436.89,439.38,434.22,436.96,19242004.0,436.293,150599.0
2026-01-14 20:00:00+00:00,436.93,439.45,435.03,439.26,7859750.0,437.282,62377.0
2026-01-15 14:30:00+00:00,441.06,445.36,439.48,443.3,16111570.0,442.945,112338.0
2026-01-15 16:00:00+00:00,443.27,444.34,439.48,440.29,16974005.0,442.321,120324.0
2026-01-15 20:00:00+00:00,440.29,440.47,437.65,438.33,5952132.0,438.763,45144.0
2026-01-16 14:30:00+00:00,439.5,447.25,435.26,436.86,19436869.0,441.148,138714.0
2026-01-16 16:00:00+00:00,436.86,440.85,436.4,440.19,18556062.0,439.203,137694.0
2026-01-16 20:00:00+00:00,440.17,440.6,437.36,437.47,5509304.0,439.132,46279.0
2026-01-20 14:30:00+00:00,429.36,430.73,423.42,426.08,15641050.0,426.104,122252.0
2026-01-20 16:00:00+00:00,426.1,427.4,420.7,421.42,19204469.0,424.224,154734.0
2026-01-20 20:00:00+00:00,421.45,421.45,417.44,419.26,9258158.0,419.348,74419.0
2026-01-21 14:30:00+00:00,421.66,429.55,419.62,429.29,15265098.0,424.958,111346.0
2026-01-21 16:00:00+00:00,429.25,438.2,420.06,437.49,27382986.0,427.664,199979.0
2026-01-21 20:00:00+00:00,437.49,437.57,430.27,431.41,8770478.0,433.396,74447.0
2026-01-22 14:30:00+00:00,435.19,439.3,432.62,437.22,15756511.0,435.144,109571.0
2026-01-22 16:00:00+00:00,437.18,449.12,436.5,446.39,30897289.0,443.751,224436.0
2026-01-22 20:00:00+00:00,446.39,449.5,445.5,449.37,8810991.0,447.624,77632.0
2026-01-23 14:30:00+00:00,447.43,452.08,444.04,452.03,19220718.0,447.773,141380.0
2026-01-23 16:00:00+00:00,452.08,452.43,445.28,448.47,18519947.0,448.254,140095.0
2026-01-23 20:00:00+00:00,448.47,449.31,446.88,449.07,5901451.0,448.01,50774.0
2026-01-26 14:30:00+00:00,445.02,445.05,436.71,438.53,15069468.0,439.478,114333.0
2026-01-26 16:00:00+00:00,438.51,440.27,436.51,436.6,14681610.0,438.556,109036.0
2026-01-26 20:00:00+00:00,436.62,436.71,434.28,435.2,7263582.0,435.4,57235.0
2026-01-27 14:30:00+00:00,437.41,437.52,431.81,434.61,10337823.0,434.497,77027.0
2026-01-27 16:00:00+00:00,434.64,435.82,430.69,432.61,13139248.0,433.269,101706.0
2026-01-27 20:00:00+00:00,432.6,433.88,430.71,430.91,5369691.0,432.366,44538.0
2026-01-28 14:30:00+00:00,431.91,438.26,431.2,433.07,12992017.0,435.14,96714.0
2026-01-28 16:00:00+00:00,433.12,435.96,431.74,434.35,16814786.0,433.888,130083.0
2026-01-28 20:00:00+00:00,434.37,436.0,430.1,431.24,6311136.0,433.792,52337.0
2026-01-29 14:30:00+00:00,437.64,440.23,414.88,417.51,26939923.0,424.807,208494.0
2026-01-29 16:00:00+00:00,417.53,424.84,417.18,418.1,24424620.0,421.036,192044.0
2026-01-29 20:00:00+00:00,418.11,418.68,414.94,416.44,8403037.0,416.637,73462.0
2026-01-30 14:30:00+00:00,425.77,439.88,422.7,436.81,26623868.0,431.089,207189.0
2026-01-30 16:00:00+00:00,436.89,439.84,432.13,433.44,29234981.0,435.994,220964.0
2026-01-30 20:00:00+00:00,433.46,434.99,430.1,430.44,8534119.0,432.024,76589.0
2026-02-02 14:30:00+00:00,421.25,422.5,414.5,420.16,17718041.0,418.762,135179.0
2026-02-02 16:00:00+00:00,420.19,427.15,418.31,423.21,20628472.0,423.41,163481.0
2026-02-02 20:00:00+00:00,423.24,425.0,421.74,421.79,5840774.0,423.281,48503.0
2026-02-03 14:30:00+00:00,424.27,428.56,419.75,425.33,15874635.0,423.442,124573.0
2026-02-03 16:00:00+00:00,425.3,427.72,413.69,418.8,22978601.0,419.875,181806.0
2026-02-03 20:00:00+00:00,418.81,422.2,417.4,421.81,5621975.0,419.895,48095.0
2026-02-04 14:30:00+00:00,420.4,423.9,411.84,412.19,16498469.0,417.773,127630.0
2026-02-04 16:00:00+00:00,412.19,412.7,399.18,409.04,30151231.0,405.354,230798.0
2026-02-04 20:00:00+00:00,409.02,409.23,405.35,405.83,7664140.0,407.398,62567.0
2026-02-05 14:30:00+00:00,397.03,401.15,387.53,392.88,18769477.0,393.426,146238.0
2026-02-05 16:00:00+00:00,392.84,402.1,390.17,396.13,25148881.0,397.782,191030.0
2026-02-05 20:00:00+00:00,396.15,398.4,393.02,396.9,8579292.0,395.523,77430.0
2026-02-06 14:30:00+00:00,400.87,412.21,397.75,409.14,18615749.0,407.091,151740.0
2026-02-06 16:00:00+00:00,409.11,414.55,408.7,413.58,20181513.0,412.304,167720.0
2026-02-06 20:00:00+00:00,413.56,414.55,410.61,411.04,7318632.0,412.941,67470.0
2026-02-09 14:30:00+00:00,410.0,418.59,407.29,417.93,16010476.0,412.697,125567.0
2026-02-09 16:00:00+00:00,417.92,421.25,417.45,419.93,18637254.0,419.582,145257.0
2026-02-09 20:00:00+00:00,419.94,420.48,417.13,417.16,5601976.0,419.18,50767.0
2026-02-10 14:30:00+00:00,418.32,425.48,417.0,424.89,15873522.0,422.881,125178.0
2026-02-10 16:00:00+00:00,424.87,427.25,420.71,425.84,20208648.0,424.19,152520.0
2026-02-10 20:00:00+00:00,425.82,427.2,423.66,425.12,7332691.0,425.217,64620.0
2026-02-11 14:30:00+00:00,427.98,436.35,420.03,424.06,20732720.0,427.925,153742.0
2026-02-11 16:00:00+00:00,424.11,427.73,422.06,427.01,20211508.0,425.037,145600.0
2026-02-11 20:00:00+00:00,426.97,429.1,425.46,428.15,5193430.0,427.198,44127.0
2026-02-12 14:30:00+00:00,430.32,436.12,424.58,425.14,16121438.0,430.204,118274.0
2026-02-12 16:00:00+00:00,425.16,425.59,414.0,415.28,23348693.0,418.276,188669.0
2026-02-12 20:00:00+00:00,415.28,417.42,414.53,416.84,6092775.0,416.02,53319.0
2026-02-13 14:30:00+00:00,414.12,418.2,410.88,415.26,14156939.0,414.644,106917.0
2026-02-13 16:00:00+00:00,415.31,424.06,414.72,419.65,19883811.0,419.976,148099.0
2026-02-13 20:00:00+00:00,419.66,420.17,416.52,417.48,5813829.0,418.021,46564.0
2026-02-17 14:30:00+00:00,412.36,413.72,400.51,404.6,17942662.0,405.117,143184.0
2026-02-17 16:00:00+00:00,404.54,413.17,403.42,410.91,23752034.0,408.374,169519.0
2026-02-17 20:00:00+00:00,410.84,411.89,409.6,410.67,5550913.0,410.45,46879.0
2026-02-18 14:30:00+00:00,411.11,415.67,409.58,415.21,13404337.0,413.063,98097.0
2026-02-18 16:00:00+00:00,415.23,416.9,409.9,410.44,17613646.0,414.188,126364.0
2026-02-18 20:00:00+00:00,410.47,412.13,410.01,411.17,5529752.0,411.166,42382.0
2026-02-19 14:30:00+00:00,407.23,412.97,404.11,412.89,13987341.0,408.567,101959.0
2026-02-19 16:00:00+00:00,412.93,415.25,408.52,409.99,21626371.0,411.636,148154.0
2026-02-19 20:00:00+00:00,409.93,411.9,409.76,411.72,4735704.0,410.871,37716.0
2026-02-20 14:30:00+00:00,408.3,413.6,405.5,413.36,15824462.0,409.902,108592.0
2026-02-20 16:00:00+00:00,413.34,414.7,405.89,409.79,23333373.0,410.438,164380.0
2026-02-20 20:00:00+00:00,409.8,412.24,409.52,411.71,5234073.0,410.863,45116.0
2026-02-23 14:30:00+00:00,407.29,407.7,400.64,400.91,15834340.0,403.594,125907.0
2026-02-23 16:00:00+00:00,400.93,401.39,394.04,395.34,26299314.0,396.704,217887.0
2026-02-23 20:00:00+00:00,395.34,400.0,394.42,399.84,10061456.0,396.906,80497.0
2026-02-24 14:30:00+00:00,399.52,407.71,397.64,404.64,16438824.0,403.608,131326.0
2026-02-24 16:00:00+00:00,404.64,409.65,402.26,408.7,20329966.0,405.747,159621.0
2026-02-24 20:00:00+00:00,408.73,410.82,408.02,409.36,6907435.0,409.494,59606.0
2026-02-25 14:30:00+00:00,412.2,420.34,412.15,415.4,17121440.0,416.105,132841.0
2026-02-25 16:00:00+00:00,415.4,416.92,413.16,415.93,18171288.0,415.089,139659.0
2026-02-25 20:00:00+00:00,415.93,417.64,414.85,417.39,6798013.0,416.292,55757.0
2026-02-26 14:30:00+00:00,414.42,416.81,404.83,409.29,17287066.0,410.303,136113.0
2026-02-26 16:00:00+00:00,409.27,410.3,403.66,407.6,20593382.0,406.718,159469.0
2026-02-26 20:00:00+00:00,407.6,409.2,407.12,408.48,5101780.0,408.33,41311.0
2026-02-27 14:30:00+00:00,402.99,407.12,400.9,403.17,12784211.0,404.361,93452.0
2026-02-27 16:00:00+00:00,403.17,403.86,398.11,398.87,20379407.0,400.731,150021.0
2026-02-27 20:00:00+00:00,398.87,403.66,398.75,402.42,7897624.0,401.043,73217.0
2026-03-02 14:30:00+00:00,390.42,402.65,388.25,402.02,15619532.0,396.678,116160.0
2026-03-02 16:00:00+00:00,401.98,404.54,399.74,402.45,19088160.0,402.16,149380.0
2026-03-02 20:00:00+00:00,402.43,403.49,398.91,403.24,7484579.0,401.341,68296.0
2026-03-03 14:30:00+00:00,395.16,396.34,385.39,387.51,17863516.0,390.151,144628.0
2026-03-03 16:00:00+00:00,387.52,394.77,387.24,393.49,22321382.0,391.98,181198.0
2026-03-03 20:00:00+00:00,393.49,394.45,391.61,392.36,5808249.0,392.667,55254.0
2026-03-04 14:30:00+00:00,397.85,407.86,394.58,405.13,20962446.0,402.376,165892.0
2026-03-04 16:00:00+00:00,405.15,407.15,401.43,405.43,21592589.0,404.901,177949.0
2026-03-04 20:00:00+00:00,405.42,408.33,404.75,406.07,8339124.0,406.571,74626.0
2026-03-05 14:30:00+00:00,401.57,407.38,400.3,406.0,14259343.0,404.686,109060.0
2026-03-05 16:00:00+00:00,405.97,408.62,399.42,400.46,20185143.0,403.271,156684.0
2026-03-05 20:00:00+00:00,400.44,405.89,400.28,405.4,6845635.0,403.711,63361.0
2026-03-06 14:30:00+00:00,398.09,399.12,394.21,398.4,18250143.0,396.763,149720.0
2026-03-06 16:00:00+00:00,398.37,402.35,397.14,400.05,23444172.0,399.366,192482.0
2026-03-06 20:00:00+00:00,400.02,400.83,396.19,396.56,7285629.0,397.77,64972.0
2026-03-09 13:30:00+00:00,390.05,392.99,381.4,389.56,25080074.0,386.158,208247.0
2026-03-09 16:00:00+00:00,389.58,401.59,388.2,398.64,25930311.0,393.432,225301.0
2026-03-10 13:30:00+00:00,402.22,406.59,400.85,402.65,24796677.0,403.532,208189.0
2026-03-10 16:00:00+00:00,402.62,404.19,398.19,399.24,23312522.0,401.319,197247.0
2026-03-11 13:30:00+00:00,402.12,416.38,402.12,406.86,29240387.0,410.324,232880.0
2026-03-11 16:00:00+00:00,406.86,408.66,403.95,407.86,19890869.0,406.622,156112.0
2026-03-12 13:30:00+00:00,405.18,406.5,394.65,398.27,24915056.0,399.486,193048.0
2026-03-12 16:00:00+00:00,398.32,401.05,394.98,395.0,23023152.0,398.164,176515.0
2026-03-13 13:30:00+00:00,399.05,400.2,392.22,393.48,22428143.0,395.762,167412.0
2026-03-13 16:00:00+00:00,393.45,395.96,390.0,391.17,23431885.0,393.179,170596.0
2026-03-16 13:30:00+00:00,396.22,403.73,394.97,398.33,22956875.0,400.486,177703.0
2026-03-16 16:00:00+00:00,398.31,399.25,394.42,395.51,21353875.0,397.097,159914.0
2026-03-17 13:30:00+00:00,395.69,400.11,393.0,397.11,19990607.0,397.35,144692.0
2026-03-17 16:00:00+00:00,397.13,399.64,395.9,399.22,17117284.0,398.048,121230.0
2026-03-18 13:30:00+00:00,399.0,403.06,397.34,398.21,19672633.0,399.677,141155.0
2026-03-18 16:00:00+00:00,398.21,398.66,392.31,392.85,20110210.0,396.079,146248.0
2026-03-19 13:30:00+00:00,387.27,387.27,379.72,382.2,25373331.0,382.213,215908.0
2026-03-19 16:00:00+00:00,382.18,384.95,378.73,380.24,24460736.0,381.756,209455.0
2026-03-20 13:30:00+00:00,379.85,379.87,369.9,375.78,24193423.0,373.486,192001.0
2026-03-20 16:00:00+00:00,375.77,376.96,364.46,367.96,28198663.0,370.254,218607.0
2026-03-23 13:30:00+00:00,373.17,385.33,372.73,378.19,29779212.0,381.439,240385.0
2026-03-23 16:00:00+00:00,378.2,382.25,376.47,380.85,23456095.0,379.796,197091.0
2026-03-24 13:30:00+00:00,376.76,387.48,376.3,382.52,25062509.0,384.099,189695.0
2026-03-24 16:00:00+00:00,382.48,386.45,379.68,383.11,21892172.0,383.038,164962.0
2026-03-25 13:30:00+00:00,390.01,396.23,388.27,388.87,23336656.0,392.507,183365.0
2026-03-25 16:00:00+00:00,388.86,390.16,385.01,385.94,20444364.0,387.596,160700.0
2026-03-26 13:30:00+00:00,381.6,384.44,377.98,379.75,18989980.0,381.383,137521.0
2026-03-26 16:00:00+00:00,379.73,379.86,371.87,372.24,22204738.0,375.297,168789.0
2026-03-27 13:30:00+00:00,369.8,369.86,361.37,366.84,22306766.0,365.056,167928.0
2026-03-27 16:00:00+00:00,366.87,366.97,359.47,361.76,24836633.0,361.947,188658.0
2026-03-30 13:30:00+00:00,365.86,367.29,360.71,363.16,21277951.0,363.563,166025.0
2026-03-30 16:00:00+00:00,363.13,363.44,352.14,355.28,26639895.0,356.711,219022.0
2026-03-31 13:30:00+00:00,361.51,366.1,361.0,362.53,23201594.0,364.031,179776.0
2026-03-31 16:00:00+00:00,362.52,373.33,362.38,371.75,28461607.0,370.422,242741.0
2026-04-01 13:30:00+00:00,378.69,383.14,374.08,382.35,23033656.0,378.432,180487.0
2026-04-01 16:00:00+00:00,382.34,382.73,377.02,381.32,20461402.0,380.296,158609.0
2026-04-02 13:30:00+00:00,364.19,370.28,363.65,365.44,28781602.0,366.693,224475.0
2026-04-02 16:00:00+00:00,365.45,366.46,359.03,360.56,31713996.0,361.774,247644.0
2026-04-06 13:30:00+00:00,362.49,367.72,352.15,354.38,27079378.0,358.665,200176.0
2026-04-06 16:00:00+00:00,354.38,354.4,346.64,352.79,34381327.0,350.391,245479.0
2026-04-07 13:30:00+00:00,346.27,348.02,337.24,339.51,28968248.0,341.599,212695.0
2026-04-07 16:00:00+00:00,339.52,346.75,339.18,346.61,24656642.0,342.382,179419.0
2026-04-08 13:30:00+00:00,363.79,364.5,345.21,348.08,30943632.0,351.11,233826.0
2026-04-08 16:00:00+00:00,348.08,349.24,339.67,343.24,28533353.0,344.675,219734.0
2026-04-09 13:30:00+00:00,343.1,345.84,337.25,345.07,25483246.0,341.296,182092.0
2026-04-09 16:00:00+00:00,345.07,348.88,344.49,345.59,23012668.0,346.588,166598.0
2026-04-10 13:30:00+00:00,346.21,350.36,343.36,343.98,20290561.0,346.415,149021.0
2026-04-10 16:00:00+00:00,344.0,349.0,342.74,348.9,19286650.0,345.607,138584.0
2026-04-13 13:30:00+00:00,350.06,356.35,348.57,350.9,21852320.0,351.676,158578.0
2026-04-13 16:00:00+00:00,350.9,354.7,350.26,352.41,19909213.0,352.361,148510.0
2026-04-14 13:30:00+00:00,357.66,366.13,354.98,365.6,24025380.0,361.291,177645.0
2026-04-14 16:00:00+00:00,365.6,367.63,362.54,364.16,20144834.0,365.021,149830.0
2026-04-15 13:30:00+00:00,366.75,394.13,362.5,391.85,47363996.0,380.288,344813.0
2026-04-15 16:00:00+00:00,391.88,394.65,386.1,392.1,42199195.0,390.432,326721.0
2026-04-16 13:30:00+00:00,393.81,394.06,381.8,389.79,29686019.0,386.59,215069.0
2026-04-16 16:00:00+00:00,389.81,390.68,385.2,388.79,19622006.0,388.297,146619.0
2026-04-17 13:30:00+00:00,395.92,409.28,391.65,406.18,39134721.0,400.942,287145.0
2026-04-17 16:00:00+00:00,406.23,408.38,399.45,400.66,29562155.0,402.969,225464.0
2026-04-20 13:30:00+00:00,402.58,406.8,388.33,390.68,30746738.0,394.828,238561.0
2026-04-20 16:00:00+00:00,390.72,393.52,390.34,392.46,20095185.0,392.263,159775.0
2026-04-21 13:30:00+00:00,393.0,393.95,387.68,389.64,20509276.0,391.219,150815.0
2026-04-21 16:00:00+00:00,389.74,390.6,385.22,386.43,19775289.0,388.19,148404.0
2026-04-22 13:30:00+00:00,387.57,393.01,385.3,390.91,18546034.0,390.519,138179.0
2026-04-22 16:00:00+00:00,390.85,391.42,386.81,387.2,19339074.0,389.033,156456.0
2026-04-23 13:30:00+00:00,375.28,386.0,368.39,380.82,41411020.0,375.894,316666.0
2026-04-23 16:00:00+00:00,380.84,380.95,369.76,373.62,28781686.0,374.899,217419.0
2026-04-24 13:30:00+00:00,373.55,382.76,370.73,374.45,26657951.0,376.469,212341.0
2026-04-24 16:00:00+00:00,374.48,377.84,372.35,376.16,18729651.0,375.626,152096.0
2026-04-27 13:30:00+00:00,372.09,372.32,364.02,368.25,24863557.0,366.939,192414.0
2026-04-27 16:00:00+00:00,368.23,380.78,367.85,378.7,28254739.0,376.35,217862.0
2026-04-28 13:30:00+00:00,374.85,382.29,372.55,375.3,24335173.0,377.213,187756.0
2026-04-28 16:00:00+00:00,375.33,378.71,374.54,375.95,14382485.0,376.488,121997.0
2026-04-29 13:30:00+00:00,375.41,376.4,370.04,370.82,19406797.0,373.094,154575.0
2026-04-29 16:00:00+00:00,370.86,374.82,370.46,372.8,15812382.0,372.477,127712.0
2026-04-30 13:30:00+00:00,372.65,379.79,368.17,378.07,19514835.0,373.419,151130.0
2026-04-30 16:00:00+00:00,378.07,384.75,376.67,381.54,18750083.0,380.772,158342.0
2026-05-01 13:30:00+00:00,382.39,396.5,378.8,394.47,28223575.0,388.385,219509.0
2026-05-01 16:00:00+00:00,394.44,397.83,390.15,390.73,24045670.0,394.598,203664.0
2026-05-04 13:30:00+00:00,390.23,394.64,385.23,387.17,20534012.0,390.312,161753.0
2026-05-04 16:00:00+00:00,387.12,394.26,384.98,392.58,18440917.0,391.368,146336.0
2026-05-05 13:30:00+00:00,395.19,402.12,391.53,393.02,22517772.0,396.462,174615.0
2026-05-05 16:00:00+00:00,393.04,394.25,389.0,389.35,13604174.0,391.598,111569.0
2026-05-06 13:30:00+00:00,386.01,395.4,384.02,394.64,17032178.0,391.387,139123.0
2026-05-06 16:00:00+00:00,394.6,401.68,394.1,398.52,21533386.0,398.698,180394.0
2026-05-07 13:30:00+00:00,407.48,415.83,406.91,407.4,26051064.0,411.302,202606.0
2026-05-07 16:00:00+00:00,407.4,411.93,402.12,411.85,20541808.0,406.823,170421.0
2026-05-08 13:30:00+00:00,416.48,431.2,416.39,428.88,29791062.0,425.763,241984.0
2026-05-08 16:00:00+00:00,428.84,429.54,424.37,428.32,17781344.0,427.262,165984.0
2026-05-11 13:30:00+00:00,422.15,441.65,416.8,437.63,30244784.0,427.41,234721.0
2026-05-11 16:00:00+00:00,437.6,449.16,436.26,445.04,29837504.0,443.337,243924.0
2026-05-12 13:30:00+00:00,441.4,447.8,424.6,425.13,25057771.0,435.69,199946.0
2026-05-12 16:00:00+00:00,425.13,435.79,422.26,433.45,21377326.0,429.02,183344.0
2026-05-13 13:30:00+00:00,436.6,453.4,430.21,447.17,30084326.0,443.978,232521.0
2026-05-13 16:00:00+00:00,447.13,452.3,443.5,445.17,21415130.0,447.961,176757.0
2026-05-14 13:30:00+00:00,446.49,450.11,441.16,448.71,19440256.0,445.167,151334.0
2026-05-14 16:00:00+00:00,448.71,451.98,442.53,443.18,15751340.0,446.405,123741.0
2026-05-15 13:30:00+00:00,433.98,434.66,423.88,425.04,20146880.0,427.504,161298.0
2026-05-15 16:00:00+00:00,425.03,429.37,422.0,422.21,18168395.0,425.317,159189.0
2026-05-18 13:30:00+00:00,419.27,421.13,407.86,412.12,20569636.0,413.434,169922.0
2026-05-18 16:00:00+00:00,412.18,414.58,405.33,410.07,18402931.0,409.344,159773.0
2026-05-19 13:30:00+00:00,403.26,404.75,393.63,397.35,18997460.0,398.502,153499.0
2026-05-19 16:00:00+00:00,397.35,405.63,396.01,404.21,16158297.0,402.237,137176.0
2026-05-20 13:30:00+00:00,407.6,413.9,406.39,412.6,17713564.0,410.524,144153.0
2026-05-20 16:00:00+00:00,412.59,417.46,411.06,417.26,13674376.0,413.885,120965.0
2026-05-21 13:30:00+00:00,422.35,426.95,412.9,417.32,17432742.0,418.528,138934.0
2026-05-21 16:00:00+00:00,417.35,423.45,416.18,417.83,14559450.0,419.515,119153.0
2026-05-22 13:30:00+00:00,422.67,430.83,420.51,429.1,19591112.0,426.157,153920.0
2026-05-22 16:00:00+00:00,429.04,431.51,423.87,425.95,16747394.0,428.041,140777.0
2026-05-26 13:30:00+00:00,430.22,434.56,426.12,428.52,18871772.0,430.576,150006.0
2026-05-26 16:00:00+00:00,428.62,435.2,427.52,433.53,15630804.0,431.92,132670.0
2026-05-27 13:30:00+00:00,442.89,445.6,435.52,440.73,20244962.0,440.964,167104.0
2026-05-27 16:00:00+00:00,440.73,443.0,438.21,440.29,12472226.0,440.681,111394.0
2026-05-28 13:30:00+00:00,437.62,443.14,436.3,441.49,13894648.0,439.92,109346.0
2026-05-28 16:00:00+00:00,441.45,443.96,440.7,442.1,9883945.0,442.128,86421.0
2026-05-29 13:30:00+00:00,439.85,440.69,428.14,434.78,17433274.0,433.764,138959.0
2026-05-29 16:00:00+00:00,434.79,441.07,434.04,435.53,15823391.0,437.056,131426.0
2026-06-01 13:30:00+00:00,427.41,429.6,418.65,421.03,16437700.0,422.749,142822.0
2026-06-01 16:00:00+00:00,421.03,422.07,415.43,415.71,15478610.0,418.982,138428.0
2026-06-02 13:30:00+00:00,418.22,423.47,413.65,421.85,15341514.0,419.093,122890.0
2026-06-02 16:00:00+00:00,421.85,424.42,419.8,423.74,10982365.0,421.948,92118.0
2026-06-03 13:30:00+00:00,418.7,433.6,416.0,423.61,19924498.0,427.223,168189.0
2026-06-03 16:00:00+00:00,423.64,424.92,418.55,423.76,14983501.0,422.39,128858.0
2026-06-04 13:30:00+00:00,419.82,426.35,417.16,418.77,15167076.0,421.183,121676.0
2026-06-04 16:00:00+00:00,418.77,421.27,417.5,418.49,10241589.0,419.349,92048.0
2026-06-05 13:30:00+00:00,420.49,424.68,400.43,401.36,19803804.0,408.997,170980.0
2026-06-05 16:00:00+00:00,401.37,401.48,388.59,390.81,25341939.0,394.134,235455.0
2026-06-08 13:30:00+00:00,396.33,404.42,394.72,402.16,15848220.0,401.058,135469.0
2026-06-08 16:00:00+00:00,402.1,412.94,401.71,409.05,20277245.0,408.896,184210.0
2026-06-09 13:30:00+00:00,411.0,418.5,391.75,392.17,21169140.0,405.57,175244.0
2026-06-09 16:00:00+00:00,392.21,397.68,384.24,396.53,23661606.0,392.497,213944.0
2026-06-10 13:30:00+00:00,391.54,397.09,382.72,386.4,19796821.0,389.208,178590.0
2026-06-10 16:00:00+00:00,386.45,386.75,380.15,381.59,16381675.0,383.193,145727.0
2026-06-11 13:30:00+00:00,388.28,390.33,380.66,386.32,14514684.0,385.988,113947.0
2026-06-11 16:00:00+00:00,386.39,399.54,383.51,399.0,17375492.0,392.704,149309.0
2026-06-12 13:30:00+00:00,399.34,404.3,388.59,389.31,21906978.0,396.731,184853.0
2026-06-12 16:00:00+00:00,389.31,406.68,386.76,406.46,26757084.0,399.51,238504.0
2026-06-15 13:30:00+00:00,412.01,416.0,407.1,408.87,16955388.0,410.739,136225.0
2026-06-15 16:00:00+00:00,408.92,412.21,407.86,411.22,16319460.0,410.094,136797.0
2026-06-16 13:30:00+00:00,404.2,412.42,400.54,405.96,19382740.0,406.323,155733.0
2026-06-16 16:00:00+00:00,405.91,407.5,403.05,404.67,10906522.0,405.245,95488.0
2026-06-17 13:30:00+00:00,401.53,403.54,397.6,400.98,13418984.0,400.04,109650.0
2026-06-17 16:00:00+00:00,400.99,405.94,393.76,396.23,18532183.0,400.84,165014.0
2026-06-18 13:30:00+00:00,398.15,399.0,384.7,390.95,19445797.0,390.55,140827.0
2026-06-18 16:00:00+00:00,390.94,402.52,390.52,400.46,17966605.0,395.945,165929.0
2026-06-22 13:30:00+00:00,394.85,414.75,394.41,407.92,21420901.0,407.251,176356.0
2026-06-22 16:00:00+00:00,407.88,409.59,403.14,405.04,13109642.0,406.861,122612.0
2026-06-23 13:30:00+00:00,392.56,392.87,382.05,383.37,16928425.0,387.158,138678.0
2026-06-23 16:00:00+00:00,383.39,385.83,379.06,381.6,16902963.0,382.559,149684.0
2026-06-24 13:30:00+00:00,380.08,384.58,378.6,380.52,11038529.0,382.179,84900.0
2026-06-24 16:00:00+00:00,380.49,381.94,373.05,375.36,14127936.0,376.455,127519.0
2026-06-25 13:30:00+00:00,375.54,379.12,371.22,375.57,11094484.0,375.203,89648.0
2026-06-25 16:00:00+00:00,375.63,376.65,372.03,375.12,9226447.0,374.091,83483.0
2026-06-26 13:30:00+00:00,370.15,387.8,368.6,384.95,16246904.0,378.514,128664.0
2026-06-26 16:00:00+00:00,384.95,387.38,378.54,379.19,17052451.0,382.662,144564.0
2026-06-29 13:30:00+00:00,381.85,400.84,379.3,400.56,19476118.0,393.57,162487.0
2026-06-29 16:00:00+00:00,400.65,413.27,400.6,411.79,23804774.0,408.48,223642.0
2026-06-30 13:30:00+00:00,406.0,418.0,406.0,415.71,14478063.0,413.7,119789.0
2026-06-30 16:00:00+00:00,415.75,424.54,415.14,420.3,16068869.0,420.195,144768.0
2026-07-01 13:30:00+00:00,421.47,432.86,418.09,428.41,16359339.0,426.594,140421.0
2026-07-01 16:00:00+00:00,428.41,428.75,423.68,425.34,13233076.0,426.105,123812.0
2026-07-02 13:30:00+00:00,428.15,432.35,394.25,398.41,30481079.0,405.577,255175.0
2026-07-02 16:00:00+00:00,398.48,398.69,389.3,392.82,23104859.0,392.322,213167.0
2026-07-06 13:30:00+00:00,397.74,414.64,390.5,414.14,18551390.0,404.378,153491.0
2026-07-06 16:00:00+00:00,414.18,420.0,413.93,419.77,20923063.0,417.12,191540.0
2026-07-07 13:30:00+00:00,416.9,419.56,404.45,407.15,14416640.0,410.608,121452.0
2026-07-07 16:00:00+00:00,407.16,410.1,401.88,402.88,12698155.0,405.574,119233.0
2026-07-08 13:30:00+00:00,399.31,399.63,391.0,392.9,13258698.0,394.636,117250.0
2026-07-08 16:00:00+00:00,392.9,396.07,390.51,393.92,11806977.0,393.219,112830.0
2026-07-09 13:30:00+00:00,393.99,400.46,390.86,399.42,11637934.0,395.29,90446.0
2026-07-09 16:00:00+00:00,399.42,407.86,398.04,406.54,15547297.0,404.147,132913.0
2026-07-10 13:30:00+00:00,410.59,412.58,402.81,409.43,13262204.0,408.629,110381.0
2026-07-10 16:00:00+00:00,409.43,413.16,407.17,407.68,12892261.0,409.874,116651.0
2026-07-13 13:30:00+00:00,404.67,405.6,392.74,395.58,12511761.0,396.804,107386.0
2026-07-13 16:00:00+00:00,395.51,396.07,391.37,394.81,11722160.0,393.394,110019.0
2026-07-14 13:30:00+00:00,399.16,402.22,395.2,396.62,9545232.0,398.396,75979.0
2026-07-14 16:00:00+00:00,396.61,398.17,394.76,396.06,7289284.0,396.291,65311.0
2026-07-15 13:30:00+00:00,399.48,406.59,393.23,395.23,12305955.0,399.145,103689.0
2026-07-15 16:00:00+00:00,395.17,399.36,390.66,394.31,11582096.0,395.202,104454.0
2026-07-16 13:30:00+00:00,392.35,395.31,385.32,392.7,11994381.0,390.988,100631.0
2026-07-16 16:00:00+00:00,392.7,392.76,386.86,391.17,9744951.0,389.598,92586.0
2026-07-17 13:30:00+00:00,382.16,383.25,377.22,382.46,12413116.0,380.585,95777.0
2026-07-17 16:00:00+00:00,382.49,385.69,380.58,380.84,9822604.0,382.684,93511.0
2026-07-20 13:30:00+00:00,386.05,386.61,371.64,374.0,12340731.0,376.294,102823.0
2026-07-20 16:00:00+00:00,374.0,377.0,369.42,369.59,13261362.0,372.299,120304.0
2026-07-21 13:30:00+00:00,371.34,384.07,369.98,381.09,13690863.0,379.404,114351.0
2026-07-21 16:00:00+00:00,381.09,382.05,376.7,378.89,8254457.0,379.54,75324.0
2026-07-22 13:30:00+00:00,375.68,380.17,374.93,378.24,7683430.0,377.924,66512.0
2026-07-22 16:00:00+00:00,378.22,378.65,372.9,374.05,8607989.0,375.773,81990.0
2026-07-23 13:30:00+00:00,341.38,341.86,318.55,324.6,44753287.0,327.271,379364.0
2026-07-23 16:00:00+00:00,324.6,326.36,315.73,319.42,34376755.0,321.274,314444.0
2026-07-24 13:30:00+00:00,320.85,322.96,308.31,310.89,25256529.0,313.579,199770.0
2026-07-24 16:00:00+00:00,310.93,313.24,306.51,313.0,21387098.0,309.633,193127.0
2026-07-27 13:30:00+00:00,313.36,317.0,304.28,308.74,17185578.0,309.658,142428.0
2026-07-27 16:00:00+00:00,308.77,310.46,305.44,309.24,13786811.0,307.919,123473.0
2026-07-28 13:30:00+00:00,305.93,309.74,300.69,309.72,15930532.0,304.373,135404.0
2026-07-28 16:00:00+00:00,309.72,311.16,305.04,307.48,12481738.0,306.993,114591.0
2026-07-29 13:30:00+00:00,307.14,309.06,300.57,301.47,11339588.0,304.073,92315.0
2026-07-29 16:00:00+00:00,301.47,307.99,297.38,298.35,17149951.0,301.902,151788.0
2026-07-30 13:30:00+00:00,302.71,309.12,301.33,305.24,15234355.0,305.858,119877.0
2026-07-30 16:00:00+00:00,305.27,310.87,304.52,308.87,11671051.0,307.956,107496.0
2026-07-31 13:30:00+00:00,309.51,315.5,301.97,307.56,15186272.0,307.287,122241.0
2026-07-31 16:00:00+00:00,307.56,313.22,307.31,311.11,11058107.0,310.538,100698.0
2026-08-03 13:30:00+00:00,310.93,324.2,310.61,323.38,14761058.0,319.428,118797.0
2026-08-03 16:00:00+00:00,323.4,324.65,318.0,322.1,12760929.0,322.155,117264.0
2026-08-04 13:30:00+00:00,324.0,326.9,320.79,324.2,11058513.0,323.695,90271.0
2026-08-04 13:30:00-04:00,327.0450134277344,329.57000732421875,325.04998779296875,327.4200134277344,9564677.0,,
2026-08-04 16:00:00+00:00,324.22,329.57,324.2,327.38,11616721.0,326.992,102671.0
2026-08-05 09:30:00-04:00,323.6499938964844,327.1400146484375,320.42999267578125,323.02850341796875,15687303.0,,
2026-08-05 13:30:00-04:00,322.9800109863281,323.6000061035156,320.2799987792969,321.4599914550781,8836230.0,,
2026-08-06 09:30:00-04:00,317.04998779296875,323.0,315.5205078125,317.9100036621094,16093985.0,,
2026-08-06 13:30:00-04:00,317.9049987792969,320.1400146484375,317.260009765625,319.6199951171875,6998802.0,,
2026-08-07 09:30:00-04:00,322.3349914550781,333.7298889160156,321.25079345703125,326.989990234375,26530455.0,,
2026-08-07 13:30:00-04:00,326.9800109863281,329.20001220703125,326.7200927734375,328.5849914550781,9203387.0,,
2026-08-10 09:30:00-04:00,326.6449890136719,332.04998779296875,326.1499938964844,329.0299987792969,16409292.0,,
2026-08-10 13:30:00-04:00,329.04998779296875,331.25,328.3500061035156,330.8529968261719,6462479.0,,
2026-08-11 09:30:00-04:00,332.989990234375,333.79998779296875,329.5299987792969,331.7449951171875,3713263.0,,
2026-08-11 13:30:00-04:00,331.8599853515625,333.0347900390625,330.4100036621094,332.7699890136719,4929764.0,,
2026-08-12 09:30:00-04:00,335.0,335.5,323.6400146484375,326.2900085449219,106084882.0,,
2026-08-12 13:30:00-04:00,326.2950134277344,327.94000244140625,325.5799865722656,327.45001220703125,47147451.0,,
2026-08-13 09:30:00-04:00,327.3299865722656,337.07000732421875,325.239990234375,336.35009765625,81347762.0,,
2026-08-13 13:30:00-04:00,336.3500061035156,341.6400146484375,335.76031494140625,340.07000732421875,12506088.0,,
2026-08-14 09:30:00-04:00,342.3299865722656,351.260009765625,335.3305969238281,339.31500244140625,32188687.0,,
2026-08-14 13:30:00-04:00,339.3299865722656,343.5799865722656,339.3099975585937,342.32000732421875,10815452.0,,
2026-08-17 09:30:00-04:00,340.69000244140625,343.1000061035156,337.489990234375,339.0419921875,14325243.0,,
2026-08-17 13:30:00-04:00,339.0599975585937,345.45001220703125,337.5,339.3399963378906,9069355.0,,
2026-08-18 09:30:00-04:00,333.1820068359375,340.5299987792969,331.1199951171875,336.9549865722656,106845860.0,,
2026-08-18 13:30:00-04:00,336.9100036621094,337.6300048828125,335.1700134277344,336.885009765625,26505598.0,,
2026-08-19 09:30:00-04:00,338.9049987792969,349.19000244140625,335.70001220703125,346.885009765625,90922852.0,,
2026-08-19 13:30:00-04:00,346.9200134277344,351.6199951171875,346.0899963378906,351.110107421875,10330208.0,,
2026-08-20 09:30:00-04:00,345.8900146484375,347.489990234375,338.9599914550781,342.3699951171875,114484317.0,,
2026-08-20 13:30:00-04:00,342.3800048828125,345.3599853515625,341.5203857421875,345.2799987792969,6550867.0,,
2026-08-21 09:30:00-04:00,349.7550048828125,364.989990234375,346.8999938964844,363.5599060058594,39336314.0,,
2026-08-21 13:30:00-04:00,363.6199951171875,366.5,361.6199951171875,362.8800048828125,15160394.0,,
2026-08-24 09:30:00-04:00,361.75,363.239990234375,351.5799865722656,356.5799865722656,138314183.0,,
2026-08-24 13:30:00-04:00,356.5799865722656,356.7900085449219,348.260009765625,348.94000244140625,36385845.0,,
2026-08-25 09:30:00-04:00,350.8699951171875,357.0,349.2002868652344,353.5299987792969,105941239.0,,
2026-08-25 13:30:00-04:00,353.5199890136719,353.8500061035156,348.95001220703125,350.1499938964844,6491512.0,,
2026-08-26 09:30:00-04:00,345.25,351.92999267578125,342.5299987792969,346.7900085449219,100158497.0,,
2026-08-26 13:30:00-04:00,346.7900085449219,347.44000244140625,344.44061279296875,345.8800048828125,7265016.0,,
2026-08-27 09:30:00-04:00,346.29998779296875,355.6000061035156,345.45001220703125,354.1650085449219,18738141.0,,
2026-08-27 13:30:00-04:00,354.1650085449219,355.739990234375,353.25,354.5899963378906,7884967.0,,
2026-08-28 09:30:00-04:00,357.0950012207031,358.79998779296875,345.9800109863281,346.19500732421875,71275092.0,,
2026-08-28 13:30:00-04:00,346.2200012207031,349.7799987792969,345.20001220703125,348.760009765625,8408774.0,,
